# Wrong code bindings, keyed source<TAB>row<TAB>symbol<TAB>retail target<TAB>class.
# Shrink-only: written by tools/code_identity_gate.py --write-baseline; lines may be
# deleted by hand once fixed, never added. See tools/allowed_symbols.py for the classes.
# mode: shadow
Code/GameEngine/Source/Common/AptGCRva006E6F80.cpp	?CleanAll@AptGC@@SAXXZ	?ClearTemporaryPool@StringPool@@SAXXZ	0x0070B590	unowned
Code/GameEngine/Source/Common/AptHeroPowerText.cpp	?Rva005B23D7HeroPowersDescription@@YAXPAXHABVAsciiString@@@Z	?Rva005B2376Describe@@YA?AVUnicodeString@@PAXHABVAsciiString@@@Z	0x005B2376	unowned
Code/GameEngine/Source/Common/AptHeroPowerText.cpp	?Rva005B24CDHeroPowerText@@YAXPAXPBDH@Z	?Rva005B2446Describe@@YA?AVUnicodeString@@PAX@Z	0x005B2446	unowned
Code/GameEngine/Source/Common/Audio/BfmeAudioEventOwnerPosition.cpp	?rva002DA1CC@BfmeAudioEventPrefix136@@QAE?AUBfmeEventPositionView@@AA_N@Z	?rva003FA835@Rva003FA835@@QAE?AUBfmeEventPositionView@@XZ	0x003FA835	unowned
Code/GameEngine/Source/Common/Bezier/Rva000059EDBezierSegmentThunk.cpp	?forward@Rva000059EDBezierSegmentThunk@@QBEXMPAUCoord3D@@@Z	?evaluateBezSegmentAtT@BezierSegment@@QBEXMPAUCoord3D@@@Z	0x0010FE6D	unowned
Code/GameEngine/Source/Common/Bfme/Rva00362862Notify.cpp	?rva00362862@Rva00362862Item@@QAEXHH@Z	?rva0036276F@Rva0036276F@@QAEXXZ	0x0036276F	unowned
Code/GameEngine/Source/Common/Bfme/Rva00882140PatchAllModules.cpp	?rva00882140PatchAllModules@@YAPAXPBD0PAX@Z	_Module32First@8	0x00687D92	unowned
Code/GameEngine/Source/Common/Bfme/Rva00882140PatchAllModules.cpp	?rva00882140PatchAllModules@@YAPAXPBD0PAX@Z	_Module32Next@8	0x00687D8C	unowned
Code/GameEngine/Source/Common/Bfme/Rva00889760.cpp	?d_00889760@@YAHPAX00@Z	_d_0088d240	0x0003C550	unowned
Code/GameEngine/Source/Common/Bfme/Rva0094D8B0Reset.cpp	?reset@Rva0094D8B0@@QAE_NXZ	?d_0094d450@@YAXXZ	0x001711A6	unowned
Code/GameEngine/Source/Common/Bfme/T_009F4FB0.cpp	?m@T_009f4fb0@@QAEXPAURva009F5970StateInit@@@Z	?cleanup@Gen_dtor_009f2600@@QAEXXZ	0x00627600	unowned
Code/GameEngine/Source/Common/Bfme5FindAndErase.cpp	?bfmeRemove@Gen_0039BE00@@QAEXH@Z	?bfmeErase@BfmeVecAG@@QAEXPAH@Z	0x001FF51F	wrong
Code/GameEngine/Source/Common/Bfme5MakeFromArgument.cpp	?bfmeMake_009CB5F0@@YAPAVBfmeMade_009CB5F0@@PAX@Z	??0BfmeMade_009CB5F0@@QAE@PAX@Z	0x00602316	unowned
Code/GameEngine/Source/Common/Bfme5SeventySix.cpp	?bfmeDescribe@Gen_006C0A20@@QAEXPAVBfmeFlagTarget@@@Z	?bfmeAccept@BfmeSinkC@@QAEXPAVBfmeFlagTarget@@@Z	0x006C0F50	unowned
Code/GameEngine/Source/Common/BfmeApplierBHRva003C4070.cpp	?rva003C4070@BfmeApplierBH@@QAEXABVAsciiString@@0@Z	?bfmeApplyBH@BfmeApplierBH@@QAE_NPAX0PAVBfmeSubBH@@@Z	0x003C069B	unowned
Code/GameEngine/Source/Common/BfmeApplierBHRva003C4145.cpp	?rva003C4145@BfmeApplierBH@@QAEXPAXABVAsciiString@@1@Z	?bfmeApplyBH@BfmeApplierBH@@QAEXPAX0PAVBfmeSubBH@@@Z	0x003C069B	unowned
Code/GameEngine/Source/Common/BfmeApplierBHRva003C4145.cpp	?rva003C4145@BfmeApplierBH@@QAEXPAXABVAsciiString@@1@Z	?rva0039E5B9@Team@@QAEXPAUCoord3D@@@Z	0x0039E5B9	unowned
Code/GameEngine/Source/Common/BfmeApplierBHRva003C41BA.cpp	?rva003C41BA@BfmeApplierBH@@QAEXPAXABVAsciiString@@0@Z	?bfmeApplyBH@BfmeApplierBH@@QAEXPAX0PAVBfmeSubBH@@@Z	0x003C069B	unowned
Code/GameEngine/Source/Common/BfmeCheckJX.cpp	?bfmeCheckJX@@YAHPAUCodecState@@@Z	?Rva009A86F0Allocate@@YAHPAX@Z	0x001B9140	unowned
Code/GameEngine/Source/Common/BfmeCodecCpuDispatch.cpp	?bfmeInstallCpuDispatchTable@@YAXXZ	?Rva009ACF90@@YAXXZ	0x001BD980	unowned
Code/GameEngine/Source/Common/BfmeCodecCpuDispatch.cpp	?bfmeInstallCpuDispatchTable@@YAXXZ	?Rva009ADD80@@YAXXZ	0x001BE770	unowned
Code/GameEngine/Source/Common/BfmeCodecCpuDispatch.cpp	?bfmeInstallCpuDispatchTable@@YAXXZ	?Rva009AE6A0@@YAXXZ	0x001BF090	unowned
Code/GameEngine/Source/Common/BfmeCodecCpuDispatch.cpp	?bfmeInstallCpuDispatchTable@@YAXXZ	?Rva009B10E0@@YAXXZ	0x001C1AD0	unowned
Code/GameEngine/Source/Common/BfmeCodecCpuDispatch.cpp	?bfmeInstallCpuDispatchTable@@YAXXZ	?Rva009B18D0@@YAXXZ	0x001C22C0	unowned
Code/GameEngine/Source/Common/BfmeCodecCpuDispatch.cpp	?bfmeInstallCpuDispatchTable@@YAXXZ	?Rva009B3710FilterHoriz@@YAXPAXPAEHPBH@Z	0x001C4010	wrong
Code/GameEngine/Source/Common/BfmeCodecCpuDispatch.cpp	?bfmeInstallCpuDispatchTable@@YAXXZ	?Rva009B6D80@@YAXXZ	0x001C7680	unowned
Code/GameEngine/Source/Common/BfmeCodecCpuDispatch.cpp	?bfmeInstallCpuDispatchTable@@YAXXZ	?Rva009BD570@@YAXXZ	0x001CDE70	unowned
Code/GameEngine/Source/Common/BfmeCodecCpuDispatch.cpp	?bfmeInstallCpuDispatchTable@@YAXXZ	?d_009a5f50@@YAXXZ	0x001B69C0	unowned
Code/GameEngine/Source/Common/BfmeCodecCpuDispatch.cpp	?bfmeInstallCpuDispatchTable@@YAXXZ	?d_009b8130@@YAXXZ	0x001C8A30	unowned
Code/GameEngine/Source/Common/BfmeCodecCpuDispatch.cpp	?bfmeInstallCpuDispatchTable@@YAXXZ	?d_009bebb0@@YAXXZ	0x001CF4B0	unowned
Code/GameEngine/Source/Common/BfmeCodecCpuDispatch.cpp	?bfmeInstallCpuDispatchTable@@YAXXZ	?d_009bfa40@@YAXXZ	0x001D0340	unowned
Code/GameEngine/Source/Common/BfmeCodecCpuDispatch.cpp	?bfmeInstallCpuDispatchTable@@YAXXZ	?d_009c0a30@@YAXXZ	0x001D1330	unowned
Code/GameEngine/Source/Common/BfmeConv1024.cpp	?bfmeGo1024E@BfmeE1024@@QAEXXZ	?bfmeReg1024@BfmeP1024@@QAEXPAVBfmeE1024@@@Z	0x00621C60	unowned
Code/GameEngine/Source/Common/BfmeConv1035.cpp	?bfmeGo1035C@@YGXPAVBfmeX1035@@H@Z	?bfmeUse1035@BfmeT1035@@QAEXPAVBfmeX1035@@H@Z	0x002842CD	unowned
Code/GameEngine/Source/Common/BfmeConv1037_bfmeGo1037F_YGXHHH_Z.cpp	?bfmeGo1037F@@YGXHHH@Z	?bfmeDo1037@BfmeG1037@@QAEXHH@Z	0x00496E05	unowned
Code/GameEngine/Source/Common/BfmeConv1050.cpp	?bfmeGo009F26D0@BfmeC1050@@QAEXHHHH@Z	?bfmeFwd1050@BfmeP1050@@QAEXHHHHH@Z	0x00628040	unowned
Code/GameEngine/Source/Common/BfmeConv1050.cpp	?bfmeGo1050C@BfmeC1050@@QAEXHHHHH@Z	?bfmeFwd1050@BfmeP1050@@QAEXHHHHH@Z	0x00628040	unowned
Code/GameEngine/Source/Common/BfmeConv1221.cpp	?bfmeNext1221@@YAIXZ	_bfmeReload1221	0x0070F710	unowned
Code/GameEngine/Source/Common/BfmeConv1292.cpp	??E?$_Ht_iterator@U?$pair@$$CBVAsciiString@@URva004609B0Mapped@@@_STL@@U?$_Nonconst_traits@U?$pair@$$CBVAsciiString@@URva004609B0Mapped@@@_STL@@@2@VAsciiString@@U?$hash@VAsciiString@@@rts@@U?$_Select1st@U?$pair@$$CBVAsciiString@@URva004609B0Mapped@@@_STL@@@2@U?$equal_to@VAsciiString@@@2@V?$allocator@U?$pair@$$CBVAsciiString@@URva004609B0Mapped@@@_STL@@@2@@_STL@@QAE?AU01@H@Z	??E?$_Ht_iterator@U?$pair@$$CBVAsciiString@@URva004609B0Mapped@@@_STL@@U?$_Nonconst_traits@U?$pair@$$CBVAsciiString@@URva004609B0Mapped@@@_STL@@@2@VAsciiString@@U?$hash@VAsciiString@@@rts@@U?$_Select1st@U?$pair@$$CBVAsciiString@@URva004609B0Mapped@@@_STL@@@2@U?$equal_to@VAsciiString@@@2@V?$allocator@U?$pair@$$CBVAsciiString@@URva004609B0Mapped@@@_STL@@@2@@_STL@@QAEAAU01@XZ	0x00411084	wrong
Code/GameEngine/Source/Common/BfmeConv1292.cpp	?bfmeLoadSJA@@YAXPAX0PAD@Z	??E?$_Ht_iterator@U?$pair@$$CBVAsciiString@@URva004609B0Mapped@@@_STL@@U?$_Nonconst_traits@U?$pair@$$CBVAsciiString@@URva004609B0Mapped@@@_STL@@@2@VAsciiString@@U?$hash@VAsciiString@@@rts@@U?$_Select1st@U?$pair@$$CBVAsciiString@@URva004609B0Mapped@@@_STL@@@2@U?$equal_to@VAsciiString@@@2@V?$allocator@U?$pair@$$CBVAsciiString@@URva004609B0Mapped@@@_STL@@@2@@_STL@@QAEAAU01@XZ	0x00411084	wrong
Code/GameEngine/Source/Common/BfmeConv1326.cpp	?bfmeDelTXA@BfmeThingTXA@@QAEPAXE@Z	?bfmeDtorTXA@BfmeThingTXA@@QAEXXZ	0x001767D0	unowned
Code/GameEngine/Source/Common/BfmeConv1341.cpp	?bfmeGoURB@BfmeThingURB@@QAEHXZ	?bfmeBumpURB@BfmeThingURB@@QAEXXZ	0x0061EEC0	unowned
Code/GameEngine/Source/Common/BfmeConv1427.cpp	?bfmeResizeVME@BfmeStrVME@@QAEXID@Z	?bfmeAppendVME@BfmeStrVME@@QAEXID@Z	0x00029380	unowned
Code/GameEngine/Source/Common/BfmeConv1428.cpp	?bfmeFwdVMF@BfmeStrVMF@@QAEXHHHH@Z	?bfmeImplVMF@BfmeStrVMF@@QAEXHHHPAD@Z	0x00028820	unowned
Code/GameEngine/Source/Common/BfmeConv1429.cpp	?bfmeFwdVMG@BfmeStrVMG@@QAEXHHHH@Z	?bfmeImplVMG@BfmeStrVMG@@QAEXHHHPAD@Z	0x000284D0	unowned
Code/GameEngine/Source/Common/BfmeConv1438.cpp	?bfmeFwdVMR@BfmeStrVMR@@QAEXHHH@Z	?bfmeImplVMR@BfmeStrVMR@@QAEXHHH@Z	0x00028820	unowned
Code/GameEngine/Source/Common/BfmeConv1439.cpp	?bfmeFwdVMS@BfmeStrVMS@@QAEXHHH@Z	?bfmeImplVMS@BfmeStrVMS@@QAEXHHH@Z	0x000284D0	unowned
Code/GameEngine/Source/Common/BfmeConv1453.cpp	?bfmeAssignV14@BfmeStrV14@@QAEPAV1@PAD0ID@Z	?bfmeInsertV14@BfmeStrV14@@QAEXPADID@Z	0x00029530	unowned
Code/GameEngine/Source/Common/BfmeConv1456.cpp	?bfmeAssignV16@BfmeStrV16@@QAEPAV1@ID@Z	?bfmeAppendV16@BfmeStrV16@@QAEXID@Z	0x00029380	unowned
Code/GameEngine/Source/Common/BfmeConv1457.cpp	?bfmeResizeV17@BfmeVecV17@@QAEXIH@Z	?bfmeInsertV17@BfmeVecV17@@QAEXPAHI0@Z	0x00029CA0	unowned
Code/GameEngine/Source/Common/BfmeConv1461.cpp	?bfmeInsertV21@BfmeStrV21@@QAEPAV1@IPADI@Z	?bfmeImplV21@BfmeStrV21@@QAEXPAD000@Z	0x00028820	unowned
Code/GameEngine/Source/Common/BfmeConv1462.cpp	?bfmeInsertV22@BfmeStrV22@@QAEPAV1@IPAD@Z	?bfmeImplV22@BfmeStrV22@@QAEXPAD000@Z	0x00028820	unowned
Code/GameEngine/Source/Common/BfmeConv1463.cpp	?bfmeInsertV23@BfmeStrV23@@QAEPAV1@IPAV1@@Z	?bfmeImplV23@BfmeStrV23@@QAEXPAD000@Z	0x000284D0	unowned
Code/GameEngine/Source/Common/BfmeConv1464.cpp	?bfmeReplaceV24@BfmeStrV24@@QAEPAV1@PAD000H@Z	?bfmeImplV24@BfmeStrV24@@QAEXPAD000@Z	0x000284D0	unowned
Code/GameEngine/Source/Common/BfmeConv1485.cpp	?bfmeInsertRangeV43@@YGXHPAVBfmeStrV43@@HH@Z	?bfmeImplV43@BfmeStrV43@@QAEXPAD000@Z	0x000284D0	unowned
Code/GameEngine/Source/Common/BfmeConv1486.cpp	?bfmeReplaceRangeV44@@YGXPAD000H@Z	?bfmeImplV44@BfmeStrV44@@QAEXPAD000@Z	0x00028820	unowned
Code/GameEngine/Source/Common/BfmeConv1707.cpp	?bfmeShutdownFY@BfmeOwnerFY@@QAEXXZ	?bfmeFinishFY@BfmeExtraFY@@QAEXXZ	0x004D4BA7	unowned
Code/GameEngine/Source/Common/BfmeConv1727.cpp	?bfmeEachQR@@YAXPAUBfmeElemQR@@0HPAX@Z	??0BfmeElemQR@@QAE@ABU0@@Z	0x00217624	wrong
Code/GameEngine/Source/Common/BfmeConv1768.cpp	?bfmeMakeCH@BfmeOwnCH@@QAEPAV1@PAX@Z	??0BfmeTmpACH@@QAE@PAX@Z	0x0032D9A4	unowned
Code/GameEngine/Source/Common/BfmeConv1772.cpp	?bfmeGuardedCN@BfmeOwnCN@@QAEDPAVBfmeTargetCN@@PAX@Z	??0BfmeScopeCN@@QAE@PAXPAVBfmeTargetCN@@0@Z	0x0030D849	unowned
Code/GameEngine/Source/Common/BfmeConv1867.cpp	?bfmeCleanupYX@BfmeOwnerYX@@QAEXXZ	?bfmeShutdownYX@BfmeOwnerYX@@QAEXXZ	0x001767D0	unowned
Code/GameEngine/Source/Common/BfmeConv1950.cpp	?bfmeResizeERE@BfmeVecERE@@QAEXIUBfmeItemERE@@@Z	??1BfmeItemERE@@QAE@XZ	0x002154BE	wrong
Code/GameEngine/Source/Common/BfmeConv2133Forward.cpp	?bfmeForward@Gen_001D5EE0Target@@QAEXPAX0@Z	?setSize@Shadow@@QAEXMM@Z	0x0010FD5E	unowned
Code/GameEngine/Source/Common/BfmeConv470.cpp	?bfmeGoBIC@@YGHPAVBfmeSubBIC@@@Z	?bfmeAskBIC@BfmeSubBIC@@QAEHXZ	0x00290FC9	unowned
Code/GameEngine/Source/Common/BfmeConv485.cpp	?bfmeGoBLD@@YGXPAX@Z	?bfmeDoBLD@BfmeSinkBLD@@QAEXPAXH@Z	0x002D4341	unowned
Code/GameEngine/Source/Common/BfmeConv511.cpp	?bfmeGoBQA@BfmeThingBQA@@QAEHXZ	?bfmeStepBQA@BfmeThingBQA@@QAEXXZ	0x00459E05	unowned
Code/GameEngine/Source/Common/BfmeConv521.cpp	?bfmeGoBTA@BfmeThingBTA@@QAEXPBUBfmeVecBTA@@@Z	?bfmeAfterEOC@BfmeThingEOC@@QAEXXZ	0x0030D65B	unowned
Code/GameEngine/Source/Common/BfmeConv597.cpp	?bfmeGoCGD@BfmeThingCGD@@QAEXXZ	?bfmeGlobalCGD@@YAXXZ	0x00759600	unowned
Code/GameEngine/Source/Common/BfmeConv597.cpp	?bfmeGoCGD@BfmeThingCGD@@QAEXXZ	?bfmeTwoCGD@BfmeThingCGD@@QAEXXZ	0x00758DE0	unowned
Code/GameEngine/Source/Common/BfmeConv624.cpp	?bfmeGoCME@BfmeThingCME@@QAEHPAX@Z	?bfmeCallCME@BfmeThingCME@@QAEXPAXMPAUBfmeTempCME@@HH@Z	0x0027DCF2	unowned
Code/GameEngine/Source/Common/BfmeConv624.cpp	?rva0027F108@BfmeThingCME@@QAEHPAXMHH@Z	?bfmeCallCME@BfmeThingCME@@QAEXPAXMPAUBfmeTempCME@@HH@Z	0x0027DCF2	unowned
Code/GameEngine/Source/Common/BfmeConv664.cpp	?bfmeGoDDA@BfmeThingDDA@@QAEHXZ	?bfmeTailDDA@BfmeSubDDA@@QAEHXZ	0x00271898	unowned
Code/GameEngine/Source/Common/BfmeConv665.cpp	?bfmeGoDDB@BfmeThingDDB@@QAEHXZ	?bfmeTailDDB@BfmeSubDDB@@QAEHXZ	0x00271898	unowned
Code/GameEngine/Source/Common/BfmeConv694.cpp	?bfmeGoDGH@@YGXPAX0@Z	?rva002120C2@@YGPAVBfmeSubDGH@@PAX@Z	0x002120C2	unowned
Code/GameEngine/Source/Common/BfmeConv802.cpp	?bfmeGoEBC@BfmeThingEBC@@QAEXPAX@Z	?bfmeCallEBC@BfmeOwnerEBC@@QAEXXZ	0x0046094C	unowned
Code/GameEngine/Source/Common/BfmeConv808.cpp	?bfmeGoEFFa@@YAHPAX@Z	?bfmeTwoEFF@@YAXHPAX@Z	0x003336AD	unowned
Code/GameEngine/Source/Common/BfmeConv808.cpp	?bfmeGoEFFb@@YAHPAX@Z	?bfmeTwoEFFb@@YAXHPAX@Z	0x003336AD	unowned
Code/GameEngine/Source/Common/BfmeConv815.cpp	?isValid@BfmeThingE63@@QAE_NXZ	?checkValid@BfmeItemE63@@QAE_NXZ	0x00397B89	unowned
Code/GameEngine/Source/Common/BfmeConv816O1.cpp	?bfmeGoELB@@YGXH@Z	?bfmeTailELB@BfmeObjELB@@QAEXH@Z	0x0057179D	unowned
Code/GameEngine/Source/Common/BfmeConv824.cpp	?bfmeHandleDeactivation574@@YAXPAX0@Z	?bfmeNotify2_574@@YAHPAX0@Z	0x00333CD1	unowned
Code/GameEngine/Source/Common/BfmeConv831.cpp	?bfmeLinkObjectsA70@@YGXPAX0@Z	?link@BfmeLinkedObj@@QAEXPAV1@H@Z	0x002AEA9F	unowned
Code/GameEngine/Source/Common/BfmeConv888.cpp	?bfmeGoEYE@@YAXPAX@Z	?bfmeRunEYE@BfmeNodeEYE@@QAEXXZ	0x0030DEAE	unowned
Code/GameEngine/Source/Common/BfmeConv888.cpp	?bfmeGoEYF@BfmeThingEYF@@QAE_NPAX0@Z	?bfmeMakeEYF@@YAPAUBfmeNodeEYF@@PAX0@Z	0x0030DC85	unowned
Code/GameEngine/Source/Common/BfmeConv892_Rva004C121B.cpp	?bfmeGoFCB@BfmeThingFCB@@QAEXPAX@Z	?j_00043135@@YAXXZ	0x0028FCD9	unowned
Code/GameEngine/Source/Common/BfmeConv897.cpp	?bfmeGoFHG@@YGXPAX000@Z	?bfmeTailFHG@@YGXPAX0HH@Z	0x001E19E8	unowned
Code/GameEngine/Source/Common/BfmeConv898.cpp	?bfmeGoGE@BfmeThingGE@@QAEXPAUBfmeSubGE@@@Z	?bfmeOneGE@BfmeThingGE@@QAEXPAUBfmeSubGE@@PAH1@Z	0x003B7DAC	unowned
Code/GameEngine/Source/Common/BfmeConv902.cpp	?bfmeDoKA@BfmeItemKA@@QAEXXZ	?rva0025FCE8@BfmeItemKA@@AAEXHHH@Z	0x0025FCE8	unowned
Code/GameEngine/Source/Common/BfmeConv902.cpp	?bfmeDoKA@BfmeItemKA@@QAEXXZ	?rva0025FE30@BfmeItemKA@@AAEXMMMMHH@Z	0x0025FE30	unowned
Code/GameEngine/Source/Common/BfmeConv902.cpp	?bfmeDoKA@BfmeItemKA@@QAEXXZ	?rva002602DA@BfmeItemKA@@AAE_NXZ	0x002602DA	unowned
Code/GameEngine/Source/Common/BfmeConv902.cpp	?bfmeDoKA@BfmeItemKA@@QAEXXZ	?rva002606E6@BfmeItemKA@@AAEXXZ	0x002606E6	unowned
Code/GameEngine/Source/Common/BfmeConv932.cpp	?bfmeGo932E@BfmeThing932E@@QAEXXZ	?bfmeTail932E@BfmeThing932E@@QAEXXZ	0x00347460	unowned
Code/GameEngine/Source/Common/BfmeConv932.cpp	?bfmeGo932E@BfmeThing932E@@QAEXXZ	?bfmeTest932E@BfmeThing932E@@QAEHXZ	0x0034612C	unowned
Code/GameEngine/Source/Common/BfmeConv937.cpp	?bfmeGo937B@BfmeThing937B@@QAEXXZ	?bfmeCall937B@BfmeSub937B@@QAEXPAX@Z	0x00131E6E	unowned
Code/GameEngine/Source/Common/BfmeConv982.cpp	?bfmeGo982C@@YAXPAVBfmeT982@@@Z	?bfmeBegin982C@BfmeHub982@@QAEXXZ	0x00111319	unowned
Code/GameEngine/Source/Common/BfmeConv982.cpp	?bfmeGo982C@@YAXPAVBfmeT982@@@Z	?bfmeEnd982C@BfmeHub982@@QAEXXZ	0x00110611	unowned
Code/GameEngine/Source/Common/BfmeConv982.cpp	?bfmeGo982C@@YAXPAVBfmeT982@@@Z	?bfmeTouch982C@BfmeT982@@QAEXXZ	0x000A9570	unowned
Code/GameEngine/Source/Common/BfmeConv985.cpp	?bfmeGo985C@BfmeC985@@QAEDPAVBfmeArg985@@@Z	?bfmeHas985C@BfmeArg985@@QAEDH@Z	0x002940B9	unowned
Code/GameEngine/Source/Common/BfmeConv986.cpp	?bfmeGo986C@BfmeC986@@QAEXHHHH@Z	?bfmeReady986C@BfmeC986@@QAEDXZ	0x0036E357	unowned
Code/GameEngine/Source/Common/BfmeConv986.cpp	?bfmeGo986C@BfmeC986@@QAEXHHHH@Z	?bfmeSend986C@BfmeC986@@QAEXHHHHH@Z	0x00371166	unowned
Code/GameEngine/Source/Common/BfmeConv986.cpp	?rva003724B8@BfmeC986@@QAEDHHHHH@Z	?bfmeReady986C@BfmeC986@@QAEDXZ	0x0036E357	unowned
Code/GameEngine/Source/Common/BfmeConv986.cpp	?rva003724B8@BfmeC986@@QAEDHHHHH@Z	?bfmeSend986C@BfmeC986@@QAEXHHHHH@Z	0x00371166	unowned
Code/GameEngine/Source/Common/BfmeConv986.cpp	?rva003724B8@BfmeC986@@QAEDHHHHH@Z	?rva0036D3A3@BfmeC986@@QAEDHH@Z	0x0036D3A3	unowned
Code/GameEngine/Source/Common/BfmeConv986.cpp	?rva003724B8@BfmeC986@@QAEDHHHHH@Z	?rva005494A0@BfmeC986@@QAEXHH@Z	0x005494A0	unowned
Code/GameEngine/Source/Common/BfmeConv986.cpp	?rva00372C22@BfmeC986@@QAEXHHHH@Z	?rva00372571@AIGroup@@QAEXPAURva00372571Params@@H@Z	0x00372571	unowned
Code/GameEngine/Source/Common/BfmeConv991.cpp	?bfmeGo991B@@YAXH@Z	?bfmeSet991@BfmeB991@@QAEXH@Z	0x000A6E08	unowned
Code/GameEngine/Source/Common/BfmeDropVGO.cpp	?bfmeDropVGO@@YAXPAX@Z	?teardown@Rva006D0280@@QAEXXZ	0x006D0280	unowned
Code/GameEngine/Source/Common/BfmeGrokGrid.cpp	?walk@BfmeGridWM@@QAEXXZ	?cell@BfmeGridWM@@QAEXHH@Z	0x000ADCE3	unowned
Code/GameEngine/Source/Common/BfmeImageFilter.cpp	?bfmeProbeSse2@@YAHXZ	__except_handler3	0x00628FF0	unowned
Code/GameEngine/Source/Common/BfmeInstallSpreadTable.cpp	?bfmeInstallSpreadTable@@YAXXZ	?Rva009A8110@@YAXXZ	0x001B8B70	unowned
Code/GameEngine/Source/Common/BfmeInstallSpreadTable.cpp	?bfmeInstallSpreadTable@@YAXXZ	?Rva009C2CE0@@YAXXZ	0x001D35E0	unowned
Code/GameEngine/Source/Common/BfmeInstallSpreadTable.cpp	?bfmeInstallSpreadTable@@YAXXZ	?Rva009C3630@@YAXXZ	0x001D3F30	unowned
Code/GameEngine/Source/Common/BfmeInstallSpreadTable.cpp	?bfmeInstallSpreadTable@@YAXXZ	?Rva009C3D50@@YAXXZ	0x001D4650	unowned
Code/GameEngine/Source/Common/BfmeInstallSpreadTable.cpp	?bfmeInstallSpreadTable@@YAXXZ	?Rva009C4450@@YAXXZ	0x001D4D50	unowned
Code/GameEngine/Source/Common/BfmeInstallSpreadTable.cpp	?bfmeInstallSpreadTable@@YAXXZ	?Rva009C5D60@@YAXXZ	0x001D6660	unowned
Code/GameEngine/Source/Common/BfmeInstallSpreadTable.cpp	?bfmeInstallSpreadTable@@YAXXZ	?Rva009C6D20@@YAXXZ	0x001D7620	unowned
Code/GameEngine/Source/Common/BfmeInstallSpreadTable.cpp	?bfmeInstallSpreadTable@@YAXXZ	?Rva009C80C0@@YAXXZ	0x001D89C0	unowned
Code/GameEngine/Source/Common/BfmeInstallSpreadTable.cpp	?bfmeInstallSpreadTable@@YAXXZ	?d_009c74f0@@YAXXZ	0x001D7DF0	unowned
Code/GameEngine/Source/Common/BfmeNamedApplyBH.cpp	?bfmeAddBH@BfmeApplierBH@@QAEXPAXABVAsciiStringBH@@PAVBfmeTargetBH@@@Z	?bfmeApplyBH@BfmeApplierBH@@QAEXPAX0PAVBfmeSubBH@@@Z	0x003C069B	unowned
Code/GameEngine/Source/Common/BfmeOwnerCDECreate.cpp	?rva008fa850@BfmeOwnerCDE@@QAEXPAX@Z	??0BfmeThingCDE@@QAE@PAX00@Z	0x00739E60	unowned
Code/GameEngine/Source/Common/BfmeResultSourceA.cpp	uw_007a7920	??1BfmeResultA@@QAE@XZ	0x0004AA28	wrong
Code/GameEngine/Source/Common/BfmeResultSourceA.cpp	uw_007a7928	??1BfmeResultA@@QAE@XZ	0x0004AA28	wrong
Code/GameEngine/Source/Common/BfmeSJAValueHashErase.cpp	?erase@?$hash_map@VAsciiString@@URva004609B0Mapped@@U?$hash@VAsciiString@@@rts@@U?$equal_to@VAsciiString@@@_STL@@V?$allocator@U?$pair@$$CBVAsciiString@@URva004609B0Mapped@@@_STL@@@6@@_STL@@QAEXU?$_Ht_iterator@U?$pair@$$CBVAsciiString@@URva004609B0Mapped@@@_STL@@U?$_Nonconst_traits@U?$pair@$$CBVAsciiString@@URva004609B0Mapped@@@_STL@@@2@VAsciiString@@U?$hash@VAsciiString@@@rts@@U?$_Select1st@U?$pair@$$CBVAsciiString@@URva004609B0Mapped@@@_STL@@@2@U?$equal_to@VAsciiString@@@2@V?$allocator@U?$pair@$$CBVAsciiString@@URva004609B0Mapped@@@_STL@@@2@@2@@Z	?erase@?$hashtable@U?$pair@$$CBVAsciiString@@URva004609B0Mapped@@@_STL@@VAsciiString@@U?$hash@VAsciiString@@@rts@@U?$_Select1st@U?$pair@$$CBVAsciiString@@URva004609B0Mapped@@@_STL@@@2@U?$equal_to@VAsciiString@@@2@V?$allocator@U?$pair@$$CBVAsciiString@@URva004609B0Mapped@@@_STL@@@2@@_STL@@QAEXABU?$_Ht_iterator@U?$pair@$$CBVAsciiString@@URva004609B0Mapped@@@_STL@@U?$_Const_traits@U?$pair@$$CBVAsciiString@@URva004609B0Mapped@@@_STL@@@2@VAsciiString@@U?$hash@VAsciiString@@@rts@@U?$_Select1st@U?$pair@$$CBVAsciiString@@URva004609B0Mapped@@@_STL@@@2@U?$equal_to@VAsciiString@@@2@V?$allocator@U?$pair@$$CBVAsciiString@@URva004609B0Mapped@@@_STL@@@2@@2@@Z	0x00410AC7	wrong
Code/GameEngine/Source/Common/BfmeStrVM0Dtor.cpp	?rva00049F94@BfmeStrVM0@@QAEXVAsciiString@@@Z	??4AsciiString@@QAEAAV0@ABV0@@Z	0x000366F0	divergent
Code/GameEngine/Source/Common/BfmeStringRecordErase00207F40.cpp	?erase@?$vector@UBfmeStringRecord00204A30@@V?$allocator@UBfmeStringRecord00204A30@@@_STL@@@_STL@@QAEPAUBfmeStringRecord00204A30@@PAU3@0@Z	??$__copy_ptrs@PAUBfmeStringRecord00204A30@@PAU1@@_STL@@YAPAUBfmeStringRecord00204A30@@PAU1@00ABU__false_type@0@@Z	0x00204A13	wrong
Code/GameEngine/Source/Common/BfmeStringRecordErase00357CA2.cpp	?erase@?$vector@UBfmeStringRecord00204A30@@V?$allocator@UBfmeStringRecord00204A30@@@_STL@@@_STL@@QAEPAUBfmeStringRecord00204A30@@PAU3@@Z	??$__copy_ptrs@PAUBfmeStringRecord00204A30@@PAU1@@_STL@@YAPAUBfmeStringRecord00204A30@@PAU1@00ABU__false_type@0@@Z	0x00204A13	wrong
Code/GameEngine/Source/Common/BfmeSubmitColors1283.cpp	?bfmeSubmitColors1283@BfmeSubmitter1283@@QAEXHHHHHHHPBIHHH@Z	?bfmeSubmit1283@BfmeSubmitter1283@@QAEXHHHHHHHPAMHHHH@Z	0x006F8B70	unowned
Code/GameEngine/Source/Common/BfmeThing928FOne.cpp	?bfmeOne928F@BfmeThing928F@@QAEXXZ	??0?$_List_base@PAURva007B4CD0Entry@@V?$allocator@PAURva007B4CD0Entry@@@_STL@@@_STL@@QAE@ABV?$allocator@PAURva007B4CD0Entry@@@1@@Z	0x004EC36C	wrong
Code/GameEngine/Source/Common/BfmeThing928FOne.cpp	?bfmeOne928F@BfmeThing928F@@QAEXXZ	?insert@?$list@PAURva007B4CD0Entry@@V?$allocator@PAURva007B4CD0Entry@@@_STL@@@_STL@@QAE?AU?$_List_iterator@PAURva007B4CD0Entry@@U?$_Nonconst_traits@PAURva007B4CD0Entry@@@_STL@@@2@U32@ABQAURva007B4CD0Entry@@@Z	0x005925E2	wrong
Code/GameEngine/Source/Common/BfmeThingCDEDestructor.cpp	?bfmeCheckABI@BfmeThingCDE@@QAE_NXZ	?d_008f7990@BfmeThingCDE@@QAEXXZ	0x00739F50	unowned
Code/GameEngine/Source/Common/BfmeThingCDEDestructor.cpp	?bfmeDtorCDE@BfmeThingCDE@@QAEXXZ	?d_008f7990@BfmeThingCDE@@QAEXXZ	0x00739F50	unowned
Code/GameEngine/Source/Common/BfmeThreeHundredSix.cpp	?bfmeInsertQX@BfmeThingQX@@QAEPAU1@IIE@Z	?bfmeDoInsertQX@BfmeThingQX@@QAEXPADIE@Z	0x00029530	unowned
Code/GameEngine/Source/Common/BfmeTwoStringVX.cpp	??0Gen_00491580@@QAE@ABVAsciiStringVX@@0@Z	??0Rva00490470@@QAE@XZ	0x00355D4E	wrong
Code/GameEngine/Source/Common/BfmeWideResultForward.cpp	?bfmeForwardWideB@BfmeWideForwardB@@QAE?AUBfmeWideResult@@HHHH@Z	?bfmeMakeWideResult@BfmeWideResultSource@@QAE?AUBfmeWideResult@@HHHHHH@Z	0x00628770	unowned
Code/GameEngine/Source/Common/BfmeWideResultForward.cpp	?forward009F29A0@BfmeWideForward009F29A0@@QAE?AUBfmeWideResult@@HHH@Z	?bfmeMakeWideResult@BfmeWideResultSource@@QAE?AUBfmeWideResult@@HHHHHH@Z	0x00628770	unowned
Code/GameEngine/Source/Common/BigChainBaseDtorsO1.cpp	??1Rva005C9D30@@QAE@XZ	??1Rva005C67C0@@QAE@XZ	0x001F8167	unowned
Code/GameEngine/Source/Common/BigObfHookWrappers.cpp	?Rva00077140@@YAHHH@Z	?Rva002264B3Fallback@@YAHHH@Z	0x002264B3	unowned
Code/GameEngine/Source/Common/BigObfHookWrappers.cpp	?Rva0022CB5CHook@@YAHHH@Z	?Rva00226588Fallback@@YAHHH@Z	0x00226588	unowned
Code/GameEngine/Source/Common/BigObfHookWrappers.cpp	?Rva0022CBB5Hook@@YAHHH@Z	?Rva0022665EFallback@@YAHHH@Z	0x0022665E	unowned
Code/GameEngine/Source/Common/BigObfHookWrappers.cpp	?Rva0022CC0EHook@@YAHHH@Z	?Rva00226733Fallback@@YAHHH@Z	0x00226733	unowned
Code/GameEngine/Source/Common/BigObfHookWrappers.cpp	?Rva003F1D7CHook@@YAHHH@Z	?Rva003F09DFFallback@@YAHHH@Z	0x003F09DF	unowned
Code/GameEngine/Source/Common/BigObfHookWrappers.cpp	?Rva003F1DD5Hook@@YAHHH@Z	?Rva003F0AB8Fallback@@YAHHH@Z	0x003F0AB8	unowned
Code/GameEngine/Source/Common/BigObfHookWrappers.cpp	?Rva003F1E2EHook@@YAHHH@Z	?Rva003F0B92Fallback@@YAHHH@Z	0x003F0B92	unowned
Code/GameEngine/Source/Common/BigObfHookWrappers.cpp	?Rva004353E8Hook@@YAHHH@Z	?Rva00434621Fallback@@YAHHH@Z	0x00434621	unowned
Code/GameEngine/Source/Common/BigObfHookWrappers.cpp	?Rva00435441Hook@@YAHHH@Z	?Rva004346FBFallback@@YAHHH@Z	0x004346FB	unowned
Code/GameEngine/Source/Common/BigObfHookWrappers.cpp	?Rva0043549AHook@@YAHHH@Z	?Rva004347D4Fallback@@YAHHH@Z	0x004347D4	unowned
Code/GameEngine/Source/Common/BigObfHookWrappers.cpp	?Rva0056F5DEHook@@YAHHH@Z	?Rva0056DFD9Fallback@@YAHHH@Z	0x0056DFD9	unowned
Code/GameEngine/Source/Common/BigObfHookWrappers.cpp	?Rva0056F637Hook@@YAHHH@Z	?Rva0056E0AEFallback@@YAHHH@Z	0x0056E0AE	unowned
Code/GameEngine/Source/Common/BigObfHookWrappers.cpp	?Rva0056F690Hook@@YAHHH@Z	?Rva0056E187Fallback@@YAHHH@Z	0x0056E187	unowned
Code/GameEngine/Source/Common/BigObfHookWrappers.cpp	?Rva0056F6E9Hook@@YAHHH@Z	?Rva0056E261Fallback@@YAHHH@Z	0x0056E261	unowned
Code/GameEngine/Source/Common/BigObfHookWrappers.cpp	?Rva0056F742Hook@@YAHHH@Z	?Rva0056E336Fallback@@YAHHH@Z	0x0056E336	unowned
Code/GameEngine/Source/Common/BigObfHookWrappers.cpp	?Rva0056F79BHook@@YAHHH@Z	?Rva0056E40CFallback@@YAHHH@Z	0x0056E40C	unowned
Code/GameEngine/Source/Common/BigObfHookWrappers.cpp	?Rva0056F7F4Hook@@YAHHH@Z	?Rva0056E4E2Fallback@@YAHHH@Z	0x0056E4E2	unowned
Code/GameEngine/Source/Common/BigObfHookWrappers.cpp	?Rva0056F84DHook@@YAHHH@Z	?Rva0056E5BCFallback@@YAHHH@Z	0x0056E5BC	unowned
Code/GameEngine/Source/Common/BigObfHookWrappers.cpp	?bfmeHash00010AFA@@YAIII@Z	?Rva00434548Fallback@@YAIII@Z	0x00434548	unowned
Code/GameEngine/Source/Common/BigObfHookWrappers.cpp	?bfmeHash00013412@@YAIII@Z	?Rva0056DF04Fallback@@YAIII@Z	0x0056DF04	unowned
Code/GameEngine/Source/Common/BigObfHookWrappers.cpp	?bfmeHash0002A473@@YAIII@Z	?Rva003F0906Fallback@@YAIII@Z	0x003F0906	unowned
Code/GameEngine/Source/Common/BigObfHookWrappers.cpp	?bfmeHash0002BB70@@YAIII@Z	?Rva0056DE2BFallback@@YAIII@Z	0x0056DE2B	unowned
Code/GameEngine/Source/Common/Coord3DVectorFillInsertO1.cpp	?_M_fill_insert@?$vector@UCoord3D@@V?$allocator@UCoord3D@@@_STL@@@_STL@@QAEXPAUCoord3D@@IABU3@@Z	??$__copy_backward_ptrs@PAUCoord3D@@PAU1@@_STL@@YAPAUCoord3D@@PAU1@00ABU__false_type@0@@Z	0x000B6813	divergent
Code/GameEngine/Source/Common/Coord3DVectorFillInsertO1.cpp	?_M_fill_insert@?$vector@UCoord3D@@V?$allocator@UCoord3D@@@_STL@@@_STL@@QAEXPAUCoord3D@@IABU3@@Z	??$uninitialized_fill_n@PAUCoord3D@@IU1@@_STL@@YAPAUCoord3D@@PAU1@IABU1@@Z	0x004E1ABA	divergent
Code/GameEngine/Source/Common/Coord3DVectorFillInsertO1.cpp	?_M_fill_insert@?$vector@UCoord3D@@V?$allocator@UCoord3D@@@_STL@@@_STL@@QAEXPAUCoord3D@@IABU3@@Z	?_M_insert_overflow@?$vector@UCoord3D@@V?$allocator@UCoord3D@@@_STL@@@_STL@@IAEXPAUCoord3D@@ABU3@ABU__false_type@2@I_N@Z	0x002A1C02	divergent
Code/GameEngine/Source/Common/CpuFeatureProbe.cpp	?Rva001D5470_CpuFeatureProbe@@YAHXZ	__except_handler3	0x00628FF0	unowned
Code/GameEngine/Source/Common/DamageFX_hashtableNewNode.cpp	??0?$hashtable@U?$pair@$$CBW4NameKeyType@@VDamageFX@@@_STL@@W4NameKeyType@@U?$hash@W4NameKeyType@@@rts@@U?$_Select1st@U?$pair@$$CBW4NameKeyType@@VDamageFX@@@_STL@@@2@U?$equal_to@W4NameKeyType@@@5@V?$allocator@U?$pair@$$CBW4NameKeyType@@VDamageFX@@@_STL@@@2@@_STL@@QAE@IABU?$hash@W4NameKeyType@@@rts@@ABU?$equal_to@W4NameKeyType@@@3@ABV?$allocator@U?$pair@$$CBW4NameKeyType@@VDamageFX@@@_STL@@@1@@Z	??0?$_Vector_base@PAXV?$allocator@PAX@_STL@@@_STL@@QAE@ABV?$allocator@PAX@1@@Z	0x00025100	divergent
Code/GameEngine/Source/Common/DamageFX_hashtableNewNode.cpp	??0?$hashtable@U?$pair@$$CBW4NameKeyType@@VDamageFX@@@_STL@@W4NameKeyType@@U?$hash@W4NameKeyType@@@rts@@U?$_Select1st@U?$pair@$$CBW4NameKeyType@@VDamageFX@@@_STL@@@2@U?$equal_to@W4NameKeyType@@@5@V?$allocator@U?$pair@$$CBW4NameKeyType@@VDamageFX@@@_STL@@@2@@_STL@@QAE@IABU?$hash@W4NameKeyType@@@rts@@ABU?$equal_to@W4NameKeyType@@@3@ABV?$allocator@U?$pair@$$CBW4NameKeyType@@VDamageFX@@@_STL@@@1@@Z	?_M_initialize_buckets@?$hashtable@U?$pair@$$CBW4NameKeyType@@VDamageFX@@@_STL@@W4NameKeyType@@U?$hash@W4NameKeyType@@@rts@@U?$_Select1st@U?$pair@$$CBW4NameKeyType@@VDamageFX@@@_STL@@@2@U?$equal_to@W4NameKeyType@@@5@V?$allocator@U?$pair@$$CBW4NameKeyType@@VDamageFX@@@_STL@@@2@@_STL@@AAEXI@Z	0x00148DDF	divergent
Code/GameEngine/Source/Common/DamageFX_hashtableNewNode.cpp	?erase@?$hash_map@W4NameKeyType@@VDamageFX@@U?$hash@W4NameKeyType@@@rts@@U?$equal_to@W4NameKeyType@@@4@V?$allocator@U?$pair@$$CBW4NameKeyType@@VDamageFX@@@_STL@@@_STL@@@_STL@@QAEXU?$_Ht_iterator@U?$pair@$$CBW4NameKeyType@@VDamageFX@@@_STL@@U?$_Nonconst_traits@U?$pair@$$CBW4NameKeyType@@VDamageFX@@@_STL@@@2@W4NameKeyType@@U?$hash@W4NameKeyType@@@rts@@U?$_Select1st@U?$pair@$$CBW4NameKeyType@@VDamageFX@@@_STL@@@2@U?$equal_to@W4NameKeyType@@@6@V?$allocator@U?$pair@$$CBW4NameKeyType@@VDamageFX@@@_STL@@@2@@2@0@Z	?erase@?$hashtable@U?$pair@$$CBW4NameKeyType@@VDamageFX@@@_STL@@W4NameKeyType@@U?$hash@W4NameKeyType@@@rts@@U?$_Select1st@U?$pair@$$CBW4NameKeyType@@VDamageFX@@@_STL@@@2@U?$equal_to@W4NameKeyType@@@5@V?$allocator@U?$pair@$$CBW4NameKeyType@@VDamageFX@@@_STL@@@2@@_STL@@QAEXU?$_Ht_iterator@U?$pair@$$CBW4NameKeyType@@VDamageFX@@@_STL@@U?$_Const_traits@U?$pair@$$CBW4NameKeyType@@VDamageFX@@@_STL@@@2@W4NameKeyType@@U?$hash@W4NameKeyType@@@rts@@U?$_Select1st@U?$pair@$$CBW4NameKeyType@@VDamageFX@@@_STL@@@2@U?$equal_to@W4NameKeyType@@@6@V?$allocator@U?$pair@$$CBW4NameKeyType@@VDamageFX@@@_STL@@@2@@2@0@Z	0x00055612	divergent
Code/GameEngine/Source/Common/DrawableRva002785FB.cpp	?rva002785FB@Drawable@@QAEX_N@Z	?rva002784EB@Drawable@@QAEXXZ	0x002784EB	unowned
Code/GameEngine/Source/Common/EbpParamForwarders.cpp	?rva0018C822@Rva0018C822@@QAEXHHH@Z	?rva0018C73C@Rva0018C73C@@QAEXHHPAD@Z	0x0018C73C	unowned
Code/GameEngine/Source/Common/EbpParamForwarders.cpp	?rva0018C838@Rva0018C838@@QAEXHH@Z	?rva0018C73C@Rva0018C73C@@QAEXHHPAD@Z	0x0018C73C	unowned
Code/GameEngine/Source/Common/EbpParamForwarders.cpp	?rva001DA73E@Rva001DA73E@@QAEXHHH@Z	?rva001DA112@Rva001DA112@@QAEXHHPAD@Z	0x001DA112	unowned
Code/GameEngine/Source/Common/EbpParamForwarders.cpp	?rva001DAB29@Rva001DAB29@@QAEXHH@Z	?rva001DA112@Rva001DA112@@QAEXHHPAD@Z	0x001DA112	unowned
Code/GameEngine/Source/Common/EbpParamForwarders.cpp	?rva0056A2DE@Rva0056A2DE@@QAEXHHH@Z	?rva00569F0C@Rva00569F0C@@QAEXHHPAD@Z	0x00569F0C	unowned
Code/GameEngine/Source/Common/EbpParamForwarders.cpp	?rva0056A362@Rva0056A362@@QAEXHH@Z	?rva00569F0C@Rva00569F0C@@QAEXHHPAD@Z	0x00569F0C	unowned
Code/GameEngine/Source/Common/FamilyDeletingDtors10.cpp	??_GRva005CEFD3@@QAEPAXI@Z	??1Rva005CEFD3@@QAE@XZ	0x005CEFD3	unowned
Code/GameEngine/Source/Common/FamilyDeletingDtors10.cpp	??_GRva005D07E1@@QAEPAXI@Z	??1Rva005D07E1@@QAE@XZ	0x005D07E1	unowned
Code/GameEngine/Source/Common/FamilyDeletingDtors10.cpp	??_GRva005E4925@@QAEPAXI@Z	??1Rva005E4925@@QAE@XZ	0x005E4925	unowned
Code/GameEngine/Source/Common/FamilyDeletingDtors10.cpp	??_GRva005E5FFB@@QAEPAXI@Z	??1Rva005E5FFB@@QAE@XZ	0x005E5FFB	unowned
Code/GameEngine/Source/Common/FamilyDeletingDtors10.cpp	??_GRva005F3FFC@@QAEPAXI@Z	??1Rva005F3FFC@@QAE@XZ	0x005F3FFC	unowned
Code/GameEngine/Source/Common/FamilyDeletingDtors10.cpp	??_GRva005FD628@@QAEPAXI@Z	??1Rva005FD628@@QAE@XZ	0x005FD628	unowned
Code/GameEngine/Source/Common/FamilyDeletingDtors11.cpp	??_GRva004E013B@@QAEPAXI@Z	??1Rva004E013B@@QAE@XZ	0x004E013B	unowned
Code/GameEngine/Source/Common/FamilyDeletingDtors11.cpp	??_GRva004E9657@@QAEPAXI@Z	??1Rva004E9657@@QAE@XZ	0x004E9657	unowned
Code/GameEngine/Source/Common/FamilyDeletingDtors11.cpp	??_GRva0056A061@@QAEPAXI@Z	??1Rva0056A061@@QAE@XZ	0x0056A061	unowned
Code/GameEngine/Source/Common/FamilyDeletingDtors11.cpp	??_GRva0056C3E5@@QAEPAXI@Z	??1Rva0056C3E5@@QAE@XZ	0x0056C3E5	unowned
Code/GameEngine/Source/Common/FamilyDeletingDtors12.cpp	??_GRva002C6E4E@@QAEPAXI@Z	??1Rva002C6E4E@@QAE@XZ	0x002C6E4E	unowned
Code/GameEngine/Source/Common/FamilyDeletingDtors12.cpp	??_GRva004D960C@@QAEPAXI@Z	??1Rva004D960C@@QAE@XZ	0x004D960C	unowned
Code/GameEngine/Source/Common/FamilyDeletingDtors12.cpp	??_GRva0056820D@@QAEPAXI@Z	??1Rva0056820D@@QAE@XZ	0x0056820D	unowned
Code/GameEngine/Source/Common/FamilyDeletingDtors12.cpp	??_GRva005E3585@@QAEPAXI@Z	??1Rva005E3585@@QAE@XZ	0x005E3585	unowned
Code/GameEngine/Source/Common/FamilyDeletingDtors2.cpp	??_GBfmeStringHeadRecord148@@QAEPAXI@Z	??1BfmeStringHeadRecord148@@QAE@XZ	0x00360FDB	wrong
Code/GameEngine/Source/Common/FamilyDeletingDtors2.cpp	??_GGeometryShape@@QAEPAXI@Z	??1GeometryShape@@QAE@XZ	0x002AF1EC	divergent
Code/GameEngine/Source/Common/FamilyDeletingDtors9.cpp	??_GRva004FA2E2@@QAEPAXI@Z	??1Rva004FA2E2@@QAE@XZ	0x004FA2E2	unowned
Code/GameEngine/Source/Common/FamilyDeletingDtors9.cpp	??_GRva00527CCE@@QAEPAXI@Z	??1Rva00527CCE@@QAE@XZ	0x00527CCE	unowned
Code/GameEngine/Source/Common/FamilyDeletingDtors9.cpp	??_GRva005282BA@@QAEPAXI@Z	??1Rva005282BA@@QAE@XZ	0x005282BA	unowned
Code/GameEngine/Source/Common/FamilyDeletingDtors9.cpp	??_GRva00578C43@@QAEPAXI@Z	??1Rva00578C43@@QAE@XZ	0x00578C43	unowned
Code/GameEngine/Source/Common/FamilyDeletingDtors_muse-7a10c.cpp	??_G?$SimpleDynVecClass@E@@UAEPAXI@Z	??1?$SimpleDynVecClass@E@@UAE@XZ	0x001A7F20	divergent
Code/GameEngine/Source/Common/FamilyDeletingDtors_muse-a530.cpp	??_GNetKeepAliveCommandMsg@@MAEPAXI@Z	??1NetKeepAliveCommandMsg@@MAE@XZ	0x004CEE78	wrong
Code/GameEngine/Source/Common/FamilyDeletingDtors_muse-b055.cpp	??_GShipSlowDeathBehaviorModuleData@@UAEPAXI@Z	??1ShipSlowDeathBehaviorModuleData@@UAE@XZ	0x00461FED	wrong
Code/GameEngine/Source/Common/FamilyDeletingDtors_muse-cd13.cpp	??_GDeflectSpecialPowerModuleData@@UAEPAXI@Z	??1DeflectSpecialPowerModuleData@@UAE@XZ	0x004C64E9	wrong
Code/GameEngine/Source/Common/GameEngineClientSubsystems.cpp	?_bfme_updateClientSubsystems@GameEngine@@UAEXXZ	?deleteLoadScreen@GameLogic@@QAEXXZ	0x002423E3	unowned
Code/GameEngine/Source/Common/GameEngineClientSubsystems.cpp	?_bfme_updateClientSubsystems@GameEngine@@UAEXXZ	?writeReportIfMismatched@BFMEDesyncCheck@@QAEXXZ	0x002CEA55	unowned
Code/GameEngine/Source/Common/GameEngineSlots.cpp	?rva00225AD5@GameEngine@@UAE_NXZ	?rva001B505F@SubsystemInterfaceList@@QAEEXZ	0x001B505F	unowned
Code/GameEngine/Source/Common/GameEngineSlots.cpp	?rva00225AFF@GameEngine@@UAE_NXZ	?rva0024877A@GameLogic@@QAE_NXZ	0x0024877A	unowned
Code/GameEngine/Source/Common/GameEngine_GameEngine_createFileSystem.cpp	??1?$map@VAsciiString@@VMapMetaData@@U?$less@VAsciiString@@@_STL@@V?$allocator@U?$pair@$$CBVAsciiString@@VMapMetaData@@@_STL@@@4@@_STL@@QAE@XZ	??1?$_Rb_tree@VAsciiString@@U?$pair@$$CBVAsciiString@@VMapMetaData@@@_STL@@U?$_Select1st@U?$pair@$$CBVAsciiString@@VMapMetaData@@@_STL@@@3@U?$less@VAsciiString@@@3@V?$allocator@U?$pair@$$CBVAsciiString@@VMapMetaData@@@_STL@@@3@@_STL@@QAE@XZ	0x0022E1F1	wrong
Code/GameEngine/Source/Common/GameEngine_GameEngine_createFileSystem.cpp	??1MapCache@@QAE@XZ	??1?$_Rb_tree@VAsciiString@@U?$pair@$$CBVAsciiString@@VMapMetaData@@@_STL@@U?$_Select1st@U?$pair@$$CBVAsciiString@@VMapMetaData@@@_STL@@@3@U?$less@VAsciiString@@@3@V?$allocator@U?$pair@$$CBVAsciiString@@VMapMetaData@@@_STL@@@3@@_STL@@QAE@XZ	0x0022E1F1	wrong
Code/GameEngine/Source/Common/GameEngine_GameEngine_createFileSystem.cpp	??1MapCache@@QAE@XZ	??1?$_Rb_tree@VAsciiString@@U?$pair@$$CBVAsciiString@@_N@_STL@@U?$_Select1st@U?$pair@$$CBVAsciiString@@_N@_STL@@@3@U?$less@VAsciiString@@@3@V?$allocator@U?$pair@$$CBVAsciiString@@_N@_STL@@@3@@_STL@@QAE@XZ	0x002076E7	wrong
Code/GameEngine/Source/Common/GameEngine_GameEngine_createFileSystem.cpp	?createFileSystem@GameEngine@@MAEPAVFileSystem@@XZ	??0FileSystem@@QAE@XZ	0x00063517	wrong
Code/GameEngine/Source/Common/GameLODManagerGetStaticGameLODIndex.cpp	?getStaticGameLODIndex@GameLODManager@@QAEHVAsciiString@@@Z	??1AsciiString@@QAE@XZ	0x00036410	divergent
Code/GameEngine/Source/Common/GameSpyLoginPreferences.cpp	??0GameSpyLoginPreferences@@QAE@XZ	??0?$map@VAsciiString@@V1@U?$less@VAsciiString@@@_STL@@V?$allocator@U?$pair@$$CBVAsciiString@@V1@@_STL@@@3@@_STL@@QAE@XZ	0x0033C432	wrong
Code/GameEngine/Source/Common/GameSpyLoginPreferences.cpp	??0GameSpyLoginPreferences@@QAE@XZ	??0?$map@VAsciiString@@V?$list@VAsciiString@@V?$allocator@VAsciiString@@@_STL@@@_STL@@U?$less@VAsciiString@@@3@V?$allocator@U?$pair@$$CBVAsciiString@@V?$list@VAsciiString@@V?$allocator@VAsciiString@@@_STL@@@_STL@@@_STL@@@3@@_STL@@QAE@XZ	0x0033C432	wrong
Code/GameEngine/Source/Common/GameSpyLoginPreferences.cpp	?rva005CABF9@GameSpyLoginPreferences@@QAEXVAsciiString@@@Z	?erase@?$_Rb_tree@VAsciiString@@U?$pair@$$CBVAsciiString@@V?$list@VAsciiString@@V?$allocator@VAsciiString@@@_STL@@@_STL@@@_STL@@U?$_Select1st@U?$pair@$$CBVAsciiString@@V?$list@VAsciiString@@V?$allocator@VAsciiString@@@_STL@@@_STL@@@_STL@@@3@U?$less@VAsciiString@@@3@V?$allocator@U?$pair@$$CBVAsciiString@@V?$list@VAsciiString@@V?$allocator@VAsciiString@@@_STL@@@_STL@@@_STL@@@3@@_STL@@QAEIABVAsciiString@@@Z	0x005CA950	wrong
Code/GameEngine/Source/Common/Gen002EADF0Forward.cpp	?gen002EADF0@@YAXPAX0H0@Z	??0S4SortElem20@@QAE@ABU0@@Z	0x003371B1	wrong
Code/GameEngine/Source/Common/Gen004502D0ParserRegistrationCtor.cpp	??0Gen004502D0ParserRegistration@@QAE@PAXPAVDataChunkInput@@PAVAsciiString@@@Z	??0BfmeParserRegistrationVE@@QAE@PAVDataChunkInput@@PAVAsciiString@@1@Z	0x000ABB87	divergent
Code/GameEngine/Source/Common/Gen004502D0ParserRegistrationCtor.cpp	??0Gen004502D0ParserRegistration@@QAE@PAXPAVDataChunkInput@@PAVAsciiString@@@Z	??1AsciiString@@QAE@XZ	0x00036410	divergent
Code/GameEngine/Source/Common/Gen009F5040Handle.cpp	?handle@Gen009F5040@@QAEXXZ	?calculate@Gen009F5040@@QAEXPAUGen009F5040Node@@PAH11@Z	0x006271D0	unowned
Code/GameEngine/Source/Common/Gen009F5040Handle.cpp	?linkNode@Gen009F5040@@QAEXPAUGen009F5040Node@@@Z	?calculate@Gen009F5040@@QAEXPAUGen009F5040Node@@PAH11@Z	0x006271D0	unowned
Code/GameEngine/Source/Common/Gen_00942BC0.cpp	?process@Gen_00942BC0@@QAEXPAX00@Z	?helper@Gen_00942BC0@@AAEXPAHPAX11H@Z	0x00159700	unowned
Code/GameEngine/Source/Common/Gen_dtor_009f2600.cpp	??1Gen_dtor_009f2600@@UAE@XZ	?cleanup@Gen_dtor_009f2600@@QAEXXZ	0x00627600	unowned
Code/GameEngine/Source/Common/Glo012F1024Entry_bfmeStep_Rva005669c2.cpp	?j_00019eca@Glo012F1024Item@@QAEXXZ	??1AsciiString@@QAE@XZ	0x00036410	divergent
Code/GameEngine/Source/Common/Glo012F1024Entry_bfmeStep_Rva005669c2.cpp	?j_00019eca@Glo012F1024Item@@QAEXXZ	?bfmeEnter@Glo012F1024Item@@QAEXXZ	0x0056696F	unowned
Code/GameEngine/Source/Common/Glo012F1024ItemRun.cpp	?run@Glo012F1024Item@@QAEXXZ	?j_0000ca59@Glo012F1024Item@@QAE_NXZ	0x00565436	unowned
Code/GameEngine/Source/Common/Glo012F1024ItemRun.cpp	?run@Glo012F1024Item@@QAEXXZ	?j_00021f26@Glo012F1024Item@@QAEXXZ	0x00565148	unowned
Code/GameEngine/Source/Common/Glo012F1024ItemRun.cpp	?run@Glo012F1024Item@@QAEXXZ	?j_0002a969@Glo012F1024Item@@QAEXXZ	0x00565344	unowned
Code/GameEngine/Source/Common/Glo012F1024ItemRun.cpp	?run@Glo012F1024Item@@QAEXXZ	?j_0002eeec@Glo012F1024Item@@QAEXXZ	0x005651D2	unowned
Code/GameEngine/Source/Common/HostClass005C815B.cpp	?method_005C836F@HostClass005C815B@@QAEXHM@Z	?method_005C9311@Rva005C847BRecord@@QAEXHHM@Z	0x005C9311	unowned
Code/GameEngine/Source/Common/HostClass005C815B.cpp	?method_005C839B@HostClass005C815B@@QAEXHH@Z	?method_005C90F1@Rva005C847BRecord@@QAEXHH@Z	0x005C90F1	unowned
Code/GameEngine/Source/Common/HostClass005C8E0A.cpp	?method_005C9069@HostClass005C8E0A@@QAEXXZ	?method_005C902A@TargetObj005C8DBF@@QAEXM@Z	0x005C902A	unowned
Code/GameEngine/Source/Common/INI/AudioEventInfoParseSoundLists.cpp	?parseSoundsList@AudioEventInfo@@SAXPAVINI@@PAX1PBX@Z	?Rva001DABB6Parse@@YAXPAVINI@@PAXPAH1@Z	0x001DABB6	unowned
Code/GameEngine/Source/Common/INI/AudioEventInfoParseSoundLists.cpp	?parseSubsoundsList@AudioEventInfo@@SAXPAVINI@@PAX1PBX@Z	??0?$_Vector_base@URvaPair001D9F62@@V?$allocator@URvaPair001D9F62@@@_STL@@@_STL@@QAE@ABV?$allocator@URvaPair001D9F62@@@1@@Z	0x00211E58	wrong
Code/GameEngine/Source/Common/INI/AudioEventInfoParseSoundLists.cpp	?parseSubsoundsList@AudioEventInfo@@SAXPAVINI@@PAX1PBX@Z	?Rva001DABB6Parse@@YAXPAVINI@@PAXPAH1@Z	0x001DABB6	unowned
Code/GameEngine/Source/Common/INI/INIAudioTokenParsers.cpp	?Rva003393DFParse@@YAXPAVINI@@PAX1PBX@Z	?Rva00339235@@YAXPBDPAX@Z	0x00339235	unowned
Code/GameEngine/Source/Common/INI/INIAudioTokenParsers.cpp	?Rva00339900Parse@@YAXPAVINI@@PAX1PBX@Z	?Rva00339184@@YAXPBDPAX@Z	0x00339184	unowned
Code/GameEngine/Source/Common/INI/INIEmotionCopyFrom.cpp	?parseEmotionNuggetCopyFrom@@YAXPAVINI@@PAX1PBX@Z	?findNugget@EmotionSystem@@QAEPAVEmotionNugget@@ABVBfmeEmotionName@@@Z	0x004264F4	unowned
Code/GameEngine/Source/Common/INI/INIMultiplayer.cpp	?parseMultiplayerColorDefinition@INI@@SAXPAV1@@Z	?findMultiplayerColorDefinitionByName@MultiplayerSettings@@QAEPAVMultiplayerColorDefinition@@VAsciiString@@@Z	0x00380E34	unowned
Code/GameEngine/Source/Common/INI/INIObject_Rva001effc6.cpp	?parseObjectDefinition@INI@@SAXPAV1@@Z	?parseObjectDefinition@ThingFactory@@SAXPAVINI@@ABVAsciiString@@11@Z	0x002D1C01	unowned
Code/GameEngine/Source/Common/INI/INIObject_Rva001f0016.cpp	?parseObjectReskinDefinition@INI@@SAXPAV1@@Z	?parseObjectDefinition@ThingFactory@@SAXPAVINI@@ABVAsciiString@@11@Z	0x002D1C01	unowned
Code/GameEngine/Source/Common/INI/INIObject_Rva001f008c.cpp	?parseChildObjectDefinition@INI@@SAXPAV1@@Z	?parseObjectDefinition@ThingFactory@@SAXPAVINI@@ABVAsciiString@@11@Z	0x002D1C01	unowned
Code/GameEngine/Source/Common/INI/INIRecordListParsers.cpp	?Rva0033A1CE_ParseSoundList@INI@@SAXPAV1@PAX1PBX@Z	?Rva00339235@@YAXPBDPAX@Z	0x00339235	unowned
Code/GameEngine/Source/Common/INI/INIThinFieldParsers.cpp	?Rva001DEE74Parse@@YAXPAVINI@@PAX1PBX@Z	?rva001DE9C4@Eva@@QAEHPBD@Z	0x001DE9C4	unowned
Code/GameEngine/Source/Common/INI/INIThinFieldParsers3.cpp	?Rva001DEA65Parse@@YAXPAVINI@@PAX1PBX@Z	?rva001DE9C4@Eva@@QAEHPBD@Z	0x001DE9C4	unowned
Code/GameEngine/Source/Common/INI/INIThinFieldParsers3.cpp	?Rva00339D26Parse@@YAXPAVINI@@PAX1PBX@Z	?push_back@?$vector@JV?$allocator@J@_STL@@@_STL@@QAEXABJ@Z	0x004DFCB0	wrong
Code/GameEngine/Source/Common/INI/Rva00064680ParseControlPointBlock_Rva00503FD1.cpp	?parseControlPointBlock@Rva00064680@@SAXPAVINI@@PAX1PBX@Z	?rva00064020Rescale@@YAII@Z	0x00503E4F	unowned
Code/GameEngine/Source/Common/INI/Rva0006AF00FunctionCurveParse_Rva005051da.cpp	?parse@Rva0006AF00FunctionCurve@@QAEXPAVINI@@@Z	?finish@Rva0006AB90FunctionCurve@@QAEXXZ	0x0050503C	unowned
Code/GameEngine/Source/Common/INI/Rva0014C090ParseNamedDefinition_Rva002FE9FC.cpp	?parseDefinition@Rva0014C090@@SAXPAVINI@@PAX1PBX@Z	?add@Rva0014C090Store@@QAEXPAVGen0014AE40@@@Z	0x002FE8CC	unowned
Code/GameEngine/Source/Common/INI/Rva001DA980AudioParsers.cpp	?Rva001DA980Parse@@YAXPAVINI@@@Z	?helper001DA770@@YAXPAVINI@@HPAVAsciiString@@PBD@Z	0x001DA770	unowned
Code/GameEngine/Source/Common/INI/Rva001DA980AudioParsers.cpp	?Rva001DA9CAParse@@YAXPAVINI@@@Z	?helper001DA770@@YAXPAVINI@@HPAVAsciiString@@PBD@Z	0x001DA770	unowned
Code/GameEngine/Source/Common/INI/Rva001DA980AudioParsers.cpp	?Rva001DAA14Parse@@YAXPAVINI@@@Z	?helper001DA770@@YAXPAVINI@@HPAVAsciiString@@PBD@Z	0x001DA770	unowned
Code/GameEngine/Source/Common/INI/Rva001DA980AudioParsers.cpp	?Rva001DAA5EParse@@YAXPAVINI@@@Z	?helper001DA770@@YAXPAVINI@@HPAVAsciiString@@PBD@Z	0x001DA770	unowned
Code/GameEngine/Source/Common/INI/Rva001DA980AudioParsers.cpp	?Rva001DAAA8Parse@@YAXPAVINI@@@Z	?helper001DA770@@YAXPAVINI@@HPAVAsciiString@@PBD@Z	0x001DA770	unowned
Code/GameEngine/Source/Common/INI/Rva0033939F.cpp	?Rva0033939F@@YAXPBDPAX@Z	?Rva00339235@@YAXPBDPAX@Z	0x00339235	unowned
Code/GameEngine/Source/Common/LadderPreferencesDtor.cpp	uw_007a8830	??1Rva006DE350@@UAE@XZ	0x006D6340	unowned
Code/GameEngine/Source/Common/Made002CC7DERva00509753.cpp	?rva00509753@Made002CC7DE@@QAEXHH@Z	?notify@Rva0020AA00Target@@QAEXHH@Z	0x0033CF34	unowned
Code/GameEngine/Source/Common/MemberBaseDtorsB01.cpp	?rva00576B99@Rva00576B5E@@QAEXH@Z	?rva005753A4@Rva00577302@@QAEXH@Z	0x005753A4	unowned
Code/GameEngine/Source/Common/MessageStream.cpp	?appendMessage@MessageStream@@UAEPAVGameMessage@@W4Type@2@@Z	??0GameMessage@@QAE@W4Type@0@@Z	0x0030F47A	wrong
Code/GameEngine/Source/Common/MessageStream.cpp	?insertMessage@MessageStream@@UAEPAVGameMessage@@W4Type@2@PAV2@@Z	??0GameMessage@@QAE@W4Type@0@@Z	0x0030F47A	wrong
Code/GameEngine/Source/Common/MoneyVectorPushBack.cpp	?push_back@?$vector@VMoney@@V?$allocator@VMoney@@@_STL@@@_STL@@QAEXABVMoney@@@Z	??0Money@@QAE@ABV0@@Z	0x00063BE4	divergent
Code/GameEngine/Source/Common/OpaqueScalarDeletingDtors.cpp	??_GRva0007311B@@UAEPAXI@Z	??1Rva0007311B@@UAE@XZ	0x0007311B	unowned
Code/GameEngine/Source/Common/OpaqueScalarDeletingDtors.cpp	??_GRva00073BFE@@UAEPAXI@Z	??1Rva00073BFE@@UAE@XZ	0x00073BFE	unowned
Code/GameEngine/Source/Common/OpaqueScalarDeletingDtors.cpp	??_GRva000DC51D@@UAEPAXI@Z	??1Rva000DC51D@@UAE@XZ	0x000DC51D	wrong
Code/GameEngine/Source/Common/OpaqueScalarDeletingDtors.cpp	??_GRva000DE4EB@@UAEPAXI@Z	??1Rva000DE4EB@@UAE@XZ	0x000DE4EB	unowned
Code/GameEngine/Source/Common/OpaqueScalarDeletingDtors.cpp	??_GRva000DFDD9@@UAEPAXI@Z	??1Rva000DFDD9@@UAE@XZ	0x000DFDD9	wrong
Code/GameEngine/Source/Common/OpaqueScalarDeletingDtors.cpp	??_GRva000E03E2@@UAEPAXI@Z	??1Rva000E03E2@@UAE@XZ	0x000E03E2	unowned
Code/GameEngine/Source/Common/OpaqueScalarDeletingDtors.cpp	??_GRva0010EDC2@@UAEPAXI@Z	??1Rva0010EDC2@@UAE@XZ	0x0010EDC2	unowned
Code/GameEngine/Source/Common/OpaqueScalarDeletingDtors.cpp	??_GRva0011018B@@UAEPAXI@Z	??1Rva0011018B@@UAE@XZ	0x0011018B	unowned
Code/GameEngine/Source/Common/OpaqueScalarDeletingDtors.cpp	??_GRva00111B25@@UAEPAXI@Z	??1Rva00111B25@@UAE@XZ	0x00111B25	wrong
Code/GameEngine/Source/Common/OpaqueScalarDeletingDtors.cpp	??_GRva001ED840@@UAEPAXI@Z	??1Rva001ED840@@UAE@XZ	0x001ED840	unowned
Code/GameEngine/Source/Common/OpaqueScalarDeletingDtors.cpp	??_GRva00260A3C@@UAEPAXI@Z	??1Rva00260A3C@@UAE@XZ	0x00260A3C	unowned
Code/GameEngine/Source/Common/OpaqueScalarDeletingDtors.cpp	??_GRva002C0C0@@UAEPAXI@Z	??1Rva002C0C0@@UAE@XZ	0x0002C0C0	wrong
Code/GameEngine/Source/Common/OpaqueScalarDeletingDtors.cpp	??_GRva0041E9F@@UAEPAXI@Z	??1Rva0041E9F@@UAE@XZ	0x00041E9F	unowned
Code/GameEngine/Source/Common/OpaqueScalarDeletingDtors.cpp	??_GRva0049FCB@@UAEPAXI@Z	??1Rva0049FCB@@UAE@XZ	0x00049FCB	unowned
Code/GameEngine/Source/Common/OpaqueScalarDeletingDtors.cpp	??_GRva004D7B93@@UAEPAXI@Z	??1Rva004D7B93@@UAE@XZ	0x004D7B93	unowned
Code/GameEngine/Source/Common/OpaqueScalarDeletingDtors.cpp	??_GRva005333F@@UAEPAXI@Z	??1Rva005333F@@UAE@XZ	0x0005333F	unowned
Code/GameEngine/Source/Common/OpaqueScalarDeletingDtors.cpp	??_GRva00543F5@@UAEPAXI@Z	??1Rva00543F5@@UAE@XZ	0x000543F5	wrong
Code/GameEngine/Source/Common/OpaqueScalarDeletingDtors.cpp	??_GRva005C3A37Elem@@QAEPAXI@Z	??1Rva005C3A37Elem@@QAE@XZ	0x005C3A37	unowned
Code/GameEngine/Source/Common/OpaqueScalarDeletingDtors.cpp	??_GRva005CD0FEElem@@QAEPAXI@Z	??1Rva005CD0FEElem@@QAE@XZ	0x005CD0FE	unowned
Code/GameEngine/Source/Common/OpaqueScalarDeletingDtors.cpp	??_GRva0065288@@UAEPAXI@Z	??1Rva0065288@@UAE@XZ	0x00065288	unowned
Code/GameEngine/Source/Common/OpaqueScalarDeletingDtors.cpp	??_GRva0065D52@@UAEPAXI@Z	??1Rva0065D52@@UAE@XZ	0x00065D52	wrong
Code/GameEngine/Source/Common/OpaqueScalarDeletingDtors.cpp	??_GRva0072892@@UAEPAXI@Z	??1Rva0072892@@UAE@XZ	0x00072892	wrong
Code/GameEngine/Source/Common/OpaqueScalarDeletingDtors.cpp	??_GRva00751EF@@UAEPAXI@Z	??1Rva00751EF@@UAE@XZ	0x000751EF	unowned
Code/GameEngine/Source/Common/OpaqueScalarDeletingDtors.cpp	??_GRva0078B83@@UAEPAXI@Z	??1Rva0078B83@@UAE@XZ	0x00078B83	unowned
Code/GameEngine/Source/Common/OpaqueScalarDeletingDtors.cpp	??_GRva0079554@@UAEPAXI@Z	??1Rva0079554@@UAE@XZ	0x00079554	wrong
Code/GameEngine/Source/Common/OpaqueScalarDeletingDtors.cpp	??_GRva007BB16@@UAEPAXI@Z	??1Rva007BB16@@UAE@XZ	0x0007BB16	wrong
Code/GameEngine/Source/Common/OpaqueScalarDeletingDtors.cpp	??_GRva007C0F5@@UAEPAXI@Z	??1Rva007C0F5@@UAE@XZ	0x0007C0F5	unowned
Code/GameEngine/Source/Common/OpaqueScalarDeletingDtors.cpp	??_GRva0081C7F@@UAEPAXI@Z	??1Rva0081C7F@@UAE@XZ	0x00081C7F	unowned
Code/GameEngine/Source/Common/OpaqueScalarDeletingDtors.cpp	??_GRva0081FDD@@UAEPAXI@Z	??1Rva0081FDD@@UAE@XZ	0x00081FDD	unowned
Code/GameEngine/Source/Common/OpaqueScalarDeletingDtors.cpp	??_GRva008291D@@UAEPAXI@Z	??1Rva008291D@@UAE@XZ	0x0008291D	unowned
Code/GameEngine/Source/Common/OpaqueScalarDeletingDtors.cpp	??_GRva0084096@@UAEPAXI@Z	??1Rva0084096@@UAE@XZ	0x00084096	unowned
Code/GameEngine/Source/Common/OpaqueScalarDeletingDtors.cpp	??_GRva0084CEF@@UAEPAXI@Z	??1Rva0084CEF@@UAE@XZ	0x00084CEF	unowned
Code/GameEngine/Source/Common/OpaqueScalarDeletingDtors.cpp	??_GRva0089851@@UAEPAXI@Z	??1Rva0089851@@UAE@XZ	0x00089851	wrong
Code/GameEngine/Source/Common/OpaqueScalarDeletingDtors.cpp	??_GRva009023C@@UAEPAXI@Z	??1Rva009023C@@UAE@XZ	0x0009023C	unowned
Code/GameEngine/Source/Common/OpaqueScalarDeletingDtors.cpp	??_GRva0090771@@UAEPAXI@Z	??1Rva0090771@@UAE@XZ	0x00090771	wrong
Code/GameEngine/Source/Common/OpaqueScalarDeletingDtors.cpp	??_GRva0090840@@UAEPAXI@Z	??1Rva0090840@@UAE@XZ	0x00090840	unowned
Code/GameEngine/Source/Common/OpaqueScalarDeletingDtors.cpp	??_GRva00986E7@@UAEPAXI@Z	??1Rva00986E7@@UAE@XZ	0x000986E7	unowned
Code/GameEngine/Source/Common/OpaqueScalarDeletingDtors.cpp	??_GRva009A500@@UAEPAXI@Z	??1Rva009A500@@UAE@XZ	0x0009A500	unowned
Code/GameEngine/Source/Common/OpaqueScalarDeletingDtors.cpp	??_GRva009D6FA@@UAEPAXI@Z	??1Rva009D6FA@@UAE@XZ	0x0009D6FA	unowned
Code/GameEngine/Source/Common/OpaqueScalarDeletingDtors.cpp	??_GRva00A7CF3@@UAEPAXI@Z	??1Rva00A7CF3@@UAE@XZ	0x000A7CF3	unowned
Code/GameEngine/Source/Common/OpaqueScalarDeletingDtors.cpp	??_GRva00A897D@@UAEPAXI@Z	??1Rva00A897D@@UAE@XZ	0x000A897D	unowned
Code/GameEngine/Source/Common/OpaqueScalarDeletingDtors.cpp	??_GRva00AAE59@@UAEPAXI@Z	??1Rva00AAE59@@UAE@XZ	0x000AAE59	wrong
Code/GameEngine/Source/Common/OpaqueScalarDeletingDtors.cpp	??_GRva00B0028@@UAEPAXI@Z	??1Rva00B0028@@UAE@XZ	0x000B0028	unowned
Code/GameEngine/Source/Common/OpaqueScalarDeletingDtors.cpp	??_GRva00B6CF1@@UAEPAXI@Z	??1Rva00B6CF1@@UAE@XZ	0x000B6CF1	wrong
Code/GameEngine/Source/Common/OpaqueScalarDeletingDtors.cpp	??_GRva00BEDF0@@UAEPAXI@Z	??1Rva00BEDF0@@UAE@XZ	0x000BEDF0	wrong
Code/GameEngine/Source/Common/OpaqueScalarDeletingDtors.cpp	??_GRva00C0DA3@@UAEPAXI@Z	??1Rva00C0DA3@@UAE@XZ	0x000C0DA3	wrong
Code/GameEngine/Source/Common/OpaqueScalarDeletingDtors.cpp	??_GRva00C6D44@@UAEPAXI@Z	??1Rva00C6D44@@UAE@XZ	0x000C6D44	wrong
Code/GameEngine/Source/Common/OpaqueScalarDeletingDtors.cpp	??_GRva00F2ECB@@UAEPAXI@Z	??1Rva00F2ECB@@UAE@XZ	0x000F2ECB	unowned
Code/GameEngine/Source/Common/OpaqueScalarDeletingDtors.cpp	??_GRva00FF4D6@@UAEPAXI@Z	??1Rva00FF4D6@@UAE@XZ	0x000FF4D6	unowned
Code/GameEngine/Source/Common/OpaqueScalarDeletingDtors.cpp	?clear@Rva005C3EE8@@QAEXXZ	??1Rva005C3A37Elem@@QAE@XZ	0x005C3A37	unowned
Code/GameEngine/Source/Common/OpaqueScalarDeletingDtors.cpp	?clear@Rva005CD14D@@QAEXXZ	??1Rva005CD0FEElem@@QAE@XZ	0x005CD0FE	unowned
Code/GameEngine/Source/Common/OpaqueScalarDeletingDtorsB01.cpp	??_GRva000C2980@@UAEPAXI@Z	??1Rva000C2980@@UAE@XZ	0x000C2980	wrong
Code/GameEngine/Source/Common/OpaqueScalarDeletingDtorsB01.cpp	??_GRva000E3B41@@UAEPAXI@Z	??1Rva000E3B41@@UAE@XZ	0x000E3B41	unowned
Code/GameEngine/Source/Common/OpaqueScalarDeletingDtorsB01.cpp	??_GRva000E5033@@UAEPAXI@Z	??1Rva000E5033@@UAE@XZ	0x000E5033	unowned
Code/GameEngine/Source/Common/OpaqueScalarDeletingDtorsB01.cpp	??_GRva000E6C6F@@UAEPAXI@Z	??1Rva000E6C6F@@UAE@XZ	0x000E6C6F	unowned
Code/GameEngine/Source/Common/OpaqueScalarDeletingDtorsB01.cpp	??_GRva000EDA94@@UAEPAXI@Z	??1Rva000EDA94@@UAE@XZ	0x000EDA94	unowned
Code/GameEngine/Source/Common/OpaqueScalarDeletingDtorsB01.cpp	??_GRva000EEEF4@@UAEPAXI@Z	??1Rva000EEEF4@@UAE@XZ	0x000EEEF4	unowned
Code/GameEngine/Source/Common/OpaqueScalarDeletingDtorsB01.cpp	??_GRva000EFC45@@UAEPAXI@Z	??1Rva000EFC45@@UAE@XZ	0x000EFC45	wrong
Code/GameEngine/Source/Common/OpaqueScalarDeletingDtorsB01.cpp	??_GRva000F26DC@@UAEPAXI@Z	??1Rva000F26DC@@UAE@XZ	0x000F26DC	wrong
Code/GameEngine/Source/Common/OpaqueScalarDeletingDtorsB01.cpp	??_GRva000F2797@@UAEPAXI@Z	??1Rva000F2797@@UAE@XZ	0x000F2797	unowned
Code/GameEngine/Source/Common/OpaqueScalarDeletingDtorsB01.cpp	??_GRva001041D8@@UAEPAXI@Z	??1Rva001041D8@@UAE@XZ	0x001041D8	unowned
Code/GameEngine/Source/Common/OpaqueScalarDeletingDtorsB01.cpp	??_GRva0010C785@@UAEPAXI@Z	??1Rva0010C785@@UAE@XZ	0x0010C785	unowned
Code/GameEngine/Source/Common/OpaqueScalarDeletingDtorsB02.cpp	??_GRva0010F00C@@UAEPAXI@Z	??1Rva0010F00C@@UAE@XZ	0x0010F00C	unowned
Code/GameEngine/Source/Common/OpaqueScalarDeletingDtorsB02.cpp	??_GRva00135E35@@UAEPAXI@Z	??1Rva00135E35@@UAE@XZ	0x00135E35	unowned
Code/GameEngine/Source/Common/OpaqueScalarDeletingDtorsB02.cpp	??_GRva002DB8BA@@UAEPAXI@Z	??1Rva002DB8BA@@UAE@XZ	0x002DB8BA	unowned
Code/GameEngine/Source/Common/OpaqueScalarDeletingDtorsB02.cpp	??_GRva003A972D@@UAEPAXI@Z	??1Rva003A972D@@UAE@XZ	0x003A972D	unowned
Code/GameEngine/Source/Common/OpaqueScalarDeletingDtorsB02.cpp	??_GRva003ACB6F@@UAEPAXI@Z	??1Rva003ACB6F@@UAE@XZ	0x003ACB6F	unowned
Code/GameEngine/Source/Common/OpaqueScalarDeletingDtorsB02.cpp	??_GRva003ACB74@@UAEPAXI@Z	??1Rva003ACB74@@UAE@XZ	0x003ACB74	unowned
Code/GameEngine/Source/Common/OpaqueScalarDeletingDtorsB02.cpp	??_GRva003ACED6@@UAEPAXI@Z	??1Rva003ACED6@@UAE@XZ	0x003ACED6	unowned
Code/GameEngine/Source/Common/OpaqueScalarDeletingDtorsB02.cpp	??_GRva003ACEF7@@UAEPAXI@Z	??1Rva003ACEF7@@UAE@XZ	0x003ACEF7	unowned
Code/GameEngine/Source/Common/OpaqueScalarDeletingDtorsB02.cpp	??_GRva003AD273@@UAEPAXI@Z	??1Rva003AD273@@UAE@XZ	0x003AD273	unowned
Code/GameEngine/Source/Common/OpaqueScalarDeletingDtorsB02.cpp	??_GRva003AD2AE@@UAEPAXI@Z	??1Rva003AD2AE@@UAE@XZ	0x003AD2AE	unowned
Code/GameEngine/Source/Common/OpaqueScalarDeletingDtorsB02.cpp	??_GRva003FDC41@@UAEPAXI@Z	??1Rva003FDC41@@UAE@XZ	0x003FDC41	unowned
Code/GameEngine/Source/Common/OpaqueScalarDeletingDtorsB02.cpp	??_GRva004851A8@@UAEPAXI@Z	??1Rva004851A8@@UAE@XZ	0x004851A8	unowned
Code/GameEngine/Source/Common/OpaqueScalarDeletingDtorsB02.cpp	??_GRva004C70A8@@UAEPAXI@Z	??1Rva004C70A8@@UAE@XZ	0x004C70A8	unowned
Code/GameEngine/Source/Common/OpaqueScalarDeletingDtorsB02.cpp	??_GRva00740555@@UAEPAXI@Z	??1Rva00740555@@UAE@XZ	0x00740555	unowned
Code/GameEngine/Source/Common/OpaqueScalarDeletingDtorsB03.cpp	??_GRva00148BC2@@UAEPAXI@Z	??1Rva00148BC2@@UAE@XZ	0x00148BC2	unowned
Code/GameEngine/Source/Common/OpaqueScalarDeletingDtorsB03.cpp	??_GRva001505CD@@UAEPAXI@Z	??1Rva001505CD@@UAE@XZ	0x001505CD	unowned
Code/GameEngine/Source/Common/OpaqueScalarDeletingDtorsB03.cpp	??_GRva001684D6@@UAEPAXI@Z	??1Rva001684D6@@UAE@XZ	0x001684D6	unowned
Code/GameEngine/Source/Common/OpaqueScalarDeletingDtorsB03.cpp	??_GRva001D92C0@@UAEPAXI@Z	??1Rva001D92C0@@UAE@XZ	0x001D92C0	unowned
Code/GameEngine/Source/Common/OpaqueScalarDeletingDtorsB03.cpp	??_GRva001E2AD9@@UAEPAXI@Z	??1Rva001E2AD9@@UAE@XZ	0x001E2AD9	unowned
Code/GameEngine/Source/Common/OpaqueScalarDeletingDtorsB03.cpp	??_GRva001E72B4@@UAEPAXI@Z	??1Rva001E72B4@@UAE@XZ	0x001E72B4	unowned
Code/GameEngine/Source/Common/OpaqueScalarDeletingDtorsB03.cpp	??_GRva001F9D98@@UAEPAXI@Z	??1Rva001F9D98@@UAE@XZ	0x001F9D98	unowned
Code/GameEngine/Source/Common/OpaqueScalarDeletingDtorsB03.cpp	??_GRva001FBD17@@UAEPAXI@Z	??1Rva001FBD17@@UAE@XZ	0x001FBD17	unowned
Code/GameEngine/Source/Common/OpaqueScalarDeletingDtorsB03.cpp	??_GRva001FE06A@@UAEPAXI@Z	??1Rva001FE06A@@UAE@XZ	0x001FE06A	unowned
Code/GameEngine/Source/Common/OpaqueScalarDeletingDtorsB03.cpp	??_GRva0037DEE4@@UAEPAXI@Z	??1Rva0037DEE4@@UAE@XZ	0x0037DEE4	unowned
Code/GameEngine/Source/Common/OpaqueScalarDeletingDtorsB03.cpp	?Clone@Rva001684D6@@UBEPAV1@XZ	??0Rva001684D6@@QAE@ABV0@@Z	0x00168527	unowned
Code/GameEngine/Source/Common/OpaqueScalarDeletingDtorsB04.cpp	??_GRva001FF909@@UAEPAXI@Z	??1Rva001FF909@@UAE@XZ	0x001FF909	unowned
Code/GameEngine/Source/Common/OpaqueScalarDeletingDtorsB04.cpp	??_GRva001FFE93@@UAEPAXI@Z	??1Rva001FFE93@@UAE@XZ	0x001FFE93	unowned
Code/GameEngine/Source/Common/OpaqueScalarDeletingDtorsB04.cpp	??_GRva0020DF0B@@UAEPAXI@Z	??1Rva0020DF0B@@UAE@XZ	0x0020DF0B	unowned
Code/GameEngine/Source/Common/OpaqueScalarDeletingDtorsB04.cpp	??_GRva00210B38@@UAEPAXI@Z	??1Rva00210B38@@UAE@XZ	0x00210B38	unowned
Code/GameEngine/Source/Common/OpaqueScalarDeletingDtorsB04.cpp	??_GRva0021113D@@UAEPAXI@Z	??1Rva0021113D@@UAE@XZ	0x0021113D	unowned
Code/GameEngine/Source/Common/OpaqueScalarDeletingDtorsB04.cpp	??_GRva00214405@@UAEPAXI@Z	??1Rva00214405@@UAE@XZ	0x00214405	unowned
Code/GameEngine/Source/Common/OpaqueScalarDeletingDtorsB04.cpp	??_GRva00216BF5@@UAEPAXI@Z	??1Rva00216BF5@@UAE@XZ	0x00216BF5	unowned
Code/GameEngine/Source/Common/OpaqueScalarDeletingDtorsB04.cpp	??_GRva0021FFEE@@UAEPAXI@Z	??1Rva0021FFEE@@UAE@XZ	0x0021FFEE	unowned
Code/GameEngine/Source/Common/OpaqueScalarDeletingDtorsB04.cpp	??_GRva00224A90@@UAEPAXI@Z	??1Rva00224A90@@UAE@XZ	0x00224A90	unowned
Code/GameEngine/Source/Common/OpaqueScalarDeletingDtorsB04.cpp	??_GRva00225A50@@UAEPAXI@Z	??1Rva00225A50@@UAE@XZ	0x00225A50	unowned
Code/GameEngine/Source/Common/OpaqueScalarDeletingDtorsB04.cpp	??_GRva002376CC@@UAEPAXI@Z	??1Rva002376CC@@UAE@XZ	0x002376CC	unowned
Code/GameEngine/Source/Common/OpaqueScalarDeletingDtorsB05.cpp	??_GRva00243BA0@@UAEPAXI@Z	??1Rva00243BA0@@UAE@XZ	0x00243BA0	unowned
Code/GameEngine/Source/Common/OpaqueScalarDeletingDtorsB05.cpp	??_GRva002563CE@@UAEPAXI@Z	??1Rva002563CE@@UAE@XZ	0x002563CE	unowned
Code/GameEngine/Source/Common/OpaqueScalarDeletingDtorsB05.cpp	??_GRva00256E96@@UAEPAXI@Z	??1Rva00256E96@@UAE@XZ	0x00256E96	unowned
Code/GameEngine/Source/Common/OpaqueScalarDeletingDtorsB05.cpp	??_GRva0026F445@@UAEPAXI@Z	??1Rva0026F445@@UAE@XZ	0x0026F445	unowned
Code/GameEngine/Source/Common/OpaqueScalarDeletingDtorsB05.cpp	??_GRva002793F0@@UAEPAXI@Z	??1Rva002793F0@@UAE@XZ	0x002793F0	unowned
Code/GameEngine/Source/Common/OpaqueScalarDeletingDtorsB05.cpp	??_GRva00286F8F@@UAEPAXI@Z	??1Rva00286F8F@@UAE@XZ	0x00286F8F	unowned
Code/GameEngine/Source/Common/OpaqueScalarDeletingDtorsB05.cpp	??_GRva002894A2@@UAEPAXI@Z	??1Rva002894A2@@UAE@XZ	0x002894A2	unowned
Code/GameEngine/Source/Common/OpaqueScalarDeletingDtorsB05.cpp	??_GRva00299CE4@@UAEPAXI@Z	??1Rva00299CE4@@UAE@XZ	0x00299CE4	unowned
Code/GameEngine/Source/Common/OpaqueScalarDeletingDtorsB05.cpp	??_GRva002A5B30@@UAEPAXI@Z	??1Rva002A5B30@@UAE@XZ	0x002A5B30	unowned
Code/GameEngine/Source/Common/OpaqueScalarDeletingDtorsB05.cpp	??_GRva002A921B@@UAEPAXI@Z	??1Rva002A921B@@UAE@XZ	0x002A921B	unowned
Code/GameEngine/Source/Common/OpaqueScalarDeletingDtorsB05.cpp	??_GRva002B964F@@UAEPAXI@Z	??1Rva002B964F@@UAE@XZ	0x002B964F	unowned
Code/GameEngine/Source/Common/OpaqueScalarDeletingDtorsB05.cpp	??_GRva002BFB2D@@UAEPAXI@Z	??1Rva002BFB2D@@UAE@XZ	0x002BFB2D	unowned
Code/GameEngine/Source/Common/OpaqueScalarDeletingDtorsB05.cpp	??_GRva002C6354@@UAEPAXI@Z	??1Rva002C6354@@UAE@XZ	0x002C6354	unowned
Code/GameEngine/Source/Common/OpaqueScalarDeletingDtorsB05.cpp	??_GRva002CCD56@@UAEPAXI@Z	??1Rva002CCD56@@UAE@XZ	0x002CCD56	unowned
Code/GameEngine/Source/Common/OpaqueScalarDeletingDtorsB05.cpp	??_GRva002D0588@@UAEPAXI@Z	??1Rva002D0588@@UAE@XZ	0x002D0588	unowned
Code/GameEngine/Source/Common/OpaqueScalarDeletingDtorsB05.cpp	??_GRva0047A724@@UAEPAXI@Z	??1Rva0047A724@@UAE@XZ	0x0047A724	unowned
Code/GameEngine/Source/Common/OpaqueScalarDeletingDtorsB05.cpp	??_GRva004905B0@@UAEPAXI@Z	??1Rva004905B0@@UAE@XZ	0x004905B0	unowned
Code/GameEngine/Source/Common/OpaqueScalarDeletingDtorsB06.cpp	??_GRva002D5380@@UAEPAXI@Z	??1Rva002D5380@@UAE@XZ	0x002D5380	unowned
Code/GameEngine/Source/Common/OpaqueScalarDeletingDtorsB06.cpp	??_GRva002E2AAE@@UAEPAXI@Z	??1Rva002E2AAE@@UAE@XZ	0x002E2AAE	unowned
Code/GameEngine/Source/Common/OpaqueScalarDeletingDtorsB06.cpp	??_GRva002FEBB7@@UAEPAXI@Z	??1Rva002FEBB7@@UAE@XZ	0x002FEBB7	unowned
Code/GameEngine/Source/Common/OpaqueScalarDeletingDtorsB06.cpp	??_GRva0030F4AF@@UAEPAXI@Z	??1Rva0030F4AF@@UAE@XZ	0x0030F4AF	unowned
Code/GameEngine/Source/Common/OpaqueScalarDeletingDtorsB06.cpp	??_GRva00319D01@@UAEPAXI@Z	??1Rva00319D01@@UAE@XZ	0x00319D01	unowned
Code/GameEngine/Source/Common/OpaqueScalarDeletingDtorsB06.cpp	??_GRva0031DCF0@@UAEPAXI@Z	??1Rva0031DCF0@@UAE@XZ	0x0031DCF0	unowned
Code/GameEngine/Source/Common/OpaqueScalarDeletingDtorsB06.cpp	??_GRva0032EC63@@UAEPAXI@Z	??1Rva0032EC63@@UAE@XZ	0x0032EC63	unowned
Code/GameEngine/Source/Common/OpaqueScalarDeletingDtorsB06.cpp	??_GRva00337AA8@@UAEPAXI@Z	??1Rva00337AA8@@UAE@XZ	0x00337AA8	unowned
Code/GameEngine/Source/Common/OpaqueScalarDeletingDtorsB07.cpp	??_GRva0036B8E6@@UAEPAXI@Z	??1Rva0036B8E6@@UAE@XZ	0x0036B8E6	unowned
Code/GameEngine/Source/Common/OpaqueScalarDeletingDtorsB07.cpp	??_GRva0037343B@@UAEPAXI@Z	??1Rva0037343B@@UAE@XZ	0x0037343B	unowned
Code/GameEngine/Source/Common/OpaqueScalarDeletingDtorsB07.cpp	??_GRva0038ADE2@@UAEPAXI@Z	??1Rva0038ADE2@@UAE@XZ	0x0038ADE2	unowned
Code/GameEngine/Source/Common/OpaqueScalarDeletingDtorsB07.cpp	??_GRva003B00D6@@UAEPAXI@Z	??1Rva003B00D6@@UAE@XZ	0x003B00D6	unowned
Code/GameEngine/Source/Common/OpaqueScalarDeletingDtorsB07.cpp	??_GRva003B0344@@UAEPAXI@Z	??1Rva003B0344@@UAE@XZ	0x003B0344	unowned
Code/GameEngine/Source/Common/OpaqueScalarDeletingDtorsB07.cpp	??_GRva003B923B@@UAEPAXI@Z	??1Rva003B923B@@UAE@XZ	0x003B923B	unowned
Code/GameEngine/Source/Common/OpaqueScalarDeletingDtorsB07.cpp	??_GRva003EE1BE@@UAEPAXI@Z	??1Rva003EE1BE@@UAE@XZ	0x003EE1BE	unowned
Code/GameEngine/Source/Common/OpaqueScalarDeletingDtorsB07.cpp	??_GRva003EF36E@@UAEPAXI@Z	??1Rva003EF36E@@UAE@XZ	0x003EF36E	unowned
Code/GameEngine/Source/Common/OpaqueScalarDeletingDtorsB07.cpp	??_GRva003F332E@@UAEPAXI@Z	??1Rva003F332E@@UAE@XZ	0x003F332E	unowned
Code/GameEngine/Source/Common/OpaqueScalarDeletingDtorsB07.cpp	??_GRva003F6A91@@UAEPAXI@Z	??1Rva003F6A91@@UAE@XZ	0x003F6A91	unowned
Code/GameEngine/Source/Common/OpaqueScalarDeletingDtorsB07.cpp	??_GRva003F8E20@@UAEPAXI@Z	??1Rva003F8E20@@UAE@XZ	0x003F8E20	unowned
Code/GameEngine/Source/Common/OpaqueScalarDeletingDtorsB07.cpp	??_GRva003F9D08@@UAEPAXI@Z	??1Rva003F9D08@@UAE@XZ	0x003F9D08	unowned
Code/GameEngine/Source/Common/OpaqueScalarDeletingDtorsB07.cpp	??_GRva003FCE38@@UAEPAXI@Z	??1Rva003FCE38@@UAE@XZ	0x003FCE38	unowned
Code/GameEngine/Source/Common/OpaqueScalarDeletingDtorsB07.cpp	??_GRva003FE58A@@UAEPAXI@Z	??1Rva003FE58A@@UAE@XZ	0x003FE58A	unowned
Code/GameEngine/Source/Common/OpaqueScalarDeletingDtorsB08.cpp	??_GRva000416E7@@UAEPAXI@Z	??1Rva000416E7@@UAE@XZ	0x000416E7	unowned
Code/GameEngine/Source/Common/OpaqueScalarDeletingDtorsB08.cpp	??_GRva000A43C8@@UAEPAXI@Z	??1Rva000A43C8@@UAE@XZ	0x000A43C8	unowned
Code/GameEngine/Source/Common/OpaqueScalarDeletingDtorsB08.cpp	??_GRva000D089D@@UAEPAXI@Z	??1Rva000D089D@@UAE@XZ	0x000D089D	unowned
Code/GameEngine/Source/Common/OpaqueScalarDeletingDtorsB09.cpp	??_GRva004CE36@@UAEPAXI@Z	??1Rva004CE36@@UAE@XZ	0x0004CE36	unowned
Code/GameEngine/Source/Common/OpaqueScalarDeletingDtorsB09.cpp	??_GRva004FA1F@@UAEPAXI@Z	??1Rva004FA1F@@UAE@XZ	0x0004FA1F	unowned
Code/GameEngine/Source/Common/OpaqueScalarDeletingDtorsB09.cpp	??_GRva0060FE2@@UAEPAXI@Z	??1Rva0060FE2@@UAE@XZ	0x00060FE2	unowned
Code/GameEngine/Source/Common/OpaqueScalarDeletingDtorsB09.cpp	??_GRva006D0D7@@UAEPAXI@Z	??1Rva006D0D7@@UAE@XZ	0x0006D0D7	unowned
Code/GameEngine/Source/Common/OpaqueScalarDeletingDtorsB09.cpp	??_GRva006DD51@@UAEPAXI@Z	??1Rva006DD51@@UAE@XZ	0x0006DD51	unowned
Code/GameEngine/Source/Common/OpaqueScalarDeletingDtorsB09.cpp	??_GRva006F7BD@@UAEPAXI@Z	??1Rva006F7BD@@UAE@XZ	0x0006F7BD	unowned
Code/GameEngine/Source/Common/OpaqueScalarDeletingDtorsB09.cpp	??_GRva0082140@@UAEPAXI@Z	??1Rva0082140@@UAE@XZ	0x00082140	unowned
Code/GameEngine/Source/Common/OpaqueScalarDeletingDtorsB09.cpp	??_GRva008BD5E@@UAEPAXI@Z	??1Rva008BD5E@@UAE@XZ	0x0008BD5E	unowned
Code/GameEngine/Source/Common/OpaqueScalarDeletingDtorsB09.cpp	??_GRva008F00D@@UAEPAXI@Z	??1Rva008F00D@@UAE@XZ	0x0008F00D	unowned
Code/GameEngine/Source/Common/OpaqueScalarDeletingDtorsB09.cpp	??_GRva009203A@@UAEPAXI@Z	??1Rva009203A@@UAE@XZ	0x0009203A	unowned
Code/GameEngine/Source/Common/OpaqueScalarDeletingDtorsB10.cpp	??_GRva0040E499@@UAEPAXI@Z	??1Rva0040E499@@UAE@XZ	0x0040E499	unowned
Code/GameEngine/Source/Common/OpaqueScalarDeletingDtorsB10.cpp	??_GRva00415CAB@@UAEPAXI@Z	??1Rva00415CAB@@UAE@XZ	0x00415CAB	unowned
Code/GameEngine/Source/Common/OpaqueScalarDeletingDtorsB10.cpp	??_GRva00419E38@@UAEPAXI@Z	??1Rva00419E38@@UAE@XZ	0x00419E38	unowned
Code/GameEngine/Source/Common/OpaqueScalarDeletingDtorsB10.cpp	??_GRva0041A644@@UAEPAXI@Z	??1Rva0041A644@@UAE@XZ	0x0041A644	unowned
Code/GameEngine/Source/Common/OpaqueScalarDeletingDtorsB10.cpp	??_GRva0041B790@@UAEPAXI@Z	??1Rva0041B790@@UAE@XZ	0x0041B790	unowned
Code/GameEngine/Source/Common/OpaqueScalarDeletingDtorsB10.cpp	??_GRva0041F042@@UAEPAXI@Z	??1Rva0041F042@@UAE@XZ	0x0041F042	unowned
Code/GameEngine/Source/Common/OpaqueScalarDeletingDtorsB10.cpp	??_GRva0041F94A@@UAEPAXI@Z	??1Rva0041F94A@@UAE@XZ	0x0041F94A	unowned
Code/GameEngine/Source/Common/OpaqueScalarDeletingDtorsB10.cpp	??_GRva0041FB13@@UAEPAXI@Z	??1Rva0041FB13@@UAE@XZ	0x0041FB13	unowned
Code/GameEngine/Source/Common/OpaqueScalarDeletingDtorsB10.cpp	??_GRva0042C5C3@@UAEPAXI@Z	??1Rva0042C5C3@@UAE@XZ	0x0042C5C3	unowned
Code/GameEngine/Source/Common/OpaqueScalarDeletingDtorsB10.cpp	??_GRva00431FB5@@UAEPAXI@Z	??1Rva00431FB5@@UAE@XZ	0x00431FB5	unowned
Code/GameEngine/Source/Common/OpaqueScalarDeletingDtorsB10.cpp	??_GRva00435DE7@@UAEPAXI@Z	??1Rva00435DE7@@UAE@XZ	0x00435DE7	unowned
Code/GameEngine/Source/Common/OpaqueScalarDeletingDtorsB10.cpp	??_GRva0043A396@@UAEPAXI@Z	??1Rva0043A396@@UAE@XZ	0x0043A396	unowned
Code/GameEngine/Source/Common/OpaqueScalarDeletingDtorsB10.cpp	??_GRva00488D3B@@UAEPAXI@Z	??1Rva00488D3B@@UAE@XZ	0x00488D3B	unowned
Code/GameEngine/Source/Common/OpaqueScalarDeletingDtorsB10.cpp	??_GRva0052163E@@UAEPAXI@Z	??1Rva0052163E@@UAE@XZ	0x0052163E	unowned
Code/GameEngine/Source/Common/OpaqueScalarDeletingDtorsB11.cpp	??_GRva004C1B7B@@UAEPAXI@Z	??1Rva004C1B7B@@UAE@XZ	0x004C1B7B	unowned
Code/GameEngine/Source/Common/OpaqueScalarDeletingDtorsB11.cpp	??_GRva004C6CC1@@UAEPAXI@Z	??1Rva004C6CC1@@UAE@XZ	0x004C6CC1	unowned
Code/GameEngine/Source/Common/OpaqueScalarDeletingDtorsB11.cpp	??_GRva004E0D67@@UAEPAXI@Z	??1Rva004E0D67@@UAE@XZ	0x004E0D67	unowned
Code/GameEngine/Source/Common/OpaqueScalarDeletingDtorsB11.cpp	??_GRva004E4655@@UAEPAXI@Z	??1Rva004E4655@@UAE@XZ	0x004E4655	unowned
Code/GameEngine/Source/Common/OpaqueScalarDeletingDtorsB11.cpp	??_GRva004EA3B8@@UAEPAXI@Z	??1Rva004EA3B8@@UAE@XZ	0x004EA3B8	unowned
Code/GameEngine/Source/Common/OpaqueScalarDeletingDtorsB11.cpp	??_GRva004EB5E9@@UAEPAXI@Z	??1Rva004EB5E9@@UAE@XZ	0x004EB5E9	unowned
Code/GameEngine/Source/Common/OpaqueScalarDeletingDtorsB11.cpp	??_GRva004EED02@@UAEPAXI@Z	??1Rva004EED02@@UAE@XZ	0x004EED02	unowned
Code/GameEngine/Source/Common/OpaqueScalarDeletingDtorsB11.cpp	??_GRva004FB130@@UAEPAXI@Z	??1Rva004FB130@@UAE@XZ	0x004FB130	unowned
Code/GameEngine/Source/Common/OpaqueScalarDeletingDtorsB11.cpp	??_GRva004FC4D1@@UAEPAXI@Z	??1Rva004FC4D1@@UAE@XZ	0x004FC4D1	unowned
Code/GameEngine/Source/Common/OpaqueScalarDeletingDtorsB11.cpp	??_GRva004FD1BC@@UAEPAXI@Z	??1Rva004FD1BC@@UAE@XZ	0x004FD1BC	unowned
Code/GameEngine/Source/Common/OpaqueScalarDeletingDtorsB11.cpp	??_GRva00510665@@UAEPAXI@Z	??1Rva00510665@@UAE@XZ	0x00510665	unowned
Code/GameEngine/Source/Common/OpaqueScalarDeletingDtorsB11.cpp	??_GRva00510D0C@@UAEPAXI@Z	??1Rva00510D0C@@UAE@XZ	0x00510D0C	unowned
Code/GameEngine/Source/Common/OpaqueScalarDeletingDtorsB12.cpp	??_GRva00513BAB@@UAEPAXI@Z	??1Rva00513BAB@@UAE@XZ	0x00513BAB	unowned
Code/GameEngine/Source/Common/OpaqueScalarDeletingDtorsB12.cpp	??_GRva005173F8@@UAEPAXI@Z	??1Rva005173F8@@UAE@XZ	0x005173F8	unowned
Code/GameEngine/Source/Common/OpaqueScalarDeletingDtorsB12.cpp	??_GRva005204EF@@UAEPAXI@Z	??1Rva005204EF@@UAE@XZ	0x005204EF	unowned
Code/GameEngine/Source/Common/OpaqueScalarDeletingDtorsB12.cpp	??_GRva00521977@@UAEPAXI@Z	??1Rva00521977@@UAE@XZ	0x00521977	unowned
Code/GameEngine/Source/Common/OpaqueScalarDeletingDtorsB12.cpp	??_GRva0052B497@@UAEPAXI@Z	??1Rva0052B497@@UAE@XZ	0x0052B497	unowned
Code/GameEngine/Source/Common/OpaqueScalarDeletingDtorsB12.cpp	??_GRva0055133F@@UAEPAXI@Z	??1Rva0055133F@@UAE@XZ	0x0055133F	unowned
Code/GameEngine/Source/Common/OpaqueScalarDeletingDtorsB12.cpp	??_GRva00567A69@@UAEPAXI@Z	??1Rva00567A69@@UAE@XZ	0x00567A69	unowned
Code/GameEngine/Source/Common/OpaqueScalarDeletingDtorsB12.cpp	??_GRva00574338@@UAEPAXI@Z	??1Rva00574338@@UAE@XZ	0x00574338	unowned
Code/GameEngine/Source/Common/OpaqueScalarDeletingDtorsB13.cpp	??_GRva00574CC1@@UAEPAXI@Z	??1Rva00574CC1@@UAE@XZ	0x00574CC1	unowned
Code/GameEngine/Source/Common/OpaqueScalarDeletingDtorsB13.cpp	??_GRva00575F38@@UAEPAXI@Z	??1Rva00575F38@@UAE@XZ	0x00575F38	unowned
Code/GameEngine/Source/Common/OpaqueScalarDeletingDtorsB13.cpp	??_GRva00576591@@UAEPAXI@Z	??1Rva00576591@@UAE@XZ	0x00576591	unowned
Code/GameEngine/Source/Common/OpaqueScalarDeletingDtorsB13.cpp	??_GRva00576803@@UAEPAXI@Z	??1Rva00576803@@UAE@XZ	0x00576803	unowned
Code/GameEngine/Source/Common/OpaqueScalarDeletingDtorsB13.cpp	??_GRva0057682F@@UAEPAXI@Z	??1Rva0057682F@@UAE@XZ	0x0057682F	unowned
Code/GameEngine/Source/Common/OpaqueScalarDeletingDtorsB13.cpp	??_GRva00576F48@@UAEPAXI@Z	??1Rva00576F48@@UAE@XZ	0x00576F48	unowned
Code/GameEngine/Source/Common/OpaqueScalarDeletingDtorsB13.cpp	??_GRva005770F2@@UAEPAXI@Z	??1Rva005770F2@@UAE@XZ	0x005770F2	unowned
Code/GameEngine/Source/Common/OpaqueScalarDeletingDtorsB13.cpp	??_GRva005770F7@@UAEPAXI@Z	??1Rva005770F7@@UAE@XZ	0x005770F7	unowned
Code/GameEngine/Source/Common/OpaqueScalarDeletingDtorsB13.cpp	??_GRva00578189@@UAEPAXI@Z	??1Rva00578189@@UAE@XZ	0x00578189	unowned
Code/GameEngine/Source/Common/OpaqueScalarDeletingDtorsB13.cpp	??_GRva00597BD4@@UAEPAXI@Z	??1Rva00597BD4@@UAE@XZ	0x00597BD4	unowned
Code/GameEngine/Source/Common/OpaqueScalarDeletingDtorsB13.cpp	??_GRva005990DF@@UAEPAXI@Z	??1Rva005990DF@@UAE@XZ	0x005990DF	unowned
Code/GameEngine/Source/Common/OpaqueScalarDeletingDtorsB13.cpp	??_GRva0059E242@@UAEPAXI@Z	??1Rva0059E242@@UAE@XZ	0x0059E242	unowned
Code/GameEngine/Source/Common/OpaqueScalarDeletingDtorsB13.cpp	??_GRva005CD3A5@@UAEPAXI@Z	??1Rva005CD3A5@@UAE@XZ	0x005CD3A5	unowned
Code/GameEngine/Source/Common/OpaqueScalarDeletingDtorsB14.cpp	??_GRva0059E5AE@@UAEPAXI@Z	??1Rva0059E5AE@@UAE@XZ	0x0059E5AE	unowned
Code/GameEngine/Source/Common/OpaqueScalarDeletingDtorsB14.cpp	??_GRva005A0009@@UAEPAXI@Z	??1Rva005A0009@@UAE@XZ	0x005A0009	unowned
Code/GameEngine/Source/Common/OpaqueScalarDeletingDtorsB14.cpp	??_GRva005B190D@@UAEPAXI@Z	??1Rva005B190D@@UAE@XZ	0x005B190D	unowned
Code/GameEngine/Source/Common/OpaqueScalarDeletingDtorsB14.cpp	??_GRva005B3D94@@UAEPAXI@Z	??1Rva005B3D94@@UAE@XZ	0x005B3D94	unowned
Code/GameEngine/Source/Common/OpaqueScalarDeletingDtorsB14.cpp	??_GRva005B5CF4@@UAEPAXI@Z	??1Rva005B5CF4@@UAE@XZ	0x005B5CF4	unowned
Code/GameEngine/Source/Common/OpaqueScalarDeletingDtorsB14.cpp	??_GRva005BA593@@UAEPAXI@Z	??1Rva005BA593@@UAE@XZ	0x005BA593	unowned
Code/GameEngine/Source/Common/OpaqueScalarDeletingDtorsB14.cpp	??_GRva005CC656@@UAEPAXI@Z	??1Rva005CC656@@UAE@XZ	0x005CC656	unowned
Code/GameEngine/Source/Common/OpaqueScalarDeletingDtorsB15.cpp	??_GRva005CC677@@UAEPAXI@Z	??1Rva005CC677@@UAE@XZ	0x005CC677	unowned
Code/GameEngine/Source/Common/OpaqueScalarDeletingDtorsB15.cpp	??_GRva005CE4FA@@UAEPAXI@Z	??1Rva005CE4FA@@UAE@XZ	0x005CE4FA	unowned
Code/GameEngine/Source/Common/OpaqueScalarDeletingDtorsB15.cpp	??_GRva005CE874@@UAEPAXI@Z	??1Rva005CE874@@UAE@XZ	0x005CE874	unowned
Code/GameEngine/Source/Common/OpaqueScalarDeletingDtorsB15.cpp	??_GRva005CEE07@@UAEPAXI@Z	??1Rva005CEE07@@UAE@XZ	0x005CEE07	unowned
Code/GameEngine/Source/Common/OpaqueScalarDeletingDtorsB15.cpp	??_GRva005CEE9F@@UAEPAXI@Z	??1Rva005CEE9F@@UAE@XZ	0x005CEE9F	unowned
Code/GameEngine/Source/Common/OpaqueScalarDeletingDtorsB15.cpp	??_GRva005CEF2F@@UAEPAXI@Z	??1Rva005CEF2F@@UAE@XZ	0x005CEF2F	unowned
Code/GameEngine/Source/Common/OpaqueScalarDeletingDtorsB15.cpp	??_GRva005D0643@@UAEPAXI@Z	??1Rva005D0643@@UAE@XZ	0x005D0643	unowned
Code/GameEngine/Source/Common/OpaqueScalarDeletingDtorsB16.cpp	??_GRva005D13BD@@UAEPAXI@Z	??1Rva005D13BD@@UAE@XZ	0x005D13BD	unowned
Code/GameEngine/Source/Common/OpaqueScalarDeletingDtorsB16.cpp	??_GRva005DB681@@UAEPAXI@Z	??1Rva005DB681@@UAE@XZ	0x005DB681	unowned
Code/GameEngine/Source/Common/OpaqueScalarDeletingDtorsB16.cpp	??_GRva005DCFC9@@UAEPAXI@Z	??1Rva005DCFC9@@UAE@XZ	0x005DCFC9	unowned
Code/GameEngine/Source/Common/OpaqueScalarDeletingDtorsB16.cpp	??_GRva005E1BD5@@UAEPAXI@Z	??1Rva005E1BD5@@UAE@XZ	0x005E1BD5	unowned
Code/GameEngine/Source/Common/OpaqueScalarDeletingDtorsB16.cpp	??_GRva005E278E@@UAEPAXI@Z	??1Rva005E278E@@UAE@XZ	0x005E278E	unowned
Code/GameEngine/Source/Common/OpaqueScalarDeletingDtorsB16.cpp	??_GRva005E29CD@@UAEPAXI@Z	??1Rva005E29CD@@UAE@XZ	0x005E29CD	unowned
Code/GameEngine/Source/Common/OpaqueScalarDeletingDtorsB17.cpp	??_GRva00576FCE@@UAEPAXI@Z	??1Rva00576FCE@@UAE@XZ	0x00576FCE	unowned
Code/GameEngine/Source/Common/OpaqueScalarDeletingDtorsB17.cpp	??_GRva005E5FA8@@UAEPAXI@Z	??1Rva005E5FA8@@UAE@XZ	0x005E5FA8	unowned
Code/GameEngine/Source/Common/OpaqueScalarDeletingDtorsB17.cpp	??_GRva005E66A4@@UAEPAXI@Z	??1Rva005E66A4@@UAE@XZ	0x005E66A4	unowned
Code/GameEngine/Source/Common/OpaqueScalarDeletingDtorsB17.cpp	??_GRva005EA85A@@UAEPAXI@Z	??1Rva005EA85A@@UAE@XZ	0x005EA85A	unowned
Code/GameEngine/Source/Common/OpaqueScalarDeletingDtorsB17.cpp	??_GRva005F4EE8@@UAEPAXI@Z	??1Rva005F4EE8@@UAE@XZ	0x005F4EE8	unowned
Code/GameEngine/Source/Common/OpaqueScalarDeletingDtorsB18.cpp	??_GRva005FAF5D@@UAEPAXI@Z	??1Rva005FAF5D@@UAE@XZ	0x005FAF5D	unowned
Code/GameEngine/Source/Common/OpaqueSingleInheritanceDtors.cpp	??1Rva003B0152@@UAE@XZ	??1Rva003B00D6@@UAE@XZ	0x003B00D6	unowned
Code/GameEngine/Source/Common/OpaqueSingleInheritanceDtors.cpp	??1Rva003B0401@@UAE@XZ	??1Rva003B0344@@UAE@XZ	0x003B0344	unowned
Code/GameEngine/Source/Common/OpaqueSingleInheritanceDtors.cpp	??1Rva004CA13@@UAE@XZ	??1Rva002D0588@@UAE@XZ	0x002D0588	unowned
Code/GameEngine/Source/Common/OpaqueSingleInheritanceDtors.cpp	??1Rva005C4B1B@@UAE@XZ	??1Rva003FCE38@@UAE@XZ	0x003FCE38	unowned
Code/GameEngine/Source/Common/OpaqueSingleInheritanceDtors.cpp	??1Rva00628FD@@UAE@XZ	??1Rva00224A90@@UAE@XZ	0x00224A90	unowned
Code/GameEngine/Source/Common/OpaqueSingleInheritanceDtors.cpp	??1Rva0062AF7@@UAE@XZ	??1Rva0028418A@@UAE@XZ	0x0028418A	unowned
Code/GameEngine/Source/Common/Open2Rec4F1120MapInsert.cpp	?_M_create_node@?$_Rb_tree@VAsciiString@@U?$pair@$$CBVAsciiString@@VOpen2Rec4F1120@@@_STL@@U?$_Select1st@U?$pair@$$CBVAsciiString@@VOpen2Rec4F1120@@@_STL@@@3@UAsciiComparator@@V?$allocator@U?$pair@$$CBVAsciiString@@VOpen2Rec4F1120@@@_STL@@@3@@_STL@@IAEPAU?$_Rb_tree_node@U?$pair@$$CBVAsciiString@@VOpen2Rec4F1120@@@_STL@@@2@ABU?$pair@$$CBVAsciiString@@VOpen2Rec4F1120@@@2@@Z	??$_Construct@U?$pair@$$CBVAsciiString@@VOpen2Rec4F1120@@@_STL@@U12@@_STL@@YAXPAU?$pair@$$CBVAsciiString@@VOpen2Rec4F1120@@@0@ABU10@@Z	0x0038353A	wrong
Code/GameEngine/Source/Common/OwnedPointerResets.cpp	??1Rva002B4349@@QAE@XZ	??1Rva004FA2E2@@QAE@XZ	0x004FA2E2	unowned
Code/GameEngine/Source/Common/OwnedPointerResets.cpp	?clear@Rva002B430C@@QAEXXZ	??1Rva004FA2E2@@QAE@XZ	0x004FA2E2	unowned
Code/GameEngine/Source/Common/OwnedPointerResets.cpp	?clear@Rva002D38D1@@QAEXXZ	??1Rva00527CCE@@QAE@XZ	0x00527CCE	unowned
Code/GameEngine/Source/Common/OwnedPointerResets.cpp	?clear@Rva0042D789@@QAEXXZ	??1Rva00578C43@@QAE@XZ	0x00578C43	unowned
Code/GameEngine/Source/Common/OwnedPointerResets.cpp	?clear@Rva005287D0@@QAEXXZ	??1Rva005282BA@@QAE@XZ	0x005282BA	unowned
Code/GameEngine/Source/Common/OwnedPointerResets.cpp	?clear@Rva005CF363@@QAEXXZ	??1Rva005CEFD3@@QAE@XZ	0x005CEFD3	unowned
Code/GameEngine/Source/Common/OwnedPointerResets.cpp	?clear@Rva005D0ABB@@QAEXXZ	??1Rva005D07E1@@QAE@XZ	0x005D07E1	unowned
Code/GameEngine/Source/Common/OwnedPointerResets.cpp	?clear@Rva005E4B9D@@QAEXXZ	??1Rva005E4925@@QAE@XZ	0x005E4925	unowned
Code/GameEngine/Source/Common/OwnedPointerResets.cpp	?clear@Rva005E6253@@QAEXXZ	??1Rva005E5FFB@@QAE@XZ	0x005E5FFB	unowned
Code/GameEngine/Source/Common/OwnedPointerResets.cpp	?clear@Rva005EB430@@QAEXXZ	??1Rva005EB2E7@@QAE@XZ	0x005EB2E7	unowned
Code/GameEngine/Source/Common/OwnedPointerResets.cpp	?clear@Rva005F4096@@QAEXXZ	??1Rva005F3FFC@@QAE@XZ	0x005F3FFC	unowned
Code/GameEngine/Source/Common/OwnedPointerResets.cpp	?clear@Rva005F50B9@@QAEXXZ	??1Rva005F501E@@QAE@XZ	0x005F501E	unowned
Code/GameEngine/Source/Common/OwnedPointerResets.cpp	?clear@Rva005FD95E@@QAEXXZ	??1Rva005FD628@@QAE@XZ	0x005FD628	unowned
Code/GameEngine/Source/Common/OwnedPointerResets.cpp	?reset@Rva002B4326@@QAEXPAVRva004FA2E2@@@Z	??1Rva004FA2E2@@QAE@XZ	0x004FA2E2	unowned
Code/GameEngine/Source/Common/OwnedPointerResets.cpp	?reset@Rva002D38EB@@QAEXPAVRva00527CCE@@@Z	??1Rva00527CCE@@QAE@XZ	0x00527CCE	unowned
Code/GameEngine/Source/Common/OwnedPointerResets.cpp	?reset@Rva0042D766@@QAEXPAVRva00578C43@@@Z	??1Rva00578C43@@QAE@XZ	0x00578C43	unowned
Code/GameEngine/Source/Common/PAVectorEraseRange003AF7A0.cpp	?push_back@?$vector@UElem003AF7A0@@V?$allocator@UElem003AF7A0@@@_STL@@@_STL@@QAEXABUElem003AF7A0@@@Z	?_M_insert_overflow@?$vector@UElem003AF7A0@@V?$allocator@UElem003AF7A0@@@_STL@@@_STL@@IAEXPAUElem003AF7A0@@ABU3@ABU__false_type@2@I_N@Z	0x005DC499	wrong
Code/GameEngine/Source/Common/PAVectorEraseRangeFamily003AF.cpp	?erase@?$vector@UElem003AF9E0@@V?$allocator@UElem003AF9E0@@@_STL@@@_STL@@QAEPAUElem003AF9E0@@PAU3@@Z	??$__copy_ptrs@PAUElem003AF9E0@@PAU1@@_STL@@YAPAUElem003AF9E0@@PAU1@00ABU__false_type@0@@Z	0x0031968A	wrong
Code/GameEngine/Source/Common/PAVectorEraseRangeFamily003AF.cpp	?erase@?$vector@UElem003B2540@@V?$allocator@UElem003B2540@@@_STL@@@_STL@@QAEPAUElem003B2540@@PAU3@@Z	??$__copy_ptrs@PAUElem003B2540@@PAU1@@_STL@@YAPAUElem003B2540@@PAU1@00ABU__false_type@0@@Z	0x003F325A	wrong
Code/GameEngine/Source/Common/PAVectorEraseRangeFamily003AF.cpp	?push_back@?$vector@UElem003AF9E0@@V?$allocator@UElem003AF9E0@@@_STL@@@_STL@@QAEXABUElem003AF9E0@@@Z	?_M_insert_overflow@?$vector@UElem003AF9E0@@V?$allocator@UElem003AF9E0@@@_STL@@@_STL@@IAEXPAUElem003AF9E0@@ABU3@ABU__false_type@2@I_N@Z	0x00565FC1	wrong
Code/GameEngine/Source/Common/ParseAllowedFactions.cpp	?parseAllowedFactions@@YAXPAVINI@@PAX1PBX@Z	?swap@?$_Rb_tree@VAsciiString@@V1@U?$_Identity@VAsciiString@@@_STL@@U?$less@VAsciiString@@@3@V?$allocator@VAsciiString@@@3@@_STL@@QAEXAAV12@@Z	0x0032AC92	wrong
Code/GameEngine/Source/Common/PartitionSolver.cpp	??0PartitionSolver@@QAE@ABV?$vector@U?$pair@W4ObjectID@@I@_STL@@V?$allocator@U?$pair@W4ObjectID@@I@_STL@@@2@@_STL@@0W4SolutionType@@@Z	??0?$_Vector_base@U?$pair@W4ObjectID@@I@_STL@@V?$allocator@U?$pair@W4ObjectID@@I@_STL@@@2@@_STL@@QAE@ABV?$allocator@U?$pair@W4ObjectID@@I@_STL@@@1@@Z	0x00211E58	wrong
Code/GameEngine/Source/Common/PartitionSolver.cpp	??0PartitionSolver@@QAE@ABV?$vector@U?$pair@W4ObjectID@@I@_STL@@V?$allocator@U?$pair@W4ObjectID@@I@_STL@@@2@@_STL@@0W4SolutionType@@@Z	??0?$_Vector_base@U?$pair@W4ObjectID@@W41@@_STL@@V?$allocator@U?$pair@W4ObjectID@@W41@@_STL@@@2@@_STL@@QAE@ABV?$allocator@U?$pair@W4ObjectID@@W41@@_STL@@@1@@Z	0x00211E58	wrong
Code/GameEngine/Source/Common/PartitionSolver.cpp	??0PartitionSolver@@QAE@ABV?$vector@U?$pair@W4ObjectID@@I@_STL@@V?$allocator@U?$pair@W4ObjectID@@I@_STL@@@2@@_STL@@0W4SolutionType@@@Z	??4?$vector@U?$pair@W4ObjectID@@I@_STL@@V?$allocator@U?$pair@W4ObjectID@@I@_STL@@@2@@_STL@@QAEAAV01@ABV01@@Z	0x001D9BEE	wrong
Code/GameEngine/Source/Common/PathfinderRva001E3647.cpp	?rva001E3647Pos@Pathfinder@@QAEPAXHPBUCoord3D@@@Z	?rva002E7964@Rva002E7964@@QAEXPAUICoord2D@@EPBUCoord3D@@@Z	0x002E7964	unowned
Code/GameEngine/Source/Common/PinnedForwarders1830.cpp	?getRadius@Rva0030B719Shape@@QBEMXZ	?rva0030B3D1@Rva0030B719Shape@@QAEXXZ	0x0030B3D1	unowned
Code/GameEngine/Source/Common/PinnedForwarders1830.cpp	?rva00068D43@Rva00068D43@@QAEXXZ	?rva000EDB47@Rva000EDB47@@QAEXXZ	0x000EDB47	unowned
Code/GameEngine/Source/Common/PinnedForwarders1830.cpp	?rva000A8AB4@Rva000A8AB4@@QAEXXZ	?rva0010FAEA@Rva0010FAEA@@QAEXXZ	0x0010FAEA	unowned
Code/GameEngine/Source/Common/PinnedForwarders1830.cpp	?rva000A8AC0@MilesStreamRef@@QAEXXZ	?rva0010FB64@MilesStream@@QAEXXZ	0x0010FB64	unowned
Code/GameEngine/Source/Common/PinnedForwarders1830.cpp	?rva000A8ACC@Rva000A8ACC@@QAEXXZ	?rva0010FBDE@Rva0010FBDE@@QAEXXZ	0x0010FBDE	unowned
Code/GameEngine/Source/Common/PinnedForwarders1830.cpp	?rva000A8B4B@Rva000A8B4B@@QAEXH@Z	?rva0010FEF3@Rva0010FEF3@@QAEXH@Z	0x0010FEF3	unowned
Code/GameEngine/Source/Common/PinnedForwarders1830.cpp	?rva000A8C6E@Rva000A8C6E@@QAEXH@Z	?rva0010FFA2@Rva0010FFA2@@QAEXH@Z	0x0010FFA2	unowned
Code/GameEngine/Source/Common/PinnedForwarders1830.cpp	?rva001ECEF6@Rva0023D607Holder@@QAEXXZ	?rva001ECE98@Rva001ECE98@@QAEXXZ	0x001ECE98	unowned
Code/GameEngine/Source/Common/PinnedForwarders1830.cpp	?rva0020EB41@Rva0020EB41@@QAEXXZ	?rva0020E9A1@Rva0020E9A1@@QAEXXZ	0x0020E9A1	unowned
Code/GameEngine/Source/Common/PinnedForwarders1830.cpp	?rva0029B16A@Rva0029B16A@@QAEXHH@Z	?rva004E5EBE@Rva004E5EBE@@QAEXHH@Z	0x004E5EBE	unowned
Code/GameEngine/Source/Common/PinnedForwarders1830.cpp	?rva0030B6E3@Rva0030B719Shape@@QAE?AURegion2D@@XZ	?rva0030B3D1@Rva0030B719Shape@@QAEXXZ	0x0030B3D1	unowned
Code/GameEngine/Source/Common/PinnedForwarders1830.cpp	?rva0030B706@Rva0030B719Shape@@QBEMXZ	?rva0030B3D1@Rva0030B719Shape@@QAEXXZ	0x0030B3D1	unowned
Code/GameEngine/Source/Common/PinnedForwarders1830.cpp	?rva005CCB16@Rva005CCB16@@QAEXXZ	?rva005CB283@Rva005CB283@@QAEXXZ	0x005CB283	unowned
Code/GameEngine/Source/Common/PlayerRva002AA00C.cpp	?rva002AA00C@Player@@QAEEPAVThingTemplate@@H@Z	?rva0033A69A@ThingTemplate@@QBEHPAVObject@@HH@Z	0x0033A69A	unowned
Code/GameEngine/Source/Common/PoolDeleteDeletingDtors01.cpp	??_GRva006DE320@@UAEPAXI@Z	??1Rva006DE320@@UAE@XZ	0x006DE350	wrong
Code/GameEngine/Source/Common/Q3LinearInsert00217F0E.cpp	?__linear_insert@@YAXPAUQ3SortElem16@@0U1@UQ3SortCompare@@@Z	??0BfmeElemQR@@QAE@ABU0@@Z	0x00217624	wrong
Code/GameEngine/Source/Common/R5VectorDtorEHFramedPolymorphic.cpp	??$uninitialized_fill_n@PAUGen003AA0D0@@IU1@@_STL@@YAPAUGen003AA0D0@@PAU1@IABU1@@Z	??$__uninitialized_fill_n@PAUGen003AA0D0@@IU1@@_STL@@YAPAUGen003AA0D0@@PAU1@IABU1@ABU__false_type@0@@Z	0x005DE7A3	divergent
Code/GameEngine/Source/Common/R5VectorDtorEHFramedPolymorphic.cpp	??4?$vector@UGen00141A00@@V?$allocator@UGen00141A00@@@_STL@@@_STL@@QAEAAV01@ABV01@@Z	??$_Destroy@PAUGen00141A00@@@_STL@@YAXPAUGen00141A00@@0@Z	0x002CF891	wrong
Code/GameEngine/Source/Common/R5VectorDtorEHFramedPolymorphic.cpp	??4?$vector@UGen00141A00@@V?$allocator@UGen00141A00@@@_STL@@@_STL@@QAEAAV01@ABV01@@Z	??$_M_allocate_and_copy@PBUGen00141A00@@@?$vector@UGen00141A00@@V?$allocator@UGen00141A00@@@_STL@@@_STL@@IAEPAUGen00141A00@@IPBU2@0@Z	0x002D0EDC	wrong
Code/GameEngine/Source/Common/R5VectorDtorEHFramedPolymorphic.cpp	??4?$vector@UGen00141A00@@V?$allocator@UGen00141A00@@@_STL@@@_STL@@QAEAAV01@ABV01@@Z	??$__copy_ptrs@PBUGen00141A00@@PAU1@@_STL@@YAPAUGen00141A00@@PBU1@0PAU1@ABU__false_type@0@@Z	0x002D0D5E	wrong
Code/GameEngine/Source/Common/R5VectorDtorEHFramedPolymorphic.cpp	??4?$vector@UGen00141A00@@V?$allocator@UGen00141A00@@@_STL@@@_STL@@QAEAAV01@ABV01@@Z	??$__uninitialized_copy@PBUGen00141A00@@PAU1@@_STL@@YAPAUGen00141A00@@PBU1@0PAU1@ABU__false_type@0@@Z	0x002D0D7B	wrong
Code/GameEngine/Source/Common/R5VectorDtorEHFramedPolymorphic.cpp	??4?$vector@UGen00141A00@@V?$allocator@UGen00141A00@@@_STL@@@_STL@@QAEAAV01@ABV01@@Z	?_M_clear@?$vector@UGen00141A00@@V?$allocator@UGen00141A00@@@_STL@@@_STL@@IAEXXZ	0x002CFB90	wrong
Code/GameEngine/Source/Common/R5VectorDtorEHFramedPolymorphic_Rva005de870.cpp	??0?$vector@UGen003AA0D0@@V?$allocator@UGen003AA0D0@@@_STL@@@_STL@@QAE@I@Z	??0Gen003AA0D0@@QAE@XZ	0x005DE5EA	wrong
Code/GameEngine/Source/Common/RTS/ActionManagerGetCanAttackObject.cpp	?bfmeContainedAttackVisitor@@YAXPAVObject@@PAX@Z	?getCanAttackObject@ActionManager@@QAE?AW4CanAttackResult@@PBVObject@@0W4CommandSourceType@@W4AbleToAttackType@@@Z	0x0041C6CF	unowned
Code/GameEngine/Source/Common/RTS/PlayerAddTeamToList.cpp	?push_back@?$list@PAVTeamPrototype@@V?$allocator@PAVTeamPrototype@@@_STL@@@_STL@@QAEXABQAVTeamPrototype@@@Z	?insert@?$list@PAVTeamPrototype@@V?$allocator@PAVTeamPrototype@@@_STL@@@_STL@@QAE?AU?$_List_iterator@PAVTeamPrototype@@U?$_Nonconst_traits@PAVTeamPrototype@@@_STL@@@2@U32@ABQAVTeamPrototype@@@Z	0x002ACF9C	divergent
Code/GameEngine/Source/Common/RTS/PlayerAiQueries.cpp	?rva002A9CB8@Player@@QAE_NXZ	?isSupplySourceAttacked@AIPlayer@@QAE_NXZ	0x004F1138	unowned
Code/GameEngine/Source/Common/RTS/PlayerBecomingTeamMember.cpp	?becomingTeamMember@Player@@QAEXPAVObject@@_N@Z	?awardInitialCaptureBonus@AutoDepositUpdate@@QAEXPAVPlayer@@@Z	0x0049A26F	unowned
Code/GameEngine/Source/Common/RTS/PlayerDeleter.cpp	??_GPlayer@@UAEPAXI@Z	??1Player@@UAE@XZ	0x002B11A7	unowned
Code/GameEngine/Source/Common/RTS/PlayerGetRelationship.cpp	?getRelationship@Player@@QBE?AW4Relationship@@PBV1@@Z	??$_M_find@H@?$hashtable@U?$pair@$$CBHW4Relationship@@@_STL@@HU?$hash@H@2@U?$_Select1st@U?$pair@$$CBHW4Relationship@@@_STL@@@2@U?$equal_to@H@2@V?$allocator@U?$pair@$$CBHW4Relationship@@@_STL@@@2@@_STL@@ABEPAU?$_Hashtable_node@U?$pair@$$CBHW4Relationship@@@_STL@@@1@ABH@Z	0x002888D4	divergent
Code/GameEngine/Source/Common/RTS/PlayerGetRelationship.cpp	?getRelationship@Player@@QBE?AW4Relationship@@PBVTeam@@@Z	??$_M_find@H@?$hashtable@U?$pair@$$CBHW4Relationship@@@_STL@@HU?$hash@H@2@U?$_Select1st@U?$pair@$$CBHW4Relationship@@@_STL@@@2@U?$equal_to@H@2@V?$allocator@U?$pair@$$CBHW4Relationship@@@_STL@@@2@@_STL@@ABEPAU?$_Hashtable_node@U?$pair@$$CBHW4Relationship@@@_STL@@@1@ABH@Z	0x002888D4	divergent
Code/GameEngine/Source/Common/RTS/PlayerList.cpp	?reset@PlayerList@@UAEXXZ	?clear@TeamFactory@@QAEXXZ	0x003A2F4C	unowned
Code/GameEngine/Source/Common/RTS/PlayerList_playerLoops.cpp	?init@PlayerList@@UAEXXZ	?init@Player@@QAEXPBVPlayerTemplate@@@Z	0x002AF729	unowned
Code/GameEngine/Source/Common/RTS/PlayerList_playerLoops.cpp	?rva002A7AE6@PlayerList@@UAEXXZ	?rva002B0D00@Player@@QAEXXZ	0x002B0D00	unowned
Code/GameEngine/Source/Common/RTS/PlayerList_playerLoops.cpp	?update@PlayerList@@UAEXXZ	?update@Player@@QAEXXZ	0x002AE770	unowned
Code/GameEngine/Source/Common/RTS/PlayerList_setLocalPlayer_Rva002A7B34.cpp	?setLocalPlayer@PlayerList@@QAEXPAVPlayer@@@Z	?becomingLocalPlayer@Player@@QAEX_N@Z	0x002ADFF2	unowned
Code/GameEngine/Source/Common/RTS/PlayerO1Shard.cpp	?doPowerDisable@@YAHPAVObject@@PAX@Z	?clearDisabled@Object@@QAE_NW4DisabledType@@@Z	0x00291CAC	unowned
Code/GameEngine/Source/Common/RTS/PlayerO1Shard.cpp	?findNaturalCommandCenter@Player@@QAEPAVObject@@XZ	?iterateObjects@Player@@QBEXP6AXPAVObject@@PAX@Z1@Z	0x002AB08B	wrong
Code/GameEngine/Source/Common/RTS/PlayerO1Shard.cpp	?grantScience@Player@@QAE_NW4ScienceType@@@Z	?addScience@Player@@AAE_NW4ScienceType@@@Z	0x002AD661	unowned
Code/GameEngine/Source/Common/RTS/PlayerO1Shard.cpp	?onPowerBrownOutChange@Player@@QAEX_N@Z	?iterateObjects@Player@@QBEXP6AXPAVObject@@PAX@Z1@Z	0x002AB08B	wrong
Code/GameEngine/Source/Common/RTS/PlayerRva002ACD09.cpp	?rva002ACD09@Player@@QAEXPAXH@Z	??4?$vector@IV?$allocator@I@_STL@@@_STL@@QAEAAV01@ABV01@@Z	0x0026F4F4	divergent
Code/GameEngine/Source/Common/RTS/PlayerRva002ADAC3.cpp	?rva002ADAC3@Player@@QAEXPBVUpgradeTemplate@@H@Z	?rva002AD9FD@Player@@QAEXPBVUpgradeTemplate@@H@Z	0x002AD9FD	unowned
Code/GameEngine/Source/Common/RTS/PlayerRva002AE252.cpp	?rva002AE252@Player@@QAEXXZ	??4?$vector@HV?$allocator@H@_STL@@@_STL@@QAEAAV01@ABV01@@Z	0x0021C21B	divergent
Code/GameEngine/Source/Common/RTS/PlayerRva002AE252.cpp	?rva002AE252@Player@@QAEXXZ	?addScience@Player@@AAE_NW4ScienceType@@@Z	0x002AD661	unowned
Code/GameEngine/Source/Common/RTS/PlayerRva002AE252.cpp	?rva002AE2ED@Player@@QAEXPAV1@@Z	?addScience@Player@@AAE_NW4ScienceType@@@Z	0x002AD661	unowned
Code/GameEngine/Source/Common/RTS/PlayerScienceAssign.cpp	?rva002AC425@Player@@QAEXABV?$vector@HV?$allocator@H@_STL@@@_STL@@@Z	??4?$vector@HV?$allocator@H@_STL@@@_STL@@QAEAAV01@ABV01@@Z	0x0021C21B	divergent
Code/GameEngine/Source/Common/RTS/PlayerSetCurrentlySelectedAIGroup.cpp	?rva002ACCA3@Player@@QAEXPAVAIGroup@@@Z	?getPart@Rva0018B8B0Arg@@QAEPAUBfmePartCDF@@XZ	0x0036F710	unowned
Code/GameEngine/Source/Common/RTS/PlayerTeamPrototypeQueries.cpp	?findClosestByKindOf@Player@@QAEPAVObject@@PAV2@V?$BitFlags@$0HE@@@1@Z	??0Rva002AA3D4Search@@QAE@XZ	0x002A991D	unowned
Code/GameEngine/Source/Common/RTS/PlayerTemplateProductionParsers.cpp	?parseProductionTimeChange@PlayerTemplate@@KAXPAVINI@@PAX1PBX@Z	?rva001FDE3F@Rva001FDE3F@@QAEAAMABVAsciiString@@@Z	0x001FDE3F	unowned
Code/GameEngine/Source/Common/RTS/ProductionPrerequisite.cpp	??$__uninitialized_copy@PAUPrereqUnitRec@ProductionPrerequisite@@PAU12@@_STL@@YAPAUPrereqUnitRec@ProductionPrerequisite@@PAU12@00ABU__false_type@0@@Z	??0PrereqUnitRec@ProductionPrerequisite@@QAE@ABU01@@Z	0x004EE1A9	divergent
Code/GameEngine/Source/Common/RTS/ProductionPrerequisite.cpp	??$__uninitialized_fill_n@PAUPrereqUnitRec@ProductionPrerequisite@@IU12@@_STL@@YAPAUPrereqUnitRec@ProductionPrerequisite@@PAU12@IABU12@ABU__false_type@0@@Z	??0PrereqUnitRec@ProductionPrerequisite@@QAE@ABU01@@Z	0x004EE1A9	divergent
Code/GameEngine/Source/Common/RTS/ProductionPrerequisite.cpp	?push_back@?$vector@UPrereqUnitRec@ProductionPrerequisite@@V?$allocator@UPrereqUnitRec@ProductionPrerequisite@@@_STL@@@_STL@@QAEXABUPrereqUnitRec@ProductionPrerequisite@@@Z	??$_Construct@UPrereqUnitRec@ProductionPrerequisite@@U12@@_STL@@YAXPAUPrereqUnitRec@ProductionPrerequisite@@ABU12@@Z	0x002CF99D	divergent
Code/GameEngine/Source/Common/RTS/ProductionPrerequisiteIsSatisfied_ProductionPrerequisite_isSatisfied.cpp	?isSatisfied@ProductionPrerequisite@@QBE_NPBVPlayer@@@Z	?hasUpgradeComplete@Player@@QAE_NPBVUpgradeTemplate@@@Z	0x002AB87D	wrong
Code/GameEngine/Source/Common/RTS/RelationMapXfer.cpp	?xfer@PlayerRelationMap@@MAEXPAVXfer@@@Z	??A?$hash_map@HW4Relationship@@U?$hash@H@_STL@@U?$equal_to@H@3@V?$allocator@U?$pair@$$CBHW4Relationship@@@_STL@@@3@@_STL@@QAEAAW4Relationship@@ABH@Z	0x0041F4E5	divergent
Code/GameEngine/Source/Common/RTS/RelationMapXfer.cpp	?xfer@PlayerRelationMap@@MAEXPAVXfer@@@Z	??E?$_Ht_iterator@U?$pair@$$CBHW4Relationship@@@_STL@@U?$_Nonconst_traits@U?$pair@$$CBHW4Relationship@@@_STL@@@2@HU?$hash@H@2@U?$_Select1st@U?$pair@$$CBHW4Relationship@@@_STL@@@2@U?$equal_to@H@2@V?$allocator@U?$pair@$$CBHW4Relationship@@@_STL@@@2@@_STL@@QAEAAU01@XZ	0x0041E832	wrong
Code/GameEngine/Source/Common/RTS/RelationMapXfer.cpp	?xfer@PlayerRelationMap@@MAEXPAVXfer@@@Z	?begin@?$hashtable@U?$pair@$$CBHW4Relationship@@@_STL@@HU?$hash@H@2@U?$_Select1st@U?$pair@$$CBHW4Relationship@@@_STL@@@2@U?$equal_to@H@2@V?$allocator@U?$pair@$$CBHW4Relationship@@@_STL@@@2@@_STL@@QAE?AU?$_Ht_iterator@U?$pair@$$CBHW4Relationship@@@_STL@@U?$_Nonconst_traits@U?$pair@$$CBHW4Relationship@@@_STL@@@2@HU?$hash@H@2@U?$_Select1st@U?$pair@$$CBHW4Relationship@@@_STL@@@2@U?$equal_to@H@2@V?$allocator@U?$pair@$$CBHW4Relationship@@@_STL@@@2@@2@XZ	0x00427195	divergent
Code/GameEngine/Source/Common/RTS/RelationMapXfer.cpp	?xfer@TeamRelationMap@@MAEXPAVXfer@@@Z	??A?$hash_map@IW4Relationship@@U?$hash@I@_STL@@U?$equal_to@I@3@V?$allocator@U?$pair@$$CBIW4Relationship@@@_STL@@@3@@_STL@@QAEAAW4Relationship@@ABI@Z	0x0041F4E5	divergent
Code/GameEngine/Source/Common/RTS/RelationMapXfer.cpp	?xfer@TeamRelationMap@@MAEXPAVXfer@@@Z	??E?$_Ht_iterator@U?$pair@$$CBIW4Relationship@@@_STL@@U?$_Nonconst_traits@U?$pair@$$CBIW4Relationship@@@_STL@@@2@IU?$hash@I@2@U?$_Select1st@U?$pair@$$CBIW4Relationship@@@_STL@@@2@U?$equal_to@I@2@V?$allocator@U?$pair@$$CBIW4Relationship@@@_STL@@@2@@_STL@@QAEAAU01@XZ	0x0041E832	wrong
Code/GameEngine/Source/Common/RTS/ResourceGatheringManagerLists.cpp	?removeSupplyCenter@ResourceGatheringManager@@QAEXPAVObject@@@Z	?erase@?$list@IV?$allocator@I@_STL@@@_STL@@QAE?AU?$_List_iterator@IU?$_Nonconst_traits@I@_STL@@@2@U32@@Z	0x00438539	wrong
Code/GameEngine/Source/Common/RTS/ResourceGatheringManagerLists.cpp	?removeSupplyWarehouse@ResourceGatheringManager@@QAEXPAVObject@@@Z	?erase@?$list@IV?$allocator@I@_STL@@@_STL@@QAE?AU?$_List_iterator@IU?$_Nonconst_traits@I@_STL@@@2@U32@@Z	0x00438539	wrong
Code/GameEngine/Source/Common/RTS/Rva000D3FA0Destructor.cpp	??1?$hash_map@IW4Rva000D3FA0Relationship@@U?$hash@I@_STL@@U?$equal_to@I@3@V?$allocator@U?$pair@$$CBIW4Rva000D3FA0Relationship@@@_STL@@@3@@_STL@@QAE@XZ	??1?$hashtable@U?$pair@$$CBIW4Rva000D3FA0Relationship@@@_STL@@IU?$hash@I@2@U?$_Select1st@U?$pair@$$CBIW4Rva000D3FA0Relationship@@@_STL@@@2@U?$equal_to@I@2@V?$allocator@U?$pair@$$CBIW4Rva000D3FA0Relationship@@@_STL@@@2@@_STL@@QAE@XZ	0x002418E2	wrong
Code/GameEngine/Source/Common/RTS/Rva000D3FA0Destructor.cpp	??1Rva000D3FA0Map@@UAE@XZ	??1?$hashtable@U?$pair@$$CBIW4Rva000D3FA0Relationship@@@_STL@@IU?$hash@I@2@U?$_Select1st@U?$pair@$$CBIW4Rva000D3FA0Relationship@@@_STL@@@2@U?$equal_to@I@2@V?$allocator@U?$pair@$$CBIW4Rva000D3FA0Relationship@@@_STL@@@2@@_STL@@QAE@XZ	0x002418E2	wrong
Code/GameEngine/Source/Common/RTS/Rva000D3FA0Destructor.cpp	??1Rva000D3FA0Map@@UAE@XZ	?clear@?$hashtable@U?$pair@$$CBIW4Rva000D3FA0Relationship@@@_STL@@IU?$hash@I@2@U?$_Select1st@U?$pair@$$CBIW4Rva000D3FA0Relationship@@@_STL@@@2@U?$equal_to@I@2@V?$allocator@U?$pair@$$CBIW4Rva000D3FA0Relationship@@@_STL@@@2@@_STL@@QAEXXZ	0x00240C60	wrong
Code/GameEngine/Source/Common/RTS/Rva000D3FA0Destructor.cpp	?clear@?$hash_map@IW4Rva000D3FA0Relationship@@U?$hash@I@_STL@@U?$equal_to@I@3@V?$allocator@U?$pair@$$CBIW4Rva000D3FA0Relationship@@@_STL@@@3@@_STL@@QAEXXZ	?clear@?$hashtable@U?$pair@$$CBIW4Rva000D3FA0Relationship@@@_STL@@IU?$hash@I@2@U?$_Select1st@U?$pair@$$CBIW4Rva000D3FA0Relationship@@@_STL@@@2@U?$equal_to@I@2@V?$allocator@U?$pair@$$CBIW4Rva000D3FA0Relationship@@@_STL@@@2@@_STL@@QAEXXZ	0x00240C60	wrong
Code/GameEngine/Source/Common/RTS/Rva00210347Insert.cpp	?rva00210347@Rva00210347@@QAEAAU?$pair@$$CBVAsciiString@@UNoCaseTreeValue4@@@_STL@@ABU23@@Z	?rva00212858@Rva000427195@@QAEXI@Z	0x00212858	unowned
Code/GameEngine/Source/Common/RTS/Rva00246FD7Finish.cpp	??0Rva00246FD7@@QAE@XZ	??0?$hashtable@U?$pair@$$CBW4NameKeyType@@VArmorTemplate@@@_STL@@W4NameKeyType@@U?$hash@W4NameKeyType@@@rts@@U?$_Select1st@U?$pair@$$CBW4NameKeyType@@VArmorTemplate@@@_STL@@@2@U?$equal_to@W4NameKeyType@@@Rva00246FD7Twin@@V?$allocator@U?$pair@$$CBW4NameKeyType@@VArmorTemplate@@@_STL@@@2@@_STL@@QAE@IABU?$hash@W4NameKeyType@@@rts@@ABU?$equal_to@W4NameKeyType@@@Rva00246FD7Twin@@ABV?$allocator@U?$pair@$$CBW4NameKeyType@@VArmorTemplate@@@_STL@@@1@@Z	0x0024619A	wrong
Code/GameEngine/Source/Common/RTS/Rva00739AF0Siblings.cpp	?rva00739AF0@Rva00739AF0@@QAEXPAUFloatRect0073CE30@@HI@Z	?rva0073CC60@Gen_008F7CD0@@QAEXPAUFloatRect0073CE30@@HI@Z	0x0073CC60	unowned
Code/GameEngine/Source/Common/RTS/Rva0073DFD0Finish.cpp	?reset@ShroudManager@@QAEXXZ	??0Rva0073DFD0Element@@QAE@XZ	0x0073B600	unowned
Code/GameEngine/Source/Common/RTS/Rva0073DFD0Finish.cpp	?reset@ShroudManager@@QAEXXZ	??1Rva0073DFD0Element@@QAE@XZ	0x0069E440	wrong
Code/GameEngine/Source/Common/RTS/ScoreKeeperDeleter.cpp	??_GScoreKeeper@@UAEPAXI@Z	??1ScoreKeeper@@UAE@XZ	0x0039C2B5	unowned
Code/GameEngine/Source/Common/RTS/ShroudManagerImpl008FBA40CtorDrain.cpp	??0?$deque@UGen_t_008fb350_p12pod@@V?$allocator@UGen_t_008fb350_p12pod@@@_STL@@@_STL@@QAE@ABV?$allocator@UGen_t_008fb350_p12pod@@@1@@Z	?_M_initialize_map@?$_Deque_base@UGen_t_008fb350_p12pod@@V?$allocator@UGen_t_008fb350_p12pod@@@_STL@@@_STL@@IAEXI@Z	0x0073C9D0	wrong
Code/GameEngine/Source/Common/RTS/ShroudVariantCircle008F9BB0.cpp	?bfmeCallXO@@YA_NHHHUBfmeArgXO@@@Z	?bfmeUpdateVRC@BfmeShroudVRC@@QAEDHHH@Z	0x0073A650	unowned
Code/GameEngine/Source/Common/RTS/TeamDeleter.cpp	??_GTeam@@MAEPAXI@Z	??1Team@@MAE@XZ	0x003A354F	unowned
Code/GameEngine/Source/Common/RTS/TeamFactoryCtorThunk_Rva003a2943.cpp	?_M_insert@?$_Rb_tree@U?$pair@HH@_STL@@U?$pair@$$CBU?$pair@HH@_STL@@PAVTeamPrototype@@@2@U?$_Select1st@U?$pair@$$CBU?$pair@HH@_STL@@PAVTeamPrototype@@@_STL@@@2@U?$less@U?$pair@HH@_STL@@@2@V?$allocator@U?$pair@$$CBU?$pair@HH@_STL@@PAVTeamPrototype@@@_STL@@@2@@_STL@@AAE?AU?$_Rb_tree_iterator@U?$pair@$$CBU?$pair@HH@_STL@@PAVTeamPrototype@@@_STL@@U?$_Nonconst_traits@U?$pair@$$CBU?$pair@HH@_STL@@PAVTeamPrototype@@@_STL@@@2@@2@PAU_Rb_tree_node_base@2@0ABU?$pair@$$CBU?$pair@HH@_STL@@PAVTeamPrototype@@@2@0@Z	?_M_create_node@?$_Rb_tree@U?$pair@HH@_STL@@U?$pair@$$CBU?$pair@HH@_STL@@PAVTeamPrototype@@@2@U?$_Select1st@U?$pair@$$CBU?$pair@HH@_STL@@PAVTeamPrototype@@@_STL@@@2@U?$less@U?$pair@HH@_STL@@@2@V?$allocator@U?$pair@$$CBU?$pair@HH@_STL@@PAVTeamPrototype@@@_STL@@@2@@_STL@@IAEPAU?$_Rb_tree_node@U?$pair@$$CBU?$pair@HH@_STL@@PAVTeamPrototype@@@_STL@@@2@ABU?$pair@$$CBU?$pair@HH@_STL@@PAVTeamPrototype@@@2@@Z	0x0039F5DC	wrong
Code/GameEngine/Source/Common/RTS/TeamFactoryDtor.cpp	??1TeamFactory@@UAE@XZ	?clear@TeamFactory@@QAEXXZ	0x003A2F4C	unowned
Code/GameEngine/Source/Common/RTS/TeamGetControllingPlayer.cpp	?getRelationship@Team@@QBE?AW4Relationship@@PBV1@@Z	??$_M_find@H@?$hashtable@U?$pair@$$CBHW4Relationship@@@_STL@@HU?$hash@H@2@U?$_Select1st@U?$pair@$$CBHW4Relationship@@@_STL@@@2@U?$equal_to@H@2@V?$allocator@U?$pair@$$CBHW4Relationship@@@_STL@@@2@@_STL@@ABEPAU?$_Hashtable_node@U?$pair@$$CBHW4Relationship@@@_STL@@@1@ABH@Z	0x002888D4	divergent
Code/GameEngine/Source/Common/RTS/TeamGetControllingPlayer.cpp	?rva003A0CD1@TeamPrototype@@QAEXXZ	?removeTeamPrototypeFromList@TeamFactory@@QAEXPAVTeamPrototype@@@Z	0x0039FE11	wrong
Code/GameEngine/Source/Common/RTS/TeamGetControllingPlayer.cpp	?updateState@TeamPrototype@@QAEXXZ	?updateState@Team@@QAEXXZ	0x0039F0E3	unowned
Code/GameEngine/Source/Common/RTS/TeamPrototypeDtor.cpp	??1TeamPrototype@@MAE@XZ	??1TeamTemplateInfo@@UAE@XZ	0x0039EAED	unowned
Code/GameEngine/Source/Common/RTS/TeamPrototypeTeamIterators.cpp	?countObjectsByThingTemplate@TeamPrototype@@QBEXHPBQBVThingTemplate@@_NPAH1@Z	?countObjectsByThingTemplate@Team@@QBEXHPBQBVThingTemplate@@_NPAH1@Z	0x0039DB89	unowned
Code/GameEngine/Source/Common/RTS/TeamPrototypeTeamIterators.cpp	?damageTeamMembers@TeamPrototype@@QAEXM@Z	?damageTeamMembers@Team@@QAE_NM@Z	0x0039E76C	unowned
Code/GameEngine/Source/Common/RTS/TeamRva0039E8EB.cpp	?rva0039E8FF@Team@@QAE_NH@Z	?bfmeHas985C@BfmeArg985@@QAEDH@Z	0x002940B9	unowned
Code/GameEngine/Source/Common/RTS/TeamTemplateInfoDeleter.cpp	??_GTeamTemplateInfo@@UAEPAXI@Z	??1TeamTemplateInfo@@UAE@XZ	0x0039EAED	unowned
Code/GameEngine/Source/Common/RTS/TunnelTrackerContain.cpp	?healObject@TunnelTracker@@SAXPAVObject@@PAX@Z	??0DamageInfo@@QAE@XZ	0x00263895	divergent
Code/GameEngine/Source/Common/RTS/TunnelTrackerXfer.cpp	?xfer@TunnelTracker@@MAEXPAVXfer@@@Z	?push_back@?$list@W4ObjectID@@V?$allocator@W4ObjectID@@@_STL@@@_STL@@QAEXABW4ObjectID@@@Z	0x0005548F	divergent
Code/GameEngine/Source/Common/Rva00034C90Finish.cpp	?wrapper@Rva00034C90@@QAEXXZ	?rva00033930@Rva00034C90@@QAEXXZ	0x00033930	unowned
Code/GameEngine/Source/Common/Rva00034C90Finish.cpp	uw_0075cc40	??1Rva00034C90Lock@@QAE@XZ	0x000317C0	wrong
Code/GameEngine/Source/Common/Rva00053D66Assign.cpp	?assign@Rva00053D66DeviceRef@@QAEXPAVRva000A8903AudioDevice@@@Z	??1Rva00A897D@@UAE@XZ	0x000A897D	unowned
Code/GameEngine/Source/Common/Rva00053D89Clear.cpp	?clear@Rva00053D89@@QAEXXZ	??1Rva00A897D@@UAE@XZ	0x000A897D	unowned
Code/GameEngine/Source/Common/Rva0005E13CBody.cpp	?rva0005E13C@Rva0005E13CHost@@QAE_NPBURva0005E13CArg@@@Z	?helper@Rva0005E13CHost@@QAE_NPBURva0005E13CInner1@@@Z	0x0005D425	unowned
Code/GameEngine/Source/Common/Rva00066A9ABody.cpp	?rva00066A9A@Rva00066A9AHost@@QAEXXZ	?headA@Rva00066A9AHost@@QAEXXZ	0x00077F80	unowned
Code/GameEngine/Source/Common/Rva00066A9ABody.cpp	?rva00066A9A@Rva00066A9AHost@@QAEXXZ	?headB@Rva00066A9ASub@@QAEXXZ	0x0007E89C	unowned
Code/GameEngine/Source/Common/Rva00068073Bodies.cpp	?rva00068073@Rva00068073Host@@QAEXHMH@Z	?rva000E912A@W3DPropBuffer@@QAEXHMH@Z	0x000E912A	unowned
Code/GameEngine/Source/Common/Rva00068073Bodies.cpp	?rva00068073@Rva00068073Host@@QAEXHMH@Z	?rva000EE04A@W3DPropBuffer@@QAEXHM@Z	0x000EE04A	unowned
Code/GameEngine/Source/Common/Rva00068073Bodies.cpp	?rva000680D6@Rva00068073Host@@QAEXPBUCoord3D@@ABVGeometryInfo@@M@Z	?rva000E9D18@W3DPropBuffer@@QAEXPBUCoord3D@@ABVGeometryInfo@@M@Z	0x000E9D18	unowned
Code/GameEngine/Source/Common/Rva0007D9B5Bodies.cpp	?rva0007D9B5@Rva0007D9B5Host@@QAEXH@Z	?other@Rva0007D9B5Host@@QAEXXZ	0x0007C8AE	unowned
Code/GameEngine/Source/Common/Rva0007D9B5Bodies.cpp	?rva0007D9CF@Rva0007D9B5Host@@QAEXPBH@Z	?other@Rva0007D9B5Host@@QAEXXZ	0x0007C8AE	unowned
Code/GameEngine/Source/Common/Rva0007F92AGuard.cpp	?rva0007F92A@Rva0007F92AHost@@QAEXHH@Z	?rva0007F87C@Rva0007F92AHost@@QAEXHH@Z	0x0007F87C	unowned
Code/GameEngine/Source/Common/Rva00082E1DInitFamily.cpp	?Start@Rva00082E1DObj@@QAEXH@Z	?Init@Rva00082E1DBase@@QAEXXZ	0x00082D6A	unowned
Code/GameEngine/Source/Common/Rva0008AFDCDestroy.cpp	?Rva0008AFDCDestroy@@YAXPAX0@Z	?Rva0008A1FDDestroy@@YAXPAX0H@Z	0x0008A1FD	unowned
Code/GameEngine/Source/Common/Rva000A79F7Permuted.cpp	?erase@?$_Rb_tree@UTreeKey00242F5E@@U1@U?$_Identity@UTreeKey00242F5E@@@_STL@@U?$less@UTreeKey00242F5E@@@3@V?$allocator@UTreeKey00242F5E@@@3@@_STL@@QAEXU?$_Rb_tree_iterator@UTreeKey00242F5E@@U?$_Nonconst_traits@UTreeKey00242F5E@@@_STL@@@2@0@Z	?clear@?$_Rb_tree@UTreeKey00242F5E@@U1@U?$_Identity@UTreeKey00242F5E@@@_STL@@U?$less@UTreeKey00242F5E@@@3@V?$allocator@UTreeKey00242F5E@@@3@@_STL@@QAEXXZ	0x000A79CE	wrong
Code/GameEngine/Source/Common/Rva000A98BACleanup.cpp	?Rva000A98BACleanup@@YAXXZ	??1Rva0011018B@@UAE@XZ	0x0011018B	unowned
Code/GameEngine/Source/Common/Rva000AEFAA.cpp	??0Rva000AEF42@@QAE@PAXPAVBfmeParserRegistryVE@@PBVAsciiString@@@Z	??0BfmeParserBindingBaseVE@@QAE@PAVBfmeParserRegistryVE@@PAX1@Z	0x000ABB87	wrong
Code/GameEngine/Source/Common/Rva000AEFAA.cpp	??0Rva000AEFAA@@QAE@PAXPAVBfmeParserRegistryVE@@PBVAsciiString@@@Z	??0BfmeParserBindingBaseVE@@QAE@PAVBfmeParserRegistryVE@@PAX1@Z	0x000ABB87	wrong
Code/GameEngine/Source/Common/Rva000AEFAA.cpp	??0Rva000AF082@@QAE@PAVBfmeParserRegistryVE@@PBVAsciiString@@@Z	??0BfmeParserBindingBaseVE@@QAE@PAVBfmeParserRegistryVE@@PAX1@Z	0x000ABB87	wrong
Code/GameEngine/Source/Common/Rva000AEFAA.cpp	??0Rva000AF0E4@@QAE@PAVBfmeParserRegistryVE@@PBVAsciiString@@@Z	??0BfmeParserBindingBaseVE@@QAE@PAVBfmeParserRegistryVE@@PAX1@Z	0x000ABB87	wrong
Code/GameEngine/Source/Common/Rva000AF917Finish.cpp	?readTexClass@WorldHeightMap@@IAEXPAUTXTextureClass@@PAPAVTileData@@@Z	?readTiles@WorldHeightMap@@SA_NPAVInputStream@@0PAPAVTileData@@H@Z	0x000ABEA0	unowned
Code/GameEngine/Source/Common/Rva000B3271.cpp	?rva000B3271@Rva000B3271@@QAEXPBVRadiusDecalTemplate@@@Z	?bfmeAskBIC@BfmeSubBIC@@QAEHXZ	0x00290FC9	unowned
Code/GameEngine/Source/Common/Rva000B450BCopy.cpp	??0Rva000B450B@@QAE@ABV0@@Z	??0gslice@_STL@@QAE@ABV01@@Z	0x000B43E5	unowned
Code/GameEngine/Source/Common/Rva000B8F5A.cpp	?rva000BFD77@Rva000B8F5A@@QAEXXZ	?rva000BF9FC@Rva000B8F5AOuter@@QAEXPAXHH@Z	0x000BF9FC	unowned
Code/GameEngine/Source/Common/Rva000B8F5A.cpp	?rva000BFD9F@Rva000B8F5A@@QAEXXZ	?rva000BF9FC@Rva000B8F5AOuter@@QAEXPAXHH@Z	0x000BF9FC	unowned
Code/GameEngine/Source/Common/Rva000BBE29.cpp	?rva000BBE29@@YG_NHPAUVector3@@@Z	?rva000BBDDF@@YGPAXHH@Z	0x000BBDDF	unowned
Code/GameEngine/Source/Common/Rva000C79C9Derived.cpp	??1Rva000CA119@@UAE@XZ	??1Rva000C79C9@@UAE@XZ	0x000C79C9	unowned
Code/GameEngine/Source/Common/Rva000C79C9Derived.cpp	??1Rva000CAEC6@@UAE@XZ	??1Rva000C79C9@@UAE@XZ	0x000C79C9	unowned
Code/GameEngine/Source/Common/Rva000DF920Assign.cpp	??4Rva000DF920@@QAEAAV0@PBVRva0036CA00Str@@@Z	??4Rva0036CA00Str@@QAEAAV0@ABV0@@Z	0x000366F0	wrong
Code/GameEngine/Source/Common/Rva000E459F.cpp	?rva000E459F@Rva000E459F@@QAE_NXZ	?getTransformMatrix@Drawable@@QBEPBVMatrix3D@@XZ	0x0027628E	unowned
Code/GameEngine/Source/Common/Rva000E48BC.cpp	?rva000E48BC@Rva000E48BC@@QAE_NPAVRva000E488F@@@Z	?getTransformMatrix@Drawable@@QBEPBVMatrix3D@@XZ	0x0027628E	unowned
Code/GameEngine/Source/Common/Rva000F074EFinish.cpp	?rva000F074E@Rva000F26DC@@QAEXHH@Z	??1Rva000EFC45@@UAE@XZ	0x000EFC45	wrong
Code/GameEngine/Source/Common/Rva00104DB0Dtor.cpp	??1Rva00104DB0@@UAE@XZ	??1Render2DSentenceClass@@QAE@XZ	0x00157C70	unowned
Code/GameEngine/Source/Common/Rva0010BA61Wrappers.cpp	?rva004E54B8@Rva004E54B8@@QAEXXZ	?helper004E5372@Rva004E54B8@@AAEXXZ	0x004E5372	unowned
Code/GameEngine/Source/Common/Rva0010BA61Wrappers.cpp	?rva005962E7@Rva005962E7@@QAEXXZ	?tail00596269@Rva00596269Forwarder@@QAEXXZ	0x00596269	unowned
Code/GameEngine/Source/Common/Rva0010BA61Wrappers.cpp	?rva005E25DE@Rva005E25DE@@QAEXXZ	?tail005E254C@Rva005E254CForwarder@@QAEXXZ	0x005E254C	unowned
Code/GameEngine/Source/Common/Rva0010BA61Wrappers.cpp	?rva005E590F@Rva005E590F@@QAEXXZ	?tail005E589E@Rva005E589EForwarder@@QAEXXZ	0x005E589E	unowned
Code/GameEngine/Source/Common/Rva0010BA61Wrappers.cpp	?rva005E6BB4@Rva005E6BB4@@QAEXXZ	?tail005E6AD8@Rva005E6AD8Forwarder@@QAEXXZ	0x005E6AD8	unowned
Code/GameEngine/Source/Common/Rva00111A05Finish.cpp	?rva00111A05@TileData@@QAEXPBEH@Z	_Rva001118ECResampleRgb555	0x001118EC	unowned
Code/GameEngine/Source/Common/Rva00133380.cpp	?rva00133380@Rva00131BE5@@QAEXXZ	?rva0013331A@Rva0013331A@@QAEXXZ	0x0013331A	unowned
Code/GameEngine/Source/Common/Rva001333C6Cluster.cpp	?f@Rva001333C6@@QAEXXZ	?rva0013331A@Rva0013331A@@QAEXXZ	0x0013331A	unowned
Code/GameEngine/Source/Common/Rva001518D1Get.cpp	?rva001518D1@Rva001518D1@@QAEPAV?$vector@UBfmeE16@@V?$allocator@UBfmeE16@@@_STL@@@_STL@@XZ	_$E2	0x007B71AA	wrong
Code/GameEngine/Source/Common/Rva00196D90MemberConstructor_Rva0032bde7.cpp	??$uninitialized_fill_n@PAURva00196D90Element@@IU1@@_STL@@YAPAURva00196D90Element@@PAU1@IABU1@@Z	?__uninitialized_fill_n@_STL@@YAPAURva00196D90Element@@PAU2@IABU2@ABU__false_type@1@@Z	0x0032AD58	wrong
Code/GameEngine/Source/Common/Rva00196D90MemberConstructor_Rva0032bde7.cpp	??0?$vector@URva00196D90Element@@V?$allocator@URva00196D90Element@@@_STL@@@_STL@@QAE@I@Z	??0?$_Vector_base@URva00196D90Element@@V?$allocator@URva00196D90Element@@@_STL@@@_STL@@QAE@IABV?$allocator@URva00196D90Element@@@1@@Z	0x00421D73	wrong
Code/GameEngine/Source/Common/Rva00196D90MemberConstructor_Rva0032bde7.cpp	??0?$vector@URva00196D90Element@@V?$allocator@URva00196D90Element@@@_STL@@@_STL@@QAE@I@Z	??0Rva00196D90Element@@QAE@XZ	0x00329DC2	wrong
Code/GameEngine/Source/Common/Rva0019A1D0TreeCtor_Rva0032cd6d.cpp	??0Rva0019A1D0Owner@@QAE@XZ	??0?$_Rb_tree@HHU?$_Select1st@H@_STL@@U?$less@H@2@V?$allocator@H@2@@_STL@@QAE@XZ	0x0024613C	wrong
Code/GameEngine/Source/Common/Rva0019D850NestedVectorRelease_Rva002bc339.cpp	??0?$vector@V?$vector@URva002BC339Value@@V?$allocator@URva002BC339Value@@@_STL@@@_STL@@V?$allocator@V?$vector@URva002BC339Value@@V?$allocator@URva002BC339Value@@@_STL@@@_STL@@@2@@_STL@@QAE@I@Z	??0?$_Vector_base@URva002BC339Value@@V?$allocator@URva002BC339Value@@@_STL@@@_STL@@QAE@ABV?$allocator@URva002BC339Value@@@1@@Z	0x00211E58	wrong
Code/GameEngine/Source/Common/Rva0019D850NestedVectorRelease_Rva002bc339.cpp	??0?$vector@V?$vector@URva002BC339Value@@V?$allocator@URva002BC339Value@@@_STL@@@_STL@@V?$allocator@V?$vector@URva002BC339Value@@V?$allocator@URva002BC339Value@@@_STL@@@_STL@@@2@@_STL@@QAE@I@Z	??0?$_Vector_base@V?$vector@URva002BC339Value@@V?$allocator@URva002BC339Value@@@_STL@@@_STL@@V?$allocator@V?$vector@URva002BC339Value@@V?$allocator@URva002BC339Value@@@_STL@@@_STL@@@2@@_STL@@QAE@IABV?$allocator@V?$vector@URva002BC339Value@@V?$allocator@URva002BC339Value@@@_STL@@@_STL@@@1@@Z	0x005C8C37	wrong
Code/GameEngine/Source/Common/Rva0019D850NestedVectorRelease_Rva002bc339.cpp	??0?$vector@V?$vector@URva002BC339Value@@V?$allocator@URva002BC339Value@@@_STL@@@_STL@@V?$allocator@V?$vector@URva002BC339Value@@V?$allocator@URva002BC339Value@@@_STL@@@_STL@@@2@@_STL@@QAE@I@Z	??1?$_Vector_base@URva002BC339Value@@V?$allocator@URva002BC339Value@@@_STL@@@_STL@@QAE@XZ	0x002BBB57	wrong
Code/GameEngine/Source/Common/Rva0019D850NestedVectorRelease_Rva0032ff48.cpp	?resize@?$vector@V?$vector@URva0019D850Value@@V?$allocator@URva0019D850Value@@@_STL@@@_STL@@V?$allocator@V?$vector@URva0019D850Value@@V?$allocator@URva0019D850Value@@@_STL@@@_STL@@@2@@_STL@@QAEXI@Z	??0?$_Vector_base@URva0019D850Value@@V?$allocator@URva0019D850Value@@@_STL@@@_STL@@QAE@ABV?$allocator@URva0019D850Value@@@1@@Z	0x00211E58	wrong
Code/GameEngine/Source/Common/Rva0019D850NestedVectorRelease_Rva0032ff48.cpp	?resize@?$vector@V?$vector@URva0019D850Value@@V?$allocator@URva0019D850Value@@@_STL@@@_STL@@V?$allocator@V?$vector@URva0019D850Value@@V?$allocator@URva0019D850Value@@@_STL@@@_STL@@@2@@_STL@@QAEXI@Z	??1?$_Vector_base@URva0019D850Value@@V?$allocator@URva0019D850Value@@@_STL@@@_STL@@QAE@XZ	0x0032D279	wrong
Code/GameEngine/Source/Common/Rva0019D850NestedVectorRelease_Rva0032ff48.cpp	?resize@?$vector@V?$vector@URva0019D850Value@@V?$allocator@URva0019D850Value@@@_STL@@@_STL@@V?$allocator@V?$vector@URva0019D850Value@@V?$allocator@URva0019D850Value@@@_STL@@@_STL@@@2@@_STL@@QAEXI@Z	?resize@?$vector@V?$vector@URva0019D850Value@@V?$allocator@URva0019D850Value@@@_STL@@@_STL@@V?$allocator@V?$vector@URva0019D850Value@@V?$allocator@URva0019D850Value@@@_STL@@@_STL@@@2@@_STL@@QAEXIABV?$vector@URva0019D850Value@@V?$allocator@URva0019D850Value@@@_STL@@@2@@Z	0x0032FC70	unowned
Code/GameEngine/Source/Common/Rva001BDA20Set.cpp	?set@Rva001BDA20@@QAEXABVRva0036CA00Str@@@Z	??4Rva0036CA00Str@@QAEAAV0@ABV0@@Z	0x000366F0	wrong
Code/GameEngine/Source/Common/Rva001E67BFClone.cpp	?rva001E67BF@Rva001E4DB0@@QAE?AV1@XZ	??0Rva001E4DB0@@QAE@ABV0@@Z	0x001E4DEB	unowned
Code/GameEngine/Source/Common/Rva001F01F1Helper.cpp	?rva001F01F1@Rva001F01F1@@QAEXPAURva001F01F1Param@@HH@Z	?consume@Rva003909FAObj@@QAEXPAXHH@Z	0x003909FA	unowned
Code/GameEngine/Source/Common/Rva001F3C20Slots.cpp	?set@Rva001F3C60Slot@@QAEAAVAsciiString@@ABV2@@Z	??4AsciiString@@QAEAAV0@ABV0@@Z	0x000366F0	divergent
Code/GameEngine/Source/Common/Rva001F4D06Ctor.cpp	??0Rva001F4D06@@QAE@PAX0@Z	??0Rva001F4D06Base@@QAE@PAX0@Z	0x001F4B63	unowned
Code/GameEngine/Source/Common/Rva001F8BE8DtorChain.cpp	??1Rva001F8BE8@@QAE@XZ	??1Rva005C67C0@@QAE@XZ	0x001F8167	unowned
Code/GameEngine/Source/Common/Rva001F9CCAAssignChain.cpp	??4Rva001F9CCA@@QAEAAV0@ABV0@@Z	??4Rva001F8CC2@@QAEAAV0@ABV0@@Z	0x001F8CC2	unowned
Code/GameEngine/Source/Common/Rva00202B6CGet.cpp	?rva00202B6C@Rva00202B6C@@QAEHVAsciiString@@@Z	??1AsciiString@@QAE@XZ	0x00036410	divergent
Code/GameEngine/Source/Common/Rva00207B32ObjListPush.cpp	?insert@?$list@PAVRva00207B32Obj@@V?$allocator@PAVRva00207B32Obj@@@_STL@@@_STL@@QAE?AU?$_List_iterator@PAVRva00207B32Obj@@U?$_Nonconst_traits@PAVRva00207B32Obj@@@_STL@@@2@U32@ABQAVRva00207B32Obj@@@Z	?_M_create_node@?$list@PAVRva00207B32Obj@@V?$allocator@PAVRva00207B32Obj@@@_STL@@@_STL@@IAEPAU?$_List_node@PAVRva00207B32Obj@@@2@ABQAVRva00207B32Obj@@@Z	0x00206AE0	wrong
Code/GameEngine/Source/Common/Rva0020D638Insert.cpp	?rva0020D638@Rva000427195@@QAEPAXABU?$pair@$$CBVAsciiString@@UNoCaseTreeValue4@@@_STL@@@Z	?rva00212858@Rva000427195@@QAEXI@Z	0x00212858	unowned
Code/GameEngine/Source/Common/Rva0020E100ForwardAndFinish.cpp	?forwardAndFinish@Rva0020E100Owner@@QAEXXZ	?bfmeCallFCB@BfmeSubFCB@@QAEXPAXH@Z	0x0028FCD9	unowned
Code/GameEngine/Source/Common/Rva0020F77CPush.cpp	?rva0020F77C@Rva0020F77C@@QAEXPAVObjectCreationNugget@@@Z	?push_back@?$vector@PAVObjectCreationNugget@@V?$allocator@PAVObjectCreationNugget@@@_STL@@@_STL@@QAEXABQAVObjectCreationNugget@@@Z	0x004DFCB0	wrong
Code/GameEngine/Source/Common/Rva002120A4MapLookup.cpp	?rva002120A4@Rva002120A4@@QAEHW4NameKeyType@@@Z	??$_M_find@W4NameKeyType@@@?$hashtable@U?$pair@$$CBW4NameKeyType@@H@_STL@@W4NameKeyType@@U?$hash@W4NameKeyType@@@rts@@U?$_Select1st@U?$pair@$$CBW4NameKeyType@@H@_STL@@@2@U?$equal_to@W4NameKeyType@@@2@V?$allocator@U?$pair@$$CBW4NameKeyType@@H@_STL@@@2@@_STL@@QBEPAU?$_Hashtable_node@U?$pair@$$CBW4NameKeyType@@H@_STL@@@1@ABW4NameKeyType@@@Z	0x002888D4	wrong
Code/GameEngine/Source/Common/Rva00213E3BOverflow.cpp	?_M_insert_overflow@?$vector@URva002111C8@@V?$allocator@URva002111C8@@@_STL@@@_STL@@IAEXPAURva002111C8@@ABU3@ABU__false_type@2@I_N@Z	?_M_clear@?$vector@URva002111C8@@V?$allocator@URva002111C8@@@_STL@@@_STL@@IAEXXZ	0x0021397C	wrong
Code/GameEngine/Source/Common/Rva00214A8AClear.cpp	?rva00214A8A@Rva00214A8A@@QAEXXZ	??1Rva002146F7@@QAE@XZ	0x004043FF	unowned
Code/GameEngine/Source/Common/Rva00216D5C.cpp	?rva00216D5C@Rva000427195@@QAEPAU?$pair@$$CBVAsciiString@@VGen_003A8BE0@@@_STL@@ABU23@@Z	?rva00212858@Rva000427195@@QAEXI@Z	0x00212858	unowned
Code/GameEngine/Source/Common/Rva0021937DTriple.cpp	?rva0021937D@Rva0021937D@@QAEXPAVRva0021937DTarget@@@Z	?rva004074CF@Rva0021937DTarget@@QAEXXZ	0x004074CF	unowned
Code/GameEngine/Source/Common/Rva0021937DTriple.cpp	?rva0021937D@Rva0021937D@@QAEXPAVRva0021937DTarget@@@Z	?rva004089C7@Rva0021937DTarget@@QAEXHH@Z	0x004089C7	unowned
Code/GameEngine/Source/Common/Rva0021937DTriple.cpp	?rva002193AB@Rva0021937D@@QAEXPAVRva0021937DTarget@@@Z	?rva004074CF@Rva0021937DTarget@@QAEXXZ	0x004074CF	unowned
Code/GameEngine/Source/Common/Rva0021937DTriple.cpp	?rva002193AB@Rva0021937D@@QAEXPAVRva0021937DTarget@@@Z	?rva004089C7@Rva0021937DTarget@@QAEXHH@Z	0x004089C7	unowned
Code/GameEngine/Source/Common/Rva0021937DTriple.cpp	?rva002193D9@Rva0021937D@@QAEXPAVRva0021937DTarget@@@Z	?rva004074CF@Rva0021937DTarget@@QAEXXZ	0x004074CF	unowned
Code/GameEngine/Source/Common/Rva0021937DTriple.cpp	?rva002193D9@Rva0021937D@@QAEXPAVRva0021937DTarget@@@Z	?rva004089C7@Rva0021937DTarget@@QAEXHH@Z	0x004089C7	unowned
Code/GameEngine/Source/Common/Rva00221C15Ctor.cpp	??1Rva00221B42@@QAE@XZ	??1Rva00221A58@@QAE@XZ	0x002218D0	wrong
Code/GameEngine/Source/Common/Rva00229811Ctor.cpp	??0Rva00229811@@QAE@XZ	??0BfmeSubobject0022CE19@@QAE@XZ	0x002DD173	unowned
Code/GameEngine/Source/Common/Rva0022CA74Ctor.cpp	??_GRva0022CA74@@MAEPAXI@Z	??1Rva0022CA74@@MAE@XZ	0x00200280	unowned
Code/GameEngine/Source/Common/Rva0022CA95Ctor.cpp	??_GRva0022CA95@@MAEPAXI@Z	??1Rva0022CA95@@MAE@XZ	0x002149AA	unowned
Code/GameEngine/Source/Common/Rva0023309ACtor.cpp	??_GRva0023309A@@UAEPAXI@Z	??1Rva0023309A@@UAE@XZ	0x0023361E	unowned
Code/GameEngine/Source/Common/Rva00235A21Ctor.cpp	??0Rva00235A21@@QAE@XZ	??0Rva00235A0EElem@@QAE@XZ	0x00235A0E	wrong
Code/GameEngine/Source/Common/Rva00239105.cpp	?rva00239105@Rva00239105@@QAEXXZ	?tail@Rva00239105B@@QAEXXZ	0x0042CADD	unowned
Code/GameEngine/Source/Common/Rva00239105.cpp	?rva00239105@Rva00239105@@QAEXXZ	?thru@Rva00239105A@@QAEXXZ	0x0042C5BC	unowned
Code/GameEngine/Source/Common/Rva00242EE7ObjListPush.cpp	?push_back@?$list@PAVRva00242EE7Obj@@V?$allocator@PAVRva00242EE7Obj@@@_STL@@@_STL@@QAEXABQAVRva00242EE7Obj@@@Z	?insert@?$list@PAVRva00242EE7Obj@@V?$allocator@PAVRva00242EE7Obj@@@_STL@@@_STL@@QAE?AU?$_List_iterator@PAVRva00242EE7Obj@@U?$_Nonconst_traits@PAVRva00242EE7Obj@@@_STL@@@2@U32@ABQAVRva00242EE7Obj@@@Z	0x00241955	wrong
Code/GameEngine/Source/Common/Rva00242F1ARva00242F1A.cpp	?rva00242F1A@Rva00242F1A@@QAEPAXPBX@Z	?rva00212858@Rva000427195@@QAEXI@Z	0x00212858	unowned
Code/GameEngine/Source/Common/Rva0025BF8CHeroRemover.cpp	?rva0025BF8C@Rva0025BF8C@@QAE_NPAX@Z	?erase@?$vector@PAVCreateAHeroData@@V?$allocator@PAVCreateAHeroData@@@_STL@@@_STL@@QAEPAPAVCreateAHeroData@@PAPAV3@@Z	0x0025BF5D	wrong
Code/GameEngine/Source/Common/Rva0026E836Derived.cpp	??1Rva0047EB78@@UAE@XZ	??1Rva0026E836@@UAE@XZ	0x0026E836	unowned
Code/GameEngine/Source/Common/Rva0026E836Derived.cpp	??1Rva0048F3E0@@UAE@XZ	??1Rva0026E836@@UAE@XZ	0x0026E836	unowned
Code/GameEngine/Source/Common/Rva0026E836Derived.cpp	??1Rva00490544@@UAE@XZ	??1Rva0026E836@@UAE@XZ	0x0026E836	unowned
Code/GameEngine/Source/Common/Rva0026E836Derived.cpp	??1Rva0049A64B@@UAE@XZ	??1Rva0026E836@@UAE@XZ	0x0026E836	unowned
Code/GameEngine/Source/Common/Rva0026E836Derived.cpp	??1Rva004A9080@@UAE@XZ	??1Rva0026E836@@UAE@XZ	0x0026E836	unowned
Code/GameEngine/Source/Common/Rva0026E836Derived.cpp	??1Rva004A935D@@UAE@XZ	??1Rva0026E836@@UAE@XZ	0x0026E836	unowned
Code/GameEngine/Source/Common/Rva002784AF.cpp	?rva002784AF@Rva002784AFHost@@QAEXXZ	?rva00278440@Rva00278440Host@@QAEXH@Z	0x00278440	unowned
Code/GameEngine/Source/Common/Rva00287B2A.cpp	?rva00287B2A@@YGXPAX0@Z	_rva00286E33@8	0x00286E33	unowned
Code/GameEngine/Source/Common/Rva00291198.cpp	?rva00291198@Rva00291198Host@@QAEXPAURva00291198Dest@@@Z	?rva002910B7@Rva00291198Host@@QAEXPAURva00291198Dest@@@Z	0x002910B7	unowned
Code/GameEngine/Source/Common/Rva00298893.cpp	?rva00298893@BfmeSubBGB@@QAE_NXZ	?report@Rva00294D61@@QAEXPAVObject@@H@Z	0x00294D61	unowned
Code/GameEngine/Source/Common/Rva002ADD31Insert.cpp	?rva002ADD31@Rva002ADD31@@QAEPAXPBX@Z	?rva00212858@Rva000427195@@QAEXI@Z	0x00212858	unowned
Code/GameEngine/Source/Common/Rva002B4CEDMethod.cpp	?rva002B4CED@Rva002B4CED@@QAEXPAX@Z	?rva00212655@Rva00DFE1C8Host@@QAEXH@Z	0x00212655	unowned
Code/GameEngine/Source/Common/Rva002B4CEDMethod.cpp	?rva002B753B@Rva002B4CED@@QAEXXZ	?rva00212655@Rva00DFE1C8Host@@QAEXH@Z	0x00212655	unowned
Code/GameEngine/Source/Common/Rva002B52CE.cpp	?rva002B52CE@Rva002B52CE@@QAEXXZ	?rva004FBB25@Rva004FBB25Sub@@QAEXH@Z	0x004FBB25	unowned
Code/GameEngine/Source/Common/Rva002B55AECopy.cpp	??0Rva002B55AE@@QAE@ABV0@@Z	??$__uninitialized_copy@PAVRva004F6093Holder@@PAV1@@_STL@@YAPAVRva004F6093Holder@@PAV1@00ABU__false_type@0@@Z	0x003F74CF	wrong
Code/GameEngine/Source/Common/Rva002B5F8A.cpp	?rva002B5F8A@Rva002B5F8A@@QAE_NXZ	?rva002B5EB5@Rva002B5EB5@@QAE_NXZ	0x002B5EB5	unowned
Code/GameEngine/Source/Common/Rva002B644ADtor.cpp	??1Rva002B644A@@EAE@XZ	?rva00212655@Rva00DFE1C8Host@@QAEXH@Z	0x00212655	unowned
Code/GameEngine/Source/Common/Rva002B6C9F.cpp	?rva002B6CE5@Rva002B6C9F@@QAE_NHHH@Z	?rva002B6BCF@Rva002B6BCF@@QAEDHHHPAH@Z	0x002B6BCF	unowned
Code/GameEngine/Source/Common/Rva002BFBF7.cpp	?rva002BFBF7@Rva002BFBF7@@QAEXXZ	?set@Rva00504EADCurve@@QAEXMMMM@Z	0x00504EAD	unowned
Code/GameEngine/Source/Common/Rva002CEE1BDtor.cpp	??1Rva002CEE1B@@UAE@XZ	??1Elem002CEE1B@@QAE@XZ	0x000B3FD0	wrong
Code/GameEngine/Source/Common/Rva002CF1E2Walk.cpp	?rva002CF1E2@Rva002CF1E2@@QAEXXZ	?rva0033B217@Rva002CF1E2Node@@QAEXXZ	0x0033B217	unowned
Code/GameEngine/Source/Common/Rva002CFB4CInsert.cpp	?rva002CFB4C@Rva002CFB4C@@QAEPAXPBX@Z	?rva00212858@Rva000427195@@QAEXI@Z	0x00212858	unowned
Code/GameEngine/Source/Common/Rva002D1E55Factories.cpp	?Rva002D1F03Create@@YGPAVRva005142B0@@PAX@Z	??0Rva005142B0@@QAE@PAX@Z	0x005142B0	unowned
Code/GameEngine/Source/Common/Rva002D1E55Factories.cpp	?Rva002D1F77Create@@YGPAVRva00445EE3@@PAX@Z	??0Rva00445EE3@@QAE@PAX@Z	0x00445EE3	unowned
Code/GameEngine/Source/Common/Rva002D1E55Factories.cpp	?Rva002D1FB1Create@@YGPAVRva00516211@@PAX@Z	??0Rva00516211@@QAE@PAX@Z	0x00516211	unowned
Code/GameEngine/Source/Common/Rva002D1E55Factories.cpp	?Rva002D2025Create@@YGPAVRva0051795C@@PAX@Z	??0Rva0051795C@@QAE@PAX@Z	0x0051795C	unowned
Code/GameEngine/Source/Common/Rva002D1E55Factories.cpp	?Rva002D205FCreate@@YGPAVRva0051A78E@@PAX@Z	??0Rva0051A78E@@QAE@PAX@Z	0x0051A78E	unowned
Code/GameEngine/Source/Common/Rva002D1E55Factories.cpp	?Rva002D2147Create@@YGPAVRva005202C8@@PAX@Z	??0Rva005202C8@@QAE@PAX@Z	0x005202C8	unowned
Code/GameEngine/Source/Common/Rva002D1E55Factories.cpp	?Rva002D2181Create@@YGPAVRva005212FC@@PAX@Z	??0Rva005212FC@@QAE@PAX@Z	0x005212FC	unowned
Code/GameEngine/Source/Common/Rva002D1E55Factories.cpp	?Rva002D21FBCreate@@YGPAVRva00523825@@PAX@Z	??0Rva00523825@@QAE@PAX@Z	0x00523825	unowned
Code/GameEngine/Source/Common/Rva002D1E55Factories.cpp	?Rva0051104DCreate@@YGPAVRva00510FDB@@PAX@Z	??0Rva00510FDB@@QAE@PAX@Z	0x00510FDB	unowned
Code/GameEngine/Source/Common/Rva002DB311Ctor.cpp	??0Rva002DB311@@QAE@XZ	??0BfmeStringTailRecord156@@QAE@XZ	0x00326BE6	wrong
Code/GameEngine/Source/Common/Rva002DB311Ctor.cpp	??0Rva002DB311@@QAE@XZ	??1AsciiElem@@QAE@XZ	0x0048BA39	wrong
Code/GameEngine/Source/Common/Rva002DB311Dtor.cpp	??1Rva002DB311@@UAE@XZ	??1AsciiElem@@QAE@XZ	0x0048BA39	wrong
Code/GameEngine/Source/Common/Rva002E2504.cpp	?rva002E2504@Rva002E2504@@QAE_NPAVRva00318C32Ret@@PAV?$vector@PBVModuleData@@V?$allocator@PBVModuleData@@@_STL@@@_STL@@@Z	?rva00318C32@Rva00318C79Owner@@QAEPAVRva00318C32Ret@@XZ	0x00318C32	unowned
Code/GameEngine/Source/Common/Rva002E3DE3Ctor.cpp	??0Rva002E3DE3@@QAE@HH@Z	??0Rva002E3D7BBase@@QAE@PAPAURva002E36D5Node@@HH@Z	0x002E3D7B	unowned
Code/GameEngine/Source/Common/Rva00300419Ctor.cpp	??0Rva00300419@@QAE@PAXPAVBfmeParserRegistryVE@@PBVAsciiString@@@Z	??0BfmeParserBindingBaseVE@@QAE@PAVBfmeParserRegistryVE@@PAX1@Z	0x000ABB87	wrong
Code/GameEngine/Source/Common/Rva00304DC7Permuted.cpp	??ARva00304DC7Map@@QAEAAVRva00304DC7Record@@ABVAsciiString@@@Z	??0Rva00304DC7Record@@QAE@XZ	0x003031D3	unowned
Code/GameEngine/Source/Common/Rva0030596CIntersects.cpp	?Rva0030596CIntersects@@YA_NPAXUCoord3D@@M@Z	?bfmeIntersects@GeometryInfo@@QBE_NABUCoord3D@@MABV1@0M@Z	0x006BEB80	unowned
Code/GameEngine/Source/Common/Rva003085FB.cpp	??0Rva003085FB@@QAE@PAXPAVBfmeParserRegistryVE@@PBVAsciiString@@@Z	??0BfmeParserBindingBaseVE@@QAE@PAVBfmeParserRegistryVE@@PAX1@Z	0x000ABB87	wrong
Code/GameEngine/Source/Common/Rva0030BF80.cpp	??0Rva0030BF80@@QAE@PAXPAVBfmeParserRegistryVE@@PBVAsciiString@@@Z	??0BfmeParserBindingBaseVE@@QAE@PAVBfmeParserRegistryVE@@PAX1@Z	0x000ABB87	wrong
Code/GameEngine/Source/Common/Rva0030C97E.cpp	??0Rva0030C97E@@QAE@PAXPAVBfmeParserRegistryVE@@PBVAsciiString@@@Z	??0BfmeParserBindingBaseVE@@QAE@PAVBfmeParserRegistryVE@@PAX1@Z	0x000ABB87	wrong
Code/GameEngine/Source/Common/Rva0030D8B1.cpp	??0Rva0030D8B1@@QAE@PAXPAVBfmeParserRegistryVE@@PAVAsciiString@@@Z	??0BfmeParserBindingBaseVE@@QAE@PAVBfmeParserRegistryVE@@PAX1@Z	0x000ABB87	wrong
Code/GameEngine/Source/Common/Rva0030E09AMethod.cpp	?rva0030E09A@Rva0030E09A@@QAEXXZ	?bfmeRunEYE@BfmeNodeEYE@@QAEXXZ	0x0030DEAE	unowned
Code/GameEngine/Source/Common/Rva00317F6FCtor.cpp	??0Rva00317F6F@@QAE@XZ	??0?$_Vector_base@W4ScienceType@@V?$allocator@W4ScienceType@@@_STL@@@_STL@@QAE@ABV?$allocator@W4ScienceType@@@1@@Z	0x00211E58	divergent
Code/GameEngine/Source/Common/Rva0031804DAssign.cpp	??4Rva0031804D@@QAEAAV0@ABV0@@Z	??4?$vector@HV?$allocator@H@_STL@@@_STL@@QAEAAV01@ABV01@@Z	0x0021C21B	divergent
Code/GameEngine/Source/Common/Rva00318C79Wrap.cpp	?rva00318C79@Rva00318C79Owner@@QAEHXZ	?rva00318C32@Rva00318C79Owner@@QAEPAVRva00318C32Ret@@XZ	0x00318C32	unowned
Code/GameEngine/Source/Common/Rva00328B9ACtor.cpp	??0Rva00328B9A@@QAE@PAVBfmeParserRegistryVE@@PBVAsciiString@@@Z	??0BfmeParserBindingBaseVE@@QAE@PAVBfmeParserRegistryVE@@PAX1@Z	0x000ABB87	wrong
Code/GameEngine/Source/Common/Rva00328BFCCtor.cpp	??0Rva00328BFC@@QAE@PAVBfmeParserRegistryVE@@PBVAsciiString@@@Z	??0BfmeParserBindingBaseVE@@QAE@PAVBfmeParserRegistryVE@@PAX1@Z	0x000ABB87	wrong
Code/GameEngine/Source/Common/Rva0032FEF5Loop.cpp	?rva0032FEF5@Rva0032FEF5@@QAEXXZ	?resize@?$vector@V?$vector@URva0019D850Value@@V?$allocator@URva0019D850Value@@@_STL@@@_STL@@V?$allocator@V?$vector@URva0019D850Value@@V?$allocator@URva0019D850Value@@@_STL@@@_STL@@@2@@_STL@@QAEXIABV?$vector@URva0019D850Value@@V?$allocator@URva0019D850Value@@@_STL@@@2@@Z	0x0032FC70	unowned
Code/GameEngine/Source/Common/Rva00330528.cpp	??0Rva00330528@@QAE@PAXPAVBfmeParserRegistryVE@@PBVAsciiString@@@Z	??0BfmeParserBindingBaseVE@@QAE@PAVBfmeParserRegistryVE@@PAX1@Z	0x000ABB87	wrong
Code/GameEngine/Source/Common/Rva003413B2Unlock.cpp	?rva003413B2@Rva003413B2@@QAE_NXZ	?rva0028DB3C@Object@@QAEXXZ	0x0028DB3C	unowned
Code/GameEngine/Source/Common/Rva003529B0Clone.cpp	??0Rva003529B0@@QAE@PBV0@@Z	??0Rva003525E0Pair@@QAE@ABV0@@Z	0x003B3FCD	unowned
Code/GameEngine/Source/Common/Rva0035615DCtor.cpp	??0Rva0035615D@@QAE@ABVAsciiString@@ABVRva0036CA00Str@@1_N@Z	??0Rva00490470@@QAE@XZ	0x00355D4E	wrong
Code/GameEngine/Source/Common/Rva00356413Method.cpp	?rva00356413@Rva00355F3E@@UAEXH@Z	?update@LoadScreen@@UAEXH@Z	0x00355FF9	unowned
Code/GameEngine/Source/Common/Rva00362DBDCtor.cpp	??0Rva00362DBD@@QAE@H@Z	??0Rva00362D6C@@QAE@XZ	0x00362D25	unowned
Code/GameEngine/Source/Common/Rva00368004Getter.cpp	?rva0036A75C@Rva00368004@@QAEHXZ	?rva0039E5B9@Team@@QAEXPAUCoord3D@@@Z	0x0039E5B9	unowned
Code/GameEngine/Source/Common/Rva00372BA0ConditionalDispatcher.cpp	?Rva00372BA0ConditionalDispatcher@@YAXPAX0_N@Z	?j_00045c7d@@YAXXZ	0x00396C43	unowned
Code/GameEngine/Source/Common/Rva00380200Getter.cpp	?rva0038020D@Rva00380200@@QAEXXZ	?rva00200157@Rva002000D7Config@@QAEHABVAsciiString@@@Z	0x00200157	unowned
Code/GameEngine/Source/Common/Rva00381E56Assign.cpp	??4Rva00381E56@@QAEAAV0@ABV0@@Z	??4AsciiString@@QAEAAV0@ABV0@@Z	0x000366F0	divergent
Code/GameEngine/Source/Common/Rva00392092Init.cpp	?rva00392092@Rva00392092Target@@QAEXXZ	??0Rva004D9A3C@@QAE@XZ	0x00391FC4	unowned
Code/GameEngine/Source/Common/Rva0039561F.cpp	?rva0039561F@Rva0039561F@@QAEHPAVThingTemplate@@@Z	?rva0033A69A@ThingTemplate@@QBEHPAVObject@@HH@Z	0x0033A69A	unowned
Code/GameEngine/Source/Common/Rva00395686Finish.cpp	?rva00395686@Rva00395686@@QAE_NPAVPlayer@@PAVThingTemplate@@@Z	?rva0033A69A@ThingTemplate@@QBEHPAVObject@@HH@Z	0x0033A69A	unowned
Code/GameEngine/Source/Common/Rva003972D3Apply.cpp	?rva003972D3@Rva003972D3@@QAEXPAURva003972D3Range@@PBVUpgradeTemplate@@@Z	?bfmeHas985C@BfmeArg985@@QAEDH@Z	0x002940B9	unowned
Code/GameEngine/Source/Common/Rva00397357.cpp	?rva00397357@Rva003972D3@@QAEXPBVUpgradeTemplate@@@Z	?bfmeHas985C@BfmeArg985@@QAEDH@Z	0x002940B9	unowned
Code/GameEngine/Source/Common/Rva003B1101Assign.cpp	??4Rva003B1101@@QAEAAV0@ABV0@@Z	??4?$vector@HV?$allocator@H@_STL@@@_STL@@QAEAAV01@ABV01@@Z	0x0021C21B	divergent
Code/GameEngine/Source/Common/Rva003B1101Assign.cpp	??4Rva003B1101@@QAEAAV0@ABV0@@Z	??4Overridable@@QAEAAV0@ABV0@@Z	0x001FD28E	wrong
Code/GameEngine/Source/Common/Rva003B1101Ctor.cpp	??0Rva003B1101@@QAE@XZ	??0?$_Vector_base@W4ScienceType@@V?$allocator@W4ScienceType@@@_STL@@@_STL@@QAE@ABV?$allocator@W4ScienceType@@@1@@Z	0x00211E58	divergent
Code/GameEngine/Source/Common/Rva003B3417Ctor.cpp	??0Rva003B3417@@QAE@PAX0PAVBfmeParserRegistryVE@@PBVAsciiString@@@Z	??0BfmeParserBindingBaseVE@@QAE@PAVBfmeParserRegistryVE@@PAX1@Z	0x000ABB87	wrong
Code/GameEngine/Source/Common/Rva003B3485Ctor.cpp	??0Rva003B3485@@QAE@PAX0PAVBfmeParserRegistryVE@@PBVAsciiString@@@Z	??0BfmeParserBindingBaseVE@@QAE@PAVBfmeParserRegistryVE@@PAX1@Z	0x000ABB87	wrong
Code/GameEngine/Source/Common/Rva003B37C8Ctor.cpp	??0Rva003B37C8@@QAE@PAX0PAVBfmeParserRegistryVE@@PBVAsciiString@@@Z	??0BfmeParserBindingBaseVE@@QAE@PAVBfmeParserRegistryVE@@PAX1@Z	0x000ABB87	wrong
Code/GameEngine/Source/Common/Rva003B76EFCtor.cpp	??0Rva003B76EF@@QAE@PAH@Z	?rva003B7448@Rva003B7448@@QAEXH@Z	0x003B7448	unowned
Code/GameEngine/Source/Common/Rva003B930DFilter.cpp	?rva003B930D@Rva003B8BAA@@QAEXPAV?$vector@JV?$allocator@J@_STL@@@_STL@@@Z	?push_back@?$vector@JV?$allocator@J@_STL@@@_STL@@QAEXABJ@Z	0x004DFCB0	wrong
Code/GameEngine/Source/Common/Rva003B930DFilter.cpp	?rva003B930D@Rva003B8BAA@@QAEXPAV?$vector@JV?$allocator@J@_STL@@@_STL@@@Z	?reserve@?$vector@JV?$allocator@J@_STL@@@_STL@@QAEXI@Z	0x002B712E	wrong
Code/GameEngine/Source/Common/Rva003B93BCMethod.cpp	?rva003B93BC@Rva003B93BC@@QAEPAUBfmePod104@@XZ	??1Rva0040E3EE@@UAE@XZ	0x0040E499	unowned
Code/GameEngine/Source/Common/Rva003BBAF0Ctor_Rva003FD199.cpp	?bfmeInitVN@BfmeBaseVN@@QAEPAV1@ID@Z	?rva003BB860Scale@@YAII@Z	0x00503E4F	unowned
Code/GameEngine/Source/Common/Rva003BCtors0083.cpp	??0Rva003B0401@@QAE@ABVRvaSmartPtr12@@@Z	??0Rva003B0344@@QAE@ABVRvaSmartPtr12@@@Z	0x003B0454	unowned
Code/GameEngine/Source/Common/Rva003EDDD4Iterators.cpp	?rva003EDDD4@Rva003EDDD4@@QAEXH@Z	?rva0056A4AA@Rva0056A4AA@@QAEXH@Z	0x0056A4AA	unowned
Code/GameEngine/Source/Common/Rva003FA26FCopyCtor.cpp	??0Rva003FA26F@@QAE@ABV0@@Z	??0?$_Vector_base@PAVRva003FA118@@V?$allocator@PAVRva003FA118@@@_STL@@@_STL@@QAE@ABV?$allocator@PAVRva003FA118@@@1@@Z	0x00211E58	wrong
Code/GameEngine/Source/Common/Rva003FA26FCopyCtor.cpp	??1Rva003FA26F@@QAE@XZ	?clearItems@Rva003FA26F@@QAEXXZ	0x00402C4E	wrong
Code/GameEngine/Source/Common/Rva003FA26FCopyCtor.cpp	?copyItems@Rva003FA26F@@QAEXABV1@@Z	?clearItems@Rva003FA26F@@QAEXXZ	0x00402C4E	wrong
Code/GameEngine/Source/Common/Rva003FA26FCopyCtor.cpp	?copyItems@Rva003FA26F@@QAEXABV1@@Z	?push_back@?$vector@PAVRva003FA118@@V?$allocator@PAVRva003FA118@@@_STL@@@_STL@@QAEXABQAVRva003FA118@@@Z	0x004DFCB0	wrong
Code/GameEngine/Source/Common/Rva003FA26FCopyCtor.cpp	?copyItems@Rva003FA26F@@QAEXABV1@@Z	?reserve@?$vector@PAVRva003FA118@@V?$allocator@PAVRva003FA118@@@_STL@@@_STL@@QAEXI@Z	0x002B712E	wrong
Code/GameEngine/Source/Common/Rva00402D7ECopyCtor.cpp	??0Rva00402D7E@@QAE@ABV0@@Z	??0?$_Vector_base@PAVRva00402C0F@@V?$allocator@PAVRva00402C0F@@@_STL@@@_STL@@QAE@ABV?$allocator@PAVRva00402C0F@@@1@@Z	0x00211E58	wrong
Code/GameEngine/Source/Common/Rva00402D7ECopyCtor.cpp	?copyItems@Rva00402D7E@@QAEXABV1@@Z	?push_back@?$vector@PAVRva00402C0F@@V?$allocator@PAVRva00402C0F@@@_STL@@@_STL@@QAEXABQAVRva00402C0F@@@Z	0x004DFCB0	wrong
Code/GameEngine/Source/Common/Rva00402D7ECopyCtor.cpp	?copyItems@Rva00402D7E@@QAEXABV1@@Z	?reserve@?$vector@PAVRva00402C0F@@V?$allocator@PAVRva00402C0F@@@_STL@@@_STL@@QAEXI@Z	0x002B712E	wrong
Code/GameEngine/Source/Common/Rva00403055CopyCtor.cpp	??0Rva00403055@@QAE@ABV0@@Z	??0?$_Vector_base@PAVRva00402F28Item@@V?$allocator@PAVRva00402F28Item@@@_STL@@@_STL@@QAE@ABV?$allocator@PAVRva00402F28Item@@@1@@Z	0x00211E58	wrong
Code/GameEngine/Source/Common/Rva00403055CopyCtor.cpp	?copyItems@Rva00403055@@QAEXABV1@@Z	?push_back@?$vector@PAVRva00402F28Item@@V?$allocator@PAVRva00402F28Item@@@_STL@@@_STL@@QAEXABQAVRva00402F28Item@@@Z	0x004DFCB0	wrong
Code/GameEngine/Source/Common/Rva00403055CopyCtor.cpp	?copyItems@Rva00403055@@QAEXABV1@@Z	?reserve@?$vector@PAVRva00402F28Item@@V?$allocator@PAVRva00402F28Item@@@_STL@@@_STL@@QAEXI@Z	0x002B712E	wrong
Code/GameEngine/Source/Common/Rva004097AFWrappers.cpp	?Rva00409892@@YAHHH@Z	_Rva004097AFWorker	0x004097AF	unowned
Code/GameEngine/Source/Common/Rva004097AFWrappers.cpp	?Rva004098A9@@YAHHH@Z	_Rva004097AFWorker	0x004097AF	unowned
Code/GameEngine/Source/Common/Rva0040D780Parse_Rva005b7f59.cpp	?bfmeParseD780@@YAXPAVINI@@PAX1PBX@Z	?bfmeGoD540@BfmeObjD540@@QAEXVAsciiString@@@Z	0x005B7E02	unowned
Code/GameEngine/Source/Common/Rva0040F7E5Advance.cpp	?rva0040F7E5@BfmeY1038@@QAEXXZ	?rva0040F497@@YGXHHH@Z	0x0040F497	unowned
Code/GameEngine/Source/Common/Rva004121B2HashMapInits.cpp	??0Rva004121B2@@QAE@XZ	??0?$hashtable@U?$pair@$$CBW4NameKeyType@@VArmorTemplate@@@_STL@@W4NameKeyType@@U?$hash@W4NameKeyType@@@rts@@U?$_Select1st@U?$pair@$$CBW4NameKeyType@@VArmorTemplate@@@_STL@@@2@U?$equal_to@W4NameKeyType@@@Rva004121B2Twin@@V?$allocator@U?$pair@$$CBW4NameKeyType@@VArmorTemplate@@@_STL@@@2@@_STL@@QAE@IABU?$hash@W4NameKeyType@@@rts@@ABU?$equal_to@W4NameKeyType@@@Rva004121B2Twin@@ABV?$allocator@U?$pair@$$CBW4NameKeyType@@VArmorTemplate@@@_STL@@@1@@Z	0x00411AC7	wrong
Code/GameEngine/Source/Common/Rva00414F5ERun.cpp	?run@Rva00414F5EHost@@QAEXXZ	?tail@Rva00414F5EHost@@QAEXXZ	0x00414DAA	unowned
Code/GameEngine/Source/Common/Rva00418A8EOuter.cpp	?outer@Rva00418A8EHost@@QAEHHH@Z	?rva00212858@Rva000427195@@QAEXI@Z	0x00212858	unowned
Code/GameEngine/Source/Common/Rva00419BFAInit.cpp	?Rva00419BFAInit@@YAXXZ	?Rva00419BCDCreate@@YAPAXXZ	0x00419BCD	unowned
Code/GameEngine/Source/Common/Rva004213A2Assign.cpp	??4Rva004213A2@@QAEAAV0@ABV0@@Z	??4?$vector@IV?$allocator@I@_STL@@@_STL@@QAEAAV01@ABV01@@Z	0x0026F4F4	divergent
Code/GameEngine/Source/Common/Rva004246BDObjListPush.cpp	?insert@?$list@PAVRva004246BDObj@@V?$allocator@PAVRva004246BDObj@@@_STL@@@_STL@@QAE?AU?$_List_iterator@PAVRva004246BDObj@@U?$_Nonconst_traits@PAVRva004246BDObj@@@_STL@@@2@U32@ABQAVRva004246BDObj@@@Z	?_M_create_node@?$list@PAVRva004246BDObj@@V?$allocator@PAVRva004246BDObj@@@_STL@@@_STL@@IAEPAU?$_List_node@PAVRva004246BDObj@@@2@ABQAVRva004246BDObj@@@Z	0x00423D0D	wrong
Code/GameEngine/Source/Common/Rva00425421Parse.cpp	?Rva00425421Parse@@YAXPAVINI@@PAX@Z	?Rva004251C4Parse@@YAXPAX00PBX@Z	0x004251C4	unowned
Code/GameEngine/Source/Common/Rva0042700FParse.cpp	??$__destroy_aux@PAUBfmeStringRecord00426A5B@@@_STL@@YAXPAUBfmeStringRecord00426A5B@@0ABU__false_type@0@@Z	??1BfmeStringRecord00426A5B@@QAE@XZ	0x00495C43	unowned
Code/GameEngine/Source/Common/Rva0042700FParse.cpp	??_GBfmeStringRecord00426A5B@@QAEPAXI@Z	??1BfmeStringRecord00426A5B@@QAE@XZ	0x00495C43	unowned
Code/GameEngine/Source/Common/Rva00429007Voice.cpp	?rva00429007@Rva00429007@@QAEHPAUArg@@H@Z	?pickAndPlayUnitVoiceResponse@@YAXPBVDrawableList@@W4Type@GameMessage@@PAVPickAndPlayInfo@@@Z	0x004DAAFD	unowned
Code/GameEngine/Source/Common/Rva00429093Voice.cpp	?rva00429093@Rva00429093@@QAEHPAUArg@@H@Z	?pickAndPlayUnitVoiceResponse@@YAXPBVDrawableList@@W4Type@GameMessage@@PAVPickAndPlayInfo@@@Z	0x004DAAFD	unowned
Code/GameEngine/Source/Common/Rva00429112Voice.cpp	?rva00429112@Rva00429112@@QAEHPAUArg@@H@Z	?pickAndPlayUnitVoiceResponse@@YAXPBVDrawableList@@W4Type@GameMessage@@PAVPickAndPlayInfo@@@Z	0x004DAAFD	unowned
Code/GameEngine/Source/Common/Rva004340ACMethod.cpp	?rva004340AC@AptSaveLoad@@QAEXXZ	?rva00433F7F@AptSaveLoad@@QAEHXZ	0x00433F7F	unowned
Code/GameEngine/Source/Common/Rva0043A0C1Progress.cpp	?rva0043A0C1@Rva0043A0C1@@QAEXH@Z	?update@LoadScreen@@UAEXH@Z	0x00355FF9	unowned
Code/GameEngine/Source/Common/Rva0043A278Ctor.cpp	??0Rva0043A278@@QAE@XZ	??0Rva00490470@@QAE@XZ	0x00355D4E	wrong
Code/GameEngine/Source/Common/Rva0043DABD.cpp	??0Rva0043DABD@@QAE@PAUTargetRef00217D4C@@@Z	??0Rva0057EE5C@@QAE@PAUTargetRef00217D4C@@@Z	0x0057EDB2	unowned
Code/GameEngine/Source/Common/Rva00450B90PointerPartition.cpp	??$__partition@PAPAURva00450B90Item@@VRva00450B90Predicate@@@_STL@@YAPAPAURva00450B90Item@@PAPAU1@0VRva00450B90Predicate@@ABUbidirectional_iterator_tag@0@@Z	??RRva00450B90Predicate@@QBE_NPBURva00450B90Item@@@Z	0x00300021	wrong
Code/GameEngine/Source/Common/Rva00453B06ObjListPush.cpp	?push_back@?$list@PAVRva00453B06Obj@@V?$allocator@PAVRva00453B06Obj@@@_STL@@@_STL@@QAEXABQAVRva00453B06Obj@@@Z	?insert@?$list@PAVRva00453B06Obj@@V?$allocator@PAVRva00453B06Obj@@@_STL@@@_STL@@QAE?AU?$_List_iterator@PAVRva00453B06Obj@@U?$_Nonconst_traits@PAVRva00453B06Obj@@@_STL@@@2@U32@ABQAVRva00453B06Obj@@@Z	0x00453AB8	wrong
Code/GameEngine/Source/Common/Rva00454200Advance_Rva00454200Element_refresh.cpp	?refresh@Rva00454200Element@@QAE_NAAVDataChunkInput@@PAUDataChunkInfo@@@Z	?swap@?$_Rb_tree@VAsciiString@@V1@U?$_Identity@VAsciiString@@@_STL@@U?$less@VAsciiString@@@3@V?$allocator@VAsciiString@@@3@@_STL@@QAEXAAV12@@Z	0x0032AC92	wrong
Code/GameEngine/Source/Common/Rva00461BF0HashIndex.cpp	??A?$hash_map@VAsciiString@@VRva0045EF90Object@@U?$hash@VAsciiString@@@rts@@U?$equal_to@VAsciiString@@@4@V?$allocator@U?$pair@$$CBVAsciiString@@VRva0045EF90Object@@@_STL@@@_STL@@@_STL@@QAEAAVRva0045EF90Object@@ABVAsciiString@@@Z	??$find@VAsciiString@@@?$hashtable@U?$pair@$$CBVAsciiString@@VRva0045EF90Object@@@_STL@@VAsciiString@@U?$hash@VAsciiString@@@rts@@U?$_Select1st@U?$pair@$$CBVAsciiString@@VRva0045EF90Object@@@_STL@@@2@U?$equal_to@VAsciiString@@@5@V?$allocator@U?$pair@$$CBVAsciiString@@VRva0045EF90Object@@@_STL@@@2@@_STL@@QAE?AU?$_Ht_iterator@U?$pair@$$CBVAsciiString@@VRva0045EF90Object@@@_STL@@U?$_Nonconst_traits@U?$pair@$$CBVAsciiString@@VRva0045EF90Object@@@_STL@@@2@VAsciiString@@U?$hash@VAsciiString@@@rts@@U?$_Select1st@U?$pair@$$CBVAsciiString@@VRva0045EF90Object@@@_STL@@@2@U?$equal_to@VAsciiString@@@6@V?$allocator@U?$pair@$$CBVAsciiString@@VRva0045EF90Object@@@_STL@@@2@@1@ABVAsciiString@@@Z	0x0041534B	wrong
Code/GameEngine/Source/Common/Rva00461BF0HashIndex.cpp	??A?$hash_map@VAsciiString@@VRva0045EF90Object@@U?$hash@VAsciiString@@@rts@@U?$equal_to@VAsciiString@@@4@V?$allocator@U?$pair@$$CBVAsciiString@@VRva0045EF90Object@@@_STL@@@_STL@@@_STL@@QAEAAVRva0045EF90Object@@ABVAsciiString@@@Z	??1?$pair@$$CBVAsciiString@@VRva0045EF90Object@@@_STL@@QAE@XZ	0x004104C9	wrong
Code/GameEngine/Source/Common/Rva00461BF0HashIndex.cpp	??A?$hash_map@VAsciiString@@VRva0045EF90Object@@U?$hash@VAsciiString@@@rts@@U?$equal_to@VAsciiString@@@4@V?$allocator@U?$pair@$$CBVAsciiString@@VRva0045EF90Object@@@_STL@@@_STL@@@_STL@@QAEAAVRva0045EF90Object@@ABVAsciiString@@@Z	?_M_insert@?$hashtable@U?$pair@$$CBVAsciiString@@VRva0045EF90Object@@@_STL@@VAsciiString@@U?$hash@VAsciiString@@@rts@@U?$_Select1st@U?$pair@$$CBVAsciiString@@VRva0045EF90Object@@@_STL@@@2@U?$equal_to@VAsciiString@@@5@V?$allocator@U?$pair@$$CBVAsciiString@@VRva0045EF90Object@@@_STL@@@2@@_STL@@QAEAAU?$pair@$$CBVAsciiString@@VRva0045EF90Object@@@2@ABU32@@Z	0x00410E23	wrong
Code/GameEngine/Source/Common/Rva004D3942Rva004D3942.cpp	?rva004D3942@Rva004D3942@@QAEXPAVConnectionManager@@@Z	?sendLocalCommandDirect@ConnectionManager@@QAEXPAVNetCommandMsg@@E@Z	0x004CF6E4	unowned
Code/GameEngine/Source/Common/Rva004E0A58Refresh.cpp	?rva004E0A58@Rva004E0705@@QAE_NXZ	?rva0052B10F@Rva0052B10F@@QAEXXZ	0x0052B10F	unowned
Code/GameEngine/Source/Common/Rva004E0ADBFamily.cpp	?rva004E0ADB@Rva004E0918@@QAEXURva004EFour@@H@Z	?rva004E0918@Rva004E0918@@QAEXPAX@Z	0x004E0918	unowned
Code/GameEngine/Source/Common/Rva004E0ADBFamily.cpp	?rva004E0B02@Rva004E0918@@QAEXURva004EFour@@HH@Z	?rva004E0988@Rva004E0918@@QAEXPAX@Z	0x004E0988	unowned
Code/GameEngine/Source/Common/Rva004E364FCtor.cpp	??0Rva004E364F@@QAE@XZ	??0?$_Vector_base@UBfmePod8@@V?$allocator@UBfmePod8@@@_STL@@@_STL@@QAE@ABV?$allocator@UBfmePod8@@@1@@Z	0x00211E58	wrong
Code/GameEngine/Source/Common/Rva004E52DCWalk.cpp	?rva004E52DC@Rva004E52DC@@QAEXXZ	?rva004E50C8@Rva004E50C8@@QAEXXZ	0x004E50C8	unowned
Code/GameEngine/Source/Common/Rva004E52DCWalk.cpp	?rva004E7277@Rva004E7277@@QAEXXZ	?rva004E701E@Rva004E7277@@QAEXXZ	0x004E701E	unowned
Code/GameEngine/Source/Common/Rva004E6745Factory.cpp	?rva004E6745@Rva004E6745@@QAEPAV1@HHH@Z	??0Rva004E669A@@QAE@PAXHHH@Z	0x004E669A	unowned
Code/GameEngine/Source/Common/Rva004E6745Factory.cpp	?rva004E7F43@Rva004E7F43@@QAEPAV1@XZ	??0Rva004E7D72@@QAE@PAX@Z	0x004E7D72	unowned
Code/GameEngine/Source/Common/Rva004E9B70Assign.cpp	??4Rva004E9B70@@QAEAAV0@ABV0@@Z	??4Rva0036CA00Str@@QAEAAV0@ABV0@@Z	0x000366F0	wrong
Code/GameEngine/Source/Common/Rva004E9F6EGate.cpp	?rva004E9F6E@Rva004E9F6E@@QAEXXZ	?rva004E9C13@Rva004E9C13@@QAEXXZ	0x004E9C13	unowned
Code/GameEngine/Source/Common/Rva004EE3F9.cpp	?rva004EE447@Rva004EE447@@QAEHXZ	?rva00261C89@Rva00261C89@@QAE_NXZ	0x00261C89	unowned
Code/GameEngine/Source/Common/Rva004EE3F9.cpp	?rva004EE485@Rva004EE485@@QAEHXZ	?rva00261C89@Rva00261C89@@QAE_NXZ	0x00261C89	unowned
Code/GameEngine/Source/Common/Rva004EE3F9.cpp	?rva004EE4C3@Rva004EE4C3@@QAEHXZ	?rva00261C89@Rva00261C89@@QAE_NXZ	0x00261C89	unowned
Code/GameEngine/Source/Common/Rva004F8B89Fwd.cpp	?rva004E99D6@@YAXHHH@Z	?rva004E98F7@@YAXHHHPAX@Z	0x004E98F7	unowned
Code/GameEngine/Source/Common/Rva004F8B89Stub.cpp	?rva004F83F2@@YGXHHHH@Z	?rva004F7EE9@@YGXHHHPAX@Z	0x004F7EE9	unowned
Code/GameEngine/Source/Common/Rva004F8B89Stub.cpp	?rva004F8B89@@YGXHHH@Z	?rva004F7EE9@@YGXHHHPAX@Z	0x004F7EE9	unowned
Code/GameEngine/Source/Common/Rva00500DA0VectorCopy.cpp	??0?$vector@URva00500DA0Element@@V?$allocator@URva00500DA0Element@@@_STL@@@_STL@@QAE@ABV01@@Z	??$__uninitialized_copy@PBURva00500DA0Element@@PAU1@@_STL@@YAPAURva00500DA0Element@@PBU1@0PAU1@ABU__false_type@0@@Z	0x005008A0	wrong
Code/GameEngine/Source/Common/Rva00500DA0VectorCopy.cpp	??0?$vector@URva00500DA0Element@@V?$allocator@URva00500DA0Element@@@_STL@@@_STL@@QAE@ABV01@@Z	??0?$_Vector_base@URva00500DA0Element@@V?$allocator@URva00500DA0Element@@@_STL@@@_STL@@QAE@IABV?$allocator@URva00500DA0Element@@@1@@Z	0x004FF36C	wrong
Code/GameEngine/Source/Common/Rva0050407AParse.cpp	?Rva0050407AParseColorControlPointBlock@@YAXPAVINI@@PAX1PBX@Z	?rva003BB860Scale@@YAII@Z	0x00503E4F	unowned
Code/GameEngine/Source/Common/Rva00515921Permuted.cpp	?goodCampaignRva00515921@@YAHM_N@Z	?dispatchCampaignRva00514D05@@YAHABVAsciiString@@M_N@Z	0x00514D05	unowned
Code/GameEngine/Source/Common/Rva00515921Permuted.cpp	?goodCampaignRva00515921@@YAHM_N@Z	_$E2	0x007B91A8	wrong
Code/GameEngine/Source/Common/Rva005185D8Init.cpp	?Rva0051E262Init@@YA_NHH@Z	?rva0051DE3D@State0051E262@@QAEXXZ	0x0051DE3D	unowned
Code/GameEngine/Source/Common/Rva0051BF47.cpp	?Rva0051BF47Run@@YAXXZ	?Rva0051ED7ETail@@YAXXZ	0x0051ED7E	unowned
Code/GameEngine/Source/Common/Rva0051F87BCtor.cpp	??0Rva0051F87B@@QAE@XZ	??0?$_Vector_base@USaveMapPreview@@V?$allocator@USaveMapPreview@@@_STL@@@_STL@@QAE@ABV?$allocator@USaveMapPreview@@@1@@Z	0x00211E58	wrong
Code/GameEngine/Source/Common/Rva0051FFF5Feed.cpp	?Rva0051FFF5@Holder0051FFF5@@QAEXPAVXfer0051FFF5@@@Z	?Rva0039C4F7@@YAXPAVXfer0051FFF5@@PAX@Z	0x0039C4F7	unowned
Code/GameEngine/Source/Common/Rva0051FFF5Feed.cpp	?Rva0051FFF5@Holder0051FFF5@@QAEXPAVXfer0051FFF5@@@Z	?Rva004EE9E9@@YAXPAVXfer0051FFF5@@PAX@Z	0x004EE9E9	unowned
Code/GameEngine/Source/Common/Rva00524477Dispatch.cpp	?Rva00524477@Holder00524477@@QAEXHH@Z	?Rva0023FC23@@YAHPAUOut00524477@@PAHH@Z	0x0023FC23	unowned
Code/GameEngine/Source/Common/Rva00526309Dispatcher.cpp	?Rva00526309@Holder00526309@@QAEXPAUObj00526309@@@Z	?Rva00525CC5@Holder00526309@@QAEXPAUObj00526309@@@Z	0x00525CC5	unowned
Code/GameEngine/Source/Common/Rva00528C30.cpp	?Rva00528C30Get@@YA_NPBDAAVAsciiString@@@Z	?Rva004128F0GetParam@@YA_NPBD0AAVAsciiString@@@Z	0x004128F0	unowned
Code/GameEngine/Source/Common/Rva00528FD9OwnerRva00528FD9.cpp	?reset@Rva00528FD9Owner@@QAEXXZ	?reset@Rva00528F30Target@@QAEXXZ	0x00528F30	unowned
Code/GameEngine/Source/Common/Rva0052936CDtor.cpp	??1Rva0052936C@@QAE@XZ	??1ArrayElem@@QAE@XZ	0x00529318	unowned
Code/GameEngine/Source/Common/Rva00529628Get.cpp	?Rva00529628Get@@YA_NPBDPAH@Z	?Rva004128F0GetParam@@YA_NPBD0AAVAsciiString@@@Z	0x004128F0	unowned
Code/GameEngine/Source/Common/Rva0052A22CForwarders.cpp	?Rva005243FA@@YAXHHH@Z	?Rva0052408B@@YAXHHHPAD@Z	0x0052408B	unowned
Code/GameEngine/Source/Common/Rva0052BAC1Dispatch.cpp	?Rva0052BAC1@Holder0052BAC1@@QAEHH@Z	?Rva004FCA0C@Sub0052BAC1@@QAEPAURes004FCA0C@@PAVRva0020E89C@@@Z	0x004FCA0C	unowned
Code/GameEngine/Source/Common/Rva0052D116Overflow.cpp	?_M_insert_overflow@?$vector@VRva002E0A0A@@V?$allocator@VRva002E0A0A@@@_STL@@@_STL@@IAEXPAVRva002E0A0A@@ABV3@ABU__false_type@2@I_N@Z	?_M_clear@?$vector@VRva002E0A0A@@V?$allocator@VRva002E0A0A@@@_STL@@@_STL@@IAEXXZ	0x005659E8	wrong
Code/GameEngine/Source/Common/Rva0053ED1ADtor.cpp	??1Rva0053ED1A@@UAE@XZ	??1Rva005C6D4D@@UAE@XZ	0x005C6C7B	wrong
Code/GameEngine/Source/Common/Rva00540B03Ctors.cpp	??0Rva005422CF@@QAE@XZ	?rva00542148@Rva005422CF@@QAEXXZ	0x00542148	unowned
Code/GameEngine/Source/Common/Rva00544364OnEnter.cpp	?update@Rva0054482D@@UAE?AW4StateReturnType@@XZ	?update@AIInternalMoveToState@@UAE?AW4StateReturnType@@XZ	0x00347460	unowned
Code/GameEngine/Source/Common/Rva0054452AFinish.cpp	?update@Rva0054484A@@UAE?AW4StateReturnType@@XZ	?update@AIInternalMoveToState@@UAE?AW4StateReturnType@@XZ	0x00347460	unowned
Code/GameEngine/Source/Common/Rva0054467AFinish.cpp	?update@Rva00544884@@UAE?AW4StateReturnType@@XZ	?update@AIInternalMoveToState@@UAE?AW4StateReturnType@@XZ	0x00347460	unowned
Code/GameEngine/Source/Common/Rva0055A7DBTess.cpp	??$__copy_ptrs@PAUCoord3D@@PAU1@@_STL@@YAPAUCoord3D@@PAU1@00ABU__false_type@0@@Z	??$__copy@PAUCoord3D@@PAU1@H@_STL@@YAPAUCoord3D@@PAU1@00ABUrandom_access_iterator_tag@0@PAH@Z	0x002C97AC	divergent
Code/GameEngine/Source/Common/Rva0055F197Ctor.cpp	??0Rva0055F197@@QAE@ABVRvaSmartPtr12@@H@Z	??0DefaultPhysicsModuleInfo@FXParticleSystem@@QAE@XZ	0x0055EE5E	unowned
Code/GameEngine/Source/Common/Rva0056644EOverflow.cpp	?_M_insert_overflow@?$vector@URva0056644EElement@@V?$allocator@URva0056644EElement@@@_STL@@@_STL@@IAEXPAURva0056644EElement@@ABU3@ABU__false_type@2@I_N@Z	?_M_clear@?$vector@URva0056644EElement@@V?$allocator@URva0056644EElement@@@_STL@@@_STL@@IAEXXZ	0x0056612F	wrong
Code/GameEngine/Source/Common/Rva005685EECtor.cpp	??0Rva005685EE@@QAE@PAX00@Z	??0Rva0056833F@@QAE@PAX00@Z	0x0056833F	unowned
Code/GameEngine/Source/Common/Rva005685EECtor.cpp	??0Rva005685EE@@QAE@PAX00@Z	??0Rva005C3549@@QAE@PAX00@Z	0x005C3697	unowned
Code/GameEngine/Source/Common/Rva005688D2Method.cpp	?rva00568991@Rva005688D2@@QAEHXZ	?rva005C80D1@@YAXPAXPAMMPAH2@Z	0x005C80D1	unowned
Code/GameEngine/Source/Common/Rva0056AB97Flag.cpp	?rva0056AB97@Rva0056AB97@@QAE_NXZ	?rva0056A989@Rva0056A989@@QAE_NXZ	0x0056A989	unowned
Code/GameEngine/Source/Common/Rva0056ADF1Ctor.cpp	??0Rva0056ADF1@@QAE@PAXH@Z	?rva0056AD80@Rva0056AD80@@QAEXPAX@Z	0x0056AD80	unowned
Code/GameEngine/Source/Common/Rva0056AF94Ctor.cpp	??0Rva0056AF94@@QAE@PAX@Z	?rva0056AD80@Rva0056AD80@@QAEXPAX@Z	0x0056AD80	unowned
Code/GameEngine/Source/Common/Rva0056B613Forward.cpp	?rva0056B613@Rva0056B613@@QAEXH@Z	?rva0056B7A0@Rva003F9FE6@@QAEEH@Z	0x0056B7A0	unowned
Code/GameEngine/Source/Common/Rva0056B63ECtor.cpp	??0Rva0056B63E@@QAE@PAX@Z	?rva0056B7E4@Rva0056B7E4@@QAEXPAX@Z	0x0056B7E4	unowned
Code/GameEngine/Source/Common/Rva0056B9A2Dtor.cpp	??1Rva0056B9A2@@UAE@XZ	?rva002C004F@Rva002D3627Host@@QAEXPBD@Z	0x002C004F	unowned
Code/GameEngine/Source/Common/Rva00573DCDMethod.cpp	?rva00573DCD@Rva00573B23@@QAEMH@Z	?rva0033A69A@ThingTemplate@@QBEHPAVObject@@HH@Z	0x0033A69A	unowned
Code/GameEngine/Source/Common/Rva0057402FCrowded.cpp	?rva00573CFB@Rva00573F03@@UAEHPAVPlayer@@@Z	??0Rva0027231F@@QAE@ABVBfmeFixedStorage0004543D@@@Z	0x0027231F	unowned
Code/GameEngine/Source/Common/Rva0057402FCrowded.cpp	?rva00573CFB@Rva00573F03@@UAEHPAVPlayer@@@Z	?rva00573CFB@Rva00573B23@@UAEHPAVPlayer@@@Z	0x00573CFB	unowned
Code/GameEngine/Source/Common/Rva005747DACtor.cpp	??_GRva005747DA@@UAEPAXI@Z	??1Rva005747DA@@UAE@XZ	0x00574BA0	unowned
Code/GameEngine/Source/Common/Rva0057EF18.cpp	?rva0057EF18@AptMpGameRules@@QAEXXZ	?rva0057ED2B@AptMpGameRules@@QAEXXZ	0x0057ED2B	unowned
Code/GameEngine/Source/Common/Rva0057FD6EForward.cpp	?rva0057FD7B@Rva0057FD6E@@QAE_NIII@Z	?rva005B00C8@Rva005B000C@@QAE_NHII@Z	0x005B00C8	unowned
Code/GameEngine/Source/Common/Rva0057FD6EForward.cpp	?rva0057FDB0@Rva0057FD6E@@QAEX_N@Z	?rva005AFCB4@Rva005AFCEC@@QAEXH@Z	0x005AFCB4	unowned
Code/GameEngine/Source/Common/Rva00595D95Firewall.cpp	?rva00595D95@Rva00595D95@@QAE_NXZ	??1AsciiString@@QAE@XZ	0x00036410	divergent
Code/GameEngine/Source/Common/Rva0059A85CCtor.cpp	??_GRva0059A85C@@UAEPAXI@Z	??1Rva0059A85C@@UAE@XZ	0x0059A40D	unowned
Code/GameEngine/Source/Common/Rva0059B49E.cpp	?rva0059B49E@Rva0059B49E@@QAEXPADHH@Z	?rva002AC2CF@Rva002AC2CFTarget@@QAEXHHH@Z	0x002AC2CF	unowned
Code/GameEngine/Source/Common/Rva0059CFAAFamily.cpp	?rva0059D1A9@@YGXHHHH@Z	?rva0059CF34_fn@@YGXHHHH@Z	0x0059CF34	unowned
Code/GameEngine/Source/Common/Rva0059CFAAFamily.cpp	?rva0059D1C3@@YGXHHHH@Z	?rva0059CFAA_fn@@YGXHHHH@Z	0x0059CFAA	unowned
Code/GameEngine/Source/Common/Rva0059EB90IniParse_Rva0035DBA2.cpp	?rva0059EB90@@YAXPAVINI@@PAVGen_00489270@@@Z	??0BfmeC1137@@QAE@XZ	0x0035DB3F	unowned
Code/GameEngine/Source/Common/Rva0059EE10AttackNuggetFactory_Rva0035D48A.cpp	?s4ParseFieldsRva0059EE10@@YAXPAVINI@@PAUGen_00489270@@@Z	??0S4BuiltRva0059EE10@@QAE@XZ	0x0035D45A	wrong
Code/GameEngine/Source/Common/Rva005A01F0AttackNuggetFactory_Rva0035FA39.cpp	?s4ParseFieldsRva005A01F0@@YAXPAVINI@@PAUGen_00489270@@@Z	??0S4BuiltRva005A01F0@@QAE@XZ	0x0035FA03	wrong
Code/GameEngine/Source/Common/Rva005A5B38Box.cpp	?Run@Rva005A5B38Box@@QAE_NXZ	?DoRefresh@Rva005A5B38Box@@QAEXHPAX@Z	0x005A51B9	unowned
Code/GameEngine/Source/Common/Rva005A5BAFCheck.cpp	?rva005A5BAF@Rva005A5BAFClass@@QAEXXZ	?rva005A57BA@@YGXH@Z	0x005A57BA	unowned
Code/GameEngine/Source/Common/Rva005AE78AChain.cpp	?rva005AE78A@@YAHHHH@Z	?rva005AE6F8@@YAHHHHPAD@Z	0x005AE6F8	unowned
Code/GameEngine/Source/Common/Rva005AFC21Store.cpp	?rva005AFC21@Rva005AFC21Class@@QAEXPAVGameWindow@@@Z	?rva00381618@@YAXPAVGameWindow@@H@Z	0x00381618	unowned
Code/GameEngine/Source/Common/Rva005B0416Calls.cpp	?rva005B0416@@YGXH@Z	?rva005B2295@@YAXHHHH@Z	0x005B2295	unowned
Code/GameEngine/Source/Common/Rva005B57C6Box.cpp	?Run@Rva005B57C6Box@@QAEXPAD@Z	?M54ed@Rva005B57C6Box@@QAEXHPADH@Z	0x005B54ED	unowned
Code/GameEngine/Source/Common/Rva005B5B0CBox.cpp	?Run@Rva005B5B0CBox@@QAEXH@Z	?Rva00513866Free@@YAXXZ	0x00513866	unowned
Code/GameEngine/Source/Common/Rva005B5B0CBox.cpp	?Run@Rva005B5B0CBox@@QAEXH@Z	?UseSub@Rva005B5B0CMgr@@QAEXPAX@Z	0x0021A428	unowned
Code/GameEngine/Source/Common/Rva005B5C02Box.cpp	?Run@Rva005B5C02Box@@QAEXXZ	?Use@Rva005B5C02Entry@@QAEXPAX@Z	0x00409359	unowned
Code/GameEngine/Source/Common/Rva005B5C70Box.cpp	?Run@Rva005B5C70Box@@QAEXH@Z	?M3@Rva005B5C70Sub@@QAEXPAURva005B5C70Entry@@HH@Z	0x005B21DA	unowned
Code/GameEngine/Source/Common/Rva005B692FBox.cpp	?Run@Rva005B692FBox@@QAEXXZ	?Rva005B6755Helper@@YAXXZ	0x005B6755	unowned
Code/GameEngine/Source/Common/Rva005B692FBox.cpp	?Run@Rva005B692FBox@@QAEXXZ	?UseSub@Rva005B692FMgr@@QAEXPAX@Z	0x0021A428	unowned
Code/GameEngine/Source/Common/Rva005BA1FDCtor.cpp	??0Rva005BA1FDBox@@QAE@H@Z	??0Rva005BA1FDBase@@QAE@HH@Z	0x005A5BC7	unowned
Code/GameEngine/Source/Common/Rva005BA2CBDtor.cpp	??1Rva005BA2CB@@UAE@XZ	??1Rva005A0009@@UAE@XZ	0x005A0009	unowned
Code/GameEngine/Source/Common/Rva005BC474Box.cpp	?Run@Rva005BC474Box@@QAEXXZ	?MB5CE@Rva005BC474Box@@QAEXXZ	0x005BB5CE	unowned
Code/GameEngine/Source/Common/Rva005BC474Box.cpp	?Run@Rva005BC474Box@@QAEXXZ	?MBF15@Rva005BC474Box@@QAEXXZ	0x005BBF15	unowned
Code/GameEngine/Source/Common/Rva005C1AE4Points.cpp	?rva005C1ABA@Rva005C1A36@@QAEXABVUnicodeString@@@Z	?rva005DD48C@Rva005C1A36@@QAEXXZ	0x005DD48C	unowned
Code/GameEngine/Source/Common/Rva005C38EFBox.cpp	?Run@Rva005C38EFBox@@QAEXXZ	?Check@Rva005C38EChecker@@QAE_NPAX@Z	0x002A7DDE	unowned
Code/GameEngine/Source/Common/Rva005C3D5FRva005C3D5F.cpp	?rva005C3D5F@Rva005C3D5F@@QAEXPBD@Z	?rva004128F0@@YA_NPBD0PAVAsciiString@@@Z	0x004128F0	unowned
Code/GameEngine/Source/Common/Rva005C3E31Add.cpp	?rva005C3E31@Rva005C3F02@@QAEXUTreeHintRef00217D4C@@@Z	?Add@Rva005C3A37Elem@@QAEXUTreeHintRef00217D4C@@@Z	0x005C3A86	unowned
Code/GameEngine/Source/Common/Rva005C40E7Ctor.cpp	??0Rva005C3F02@@QAE@PAX0@Z	??0Rva005C3A37Elem@@QAE@PAVRva005C3F02@@PAX1@Z	0x005C3F2C	unowned
Code/GameEngine/Source/Common/Rva005C4180Refresh.cpp	?v17@Rva005C41C9@@UAEEXZ	?rva005C4B26@Rva005C41C9@@QAEEXZ	0x005C4B26	unowned
Code/GameEngine/Source/Common/Rva005C4230Dtor.cpp	??1Rva005C4230@@UAE@XZ	?rva002C004F@Rva002D3627Host@@QAEXPBD@Z	0x002C004F	unowned
Code/GameEngine/Source/Common/Rva005C4280.cpp	??0Rva005C4230@@QAE@PAXPAUArg1Host005C4280@@@Z	??0Helper005C4D4B@@QAE@PAX@Z	0x005C4D4B	unowned
Code/GameEngine/Source/Common/Rva005C4280.cpp	??0Rva005C4230@@QAE@PAXPAUArg1Host005C4280@@@Z	??0Rva005C4B56@@QAE@ABUHelper005C4D4B@@HH@Z	0x005C4DE0	unowned
Code/GameEngine/Source/Common/Rva005C4280.cpp	??0Rva005C4230@@QAE@PAXPAUArg1Host005C4280@@@Z	?method_002BFFD4@Rva002D3627Host@@QAEXPAXH0@Z	0x002BFFD4	unowned
Code/GameEngine/Source/Common/Rva005C48E5Dtor.cpp	??1Rva005C48E5@@UAE@XZ	??1SecondaryBase@@UAE@XZ	0x004FAC80	unowned
Code/GameEngine/Source/Common/Rva005C4952Find.cpp	?rva005C4952@Rva005C4A91@@QBEEPAVRva0040C804Target@@@Z	??$find@PBVAsciiString@@V1@@_STL@@YAPBVAsciiString@@PBV1@0ABV1@@Z	0x000BD22F	wrong
Code/GameEngine/Source/Common/Rva005C4952Find.cpp	?rva005C4952@Rva005C4A91@@QBEEPAVRva0040C804Target@@@Z	?check@Rva0040C804Target@@QAE_NXZ	0x0040C804	unowned
Code/GameEngine/Source/Common/Rva005C4B96.cpp	?rva005C4B96@Rva005C4B56@@UAEXE@Z	?rva003FCCC9@Rva003FB65C@@QAEXE@Z	0x003FCCC9	unowned
Code/GameEngine/Source/Common/Rva005C6CCC.cpp	??A?$map@HUTreeHintRef00217D4C@@U?$less@H@_STL@@V?$allocator@U?$pair@$$CBHUTreeHintRef00217D4C@@@_STL@@@3@@_STL@@QAEAAUTreeHintRef00217D4C@@ABH@Z	?insert@?$map@HUTreeHintRef00217D4C@@U?$less@H@_STL@@V?$allocator@U?$pair@$$CBHUTreeHintRef00217D4C@@@_STL@@@3@@_STL@@QAE?AU?$_Rb_tree_iterator@U?$pair@$$CBHUTreeHintRef00217D4C@@@_STL@@U?$_Nonconst_traits@U?$pair@$$CBHUTreeHintRef00217D4C@@@_STL@@@2@@2@U32@ABU?$pair@$$CBHUTreeHintRef00217D4C@@@2@@Z	0x0035926E	wrong
Code/GameEngine/Source/Common/Rva005C802BFactory.cpp	??0Rva005C802B@@QAE@HH@Z	??0Rva005C802BChild@@QAE@PAVRva005C802B@@HH@Z	0x005C7D4A	unowned
Code/GameEngine/Source/Common/Rva005C802BFactory.cpp	??0Rva005D19F8@@QAE@HH@Z	??0Rva005D19F8Child@@QAE@PAVRva005D19F8@@HH@Z	0x005D18E2	unowned
Code/GameEngine/Source/Common/Rva005C802BFactory.cpp	??0Rva005FF912@@QAE@HH@Z	??0Rva005FF912Child@@QAE@PAVRva005FF912@@HH@Z	0x005FF675	unowned
Code/GameEngine/Source/Common/Rva005CD018ObjListPush.cpp	?push_back@?$list@PAVRva005CD018Obj@@V?$allocator@PAVRva005CD018Obj@@@_STL@@@_STL@@QAEXABQAVRva005CD018Obj@@@Z	?insert@?$list@PAVRva005CD018Obj@@V?$allocator@PAVRva005CD018Obj@@@_STL@@@_STL@@QAE?AU?$_List_iterator@PAVRva005CD018Obj@@U?$_Nonconst_traits@PAVRva005CD018Obj@@@_STL@@@2@U32@ABQAVRva005CD018Obj@@@Z	0x005CCED5	wrong
Code/GameEngine/Source/Common/Rva005CDA3DDtor.cpp	??1Rva005CDA3D@@UAE@XZ	??1Rva005E66A4@@UAE@XZ	0x005E66A4	unowned
Code/GameEngine/Source/Common/Rva005CDDA4Dtor.cpp	??1Rva005CDDA4@@UAE@XZ	??1Rva005E66A4@@UAE@XZ	0x005E66A4	unowned
Code/GameEngine/Source/Common/Rva005CFEDFOwnedPointerDtors.cpp	??1Rva005CFEDF@@UAE@XZ	?clear@Rva005EBC74@@QAEXXZ	0x005EBCC9	wrong
Code/GameEngine/Source/Common/Rva005CFEDFOwnedPointerDtors.cpp	??1Rva005CFFB8@@UAE@XZ	?clear@Rva005EC422@@QAEXXZ	0x005EC4AA	wrong
Code/GameEngine/Source/Common/Rva005CFEDFOwnedPointerDtors.cpp	??1Rva005D10F9@@UAE@XZ	?clear@Rva005EC422@@QAEXXZ	0x005EC4AA	wrong
Code/GameEngine/Source/Common/Rva005D20E5Wrap.cpp	?rva005D20E5@Rva005D20E5@@QAEXXZ	?rva002BF6A7@Rva002BF6A7@@QAEXH@Z	0x002BF6A7	unowned
Code/GameEngine/Source/Common/Rva005D25F2Dtor.cpp	??1Rva005D25F2@@UAE@XZ	??1Elem005D25F2@@QAE@XZ	0x005D258E	unowned
Code/GameEngine/Source/Common/Rva005D26B2Method.cpp	?rva005D26B2@Rva005D2664@@QAEXPBD@Z	?Rva004128F0GetParam@@YA_NPBD0AAVAsciiString@@@Z	0x004128F0	unowned
Code/GameEngine/Source/Common/Rva005D3628Wrapper.cpp	??0Rva005D3628@@QAE@HH@Z	??0Rva005D3506Inner@@QAE@HH@Z	0x005D3506	unowned
Code/GameEngine/Source/Common/Rva005D3A91Refresh.cpp	?rva005D3A91@Rva005D3A91@@QAEXXZ	?rva005D388B@Rva005D388B@@QAE?AUTreeHintRef00217D4C@@XZ	0x005D388B	unowned
Code/GameEngine/Source/Common/Rva005D796F.cpp	?rva005D796F@Rva005D791C@@UAE_NPAVObject@@@Z	?rva005EE8DD@Rva005EE816@@QAE_NPBUCoord3D@@PAVObject@@@Z	0x005EE8DD	unowned
Code/GameEngine/Source/Common/Rva005D7D93.cpp	?rva005D7D93@Rva005EE816@@QAE_NPAVObject@@@Z	?rva005EE8DD@Rva005EE816@@QAE_NPBUCoord3D@@PAVObject@@@Z	0x005EE8DD	unowned
Code/GameEngine/Source/Common/Rva005DE059Loop.cpp	_rva005DE059	?rva005DDBAB@Rva005DDBAB@@QAEXHH@Z	0x005DDBAB	unowned
Code/GameEngine/Source/Common/Rva005E1627Ctors.cpp	??0Rva005E1680@@QAE@HHH@Z	??0Rva005E1627@@QAE@HH@Z	0x005E1627	unowned
Code/GameEngine/Source/Common/Rva005E2C70Destructor_Rva003abc21.cpp	??1Rva005E2D20@@UAE@XZ	??1Rva005DDD60@@UAE@XZ	0x003A5817	wrong
Code/GameEngine/Source/Common/Rva005E2C70Destructor_Rva003abc21.cpp	??1Rva005E2D20@@UAE@XZ	??1Rva005E2C70StringView@@UAE@XZ	0x003A9F8A	wrong
Code/GameEngine/Source/Common/Rva005E2D8AGet.cpp	?Rva005E2D8AGet@@YAPAXPBD@Z	?Rva004128F0GetParam@@YA_NPBD0AAVAsciiString@@@Z	0x004128F0	unowned
Code/GameEngine/Source/Common/Rva005E31EECln.cpp	?rva005E31EE@Rva005E31EE@@QAEXXZ	?rva005E31AA@Rva005E31AA@@QAEXH@Z	0x005E31AA	unowned
Code/GameEngine/Source/Common/Rva005E3E41Twins.cpp	?rva005E4389@Rva005E4389@@QAEXXZ	?rva005E4087@Rva005E4087@@QAEXH@Z	0x005E4087	unowned
Code/GameEngine/Source/Common/Rva005E49FDFwd.cpp	?rva005E49FD@@YAXHHHH@Z	?Rva005E4817Forward@@YAXHHHHPA_N@Z	0x005E4817	unowned
Code/GameEngine/Source/Common/Rva005E4DAFTwins.cpp	?rva005E4DAF@Rva005E4DAF@@QAEXH@Z	?rva005E4BB7@Rva005E4BB7@@QAEPAXPAX@Z	0x005E4BB7	unowned
Code/GameEngine/Source/Common/Rva005E4DAFTwins.cpp	?rva005E4DE5@Rva005E4DAF@@QAEXH@Z	?rva005E4BB7@Rva005E4BB7@@QAEPAXPAX@Z	0x005E4BB7	unowned
Code/GameEngine/Source/Common/Rva005E51D3Wrap.cpp	?rva005E51D3@Rva005E51D3@@QAEXXZ	?rva005E50E1@Rva005E50E1@@QAEXH@Z	0x005E50E1	unowned
Code/GameEngine/Source/Common/Rva005E58EDWrap.cpp	?rva005E58ED@Rva005E58ED@@QAEXXZ	?rva00318C32@Rva00318C32@@QAEHXZ	0x00318C32	unowned
Code/GameEngine/Source/Common/Rva005E6894Rva005E6894.cpp	?releaseAndEmptyHook@Rva005E6894@@QAEXXZ	?rva005E509F@Rva005E509FCallView@@QAEXXZ	0x005E509F	unowned
Code/GameEngine/Source/Common/Rva005EB35DDeletingDtor.cpp	??_GRva005EB2E7@@QAEPAXI@Z	??1Rva005EB2E7@@QAE@XZ	0x005EB2E7	unowned
Code/GameEngine/Source/Common/Rva005F2FEFApt.cpp	??__Fs_label@?7??rva005F2D41@Rva005F2FEF@@QAEXH@Z@YAXXZ	?releaseBuffer@?$StringBase@D@@AAEXXZ	0x0048BA39	wrong
Code/GameEngine/Source/Common/Rva005F2FEFApt.cpp	??__Fs_rankLabel@?7??rva005F2B76@Rva005F2FEF@@QAEXH@Z@YAXXZ	?releaseBuffer@?$StringBase@D@@AAEXXZ	0x0048BA39	wrong
Code/GameEngine/Source/Common/Rva005F6806Ctor.cpp	??0Rva005F6806@@QAE@PAX00@Z	??0Rva005F6806Heap@@QAE@PAX00@Z	0x005F654C	unowned
Code/GameEngine/Source/Common/Rva005F7750Dtor.cpp	??1Rva005F7750@@UAE@XZ	?clear@Rva005F7736@@QAEXXZ	0x005F7736	unowned
Code/GameEngine/Source/Common/Rva005F830ACtor.cpp	??0Rva005F830A@@QAE@PAX000@Z	??0Rva005F830AHeap@@QAE@PAX0000@Z	0x005F7F21	unowned
Code/GameEngine/Source/Common/Rva005F86FECtor.cpp	??0Rva005F86FE@@QAE@PAX0@Z	??0Rva005F86FEHeap@@QAE@PAX0@Z	0x005F8671	unowned
Code/GameEngine/Source/Common/Rva005F8E37.cpp	?rva005F8E37Init@@YIPAVRva005F8E37@@PAV1@HHHH@Z	?rva005FE7A7@@YIXPAVRva005FE7A7Obj@@HHH@Z	0x005FE7A7	unowned
Code/GameEngine/Source/Common/Rva005F8E5A.cpp	?rva005F8E5AInit@@YIPAVRva005F8E5A@@PAV1@HHHH@Z	?rva005FE640@@YIXPAVRva005FE640Obj@@HHH@Z	0x005FE640	unowned
Code/GameEngine/Source/Common/Rva005FA0C9.cpp	?rva005FA0C9Init@@YIPAVRva005FA0C9@@PAV1@HPAURva005FA0C9A@@HH@Z	?rva005F9DCB@@YIXPAVRva005F9DCBObj@@HHHHHH@Z	0x005F9DCB	unowned
Code/GameEngine/Source/Common/Rva005FA0F7.cpp	?rva005FA0F7Init@@YIPAVRva005FA0F7@@PAV1@HPAURva005FA0F7A@@HH@Z	?rva005F9DCB@@YIXPAVRva005F9DCBObj@@HHHHHH@Z	0x005F9DCB	unowned
Code/GameEngine/Source/Common/Rva005FA854.cpp	?rva005FA854@Rva005FA854@@QAE_NXZ	?rva005FEC0C@Rva005FA854Inner@@QAEXXZ	0x005FEC0C	unowned
Code/GameEngine/Source/Common/Rva005FA89C.cpp	?rva005FA89CInit@@YIPAVRva005FA89C@@PAV1@HHHPAURva005FA89CC@@@Z	?rva005FF0F6@@YIXPAVRva005FF0F6Obj@@HHHH@Z	0x005FF0F6	unowned
Code/GameEngine/Source/Common/Rva005FECFC.cpp	?rva005FECFCInit@@YIXPAVRva005FECFC@@HH@Z	?rva005FEC0C@Rva005FA854Inner@@QAEXXZ	0x005FEC0C	unowned
Code/GameEngine/Source/Common/Rva00600352.cpp	?rva00600352Init@@YIPAVRva00600352@@PAV1@HHHHH@Z	?rva00600305@@YIXPAVRva00600305Obj@@HHHH@Z	0x00600305	unowned
Code/GameEngine/Source/Common/Rva00603110TinyBodies.cpp	?Rva0060C1B0@@YGXPAXPBVAsciiString@@@Z	?find@Rva00612430Owner@@QAEPAURva00612430Item@@ABVAsciiString@@@Z	0x002120C2	unowned
Code/GameEngine/Source/Common/Rva006C0630Cluster.cpp	?rva006C0630@@YA_NPAURva00880D10Info@@0@Z	?rva006C0500@BfmeBoxF0@@QBE_NPBV1@@Z	0x006C0500	unowned
Code/GameEngine/Source/Common/Rva006C1E20Cluster.cpp	?rva006C1E20@Rva006C1F60@@QAE_NPBXH@Z	?rva00032830@GeneralAllocator@Allocator@EA@@QAE_NPBXH@Z	0x00032830	unowned
Code/GameEngine/Source/Common/Rva006C1E20Cluster.cpp	?rva006C1E20@Rva006C1F60@@QAE_NPBXH@Z	?rva006C1DC0@Rva006C1F60@@QAE_NI@Z	0x006C1DC0	unowned
Code/GameEngine/Source/Common/Rva006C2FB0Finish.cpp	?rva006C2FB0@Rva006C2D20Sink@@QAEXPBD0@Z	?rva006C2D20@Rva006C2D20Sink@@QAEXPBD0I@Z	0x006C2D20	unowned
Code/GameEngine/Source/Common/Rva006C3020Finish.cpp	?VerifyGuardFill@GeneralAllocatorDebug@@QAE_NPAXHE@Z	?rva006C25F0Run6@GeneralAllocatorDebug@@QAEPAXPAXHHHPAIH@Z	0x006C25F0	unowned
Code/GameEngine/Source/Common/Rva006C3840Cluster.cpp	?rva006C3840@Rva006C1F60@@QAEXHH@Z	?rva006C33D0@Rva006C1F60@@QAEXHH@Z	0x006C33D0	unowned
Code/GameEngine/Source/Common/Rva006C3840Cluster.cpp	uw_007a7d50	??1Rva00030DD0Guard@@QAE@XZ	0x000317C0	wrong
Code/GameEngine/Source/Common/Rva006C38D0Cluster.cpp	?rva006C38D0@Rva006C1F60@@QAE_NXZ	?rva00033D50@Rva006C1F60@@QAE_NXZ	0x00033D50	unowned
Code/GameEngine/Source/Common/Rva006C38D0Cluster.cpp	?rva006C38D0@Rva006C1F60@@QAE_NXZ	?rva006C33D0@Rva006C1F60@@QAEXHH@Z	0x006C33D0	unowned
Code/GameEngine/Source/Common/Rva006C4240Cluster.cpp	?rva006C4240@Rva006C4240@@QAEPAXPAX0HHHH@Z	?rva006C40C0@Rva006C40C0@@QAEPAXPAX0@Z	0x006C40C0	unowned
Code/GameEngine/Source/Common/Rva006C4240Cluster.cpp	?rva006C4670@Rva006C4240@@QAEPAXPAX00HHHH@Z	?rva006C4530@Rva006C4530@@QAEPAXPAX00@Z	0x006C4530	unowned
Code/GameEngine/Source/Common/Rva006C4460Cluster.cpp	?rva006C4460@Rva006C4460@@QAEHHHHHHHHH@Z	?rva006C4300@Rva006C4460@@QAEHHHHH@Z	0x006C4300	unowned
Code/GameEngine/Source/Common/Rva006CBDE0Ctor.cpp	uw_007a8030	??1BfmeAptValue006DCD20@@UAE@XZ	0x006D6340	unowned
Code/GameEngine/Source/Common/Rva006CBF40Siblings.cpp	??_GRva006CC2F0@@UAEPAXI@Z	??1Rva006CC2F0@@UAE@XZ	0x006D1090	wrong
Code/GameEngine/Source/Common/Rva006CBF40Siblings.cpp	??_GRva006CD620@@UAEPAXI@Z	??1Rva006CD620@@UAE@XZ	0x006D6340	unowned
Code/GameEngine/Source/Common/Rva006CBF40Siblings.cpp	??_GRva006CEA60@@UAEPAXI@Z	??1Rva006CEA60@@UAE@XZ	0x006CE7E0	unowned
Code/GameEngine/Source/Common/Rva006CBF40Siblings.cpp	??_GRva006D71B0@@UAEPAXI@Z	??1Rva006D71B0@@UAE@XZ	0x006D6340	unowned
Code/GameEngine/Source/Common/Rva006CBF40Siblings.cpp	??_GRva006D71E0@@UAEPAXI@Z	??1Rva006D71E0@@UAE@XZ	0x006D63C0	wrong
Code/GameEngine/Source/Common/Rva006CBF40Siblings.cpp	??_GRva006E9B50@@UAEPAXI@Z	??1Rva006E9B50@@UAE@XZ	0x006E96D0	wrong
Code/GameEngine/Source/Common/Rva006CBF40Siblings.cpp	??_GRva006EC170@@UAEPAXI@Z	??1Rva006EC170@@UAE@XZ	0x006EB6A0	wrong
Code/GameEngine/Source/Common/Rva006CBF40Siblings.cpp	??_GRva006F7DC0@@UAEPAXI@Z	??1Rva006F7DC0@@UAE@XZ	0x006F7DF0	unowned
Code/GameEngine/Source/Common/Rva006CBF40Siblings.cpp	??_GRva006FE430@@UAEPAXI@Z	??1Rva006FE430@@UAE@XZ	0x006FE460	wrong
Code/GameEngine/Source/Common/Rva006CBF40Siblings.cpp	??_GRva0070A530@@UAEPAXI@Z	??1Rva0070A530@@UAE@XZ	0x00709B80	wrong
Code/GameEngine/Source/Common/Rva006CBF40Siblings.cpp	??_GRva0070A560@@UAEPAXI@Z	??1Rva0070A560@@UAE@XZ	0x00709B80	wrong
Code/GameEngine/Source/Common/Rva006CBF40Siblings.cpp	??_GRva0070A590@@UAEPAXI@Z	??1Rva0070A590@@UAE@XZ	0x00709B80	wrong
Code/GameEngine/Source/Common/Rva006CC320Siblings.cpp	??_GRva006E6430@@UAEPAXI@Z	??1Rva006E6430@@UAE@XZ	0x006E6430	unowned
Code/GameEngine/Source/Common/Rva006CC4A0.cpp	?rva006CC4A0Init@@YIPAVRva006CC4A0@@PAV1@HH@Z	?rva00ACBC50@@YAXPAVRva006CC4A0@@H@Z	0x006CBC50	unowned
Code/GameEngine/Source/Common/Rva006CC4A0.cpp	?rva006CC4A0Init@@YIPAVRva006CC4A0@@PAV1@HH@Z	?rva00ADAFA0@Rva006CC4A0@@QAEXXZ	0x006DAFA0	unowned
Code/GameEngine/Source/Common/Rva006CC880Cluster.cpp	?rva006cc880@@YAXXZ	?rva006F7720Sub@AptAnimationPoolData@@QAEXPAXH@Z	0x006F7720	unowned
Code/GameEngine/Source/Common/Rva006CC9A0Cluster.cpp	?Rva006CC9A0@@YAXHHH@Z	?rva006E3530@Rva006E34D0@@QAEXHHH@Z	0x006E3530	unowned
Code/GameEngine/Source/Common/Rva006CD2A0Cluster.cpp	?Rva006CD2A0@@YAXPAD@Z	?Rva006CD230Append@@YAXPAX0@Z	0x006CD230	unowned
Code/GameEngine/Source/Common/Rva006D0320Release.cpp	?rva006D0320@Rva006D0280@@QAEPAV1@E@Z	?teardown@Rva006D0280@@QAEXXZ	0x006D0280	unowned
Code/GameEngine/Source/Common/Rva006D0790Init.cpp	?rva006D0790@Rva006D0790@@QAEPAV1@PAURva006D0280@@PAX@Z	?teardown@Rva006D0280@@QAEXXZ	0x006D0280	unowned
Code/GameEngine/Source/Common/Rva006D7350Finish.cpp	?rva006D7350@@YAPAXPAVRva006DCE50Opaque@@@Z	?rva006D5FE0@EAStringC@@QAEXPAXH@Z	0x006D5FE0	unowned
Code/GameEngine/Source/Common/Rva006D7A60Finish.cpp	?rva006d7a60@@YAPAVAptString@@PAVBfmeAptValue006DCD20@@HH@Z	??0EAStringC@@QAE@XZ	0x006D2F90	divergent
Code/GameEngine/Source/Common/Rva006D7B60Finish.cpp	?rva006d7b60@@YAPAVAptString@@PAVBfmeAptValue006DCD20@@HH@Z	??0EAStringC@@QAE@XZ	0x006D2F90	divergent
Code/GameEngine/Source/Common/Rva006D94A0AptCluster.cpp	?rva006D94A0@BfmeAptValue006DCD20@@QAEXXZ	?rva006DCC00@Rva006D6360@@QAEXXZ	0x0070DFD0	wrong
Code/GameEngine/Source/Common/Rva006D94A0AptCluster.cpp	?rva006D9F00@@YAPAVBfmeAptValue006DCD20@@PAV1@H@Z	_rva006D9E40Comparator	0x006D9E40	unowned
Code/GameEngine/Source/Common/Rva006D94A0AptCluster.cpp	?rva006DA0C0@@YAPAVBfmeAptValue006DCD20@@PAV1@H@Z	_rva006DA0C0Comparator	0x006D9F70	unowned
Code/GameEngine/Source/Common/Rva006DE1A0Finish.cpp	uw_007a8da0	??1Rva006DE1A0Base@@UAE@XZ	0x006D6340	unowned
Code/GameEngine/Source/Common/Rva006EC670Cluster.cpp	?rva006ec670@@YAPAVBfmeAptValue006DCD20@@PAV1@H@Z	?rva007092F0@AptBasePtrStack@@QAEPAVBfmeAptValue006DCD20@@PAV2@H00H0@Z	0x007092F0	unowned
Code/GameEngine/Source/Common/Rva006ED150Cluster.cpp	uw_007a97b0	??1Rva006ED150Base@@UAE@XZ	0x006F8460	wrong
Code/GameEngine/Source/Common/Rva006ED1E0Cluster.cpp	uw_007a97d0	??1Rva006ED2A0Base@@UAE@XZ	0x006F8460	wrong
Code/GameEngine/Source/Common/Rva006ED2A0Dtor.cpp	uw_007a97f0	??1Rva006ED2A0Base@@UAE@XZ	0x006F8460	wrong
Code/GameEngine/Source/Common/Rva006F1E70Cluster.cpp	??0Rva006F1E70@@QAE@PAVBfmeAptValue006DCD20@@@Z	??0Rva008B2EF0@@QAE@II@Z	0x006F1310	unowned
Code/GameEngine/Source/Common/Rva006F1E70Cluster.cpp	uw_007a9bf0	??1Rva008B2EF0@@UAE@XZ	0x006F1360	wrong
Code/GameEngine/Source/Common/Rva006F2C20Siblings.cpp	?rva006F2C20@Rva006F2C20@@UAEXXZ	?rva006DCC00@Rva006D6360@@QAEXXZ	0x0070DFD0	wrong
Code/GameEngine/Source/Common/Rva006F84C0DeletingDtor.cpp	??_GRva006F84C0@@UAEPAXI@Z	??1Rva006F84C0@@UAE@XZ	0x006F8460	wrong
Code/GameEngine/Source/Common/Rva006F8DA0Cluster.cpp	uw_007aa110	??1Rva006F8460Base@@UAE@XZ	0x006F8460	wrong
Code/GameEngine/Source/Common/Rva006FBC90OwnerDtor.cpp	uw_007aa270	??1Rva006DE350@@UAE@XZ	0x006D6340	unowned
Code/GameEngine/Source/Common/Rva006FBE60Cluster.cpp	?rva006FBE60@Rva006FBE60@@QAE_NPAVRva8D0D80String@@PAVRva8D0D80Value@@@Z	?rva006FBBA0@Rva8D0D80Result@@QAE_NPAVRva8D0D80String@@PAVRva8D0D80Value@@@Z	0x006FBBA0	unowned
Code/GameEngine/Source/Common/Rva006FBED0Cluster.cpp	?rva006FBED0@Rva8D0D80Result@@QAEXXZ	??0Rva006FBED0Root@@QAE@PAX@Z	0x006FBAA0	unowned
Code/GameEngine/Source/Common/Rva006FBED0Cluster.cpp	?rva006FBED0@Rva8D0D80Result@@QAEXXZ	??0Rva006FBED0Root@@QAE@PAXH@Z	0x006FBB10	unowned
Code/GameEngine/Source/Common/Rva0073F708Ctor.cpp	??0Rva0073F708@@QAE@PAXH@Z	?Rva0073F6FCCb@@YGIPAX@Z	0x0073F6FC	unowned
Code/GameEngine/Source/Common/Rva0073F708Ctor.cpp	?dup_000a8893@@YAXXZ	?Rva0073F6FCCb@@YGIPAX@Z	0x0073F6FC	unowned
Code/GameEngine/Source/Common/Rva00755C80GuardedQuery.cpp	?Rva00755C80@@YAXXZ	?bfmeQuery@Gen01304B64@@QAEHXZ	0x0007A54B	unowned
Code/GameEngine/Source/Common/Rva00787C20HashOwnerDestructor.cpp	??1Rva00787C20@@QAE@XZ	??$for_each@U?$_Ht_iterator@U?$pair@$$CBHUGen_t_00786db0_p12cd@@@_STL@@U?$_Nonconst_traits@U?$pair@$$CBHUGen_t_00786db0_p12cd@@@_STL@@@2@HU?$hash@H@2@U?$_Select1st@U?$pair@$$CBHUGen_t_00786db0_p12cd@@@_STL@@@2@U?$equal_to@H@2@V?$allocator@U?$pair@$$CBHUGen_t_00786db0_p12cd@@@_STL@@@2@@_STL@@P6AXAAU?$pair@$$CBHUGen_t_00786db0_p12cd@@@2@@Z@_STL@@YAP6AXAAU?$pair@$$CBHUGen_t_00786db0_p12cd@@@0@@ZU?$_Ht_iterator@U?$pair@$$CBHUGen_t_00786db0_p12cd@@@_STL@@U?$_Nonconst_traits@U?$pair@$$CBHUGen_t_00786db0_p12cd@@@_STL@@@2@HU?$hash@H@2@U?$_Select1st@U?$pair@$$CBHUGen_t_00786db0_p12cd@@@_STL@@@2@U?$equal_to@H@2@V?$allocator@U?$pair@$$CBHUGen_t_00786db0_p12cd@@@_STL@@@2@@0@1P6AX0@Z@Z	0x000AACE4	wrong
Code/GameEngine/Source/Common/Rva00787C20HashOwnerDestructor.cpp	??1Rva00787C20@@QAE@XZ	??$for_each@U?$_Ht_iterator@U?$pair@$$CBHUGen_t_00786e70_p12cd@@@_STL@@U?$_Nonconst_traits@U?$pair@$$CBHUGen_t_00786e70_p12cd@@@_STL@@@2@HU?$hash@H@2@U?$_Select1st@U?$pair@$$CBHUGen_t_00786e70_p12cd@@@_STL@@@2@U?$equal_to@H@2@V?$allocator@U?$pair@$$CBHUGen_t_00786e70_p12cd@@@_STL@@@2@@_STL@@P6AXAAU?$pair@$$CBHUGen_t_00786e70_p12cd@@@2@@Z@_STL@@YAP6AXAAU?$pair@$$CBHUGen_t_00786e70_p12cd@@@0@@ZU?$_Ht_iterator@U?$pair@$$CBHUGen_t_00786e70_p12cd@@@_STL@@U?$_Nonconst_traits@U?$pair@$$CBHUGen_t_00786e70_p12cd@@@_STL@@@2@HU?$hash@H@2@U?$_Select1st@U?$pair@$$CBHUGen_t_00786e70_p12cd@@@_STL@@@2@U?$equal_to@H@2@V?$allocator@U?$pair@$$CBHUGen_t_00786e70_p12cd@@@_STL@@@2@@0@1P6AX0@Z@Z	0x000AACE4	wrong
Code/GameEngine/Source/Common/Rva00787C20HashOwnerDestructor.cpp	??1Rva00787C20@@QAE@XZ	??1?$hashtable@U?$pair@$$CBHUGen_t_00786db0_p12cd@@@_STL@@HU?$hash@H@2@U?$_Select1st@U?$pair@$$CBHUGen_t_00786db0_p12cd@@@_STL@@@2@U?$equal_to@H@2@V?$allocator@U?$pair@$$CBHUGen_t_00786db0_p12cd@@@_STL@@@2@@_STL@@QAE@XZ	0x000AACAB	wrong
Code/GameEngine/Source/Common/Rva00787C20HashOwnerDestructor.cpp	??1Rva00787C20@@QAE@XZ	??1?$hashtable@U?$pair@$$CBHUGen_t_00786e70_p12cd@@@_STL@@HU?$hash@H@2@U?$_Select1st@U?$pair@$$CBHUGen_t_00786e70_p12cd@@@_STL@@@2@U?$equal_to@H@2@V?$allocator@U?$pair@$$CBHUGen_t_00786e70_p12cd@@@_STL@@@2@@_STL@@QAE@XZ	0x000AACAB	wrong
Code/GameEngine/Source/Common/Rva007ABBB3CtorInits.cpp	?rva007AC880@Rva007ABBB3CtorInits@@SAXXZ	??0?$RefCountPtr@VTextureClass@@@@QAE@XZ	0x00326BE6	divergent
Code/GameEngine/Source/Common/Rva007B5DE0StaticInstance.cpp	??__Es_rva006655B0@@YAXXZ	_$E2	0x007B9B90	wrong
Code/GameEngine/Source/Common/Rva007B6880Thunks.cpp	?rva007B6BE1@@YAXXZ	??1Rva007A4E6@@QAE@XZ	0x0007A4E6	unowned
Code/GameEngine/Source/Common/Rva007B6880Thunks.cpp	?rva007B6EEA@@YAXXZ	??1Rva000FB85DDtor@@QAE@XZ	0x000FB85D	unowned
Code/GameEngine/Source/Common/Rva007B6880Thunks.cpp	?rva007B759C@@YAXXZ	??1Rva001FBD17@@UAE@XZ	0x001FBD17	unowned
Code/GameEngine/Source/Common/Rva007B6880Thunks.cpp	?rva007B7AE1@@YAXXZ	??1Rva0030A0FCDtor@@QAE@XZ	0x0030A0FC	unowned
Code/GameEngine/Source/Common/Rva007B6880Thunks.cpp	?rva007B7B82@@YAXXZ	?releaseBuffer@?$StringBase@D@@AAEXXZ	0x0048BA39	wrong
Code/GameEngine/Source/Common/Rva007B6880Thunks.cpp	?rva007B7B8C@@YAXXZ	?releaseBuffer@?$StringBase@D@@AAEXXZ	0x0048BA39	wrong
Code/GameEngine/Source/Common/Rva007B6880Thunks.cpp	?rva007B7CC3@@YAXXZ	??1Rva00362B5ADtor@@QAE@XZ	0x00362B5A	unowned
Code/GameEngine/Source/Common/Rva007B6880Thunks.cpp	?rva007B83B9@@YAXXZ	??1Rva00435CDBDtor@@QAE@XZ	0x00435CDB	unowned
Code/GameEngine/Source/Common/Rva007B6880Thunks.cpp	?rva007B89C1@@YAXXZ	??1Rva004ABE53Dtor@@QAE@XZ	0x004ABE53	unowned
Code/GameEngine/Source/Common/Rva007B6880Thunks.cpp	?rva007B91F8@@YAXXZ	??1Rva00524CC1Dtor@@QAE@XZ	0x00524CC1	unowned
Code/GameEngine/Source/Common/Rva007B6880Thunks.cpp	?rva007B9298@@YAXXZ	??1Rva0052B7B3Dtor@@QAE@XZ	0x0052B7B3	unowned
Code/GameEngine/Source/Common/Rva007B6880Thunks.cpp	?rva007B9680@@YAXXZ	?releaseBuffer@?$StringBase@D@@AAEXXZ	0x0048BA39	wrong
Code/GameEngine/Source/Common/Rva007B6880Thunks.cpp	?rva007B968A@@YAXXZ	?releaseBuffer@?$StringBase@D@@AAEXXZ	0x0048BA39	wrong
Code/GameEngine/Source/Common/Rva007B6880Thunks.cpp	?rva007B9C50@@YAXXZ	??1AptActionInterpreter@@QAE@XZ	0x006FE9C0	unowned
Code/GameEngine/Source/Common/Rva007D85C0FilterShutdown.cpp	?erase@?$vector@UGen_p12pod@@V?$allocator@UGen_p12pod@@@_STL@@@_STL@@QAEPAUGen_p12pod@@PAU3@0@Z	??$__copy_ptrs@PAUGen_p12pod@@PAU1@@_STL@@YAPAUGen_p12pod@@PAU1@00ABU__false_type@0@@Z	0x000B6569	wrong
Code/GameEngine/Source/Common/Rva007E4AA0Threshold.cpp	?isBelowTransformed@Rva007E4AA0Threshold@@QBE_NH@Z	?rva000190ABTransform@@YGHH@Z	0x00090FE0	unowned
Code/GameEngine/Source/Common/Rva0087EAA0Fill.cpp	?Rva006BE270Fill@@YAXPAUBfmeElem60@@0ABU1@@Z	??4AsciiString@@QAEAAV0@ABV0@@Z	0x000366F0	divergent
Code/GameEngine/Source/Common/Rva00880440Push.cpp	?push_back@BfmeVec440@@QAEXPBUBfmeElem440@@@Z	?overflow@BfmeVec440@@QAEXPAUBfmeElem440@@ABU2@ABUBfmeFalse440@@I_N@Z	0x006BFD30	unowned
Code/GameEngine/Source/Common/Rva00893030RefDispatch.cpp	?Rva00893030@@YAXVRva00893030Ref@@PAX11@Z	?invoke@Rva00893030Manager@@QAEXVRva00893030Ref@@PAX11@Z	0x006D25C0	unowned
Code/GameEngine/Source/Common/Rva00893E70ContainerDestructor.cpp	??1Gen_uw_00893e70@@QAE@XZ	?Rva00893B30ResizeItems@@YAPAURva00892640Item@@PAU1@HH@Z	0x006CDBF0	unowned
Code/GameEngine/Source/Common/Rva008A2C80Constructor.cpp	??0Rva008A2C80@@QAE@VRva008A2BA0Handle@@@Z	??0Gen_008AC620@@QAE@XZ	0x006ED060	unowned
Code/GameEngine/Source/Common/Rva008A2C80Constructor.cpp	uw_007a91a0	??1Rva008A2BA0Handle@@QAE@XZ	0x000A9DF3	wrong
Code/GameEngine/Source/Common/Rva008A2C80Constructor.cpp	uw_007a91b0	??1Rva008A2BA0Handle@@QAE@XZ	0x000A9DF3	wrong
Code/GameEngine/Source/Common/Rva008B2EF0Constructors.cpp	??0Rva008B38D0@@QAE@I@Z	??0Rva008B2EF0@@QAE@II@Z	0x006F1310	unowned
Code/GameEngine/Source/Common/Rva008C3E70CallAdapter.cpp	?rva008C3E70Adapter@@YGXHHH@Z	?rva008AF650Implementation@@YAXHHH@Z	0x006EE6C0	unowned
Code/GameEngine/Source/Common/Rva009A4D00TableInit.cpp	?Rva009A4D00Init@@YAXXZ	?bfmeRun_009A75E0@@YAXXZ	0x001B8040	unowned
Code/GameEngine/Source/Common/Rva009A5800Forward.cpp	?Rva009A5620DecodeFrame@@YAHPAE0I@Z	?d_009a8c50@@YAXXZ	0x001B96A0	unowned
Code/GameEngine/Source/Common/Rva009A5800Forward.cpp	?Rva009A5620DecodeFrame@@YAHPAE0I@Z	?d_009acb60@@YAXXZ	0x001BD550	unowned
Code/GameEngine/Source/Common/Rva009A6130PostFilterDispatch.cpp	?Rva009A6130PostFilterDispatch@@YAXPAURva009A6130Context@@HHHHPAE11HH@Z	?Rva009B2530@@YAXPAURva009A6130Context@@PAE1@Z	0x001C2F20	unowned
Code/GameEngine/Source/Common/Rva009A6130PostFilterDispatch.cpp	?Rva009A6130PostFilterDispatch@@YAXPAURva009A6130Context@@HHHHPAE11HH@Z	?d_009a8c50@@YAXXZ	0x001B96A0	unowned
Code/GameEngine/Source/Common/Rva009A6DA0ReleaseBuffers.cpp	?Rva009A6DA0ReleaseBuffers@@YAXPAURva009A6DA0Buffer@@@Z	?bfmeTwoBZB@@YAXPAX@Z	0x001B6410	wrong
Code/GameEngine/Source/Common/Rva009A6DA0ReleaseBuffers.cpp	?Rva009A6DF0InitializeBuffers@@YAHPAURva009A6DA0Buffer@@@Z	?bfmeTwoBZB@@YAXPAX@Z	0x001B6410	wrong
Code/GameEngine/Source/Common/Rva009A9070CopyStreams.cpp	?Rva009A9070CopyStreams@@YAXPAURva009A9070Context@@PAURva009A9070Source@@H@Z	?d_009a8c50@@YAXXZ	0x001B96A0	unowned
Code/GameEngine/Source/Common/Rva009A9AD0Scale2D.cpp	?Rva009A9AD0Scale2D@@YAXPAEHII0HII0EIIIII@Z	?Rva009A9980@@YAXPBEHIIPAEHII@Z	0x001BA3C0	unowned
Code/GameEngine/Source/Common/Rva009A9AD0Scale2D.cpp	?Rva009A9AD0Scale2D@@YAXPAEHII0HII0EIIIII@Z	?Rva009A9A20@@YAXPBEHIIPAEHII@Z	0x001BA460	unowned
Code/GameEngine/Source/Common/Rva009AA8F0Dispatch.cpp	?Rva009AA8F0Dispatch@@YAXPAURva009AA8F0Context@@HPAURva009AA8F0Block@@@Z	?d_009a8c50@@YAXXZ	0x001B96A0	unowned
Code/GameEngine/Source/Common/Rva009AA8F0Dispatch.cpp	?Rva009AA8F0Dispatch@@YAXPAURva009AA8F0Context@@HPAURva009AA8F0Block@@@Z	?d_009aa4f0@@YAXXZ	0x001BAF30	unowned
Code/GameEngine/Source/Common/Rva009AABB0CodecDispatch.cpp	?Rva009AABB0CodecDispatch@@YAXPAURva009AABB0Context@@@Z	?Rva009B4390CodecCall@@YAXPAXH0HHHHHHHHHHHH@Z	0x001C4C90	unowned
Code/GameEngine/Source/Common/Rva009AAC80CodecGrid.cpp	?Rva009AAC80CodecGrid@@YAXPAURva009AAC80Context@@@Z	?Rva009B4390CodecCall@@YAXPAXH0HHHHHHHHHHHH@Z	0x001C4C90	unowned
Code/GameEngine/Source/Common/Rva009AAD20.cpp	?Rva009AAD20@@YAXPAURva009AAD20State@@H@Z	?Rva009B5530Prepare@@YAXPAURva009B5830State@@PAXH@Z	0x001C5E30	unowned
Code/GameEngine/Source/Common/Rva009AB320BuildTables.cpp	?Rva009AB320BuildTables@@YAXPAURva009AB320Tables@@@Z	?Rva009B60E0BuildTree@@YAXPAI0H@Z	0x001C69E0	unowned
Code/GameEngine/Source/Common/Rva009AF0D0CopyPlane.cpp	?copyPlane009AF0D0@@YAXPAURva009AF200Context@@IHIIPAE1PBI@Z	?Rva009ADAA0@@YAXPAURva009AF200Context@@PAE1IIHPBI@Z	0x001BE490	unowned
Code/GameEngine/Source/Common/Rva009AF200CopyPlanes.cpp	?Rva009AF200CopyPlanes@@YAXPAURva009AF200Context@@HH@Z	?copyPlane009AEEE0@@YAXPAURva009AF200Context@@HHH@Z	0x001BF8D0	unowned
Code/GameEngine/Source/Common/Rva009B5830ReconstructBlock.cpp	?Rva009B5830ReconstructBlock@@YAXPAURva009B5830State@@H@Z	?Rva009B5530Prepare@@YAXPAURva009B5830State@@PAXH@Z	0x001C5E30	unowned
Code/GameEngine/Source/Common/Rva009B5DB0Vp6DecodeBlock.cpp	?Rva009B5AF0Vp6DecodeBlock@@YAXPAEHH@Z	?d_009b5420@@YAXXZ	0x001C5D20	unowned
Code/GameEngine/Source/Common/Rva009B5DB0Vp6DecodeBlock.cpp	?Rva009B5DB0Vp6DecodeBlock@@YAXPAEHI@Z	?d_009b58f0@@YAXXZ	0x001C61F0	unowned
Code/GameEngine/Source/Common/Rva009B6A30LoadTables.cpp	?Rva009B6A30LoadTables@@YAXPAE@Z	?Rva009B6740BuildTable@@YAXPAE@Z	0x001C7040	unowned
Code/GameEngine/Source/Common/Rva009F5970StateCtor.cpp	??0Rva009F5970State@@QAE@XZ	??1?$vector@UGen_p8cd@@V?$allocator@UGen_p8cd@@@_STL@@@_STL@@QAE@XZ	0x00142D70	wrong
Code/GameEngine/Source/Common/Rva009F5970StateCtor.cpp	??0Rva009F5970State@@QAE@XZ	?m@T_009f59d0@@QAEXXZ	0x00627E40	unowned
Code/GameEngine/Source/Common/Rva009F5970StateCtor.cpp	uw_007a78d0	??1?$vector@UGen_p8cd@@V?$allocator@UGen_p8cd@@@_STL@@@_STL@@QAE@XZ	0x00142D70	wrong
Code/GameEngine/Source/Common/Rva009F66F0.cpp	?Rva009F66F0@@YAMPBUCoord3D@@PAVRva009F66F0Provider@@M@Z	?bfmeIntersects@GeometryInfo@@QBE_NABUCoord3D@@MABV1@0M@Z	0x006BEB80	unowned
Code/GameEngine/Source/Common/Rva00DF6F94GapFillerDelete.cpp	?DeleteModelGapFiller@Rva00DF6F94GapFillerContext@@QAEXPAVMeshModelClass@@@Z	??1Rva001732C6@@QAE@XZ	0x0018C57C	unowned
Code/GameEngine/Source/Common/RvaAdjustorDtorFamily.cpp	??1Rva00229487@@QAE@XZ	??1Rva002DFAD1Dtor@@QAE@XZ	0x002DFAD1	unowned
Code/GameEngine/Source/Common/RvaAdjustorDtorFamily.cpp	??1Rva002A9ECA@@QAE@XZ	??1Rva00380459Dtor@@QAE@XZ	0x00380459	unowned
Code/GameEngine/Source/Common/RvaChainedCtorFamily.cpp	??0Rva003B44DC@@QAE@XZ	??0Rva003B417E@@QAE@XZ	0x003B417E	unowned
Code/GameEngine/Source/Common/RvaCountNoteRunFamily.cpp	?fwd@Rva00057B27Owner@@QAEHHH@Z	?run@Rva00054BC3Sub@@QAEXHH@Z	0x00054BC3	unowned
Code/GameEngine/Source/Common/RvaCountNoteRunFamily.cpp	?fwd@Rva000E0536Owner@@QAEHHH@Z	?note@Rva000E0322Sub@@QAEXH@Z	0x000E0322	unowned
Code/GameEngine/Source/Common/RvaCountNoteRunFamily.cpp	?fwd@Rva000E0536Owner@@QAEHHH@Z	?run@Rva000E0298Sub@@QAEXHH@Z	0x000E0298	unowned
Code/GameEngine/Source/Common/RvaCountNoteRunFamily.cpp	?fwd@Rva003EF34AOwner@@QAEHHH@Z	?note@Rva00212858Sub@@QAEXH@Z	0x00212858	unowned
Code/GameEngine/Source/Common/RvaCountNoteRunFamily.cpp	?fwd@Rva003EF34AOwner@@QAEHHH@Z	?run@Rva003EF264Sub@@QAEXHH@Z	0x003EF264	unowned
Code/GameEngine/Source/Common/RvaCountNoteRunFamily.cpp	?fwd@Rva0052B7F8Owner@@QAEHHH@Z	?note@Rva00212858Sub@@QAEXH@Z	0x00212858	unowned
Code/GameEngine/Source/Common/RvaDeletingDtorBatch01.cpp	??_GRva0009A200@@QAEPAXI@Z	??1Rva0009A200@@QAE@XZ	0x001076E9	unowned
Code/GameEngine/Source/Common/RvaDeletingDtorBatch01.cpp	??_GRva001732C6@@QAEPAXI@Z	??1Rva001732C6@@QAE@XZ	0x0018C57C	unowned
Code/GameEngine/Source/Common/RvaDeletingDtorBatch02.cpp	??_GRva002109F8@@QAEPAXI@Z	??1Rva002109F8@@QAE@XZ	0x00210830	unowned
Code/GameEngine/Source/Common/RvaDeletingDtorBatch02.cpp	??_GRva002146F7@@QAEPAXI@Z	??1Rva002146F7@@QAE@XZ	0x004043FF	unowned
Code/GameEngine/Source/Common/RvaDeletingDtorBatch03.cpp	??_GRva00225B63@@QAEPAXI@Z	??1Rva00225B63@@QAE@XZ	0x001B5207	unowned
Code/GameEngine/Source/Common/RvaFamily6Forwarders.cpp	?method@Rva005747F9@@QAE?AURvaF6Ret@@XZ	?Helper0056BCE5@@YA?AURvaF6Ret@@H@Z	0x0056BCE5	unowned
Code/GameEngine/Source/Common/RvaFamily6Forwarders.cpp	?method@Rva005773C0@@QAE?AURvaF6Ret@@XZ	?Helper0056BABF@@YA?AURvaF6Ret@@H@Z	0x0056BABF	unowned
Code/GameEngine/Source/Common/RvaFamily6Forwarders.cpp	?method@Rva005CE3DE@@QAE?AURvaF6Ret@@XZ	?Helper0056BB8C@@YA?AURvaF6Ret@@H@Z	0x0056BB8C	unowned
Code/GameEngine/Source/Common/RvaFamily7TailPairs.cpp	?method@Rva0004378D@@QAEXXZ	?first@Rva0004378D@@QAEXXZ	0x0025C4F3	unowned
Code/GameEngine/Source/Common/RvaFamily7TailPairs.cpp	?method@Rva005E5554@@QAEXXZ	?first@Rva005E5554@@QAEXXZ	0x005E549E	unowned
Code/GameEngine/Source/Common/RvaFindThenRunFamily.cpp	?rva0035519E@AiOrdersManager@@QAEXH@Z	?run@Rva00548527Runner@@QAEXXZ	0x00548527	unowned
Code/GameEngine/Source/Common/RvaFindThenRunFamily.cpp	?rva003551D3@AiOrdersManager@@QAEXH@Z	?run@Rva00548632Runner@@QAEXXZ	0x00548632	unowned
Code/GameEngine/Source/Common/RvaGuardedConstructTrio.cpp	?Rva000A9DF8@@YAXPAXABVRva000AB3E2Element@@@Z	??0Rva000AB3E2Element@@QAE@ABV0@@Z	0x000A9851	unowned
Code/GameEngine/Source/Common/RvaGuardedConstructTrio.cpp	?Rva000A9E0A@@YAXPAXABVRva000AB419Element@@@Z	??0Rva000AB419Element@@QAE@ABV0@@Z	0x000A987D	unowned
Code/GameEngine/Source/Common/RvaHelperMemberSteps.cpp	?step@Rva005E5554@@QAEXXZ	?prepare@Rva005E549EHelper@@QAEXXZ	0x005E549E	unowned
Code/GameEngine/Source/Common/RvaHelperMemberSteps.cpp	?step@Rva005E5554@@QAEXXZ	?run@Rva005F327ARun@@QAEXXZ	0x005F327A	unowned
Code/GameEngine/Source/Common/RvaHelperThenMemberForwarders.cpp	?rva005E35C9@Rva005E35C9@@QAEXXZ	?rva005F1B51@Rva005F1B51@@QAEXXZ	0x005F1B51	unowned
Code/GameEngine/Source/Common/RvaHelperThenMemberForwarders.cpp	?rva005E6A00@Rva005E6A00@@QAEXXZ	?rva005E69AC@Rva005E69AC@@QAEXXZ	0x005E69AC	unowned
Code/GameEngine/Source/Common/RvaMixedMemberForwarders.cpp	?rva0023D0B7@GameLogic@@QAEHXZ	?rva0040D3FF@Rva0040D3FF@@QAEHXZ	0x0040D3FF	unowned
Code/GameEngine/Source/Common/RvaMixedMemberForwarders.cpp	?rva004EC07D@Rva002A8AB1Record@@QAEXPAVTeamPrototype@@@Z	?rva0059A153@Rva0059A153@@QAEXPAVTeamPrototype@@@Z	0x0059A153	unowned
Code/GameEngine/Source/Common/RvaMorphInitFamily.cpp	?setup84@Rva005CDMorph@@QAEPAV1@HHHHH@Z	?sharedInit@Rva005CDMorph@@QAEXHHHHH@Z	0x005CD1D3	unowned
Code/GameEngine/Source/Common/RvaMorphInitFamily.cpp	?setupA0@Rva005CDMorph@@QAEPAV1@HHHHH@Z	?sharedInit@Rva005CDMorph@@QAEXHHHHH@Z	0x005CD1D3	unowned
Code/GameEngine/Source/Common/RvaMorphInitFamily.cpp	?setupBC@Rva005CDMorph@@QAEPAV1@HHHHH@Z	?sharedInit@Rva005CDMorph@@QAEXHHHHH@Z	0x005CD1D3	unowned
Code/GameEngine/Source/Common/RvaMorphInitFamily.cpp	?setupD8@Rva005CDMorph@@QAEPAV1@HHHHH@Z	?sharedInit@Rva005CDMorph@@QAEXHHHHH@Z	0x005CD1D3	unowned
Code/GameEngine/Source/Common/RvaNegativeAdjustFwds.cpp	?cleanup@Rva005CEC55Mid@@QAEXXZ	??1Rva005CC788Obj@@QAE@XZ	0x005CC788	unowned
Code/GameEngine/Source/Common/RvaPairCopyCallFamily.cpp	?Rva005258F8@@YGXUVideoPair@@@Z	?Rva00525407Worker@@YGXPAUVideoPair@@@Z	0x00525407	unowned
Code/GameEngine/Source/Common/RvaPlus4MemberForwarders.cpp	?addEffect@Rva003BB730Owner@@QAEXAAVAsciiString@@PAVRva003BB730Record@@@Z	?rva004E37CF@Rva004E37CF@@QAEXAAVAsciiString@@PAVRva003BB730Record@@@Z	0x004E37CF	unowned
Code/GameEngine/Source/Common/RvaSingletonFwdMisc.cpp	?Rva003EFE72@@YGHHH@Z	?method@Rva004FC3DCTarget@@QAEHH@Z	0x004FC3DC	unowned
Code/GameEngine/Source/Common/RvaTopByteFwds.cpp	?Rva001ECB78@@YGXHHHH@Z	?Rva001EC1B4Worker@@YGXHHHPAD@Z	0x001EC1B4	unowned
Code/GameEngine/Source/Common/RvaTopByteFwds.cpp	?Rva001ECD19@@YGXHHH@Z	?Rva001EC1B4Worker@@YGXHHHPAD@Z	0x001EC1B4	unowned
Code/GameEngine/Source/Common/RvaTreeEraseValueDtorFamily.cpp	?rva004D9B4B@Rva004D9B4B@@QAEXPAURva004D9B4BNode@@@Z	??1Rva004D960C@@QAE@XZ	0x004D960C	unowned
Code/GameEngine/Source/Common/S4ParseThenRegister_Rva0035DEC1.cpp	?s4parse0059E290@@YAXPAVINI@@PAUGen_00489270@@@Z	??0S4Parsed0059E290@@QAE@XZ	0x0035DE55	unowned
Code/GameEngine/Source/Common/S4ParseThenRegister_Rva0035E278.cpp	?s4parse0059E860@@YAXPAVINI@@PAUGen_00489270@@@Z	??0S4Parsed0059E860@@QAE@XZ	0x0035E206	wrong
Code/GameEngine/Source/Common/S4StlSortHelpers.cpp	??$__final_insertion_sort@PAUS4SortElem20@@US4Cmp002EB8E0@@@_STL@@YAXPAUS4SortElem20@@0US4Cmp002EB8E0@@@Z	??$__insertion_sort@PAUS4SortElem20@@US4Cmp002EB8E0@@@_STL@@YAXPAUS4SortElem20@@0US4Cmp002EB8E0@@@Z	0x00337960	wrong
Code/GameEngine/Source/Common/S5Parse0059D600_Rva0035F312.cpp	?s5parse0059D600@@YAXPAVINI@@PAUGen_00489270@@@Z	??0S5Built0059D600@@QAE@XZ	0x0035F2B3	unowned
Code/GameEngine/Source/Common/S5ParseThenRegisterWide_Rva0035D0DC.cpp	?s5parse0059FB50@@YAXPAVINI@@PAUGen_00489270@@@Z	??0S5Built0059FB50@@QAE@XZ	0x0035D097	wrong
Code/GameEngine/Source/Common/S5ParseThenRegisterWide_Rva003604C6.cpp	?s5parse0059DE10@@YAXPAVINI@@PAUGen_00489270@@@Z	??0S5Built0059DE10@@QAE@XZ	0x00360474	wrong
Code/GameEngine/Source/Common/SingleBaseCtors.cpp	??0Rva00210EF1@@QAE@H@Z	??0Rva003FAE68Base@@QAE@H@Z	0x003FAE68	unowned
Code/GameEngine/Source/Common/SingleBaseCtors.cpp	??0Rva005D50C4@@QAE@XZ	??0Rva005D5095Base@@QAE@H@Z	0x005D5095	unowned
Code/GameEngine/Source/Common/SizedDeleteDestructors.cpp	??_GRva006CD6C0SizedDeleting@@UAEPAXI@Z	??1Rva006CD6C0SizedDeleting@@UAE@XZ	0x006CC4C0	unowned
Code/GameEngine/Source/Common/SkirmishPreferences.cpp	?rva0043C612@SkirmishPreferences@@QAEXABVUnicodeString@@@Z	?rebuildUserNamesEntry@SkirmishPreferences@@AAEXXZ	0x0043C559	unowned
Code/GameEngine/Source/Common/SkirmishPreferences.cpp	?write@SkirmishPreferences@@UAE_NXZ	?rebuildUserNamesEntry@SkirmishPreferences@@AAEXXZ	0x0043C559	unowned
Code/GameEngine/Source/Common/SmallGaps/notifyLookedUp.cpp	?notifyLookedUp@@YAXPAURva0020AA00Owner@@HH@Z	?notify@Rva0020AA00Target@@QAEXHH@Z	0x0033CF34	unowned
Code/GameEngine/Source/Common/StringRecordVectorGrowthG7.cpp	??$_Destroy@PAUBfmeStringRecord002199C8@@@_STL@@YAXPAUBfmeStringRecord002199C8@@0@Z	??1BfmeStringRecord002199C8@@QAE@XZ	0x0021A0C2	wrong
Code/GameEngine/Source/Common/StringRecordVectorGrowthG7.cpp	?_M_insert_overflow@?$vector@UBfmeStringRecord0022074B@@V?$allocator@UBfmeStringRecord0022074B@@@_STL@@@_STL@@IAEXPAUBfmeStringRecord0022074B@@ABU3@ABU__false_type@2@I_N@Z	?_M_clear@?$vector@UBfmeStringRecord0022074B@@V?$allocator@UBfmeStringRecord0022074B@@@_STL@@@_STL@@IAEXXZ	0x00220C56	wrong
Code/GameEngine/Source/Common/StringRecordVectorGrowthG7.cpp	?_M_insert_overflow@?$vector@UBfmeStringRecord005EC43C@@V?$allocator@UBfmeStringRecord005EC43C@@@_STL@@@_STL@@IAEXPAUBfmeStringRecord005EC43C@@ABU3@ABU__false_type@2@I_N@Z	?_M_clear@?$vector@UBfmeStringRecord005EC43C@@V?$allocator@UBfmeStringRecord005EC43C@@@_STL@@@_STL@@IAEXXZ	0x005EC9F9	wrong
Code/GameEngine/Source/Common/StringRecordVectorGrowthG7.cpp	?_M_insert_overflow@?$vector@UBfmeStringRecord005F93E3@@V?$allocator@UBfmeStringRecord005F93E3@@@_STL@@@_STL@@IAEXPAUBfmeStringRecord005F93E3@@ABU3@ABU__false_type@2@I_N@Z	?_M_clear@?$vector@UBfmeStringRecord005F93E3@@V?$allocator@UBfmeStringRecord005F93E3@@@_STL@@@_STL@@IAEXXZ	0x005FE485	wrong
Code/GameEngine/Source/Common/StringScalarVectorCopyBFME2.cpp	??$__copy@PBUBfmeAsciiScalarValue8@@PAU1@H@_STL@@YAPAUBfmeAsciiScalarValue8@@PBU1@0PAU1@ABUrandom_access_iterator_tag@0@PAH@Z	??4BfmeAsciiScalarValue8@@QAEAAU0@ABU0@@Z	0x002C99FB	wrong
Code/GameEngine/Source/Common/StringScalarVectorCopyBFME2.cpp	??0?$vector@UBfmeAsciiScalarValue8@@V?$allocator@UBfmeAsciiScalarValue8@@@_STL@@@_STL@@QAE@ABV01@@Z	??0?$_Vector_base@UBfmeAsciiScalarValue8@@V?$allocator@UBfmeAsciiScalarValue8@@@_STL@@@_STL@@QAE@IABV?$allocator@UBfmeAsciiScalarValue8@@@1@@Z	0x000B6378	wrong
Code/GameEngine/Source/Common/System/ArchiveDirInfoO1.cpp	??1DetailedArchivedDirectoryInfo@@QAE@XZ	??1?$_Rb_tree@VAsciiString@@U?$pair@$$CBVAsciiString@@VDetailedArchivedDirectoryInfo@@@_STL@@U?$_Select1st@U?$pair@$$CBVAsciiString@@VDetailedArchivedDirectoryInfo@@@_STL@@@3@U?$less@VAsciiString@@@3@V?$allocator@U?$pair@$$CBVAsciiString@@VDetailedArchivedDirectoryInfo@@@_STL@@@3@@_STL@@QAE@XZ	0x00036410	divergent
Code/GameEngine/Source/Common/System/BfmeDataChunkParserBinding.cpp	??0BfmeParserBindingVE@@QAE@PAVSidesList@@P81@AE_NAAVDataChunkInput@@PAUDataChunkInfo@@@ZPAV2@ABVAsciiString@@5@Z	??0BfmeParserBindingBaseVE@@QAE@PAVBfmeParserRegistryVE@@PAX1@Z	0x000ABB87	wrong
Code/GameEngine/Source/Common/System/CDManager.cpp	??1CDManager@@UAE@XZ	?destroyAllDrives@CDManager@@UAEXXZ	0x003E3C66	unowned
Code/GameEngine/Source/Common/System/CollisionManagerConstructor.cpp	??0CollisionManager@@QAE@XZ	??0RetailCollisionManagerData@@QAE@XZ	0x0075A000	unowned
Code/GameEngine/Source/Common/System/CrateCreationEntryList.cpp	??$_S_sort@UcrateCreationEntry@@V?$allocator@UcrateCreationEntry@@@_STL@@U?$less@UcrateCreationEntry@@@3@@_STL@@YAXAAV?$list@UcrateCreationEntry@@V?$allocator@UcrateCreationEntry@@@_STL@@@0@U?$less@UcrateCreationEntry@@@0@@Z	??$swap@V?$_STLP_alloc_proxy@PAU?$_List_node@UcrateCreationEntry@@@_STL@@U12@V?$allocator@U?$_List_node@UcrateCreationEntry@@@_STL@@@2@@_STL@@@_STL@@YAXAAV?$_STLP_alloc_proxy@PAU?$_List_node@UcrateCreationEntry@@@_STL@@U12@V?$allocator@U?$_List_node@UcrateCreationEntry@@@_STL@@@2@@0@0@Z	0x00574B2D	wrong
Code/GameEngine/Source/Common/System/CrateCreationEntryList.cpp	??$_S_sort@UcrateCreationEntry@@V?$allocator@UcrateCreationEntry@@@_STL@@U?$less@UcrateCreationEntry@@@3@@_STL@@YAXAAV?$list@UcrateCreationEntry@@V?$allocator@UcrateCreationEntry@@@_STL@@@0@U?$less@UcrateCreationEntry@@@0@@Z	??0?$_List_base@UcrateCreationEntry@@V?$allocator@UcrateCreationEntry@@@_STL@@@_STL@@QAE@ABV?$allocator@UcrateCreationEntry@@@1@@Z	0x00288978	divergent
Code/GameEngine/Source/Common/System/CrateCreationEntryList.cpp	??$_S_sort@UcrateCreationEntry@@V?$allocator@UcrateCreationEntry@@@_STL@@U?$less@UcrateCreationEntry@@@3@@_STL@@YAXAAV?$list@UcrateCreationEntry@@V?$allocator@UcrateCreationEntry@@@_STL@@@0@U?$less@UcrateCreationEntry@@@0@@Z	??_F?$list@UcrateCreationEntry@@V?$allocator@UcrateCreationEntry@@@_STL@@@_STL@@QAEXXZ	0x00288B91	wrong
Code/GameEngine/Source/Common/System/CrateCreationEntryList.cpp	?_M_create_node@?$list@UcrateCreationEntry@@V?$allocator@UcrateCreationEntry@@@_STL@@@_STL@@IAEPAU?$_List_node@UcrateCreationEntry@@@2@ABUcrateCreationEntry@@@Z	??$_Construct@UcrateCreationEntry@@U1@@_STL@@YAXPAUcrateCreationEntry@@ABU1@@Z	0x0035CA02	wrong
Code/GameEngine/Source/Common/System/GeometryInfoCopyConstructor.cpp	??$_Destroy@UGeometryShape@@@_STL@@YAXPAUGeometryShape@@@Z	??1GeometryShape@@QAE@XZ	0x002AF1EC	divergent
Code/GameEngine/Source/Common/System/GeometryInfoCtor.cpp	??0GeometryInfo@@QAE@W4GeometryType@@_NMMM@Z	??0?$_Vector_base@UGeometryRecord@@V?$allocator@UGeometryRecord@@@_STL@@@_STL@@QAE@ABV?$allocator@UGeometryRecord@@@1@@Z	0x00211E58	wrong
Code/GameEngine/Source/Common/System/GeometryInfoCtor.cpp	??0GeometryInfo@@QAE@XZ	??0?$_Vector_base@UGeometryRecord@@V?$allocator@UGeometryRecord@@@_STL@@@_STL@@QAE@ABV?$allocator@UGeometryRecord@@@1@@Z	0x00211E58	wrong
Code/GameEngine/Source/Common/System/GeometryInfoSet.cpp	?set@GeometryInfo@@QAEXW4GeometryType@@_NMMM@Z	??1AsciiString@@QAE@XZ	0x00036410	divergent
Code/GameEngine/Source/Common/System/GeometryParseOther.cpp	?parseGeometryOther@GeometryInfo@@SAXPAVINI@@PAX1PBX@Z	?_M_insert_overflow@?$vector@VGeometryInfo@@V?$allocator@VGeometryInfo@@@_STL@@@_STL@@IAEXPAVGeometryInfo@@ABV3@ABU__false_type@2@I_N@Z	0x006BFD30	unowned
Code/GameEngine/Source/Common/System/GeometryRecordVectorCopyConstructor.cpp	??0?$vector@UGeometryRecord@@V?$allocator@UGeometryRecord@@@_STL@@@_STL@@QAE@ABV01@@Z	??$__uninitialized_copy@PBUGeometryRecord@@PAU1@@_STL@@YAPAUGeometryRecord@@PBU1@0PAU1@ABU__false_type@0@@Z	0x000642AF	divergent
Code/GameEngine/Source/Common/System/GeometryRecordVectorCopyConstructor.cpp	??0?$vector@UGeometryRecord@@V?$allocator@UGeometryRecord@@@_STL@@@_STL@@QAE@ABV01@@Z	??0?$_Vector_base@UGeometryRecord@@V?$allocator@UGeometryRecord@@@_STL@@@_STL@@QAE@IABV?$allocator@UGeometryRecord@@@1@@Z	0x00421D73	wrong
Code/GameEngine/Source/Common/System/GeometryShapeVectorCopyConstructor.cpp	??$__copy_ptrs@PAUGeometryShape@@PAU1@@_STL@@YAPAUGeometryShape@@PAU1@00ABU__false_type@0@@Z	??$__copy@PAUGeometryShape@@PAU1@H@_STL@@YAPAUGeometryShape@@PAU1@00ABUrandom_access_iterator_tag@0@PAH@Z	0x002AF6C5	divergent
Code/GameEngine/Source/Common/System/GeometryShapeVectorCopyConstructor.cpp	??0?$vector@UGeometryShape@@V?$allocator@UGeometryShape@@@_STL@@@_STL@@QAE@ABV01@@Z	??$__uninitialized_copy@PBUGeometryShape@@PAU1@@_STL@@YAPAUGeometryShape@@PBU1@0PAU1@ABU__false_type@0@@Z	0x00064289	wrong
Code/GameEngine/Source/Common/System/GeometryShapeVectorCopyConstructor.cpp	?erase@?$vector@UGeometryShape@@V?$allocator@UGeometryShape@@@_STL@@@_STL@@QAEPAUGeometryShape@@PAU3@@Z	??1GeometryShape@@QAE@XZ	0x002AF1EC	divergent
Code/GameEngine/Source/Common/System/INIHelperRva00601BBC.cpp	??0Rva00601BBCHelper@@QAE@PAX@Z	?Rva006016C9Init@@YAXXZ	0x006016C9	unowned
Code/GameEngine/Source/Common/System/INIHelperRva00601BBC.cpp	??0Rva00601BBCHelper@@QAE@XZ	?Rva006016C9Init@@YAXXZ	0x006016C9	unowned
Code/GameEngine/Source/Common/System/INIHelperRva00601BBC.cpp	??1Rva00601BBCHelper@@UAE@XZ	?rva00601A8D@Rva00601BBCHelper@@QAEXXZ	0x00601A8D	unowned
Code/GameEngine/Source/Common/System/INIHelperRva00601BBC.cpp	?rva00602072@Rva00601BBCHelper@@QAE_NPAX@Z	?rva00601C53@@YAXPAXH000@Z	0x00601C53	unowned
Code/GameEngine/Source/Common/System/INIMacroTable.cpp	??0?$hash_map@VAsciiString@@V1@U?$hash@VAsciiString@@@rts@@U?$equal_to@VAsciiString@@@_STL@@V?$allocator@U?$pair@$$CBVAsciiString@@V1@@_STL@@@5@@_STL@@QAE@XZ	??0?$hashtable@U?$pair@$$CBVAsciiString@@V1@@_STL@@VAsciiString@@U?$hash@VAsciiString@@@rts@@U?$_Select1st@U?$pair@$$CBVAsciiString@@V1@@_STL@@@2@U?$equal_to@VAsciiString@@@2@V?$allocator@U?$pair@$$CBVAsciiString@@V1@@_STL@@@2@@_STL@@QAE@IABU?$hash@VAsciiString@@@rts@@ABU?$equal_to@VAsciiString@@@1@ABV?$allocator@U?$pair@$$CBVAsciiString@@V1@@_STL@@@1@@Z	0x0002D281	wrong
Code/GameEngine/Source/Common/System/INI_Rva000C3C59Parse.cpp	?Rva000C3C59Parse@INI@@SAXPAV1@PAX1PBX@Z	??1BfmeNarrowRecord00079C23@@QAE@XZ	0x00079554	wrong
Code/GameEngine/Source/Common/System/INI_getNextToken.cpp	?rva0002E03D@INI@@QAEPBDPBDPA_N@Z	?preprocessMacro@INI@@SAPBDPBD@Z	0x0002D0A9	unowned
Code/GameEngine/Source/Common/System/INI_loadFile.cpp	?loadFile@INI@@QAEEVAsciiString@@W4INILoadType@@PAVXfer@@@Z	?prepFile@INI@@IAE_NABVAsciiString@@W4INILoadType@@@Z	0x0002D2C1	unowned
Code/GameEngine/Source/Common/System/INI_loadFile.cpp	?loadFile@INI@@QAEEVAsciiString@@W4INILoadType@@PAVXfer@@@Z	?rva0002C0F5@INI@@QAEXAAVAsciiString@@@Z	0x0002C0F5	unowned
Code/GameEngine/Source/Common/System/INI_loadWithParse.cpp	?load@INI@@QAEXVAsciiString@@W4INILoadType@@PAVXfer@@P6AXPAV1@@Z@Z	?prepFile@INI@@IAE_NABVAsciiString@@W4INILoadType@@@Z	0x0002D2C1	unowned
Code/GameEngine/Source/Common/System/INI_parseAsciiStringVectorAppend.cpp	?parseAsciiStringVectorAppend@INI@@SAXPAV1@PAX1PBX@Z	?preprocessMacro@INI@@SAPBDPBD@Z	0x0002D0A9	unowned
Code/GameEngine/Source/Common/System/INI_scanBool.cpp	?scanBool@INI@@QAE_NPBD@Z	?preprocessMacro@INI@@SAPBDPBD@Z	0x0002D0A9	unowned
Code/GameEngine/Source/Common/System/INI_scanInt.cpp	?scanInt@INI@@QAEHPBD@Z	?preprocessMacro@INI@@SAPBDPBD@Z	0x0002D0A9	unowned
Code/GameEngine/Source/Common/System/INI_scanReal.cpp	?scanReal@INI@@QAEMPBD@Z	?preprocessMacro@INI@@SAPBDPBD@Z	0x0002D0A9	unowned
Code/GameEngine/Source/Common/System/INI_scanUnsignedInt.cpp	?scanUnsignedInt@INI@@QAEIPBD@Z	?preprocessMacro@INI@@SAPBDPBD@Z	0x0002D0A9	unowned
Code/GameEngine/Source/Common/System/LocalFile.cpp	?openFromArchive@StreamingArchiveFile@@UAE_NPAVFile@@ABVAsciiString@@HH@Z	??4AsciiString@@QAEAAV0@ABV0@@Z	0x000366F0	divergent
Code/GameEngine/Source/Common/System/MemoryPoolInit.cpp	??0Rva00033B90Allocator@@QAE@PAXI_N000@Z	?Rva00031420Callback@@YAXPBD@Z	0x00031420	unowned
Code/GameEngine/Source/Common/System/MemoryPoolInit.cpp	??0Rva00033B90Allocator@@QAE@PAXI_N000@Z	?Rva000327D0Assertion@@YAXPBD@Z	0x000327D0	unowned
Code/GameEngine/Source/Common/System/MemoryPoolInit.cpp	??0Rva00033B90Allocator@@QAE@PAXI_N000@Z	?rva00033700@Rva00033B90Allocator@@QAEXPAXI_N000@Z	0x00033700	unowned
Code/GameEngine/Source/Common/System/PooledString.cpp	??0PooledString@@QAE@ABVAsciiString@@@Z	?setString@PooledString@@AAEXPBD@Z	0x006CB7C0	unowned
Code/GameEngine/Source/Common/System/PooledString.cpp	??0PooledString@@QAE@PBD@Z	?setString@PooledString@@AAEXPBD@Z	0x006CB7C0	unowned
Code/GameEngine/Source/Common/System/PooledString.cpp	??4PooledString@@QAEAAV0@ABVAsciiString@@@Z	?setString@PooledString@@AAEXPBD@Z	0x006CB7C0	unowned
Code/GameEngine/Source/Common/System/PooledString.cpp	??4PooledString@@QAEAAV0@PBD@Z	?setString@PooledString@@AAEXPBD@Z	0x006CB7C0	unowned
Code/GameEngine/Source/Common/System/RegistrySetString.cpp	?setStringInRegistry@@YA_NPAXVAsciiString@@11@Z	??1AsciiString@@QAE@XZ	0x00036410	divergent
Code/GameEngine/Source/Common/System/RegistrySetUnsignedInt.cpp	?setUnsignedIntInRegistry@@YA_NPAXVAsciiString@@1I@Z	??1AsciiString@@QAE@XZ	0x00036410	divergent
Code/GameEngine/Source/Common/System/Rva0002BF4AClear.cpp	?rva0002BF4A@Rva0002BF4A@@QAEXXZ	?rva00601A8D@Rva00601BBCHelper@@QAEXXZ	0x00601A8D	unowned
Code/GameEngine/Source/Common/System/Rva00032050Cluster.cpp	?rva000329E0@GeneralAllocator@Allocator@EA@@QAE_NH@Z	?rva000321F0@GeneralAllocator@Allocator@EA@@QAEHH@Z	0x000321F0	unowned
Code/GameEngine/Source/Common/System/Rva00033A80Query.cpp	?rva00033A80@GeneralAllocator@Allocator@EA@@QAEI_N@Z	?rva00033930@Rva00034C90@@QAEXXZ	0x00033930	unowned
Code/GameEngine/Source/Common/System/Rva00033E90Cluster.cpp	?check@Rva00033E90@@QAEXPAX@Z	?freeBlock@Rva00033E90@@QAEXPAX@Z	0x00033150	unowned
Code/GameEngine/Source/Common/System/Rva00035080Finish.cpp	?rva00035080@GeneralAllocator@Allocator@EA@@QAEPAXIH@Z	?rva00033ED0@Rva006C1F60@@QAEPAXIH@Z	0x00033ED0	unowned
Code/GameEngine/Source/Common/System/Rva00035190Wrappers.cpp	?rva00035190@GeneralAllocator@Allocator@EA@@QAEPAXPAXIH@Z	?rva000347A0@GeneralAllocator@Allocator@EA@@QAEPAXPAXIH@Z	0x000347A0	unowned
Code/GameEngine/Source/Common/System/Rva00035190Wrappers.cpp	?rva00035210@GeneralAllocator@Allocator@EA@@QAEPAXIIH@Z	?rva00034A60@GeneralAllocator@Allocator@EA@@QAEPAXIIH@Z	0x00034A60	unowned
Code/GameEngine/Source/Common/System/Rva000353B0Finish.cpp	?alloc@Rva000353B0@@QAEPAXPAXHHHH@Z	?rva00034d10@Rva000353B0@@QAEPAXHHHH@Z	0x00034D10	unowned
Code/GameEngine/Source/Common/System/Rva002AF6C5ElementAssign.cpp	??4Rva002AF6C5Element@@QAEAAU0@ABU0@@Z	??4?$vector@IV?$allocator@I@_STL@@@_STL@@QAEAAV01@ABV01@@Z	0x0026F4F4	divergent
Code/GameEngine/Source/Common/System/Rva0033962FFinish.cpp	?parseDamageFX@INI@@SAXPAV1@PAX1PBX@Z	?findDamageFX@DamageFXStore@@QBEPBVDamageFX@@VAsciiString@@@Z	0x00360966	wrong
Code/GameEngine/Source/Common/System/Rva004FBC02Copy.cpp	?rva004FBDCC@Rva004FBDCC@@QAEXXZ	?rva00212655@Rva00DFE1C8Host@@QAEXH@Z	0x00212655	unowned
Code/GameEngine/Source/Common/System/Rva00504F09FunctionCurveAddKey.cpp	?addKey@Rva00504F09FunctionCurve@@QAEXMMPBM0@Z	?set@Rva00504EADCurve@@QAEXMMMM@Z	0x00504EAD	unowned
Code/GameEngine/Source/Common/System/Rva0052C036Step.cpp	?rva0052C036@Rva0052C036@@QAE_NXZ	?bfmeEnter@Glo012F1024Item@@QAEXXZ	0x0056696F	unowned
Code/GameEngine/Source/Common/System/Rva009A4620Destructor.cpp	uw_007ab790	??1Rva009A4620VMNView@@QAE@XZ	0x00758F30	wrong
Code/GameEngine/Source/Common/System/Rva009A4620Destructor.cpp	uw_007ab79b	??1Rva009A4620VDBView@@QAE@XZ	0x00759D30	wrong
Code/GameEngine/Source/Common/System/SaveGame/CreateAHeroDataCopy.cpp	??0CreateAHeroData@@QAE@ABV0@@Z	?RegisterCreateAHeroAtRva0021D517@@YAXPAVCreateAHeroData@@@Z	0x0021D517	unowned
Code/GameEngine/Source/Common/System/SaveGame/CreateAHeroDataCopy.cpp	?_M_bit_alloc@?$_Bvector_base@V?$allocator@_N@_STL@@@_STL@@IAEPAII@Z	?allocate@?$allocator@I@_STL@@QBEPAIIPBX@Z	0x00068E15	divergent
Code/GameEngine/Source/Common/System/SaveGame/CreateAHeroDataDtor.cpp	??1CreateAHeroData@@UAE@XZ	?UnregisterCreateAHeroAtRva0021A624@@YAXPAVCreateAHeroData@@@Z	0x0021A624	unowned
Code/GameEngine/Source/Common/System/SaveGame/CreateAHeroDataDtor.cpp	??1CreateAHeroData@@UAE@XZ	?WriteNamedHeroAtRva004074CF@CreateAHeroData@@QAE_NXZ	0x004074CF	unowned
Code/GameEngine/Source/Common/System/SaveGame/GameStateAddSnapshotBlock.cpp	?_M_create_node@?$list@USnapshotBlock@GameState@@V?$allocator@USnapshotBlock@GameState@@@_STL@@@_STL@@IAEPAU?$_List_node@USnapshotBlock@GameState@@@2@ABUSnapshotBlock@GameState@@@Z	??$_Construct@USnapshotBlock@GameState@@U12@@_STL@@YAXPAUSnapshotBlock@GameState@@ABU12@@Z	0x002DCD64	wrong
Code/GameEngine/Source/Common/System/SaveGame/GameStatePortableMapPathToReal.cpp	?portableMapPathToRealMapPath@GameState@@QBE?AVAsciiString@@ABV2@@Z	?getMapLeafName@GameState@@QBE?AVAsciiString@@ABV2@@Z	0x002DC802	wrong
Code/GameEngine/Source/Common/System/SaveGame/GameStateRealMapPathToPortable.cpp	?realMapPathToPortableMapPath@GameState@@QBE?AVAsciiString@@ABV2@@Z	?getMapLeafName@GameState@@QBE?AVAsciiString@@ABV2@@Z	0x002DC802	wrong
Code/GameEngine/Source/Common/System/SaveGame/Rva0022CDDADtor.cpp	??1Rva0022CDDA@@UAE@XZ	??1Rva00226883@@QAE@XZ	0x0022CA3B	unowned
Code/GameEngine/Source/Common/System/SaveGame/Rva0052CD81Finish.cpp	??0Rva0052CD81@@QAE@ABV0@@Z	??$__uninitialized_copy@PAVSaveMapPreview@@PAV1@@_STL@@YAPAVSaveMapPreview@@PAV1@00ABU__false_type@0@@Z	0x0052C987	wrong
Code/GameEngine/Source/Common/System/SnapshotXfersBfme.cpp	?xfer@CarryoverUnit@@MAEXPAVXfer@@@Z	?rva003064CB@@YAXPAVXfer@@PAVRva00291440@@@Z	0x003064CB	unowned
Code/GameEngine/Source/Common/System/UpgradeCenterCanAffordUpgrade.cpp	?bfmeCanAffordUpgrade@@YG_NPAVPlayer@@PBVUpgradeTemplate@@I_N@Z	?calcCostToBuild@UpgradeTemplate@@QBEIPAVPlayer@@I@Z	0x0026EF50	unowned
Code/GameEngine/Source/Common/System/memory_pool.cpp	?_Exit@MemoryPool@@YAXXZ	?rva00032F60@GeneralAllocator@Allocator@EA@@QAEPBUBlockInfo@23@PAXH@Z	0x00032F60	unowned
Code/GameEngine/Source/Common/System/memory_pool.cpp	?_IsValidBlock@MemoryPool@@YA_NPAXI@Z	?rva00032830@GeneralAllocator@Allocator@EA@@QAE_NPBXH@Z	0x00032830	unowned
Code/GameEngine/Source/Common/System/memory_pool.cpp	?rva000338F0@GeneralAllocator@Allocator@EA@@QAEXPAX@Z	?freeBlock@Rva00033E90@@QAEXPAX@Z	0x00033150	unowned
Code/GameEngine/Source/Common/T1ReceiverSwappingThunks.cpp	?hand@T1Fwd_005C98A0@@QAEPAXPAXPAVT1Sink_005C8D40@@@Z	?accept@T1Sink_005C8D40@@QAEPAXPAX0@Z	0x001F8A38	unowned
Code/GameEngine/Source/Common/TerrainLogicRva00283262.cpp	?rva00283262@TerrainLogic@@QAEXPBUCoord3D@@M@Z	?rva00282CFB@TerrainLogic@@QAEXPBUCoord3D@@MI@Z	0x00282CFB	unowned
Code/GameEngine/Source/Common/TerrainTypes_findTerrain.cpp	?findTerrain@TerrainTypeCollection@@QAEPAVTerrainType@@VAsciiString@@@Z	??1AsciiString@@QAE@XZ	0x00036410	divergent
Code/GameEngine/Source/Common/Thing/FXBoneInfoVectorErase.cpp	?erase@?$vector@UFXBoneInfo@@V?$allocator@UFXBoneInfo@@@_STL@@@_STL@@QAEPAUFXBoneInfo@@PAU3@0@Z	??$__copy_ptrs@PAUFXBoneInfo@@PAU1@@_STL@@YAPAUFXBoneInfo@@PAU1@00ABU__false_type@0@@Z	0x00255CFA	divergent
Code/GameEngine/Source/Common/Thing/IntFloatMapSubscript.cpp	??A?$map@HMU?$less@H@_STL@@V?$allocator@U?$pair@$$CBHM@_STL@@@2@@_STL@@QAEAAMABH@Z	?insert@?$map@HMU?$less@H@_STL@@V?$allocator@U?$pair@$$CBHM@_STL@@@2@@_STL@@QAE?AU?$_Rb_tree_iterator@U?$pair@$$CBHM@_STL@@U?$_Nonconst_traits@U?$pair@$$CBHM@_STL@@@2@@2@U32@ABU?$pair@$$CBHM@2@@Z	0x00289147	wrong
Code/GameEngine/Source/Common/Thing/IntFloatMapSubscript.cpp	?_M_insert@?$_Rb_tree@HU?$pair@$$CBHM@_STL@@U?$_Select1st@U?$pair@$$CBHM@_STL@@@2@U?$less@H@2@V?$allocator@U?$pair@$$CBHM@_STL@@@2@@_STL@@AAE?AU?$_Rb_tree_iterator@U?$pair@$$CBHM@_STL@@U?$_Nonconst_traits@U?$pair@$$CBHM@_STL@@@2@@2@PAU_Rb_tree_node_base@2@0ABU?$pair@$$CBHM@2@0@Z	?_M_create_node@?$_Rb_tree@HU?$pair@$$CBHM@_STL@@U?$_Select1st@U?$pair@$$CBHM@_STL@@@2@U?$less@H@2@V?$allocator@U?$pair@$$CBHM@_STL@@@2@@_STL@@IAEPAU?$_Rb_tree_node@U?$pair@$$CBHM@_STL@@@2@ABU?$pair@$$CBHM@2@@Z	0x005C6728	wrong
Code/GameEngine/Source/Common/Thing/IntFloatMapSubscript.cpp	?insert_unique@?$_Rb_tree@HU?$pair@$$CBHM@_STL@@U?$_Select1st@U?$pair@$$CBHM@_STL@@@2@U?$less@H@2@V?$allocator@U?$pair@$$CBHM@_STL@@@2@@_STL@@QAE?AU?$pair@U?$_Rb_tree_iterator@U?$pair@$$CBHM@_STL@@U?$_Nonconst_traits@U?$pair@$$CBHM@_STL@@@2@@_STL@@_N@2@ABU?$pair@$$CBHM@2@@Z	?_M_insert@?$_Rb_tree@HU?$pair@$$CBHM@_STL@@U?$_Select1st@U?$pair@$$CBHM@_STL@@@2@U?$less@H@2@V?$allocator@U?$pair@$$CBHM@_STL@@@2@@_STL@@AAE?AU?$_Rb_tree_iterator@U?$pair@$$CBHM@_STL@@U?$_Nonconst_traits@U?$pair@$$CBHM@_STL@@@2@@2@PAU_Rb_tree_node_base@2@0ABU?$pair@$$CBHM@2@0@Z	0x005DFD05	wrong
Code/GameEngine/Source/Common/Thing/ModelConditionMap117InsertUnique.cpp	?insert_unique@?$_Rb_tree@$$CBV?$BitFlags@$0HF@@@U?$pair@$$CBV?$BitFlags@$0HF@@@PBUModelConditionInfo@@@_STL@@U?$_Select1st@U?$pair@$$CBV?$BitFlags@$0HF@@@PBUModelConditionInfo@@@_STL@@@3@UMapHelper@?$SparseMatchFinder@UModelConditionInfo@@V?$BitFlags@$0HF@@@@@V?$allocator@U?$pair@$$CBV?$BitFlags@$0HF@@@PBUModelConditionInfo@@@_STL@@@3@@_STL@@QAE?AU?$_Rb_tree_iterator@U?$pair@$$CBV?$BitFlags@$0HF@@@PBUModelConditionInfo@@@_STL@@U?$_Nonconst_traits@U?$pair@$$CBV?$BitFlags@$0HF@@@PBUModelConditionInfo@@@_STL@@@2@@2@U32@ABU?$pair@$$CBV?$BitFlags@$0HF@@@PBUModelConditionInfo@@@2@@Z	?_M_insert@?$_Rb_tree@$$CBV?$BitFlags@$0HF@@@U?$pair@$$CBV?$BitFlags@$0HF@@@PBUModelConditionInfo@@@_STL@@U?$_Select1st@U?$pair@$$CBV?$BitFlags@$0HF@@@PBUModelConditionInfo@@@_STL@@@3@UMapHelper@?$SparseMatchFinder@UModelConditionInfo@@V?$BitFlags@$0HF@@@@@V?$allocator@U?$pair@$$CBV?$BitFlags@$0HF@@@PBUModelConditionInfo@@@_STL@@@3@@_STL@@AAE?AU?$_Rb_tree_iterator@U?$pair@$$CBV?$BitFlags@$0HF@@@PBUModelConditionInfo@@@_STL@@U?$_Nonconst_traits@U?$pair@$$CBV?$BitFlags@$0HF@@@PBUModelConditionInfo@@@_STL@@@2@@2@PAU_Rb_tree_node_base@2@0ABU?$pair@$$CBV?$BitFlags@$0HF@@@PBUModelConditionInfo@@@2@0@Z	0x0033BFA6	divergent
Code/GameEngine/Source/Common/Thing/ModelConditionMap117InsertUnique.cpp	?insert_unique@?$_Rb_tree@$$CBV?$BitFlags@$0HF@@@U?$pair@$$CBV?$BitFlags@$0HF@@@PBUModelConditionInfo@@@_STL@@U?$_Select1st@U?$pair@$$CBV?$BitFlags@$0HF@@@PBUModelConditionInfo@@@_STL@@@3@UMapHelper@?$SparseMatchFinder@UModelConditionInfo@@V?$BitFlags@$0HF@@@@@V?$allocator@U?$pair@$$CBV?$BitFlags@$0HF@@@PBUModelConditionInfo@@@_STL@@@3@@_STL@@QAE?AU?$pair@U?$_Rb_tree_iterator@U?$pair@$$CBV?$BitFlags@$0HF@@@PBUModelConditionInfo@@@_STL@@U?$_Nonconst_traits@U?$pair@$$CBV?$BitFlags@$0HF@@@PBUModelConditionInfo@@@_STL@@@2@@_STL@@_N@2@ABU?$pair@$$CBV?$BitFlags@$0HF@@@PBUModelConditionInfo@@@2@@Z	?_M_insert@?$_Rb_tree@$$CBV?$BitFlags@$0HF@@@U?$pair@$$CBV?$BitFlags@$0HF@@@PBUModelConditionInfo@@@_STL@@U?$_Select1st@U?$pair@$$CBV?$BitFlags@$0HF@@@PBUModelConditionInfo@@@_STL@@@3@UMapHelper@?$SparseMatchFinder@UModelConditionInfo@@V?$BitFlags@$0HF@@@@@V?$allocator@U?$pair@$$CBV?$BitFlags@$0HF@@@PBUModelConditionInfo@@@_STL@@@3@@_STL@@AAE?AU?$_Rb_tree_iterator@U?$pair@$$CBV?$BitFlags@$0HF@@@PBUModelConditionInfo@@@_STL@@U?$_Nonconst_traits@U?$pair@$$CBV?$BitFlags@$0HF@@@PBUModelConditionInfo@@@_STL@@@2@@2@PAU_Rb_tree_node_base@2@0ABU?$pair@$$CBV?$BitFlags@$0HF@@@PBUModelConditionInfo@@@2@0@Z	0x0033BFA6	divergent
Code/GameEngine/Source/Common/Thing/ModuleFactory.cpp	??1WorkerAIUpdateModuleData@@UAE@XZ	??1AIUpdateModuleData@@UAE@XZ	0x00036410	divergent
Code/GameEngine/Source/Common/Thing/ModuleFactory.cpp	??_GStructureCollapseUpdateModuleData@@UAEPAXI@Z	??1StructureCollapseUpdateModuleData@@UAE@XZ	0x00257B7A	unowned
Code/GameEngine/Source/Common/Thing/ModuleFactory.cpp	?buildFieldParse@CreateCrateDieModuleData@@SAXAAVMultiIniFieldParse@@@Z	?getFieldParse@DieMuxData@@SAPBUFieldParse@@XZ	0x004CE52E	wrong
Code/GameEngine/Source/Common/Thing/ModuleFactory.cpp	?dup_002c5309@@YAXXZ	??0?$_List_base@VAsciiString@@V?$allocator@VAsciiString@@@_STL@@@_STL@@QAE@ABV?$allocator@VAsciiString@@@1@@Z	0x004EC36C	divergent
Code/GameEngine/Source/Common/Thing/ModuleFactoryVectorReserve.cpp	?reserve@?$vector@PBVModuleData@@V?$allocator@PBVModuleData@@@_STL@@@_STL@@QAEXI@Z	??$_M_allocate_and_copy@PAPBVModuleData@@@?$vector@PBVModuleData@@V?$allocator@PBVModuleData@@@_STL@@@_STL@@IAEPAPBVModuleData@@IPAPBV2@0@Z	0x0053BD39	divergent
Code/GameEngine/Source/Common/Thing/ModuleInfoAddModuleInfo.cpp	?addModuleInfo@ModuleInfo@@QAEXPAVThingTemplate@@ABVAsciiString@@1PBVModuleData@@H_N3@Z	??1BfmeStringRecord002CF4C6@@QAE@XZ	0x002CF51B	wrong
Code/GameEngine/Source/Common/Thing/ModuleTagStringDtor.cpp	??1ModuleTagString@@QAE@XZ	?Rva006CE3D0Cleanup@@YAXPAXHH@Z	0x006CE3D0	unowned
Code/GameEngine/Source/Common/Thing/ProductionPrerequisiteAssign.cpp	??$__copy@PBUBfmeStringRecord002CF5B1@@PAU1@H@_STL@@YAPAUBfmeStringRecord002CF5B1@@PBU1@0PAU1@ABUrandom_access_iterator_tag@0@PAH@Z	??4BfmeStringRecord002CF5B1@@QAEAAU0@ABU0@@Z	0x00564B1A	wrong
Code/GameEngine/Source/Common/Thing/ProductionPrerequisiteAssign.cpp	?rva002D0C44@ProductionPrerequisite@@QAEAAV1@ABV1@@Z	??4?$vector@HV?$allocator@H@_STL@@@_STL@@QAEAAV01@ABV01@@Z	0x0021C21B	divergent
Code/GameEngine/Source/Common/Thing/ProductionPrerequisiteAssign.cpp	?rva002D0C44@ProductionPrerequisite@@QAEAAV1@ABV1@@Z	??4?$vector@IV?$allocator@I@_STL@@@_STL@@QAEAAV01@ABV01@@Z	0x0026F4F4	divergent
Code/GameEngine/Source/Common/Thing/ProductionPrerequisiteCopyRange.cpp	?Rva002D0F36CopyRange@@YAPAVProductionPrerequisite@@PAV1@00H@Z	??$__copy@PAVProductionPrerequisite@@PAV1@H@_STL@@YAPAVProductionPrerequisite@@PAV1@00ABUrandom_access_iterator_tag@0@PAH@Z	0x0033E9DE	divergent
Code/GameEngine/Source/Common/Thing/ProductionPrerequisiteCtor.cpp	??0ProductionPrerequisite@@QAE@XZ	??0?$_Vector_base@UPrereqUnitRec@ProductionPrerequisite@@V?$allocator@UPrereqUnitRec@ProductionPrerequisite@@@_STL@@@_STL@@QAE@ABV?$allocator@UPrereqUnitRec@ProductionPrerequisite@@@1@@Z	0x00211E58	wrong
Code/GameEngine/Source/Common/Thing/ProductionPrerequisiteCtor.cpp	??0ProductionPrerequisite@@QAE@XZ	??0?$_Vector_base@W4ScienceType@@V?$allocator@W4ScienceType@@@_STL@@@_STL@@QAE@ABV?$allocator@W4ScienceType@@@1@@Z	0x00211E58	divergent
Code/GameEngine/Source/Common/Thing/ProductionPrerequisiteCtor.cpp	?erase@?$vector@UPrereqUnitRec@ProductionPrerequisite@@V?$allocator@UPrereqUnitRec@ProductionPrerequisite@@@_STL@@@_STL@@QAEPAUPrereqUnitRec@ProductionPrerequisite@@PAU34@0@Z	??$__copy_ptrs@PAUPrereqUnitRec@ProductionPrerequisite@@PAU12@@_STL@@YAPAUPrereqUnitRec@ProductionPrerequisite@@PAU12@00ABU__false_type@0@@Z	0x002CF594	wrong
Code/GameEngine/Source/Common/Thing/ProductionPrerequisiteCtor.cpp	?erase@?$vector@W4ScienceType@@V?$allocator@W4ScienceType@@@_STL@@@_STL@@QAEPAW4ScienceType@@PAW43@0@Z	??$__copy_ptrs@PAW4ScienceType@@PAW41@@_STL@@YAPAW4ScienceType@@PAW41@00ABU__false_type@0@@Z	0x0025BF40	divergent
Code/GameEngine/Source/Common/Thing/ProductionPrerequisiteInsertOverflow.cpp	??$_M_allocate_and_copy@PAVProductionPrerequisite@@@?$vector@VProductionPrerequisite@@V?$allocator@VProductionPrerequisite@@@_STL@@@_STL@@IAEPAVProductionPrerequisite@@IPAV2@0@Z	?allocate@?$allocator@VProductionPrerequisite@@@_STL@@QBEPAVProductionPrerequisite@@IPBX@Z	0x005DFB2C	divergent
Code/GameEngine/Source/Common/Thing/ProductionPrerequisiteInsertOverflow.cpp	?_M_insert_overflow@?$vector@VProductionPrerequisite@@V?$allocator@VProductionPrerequisite@@@_STL@@@_STL@@IAEXPAVProductionPrerequisite@@ABV3@ABU__false_type@2@I_N@Z	?allocate@?$allocator@VProductionPrerequisite@@@_STL@@QBEPAVProductionPrerequisite@@IPBX@Z	0x005DFB2C	divergent
Code/GameEngine/Source/Common/Thing/ProductionPrerequisiteRecVectorCopy.cpp	??0?$vector@UPrereqUnitRec@@V?$allocator@UPrereqUnitRec@@@_STL@@@_STL@@QAE@ABV01@@Z	??$__uninitialized_copy@PBUPrereqUnitRec@@PAU1@@_STL@@YAPAUPrereqUnitRec@@PBU1@0PAU1@ABU__false_type@0@@Z	0x004F5097	wrong
Code/GameEngine/Source/Common/Thing/ProductionPrerequisiteRecVectorInsertOverflow.cpp	?_M_insert_overflow@?$vector@UPrereqUnitRec@ProductionPrerequisite@@V?$allocator@UPrereqUnitRec@ProductionPrerequisite@@@_STL@@@_STL@@IAEXPAUPrereqUnitRec@ProductionPrerequisite@@ABU34@ABU__false_type@2@I_N@Z	??$_Construct@UPrereqUnitRec@ProductionPrerequisite@@U12@@_STL@@YAXPAUPrereqUnitRec@ProductionPrerequisite@@ABU12@@Z	0x002CF99D	divergent
Code/GameEngine/Source/Common/Thing/ProductionPrerequisiteRecVectorInsertOverflow.cpp	?_M_insert_overflow@?$vector@UPrereqUnitRec@ProductionPrerequisite@@V?$allocator@UPrereqUnitRec@ProductionPrerequisite@@@_STL@@@_STL@@IAEXPAUPrereqUnitRec@ProductionPrerequisite@@ABU34@ABU__false_type@2@I_N@Z	??$__uninitialized_copy@PAUPrereqUnitRec@ProductionPrerequisite@@PAU12@@_STL@@YAPAUPrereqUnitRec@ProductionPrerequisite@@PAU12@00ABU__false_type@0@@Z	0x004F5097	divergent
Code/GameEngine/Source/Common/Thing/ProductionPrerequisiteRecVectorInsertOverflow.cpp	?_M_insert_overflow@?$vector@UPrereqUnitRec@ProductionPrerequisite@@V?$allocator@UPrereqUnitRec@ProductionPrerequisite@@@_STL@@@_STL@@IAEXPAUPrereqUnitRec@ProductionPrerequisite@@ABU34@ABU__false_type@2@I_N@Z	??$__uninitialized_fill_n@PAUPrereqUnitRec@ProductionPrerequisite@@IU12@@_STL@@YAPAUPrereqUnitRec@ProductionPrerequisite@@PAU12@IABU12@ABU__false_type@0@@Z	0x004F50BD	divergent
Code/GameEngine/Source/Common/Thing/Rva001FA440Ctor.cpp	??0Rva001FA440@@QAE@XZ	??0?$hashtable@U?$pair@$$CBW4NameKeyType@@VArmorTemplate@@@_STL@@W4NameKeyType@@U?$hash@W4NameKeyType@@@rts@@U?$_Select1st@U?$pair@$$CBW4NameKeyType@@VArmorTemplate@@@_STL@@@2@U?$equal_to@W4NameKeyType@@@Rva001FA440Twin@@V?$allocator@U?$pair@$$CBW4NameKeyType@@VArmorTemplate@@@_STL@@@2@@_STL@@QAE@IABU?$hash@W4NameKeyType@@@rts@@ABU?$equal_to@W4NameKeyType@@@Rva001FA440Twin@@ABV?$allocator@U?$pair@$$CBW4NameKeyType@@VArmorTemplate@@@_STL@@@1@@Z	0x001F9363	wrong
Code/GameEngine/Source/Common/Thing/Rva001FA54DForward.cpp	?rva001FA54D@Rva001FA54D@@QAEXPAX0@Z	?accept@T1Sink_005C8D40@@QAEPAXPAX0@Z	0x001F8A38	unowned
Code/GameEngine/Source/Common/Thing/Rva002D0C71Ctor.cpp	??0Rva002D0C71@@QAE@XZ	??0?$hashtable@U?$pair@$$CBW4NameKeyType@@VArmorTemplate@@@_STL@@W4NameKeyType@@U?$hash@W4NameKeyType@@@rts@@U?$_Select1st@U?$pair@$$CBW4NameKeyType@@VArmorTemplate@@@_STL@@@2@U?$equal_to@W4NameKeyType@@@Rva002D0C71Twin@@V?$allocator@U?$pair@$$CBW4NameKeyType@@VArmorTemplate@@@_STL@@@2@@_STL@@QAE@IABU?$hash@W4NameKeyType@@@rts@@ABU?$equal_to@W4NameKeyType@@@Rva002D0C71Twin@@ABV?$allocator@U?$pair@$$CBW4NameKeyType@@VArmorTemplate@@@_STL@@@1@@Z	0x002D0B5A	wrong
Code/GameEngine/Source/Common/Thing/Rva002D0E14Ctor.cpp	??0Rva002D0E14@@QAE@XZ	?rva00212858@Rva000427195@@QAEXI@Z	0x00212858	unowned
Code/GameEngine/Source/Common/Thing/Rva0033B5B8Finish.cpp	?Rva0033B5B8Build@@YAXPAVModuleInfo@@W4ModuleType@@HH@Z	??1BFMERetailAsciiString@@QAE@XZ	0x00036410	wrong
Code/GameEngine/Source/Common/Thing/Rva0040AEE3CopyCtor.cpp	??4Rva0040AEE3@@QAEAAV0@ABV0@@Z	??4?$vector@HV?$allocator@H@_STL@@@_STL@@QAEAAV01@ABV01@@Z	0x0021C21B	divergent
Code/GameEngine/Source/Common/Thing/Rva0040AEE3CopyPtrs.cpp	??$__copy_ptrs@PAVRva0040AEE3@@PAV1@@_STL@@YAPAVRva0040AEE3@@PAV1@00U__false_type@0@@Z	??$__copy@PAVRva0040AEE3@@PAV1@H@_STL@@YAPAVRva0040AEE3@@PAV1@00ABUrandom_access_iterator_tag@0@PAH@Z	0x0040B218	wrong
Code/GameEngine/Source/Common/Thing/Rva006D0F20Release.cpp	?release@Rva006D0F20@@QAEXXZ	?teardown@Rva006D0280@@QAEXXZ	0x006D0280	unowned
Code/GameEngine/Source/Common/Thing/Rva006D1090Cluster.cpp	??1Rva006D1090@@QAE@XZ	?rva006D0D70@Rva006D1090@@QAEXPAX@Z	0x006D0D70	unowned
Code/GameEngine/Source/Common/Thing/Rva006D1090Cluster.cpp	uw_007a8550	??1Rva006CE380@@QAE@XZ	0x006CE560	unowned
Code/GameEngine/Source/Common/Thing/ThingFactory.cpp	??4DynamicAudioEventRTS@@QAEAAV0@ABV0@@Z	??4AudioEventRTS@@QAEAAV0@ABV0@@Z	0x000366F0	wrong
Code/GameEngine/Source/Common/Thing/ThingFactory.cpp	??4ProductionPrerequisite@@QAEAAV0@ABV0@@Z	??4?$vector@UPrereqUnitRec@ProductionPrerequisite@@V?$allocator@UPrereqUnitRec@ProductionPrerequisite@@@_STL@@@_STL@@QAEAAV01@ABV01@@Z	0x000120C0	divergent
Code/GameEngine/Source/Common/Thing/ThingFactory.cpp	??4ProductionPrerequisite@@QAEAAV0@ABV0@@Z	??4?$vector@W4ScienceType@@V?$allocator@W4ScienceType@@@_STL@@@_STL@@QAEAAV01@ABV01@@Z	0x000120C0	divergent
Code/GameEngine/Source/Common/Thing/ThingFactory.cpp	??R?$equal_to@VAsciiString@@@rts@@QBE_NABVAsciiString@@0@Z	??8@YA_NABVAsciiString@@0@Z	0x006EFBC0	unowned
Code/GameEngine/Source/Common/Thing/ThingTemplate.cpp	??$_M_find@V?$BitFlags@$0L@@@@?$_Rb_tree@$$CBV?$BitFlags@$0L@@@U?$pair@$$CBV?$BitFlags@$0L@@@PBVArmorTemplateSet@@@_STL@@U?$_Select1st@U?$pair@$$CBV?$BitFlags@$0L@@@PBVArmorTemplateSet@@@_STL@@@3@UMapHelper@?$SparseMatchFinder@VArmorTemplateSet@@V?$BitFlags@$0L@@@@@V?$allocator@U?$pair@$$CBV?$BitFlags@$0L@@@PBVArmorTemplateSet@@@_STL@@@3@@_STL@@ABEPAU?$_Rb_tree_node@U?$pair@$$CBV?$BitFlags@$0L@@@PBVArmorTemplateSet@@@_STL@@@1@ABV?$BitFlags@$0L@@@@Z	??RMapHelper@?$SparseMatchFinder@VArmorTemplateSet@@V?$BitFlags@$0L@@@@@QBE_NABV?$BitFlags@$0L@@@0@Z	0x0002C63C	wrong
Code/GameEngine/Source/Common/Thing/ThingTemplate.cpp	??1?$_Rb_tree@$$CBV?$BitFlags@$0BB@@@U?$pair@$$CBV?$BitFlags@$0BB@@@PBVWeaponTemplateSet@@@_STL@@U?$_Select1st@U?$pair@$$CBV?$BitFlags@$0BB@@@PBVWeaponTemplateSet@@@_STL@@@3@UMapHelper@?$SparseMatchFinder@VWeaponTemplateSet@@V?$BitFlags@$0BB@@@@@V?$allocator@U?$pair@$$CBV?$BitFlags@$0BB@@@PBVWeaponTemplateSet@@@_STL@@@3@@_STL@@QAE@XZ	?clear@?$_Rb_tree@$$CBV?$BitFlags@$0BB@@@U?$pair@$$CBV?$BitFlags@$0BB@@@PBVWeaponTemplateSet@@@_STL@@U?$_Select1st@U?$pair@$$CBV?$BitFlags@$0BB@@@PBVWeaponTemplateSet@@@_STL@@@3@UMapHelper@?$SparseMatchFinder@VWeaponTemplateSet@@V?$BitFlags@$0BB@@@@@V?$allocator@U?$pair@$$CBV?$BitFlags@$0BB@@@PBVWeaponTemplateSet@@@_STL@@@3@@_STL@@QAEXXZ	0x0060434B	divergent
Code/GameEngine/Source/Common/Thing/ThingTemplate.cpp	?_M_insert@?$_Rb_tree@VAsciiString@@U?$pair@$$CBVAsciiString@@VAudioEventRTS@@@_STL@@U?$_Select1st@U?$pair@$$CBVAsciiString@@VAudioEventRTS@@@_STL@@@3@U?$less@VAsciiString@@@3@V?$allocator@U?$pair@$$CBVAsciiString@@VAudioEventRTS@@@_STL@@@3@@_STL@@AAE?AU?$_Rb_tree_iterator@U?$pair@$$CBVAsciiString@@VAudioEventRTS@@@_STL@@U?$_Nonconst_traits@U?$pair@$$CBVAsciiString@@VAudioEventRTS@@@_STL@@@2@@2@PAU_Rb_tree_node_base@2@0ABU?$pair@$$CBVAsciiString@@VAudioEventRTS@@@2@0@Z	?_M_create_node@?$_Rb_tree@VAsciiString@@U?$pair@$$CBVAsciiString@@VAudioEventRTS@@@_STL@@U?$_Select1st@U?$pair@$$CBVAsciiString@@VAudioEventRTS@@@_STL@@@3@U?$less@VAsciiString@@@3@V?$allocator@U?$pair@$$CBVAsciiString@@VAudioEventRTS@@@_STL@@@3@@_STL@@IAEPAU?$_Rb_tree_node@U?$pair@$$CBVAsciiString@@VAudioEventRTS@@@_STL@@@2@ABU?$pair@$$CBVAsciiString@@VAudioEventRTS@@@2@@Z	0x00358DA0	divergent
Code/GameEngine/Source/Common/Thing/ThingTemplate.cpp	?findBestInfo@?$SparseMatchFinder@VWeaponTemplateSet@@V?$BitFlags@$0BB@@@@@QBEPBVWeaponTemplateSet@@ABV?$vector@VWeaponTemplateSet@@V?$allocator@VWeaponTemplateSet@@@_STL@@@_STL@@ABV?$BitFlags@$0BB@@@@Z	??A?$map@$$CBV?$BitFlags@$0BB@@@PBVWeaponTemplateSet@@UMapHelper@?$SparseMatchFinder@VWeaponTemplateSet@@V?$BitFlags@$0BB@@@@@V?$allocator@U?$pair@$$CBV?$BitFlags@$0BB@@@PBVWeaponTemplateSet@@@_STL@@@_STL@@@_STL@@QAEAAPBVWeaponTemplateSet@@ABV?$BitFlags@$0BB@@@@Z	0x0033D19B	unowned
Code/GameEngine/Source/Common/Thing/ThingTemplate.cpp	?findBestInfo@?$SparseMatchFinder@VWeaponTemplateSet@@V?$BitFlags@$0BB@@@@@QBEPBVWeaponTemplateSet@@ABV?$vector@VWeaponTemplateSet@@V?$allocator@VWeaponTemplateSet@@@_STL@@@_STL@@ABV?$BitFlags@$0BB@@@@Z	?findBestInfoSlow@?$SparseMatchFinder@VWeaponTemplateSet@@V?$BitFlags@$0BB@@@@@ABEPBVWeaponTemplateSet@@ABV?$vector@VWeaponTemplateSet@@V?$allocator@VWeaponTemplateSet@@@_STL@@@_STL@@ABV?$BitFlags@$0BB@@@@Z	0x0033BE70	wrong
Code/GameEngine/Source/Common/Thing/ThingTemplate.cpp	?insert@?$map@VAsciiString@@PBVFXList@@U?$less@VAsciiString@@@_STL@@V?$allocator@U?$pair@$$CBVAsciiString@@PBVFXList@@@_STL@@@4@@_STL@@QAE?AU?$pair@U?$_Rb_tree_iterator@U?$pair@$$CBVAsciiString@@PBVFXList@@@_STL@@U?$_Nonconst_traits@U?$pair@$$CBVAsciiString@@PBVFXList@@@_STL@@@2@@_STL@@_N@2@ABU?$pair@$$CBVAsciiString@@PBVFXList@@@2@@Z	?insert_unique@?$_Rb_tree@VAsciiString@@U?$pair@$$CBVAsciiString@@PBVFXList@@@_STL@@U?$_Select1st@U?$pair@$$CBVAsciiString@@PBVFXList@@@_STL@@@3@U?$less@VAsciiString@@@3@V?$allocator@U?$pair@$$CBVAsciiString@@PBVFXList@@@_STL@@@3@@_STL@@QAE?AU?$pair@U?$_Rb_tree_iterator@U?$pair@$$CBVAsciiString@@PBVFXList@@@_STL@@U?$_Nonconst_traits@U?$pair@$$CBVAsciiString@@PBVFXList@@@_STL@@@2@@_STL@@_N@2@ABU?$pair@$$CBVAsciiString@@PBVFXList@@@2@@Z	0x0033D28A	wrong
Code/GameEngine/Source/Common/Thing/ThingTemplate.cpp	?parseArbitraryFXIntoMap@@YAXPAVINI@@PAX1PBX@Z	?insert_unique@?$_Rb_tree@VAsciiString@@U?$pair@$$CBVAsciiString@@PBVFXList@@@_STL@@U?$_Select1st@U?$pair@$$CBVAsciiString@@PBVFXList@@@_STL@@@3@U?$less@VAsciiString@@@3@V?$allocator@U?$pair@$$CBVAsciiString@@PBVFXList@@@_STL@@@3@@_STL@@QAE?AU?$pair@U?$_Rb_tree_iterator@U?$pair@$$CBVAsciiString@@PBVFXList@@@_STL@@U?$_Nonconst_traits@U?$pair@$$CBVAsciiString@@PBVFXList@@@_STL@@@2@@_STL@@_N@2@ABU?$pair@$$CBVAsciiString@@PBVFXList@@@2@@Z	0x0033D28A	wrong
Code/GameEngine/Source/Common/Thing/ThingTemplateLocomotorMapStore.cpp	?rva0033E17D@ThingTemplate@@QAEXW4LocomotorSetType@@PBVLocomotorTemplate@@@Z	?push_back@?$vector@PBVLocomotorTemplate@@V?$allocator@PBVLocomotorTemplate@@@_STL@@@_STL@@QAEXABQBVLocomotorTemplate@@@Z	0x004DFCB0	wrong
Code/GameEngine/Source/Common/ThrowingNewHelpers.cpp	?rva005CF22C@Rva005CF22COwner@@QAEXH@Z	??0Rva005CF07EHelper@@QAE@PAURva005CF22CBig@@H@Z	0x005CF07E	unowned
Code/GameEngine/Source/Common/ThrowingNewHelpers.cpp	?rva005CF6B5@Rva005CF6B5Owner@@QAEXH@Z	??0Rva005CF37DHelper@@QAE@PAURva005CF22CBig@@H@Z	0x005CF37D	unowned
Code/GameEngine/Source/Common/ThrowingNewHelpers.cpp	?rva005CF703@Rva005CF703Owner@@QAEXH@Z	??0Rva005CF4A8Helper@@QAE@PAURva005CF22CBig@@H@Z	0x005CF4A8	unowned
Code/GameEngine/Source/Common/ThunkReachedDeletingDtors01.cpp	??_GRva00254024@@QAEPAXI@Z	??1Rva00254024@@QAE@XZ	0x00254024	unowned
Code/GameEngine/Source/Common/ThunkReachedDeletingDtors01.cpp	??_GRva002F213F@@QAEPAXI@Z	??1Rva002F213F@@QAE@XZ	0x002F213F	unowned
Code/GameEngine/Source/Common/ThunkReachedDeletingDtors01.cpp	??_GRva005F501E@@QAEPAXI@Z	??1Rva005F501E@@QAE@XZ	0x005F501E	unowned
Code/GameEngine/Source/Common/U4GlobalGuardedNotifies.cpp	?u4Guarded0060C2C0@@YGXPAVU4Target0060C2C0@@PAX@Z	?hand@U4Target0060C2C0@@QAEXPAX@Z	0x003FC149	unowned
Code/GameEngine/Source/Common/UserPreferences.cpp	??0UserPreferences@@QAE@XZ	??0?$map@VAsciiString@@V1@U?$less@VAsciiString@@@_STL@@V?$allocator@U?$pair@$$CBVAsciiString@@V1@@_STL@@@3@@_STL@@QAE@XZ	0x0033C432	wrong
Code/GameEngine/Source/Common/UserPreferences.cpp	?getIgnores@IgnorePreferences@@QAE?AV?$map@HVAsciiString@@U?$less@H@_STL@@V?$allocator@U?$pair@$$CBHVAsciiString@@@_STL@@@3@@_STL@@XZ	??0?$map@HVAsciiString@@U?$less@H@_STL@@V?$allocator@U?$pair@$$CBHVAsciiString@@@_STL@@@3@@_STL@@QAE@XZ	0x0033C432	wrong
Code/GameEngine/Source/Common/UserPreferences.cpp	?getIgnores@IgnorePreferences@@QAE?AV?$map@HVAsciiString@@U?$less@H@_STL@@V?$allocator@U?$pair@$$CBHVAsciiString@@@_STL@@@3@@_STL@@XZ	??1?$_Rb_tree@HU?$pair@$$CBHVAsciiString@@@_STL@@U?$_Select1st@U?$pair@$$CBHVAsciiString@@@_STL@@@2@U?$less@H@2@V?$allocator@U?$pair@$$CBHVAsciiString@@@_STL@@@2@@_STL@@QAE@XZ	0x00383EB2	divergent
Code/GameEngine/Source/Common/UserPreferences.cpp	?insert_unique@?$_Rb_tree@HU?$pair@$$CBHVAsciiString@@@_STL@@U?$_Select1st@U?$pair@$$CBHVAsciiString@@@_STL@@@2@U?$less@H@2@V?$allocator@U?$pair@$$CBHVAsciiString@@@_STL@@@2@@_STL@@QAE?AU?$_Rb_tree_iterator@U?$pair@$$CBHVAsciiString@@@_STL@@U?$_Nonconst_traits@U?$pair@$$CBHVAsciiString@@@_STL@@@2@@2@U32@ABU?$pair@$$CBHVAsciiString@@@2@@Z	?_M_insert@?$_Rb_tree@HU?$pair@$$CBHVAsciiString@@@_STL@@U?$_Select1st@U?$pair@$$CBHVAsciiString@@@_STL@@@2@U?$less@H@2@V?$allocator@U?$pair@$$CBHVAsciiString@@@_STL@@@2@@_STL@@AAE?AU?$_Rb_tree_iterator@U?$pair@$$CBHVAsciiString@@@_STL@@U?$_Nonconst_traits@U?$pair@$$CBHVAsciiString@@@_STL@@@2@@2@PAU_Rb_tree_node_base@2@0ABU?$pair@$$CBHVAsciiString@@@2@0@Z	0x00383BAC	wrong
Code/GameEngine/Source/Common/UserPreferences.cpp	?insert_unique@?$_Rb_tree@HU?$pair@$$CBHVAsciiString@@@_STL@@U?$_Select1st@U?$pair@$$CBHVAsciiString@@@_STL@@@2@U?$less@H@2@V?$allocator@U?$pair@$$CBHVAsciiString@@@_STL@@@2@@_STL@@QAE?AU?$pair@U?$_Rb_tree_iterator@U?$pair@$$CBHVAsciiString@@@_STL@@U?$_Nonconst_traits@U?$pair@$$CBHVAsciiString@@@_STL@@@2@@_STL@@_N@2@ABU?$pair@$$CBHVAsciiString@@@2@@Z	?_M_insert@?$_Rb_tree@HU?$pair@$$CBHVAsciiString@@@_STL@@U?$_Select1st@U?$pair@$$CBHVAsciiString@@@_STL@@@2@U?$less@H@2@V?$allocator@U?$pair@$$CBHVAsciiString@@@_STL@@@2@@_STL@@AAE?AU?$_Rb_tree_iterator@U?$pair@$$CBHVAsciiString@@@_STL@@U?$_Nonconst_traits@U?$pair@$$CBHVAsciiString@@@_STL@@@2@@2@PAU_Rb_tree_node_base@2@0ABU?$pair@$$CBHVAsciiString@@@2@0@Z	0x00383BAC	wrong
Code/GameEngine/Source/Common/V3NewInlineCtorFactories.cpp	??0Rva005EBCC0Object@@QAE@ABV0@@Z	??0Rva005EBD40@@QAE@ABV0@@Z	0x003AE7B8	unowned
Code/GameEngine/Source/Common/V3NewInlineCtorFactories.cpp	?create@V3HostRva005E7420@@QAEPAVRva005E7420Object@@PAX@Z	??0Rva005E7420Object@@QAE@PAXPAVV3HostRva005E7420@@@Z	0x003ACE2D	unowned
Code/GameEngine/Source/Common/V3NewInlineCtorFactories.cpp	?create@V3HostRva005E76E0@@QAEPAVRva005E76E0Object@@PAX@Z	??0Rva005E76E0Object@@QAE@PAXPAVV3HostRva005E76E0@@@Z	0x003ACE8B	unowned
Code/GameEngine/Source/Common/V3NewInlineCtorFactories.cpp	?create@V3HostRva005E7AD0@@QAEPAVRva005E7AD0Object@@PAX@Z	??0Rva005E7AD0Object@@QAE@PAXPAVV3HostRva005E7AD0@@@Z	0x003AD136	unowned
Code/GameEngine/Source/Common/VectorClassBfmeThingFTResize.cpp	?Resize@VectorClassBfmeThingFT@@UAE_NHPBVBfmeThingFT@@@Z	??0BfmeThingFT@@QAE@XZ	0x006CE7D0	wrong
Code/GameEngine/Source/Common/VectorObjectIDFillInsert.cpp	??0?$vector@W4ObjectID@@V?$allocator@W4ObjectID@@@_STL@@@_STL@@QAE@IABW4ObjectID@@ABV?$allocator@W4ObjectID@@@1@@Z	??0?$_Vector_base@W4ObjectID@@V?$allocator@W4ObjectID@@@_STL@@@_STL@@QAE@IABV?$allocator@W4ObjectID@@@1@@Z	0x004F62A4	divergent
Code/GameEngine/Source/Common/VectorObjectIDFillInsert.cpp	?_M_fill_insert@?$vector@W4ObjectID@@V?$allocator@W4ObjectID@@@_STL@@@_STL@@QAEXPAW4ObjectID@@IABW43@@Z	?_M_insert_overflow@?$vector@W4ObjectID@@V?$allocator@W4ObjectID@@@_STL@@@_STL@@IAEXPAW4ObjectID@@ABW43@ABU__false_type@2@I_N@Z	0x00148D00	divergent
Code/GameEngine/Source/Common/VectorObjectIDFillInsert.cpp	?erase@?$vector@W4ObjectID@@V?$allocator@W4ObjectID@@@_STL@@@_STL@@QAEPAW4ObjectID@@PAW43@@Z	??$__copy_ptrs@PAW4ObjectID@@PAW41@@_STL@@YAPAW4ObjectID@@PAW41@00ABU__false_type@0@@Z	0x0025BF40	wrong
Code/GameEngine/Source/Common/VectorObjectIDFillInsert.cpp	?insert@?$vector@W4ObjectID@@V?$allocator@W4ObjectID@@@_STL@@@_STL@@QAEPAW4ObjectID@@PAW43@ABW43@@Z	?_M_insert_overflow@?$vector@W4ObjectID@@V?$allocator@W4ObjectID@@@_STL@@@_STL@@IAEXPAW4ObjectID@@ABW43@ABU__false_type@2@I_N@Z	0x00148D00	divergent
Code/GameEngine/Source/Common/VectorPairObjectIDCopyBackward.cpp	??$copy_backward@PAU?$pair@W4ObjectID@@I@_STL@@PAU12@@_STL@@YAPAU?$pair@W4ObjectID@@I@0@PAU10@00@Z	??$__copy_backward_ptrs@PAU?$pair@W4ObjectID@@I@_STL@@PAU12@@_STL@@YAPAU?$pair@W4ObjectID@@I@0@PAU10@00ABU__false_type@0@@Z	0x0030B378	divergent
Code/GameEngine/Source/Common/VectorPod88CopyConstructor.cpp	??0?$vector@V?$vector@UBfmePod88@@V?$allocator@UBfmePod88@@@_STL@@@_STL@@V?$allocator@V?$vector@UBfmePod88@@V?$allocator@UBfmePod88@@@_STL@@@_STL@@@2@@_STL@@QAE@ABV01@@Z	??0?$_Vector_base@V?$vector@UBfmePod88@@V?$allocator@UBfmePod88@@@_STL@@@_STL@@V?$allocator@V?$vector@UBfmePod88@@V?$allocator@UBfmePod88@@@_STL@@@_STL@@@2@@_STL@@QAE@IABV?$allocator@V?$vector@UBfmePod88@@V?$allocator@UBfmePod88@@@_STL@@@_STL@@@1@@Z	0x005C8C37	wrong
Code/GameEngine/Source/Common/VectorPod88CopyConstructor.cpp	?push_back@?$vector@V?$vector@UBfmePod88@@V?$allocator@UBfmePod88@@@_STL@@@_STL@@V?$allocator@V?$vector@UBfmePod88@@V?$allocator@UBfmePod88@@@_STL@@@_STL@@@2@@_STL@@QAEXABV?$vector@UBfmePod88@@V?$allocator@UBfmePod88@@@_STL@@@2@@Z	?_M_insert_overflow@?$vector@V?$vector@UBfmePod88@@V?$allocator@UBfmePod88@@@_STL@@@_STL@@V?$allocator@V?$vector@UBfmePod88@@V?$allocator@UBfmePod88@@@_STL@@@_STL@@@2@@_STL@@IAEXPAV?$vector@UBfmePod88@@V?$allocator@UBfmePod88@@@_STL@@@2@ABV32@ABU__false_type@2@I_N@Z	0x0050129F	wrong
Code/GameEngine/Source/Common/VersionBlockParserCtor.cpp	??0VersionBlockParser@@QAE@PBD@Z	??0?$_Vector_base@UVersionBlockEntry@@V?$allocator@UVersionBlockEntry@@@_STL@@@_STL@@QAE@ABV?$allocator@UVersionBlockEntry@@@1@@Z	0x00211E58	wrong
Code/GameEngine/Source/Common/VersionBlockParserCtor.cpp	??0VersionBlockParser@@QAE@PBD@Z	?parse@VersionBlockParser@@AAEXPBD@Z	0x004289B8	unowned
Code/GameEngine/Source/Common/VersionDestructor.cpp	?initializeBuildMetadata@Version@@QAEXXZ	?initVersionGlobals@@YAHXZ	0x00238646	unowned
Code/GameEngine/Source/Common/VslotMemberForwarders.cpp	?rva000791E5@Rva000791E5Forwarder@@QAEXH@Z	?rva00079186@Rva00079186Target@@QAEXH@Z	0x00079186	unowned
Code/GameEngine/Source/Common/VslotMemberForwarders.cpp	?rva0009AD42@Rva0009AD42Forwarder@@QAEXXZ	?rva00210E9D@Rva00210E9DTarget@@QAEXXZ	0x00210E9D	unowned
Code/GameEngine/Source/Common/VslotMemberForwarders.cpp	?rva000B1974@Rva000B1974Forwarder@@QAEXHH@Z	?rva000B0DA8@Rva000B0DA8Target@@QAEXHH@Z	0x000B0DA8	unowned
Code/GameEngine/Source/Common/VslotMemberForwarders.cpp	?rva0025DEDD@Rva0025DEDDForwarder@@QAEXHHH@Z	?rva004D0E93@Rva004D0E93Target@@QAEXHHH@Z	0x004D0E93	unowned
Code/GameEngine/Source/Common/VslotMemberForwarders.cpp	?rva002AC2C7@Rva002AC2C7Forwarder@@QAEXHHH@Z	?rva002AC2CF@Rva002AC2CFTarget@@QAEXHHH@Z	0x002AC2CF	unowned
Code/GameEngine/Source/Common/VslotMemberForwarders.cpp	?rva002D65EE@Rva002D65EEForwarder@@QAEXH@Z	?rva002D6460@Rva002D6460Target@@QAEXH@Z	0x002D6460	unowned
Code/GameEngine/Source/Common/VslotMemberForwarders.cpp	?rva00329653@Rva00329653Forwarder@@QAEXHH@Z	?rva003294D6@Rva003294D6Target@@QAEXHH@Z	0x003294D6	unowned
Code/GameEngine/Source/Common/VslotMemberForwarders.cpp	?rva0032965B@Rva0032965BForwarder@@QAEXHH@Z	?rva003295B4@Rva003295B4Target@@QAEXHH@Z	0x003295B4	unowned
Code/GameEngine/Source/Common/VslotMiscForwarders.cpp	?rva0005BD20@Rva0005BD20Host@@QAEXXZ	?rva0005BBE2@Rva0005BD20Host@@QAEXH@Z	0x0005BBE2	unowned
Code/GameEngine/Source/Common/VslotMiscForwarders.cpp	?rva0005BD28@Rva0005BD28Host@@QAEXXZ	?rva0005BBE2@Rva0005BD28Host@@QAEXH@Z	0x0005BBE2	unowned
Code/GameEngine/Source/Common/VslotMiscForwarders.cpp	?rva00062918@Rva00062918Host@@QAEXXZ	?rva000ABA2F@Rva00062918Host@@QAEXXZ	0x000ABA2F	unowned
Code/GameEngine/Source/Common/VslotMiscForwarders.cpp	?rva00062918@Rva00062918Host@@QAEXXZ	?rva00224296@Rva00062918Host@@QAEXXZ	0x00224296	unowned
Code/GameEngine/Source/Common/VslotMiscForwarders.cpp	?rva0009C134@Rva0009C134Host@@QAEXXZ	?rva0009BAA4@Rva0009C134Host@@QAEXXZ	0x0009BAA4	unowned
Code/GameEngine/Source/Common/VslotMiscForwarders.cpp	?rva00109DA6@Rva00109DA6Host@@QAEXXZ	?rva001091A8@Rva00108660ResourceManager@@QAEXPAX@Z	0x001091A8	unowned
Code/GameEngine/Source/Common/VslotMiscForwarders.cpp	?rva0034A871@Rva0034A871Host@@QAEXXZ	?rva0034A570@Rva0034A871Host@@QAEXH@Z	0x0034A570	unowned
Code/GameEngine/Source/Common/VslotMiscForwarders.cpp	?rva00351949@Rva00351949Host@@QAEXXZ	?rva003508C5@Rva00351949Host@@QAEXH@Z	0x003508C5	unowned
Code/GameEngine/Source/Common/VslotMiscForwarders.cpp	?rva003FDD05@Rva003FDD05Host@@QAEXXZ	?rva003FDAEB@Rva003FDD05Host@@QAEXXZ	0x003FDAEB	unowned
Code/GameEngine/Source/Common/VslotMiscForwarders.cpp	?rva003FE402@Rva003FE402Host@@QAEXXZ	?rva003FE342@Rva003FE402Host@@QAEXXZ	0x003FE342	unowned
Code/GameEngine/Source/Common/VslotNullCheckedForwarders.cpp	?rva0006820F@Rva0006820FNullForwarder@@QAE_NH@Z	?rva000EA644@Rva000EA644NullTarget@@QAE_NH@Z	0x000EA644	unowned
Code/GameEngine/Source/Common/VslotNullCheckedForwarders.cpp	?rva00091F2A@Rva00091F2ANullForwarder@@QAEHHH@Z	?rva0006819B@Rva0006819BNullTarget@@QAEHHH@Z	0x0006819B	unowned
Code/GameEngine/Source/Common/VslotNullCheckedForwarders.cpp	?rva00091F51@Rva00091F51NullForwarder@@QAE_NHH@Z	?rva000681AF@Rva000681AFNullTarget@@QAE_NHH@Z	0x000681AF	unowned
Code/GameEngine/Source/Common/VslotNullCheckedForwarders.cpp	?rva00091F62@Rva00091F62NullForwarder@@QAE_NHH@Z	?rva000681D3@Rva000681D3NullTarget@@QAE_NHH@Z	0x000681D3	unowned
Code/GameEngine/Source/Common/VslotNullCheckedForwarders.cpp	?rva00091F73@Rva00091F73NullForwarder@@QAE_NHH@Z	?rva000681E7@Rva000681E7NullTarget@@QAE_NHH@Z	0x000681E7	unowned
Code/GameEngine/Source/Common/VslotNullCheckedForwarders.cpp	?rva00091F84@Rva00091F84NullForwarder@@QAE_NH@Z	?rva000681FB@Rva000681FBNullTarget@@QAE_NH@Z	0x000681FB	unowned
Code/GameEngine/Source/Common/VslotNullCheckedForwarders.cpp	?rva001EB722@Rva001EB722NullForwarder@@QAEXXZ	?rva001EB3D1@Rva001EB3D1NullTarget@@QAEXXZ	0x001EB3D1	unowned
Code/GameEngine/Source/Common/VslotNullCheckedForwarders.cpp	?rva0025DC17@Rva0025DC17NullForwarder@@QAEHXZ	?rva004CFC81@Rva004CFC81NullTarget@@QAEHXZ	0x004CFC81	unowned
Code/GameEngine/Source/Common/VslotNullCheckedForwarders.cpp	?rva0025DC5E@Rva0025DC5ENullForwarder@@QAEXH@Z	?rva004CF940@Rva004CF940NullTarget@@QAEXH@Z	0x004CF940	unowned
Code/GameEngine/Source/Common/VslotNullCheckedForwarders.cpp	?rva0025DC6D@Rva0025DC6DNullForwarder@@QAEXXZ	?rva004D02F6@Rva004D02F6NullTarget@@QAEXXZ	0x004D02F6	unowned
Code/GameEngine/Source/Common/VslotNullCheckedForwarders.cpp	?rva0025E27F@Rva0025E27FNullForwarder@@QAEXH@Z	?rva004D00BB@Rva004D00BBNullTarget@@QAEXH@Z	0x004D00BB	unowned
Code/GameEngine/Source/Common/VslotNullCheckedForwarders3.cpp	?rva00068061@Rva00068061NullTarget@@QAEXH@Z	?rva000E7734@Rva000E7734NullTarget@@QAEXH@Z	0x000E7734	unowned
Code/GameEngine/Source/Common/VslotNullCheckedForwarders3.cpp	?rva00068283@Rva00068283NullTarget@@QAEXH@Z	?rva000EA2C0@Rva000EA2C0NullTarget@@QAEXH@Z	0x000EA2C0	unowned
Code/GameEngine/Source/Common/VslotNullCheckedForwarders3.cpp	?rva00068385@Rva00068385NullForwarder@@QAEXXZ	?rva000EE198@Rva000EE198NullTarget@@QAEXXZ	0x000EE198	unowned
Code/GameEngine/Source/Common/VslotNullCheckedForwarders3.cpp	?rva0007E17B@Rva0007E17BNullForwarder@@QAEXH@Z	?rva0010004D@Rva0010004DNullTarget@@QAEXH@Z	0x0010004D	unowned
Code/GameEngine/Source/Common/VslotNullCheckedForwarders3.cpp	?rva005CEA04@Rva005CEA04NullForwarder@@QAEXXZ	?rva005E8F49@Rva005E8F49NullTarget@@QAEXXZ	0x005E8F49	unowned
Code/GameEngine/Source/Common/VslotNullCheckedForwarders3.cpp	?thru@Rva0023D6D5Callee@@QAEXXZ	?rva001EC63D@Rva001EC63DNullTarget@@QAEXXZ	0x001EC63D	unowned
Code/GameEngine/Source/Common/VslotSizedDirectForwarders.cpp	?rva000448C4@Rva000448C4Forwarder@@QAEXXZ	?rva0011A040@Rva0011A040Target@@QAEXXZ	0x0011A040	unowned
Code/GameEngine/Source/Common/VslotSizedDirectForwarders.cpp	?rva001428F0@Rva001428F0Forwarder@@QAEXH@Z	?rva00142060@Rva00142060Target@@QAEXH@Z	0x00142060	unowned
Code/GameEngine/Source/Common/VslotSizedDirectForwarders2.cpp	?rva002D55CA@Rva002D55CAForwarder@@QAEXXZ	?rva002D54E5@Rva002D54E5Target@@QAEXXZ	0x002D54E5	unowned
Code/GameEngine/Source/Common/VslotSizedDirectForwarders2.cpp	?rva002D6AE2@Rva002D6AE2Forwarder@@QAEXXZ	?rva002D65F6@Rva002D65F6Target@@QAEXXZ	0x002D65F6	unowned
Code/GameEngine/Source/Common/VslotSmallBodiesAB.cpp	?rva002B8644@Rva002B8644@@QAEXH@Z	?push_back@?$vector@JV?$allocator@J@_STL@@@_STL@@QAEXABJ@Z	0x004DFCB0	wrong
Code/GameEngine/Source/Common/VslotSmallBodiesAD.cpp	?rva0026156C@Rva0026156C@@QAEXH@Z	?rva0029493F@Rva0029493F@@QAEXHH@Z	0x0029493F	unowned
Code/GameEngine/Source/Common/VslotSmallBodiesAD.cpp	?rva00349D02@Rva00349D02@@QAEHXZ	?rva003497E6@Rva00349D02@@QAEHXZ	0x003497E6	unowned
Code/GameEngine/Source/Common/VslotSmallBodiesAD.cpp	?rva00359729@Rva00359729@@QAEHH@Z	?rva00359556@Rva00359556@@QAEHH@Z	0x00359556	unowned
Code/GameEngine/Source/Common/VslotSmallBodiesAD.cpp	?rva003AFE24@Rva003AFE24@@QAEHXZ	?rva001F4002@Rva001F4002@@QAEHXZ	0x001F4002	unowned
Code/GameEngine/Source/Common/VslotSmallBodiesAD.cpp	?rva003AFE36@Rva003AFE24@@QAEHXZ	?rva001F40AF@Rva001F4002@@QAEHXZ	0x001F40AF	unowned
Code/GameEngine/Source/Common/VslotSmallBodiesAD.cpp	?rva0040E0C5@Rva0040E0C5@@QAE_NPAURva0040E0C5Arg@@@Z	?rva0040DF77@Rva0040DF77@@QAEXXZ	0x0040DF77	unowned
Code/GameEngine/Source/Common/VslotSmallBodiesAD.cpp	?rva00415122@Rva00414B89@@QAEXXZ	?rva0041505B@Rva00414B0A@@QAEXXZ	0x0041505B	unowned
Code/GameEngine/Source/Common/VslotSmallBodiesAD.cpp	?rva004CDF00@Rva004CDF00@@QAEXHH@Z	?rva004502CE@Rva004502CE@@QAEXHH@Z	0x004502CE	unowned
Code/GameEngine/Source/Common/VslotSmallBodiesAD.cpp	?rva004CDF00@Rva004CDF00@@QAEXHH@Z	?rva004CDDBA@Rva004CDF00@@QAEXH@Z	0x004CDDBA	unowned
Code/GameEngine/Source/Common/VslotSmallBodiesAD.cpp	?rva004CDF1D@Rva004CDF00@@QAEXXZ	?rva004CDDBA@Rva004CDF00@@QAEXH@Z	0x004CDDBA	unowned
Code/GameEngine/Source/Common/VslotSmallBodiesAD.cpp	?rva004EF2FA@Rva004EF2FA@@UAEXHH@Z	?rva004EEE38@Rva004EF2FAPrimary@@QAEXH@Z	0x004EEE38	unowned
Code/GameEngine/Source/Common/VslotSmallBodiesAD.cpp	?rva00508925@Rva00508925@@QAE_NHH@Z	?rva005075D6@Rva00508925@@QAEEHH@Z	0x005075D6	unowned
Code/GameEngine/Source/Common/VslotSmallBodiesAE.cpp	?rva003FD1C5@Rva003FD1FA@@MAEXPAVXfer@@@Z	?Rva0030662AXfer@@YAXPAVXfer@@PAX@Z	0x0030662A	unowned
Code/GameEngine/Source/Common/VslotSmallBodiesAE.cpp	?rva003FD1C5@Rva003FD321@@MAEXPAVXfer@@@Z	?rva005045E0@Rva005045E0@@QAEXPAVXfer@@@Z	0x005045E0	unowned
Code/GameEngine/Source/Common/VslotSmallBodiesAE.cpp	?rva0051483C@Rva0051483C@@QAE_NXZ	?rva0035C194@Rva0035C194@@QAE_N_N0@Z	0x0035C194	unowned
Code/GameEngine/Source/Common/VslotSmallBodiesAE.cpp	?rva00577302@Rva00577302@@QAEXH@Z	?rva005753A4@Rva00577302@@QAEXH@Z	0x005753A4	unowned
Code/GameEngine/Source/Common/VslotSmallBodiesAE.cpp	?rva00584A7D@Rva00584A7D@@QAEXI@Z	?grow@?$Rva00584A7DVector@URva00584A7DEntry@@@@QAEXI@Z	0x00584A3D	unowned
Code/GameEngine/Source/Common/VslotSmallBodiesAE.cpp	?rva00597426@Rva00597426@@QAEHPBURva00597426Arg@@@Z	?rva00294ADD@Object@@QAEHH@Z	0x00294ADD	unowned
Code/GameEngine/Source/Common/VslotSmallBodiesAE.cpp	?rva005AFA0E@Rva005AFA0E@@QAEXHH@Z	?Rva0038190FCall@@YAXHH@Z	0x0038190F	unowned
Code/GameEngine/Source/Common/VslotSmallBodiesAE.cpp	?rva005AFCEC@Rva005AFCEC@@QAEXH@Z	?rva005AFCB4@Rva005AFCEC@@QAEXH@Z	0x005AFCB4	unowned
Code/GameEngine/Source/Common/VslotSmallBodiesAE.cpp	?rva005B023A@Rva005B023A@@QAEXXZ	?rva004083FF@Rva005B023A@@QAEXH@Z	0x004083FF	unowned
Code/GameEngine/Source/Common/VslotSmallBodiesAE.cpp	?rva005C392A@Rva005C392A@@QAEXXZ	?rva005C36F3@Rva005C36F3@@QAEXXZ	0x005C36F3	unowned
Code/GameEngine/Source/Common/VslotSmallBodiesAJ.cpp	?rva00034D00@Rva00034D00@@QAE_NXZ	?rva00033D50@Rva006C1F60@@QAE_NXZ	0x00033D50	unowned
Code/GameEngine/Source/Common/VslotSmallBodiesAJ.cpp	?rva00286351@Rva00286351@@QAEXXZ	?rva002862C9@Rva002862C9@@QAEXXZ	0x002862C9	unowned
Code/GameEngine/Source/Common/VslotSmallBodiesAJ.cpp	?rva00287010@Rva00287010@@QAEXXZ	?rva00286CC4@Rva00286CC4@@QAEXXZ	0x00286CC4	unowned
Code/GameEngine/Source/Common/VslotSmallBodiesAJ.cpp	?rva00349217@Rva00349217@@QAEXXZ	?rva00349013@Rva00349013@@QAEXXZ	0x00349013	unowned
Code/GameEngine/Source/Common/VslotSmallBodiesAJ.cpp	?rva003497C2@Rva003497C2@@QAEXXZ	?rva00349611@Rva00349611@@QAEXXZ	0x00349611	unowned
Code/GameEngine/Source/Common/VslotSmallBodiesAJ.cpp	?rva00349D8D@Rva00349D8D@@QAEXXZ	?bfmeTail932E@BfmeThing932E@@QAEXXZ	0x00347460	unowned
Code/GameEngine/Source/Common/VslotSmallBodiesAJ.cpp	?rva0034DC00@Rva0034DC00@@QAEXXZ	?rva0034D98B@Rva0034D98B@@QAEXXZ	0x0034D98B	unowned
Code/GameEngine/Source/Common/VslotSmallBodiesAJ.cpp	?rva003508C0@Rva003508C0@@QAEXXZ	?rva0035066B@Rva0035066B@@QAEXXZ	0x0035066B	unowned
Code/GameEngine/Source/Common/VslotSmallBodiesAJ.cpp	?rva003A3899@Rva003A3899@@QAEXXZ	?clear@TeamFactory@@QAEXXZ	0x003A2F4C	unowned
Code/GameEngine/Source/Common/VslotSmallBodiesAJ.cpp	?rva0047E32B@Rva0047E32B@@QAEXXZ	?rva0047BBA7@Rva0047BBA7@@QAEXXZ	0x0047BBA7	unowned
Code/GameEngine/Source/Common/VslotSmallBodiesAJ.cpp	?rva00494E21@Rva00494E21@@QAE_NXZ	?rva0044FC52@SpecialAbilityUpdate@@UAE_NXZ	0x0044FC52	unowned
Code/GameEngine/Source/Common/VslotSmallBodiesAJ.cpp	?rva00494E48@Rva00494E48@@QAEXXZ	?rva004508B7@SpecialAbilityUpdate@@UAEXXZ	0x004508B7	unowned
Code/GameEngine/Source/Common/VslotSmallBodiesAJ.cpp	?rva00494E4D@Rva00494E4D@@QAEX_N0@Z	?onExit@SpecialAbilityUpdate@@AAEX_N0@Z	0x004502CE	unowned
Code/GameEngine/Source/Common/VslotSmallBodiesAJ.cpp	?rva00494E52@Rva00494E52@@QAE?AW4UpdateSleepTime@@XZ	?update@SpecialAbilityUpdate@@UAE?AW4UpdateSleepTime@@XZ	0x00451FA2	unowned
Code/GameEngine/Source/Common/VslotSmallBodiesAJ.cpp	?rva0053EC3A@Rva0053EC3A@@QAEXXZ	?rva005C674A@Rva005C674A@@QAEXXZ	0x005C674A	unowned
Code/GameEngine/Source/Common/VslotSmallBodiesAJ.cpp	?rva005680D6@Rva005680D6@@QAEXXZ	?rva00568021@Rva00568021@@QAEXXZ	0x00568021	unowned
Code/GameEngine/Source/Common/VslotSmallBodiesAJ.cpp	?rva0057862E@Rva0057862E@@QAEXXZ	?rva005D2F7E@Rva005D2F7E@@QAEXXZ	0x005D2F7E	unowned
Code/GameEngine/Source/Common/VslotSmallBodiesAJ.cpp	?rva00578636@Rva00578636@@QAEXXZ	?rva005D2F84@Rva005D2F84@@QAEXXZ	0x005D2F84	unowned
Code/GameEngine/Source/Common/VslotSmallBodiesAJ.cpp	?rva0057863E@Rva0057863E@@QAEXXZ	?rva005D2F8A@Rva005D2F8A@@QAEXXZ	0x005D2F8A	unowned
Code/GameEngine/Source/Common/VslotSmallBodiesAJ.cpp	?rva005B7FFA@Rva005B7FFA@@QAEXXZ	?rva005DD22B@Rva005DD22B@@QAEXXZ	0x005DD22B	unowned
Code/GameEngine/Source/Common/VslotSmallBodiesAJ.cpp	?rva005B8002@Rva005B8002@@QAEXXZ	?rva005DD06D@Rva005DD06D@@QAEXXZ	0x005DD06D	unowned
Code/GameEngine/Source/Common/VslotSmallBodiesAJ.cpp	?rva005BA621@Rva005BA621@@QAEXXZ	?rva005BA440@Rva005BA440@@QAEXXZ	0x005BA440	unowned
Code/GameEngine/Source/Common/VslotSmallBodiesAJ.cpp	?rva005F97AC@Rva005F97AC@@QAEXH@Z	?rva005F963A@Rva005F963A@@QAEXH@Z	0x005F963A	unowned
Code/GameEngine/Source/Common/VslotSmallBodiesAJ.cpp	?rva005F97B4@Rva005F97B4@@QAEXH@Z	?rva005F9687@Rva005F9687@@QAEXH@Z	0x005F9687	unowned
Code/GameEngine/Source/Common/VslotSmallBodiesAK.cpp	?rva0061EF80@Rva0061EF80@@QAEXXZ	?rva00624130@Rva00624130@@QAEXXZ	0x00624130	unowned
Code/GameEngine/Source/Common/VslotSmallBodiesAL.cpp	?rva00330AF6@Rva00330AF6@@QAEXHABUBfmeE8@@@Z	?rva0030BAD8@Rva0030BAD8@@QAEXHABUBfmeE8@@@Z	0x0030BAD8	unowned
Code/GameEngine/Source/Common/VslotSmallBodiesAL.cpp	?rva00330BA3@Rva00330BA3@@QAEXH@Z	?rva0030B232@Rva0030B232@@QAEXH@Z	0x0030B232	unowned
Code/GameEngine/Source/Common/VslotSmallBodiesAL.cpp	?rva00526342@Rva00526342@@QAE_NH@Z	?rva00525E55@Rva00525E55@@QAEXXZ	0x00525E55	unowned
Code/GameEngine/Source/Common/VslotSmallBodiesAL.cpp	?rva00527111@Rva00526342@@QAE_NH@Z	?rva00526F85@Rva00525E55@@QAEXH@Z	0x00526F85	unowned
Code/GameEngine/Source/Common/VslotSmallBodiesAL.cpp	?rva00567D96@Rva00526342@@QAE_NH@Z	?rva00567A6E@Rva00525E55@@QAEXH@Z	0x00567A6E	unowned
Code/GameEngine/Source/Common/VslotSmallBodiesAL.cpp	?rva00588A9D@Rva00588A9D@@QAEXI@Z	?grow@?$Rva00588A9DVector@URva00588A9DEntry@@@@QAEXI@Z	0x00588A72	unowned
Code/GameEngine/Source/Common/VslotSmallBodiesAL.cpp	?rva005E1AB6@Rva005E1B41Primary@@QAEXH@Z	?rva005E1928@Rva005E1928@@QAEXXZ	0x005E1928	unowned
Code/GameEngine/Source/Common/VslotSmallBodiesAM.cpp	?rva0028F976@Rva0028F976@@UAEHXZ	?rva0028DB3C@Object@@QAEXXZ	0x0028DB3C	unowned
Code/GameEngine/Source/Common/VslotSmallBodiesAM.cpp	?rva003A389E@TeamFactory@@QAEXXZ	?clear@TeamFactory@@QAEXXZ	0x003A2F4C	unowned
Code/GameEngine/Source/Common/VslotSmallBodiesAM.cpp	?xfer@Rva0033FB0B@@MAEXPAVXfer@@@Z	?xfer@StateMachine@@MAEXPAVXfer@@@Z	0x004D7744	unowned
Code/GameEngine/Source/Common/VslotSmallBodiesAP.cpp	?rva000B197C@Rva000B197C@@QAEXHH@Z	?rva000B0F82@Rva000B0F82@@QAEXHH@Z	0x000B0F82	unowned
Code/GameEngine/Source/Common/VslotSmallBodiesAP.cpp	?rva005259B1@Rva005259B1@@QAEXH@Z	?rva005254C5@Rva005254C5@@QAEXH@Z	0x005254C5	unowned
Code/GameEngine/Source/Common/VslotSmallBodiesAP.cpp	?rva00539611@Rva00539611@@QAEXHH@Z	?rva005394F0@Rva005394F0@@QAEXHH@Z	0x005394F0	unowned
Code/GameEngine/Source/Common/VslotSmallBodiesAP.cpp	?rva005397D3@Rva005397D3@@QAEXH@Z	?rva0053973F@Rva0053973F@@QAEXH@Z	0x0053973F	unowned
Code/GameEngine/Source/Common/VslotSmallBodiesAP.cpp	?rva0056D2BD@Rva0056D2BD@@QAEXH@Z	?rva0056CA31@Rva0056CA31@@QAEXH@Z	0x0056CA31	unowned
Code/GameEngine/Source/Common/VslotSmallBodiesAP.cpp	?rva0056D2C5@Rva0056D2C5@@QAEXHH@Z	?rva0056CCE2@Rva0056CCE2@@QAEXHH@Z	0x0056CCE2	unowned
Code/GameEngine/Source/Common/VslotSmallBodiesAP.cpp	?rva00575DBA@Rva00575DBA@@QAEXH@Z	?rva005757F9@Rva005757F9@@QAEXH@Z	0x005757F9	unowned
Code/GameEngine/Source/Common/VslotSmallBodiesAP.cpp	?rva00575DC2@Rva00575DC2@@QAEXH@Z	?rva0057590E@Rva0057590E@@QAEXH@Z	0x0057590E	unowned
Code/GameEngine/Source/Common/VslotSmallBodiesAP.cpp	?rva00575DCA@Rva00575DCA@@QAEXH@Z	?rva005759A5@Rva005759A5@@QAEXH@Z	0x005759A5	unowned
Code/GameEngine/Source/Common/VslotSmallBodiesAP.cpp	?rva00575DD2@Rva00575DD2@@QAEXH@Z	?rva00575A3F@Rva00575A3F@@QAEXH@Z	0x00575A3F	unowned
Code/GameEngine/Source/Common/VslotSmallBodiesAP.cpp	?rva00576DCD@Rva00576DCD@@QAEXXZ	?rva00576D0D@Rva00576D0D@@QAEXXZ	0x00576D0D	unowned
Code/GameEngine/Source/Common/VslotSmallBodiesAP.cpp	?rva005772FA@Rva005772FA@@QAEXXZ	?rva0057718D@Rva0057718D@@QAEXXZ	0x0057718D	unowned
Code/GameEngine/Source/Common/VslotSmallBodiesAP.cpp	?rva0057A362@Rva0057A362@@QAEXH@Z	?rva005D46E3@Rva005D46E3@@QAEXH@Z	0x005D46E3	unowned
Code/GameEngine/Source/Common/VslotSmallBodiesAP.cpp	?rva005C3596@Rva005C3596@@QAEXXZ	?rva005C3453@Rva005C3453@@QAEXXZ	0x005C3453	unowned
Code/GameEngine/Source/Common/VslotSmallBodiesAP.cpp	?rva005C359E@Rva005C359E@@QAEXXZ	?rva005C349D@Rva005C349D@@QAEXXZ	0x005C349D	unowned
Code/GameEngine/Source/Common/VslotSmallBodiesAP.cpp	?rva005CEA35@Rva005CEA35@@QAEXXZ	?rva005CEA1C@Rva005CEA1C@@QAEXXZ	0x005CEA1C	unowned
Code/GameEngine/Source/Common/VslotSmallBodiesAP.cpp	?rva005CF8DB@Rva005CF8DB@@QAEXXZ	?rva00574192@Rva00574192@@QAEXXZ	0x00574192	unowned
Code/GameEngine/Source/Common/VslotSmallBodiesAP.cpp	?rva005F3FF4@Rva005F3FF4@@QAEXXZ	?rva005F3F9A@Rva005F3F9A@@QAEXXZ	0x005F3F9A	unowned
Code/GameEngine/Source/Common/VslotSmallBodiesAP.cpp	?rva005F41AF@Rva005F41AF@@QAEXXZ	?rva005F40B0@Rva005F40B0@@QAEXXZ	0x005F40B0	unowned
Code/GameEngine/Source/Common/VslotSmallBodiesAQ.cpp	?rva00082E12@Rva00082E12@@UAEXH@Z	?rva00082D6A@Rva00082D6A@@QAEXXZ	0x00082D6A	unowned
Code/GameEngine/Source/Common/VslotSmallBodiesAQ.cpp	?rva005E19BF@Rva005E19BF@@UAEXH@Z	?rva005E1928@Rva005E1928@@QAEXXZ	0x005E1928	unowned
Code/GameEngine/Source/Common/VslotSmallBodiesAR.cpp	??_GRva0040FB4A@@QAEPAXI@Z	??1Rva0040FB4A@@QAE@XZ	0x0040FB4A	unowned
Code/GameEngine/Source/Common/VslotSmallBodiesAR.cpp	??_GRva0044455C@@QAEPAXI@Z	??1Rva0044455C@@QAE@XZ	0x0044455C	unowned
Code/GameEngine/Source/Common/VslotSmallBodiesAR.cpp	??_GRva004AF17D@@QAEPAXI@Z	??1Rva004AF17D@@QAE@XZ	0x004AF17D	unowned
Code/GameEngine/Source/Common/VslotSmallBodiesAR.cpp	??_GRva006022CA@@QAEPAXI@Z	??1Rva006022CA@@QAE@XZ	0x006022CA	unowned
Code/GameEngine/Source/Common/VslotSmallBodiesAS.cpp	??_GRva005B4A46@@QAEPAXI@Z	??1Rva005B4A46@@QAE@XZ	0x005B4A46	unowned
Code/GameEngine/Source/Common/VslotSmallBodiesAS.cpp	??_GRva005D63CB@@QAEPAXI@Z	??1Rva005D63CB@@QAE@XZ	0x005D63CB	unowned
Code/GameEngine/Source/Common/VslotSmallBodiesAS.cpp	??_GRva005EB095@@QAEPAXI@Z	??1Rva005EB095@@QAE@XZ	0x005EB095	unowned
Code/GameEngine/Source/Common/VslotSmallBodiesB.cpp	?rva0004E3A6@Rva0004E3A6@@QAEXH@Z	?rva002D7E68@Rva0004E3A6@@QAEXH@Z	0x002D7E68	unowned
Code/GameEngine/Source/Common/VslotSmallBodiesB.cpp	?rva00062A1C@Rva00062A1C@@QAEXH@Z	?Rva000A90B0@@YAXH@Z	0x000A90B0	unowned
Code/GameEngine/Source/Common/VslotSmallBodiesB.cpp	?rva000B7C18@Rva000B7C18@@QAEXXZ	?rva000B5FE6@Rva000B7C18@@QAEXXZ	0x000B5FE6	unowned
Code/GameEngine/Source/Common/VslotSmallBodiesB.cpp	?rva00261D01@Rva00261D01@@QAEXPAURva00261D01Holder@@@Z	?rva00261C89@Rva00261C89@@QAEXXZ	0x00261C89	unowned
Code/GameEngine/Source/Common/VslotSmallBodiesS.cpp	?rva0044FC52@Rva00490628@@UAE_NXZ	?rva0044FC52@SpecialAbilityUpdate@@UAE_NXZ	0x0044FC52	unowned
Code/GameEngine/Source/Common/VslotSmallBodiesS.cpp	?rva0050B95B@Rva0050B95B@@QAEXHH@Z	?notify@Rva0020AA00Target@@QAEXHH@Z	0x0033CF34	unowned
Code/GameEngine/Source/Common/VslotSmallBodiesT.cpp	?rva005EE2CF@Rva005EE2CF@@QAEXPAVObject@@@Z	?rva00297149@Object@@QAEXPBVCommandButton@@PBUCoord3D@@HH@Z	0x00297149	unowned
Code/GameEngine/Source/Common/VslotSmallBodiesV.cpp	?rva000FBA0F@Rva000FBA0F@@QAE_NPA_NH@Z	?startRenderToTexture@W3DShaderManager@@SAXXZ	0x00075BD8	unowned
Code/GameEngine/Source/Common/VslotSmallBodiesV.cpp	?rva001E30F5@Rva001E30F5@@QAEXHH@Z	?notify@Rva0020AA00Target@@QAEXHH@Z	0x0033CF34	unowned
Code/GameEngine/Source/Common/VslotVbaseDeletingDtors.cpp	??_GRva002E4049@@QAEPAXI@Z	??1Rva002E4049@@QAE@XZ	0x002E4049	unowned
Code/GameEngine/Source/Common/VslotVbaseDeletingDtors.cpp	??_GRva0030902E@@UAEPAXI@Z	??1Rva0030902E@@UAE@XZ	0x0030902E	unowned
Code/GameEngine/Source/Common/VslotVbaseDeletingDtors.cpp	??_GRva0030C40A@@UAEPAXI@Z	??1Rva0030C40A@@UAE@XZ	0x0030C40A	unowned
Code/GameEngine/Source/Common/VslotVbaseDeletingDtors.cpp	??_GRva0030CDCA@@UAEPAXI@Z	??1Rva0030CDCA@@UAE@XZ	0x0030CDCA	unowned
Code/GameEngine/Source/Common/VslotVbaseDeletingDtors.cpp	??_GRva00538133@@QAEPAXI@Z	??1Rva00538133@@QAE@XZ	0x00538133	unowned
Code/GameEngine/Source/Common/VslotVbaseDeletingDtors.cpp	??_GRva005CD9C0@@QAEPAXI@Z	??1Rva005CD9C0@@QAE@XZ	0x005CD9C0	unowned
Code/GameEngine/Source/Common/VslotVbaseDeletingDtors.cpp	??_GRva005CDCEE@@QAEPAXI@Z	??1Rva005CDCEE@@QAE@XZ	0x005CDCEE	unowned
Code/GameEngine/Source/Common/VslotVbaseDeletingDtors.cpp	??_GRva005E54F7@@QAEPAXI@Z	??1Rva005E54F7@@QAE@XZ	0x005E54F7	unowned
Code/GameEngine/Source/Common/VslotVbaseDeletingDtors.cpp	??_GRva005E6F9D@@QAEPAXI@Z	??1Rva005E6F9D@@QAE@XZ	0x005E6F9D	unowned
Code/GameEngine/Source/Common/WatchdogDtor.cpp	??1Watchdog@@UAE@XZ	??1ThreadClass@@UAE@XZ	0x00610480	wrong
Code/GameEngine/Source/Common/WeaponRebuildScatterTargets.cpp	?rebuildScatterTargets@Weapon@@IAEXXZ	?push_back@?$vector@JV?$allocator@J@_STL@@@_STL@@QAEXABJ@Z	0x004DFCB0	wrong
Code/GameEngine/Source/Common/discrete_circle.cpp	??0DiscreteCircle@@QAE@HHH@Z	??0?$_Vector_base@UHorzLine@@V?$allocator@UHorzLine@@@_STL@@@_STL@@QAE@ABV?$allocator@UHorzLine@@@1@@Z	0x00211E58	wrong
Code/GameEngine/Source/Common/discrete_circle.cpp	??0DiscreteCircle@@QAE@HHH@Z	?reserve@?$vector@UHorzLine@@V?$allocator@UHorzLine@@@_STL@@@_STL@@QAEXI@Z	0x003B0224	wrong
Code/GameEngine/Source/Common/discrete_circle.cpp	?generateEdgePairs@DiscreteCircle@@IAEXHHH@Z	?push_back@?$vector@UHorzLine@@V?$allocator@UHorzLine@@@_STL@@@_STL@@QAEXABUHorzLine@@@Z	0x002DF89B	wrong
Code/GameEngine/Source/Common/discrete_circle.cpp	?removeDuplicates@DiscreteCircle@@IAEXXZ	?erase@?$vector@UHorzLine@@V?$allocator@UHorzLine@@@_STL@@@_STL@@QAEPAUHorzLine@@PAU3@@Z	0x0034C117	wrong
Code/GameEngine/Source/GameClient/CameraMarkerListFind.cpp	??1CameraMarker@@QAE@XZ	??1AsciiString@@QAE@XZ	0x00036410	divergent
Code/GameEngine/Source/GameClient/CameraMarkerListFind.cpp	??4CameraMarker@@QAEAAU0@ABU0@@Z	??4AsciiString@@QAEAAV0@ABV0@@Z	0x000366F0	divergent
Code/GameEngine/Source/GameClient/DebugCommandMap_Rva001DB4CF.cpp	?parseDebugCommandMap@@YAXPAVINI@@@Z	??1DebugCommandMapEntry@@QAE@XZ	0x001DB48E	wrong
Code/GameEngine/Source/GameClient/Drawable/Update/AnimatedParticleSysBoneClientUpdateCtor.cpp	?rva000D17BA@W3DTornadoDraw@@AAEXH@Z	?update@RadiusDecal@@QAEXXZ	0x00330F98	unowned
Code/GameEngine/Source/GameClient/Drawable/Update/UpgradeSoundSelectorClientBehaviorSlots01.cpp	?rva004CB3F8@UpgradeSoundSelectorClientBehavior@@UAE_NHPAURva002C99FB@@@Z	?rva004CB167@Rva004CB51CEntry@@QAE?AURva002C99FB@@H@Z	0x004CB167	unowned
Code/GameEngine/Source/GameClient/Drawable/Update/UpgradeSoundSelectorClientBehaviorSlots01.cpp	?rva004CB3F8@UpgradeSoundSelectorClientBehavior@@UAE_NHPAURva002C99FB@@@Z	?rva004CB333@Rva004CB51CEntry@@QAE_NPAVObject@@@Z	0x004CB333	unowned
Code/GameEngine/Source/GameClient/Drawable/Update/UpgradeSoundSelectorClientBehaviorSlots01.cpp	?rva004CB48A@UpgradeSoundSelectorClientBehavior@@UAE_NABVAsciiString@@PAURva002C99FB@@@Z	?rva004CB2FB@Rva004CB51CEntry@@QAE?AURva002C99FB@@ABVAsciiString@@@Z	0x004CB2FB	unowned
Code/GameEngine/Source/GameClient/Drawable/Update/UpgradeSoundSelectorClientBehaviorSlots01.cpp	?rva004CB48A@UpgradeSoundSelectorClientBehavior@@UAE_NABVAsciiString@@PAURva002C99FB@@@Z	?rva004CB333@Rva004CB51CEntry@@QAE_NPAVObject@@@Z	0x004CB333	unowned
Code/GameEngine/Source/GameClient/DrawableRva002791E7.cpp	?rva002791E7@Drawable@@QAEXABVModelConditionFlags@@II@Z	?rva002784EB@Drawable@@QAEXXZ	0x002784EB	unowned
Code/GameEngine/Source/GameClient/Drawable_rva00272AD5.cpp	?rva00272AD5@Drawable@@QAEPAVObject@@XZ	??0Rva0027231F@@QAE@ABVBfmeFixedStorage0004543D@@@Z	0x0027231F	unowned
Code/GameEngine/Source/GameClient/Drawable_rva00275545.cpp	?rva002754E3@Drawable@@QAEXXZ	?bfmeAskBIC@BfmeSubBIC@@QAEHXZ	0x00290FC9	unowned
Code/GameEngine/Source/GameClient/EvaBucketEnsure.cpp	?rva003F797C@Rva000427195@@QAEPAXPAXPBVAsciiString@@@Z	?rva00212858@Rva000427195@@QAEXI@Z	0x00212858	unowned
Code/GameEngine/Source/GameClient/EvaMessageVectorAssign.cpp	??$_Construct@UEvaMessageInfo@@U1@@_STL@@YAXPAUEvaMessageInfo@@ABU1@@Z	??0EvaMessageInfo@@QAE@ABU0@@Z	0x003F5F89	unowned
Code/GameEngine/Source/GameClient/EvaMessageVectorAssign.cpp	??4?$vector@UEvaMessageInfo@@V?$allocator@UEvaMessageInfo@@@_STL@@@_STL@@QAEAAV01@ABV01@@Z	??$_Destroy@PAUEvaMessageInfo@@@_STL@@YAXPAUEvaMessageInfo@@0@Z	0x000AFF52	divergent
Code/GameEngine/Source/GameClient/EvaMessageVectorAssign.cpp	??4?$vector@UEvaMessageInfo@@V?$allocator@UEvaMessageInfo@@@_STL@@@_STL@@QAEAAV01@ABV01@@Z	??$__copy_ptrs@PBUEvaMessageInfo@@PAU1@@_STL@@YAPAUEvaMessageInfo@@PBU1@0PAU1@ABU__false_type@0@@Z	0x00101F89	wrong
Code/GameEngine/Source/GameClient/EvaMessageVectorAssign.cpp	?_M_fill_insert@?$vector@UEvaMessageInfo@@V?$allocator@UEvaMessageInfo@@@_STL@@@_STL@@QAEXPAUEvaMessageInfo@@IABU3@@Z	??$__copy_backward_ptrs@PAUEvaMessageInfo@@PAU1@@_STL@@YAPAUEvaMessageInfo@@PAU1@00ABU__false_type@0@@Z	0x003F643D	wrong
Code/GameEngine/Source/GameClient/EvaMessageVectorAssign.cpp	?_M_fill_insert@?$vector@UEvaMessageInfo@@V?$allocator@UEvaMessageInfo@@@_STL@@@_STL@@QAEXPAUEvaMessageInfo@@IABU3@@Z	??$fill@PAUEvaMessageInfo@@U1@@_STL@@YAXPAUEvaMessageInfo@@0ABU1@@Z	0x003F645A	wrong
Code/GameEngine/Source/GameClient/EvaMessageVectorAssign.cpp	?_M_fill_insert@?$vector@UEvaMessageInfo@@V?$allocator@UEvaMessageInfo@@@_STL@@@_STL@@QAEXPAUEvaMessageInfo@@IABU3@@Z	??$uninitialized_fill_n@PAUEvaMessageInfo@@IU1@@_STL@@YAPAUEvaMessageInfo@@PAU1@IABU1@@Z	0x003F636D	wrong
Code/GameEngine/Source/GameClient/EvaMessageVectorAssign.cpp	?_M_fill_insert@?$vector@UEvaMessageInfo@@V?$allocator@UEvaMessageInfo@@@_STL@@@_STL@@QAEXPAUEvaMessageInfo@@IABU3@@Z	??0EvaMessageInfo@@QAE@ABU0@@Z	0x003F5F89	unowned
Code/GameEngine/Source/GameClient/EvaMessageVectorAssign.cpp	?_M_fill_insert@?$vector@UEvaMessageInfo@@V?$allocator@UEvaMessageInfo@@@_STL@@@_STL@@QAEXPAUEvaMessageInfo@@IABU3@@Z	?_M_insert_overflow@?$vector@UEvaMessageInfo@@V?$allocator@UEvaMessageInfo@@@_STL@@@_STL@@IAEXPAUEvaMessageInfo@@ABU3@ABU__false_type@2@I_N@Z	0x003F6B24	wrong
Code/GameEngine/Source/GameClient/EvaMessageVectorDtor.cpp	??1?$vector@UEvaMessageInfo@@V?$allocator@UEvaMessageInfo@@@_STL@@@_STL@@QAE@XZ	??$_Destroy@PAUEvaMessageInfo@@@_STL@@YAXPAUEvaMessageInfo@@0@Z	0x000AFF52	divergent
Code/GameEngine/Source/GameClient/FXList.cpp	??0FXList@@QAE@ABV0@@Z	??0?$list@PAVFXNugget@@V?$allocator@PAVFXNugget@@@_STL@@@_STL@@QAE@ABV01@@Z	0x000365F0	divergent
Code/GameEngine/Source/GameClient/FXList.cpp	?_M_delete_node@?$hashtable@U?$pair@$$CBW4NameKeyType@@VFXList@@@_STL@@W4NameKeyType@@U?$hash@W4NameKeyType@@@rts@@U?$_Select1st@U?$pair@$$CBW4NameKeyType@@VFXList@@@_STL@@@2@U?$equal_to@W4NameKeyType@@@5@V?$allocator@U?$pair@$$CBW4NameKeyType@@VFXList@@@_STL@@@2@@_STL@@AAEXPAU?$_Hashtable_node@U?$pair@$$CBW4NameKeyType@@VFXList@@@_STL@@@2@@Z	??1?$pair@$$CBW4NameKeyType@@VFXList@@@_STL@@QAE@XZ	0x0007FAB3	wrong
Code/GameEngine/Source/GameClient/FXList.cpp	?clear@FXList@@QAEXXZ	?clear@?$_List_base@PAVFXNugget@@V?$allocator@PAVFXNugget@@@_STL@@@_STL@@QAEXXZ	0x0023DAA5	divergent
Code/GameEngine/Source/GameClient/FXList.cpp	?doFXObj@ParticleSystemFXNugget@@UBEXPBVObject@@0@Z	?call@Rva001E19E8CallView@@QBEXPBUCoord3D@@PBVMatrix3D@@PBVObject@@2@Z	0x001E19E8	unowned
Code/GameEngine/Source/GameClient/FXListAtBonePosFXNugget_doFxAtBones.cpp	?doFxAtBones@FXListAtBonePosFXNugget@@IBEXPBVObject@@H@Z	?convertBonePosToWorldPos@Thing@@QBEXPBUCoord3D@@PBVMatrix3D@@PAU2@PAV3@@Z	0x0030A528	unowned
Code/GameEngine/Source/GameClient/FXListAtBonePosFXNugget_doFxAtBones.cpp	?doFxAtBones@FXListAtBonePosFXNugget@@IBEXPBVObject@@H@Z	?rva001E2EF1@FXList@@QBE_NXZ	0x001E2EF1	unowned
Code/GameEngine/Source/GameClient/FXListNuggetParse.cpp	?addFXNugget@FXList@@QAEXPAVFXNugget@@@Z	?push_back@?$list@PAVFXNugget@@V?$allocator@PAVFXNugget@@@_STL@@@_STL@@QAEXABQAVFXNugget@@@Z	0x0005548F	wrong
Code/GameEngine/Source/GameClient/FXListNuggetParse.cpp	?parse@AttachedModelFXNugget@@SAXPAVINI@@PAX1PBX@Z	?push_back@?$list@PAVFXNugget@@V?$allocator@PAVFXNugget@@@_STL@@@_STL@@QAEXABQAVFXNugget@@@Z	0x0005548F	wrong
Code/GameEngine/Source/GameClient/FXListNuggetParse.cpp	?parse@BuffNuggetFXNugget@@SAXPAVINI@@PAX1PBX@Z	?push_back@?$list@PAVFXNugget@@V?$allocator@PAVFXNugget@@@_STL@@@_STL@@QAEXABQAVFXNugget@@@Z	0x0005548F	wrong
Code/GameEngine/Source/GameClient/FXListNuggetParse.cpp	?parse@CameraShakerVolumeFXNugget@@SAXPAVINI@@PAX1PBX@Z	?push_back@?$list@PAVFXNugget@@V?$allocator@PAVFXNugget@@@_STL@@@_STL@@QAEXABQAVFXNugget@@@Z	0x0005548F	wrong
Code/GameEngine/Source/GameClient/FXListNuggetParse.cpp	?parse@CursorParticleSystemFXNugget@@SAXPAVINI@@PAX1PBX@Z	?push_back@?$list@PAVFXNugget@@V?$allocator@PAVFXNugget@@@_STL@@@_STL@@QAEXABQAVFXNugget@@@Z	0x0005548F	wrong
Code/GameEngine/Source/GameClient/FXListNuggetParse.cpp	?parse@DynamicDecalFXNugget@@SAXPAVINI@@PAX1PBX@Z	?push_back@?$list@PAVFXNugget@@V?$allocator@PAVFXNugget@@@_STL@@@_STL@@QAEXABQAVFXNugget@@@Z	0x0005548F	wrong
Code/GameEngine/Source/GameClient/FXListNuggetParse.cpp	?parse@EvaEventFXNugget@@SAXPAVINI@@PAX1PBX@Z	?push_back@?$list@PAVFXNugget@@V?$allocator@PAVFXNugget@@@_STL@@@_STL@@QAEXABQAVFXNugget@@@Z	0x0005548F	wrong
Code/GameEngine/Source/GameClient/FXListNuggetParse.cpp	?parse@FXListAtBonePosFXNugget@@SAXPAVINI@@PAX1PBX@Z	?push_back@?$list@PAVFXNugget@@V?$allocator@PAVFXNugget@@@_STL@@@_STL@@QAEXABQAVFXNugget@@@Z	0x0005548F	wrong
Code/GameEngine/Source/GameClient/FXListNuggetParse.cpp	?parse@LaserFXNugget@@SAXPAVINI@@PAX1PBX@Z	?push_back@?$list@PAVFXNugget@@V?$allocator@PAVFXNugget@@@_STL@@@_STL@@QAEXABQAVFXNugget@@@Z	0x0005548F	wrong
Code/GameEngine/Source/GameClient/FXListNuggetParse.cpp	?parse@LightPulseFXNugget@@SAXPAVINI@@PAX1PBX@Z	?push_back@?$list@PAVFXNugget@@V?$allocator@PAVFXNugget@@@_STL@@@_STL@@QAEXABQAVFXNugget@@@Z	0x0005548F	wrong
Code/GameEngine/Source/GameClient/FXListNuggetParse.cpp	?parse@ParticleSystemFXNugget@@SAXPAVINI@@PAX1PBX@Z	?push_back@?$list@PAVFXNugget@@V?$allocator@PAVFXNugget@@@_STL@@@_STL@@QAEXABQAVFXNugget@@@Z	0x0005548F	wrong
Code/GameEngine/Source/GameClient/FXListNuggetParse.cpp	?parse@RayEffectFXNugget@@SAXPAVINI@@PAX1PBX@Z	?push_back@?$list@PAVFXNugget@@V?$allocator@PAVFXNugget@@@_STL@@@_STL@@QAEXABQAVFXNugget@@@Z	0x0005548F	wrong
Code/GameEngine/Source/GameClient/FXListNuggetParse.cpp	?parse@SoundFXNugget@@SAXPAVINI@@PAX1PBX@Z	?push_back@?$list@PAVFXNugget@@V?$allocator@PAVFXNugget@@@_STL@@@_STL@@QAEXABQAVFXNugget@@@Z	0x0005548F	wrong
Code/GameEngine/Source/GameClient/FXListNuggetParse.cpp	?parse@TerrainScorchFXNugget@@SAXPAVINI@@PAX1PBX@Z	??0TerrainScorchFXNugget@@QAE@XZ	0x001E08D9	unowned
Code/GameEngine/Source/GameClient/FXListNuggetParse.cpp	?parse@TerrainScorchFXNugget@@SAXPAVINI@@PAX1PBX@Z	?push_back@?$list@PAVFXNugget@@V?$allocator@PAVFXNugget@@@_STL@@@_STL@@QAEXABQAVFXNugget@@@Z	0x0005548F	wrong
Code/GameEngine/Source/GameClient/FXListNuggetParse.cpp	?parse@TintDrawableFXNugget@@SAXPAVINI@@PAX1PBX@Z	?push_back@?$list@PAVFXNugget@@V?$allocator@PAVFXNugget@@@_STL@@@_STL@@QAEXABQAVFXNugget@@@Z	0x0005548F	wrong
Code/GameEngine/Source/GameClient/FXListNuggetParse.cpp	?parse@ViewShakeFXNugget@@SAXPAVINI@@PAX1PBX@Z	?push_back@?$list@PAVFXNugget@@V?$allocator@PAVFXNugget@@@_STL@@@_STL@@QAEXABQAVFXNugget@@@Z	0x0005548F	wrong
Code/GameEngine/Source/GameClient/FXListStaticDoFXObj.cpp	?doFXObj@FXList@@SAXPBV1@PBVObject@@1@Z	?rva001E2EF1@FXList@@QBE_NXZ	0x001E2EF1	unowned
Code/GameEngine/Source/GameClient/FXListStaticDoFXPos.cpp	?doFXPos@FXList@@SAXPBV1@PBUCoord3D@@PBVMatrix3D@@M1@Z	?rva001E2EF1@FXList@@QBE_NXZ	0x001E2EF1	unowned
Code/GameEngine/Source/GameClient/FXListVectorInsertOverflow.cpp	??0?$vector@VFXList@@V?$allocator@VFXList@@@_STL@@@_STL@@QAE@ABV01@@Z	??0?$_Vector_base@VFXList@@V?$allocator@VFXList@@@_STL@@@_STL@@QAE@IABV?$allocator@VFXList@@@1@@Z	0x000B6378	wrong
Code/GameEngine/Source/GameClient/FXListVectorInsertOverflow.cpp	?_M_insert_overflow@?$vector@VFXList@@V?$allocator@VFXList@@@_STL@@@_STL@@IAEXPAVFXList@@ABV3@ABU__false_type@2@I_N@Z	?_M_clear@?$vector@VFXList@@V?$allocator@VFXList@@@_STL@@@_STL@@IAEXXZ	0x005659CA	wrong
Code/GameEngine/Source/GameClient/FXParticleSystemFactories.cpp	??1TerrainCollisionModuleTemplate@FXParticleSystem@@UAE@XZ	??1TerrainCollisionModuleInfo@FXParticleSystem@@UAE@XZ	0x003A9F8A	wrong
Code/GameEngine/Source/GameClient/FXParticleSystemFactories.cpp	?clone@?$ConcreteModuleTemplate@V?$ModuleTag@$01$E?RENDEROBJECT_UPDATE_MODULE_KEY@FXParticleSystem@@3QBDB$E?RENDEROBJECT_UPDATE_MODULE_NAME@2@3QBDBVRenderObjectUpdateModule@2@VRenderObjectUpdateModuleTemplate@2@V?$DefaultParticleModule@$01@2@@FXParticleSystem@@@FXParticleSystem@@UBEPAVRenderObjectUpdateModuleTemplate@2@XZ	??0?$ConcreteModuleTemplate@V?$ModuleTag@$01$E?RENDEROBJECT_UPDATE_MODULE_KEY@FXParticleSystem@@3QBDB$E?RENDEROBJECT_UPDATE_MODULE_NAME@2@3QBDBVRenderObjectUpdateModule@2@VRenderObjectUpdateModuleTemplate@2@V?$DefaultParticleModule@$01@2@@FXParticleSystem@@@FXParticleSystem@@QAE@ABV01@@Z	0x003AEA15	wrong
Code/GameEngine/Source/GameClient/FXParticleSystemFactories.cpp	?createTemplate@?$ConcreteModuleClass@V?$ModuleTag@$01$E?RENDEROBJECT_UPDATE_MODULE_KEY@FXParticleSystem@@3QBDB$E?RENDEROBJECT_UPDATE_MODULE_NAME@2@3QBDBVRenderObjectUpdateModule@2@VRenderObjectUpdateModuleTemplate@2@V?$DefaultParticleModule@$01@2@@FXParticleSystem@@@FXParticleSystem@@UBEPAVRenderObjectUpdateModuleTemplate@2@PAVINI@@@Z	??0?$ConcreteModuleTemplate@V?$ModuleTag@$01$E?RENDEROBJECT_UPDATE_MODULE_KEY@FXParticleSystem@@3QBDB$E?RENDEROBJECT_UPDATE_MODULE_NAME@2@3QBDBVRenderObjectUpdateModule@2@VRenderObjectUpdateModuleTemplate@2@V?$DefaultParticleModule@$01@2@@FXParticleSystem@@@FXParticleSystem@@QAE@XZ	0x003A8D15	wrong
Code/GameEngine/Source/GameClient/FXParticleSystemFactories.cpp	?createTemplate@?$ConcreteModuleClass@V?$ModuleTag@$01$E?RENDEROBJECT_UPDATE_MODULE_KEY@FXParticleSystem@@3QBDB$E?RENDEROBJECT_UPDATE_MODULE_NAME@2@3QBDBVRenderObjectUpdateModule@2@VRenderObjectUpdateModuleTemplate@2@V?$DefaultParticleModule@$01@2@@FXParticleSystem@@@FXParticleSystem@@UBEPAVRenderObjectUpdateModuleTemplate@2@XZ	??0?$ConcreteModuleTemplate@V?$ModuleTag@$01$E?RENDEROBJECT_UPDATE_MODULE_KEY@FXParticleSystem@@3QBDB$E?RENDEROBJECT_UPDATE_MODULE_NAME@2@3QBDBVRenderObjectUpdateModule@2@VRenderObjectUpdateModuleTemplate@2@V?$DefaultParticleModule@$01@2@@FXParticleSystem@@@FXParticleSystem@@QAE@XZ	0x003A8D15	wrong
Code/GameEngine/Source/GameClient/GUI/AnimateWindowManager.cpp	??0AnimateWindowManager@@QAE@XZ	??0?$_List_base@PAVAnimateWindow@@V?$allocator@PAVAnimateWindow@@@_STL@@@_STL@@QAE@ABV?$allocator@PAVAnimateWindow@@@1@@Z	0x004EC36C	wrong
Code/GameEngine/Source/GameClient/GUI/AnimateWindowManager.cpp	??0AnimateWindowManager@@QAE@XZ	?clear@?$_List_base@PAVAnimateWindow@@V?$allocator@PAVAnimateWindow@@@_STL@@@_STL@@QAEXXZ	0x0023DAA5	wrong
Code/GameEngine/Source/GameClient/GUI/AnimateWindowManager.cpp	??1AnimateWindowManager@@UAE@XZ	??1?$_List_base@PAVAnimateWindow@@V?$allocator@PAVAnimateWindow@@@_STL@@@_STL@@QAE@XZ	0x004EC395	wrong
Code/GameEngine/Source/GameClient/GUI/AnimateWindowManager.cpp	?registerGameWindow@AnimateWindowManager@@QAEXPAVGameWindow@@W4AnimTypes@@_NII@Z	?bfmePushBack@BFMEAnimateWindowListPush@@QAEXABQAVAnimateWindow@@@Z	0x0005548F	wrong
Code/GameEngine/Source/GameClient/GUI/AptGlobalQueryCallbacks.cpp	?OnClickThroughPress@@YAXPBD@Z	?rva00432AA2@Rva0043283C@@QAEXXZ	0x00432AA2	unowned
Code/GameEngine/Source/GameClient/GUI/AptGlobalQueryCallbacks.cpp	?OnClickThroughRelease@@YAXPBD@Z	?rva00432AC5@Rva0043283C@@QAEXXZ	0x00432AC5	unowned
Code/GameEngine/Source/GameClient/GUI/AptScreenClose.cpp	??$for_each@U?$_Ht_iterator@U?$pair@$$CBVAsciiString@@UWindowRecord@@@_STL@@U?$_Nonconst_traits@U?$pair@$$CBVAsciiString@@UWindowRecord@@@_STL@@@2@VAsciiString@@U?$hash@VAsciiString@@@rts@@U?$_Select1st@U?$pair@$$CBVAsciiString@@UWindowRecord@@@_STL@@@2@U?$equal_to@VAsciiString@@@6@V?$allocator@U?$pair@$$CBVAsciiString@@UWindowRecord@@@_STL@@@2@@_STL@@UNameClearFunctor00462540@@@_STL@@YA?AUNameClearFunctor00462540@@U?$_Ht_iterator@U?$pair@$$CBVAsciiString@@UWindowRecord@@@_STL@@U?$_Nonconst_traits@U?$pair@$$CBVAsciiString@@UWindowRecord@@@_STL@@@2@VAsciiString@@U?$hash@VAsciiString@@@rts@@U?$_Select1st@U?$pair@$$CBVAsciiString@@UWindowRecord@@@_STL@@@2@U?$equal_to@VAsciiString@@@6@V?$allocator@U?$pair@$$CBVAsciiString@@UWindowRecord@@@_STL@@@2@@0@0U1@@Z	??E?$_Ht_iterator@U?$pair@$$CBVAsciiString@@UWindowRecord@@@_STL@@U?$_Nonconst_traits@U?$pair@$$CBVAsciiString@@UWindowRecord@@@_STL@@@2@VAsciiString@@U?$hash@VAsciiString@@@rts@@U?$_Select1st@U?$pair@$$CBVAsciiString@@UWindowRecord@@@_STL@@@2@U?$equal_to@VAsciiString@@@6@V?$allocator@U?$pair@$$CBVAsciiString@@UWindowRecord@@@_STL@@@2@@_STL@@QAEAAU01@XZ	0x00411084	wrong
Code/GameEngine/Source/GameClient/GUI/AptScreenClose.cpp	?erase@?$hashtable@U?$pair@$$CBVAsciiString@@URva00461A00Mapped@@@_STL@@VAsciiString@@U?$hash@VAsciiString@@@rts@@U?$_Select1st@U?$pair@$$CBVAsciiString@@URva00461A00Mapped@@@_STL@@@2@U?$equal_to@VAsciiString@@@2@V?$allocator@U?$pair@$$CBVAsciiString@@URva00461A00Mapped@@@_STL@@@2@@_STL@@QAEIABVAsciiString@@@Z	?_M_bkt_num_key@?$hashtable@U?$pair@$$CBVAsciiString@@URva00461A00Mapped@@@_STL@@VAsciiString@@U?$hash@VAsciiString@@@rts@@U?$_Select1st@U?$pair@$$CBVAsciiString@@URva00461A00Mapped@@@_STL@@@2@U?$equal_to@VAsciiString@@@2@V?$allocator@U?$pair@$$CBVAsciiString@@URva00461A00Mapped@@@_STL@@@2@@_STL@@ABEIABVAsciiString@@@Z	0x00223149	wrong
Code/GameEngine/Source/GameClient/GUI/AptScreenClose.cpp	?erase@?$hashtable@U?$pair@$$CBVAsciiString@@URva00461A00Mapped@@@_STL@@VAsciiString@@U?$hash@VAsciiString@@@rts@@U?$_Select1st@U?$pair@$$CBVAsciiString@@URva00461A00Mapped@@@_STL@@@2@U?$equal_to@VAsciiString@@@2@V?$allocator@U?$pair@$$CBVAsciiString@@URva00461A00Mapped@@@_STL@@@2@@_STL@@QAEIABVAsciiString@@@Z	?_M_delete_node@?$hashtable@U?$pair@$$CBVAsciiString@@URva00461A00Mapped@@@_STL@@VAsciiString@@U?$hash@VAsciiString@@@rts@@U?$_Select1st@U?$pair@$$CBVAsciiString@@URva00461A00Mapped@@@_STL@@@2@U?$equal_to@VAsciiString@@@2@V?$allocator@U?$pair@$$CBVAsciiString@@URva00461A00Mapped@@@_STL@@@2@@_STL@@AAEXPAU?$_Hashtable_node@U?$pair@$$CBVAsciiString@@URva00461A00Mapped@@@_STL@@@2@@Z	0x00410AAB	wrong
Code/GameEngine/Source/GameClient/GUI/AptScreenFactories_Rva002d20d3.cpp	?createAptScreenQuickMatchMenu@@YGPAXPAX@Z	??0BfmeAptScreenQuickMatchMenu@@QAE@PAX@Z	0x00436259	unowned
Code/GameEngine/Source/GameClient/GUI/BfmeAptWindowManagerSetText.cpp	?bfmeSetText@BfmeAptWindowManager@@QAEXABVAsciiString@@ABVUnicodeString@@_N@Z	?rva00224BDB@Rva00224BDBMap@@QAEAAVRva0022300F@@ABVAsciiString@@@Z	0x00224BDB	unowned
Code/GameEngine/Source/GameClient/GUI/BfmeAptWindowManagerSetText.cpp	?rva00225299@BfmeAptWindowManager@@QAEXABVAsciiString@@ABVUnicodeString@@PAVRva00222CCB@@@Z	?push_back@?$vector@PAVRva00222CCB@@V?$allocator@PAVRva00222CCB@@@_STL@@@_STL@@QAEXABQAVRva00222CCB@@@Z	0x004DFCB0	wrong
Code/GameEngine/Source/GameClient/GUI/BfmeAptWindowManagerSetText.cpp	?rva00225299@BfmeAptWindowManager@@QAEXABVAsciiString@@ABVUnicodeString@@PAVRva00222CCB@@@Z	?rva00224BDB@Rva00224BDBMap@@QAEAAVRva0022300F@@ABVAsciiString@@@Z	0x00224BDB	unowned
Code/GameEngine/Source/GameClient/GUI/ControlBar/CommandButtonIsReady.cpp	?isReady@CommandButton@@QBE_NPBVObject@@@Z	?bfmeHas985C@BfmeArg985@@QAEDH@Z	0x002940B9	unowned
Code/GameEngine/Source/GameClient/GUI/ControlBar/ControlBarReloadNotice.cpp	?rva0031E7F0@Rva0031DCF0@@QAE_NPA_N@Z	??E?$_Ht_iterator@U?$pair@$$CBVAsciiString@@PAVRva00409FFA@@@_STL@@U?$_Nonconst_traits@U?$pair@$$CBVAsciiString@@PAVRva00409FFA@@@_STL@@@2@VAsciiString@@U?$hash@VAsciiString@@@rts@@U?$_Select1st@U?$pair@$$CBVAsciiString@@PAVRva00409FFA@@@_STL@@@2@U?$equal_to@VAsciiString@@@2@V?$allocator@U?$pair@$$CBVAsciiString@@PAVRva00409FFA@@@_STL@@@2@@_STL@@QAEAAU01@XZ	0x00411084	wrong
Code/GameEngine/Source/GameClient/GUI/ControlBar/ControlBarReset.cpp	?reset@ControlBar@@QAEXXZ	?rva001DC42C@GameWindowTransitionsHandler@@QAEXVAsciiString@@_N@Z	0x001DC42C	unowned
Code/GameEngine/Source/GameClient/GUI/ControlBar/ControlBarResizerO1.cpp	??1ControlBarResizer@@QAE@XZ	??1?$_List_base@PAVResizerWindow@@V?$allocator@PAVResizerWindow@@@_STL@@@_STL@@QAE@XZ	0x004EC395	wrong
Code/GameEngine/Source/GameClient/GUI/ControlBar/ControlBarResizerO1.cpp	??1ControlBarResizer@@QAE@XZ	?clear@?$_List_base@PAVResizerWindow@@V?$allocator@PAVResizerWindow@@@_STL@@@_STL@@QAEXXZ	0x0023DAA5	wrong
Code/GameEngine/Source/GameClient/GUI/ControlBar/ControlBarResizerO1.cpp	??1ControlBarResizer@@QAE@XZ	?erase@?$list@PAVResizerWindow@@V?$allocator@PAVResizerWindow@@@_STL@@@_STL@@QAE?AU?$_List_iterator@PAVResizerWindow@@U?$_Nonconst_traits@PAVResizerWindow@@@_STL@@@2@U32@@Z	0x00438539	wrong
Code/GameEngine/Source/GameClient/GUI/ControlBar/ControlBarRva004C1B60_Rva00405DBC.cpp	?rva004C1B60@ControlBar@@QAEXPAVGameWindow@@PAX@Z	?bfmeShowDN@ControlBar@@QAEXPAUBfmeMsgDN@@@Z	0x00405C04	unowned
Code/GameEngine/Source/GameClient/GUI/ControlBar/ControlBarScheme_ControlBarSchemeManager_newControlBarScheme.cpp	?newControlBarScheme@ControlBarSchemeManager@@QAEPAVControlBarScheme@@VAsciiString@@@Z	?push_back@?$list@PAVControlBarScheme@@V?$allocator@PAVControlBarScheme@@@_STL@@@_STL@@QAEXABQAVControlBarScheme@@@Z	0x0005548F	wrong
Code/GameEngine/Source/GameClient/GUI/ControlBar/ControlBarScheme_ControlBarScheme_Ctor.cpp	??0ControlBarScheme@@QAE@XZ	??0?$_List_base@PAVControlBarSchemeAnimation@@V?$allocator@PAVControlBarSchemeAnimation@@@_STL@@@_STL@@QAE@ABV?$allocator@PAVControlBarSchemeAnimation@@@1@@Z	0x004EC36C	wrong
Code/GameEngine/Source/GameClient/GUI/ControlBar/ControlBarScheme_ControlBarScheme_Ctor.cpp	??0ControlBarScheme@@QAE@XZ	??_F?$list@PAVControlBarSchemeImage@@V?$allocator@PAVControlBarSchemeImage@@@_STL@@@_STL@@QAEXXZ	0x00320095	unowned
Code/GameEngine/Source/GameClient/GUI/ControlBar/ControlBarScheme_ControlBarScheme_Ctor.cpp	??0ControlBarScheme@@QAE@XZ	?clear@?$_List_base@PAVControlBarSchemeAnimation@@V?$allocator@PAVControlBarSchemeAnimation@@@_STL@@@_STL@@QAEXXZ	0x0023DAA5	wrong
Code/GameEngine/Source/GameClient/GUI/ControlBar/ControlBarScheme_ControlBarScheme_Ctor.cpp	??0ControlBarScheme@@QAE@XZ	?clear@?$_List_base@PAVControlBarSchemeImage@@V?$allocator@PAVControlBarSchemeImage@@@_STL@@@_STL@@QAEXXZ	0x0023DAA5	wrong
Code/GameEngine/Source/GameClient/GUI/ControlBar/ControlBar_Rva0031B99A.cpp	?switchControlBarStage@ControlBar@@QAEXW4ControlBarStages@@@Z	?setDefaultControlBarConfig@ControlBar@@IAEXXZ	0x0031B0CE	unowned
Code/GameEngine/Source/GameClient/GUI/FontLibraryFindRecord.cpp	?getFont@FontLibrary@@QAEPAVGameFont@@PBVAsciiString@@M_N@Z	?rva0021857E@FontLibrary@@QAEPAVGameFont@@PBVAsciiString@@M_NH@Z	0x0021857E	unowned
Code/GameEngine/Source/GameClient/GUI/FontLibraryInit.cpp	??0Rva00425F10@@QAE@XZ	??0?$map@HUBfmePod52@@U?$less@H@_STL@@V?$allocator@U?$pair@$$CBHUBfmePod52@@@_STL@@@3@@_STL@@QAE@XZ	0x004260FD	wrong
Code/GameEngine/Source/GameClient/GUI/FontLibraryInit.cpp	?parseStance@@YAXPAVINI@@PAX@Z	?parseMeleeBehavior@INI@@SAXPAV1@PAX1PBX@Z	0x004691B7	unowned
Code/GameEngine/Source/GameClient/GUI/GUICallbacks/Apt/AptCreateAHeroCallbacks.cpp	?OnShowScreen@AptCreateAHero@@QAEXPBD@Z	?rva005B1288@Rva005B1288@@QAEXXZ	0x005B1288	unowned
Code/GameEngine/Source/GameClient/GUI/GUICallbacks/Apt/AptIndexParse.cpp	?Rva005D2505Get@@YA_NPBDPAH@Z	?Rva004128F0GetParam@@YA_NPBD0AAVAsciiString@@@Z	0x004128F0	unowned
Code/GameEngine/Source/GameClient/GUI/GUICallbacks/Apt/AptMainMenuCallbacks.cpp	?CreditsExit@AptMainMenu@@QAEXPBD@Z	?rva0035BD5D@Shell@@QAE_NXZ	0x0035BD5D	unowned
Code/GameEngine/Source/GameClient/GUI/GUICallbacks/Apt/AptMainMenuCallbacks.cpp	?CreditsExit@AptMainMenu@@QAEXPBD@Z	?rva0035C2B9@Shell@@QAEXXZ	0x0035C2B9	unowned
Code/GameEngine/Source/GameClient/GUI/GUICallbacks/Apt/AptMainMenuCallbacks.cpp	?ResetResolution@AptMainMenu@@QAEXPBD@Z	?Rva0041267F@@YAXXZ	0x0041267F	unowned
Code/GameEngine/Source/GameClient/GUI/GUICallbacks/Apt/AptMessengerCallbacks.cpp	?InitGadgets@AptMessenger@@QAEXPBDPAXPAVGameWindow@@@Z	?rva005AFC4C@Rva005B000C@@QAEXPAVGameWindow@@@Z	0x005AFC4C	unowned
Code/GameEngine/Source/GameClient/GUI/GUICallbacks/Apt/AptMessengerCallbacks.cpp	?OnBttn_1@AptMessenger@@QAEXPBD@Z	?rva00511CE6@AptMessenger@@QAEXXZ	0x00511CE6	unowned
Code/GameEngine/Source/GameClient/GUI/GUICallbacks/Apt/AptMessengerCallbacks.cpp	?OnButtonSend@AptMessenger@@QAEXPBD@Z	?rva005B000C@Rva005B000C@@QAEXXZ	0x005B000C	unowned
Code/GameEngine/Source/GameClient/GUI/GUICallbacks/Apt/AptMessengerCallbacks.cpp	?rva00511826@AptMessenger@@QAEXXZ	??0Rva005AFA03@@QAE@XZ	0x005AF9EF	unowned
Code/GameEngine/Source/GameClient/GUI/GUICallbacks/Apt/AptMessengerCallbacks.cpp	?rva00511990@AptMessenger@@QAEHHII@Z	?rva005B00C8@Rva005B000C@@QAE_NHII@Z	0x005B00C8	unowned
Code/GameEngine/Source/GameClient/GUI/GUICallbacks/Apt/AptMessengerCallbacks.cpp	?rva00511E6D@AptMessenger@@QAEHXZ	?rva00511CE6@AptMessenger@@QAEXXZ	0x00511CE6	unowned
Code/GameEngine/Source/GameClient/GUI/GUICallbacks/Apt/AptMessengerCallbacks.cpp	?rva00511E6D@AptMessenger@@QAEHXZ	?rva005AFCB4@Rva005AFCEC@@QAEXH@Z	0x005AFCB4	unowned
Code/GameEngine/Source/GameClient/GUI/GUICallbacks/Apt/AptMpChatCallbacks.cpp	?InitGadgets@AptMpChat@@QAEXPBDPAXPAVGameWindow@@@Z	?rva005AFC4C@Rva005B000C@@QAEXPAVGameWindow@@@Z	0x005AFC4C	unowned
Code/GameEngine/Source/GameClient/GUI/GUICallbacks/Apt/AptMpChatCallbacks.cpp	?Send@AptMpChat@@QAEXPBD@Z	?rva005B000C@Rva005B000C@@QAEXXZ	0x005B000C	unowned
Code/GameEngine/Source/GameClient/GUI/GUICallbacks/Apt/AptMpClansCallbacks.cpp	?InitGadgets@AptMpClans@@QAEXPBDPAXPAVGameWindow@@@Z	?rva0057F5ED@AptMpClans@@QAEXXZ	0x0057F5ED	unowned
Code/GameEngine/Source/GameClient/GUI/GUICallbacks/Apt/AptMpGameRulesCallbacks.cpp	?InitGadgets@AptMpGameRules@@QAEXPBDPAXPAVGameWindow@@@Z	?rva0057ED2B@AptMpGameRules@@QAEXXZ	0x0057ED2B	unowned
Code/GameEngine/Source/GameClient/GUI/GUICallbacks/Apt/AptOnlineHomeCallbacks.cpp	?InitGadgets@OnlineHome@AptOnline@@QAEXPBDPAXPAVGameWindow@@@Z	?rva005B98E9@OnlineHome@AptOnline@@QAEXXZ	0x005B98E9	unowned
Code/GameEngine/Source/GameClient/GUI/GUICallbacks/Apt/AptOnlineHomeCallbacks.cpp	?OnOpened@OnlineHome@AptOnline@@QAEXPBD@Z	?rva005B977B@OnlineHome@AptOnline@@QAEXXZ	0x005B977B	unowned
Code/GameEngine/Source/GameClient/GUI/GUICallbacks/Apt/AptOnlineLoginLocale.cpp	?AcceptLocale@Login@AptOnline@@QAEXPBD@Z	?bfmeTailELB@BfmeObjELB@@QAEX_N@Z	0x0057179D	unowned
Code/GameEngine/Source/GameClient/GUI/GUICallbacks/Apt/AptOnlineQuickMatchCallbacks.cpp	?InitGadgets@OnlineQuickMatch@AptOnline@@QAEXPBDPAXPAVGameWindow@@@Z	?rva005BA803@OnlineQuickMatch@AptOnline@@QAEXXZ	0x005BA803	unowned
Code/GameEngine/Source/GameClient/GUI/GUICallbacks/Apt/AptOnlineShellScreens.cpp	?Rva00516D09@@YAPAUAptOnlineSubScreen@@PAVAptOnline@@@Z	??0Rva005B8F69@@QAE@PAVAptOnline@@@Z	0x005B8F69	unowned
Code/GameEngine/Source/GameClient/GUI/GUICallbacks/Apt/AptOnlineShellScreens.cpp	?Rva00516D4D@@YAPAUAptOnlineSubScreen@@PAVAptOnline@@@Z	??0Rva00572885@@QAE@PAVAptOnline@@@Z	0x00572885	unowned
Code/GameEngine/Source/GameClient/GUI/GUICallbacks/Apt/AptOnlineShellScreens.cpp	?Rva00516D91@@YAPAUAptOnlineSubScreen@@PAVAptOnline@@@Z	??0Rva005B9BBC@@QAE@PAVAptOnline@@@Z	0x005B9BBC	unowned
Code/GameEngine/Source/GameClient/GUI/GUICallbacks/Apt/AptOnlineShellScreens.cpp	?Rva00516E10@@YAPAUAptOnlineSubScreen@@PAVAptOnline@@@Z	??0Rva005BA28E@@QAE@PAVAptOnline@@@Z	0x005BA28E	unowned
Code/GameEngine/Source/GameClient/GUI/GUICallbacks/Apt/AptOnlineShellScreens.cpp	?Rva00516E4E@@YAPAUAptOnlineSubScreen@@PAVAptOnline@@@Z	??0Rva005BAB7E@@QAE@PAVAptOnline@@@Z	0x005BAB7E	unowned
Code/GameEngine/Source/GameClient/GUI/GUICallbacks/Apt/AptOptionsCallbacks.cpp	?EnterAdvancedSettings@AptOptions@@QAEXPBD@Z	?rva00202244@Rva00DFE144Globals@@QAEXHPAVOptionPreferences@@@Z	0x00202244	unowned
Code/GameEngine/Source/GameClient/GUI/GUICallbacks/Apt/AptOptionsCallbacks.cpp	?rva00518FEA@AptOptions@@QAEXHH@Z	?rva00518B05@AptOptions@@QAEXABVAsciiString@@H@Z	0x00518B05	unowned
Code/GameEngine/Source/GameClient/GUI/GUICallbacks/Apt/AptPlayerStatusCallbacks.cpp	?Objective@AptPlayerStatus@@QAEXHPAD_N@Z	?Rva004E43F2@@YAHH@Z	0x004E43F2	unowned
Code/GameEngine/Source/GameClient/GUI/GUICallbacks/Apt/AptRowListCallbacks.cpp	?OnRowHidden@Rva005105D7@@QAEXPBD@Z	?Rva004128F0GetParam@@YA_NPBD0AAVAsciiString@@@Z	0x004128F0	unowned
Code/GameEngine/Source/GameClient/GUI/GUICallbacks/Apt/AptRowListCallbacks.cpp	?OnRowShown@Rva005105D7@@QAEXPBD@Z	??0Rva0050F909@@QAE@HABVAsciiString@@HH@Z	0x0050F909	unowned
Code/GameEngine/Source/GameClient/GUI/GUICallbacks/Apt/AptRowListCallbacks.cpp	?OnRowShown@Rva005105D7@@QAEXPBD@Z	?Rva004128F0GetParam@@YA_NPBD0AAVAsciiString@@@Z	0x004128F0	unowned
Code/GameEngine/Source/GameClient/GUI/GUICallbacks/Apt/AptSaveLoadCallbacks.cpp	?ConfirmationOk@AptSaveLoad@@QAEXPBD@Z	?rva00434B8A@AptSaveLoad@@QAEXXZ	0x00434B8A	unowned
Code/GameEngine/Source/GameClient/GUI/GUICallbacks/Apt/AptSaveLoadCallbacks.cpp	?ConfirmationOk@AptSaveLoad@@QAEXPBD@Z	?rva00435224@AptSaveLoad@@QAEXXZ	0x00435224	unowned
Code/GameEngine/Source/GameClient/GUI/GUICallbacks/Apt/AptSaveLoadCallbacks.cpp	?Delete@AptSaveLoad@@QAEXPBD@Z	?rva00433F7F@AptSaveLoad@@QAEHXZ	0x00433F7F	unowned
Code/GameEngine/Source/GameClient/GUI/GUICallbacks/Apt/AptSaveLoadCallbacks.cpp	?Load@AptSaveLoad@@QAEXPBD@Z	?rva00433F7F@AptSaveLoad@@QAEHXZ	0x00433F7F	unowned
Code/GameEngine/Source/GameClient/GUI/GUICallbacks/Apt/AptSaveLoadCallbacks.cpp	?Rva00435107@@YAXH@Z	?Rva004178C1@@YAXHABVAsciiString@@@Z	0x004178C1	unowned
Code/GameEngine/Source/GameClient/GUI/GUICallbacks/Apt/AptSaveLoadCallbacks.cpp	?Rva00435107@@YAXH@Z	?Rva00434EFA@@YAXXZ	0x00434EFA	unowned
Code/GameEngine/Source/GameClient/GUI/GUICallbacks/Apt/AptSaveLoadRva00435819.cpp	?rva00435819@AptSaveLoad@@QAEXXZ	?Rva0037D96B@@YA_NABVUnicodeString@@00@Z	0x0037D96B	unowned
Code/GameEngine/Source/GameClient/GUI/GUICallbacks/Apt/AptSaveLoadRva00435819.cpp	?rva00435819@AptSaveLoad@@QAEXXZ	?rva002DDE43@GameState@@QAEXABVUnicodeString@@0HH@Z	0x002DDE43	unowned
Code/GameEngine/Source/GameClient/GUI/GUICallbacks/Apt/AptSaveLoadRva00435819.cpp	?rva00435819@AptSaveLoad@@QAEXXZ	?rva0037D6E8@Bfme939Helper@@QAE_NABVUnicodeString@@0@Z	0x0037D6E8	unowned
Code/GameEngine/Source/GameClient/GUI/GUICallbacks/Apt/AptSkirmishCallbacks.cpp	?OnClosed@AptSkirmish@@QAEXPBD@Z	?rva00521CFF@AptSkirmish@@QAEXXZ	0x00521CFF	unowned
Code/GameEngine/Source/GameClient/GUI/GUICallbacks/Apt/AptTimeLineCallbacks.cpp	?OnButtonContinue@AptTimeLine@@QAEXPBD@Z	?rva0051ED7E@AptTimeLine@@QAEXXZ	0x0051ED7E	unowned
Code/GameEngine/Source/GameClient/GUI/GUICallbacks/Apt/AptTributePageCallbacks.cpp	?Rva00510D98CreatePage@@YA?AUTreeHintRef0051030C@@ABVAsciiString@@H0@Z	??0Rva005105D7@@QAE@HABVAsciiString@@@Z	0x005103A3	unowned
Code/GameEngine/Source/GameClient/GUI/GUICallbacks/Apt/AptTributePageCallbacks.cpp	?Rva00510D98CreatePage@@YA?AUTreeHintRef0051030C@@ABVAsciiString@@H0@Z	??0Rva00510CC3@@QAE@HABVAsciiString@@@Z	0x00510B72	unowned
Code/GameEngine/Source/GameClient/GUI/GUICallbacks/GeneralsExpPoints_Rva0050dd9f.cpp	?GeneralsExpPointsSystem@@YA?AW4WindowMsgHandledType@@PAVGameWindow@@III@Z	?processContextSensitiveButtonClick@ControlBar@@QAE?AW4CBCommandStatus@@PAVGameWindow@@W4GadgetGameMessage@@@Z	0x0031ABCF	unowned
Code/GameEngine/Source/GameClient/GUI/GUICallbacks/Menus/MapSelectMenu_Rva0050CEAB.cpp	?MapSelectMenuUpdate@@YAXPAVWindowLayout@@PAX@Z	?doGameStart@@YAXXZ	0x0050D099	unowned
Code/GameEngine/Source/GameClient/GUI/GUICallbacks/Menus/OptionPreferences_getLANIPAddress.cpp	?getLANIPAddress@OptionPreferences@@QAEIXZ	??1AsciiString@@QAE@XZ	0x00036410	divergent
Code/GameEngine/Source/GameClient/GUI/GUICallbacks/Menus/OptionPreferences_getLANIPAddress.cpp	?getLANIPAddress@OptionPreferences@@QAEIXZ	?getIPstring@EnumeratedIP@@QAE?AVAsciiString@@XZ	0x002E4336	wrong
Code/GameEngine/Source/GameClient/GUI/GUICallbacks/Menus/ScoreScreen_Rva0004F833.cpp	?getBaseSide@Player@@QBE?AVAsciiString@@XZ	??0AsciiString@@QAE@ABV0@@Z	0x000365F0	divergent
Code/GameEngine/Source/GameClient/GUI/GUICallbacks/Menus/SkirmishGameOptionsMenu.cpp	??0TechAndSupplyImages@@QAE@XZ	??0?$_List_base@UICoord2D@@V?$allocator@UICoord2D@@@_STL@@@_STL@@QAE@ABV?$allocator@UICoord2D@@@1@@Z	0x0035C9A6	wrong
Code/GameEngine/Source/GameClient/GUI/GUICallbacks/Menus/SkirmishMapStartSpots.cpp	?updateMapStartSpots@@YAXPAVGameInfo@@QAPAVGameWindow@@_N@Z	??$_M_find@VAsciiString@@@?$_Rb_tree@VAsciiString@@U?$pair@$$CBVAsciiString@@VMapMetaData@@@_STL@@U?$_Select1st@U?$pair@$$CBVAsciiString@@VMapMetaData@@@_STL@@@3@U?$less@VAsciiString@@@3@V?$allocator@U?$pair@$$CBVAsciiString@@VMapMetaData@@@_STL@@@3@@_STL@@ABEPAU?$_Rb_tree_node@U?$pair@$$CBVAsciiString@@VMapMetaData@@@_STL@@@1@ABVAsciiString@@@Z	0x001F8437	divergent
Code/GameEngine/Source/GameClient/GUI/GUICallbacks/Menus/WOLBuddyOverlay.cpp	?clear@?$_Rb_tree@HU?$pair@$$CBHVAsciiString@@@_STL@@U?$_Select1st@U?$pair@$$CBHVAsciiString@@@_STL@@@2@U?$less@H@2@V?$allocator@U?$pair@$$CBHVAsciiString@@@_STL@@@2@@_STL@@QAEXXZ	?_M_erase@?$_Rb_tree@HU?$pair@$$CBHVAsciiString@@@_STL@@U?$_Select1st@U?$pair@$$CBHVAsciiString@@@_STL@@@2@U?$less@H@2@V?$allocator@U?$pair@$$CBHVAsciiString@@@_STL@@@2@@_STL@@AAEXPAU?$_Rb_tree_node@U?$pair@$$CBHVAsciiString@@@_STL@@@2@@Z	0x002B60F9	divergent
Code/GameEngine/Source/GameClient/GUI/GUICallbacks/Menus/WOLBuddyOverlay.cpp	?erase@?$_Rb_tree@HU?$pair@$$CBHVBuddyInfo@@@_STL@@U?$_Select1st@U?$pair@$$CBHVBuddyInfo@@@_STL@@@2@U?$less@H@2@V?$allocator@U?$pair@$$CBHVBuddyInfo@@@_STL@@@2@@_STL@@QAEIABH@Z	?equal_range@?$_Rb_tree@HU?$pair@$$CBHVBuddyInfo@@@_STL@@U?$_Select1st@U?$pair@$$CBHVBuddyInfo@@@_STL@@@2@U?$less@H@2@V?$allocator@U?$pair@$$CBHVBuddyInfo@@@_STL@@@2@@_STL@@QAE?AU?$pair@U?$_Rb_tree_iterator@U?$pair@$$CBHVBuddyInfo@@@_STL@@U?$_Nonconst_traits@U?$pair@$$CBHVBuddyInfo@@@_STL@@@2@@_STL@@U12@@2@ABH@Z	0x002F1C89	wrong
Code/GameEngine/Source/GameClient/GUI/GUICallbacks/Menus/WOLBuddyOverlay.cpp	?erase@?$_Rb_tree@HU?$pair@$$CBHVBuddyInfo@@@_STL@@U?$_Select1st@U?$pair@$$CBHVBuddyInfo@@@_STL@@@2@U?$less@H@2@V?$allocator@U?$pair@$$CBHVBuddyInfo@@@_STL@@@2@@_STL@@QAEIABH@Z	?erase@?$_Rb_tree@HU?$pair@$$CBHVBuddyInfo@@@_STL@@U?$_Select1st@U?$pair@$$CBHVBuddyInfo@@@_STL@@@2@U?$less@H@2@V?$allocator@U?$pair@$$CBHVBuddyInfo@@@_STL@@@2@@_STL@@QAEXU?$_Rb_tree_iterator@U?$pair@$$CBHVBuddyInfo@@@_STL@@U?$_Nonconst_traits@U?$pair@$$CBHVBuddyInfo@@@_STL@@@2@@2@0@Z	0x005E43D1	wrong
Code/GameEngine/Source/GameClient/GUI/GUICallbacks/Menus/WOLBuddyOverlay.cpp	?insert_unique@?$_Rb_tree@HU?$pair@$$CBHVBuddyInfo@@@_STL@@U?$_Select1st@U?$pair@$$CBHVBuddyInfo@@@_STL@@@2@U?$less@H@2@V?$allocator@U?$pair@$$CBHVBuddyInfo@@@_STL@@@2@@_STL@@QAE?AU?$_Rb_tree_iterator@U?$pair@$$CBHVBuddyInfo@@@_STL@@U?$_Nonconst_traits@U?$pair@$$CBHVBuddyInfo@@@_STL@@@2@@2@U32@ABU?$pair@$$CBHVBuddyInfo@@@2@@Z	?insert_unique@?$_Rb_tree@HU?$pair@$$CBHVBuddyInfo@@@_STL@@U?$_Select1st@U?$pair@$$CBHVBuddyInfo@@@_STL@@@2@U?$less@H@2@V?$allocator@U?$pair@$$CBHVBuddyInfo@@@_STL@@@2@@_STL@@QAE?AU?$pair@U?$_Rb_tree_iterator@U?$pair@$$CBHVBuddyInfo@@@_STL@@U?$_Nonconst_traits@U?$pair@$$CBHVBuddyInfo@@@_STL@@@2@@_STL@@_N@2@ABU?$pair@$$CBHVBuddyInfo@@@2@@Z	0x005DFD8D	wrong
Code/GameEngine/Source/GameClient/GUI/GUICallbacks/Menus/WOLLoginMenu_GameSpyLoginPreferences_getPasswordForEmail.cpp	?getPasswordForEmail@GameSpyLoginPreferences@@QAE?AVAsciiString@@V2@@Z	??0AsciiString@@QAE@ABV0@@Z	0x000365F0	divergent
Code/GameEngine/Source/GameClient/GUI/GUICallbacks/Menus/WOLLoginMenu_GameSpyLoginPreferences_getPasswordForEmail.cpp	?getPasswordForEmail@GameSpyLoginPreferences@@QAE?AVAsciiString@@V2@@Z	?releaseBuffer@AsciiString@@IAEXXZ	0x00036410	divergent
Code/GameEngine/Source/GameClient/GUI/Gadget/GadgetCheckBox.cpp	?GadgetCheckBoxSetText@@YAXPAVGameWindow@@VUnicodeString@@@Z	??1UnicodeString@@QAE@XZ	0x00036E70	divergent
Code/GameEngine/Source/GameClient/GUI/Gadget/Rva00445172TextEntryInput.cpp	?rva00445172@Rva00445172Owner@@QAEHIII@Z	?j_00003df0@@YAXXZ	0x00314596	unowned
Code/GameEngine/Source/GameClient/GUI/Gadget/Rva004BE120TextEntryInput.cpp	?input@Rva004BE120Input@@QAEHIII@Z	?j_00003df0@@YAXXZ	0x00314596	unowned
Code/GameEngine/Source/GameClient/GUI/GadgetListBoxDisableInput.cpp	?Rva00326DE9Disable@@YAXPAVGameWindow@@@Z	?GadgetListBoxInput@@YA?AW4WindowMsgHandledType@@PAVGameWindow@@III@Z	0x00325635	unowned
Code/GameEngine/Source/GameClient/GUI/GameWindowManagerScript.cpp	??4?$list@PAVGameWindow@@V?$allocator@PAVGameWindow@@@_STL@@@_STL@@QAEAAV01@ABV01@@Z	??$insert@U?$_List_iterator@PAVGameWindow@@U?$_Const_traits@PAVGameWindow@@@_STL@@@_STL@@@?$list@PAVGameWindow@@V?$allocator@PAVGameWindow@@@_STL@@@_STL@@QAEXU?$_List_iterator@PAVGameWindow@@U?$_Nonconst_traits@PAVGameWindow@@@_STL@@@1@U?$_List_iterator@PAVGameWindow@@U?$_Const_traits@PAVGameWindow@@@_STL@@@1@1@Z	0x00423890	wrong
Code/GameEngine/Source/GameClient/GUI/GameWindowManagerScript.cpp	??__FtheDrawString@@YAXXZ	?releaseBuffer@?$StringBase@D@@AAEXXZ	0x0048BA39	wrong
Code/GameEngine/Source/GameClient/GUI/GameWindowManagerScript.cpp	??__FtheInputString@@YAXXZ	?releaseBuffer@?$StringBase@D@@AAEXXZ	0x0048BA39	wrong
Code/GameEngine/Source/GameClient/GUI/GameWindowManagerScript.cpp	??__FtheSystemString@@YAXXZ	?releaseBuffer@?$StringBase@D@@AAEXXZ	0x0048BA39	wrong
Code/GameEngine/Source/GameClient/GUI/GameWindowManagerScript.cpp	??__FtheTooltipString@@YAXXZ	?releaseBuffer@?$StringBase@D@@AAEXXZ	0x0048BA39	wrong
Code/GameEngine/Source/GameClient/GUI/GameWindowManagerScript.cpp	?erase@?$list@PAVGameWindow@@V?$allocator@PAVGameWindow@@@_STL@@@_STL@@QAE?AU?$_List_iterator@PAVGameWindow@@U?$_Nonconst_traits@PAVGameWindow@@@_STL@@@2@U32@0@Z	?erase@?$list@PAVGameWindow@@V?$allocator@PAVGameWindow@@@_STL@@@_STL@@QAE?AU?$_List_iterator@PAVGameWindow@@U?$_Nonconst_traits@PAVGameWindow@@@_STL@@@2@U32@@Z	0x0029DFC5	wrong
Code/GameEngine/Source/GameClient/GUI/GameWindowManagerScriptDrawData.cpp	?parseDrawData@@YA_NPADPAVWinInstanceData@@0PAX@Z	??1AsciiString@@QAE@XZ	0x00036410	divergent
Code/GameEngine/Source/GameClient/GUI/GameWindowManagerScript_setWindowText.cpp	?setWindowText@@YAXPAVGameWindow@@VAsciiString@@@Z	?GadgetRadioSetText@@YAXPAVGameWindow@@VUnicodeString@@@Z	0x003278F1	wrong
Code/GameEngine/Source/GameClient/GUI/GameWindowManagerSendMsg.cpp	?winSendInputMsg@GameWindowManager@@UAE?AW4WindowMsgHandledType@@PAVGameWindow@@III@Z	?winSendInputMsg@GameWindow@@QAE?AW4WindowMsgHandledType@@III@Z	0x00314511	unowned
Code/GameEngine/Source/GameClient/GUI/GameWindowManagerSendMsg.cpp	?winSendSystemMsg@GameWindowManager@@UAE?AW4WindowMsgHandledType@@PAVGameWindow@@III@Z	?winSendSystemMsg@GameWindow@@QAE?AW4WindowMsgHandledType@@III@Z	0x0031452F	unowned
Code/GameEngine/Source/GameClient/GUI/GameWindowManager_RecordFactories.cpp	?gogoGadgetRadioButton@TabWindowManagerView@@QAEPAVGameWindow@@PAVGadgetCreateView@@PAURadioButtonDataView@@PAVGameFont@@_N@Z	?GadgetRadioSetText@@YAXPAVGameWindow@@VUnicodeString@@@Z	0x003278F1	wrong
Code/GameEngine/Source/GameClient/GUI/GameWindowManager_registerTabList.cpp	?registerTabList@GameWindowManager@@UAEXV?$list@PAVGameWindow@@V?$allocator@PAVGameWindow@@@_STL@@@_STL@@@Z	??4?$list@PAVGameWindow@@V?$allocator@PAVGameWindow@@@_STL@@@_STL@@QAEAAV01@ABV01@@Z	0x002C54EE	wrong
Code/GameEngine/Source/GameClient/GUI/GameWindowTransitionsGroupTotalFrames_Rva001dc1fd.cpp	?bfmeGetGroupTotalFrames@GameWindowTransitionsHandler@@QAEHVAsciiString@@@Z	??1?$StringBase@D@@AAE@XZ	0x00036410	wrong
Code/GameEngine/Source/GameClient/GUI/GameWindowTransitionsGroupTotalFrames_Rva001dc1fd.cpp	?bfmeGetGroupTotalFrames@GameWindowTransitionsHandler@@QAEHVAsciiString@@@Z	?getTotalFrames@TransitionGroup@@QAEHXZ	0x001DBDA4	wrong
Code/GameEngine/Source/GameClient/GUI/GameWindowTransitionsHandler.cpp	??0?$hashtable@U?$pair@$$CBW4NameKeyType@@P6APAVTransition@@XZ@_STL@@W4NameKeyType@@U?$hash@W4NameKeyType@@@rts@@U?$_Select1st@U?$pair@$$CBW4NameKeyType@@P6APAVTransition@@XZ@_STL@@@2@U?$equal_to@W4NameKeyType@@@5@V?$allocator@U?$pair@$$CBW4NameKeyType@@P6APAVTransition@@XZ@_STL@@@2@@_STL@@QAE@IABU?$hash@W4NameKeyType@@@rts@@ABU?$equal_to@W4NameKeyType@@@3@ABV?$allocator@U?$pair@$$CBW4NameKeyType@@P6APAVTransition@@XZ@_STL@@@1@@Z	??0?$_Vector_base@PAXV?$allocator@PAX@_STL@@@_STL@@QAE@ABV?$allocator@PAX@1@@Z	0x00025100	divergent
Code/GameEngine/Source/GameClient/GUI/GameWindowTransitionsHandler.cpp	??0?$hashtable@U?$pair@$$CBW4NameKeyType@@P6APAVTransition@@XZ@_STL@@W4NameKeyType@@U?$hash@W4NameKeyType@@@rts@@U?$_Select1st@U?$pair@$$CBW4NameKeyType@@P6APAVTransition@@XZ@_STL@@@2@U?$equal_to@W4NameKeyType@@@5@V?$allocator@U?$pair@$$CBW4NameKeyType@@P6APAVTransition@@XZ@_STL@@@2@@_STL@@QAE@IABU?$hash@W4NameKeyType@@@rts@@ABU?$equal_to@W4NameKeyType@@@3@ABV?$allocator@U?$pair@$$CBW4NameKeyType@@P6APAVTransition@@XZ@_STL@@@1@@Z	?_M_initialize_buckets@?$hashtable@U?$pair@$$CBW4NameKeyType@@P6APAVTransition@@XZ@_STL@@W4NameKeyType@@U?$hash@W4NameKeyType@@@rts@@U?$_Select1st@U?$pair@$$CBW4NameKeyType@@P6APAVTransition@@XZ@_STL@@@2@U?$equal_to@W4NameKeyType@@@5@V?$allocator@U?$pair@$$CBW4NameKeyType@@P6APAVTransition@@XZ@_STL@@@2@@_STL@@AAEXI@Z	0x00148DDF	wrong
Code/GameEngine/Source/GameClient/GUI/GameWindowTransitionsHandler.cpp	??0GameWindowTransitionsHandler@@QAE@XZ	??0?$_List_base@PAVRva001DC0EC@@V?$allocator@PAVRva001DC0EC@@@_STL@@@_STL@@QAE@ABV?$allocator@PAVRva001DC0EC@@@1@@Z	0x004EC36C	wrong
Code/GameEngine/Source/GameClient/GUI/GameWindowWinSetInstanceData_Rva0031495c.cpp	?winSetInstanceData@GameWindow@@QAEHPAVWinInstanceData@@@Z	?getTooltipTextLength@WinInstanceData@@QAEHXZ	0x002C027B	divergent
Code/GameEngine/Source/GameClient/GUI/HeaderTemplateCreation_Rva00201c39.cpp	?newHeaderTemplate@HeaderTemplateManager@@QAEPAVHeaderTemplate@@VAsciiString@@@Z	?push_front@?$list@PAVHeaderTemplate@@V?$allocator@PAVHeaderTemplate@@@_STL@@@_STL@@QAEXABQAVHeaderTemplate@@@Z	0x00392076	wrong
Code/GameEngine/Source/GameClient/GUI/LoadScreenUpdates.cpp	?update@ShellGameLoadScreen@@UAEXH@Z	?update@LoadScreen@@UAEXH@Z	0x00355FF9	unowned
Code/GameEngine/Source/GameClient/GUI/MpGameSetupSlots.cpp	??EGen_00528EC0@@QAE?AV0@H@Z	?rva003F3133@Gen_00528EC0@@QAE?AV1@XZ	0x003F3133	unowned
Code/GameEngine/Source/GameClient/GUI/Palantir/AptPalantirCallbacks.cpp	?OnBttnObjectives@AptPalantir@@QAEXPBD@Z	?Rva0050EC24@@YAXXZ	0x0050EC24	unowned
Code/GameEngine/Source/GameClient/GUI/Palantir/AptPalantirCallbacks.cpp	?OnBttnObserveNextPlayer@AptPalantir@@QAEXPBD@Z	?rva002A8306@PlayerList@@QAEX_N@Z	0x002A8306	unowned
Code/GameEngine/Source/GameClient/GUI/Palantir/AptPalantirCallbacks.cpp	?OnBttnObservePriorPlayer@AptPalantir@@QAEXPBD@Z	?rva002A8306@PlayerList@@QAEX_N@Z	0x002A8306	unowned
Code/GameEngine/Source/GameClient/GUI/Palantir/AptPalantirCallbacks.cpp	?OnHelpBoxLoaded@AptPalantir@@QAEXPBD@Z	??0Rva00527CCE@@QAE@HABVAsciiString@@@Z	0x00527C04	unowned
Code/GameEngine/Source/GameClient/GUI/Palantir/AptPalantirCallbacks.cpp	?rva002D4DD0@AptPalantir@@QAEXPBD@Z	_$E3	0x007B7997	wrong
Code/GameEngine/Source/GameClient/GUI/Palantir/AptPalantirCallbacks.cpp	?rva002D4DD0@AptPalantir@@QAEXPBD@Z	_$E4	0x007B798D	wrong
Code/GameEngine/Source/GameClient/GUI/Palantir/AptPalantirCallbacks.cpp	?rva002D4E71@AptPalantir@@QAEXPBD@Z	_$E6	0x007B79AB	wrong
Code/GameEngine/Source/GameClient/GUI/Palantir/AptPalantirCallbacks.cpp	?rva002D4E71@AptPalantir@@QAEXPBD@Z	_$E7	0x007B79A1	wrong
Code/GameEngine/Source/GameClient/GUI/Palantir/BfmeObserverDispatchYU_Rva002d4f2d.cpp	?bfmeApplyYU@@YGXH@Z	_$E2	0x007B79BF	wrong
Code/GameEngine/Source/GameClient/GUI/Palantir/BfmeObserverDispatchYU_Rva002d4f2d.cpp	?bfmeApplyYU@@YGXH@Z	_$E3	0x007B79B5	wrong
Code/GameEngine/Source/GameClient/GUI/Rva00427157Ctor.cpp	??A?$hash_map@W4NameKeyType@@PBVRva00427157@@U?$hash@W4NameKeyType@@@rts@@U?$equal_to@W4NameKeyType@@@_STL@@V?$allocator@U?$pair@$$CBW4NameKeyType@@PBVRva00427157@@@_STL@@@6@@_STL@@QAEAAPBVRva00427157@@ABW4NameKeyType@@@Z	??$find@W4NameKeyType@@@?$hashtable@U?$pair@$$CBW4NameKeyType@@PBVRva00427157@@@_STL@@W4NameKeyType@@U?$hash@W4NameKeyType@@@rts@@U?$_Select1st@U?$pair@$$CBW4NameKeyType@@PBVRva00427157@@@_STL@@@2@U?$equal_to@W4NameKeyType@@@2@V?$allocator@U?$pair@$$CBW4NameKeyType@@PBVRva00427157@@@_STL@@@2@@_STL@@QAE?AU?$_Ht_iterator@U?$pair@$$CBW4NameKeyType@@PBVRva00427157@@@_STL@@U?$_Nonconst_traits@U?$pair@$$CBW4NameKeyType@@PBVRva00427157@@@_STL@@@2@W4NameKeyType@@U?$hash@W4NameKeyType@@@rts@@U?$_Select1st@U?$pair@$$CBW4NameKeyType@@PBVRva00427157@@@_STL@@@2@U?$equal_to@W4NameKeyType@@@2@V?$allocator@U?$pair@$$CBW4NameKeyType@@PBVRva00427157@@@_STL@@@2@@1@ABW4NameKeyType@@@Z	0x0060CB7C	wrong
Code/GameEngine/Source/GameClient/GUI/Rva00427157Ctor.cpp	?_M_bkt_num@?$hashtable@U?$pair@$$CBW4NameKeyType@@PBVRva00427157@@@_STL@@W4NameKeyType@@U?$hash@W4NameKeyType@@@rts@@U?$_Select1st@U?$pair@$$CBW4NameKeyType@@PBVRva00427157@@@_STL@@@2@U?$equal_to@W4NameKeyType@@@2@V?$allocator@U?$pair@$$CBW4NameKeyType@@PBVRva00427157@@@_STL@@@2@@_STL@@ABEIABU?$pair@$$CBW4NameKeyType@@PBVRva00427157@@@2@@Z	?_M_bkt_num_key@?$hashtable@U?$pair@$$CBW4NameKeyType@@PBVRva00427157@@@_STL@@W4NameKeyType@@U?$hash@W4NameKeyType@@@rts@@U?$_Select1st@U?$pair@$$CBW4NameKeyType@@PBVRva00427157@@@_STL@@@2@U?$equal_to@W4NameKeyType@@@2@V?$allocator@U?$pair@$$CBW4NameKeyType@@PBVRva00427157@@@_STL@@@2@@_STL@@ABEIABW4NameKeyType@@@Z	0x0060C9C3	wrong
Code/GameEngine/Source/GameClient/GUI/Rva00427157Ctor.cpp	?_M_insert@?$hashtable@U?$pair@$$CBW4NameKeyType@@PBVRva00427157@@@_STL@@W4NameKeyType@@U?$hash@W4NameKeyType@@@rts@@U?$_Select1st@U?$pair@$$CBW4NameKeyType@@PBVRva00427157@@@_STL@@@2@U?$equal_to@W4NameKeyType@@@2@V?$allocator@U?$pair@$$CBW4NameKeyType@@PBVRva00427157@@@_STL@@@2@@_STL@@QAEAAU?$pair@$$CBW4NameKeyType@@PBVRva00427157@@@2@ABU32@@Z	?_M_bkt_num_key@?$hashtable@U?$pair@$$CBW4NameKeyType@@PBVRva00427157@@@_STL@@W4NameKeyType@@U?$hash@W4NameKeyType@@@rts@@U?$_Select1st@U?$pair@$$CBW4NameKeyType@@PBVRva00427157@@@_STL@@@2@U?$equal_to@W4NameKeyType@@@2@V?$allocator@U?$pair@$$CBW4NameKeyType@@PBVRva00427157@@@_STL@@@2@@_STL@@ABEIABW4NameKeyType@@@Z	0x0060C9C3	wrong
Code/GameEngine/Source/GameClient/GUI/Rva00427157Ctor.cpp	?_M_insert@?$hashtable@U?$pair@$$CBW4NameKeyType@@PBVRva00427157@@@_STL@@W4NameKeyType@@U?$hash@W4NameKeyType@@@rts@@U?$_Select1st@U?$pair@$$CBW4NameKeyType@@PBVRva00427157@@@_STL@@@2@U?$equal_to@W4NameKeyType@@@2@V?$allocator@U?$pair@$$CBW4NameKeyType@@PBVRva00427157@@@_STL@@@2@@_STL@@QAEAAU?$pair@$$CBW4NameKeyType@@PBVRva00427157@@@2@ABU32@@Z	?_M_new_node@?$hashtable@U?$pair@$$CBW4NameKeyType@@PBVRva00427157@@@_STL@@W4NameKeyType@@U?$hash@W4NameKeyType@@@rts@@U?$_Select1st@U?$pair@$$CBW4NameKeyType@@PBVRva00427157@@@_STL@@@2@U?$equal_to@W4NameKeyType@@@2@V?$allocator@U?$pair@$$CBW4NameKeyType@@PBVRva00427157@@@_STL@@@2@@_STL@@AAEPAU?$_Hashtable_node@U?$pair@$$CBW4NameKeyType@@PBVRva00427157@@@_STL@@@2@ABU?$pair@$$CBW4NameKeyType@@PBVRva00427157@@@2@@Z	0x003ED191	wrong
Code/GameEngine/Source/GameClient/GUI/Rva00427157Ctor.cpp	?find@?$hash_map@W4NameKeyType@@PBVRva00427157@@U?$hash@W4NameKeyType@@@rts@@U?$equal_to@W4NameKeyType@@@_STL@@V?$allocator@U?$pair@$$CBW4NameKeyType@@PBVRva00427157@@@_STL@@@6@@_STL@@QAE?AU?$_Ht_iterator@U?$pair@$$CBW4NameKeyType@@PBVRva00427157@@@_STL@@U?$_Nonconst_traits@U?$pair@$$CBW4NameKeyType@@PBVRva00427157@@@_STL@@@2@W4NameKeyType@@U?$hash@W4NameKeyType@@@rts@@U?$_Select1st@U?$pair@$$CBW4NameKeyType@@PBVRva00427157@@@_STL@@@2@U?$equal_to@W4NameKeyType@@@2@V?$allocator@U?$pair@$$CBW4NameKeyType@@PBVRva00427157@@@_STL@@@2@@2@ABW4NameKeyType@@@Z	??$find@W4NameKeyType@@@?$hashtable@U?$pair@$$CBW4NameKeyType@@PBVRva00427157@@@_STL@@W4NameKeyType@@U?$hash@W4NameKeyType@@@rts@@U?$_Select1st@U?$pair@$$CBW4NameKeyType@@PBVRva00427157@@@_STL@@@2@U?$equal_to@W4NameKeyType@@@2@V?$allocator@U?$pair@$$CBW4NameKeyType@@PBVRva00427157@@@_STL@@@2@@_STL@@QAE?AU?$_Ht_iterator@U?$pair@$$CBW4NameKeyType@@PBVRva00427157@@@_STL@@U?$_Nonconst_traits@U?$pair@$$CBW4NameKeyType@@PBVRva00427157@@@_STL@@@2@W4NameKeyType@@U?$hash@W4NameKeyType@@@rts@@U?$_Select1st@U?$pair@$$CBW4NameKeyType@@PBVRva00427157@@@_STL@@@2@U?$equal_to@W4NameKeyType@@@2@V?$allocator@U?$pair@$$CBW4NameKeyType@@PBVRva00427157@@@_STL@@@2@@1@ABW4NameKeyType@@@Z	0x0060CB7C	wrong
Code/GameEngine/Source/GameClient/GUI/Rva00427157Ctor.cpp	?find@LivingWorldAutoResolveArmorStore@@QAEPBVRva00427157@@ABVAsciiString@@@Z	??$_M_find@W4NameKeyType@@@?$hashtable@U?$pair@$$CBW4NameKeyType@@PBVRva00427157@@@_STL@@W4NameKeyType@@U?$hash@W4NameKeyType@@@rts@@U?$_Select1st@U?$pair@$$CBW4NameKeyType@@PBVRva00427157@@@_STL@@@2@U?$equal_to@W4NameKeyType@@@2@V?$allocator@U?$pair@$$CBW4NameKeyType@@PBVRva00427157@@@_STL@@@2@@_STL@@ABEPAU?$_Hashtable_node@U?$pair@$$CBW4NameKeyType@@PBVRva00427157@@@_STL@@@1@ABW4NameKeyType@@@Z	0x002888D4	wrong
Code/GameEngine/Source/GameClient/GUI/Rva00427157Ctor.cpp	?parseArmorDefinition@LivingWorldAutoResolveArmorStore@@SAXPAVINI@@@Z	??$_M_find@W4NameKeyType@@@?$hashtable@U?$pair@$$CBW4NameKeyType@@PBVRva00427157@@@_STL@@W4NameKeyType@@U?$hash@W4NameKeyType@@@rts@@U?$_Select1st@U?$pair@$$CBW4NameKeyType@@PBVRva00427157@@@_STL@@@2@U?$equal_to@W4NameKeyType@@@2@V?$allocator@U?$pair@$$CBW4NameKeyType@@PBVRva00427157@@@_STL@@@2@@_STL@@ABEPAU?$_Hashtable_node@U?$pair@$$CBW4NameKeyType@@PBVRva00427157@@@_STL@@@1@ABW4NameKeyType@@@Z	0x002888D4	wrong
Code/GameEngine/Source/GameClient/GUI/Rva00427157Ctor.cpp	?parseArmorDefinition@LivingWorldAutoResolveArmorStore@@SAXPAVINI@@@Z	??A?$hash_map@W4NameKeyType@@PBVRva00427157@@U?$hash@W4NameKeyType@@@rts@@U?$equal_to@W4NameKeyType@@@_STL@@V?$allocator@U?$pair@$$CBW4NameKeyType@@PBVRva00427157@@@_STL@@@6@@_STL@@QAEAAPBVRva00427157@@ABW4NameKeyType@@@Z	0x0041F4E5	wrong
Code/GameEngine/Source/GameClient/GUI/Rva0043D1C9Destructor.cpp	??1Rva0043D1C9@@UAE@XZ	?rva00539A65@ControlBar@@QAEHPAXHH@Z	0x00539A65	unowned
Code/GameEngine/Source/GameClient/GUI/Rva00788A00Assign.cpp	?Rva00788A00Assign@@YAXPAVRva007882F0PointerMap@@II@Z	?lookup@Rva007882F0PointerMap@@QAEPAURva007882F0Value@@I@Z	0x000AB0F5	unowned
Code/GameEngine/Source/GameClient/GUI/Rva00791F70CallbackDispatch_Rva000a2688.cpp	?dispatch@Rva00791F70CallbackHost@@QAEXHHH@Z	?j_0003c281@@YAXXZ	0x00325635	unowned
Code/GameEngine/Source/GameClient/GUI/ScoreRowSort.cpp	??$__adjust_heap@PAUS4SortElem8@@HU1@U?$less@US4SortElem8@@@_STL@@@_STL@@YAXPAUS4SortElem8@@HHU1@U?$less@US4SortElem8@@@0@@Z	??MS4SortElem8@@QBE_NABU0@@Z	0x005EC52E	unowned
Code/GameEngine/Source/GameClient/GUI/ScoreRowSort.cpp	??$__linear_insert@PAUS4SortElem8@@U1@U?$less@US4SortElem8@@@_STL@@@_STL@@YAXPAUS4SortElem8@@0U1@U?$less@US4SortElem8@@@0@@Z	??$copy_backward@PAUS4SortElem8@@PAU1@@_STL@@YAPAUS4SortElem8@@PAU1@00@Z	0x004C72FE	wrong
Code/GameEngine/Source/GameClient/GUI/ScoreRowSort.cpp	??$__linear_insert@PAUS4SortElem8@@U1@U?$less@US4SortElem8@@@_STL@@@_STL@@YAXPAUS4SortElem8@@0U1@U?$less@US4SortElem8@@@0@@Z	??MS4SortElem8@@QBE_NABU0@@Z	0x005EC52E	unowned
Code/GameEngine/Source/GameClient/GUI/ScoreRowSort.cpp	??$__median@US4SortElem8@@U?$less@US4SortElem8@@@_STL@@@_STL@@YAABUS4SortElem8@@ABU1@00U?$less@US4SortElem8@@@0@@Z	??MS4SortElem8@@QBE_NABU0@@Z	0x005EC52E	unowned
Code/GameEngine/Source/GameClient/GUI/ScoreRowSort.cpp	??$__partial_sort@PAUS4SortElem8@@U1@U?$less@US4SortElem8@@@_STL@@@_STL@@YAXPAUS4SortElem8@@000U?$less@US4SortElem8@@@0@@Z	??MS4SortElem8@@QBE_NABU0@@Z	0x005EC52E	unowned
Code/GameEngine/Source/GameClient/GUI/ScoreRowSort.cpp	??$__partial_sort@PAUS4SortElem8B@@U1@U?$less@US4SortElem8B@@@_STL@@@_STL@@YAXPAUS4SortElem8B@@000U?$less@US4SortElem8B@@@0@@Z	??MS4SortElem8B@@QBE_NABU0@@Z	0x005EC52E	unowned
Code/GameEngine/Source/GameClient/GUI/ScoreRowSort.cpp	??$__push_heap@PAUS4SortElem8@@HU1@U?$less@US4SortElem8@@@_STL@@@_STL@@YAXPAUS4SortElem8@@HHU1@U?$less@US4SortElem8@@@0@@Z	??MS4SortElem8@@QBE_NABU0@@Z	0x005EC52E	unowned
Code/GameEngine/Source/GameClient/GUI/ScoreRowSort.cpp	??$__unguarded_linear_insert@PAUS4SortElem8@@U1@U?$less@US4SortElem8@@@_STL@@@_STL@@YAXPAUS4SortElem8@@U1@U?$less@US4SortElem8@@@0@@Z	??MS4SortElem8@@QBE_NABU0@@Z	0x005EC52E	unowned
Code/GameEngine/Source/GameClient/GUI/ScoreRowSort.cpp	??$__unguarded_partition@PAUS4SortElem8@@U1@U?$less@US4SortElem8@@@_STL@@@_STL@@YAPAUS4SortElem8@@PAU1@0U1@U?$less@US4SortElem8@@@0@@Z	??MS4SortElem8@@QBE_NABU0@@Z	0x005EC52E	unowned
Code/GameEngine/Source/GameClient/GUI/Shell/ShellMenuSchemeImageConstructor.cpp	??0ShellMenuSchemeImage@@QAE@XZ	?clear@?$StringBase@D@@QAEXXZ	0x00036410	wrong
Code/GameEngine/Source/GameClient/GUI/Shell/ShellMenuScheme_Rva0020066C.cpp	??0ShellMenuScheme@@QAE@XZ	??0?$_List_base@PAVShellMenuSchemeImage@@V?$allocator@PAVShellMenuSchemeImage@@@_STL@@@_STL@@QAE@ABV?$allocator@PAVShellMenuSchemeImage@@@1@@Z	0x004EC36C	wrong
Code/GameEngine/Source/GameClient/GUI/Shell/ShellMenuScheme_Rva0020066C.cpp	??0ShellMenuScheme@@QAE@XZ	??0?$_List_base@PAVShellMenuSchemeLine@@V?$allocator@PAVShellMenuSchemeLine@@@_STL@@@_STL@@QAE@ABV?$allocator@PAVShellMenuSchemeLine@@@1@@Z	0x004EC36C	wrong
Code/GameEngine/Source/GameClient/GUI/Shell/ShellMenuScheme_Rva002008c8.cpp	?newShellMenuScheme@ShellMenuSchemeManager@@QAEPAVShellMenuScheme@@VAsciiString@@@Z	??1ShellMenuScheme@@QAE@XZ	0x002006B0	wrong
Code/GameEngine/Source/GameClient/GUI/Shell/ShellMenuScheme_Rva002008c8.cpp	?newShellMenuScheme@ShellMenuSchemeManager@@QAEPAVShellMenuScheme@@VAsciiString@@@Z	?erase@?$list@PAVShellMenuScheme@@V?$allocator@PAVShellMenuScheme@@@_STL@@@_STL@@QAE?AU?$_List_iterator@PAVShellMenuScheme@@U?$_Nonconst_traits@PAVShellMenuScheme@@@_STL@@@2@U32@@Z	0x00438539	wrong
Code/GameEngine/Source/GameClient/GUI/Shell/ShellMenuScheme_Rva002008c8.cpp	?newShellMenuScheme@ShellMenuSchemeManager@@QAEPAVShellMenuScheme@@VAsciiString@@@Z	?push_back@?$list@PAVShellMenuScheme@@V?$allocator@PAVShellMenuScheme@@@_STL@@@_STL@@QAEXABQAVShellMenuScheme@@@Z	0x0005548F	wrong
Code/GameEngine/Source/GameClient/GUI/Shell/ShellTop.cpp	?findScreenByFilename@Shell@@QAEPAVWindowLayout@@VAsciiString@@@Z	?compareNoCase@AsciiString@@QBEHABV1@@Z	0x00006A00	divergent
Code/GameEngine/Source/GameClient/GUI/Shell/ShellTop.cpp	?update@Shell@@UAEXXZ	?rva0035BD5D@Shell@@QAE_NXZ	0x0035BD5D	unowned
Code/GameEngine/Source/GameClient/GUI/Shell/ShellTop.cpp	?update@Shell@@UAEXXZ	?rva0035C2B9@Shell@@QAEXXZ	0x0035C2B9	unowned
Code/GameEngine/Source/GameClient/GUI/SkirmishScreenShowError.cpp	?showError@BfmeAptScreenSkirmish@@QAEXABVUnicodeString@@H@Z	?MessageBoxOk@@YAPAVGameWindow@@VUnicodeString@@0P6AXXZ@Z	0x0044C0A8	unowned
Code/GameEngine/Source/GameClient/GUI/WindowVideoHashtableDtor.cpp	??1?$hashtable@U?$pair@QBVGameWindow@@PAVWindowVideo@@@_STL@@PBVGameWindow@@UhashConstGameWindowPtr@WindowVideoManager@@U?$_Select1st@U?$pair@QBVGameWindow@@PAVWindowVideo@@@_STL@@@2@U?$equal_to@PBVGameWindow@@@2@V?$allocator@U?$pair@QBVGameWindow@@PAVWindowVideo@@@_STL@@@2@@_STL@@QAE@XZ	?clear@?$hashtable@U?$pair@QBVGameWindow@@PAVWindowVideo@@@_STL@@PBVGameWindow@@UhashConstGameWindowPtr@WindowVideoManager@@U?$_Select1st@U?$pair@QBVGameWindow@@PAVWindowVideo@@@_STL@@@2@U?$equal_to@PBVGameWindow@@@2@V?$allocator@U?$pair@QBVGameWindow@@PAVWindowVideo@@@_STL@@@2@@_STL@@QAEXXZ	0x001DBCDC	divergent
Code/GameEngine/Source/GameClient/GUI/window_video_manager.cpp	??0?$hashtable@U?$pair@QBVGameWindow@@PAVWindowVideo@@@_STL@@PBVGameWindow@@UhashConstGameWindowPtr@WindowVideoManager@@U?$_Select1st@U?$pair@QBVGameWindow@@PAVWindowVideo@@@_STL@@@2@U?$equal_to@PBVGameWindow@@@2@V?$allocator@U?$pair@QBVGameWindow@@PAVWindowVideo@@@_STL@@@2@@_STL@@QAE@IABUhashConstGameWindowPtr@WindowVideoManager@@ABU?$equal_to@PBVGameWindow@@@1@ABV?$allocator@U?$pair@QBVGameWindow@@PAVWindowVideo@@@_STL@@@1@@Z	??0?$_Vector_base@PAXV?$allocator@PAX@_STL@@@_STL@@QAE@ABV?$allocator@PAX@1@@Z	0x00025100	divergent
Code/GameEngine/Source/GameClient/GUI/window_video_manager.cpp	??0?$hashtable@U?$pair@QBVGameWindow@@PAVWindowVideo@@@_STL@@PBVGameWindow@@UhashConstGameWindowPtr@WindowVideoManager@@U?$_Select1st@U?$pair@QBVGameWindow@@PAVWindowVideo@@@_STL@@@2@U?$equal_to@PBVGameWindow@@@2@V?$allocator@U?$pair@QBVGameWindow@@PAVWindowVideo@@@_STL@@@2@@_STL@@QAE@IABUhashConstGameWindowPtr@WindowVideoManager@@ABU?$equal_to@PBVGameWindow@@@1@ABV?$allocator@U?$pair@QBVGameWindow@@PAVWindowVideo@@@_STL@@@1@@Z	?_M_initialize_buckets@?$hashtable@U?$pair@QBVGameWindow@@PAVWindowVideo@@@_STL@@PBVGameWindow@@UhashConstGameWindowPtr@WindowVideoManager@@U?$_Select1st@U?$pair@QBVGameWindow@@PAVWindowVideo@@@_STL@@@2@U?$equal_to@PBVGameWindow@@@2@V?$allocator@U?$pair@QBVGameWindow@@PAVWindowVideo@@@_STL@@@2@@_STL@@AAEXI@Z	0x00148DDF	wrong
Code/GameEngine/Source/GameClient/GUI/window_video_manager.cpp	??0WindowVideoManager@@QAE@XZ	?clear@?$hashtable@U?$pair@QBVGameWindow@@PAVWindowVideo@@@_STL@@PBVGameWindow@@UhashConstGameWindowPtr@WindowVideoManager@@U?$_Select1st@U?$pair@QBVGameWindow@@PAVWindowVideo@@@_STL@@@2@U?$equal_to@PBVGameWindow@@@2@V?$allocator@U?$pair@QBVGameWindow@@PAVWindowVideo@@@_STL@@@2@@_STL@@QAEXXZ	0x001DBCDC	divergent
Code/GameEngine/Source/GameClient/GUI/window_video_manager.cpp	??1WindowVideoManager@@UAE@XZ	?clear@?$hashtable@U?$pair@QBVGameWindow@@PAVWindowVideo@@@_STL@@PBVGameWindow@@UhashConstGameWindowPtr@WindowVideoManager@@U?$_Select1st@U?$pair@QBVGameWindow@@PAVWindowVideo@@@_STL@@@2@U?$equal_to@PBVGameWindow@@@2@V?$allocator@U?$pair@QBVGameWindow@@PAVWindowVideo@@@_STL@@@2@@_STL@@QAEXXZ	0x001DBCDC	divergent
Code/GameEngine/Source/GameClient/GUI/window_video_manager.cpp	?_M_insert@?$hashtable@U?$pair@QBVGameWindow@@PAVWindowVideo@@@_STL@@PBVGameWindow@@UhashConstGameWindowPtr@WindowVideoManager@@U?$_Select1st@U?$pair@QBVGameWindow@@PAVWindowVideo@@@_STL@@@2@U?$equal_to@PBVGameWindow@@@2@V?$allocator@U?$pair@QBVGameWindow@@PAVWindowVideo@@@_STL@@@2@@_STL@@QAEAAU?$pair@QBVGameWindow@@PAVWindowVideo@@@2@ABU32@@Z	?_M_new_node@?$hashtable@U?$pair@QBVGameWindow@@PAVWindowVideo@@@_STL@@PBVGameWindow@@UhashConstGameWindowPtr@WindowVideoManager@@U?$_Select1st@U?$pair@QBVGameWindow@@PAVWindowVideo@@@_STL@@@2@U?$equal_to@PBVGameWindow@@@2@V?$allocator@U?$pair@QBVGameWindow@@PAVWindowVideo@@@_STL@@@2@@_STL@@AAEPAU?$_Hashtable_node@U?$pair@QBVGameWindow@@PAVWindowVideo@@@_STL@@@2@ABU?$pair@QBVGameWindow@@PAVWindowVideo@@@2@@Z	0x005472D3	wrong
Code/GameEngine/Source/GameClient/GUI/window_video_manager.cpp	?_M_insert@?$hashtable@U?$pair@QBVGameWindow@@PAVWindowVideo@@@_STL@@PBVGameWindow@@UhashConstGameWindowPtr@WindowVideoManager@@U?$_Select1st@U?$pair@QBVGameWindow@@PAVWindowVideo@@@_STL@@@2@U?$equal_to@PBVGameWindow@@@2@V?$allocator@U?$pair@QBVGameWindow@@PAVWindowVideo@@@_STL@@@2@@_STL@@QAEAAU?$pair@QBVGameWindow@@PAVWindowVideo@@@2@ABU32@@Z	?resize@?$hashtable@U?$pair@QBVGameWindow@@PAVWindowVideo@@@_STL@@PBVGameWindow@@UhashConstGameWindowPtr@WindowVideoManager@@U?$_Select1st@U?$pair@QBVGameWindow@@PAVWindowVideo@@@_STL@@@2@U?$equal_to@PBVGameWindow@@@2@V?$allocator@U?$pair@QBVGameWindow@@PAVWindowVideo@@@_STL@@@2@@_STL@@QAEXI@Z	0x0053F1EC	wrong
Code/GameEngine/Source/GameClient/GUI/window_video_manager.cpp	?init@WindowVideoManager@@UAEXXZ	?clear@?$hashtable@U?$pair@QBVGameWindow@@PAVWindowVideo@@@_STL@@PBVGameWindow@@UhashConstGameWindowPtr@WindowVideoManager@@U?$_Select1st@U?$pair@QBVGameWindow@@PAVWindowVideo@@@_STL@@@2@U?$equal_to@PBVGameWindow@@@2@V?$allocator@U?$pair@QBVGameWindow@@PAVWindowVideo@@@_STL@@@2@@_STL@@QAEXXZ	0x001DBCDC	divergent
Code/GameEngine/Source/GameClient/GUI/window_video_manager.cpp	?playMovie@WindowVideoManager@@QAEXPAVGameWindow@@VAsciiString@@W4WindowVideoPlayType@@@Z	??A?$hash_map@PBVGameWindow@@PAVWindowVideo@@UhashConstGameWindowPtr@WindowVideoManager@@U?$equal_to@PBVGameWindow@@@_STL@@V?$allocator@U?$pair@QBVGameWindow@@PAVWindowVideo@@@_STL@@@6@@_STL@@QAEAAPAVWindowVideo@@ABQBVGameWindow@@@Z	0x0041F4E5	wrong
Code/GameEngine/Source/GameClient/GUI/window_video_manager.cpp	?reset@WindowVideoManager@@UAEXXZ	?clear@?$hashtable@U?$pair@QBVGameWindow@@PAVWindowVideo@@@_STL@@PBVGameWindow@@UhashConstGameWindowPtr@WindowVideoManager@@U?$_Select1st@U?$pair@QBVGameWindow@@PAVWindowVideo@@@_STL@@@2@U?$equal_to@PBVGameWindow@@@2@V?$allocator@U?$pair@QBVGameWindow@@PAVWindowVideo@@@_STL@@@2@@_STL@@QAEXXZ	0x001DBCDC	divergent
Code/GameEngine/Source/GameClient/GUI/window_video_manager.cpp	?stopAndRemoveMovie@WindowVideoManager@@QAEXPAVGameWindow@@@Z	?erase@?$hash_map@PBVGameWindow@@PAVWindowVideo@@UhashConstGameWindowPtr@WindowVideoManager@@U?$equal_to@PBVGameWindow@@@_STL@@V?$allocator@U?$pair@QBVGameWindow@@PAVWindowVideo@@@_STL@@@6@@_STL@@QAEXU?$_Ht_iterator@U?$pair@QBVGameWindow@@PAVWindowVideo@@@_STL@@U?$_Nonconst_traits@U?$pair@QBVGameWindow@@PAVWindowVideo@@@_STL@@@2@PBVGameWindow@@UhashConstGameWindowPtr@WindowVideoManager@@U?$_Select1st@U?$pair@QBVGameWindow@@PAVWindowVideo@@@_STL@@@2@U?$equal_to@PBVGameWindow@@@2@V?$allocator@U?$pair@QBVGameWindow@@PAVWindowVideo@@@_STL@@@2@@2@@Z	0x001E2861	wrong
Code/GameEngine/Source/GameClient/Gen00595870DequePushBackAux_Rva00586204.cpp	?push_back@?$deque@UGen_t_00595870_p12cd@@V?$allocator@UGen_t_00595870_p12cd@@@_STL@@@_STL@@QAEXABUGen_t_00595870_p12cd@@@Z	??$_Construct@UGen_t_00595870_p12cd@@U1@@_STL@@YAXPAUGen_t_00595870_p12cd@@ABU1@@Z	0x002CA82C	divergent
Code/GameEngine/Source/GameClient/Gen00595870DequePushBackAux_Rva00586204.cpp	?push_back@?$deque@UGen_t_00595870_p12cd@@V?$allocator@UGen_t_00595870_p12cd@@@_STL@@@_STL@@QAEXABUGen_t_00595870_p12cd@@@Z	?_M_push_back_aux_v@?$deque@UGen_t_00595870_p12cd@@V?$allocator@UGen_t_00595870_p12cd@@@_STL@@@_STL@@IAEXABUGen_t_00595870_p12cd@@@Z	0x00585B1E	unowned
Code/GameEngine/Source/GameClient/InGameUI.cpp	??$_Construct@U?$pair@$$CBVAsciiString@@V?$list@PAVSuperweaponInfo@@V?$allocator@PAVSuperweaponInfo@@@_STL@@@_STL@@@_STL@@U12@@_STL@@YAXPAU?$pair@$$CBVAsciiString@@V?$list@PAVSuperweaponInfo@@V?$allocator@PAVSuperweaponInfo@@@_STL@@@_STL@@@0@ABU10@@Z	??0?$pair@$$CBVAsciiString@@V?$list@PAVSuperweaponInfo@@V?$allocator@PAVSuperweaponInfo@@@_STL@@@_STL@@@_STL@@QAE@ABU01@@Z	0x00689650	wrong
Code/GameEngine/Source/GameClient/InGameUI.cpp	?preDraw@InGameUI@@UAEXXZ	?handleBuildPlacements@InGameUI@@IAEXXZ	0x002A21E1	unowned
Code/GameEngine/Source/GameClient/InGameUIHeroEventFX_Rva002A123F.cpp	?rva002A123F@InGameUI@@QAEXPAVObject@@@Z	?rva0029F954@InGameUI@@QAEXPAVObject@@PBDPBHM@Z	0x0029F954	unowned
Code/GameEngine/Source/GameClient/InGameUIHeroEventFX_Rva002A123F.cpp	?rva002A1261@InGameUI@@QAEXPAVObject@@@Z	?rva0029F954@InGameUI@@QAEXPAVObject@@PBDPBHM@Z	0x0029F954	unowned
Code/GameEngine/Source/GameClient/InGameUIHeroEventFX_Rva002A123F.cpp	?rva002A1283@InGameUI@@QAEXPAVObject@@@Z	?rva0029F954@InGameUI@@QAEXPAVObject@@PBDPBHM@Z	0x0029F954	unowned
Code/GameEngine/Source/GameClient/InGameUISelectDrawable.cpp	?push_front@?$list@PAVDrawable@@V?$allocator@PAVDrawable@@@_STL@@@_STL@@QAEXABQAVDrawable@@@Z	?insert@?$list@PAVDrawable@@V?$allocator@PAVDrawable@@@_STL@@@_STL@@QAE?AU?$_List_iterator@PAVDrawable@@U?$_Nonconst_traits@PAVDrawable@@@_STL@@@2@U32@ABQAVDrawable@@@Z	0x00239D02	divergent
Code/GameEngine/Source/GameClient/InGameUISelectDrawable.cpp	?rva002796B8@Drawable@@QAEXXZ	?rva00278C7C@Drawable@@QAEXH@Z	0x00278C7C	unowned
Code/GameEngine/Source/GameClient/InGameUI_handleRadiusCursor.cpp	?handleRadiusCursor@InGameUI@@IAEXXZ	?update@RadiusDecal@@QAEXXZ	0x00330F98	unowned
Code/GameEngine/Source/GameClient/Input/KeyboardInitUpdate.cpp	?update@Keyboard@@UAEXXZ	?rva00232B7B@Keyboard@@AAEXXZ	0x00232B7B	unowned
Code/GameEngine/Source/GameClient/Input/KeyboardResetKeys.cpp	?resetKeys@Keyboard@@QAEXXZ	?rva00232B7B@Keyboard@@AAEXXZ	0x00232B7B	unowned
Code/GameEngine/Source/GameClient/LivingWorldEyeTower.cpp	?getPair@LivingWorldEyeTower@@AAEPAXXZ	_$E2	0x007B8169	unowned
Code/GameEngine/Source/GameClient/MapCacheFindMap.cpp	??$find@VAsciiString@@@?$_Rb_tree@VAsciiString@@U?$pair@$$CBVAsciiString@@VMapMetaData@@@_STL@@U?$_Select1st@U?$pair@$$CBVAsciiString@@VMapMetaData@@@_STL@@@3@U?$less@VAsciiString@@@3@V?$allocator@U?$pair@$$CBVAsciiString@@VMapMetaData@@@_STL@@@3@@_STL@@QAE?AU?$_Rb_tree_iterator@U?$pair@$$CBVAsciiString@@VMapMetaData@@@_STL@@U?$_Nonconst_traits@U?$pair@$$CBVAsciiString@@VMapMetaData@@@_STL@@@2@@1@ABVAsciiString@@@Z	??$_M_find@VAsciiString@@@?$_Rb_tree@VAsciiString@@U?$pair@$$CBVAsciiString@@VMapMetaData@@@_STL@@U?$_Select1st@U?$pair@$$CBVAsciiString@@VMapMetaData@@@_STL@@@3@U?$less@VAsciiString@@@3@V?$allocator@U?$pair@$$CBVAsciiString@@VMapMetaData@@@_STL@@@3@@_STL@@ABEPAU?$_Rb_tree_node@U?$pair@$$CBVAsciiString@@VMapMetaData@@@_STL@@@1@ABVAsciiString@@@Z	0x001F8437	divergent
Code/GameEngine/Source/GameClient/MapCacheFindMap.cpp	?findMap@MapCache@@QAEPBVMapMetaData@@VAsciiString@@@Z	??$_M_find@VAsciiString@@@?$_Rb_tree@VAsciiString@@U?$pair@$$CBVAsciiString@@VMapMetaData@@@_STL@@U?$_Select1st@U?$pair@$$CBVAsciiString@@VMapMetaData@@@_STL@@@3@U?$less@VAsciiString@@@3@V?$allocator@U?$pair@$$CBVAsciiString@@VMapMetaData@@@_STL@@@3@@_STL@@ABEPAU?$_Rb_tree_node@U?$pair@$$CBVAsciiString@@VMapMetaData@@@_STL@@@1@ABVAsciiString@@@Z	0x001F8437	divergent
Code/GameEngine/Source/GameClient/MapCache_ctor_Thunk.cpp	??0MapCache@@QAE@XZ	??0?$map@VAsciiString@@HU?$less@VAsciiString@@@_STL@@V?$allocator@U?$pair@$$CBVAsciiString@@H@_STL@@@3@@_STL@@QAE@XZ	0x0033C432	wrong
Code/GameEngine/Source/GameClient/MapCache_ctor_Thunk.cpp	??0MapCache@@QAE@XZ	??0?$map@VAsciiString@@UMapMetaData@@U?$less@VAsciiString@@@_STL@@V?$allocator@U?$pair@$$CBVAsciiString@@UMapMetaData@@@_STL@@@4@@_STL@@QAE@XZ	0x0022E272	wrong
Code/GameEngine/Source/GameClient/MapMetaDataCopy.cpp	??0?$map@VAsciiString@@UCoord3D@@U?$less@VAsciiString@@@_STL@@V?$allocator@U?$pair@$$CBVAsciiString@@UCoord3D@@@_STL@@@4@@_STL@@QAE@ABV01@@Z	??0?$_Rb_tree@VAsciiString@@U?$pair@$$CBVAsciiString@@UCoord3D@@@_STL@@U?$_Select1st@U?$pair@$$CBVAsciiString@@UCoord3D@@@_STL@@@3@U?$less@VAsciiString@@@3@V?$allocator@U?$pair@$$CBVAsciiString@@UCoord3D@@@_STL@@@3@@_STL@@QAE@ABV01@@Z	0x003025A5	divergent
Code/GameEngine/Source/GameClient/MapMetaDataCopy.cpp	??0WaypointMap@@QAE@ABV0@@Z	??0?$_Rb_tree@VAsciiString@@U?$pair@$$CBVAsciiString@@UCoord3D@@@_STL@@U?$_Select1st@U?$pair@$$CBVAsciiString@@UCoord3D@@@_STL@@@3@U?$less@VAsciiString@@@3@V?$allocator@U?$pair@$$CBVAsciiString@@UCoord3D@@@_STL@@@3@@_STL@@QAE@ABV01@@Z	0x003025A5	divergent
Code/GameEngine/Source/GameClient/MapMetaDataCopy.cpp	??1MapMetaData@@QAE@XZ	??1?$_List_base@UCoord3D@@V?$allocator@UCoord3D@@@_STL@@@_STL@@QAE@XZ	0x004EC395	divergent
Code/GameEngine/Source/GameClient/MapMetaDataCopy.cpp	??1MapMetaData@@QAE@XZ	??1AsciiString@@QAE@XZ	0x00036410	divergent
Code/GameEngine/Source/GameClient/MapMetaDataCopy.cpp	??4?$_Rb_tree@VAsciiString@@U?$pair@$$CBVAsciiString@@UCoord3D@@@_STL@@U?$_Select1st@U?$pair@$$CBVAsciiString@@UCoord3D@@@_STL@@@3@U?$less@VAsciiString@@@3@V?$allocator@U?$pair@$$CBVAsciiString@@UCoord3D@@@_STL@@@3@@_STL@@QAEAAV01@ABV01@@Z	?_M_copy@?$_Rb_tree@VAsciiString@@U?$pair@$$CBVAsciiString@@UCoord3D@@@_STL@@U?$_Select1st@U?$pair@$$CBVAsciiString@@UCoord3D@@@_STL@@@3@U?$less@VAsciiString@@@3@V?$allocator@U?$pair@$$CBVAsciiString@@UCoord3D@@@_STL@@@3@@_STL@@AAEPAU?$_Rb_tree_node@U?$pair@$$CBVAsciiString@@UCoord3D@@@_STL@@@2@PAU32@0@Z	0x00301F9B	divergent
Code/GameEngine/Source/GameClient/MapMetaDataCopy.cpp	??4?$list@UCoord3D@@V?$allocator@UCoord3D@@@_STL@@@_STL@@QAEAAV01@ABV01@@Z	?erase@?$list@UCoord3D@@V?$allocator@UCoord3D@@@_STL@@@_STL@@QAE?AU?$_List_iterator@UCoord3D@@U?$_Nonconst_traits@UCoord3D@@@_STL@@@2@U32@0@Z	0x00548267	divergent
Code/GameEngine/Source/GameClient/MapObjectWriteObjectsDataChunk.cpp	?bfmeWriteObjectsDataChunk@@YAXPAVMapObject@@PAVDataChunkOutput@@PAVMapObjectWriterFilter@@@Z	?writeDict@DataChunkOutput@@QAEXABVDict@@@Z	0x00307D85	unowned
Code/GameEngine/Source/GameClient/MapUtil.cpp	?_M_create_node@?$_Rb_tree@VAsciiString@@U?$pair@$$CBVAsciiString@@UCoord3D@@@_STL@@U?$_Select1st@U?$pair@$$CBVAsciiString@@UCoord3D@@@_STL@@@3@U?$less@VAsciiString@@@3@V?$allocator@U?$pair@$$CBVAsciiString@@UCoord3D@@@_STL@@@3@@_STL@@IAEPAU?$_Rb_tree_node@U?$pair@$$CBVAsciiString@@UCoord3D@@@_STL@@@2@ABU?$pair@$$CBVAsciiString@@UCoord3D@@@2@@Z	??$_Construct@U?$pair@$$CBVAsciiString@@UCoord3D@@@_STL@@U12@@_STL@@YAXPAU?$pair@$$CBVAsciiString@@UCoord3D@@@0@ABU10@@Z	0x0016CC80	divergent
Code/GameEngine/Source/GameClient/MapUtil.cpp	?isValidMap@@YA_NVAsciiString@@_N@Z	??$_M_find@VAsciiString@@@?$_Rb_tree@VAsciiString@@U?$pair@$$CBVAsciiString@@VMapMetaData@@@_STL@@U?$_Select1st@U?$pair@$$CBVAsciiString@@VMapMetaData@@@_STL@@@3@U?$less@VAsciiString@@@3@V?$allocator@U?$pair@$$CBVAsciiString@@VMapMetaData@@@_STL@@@3@@_STL@@ABEPAU?$_Rb_tree_node@U?$pair@$$CBVAsciiString@@VMapMetaData@@@_STL@@@1@ABVAsciiString@@@Z	0x001F8437	divergent
Code/GameEngine/Source/GameClient/MapUtil.cpp	?isValidMap@@YA_NVAsciiString@@_N@Z	?updateCache@MapCache@@QAEXXZ	0x00305749	unowned
Code/GameEngine/Source/GameClient/MapUtil.cpp	?resetMap@@YAXXZ	?clear@?$_List_base@UCoord3D@@V?$allocator@UCoord3D@@@_STL@@@_STL@@QAEXXZ	0x0023DAA5	divergent
Code/GameEngine/Source/GameClient/MapUtilGetDefaultMap.cpp	?getDefaultMap@@YA?AVAsciiString@@_N@Z	??0?$_Vector_base@PAVMapMetaData@@V?$allocator@PAVMapMetaData@@@_STL@@@_STL@@QAE@ABV?$allocator@PAVMapMetaData@@@1@@Z	0x00211E58	wrong
Code/GameEngine/Source/GameClient/MapUtilGetDefaultMap.cpp	?getDefaultMap@@YA?AVAsciiString@@_N@Z	?updateCache@MapCache@@QAEXXZ	0x00305749	unowned
Code/GameEngine/Source/GameClient/MapUtilGetDefaultMap.cpp	?rva00302459@@YAXIPAV?$vector@PAVMapMetaData@@V?$allocator@PAVMapMetaData@@@_STL@@@_STL@@@Z	?push_back@?$vector@PAVMapMetaData@@V?$allocator@PAVMapMetaData@@@_STL@@@_STL@@QAEXABQAVMapMetaData@@@Z	0x004DFCB0	wrong
Code/GameEngine/Source/GameClient/MapUtil_ParseObjectsDataChunk_Thunk_Rva00302b06.cpp	?ParseObjectsDataChunk@@YA_NAAVDataChunkInput@@PAUDataChunkInfo@@PAX@Z	?ParseObjectDataChunk@@YA_NAAVDataChunkInput@@PAUDataChunkInfo@@PAX@Z	0x00302907	unowned
Code/GameEngine/Source/GameClient/MapUtil_unk_YA_NAAVDataChunkInput_PAUDataChunkInfo_PAX_Z.cpp	?ParseSizeOnlyInChunk@@YA_NAAVDataChunkInput@@PAUDataChunkInfo@@PAX@Z	?ParseSizeOnly@@YA_NAAVDataChunkInput@@PAUDataChunkInfo@@PAX@Z	0x00302E87	unowned
Code/GameEngine/Source/GameClient/MessageStream/CommandXlat_Rva004297bb.cpp	?canAnyForceAttack@@YAHPBV?$list@PAVDrawable@@V?$allocator@PAVDrawable@@@_STL@@@_STL@@PBVObject@@PBVCoord3D@@@Z	?canObjectForceAttack@@YAHPAVObject@@PBV1@PBVCoord3D@@@Z	0x004291C8	unowned
Code/GameEngine/Source/GameClient/MessageStream/SelectionXlat_areAllSelected.cpp	??A?$hash_map@PBVThingTemplate@@_NU?$hash@PBVThingTemplate@@@_STL@@U?$equal_to@PBVThingTemplate@@@3@V?$allocator@U?$pair@QBVThingTemplate@@_N@_STL@@@3@@_STL@@QAEAA_NABQBVThingTemplate@@@Z	??$find@PBVThingTemplate@@@?$hashtable@U?$pair@QBVThingTemplate@@_N@_STL@@PBVThingTemplate@@U?$hash@PBVThingTemplate@@@2@U?$_Select1st@U?$pair@QBVThingTemplate@@_N@_STL@@@2@U?$equal_to@PBVThingTemplate@@@2@V?$allocator@U?$pair@QBVThingTemplate@@_N@_STL@@@2@@_STL@@QAE?AU?$_Ht_iterator@U?$pair@QBVThingTemplate@@_N@_STL@@U?$_Nonconst_traits@U?$pair@QBVThingTemplate@@_N@_STL@@@2@PBVThingTemplate@@U?$hash@PBVThingTemplate@@@2@U?$_Select1st@U?$pair@QBVThingTemplate@@_N@_STL@@@2@U?$equal_to@PBVThingTemplate@@@2@V?$allocator@U?$pair@QBVThingTemplate@@_N@_STL@@@2@@1@ABQBVThingTemplate@@@Z	0x00148B27	wrong
Code/GameEngine/Source/GameClient/MessageStream/SelectionXlat_areAllSelected.cpp	??A?$hash_map@PBVThingTemplate@@_NU?$hash@PBVThingTemplate@@@_STL@@U?$equal_to@PBVThingTemplate@@@3@V?$allocator@U?$pair@QBVThingTemplate@@_N@_STL@@@3@@_STL@@QAEAA_NABQBVThingTemplate@@@Z	?_M_insert@?$hashtable@U?$pair@QBVThingTemplate@@_N@_STL@@PBVThingTemplate@@U?$hash@PBVThingTemplate@@@2@U?$_Select1st@U?$pair@QBVThingTemplate@@_N@_STL@@@2@U?$equal_to@PBVThingTemplate@@@2@V?$allocator@U?$pair@QBVThingTemplate@@_N@_STL@@@2@@_STL@@QAEAAU?$pair@QBVThingTemplate@@_N@2@ABU32@@Z	0x0042FD55	wrong
Code/GameEngine/Source/GameClient/MessageStream/SelectionXlat_selectFriendsWrapper.cpp	?selectFriendsWrapper@@YA_NPAVDrawable@@PAX@Z	?selectFriends@SelectionTranslator@@QAE_NPAVDrawable@@PAVGameMessage@@_N@Z	0x0042FE7F	unowned
Code/GameEngine/Source/GameClient/MouseDrawTooltip.cpp	?drawTooltip@Mouse@@QAEXXZ	?Rva003808F0Show@@YAXPAXPAVAsciiString@@HHH@Z	0x003808F0	unowned
Code/GameEngine/Source/GameClient/Open2Twins006.cpp	??1Open2Store880FC0@@UAE@XZ	??1?$_Rb_tree@W4NameKeyType@@U?$pair@$$CBW4NameKeyType@@PAVOpen2Held880FC0@@@_STL@@U?$_Select1st@U?$pair@$$CBW4NameKeyType@@PAVOpen2Held880FC0@@@_STL@@@3@U?$less@W4NameKeyType@@@3@V?$allocator@U?$pair@$$CBW4NameKeyType@@PAVOpen2Held880FC0@@@_STL@@@3@@_STL@@QAE@XZ	0x00627DE0	wrong
Code/GameEngine/Source/GameClient/Open2Twins006.cpp	??1Open2Store8F75D0@@UAE@XZ	??1?$_Rb_tree@W4NameKeyType@@U?$pair@$$CBW4NameKeyType@@PAVOpen2Held8F75D0@@@_STL@@U?$_Select1st@U?$pair@$$CBW4NameKeyType@@PAVOpen2Held8F75D0@@@_STL@@@3@U?$less@W4NameKeyType@@@3@V?$allocator@U?$pair@$$CBW4NameKeyType@@PAVOpen2Held8F75D0@@@_STL@@@3@@_STL@@QAE@XZ	0x0073E3F0	unowned
Code/GameEngine/Source/GameClient/Open2Twins006.cpp	??1Open2Store9A2680@@UAE@XZ	??1?$_Rb_tree@W4NameKeyType@@U?$pair@$$CBW4NameKeyType@@PAVOpen2Held9A2680@@@_STL@@U?$_Select1st@U?$pair@$$CBW4NameKeyType@@PAVOpen2Held9A2680@@@_STL@@@3@U?$less@W4NameKeyType@@@3@V?$allocator@U?$pair@$$CBW4NameKeyType@@PAVOpen2Held9A2680@@@_STL@@@3@@_STL@@QAE@XZ	0x0075A080	wrong
Code/GameEngine/Source/GameClient/Open2Twins006.cpp	?bfmeDescribe@Gen_008F7650@@QAEXPAVBfmeFlagTarget@@@Z	?bfmeAccept@BfmeSinkB@@QAEXPAVBfmeFlagTarget@@@Z	0x0073D8B0	unowned
Code/GameEngine/Source/GameClient/Rva00085947Method.cpp	?rva00087D42@Rva00085947@@QAEPAVVector3@@XZ	_rva00BB6C15Cleanup	0x007B6C15	unowned
Code/GameEngine/Source/GameClient/Rva00085947Method.cpp	?rva0008D253@Rva00085947@@QAEXXZ	?setCameraTransform@W3DView@@AAEXXZ	0x0008BE6B	unowned
Code/GameEngine/Source/GameClient/Rva00093ACBFinish.cpp	?update@W3DSnowManager@@UAEXXZ	?target_0009322D@W3DSnowManager@@AAEXXZ	0x0009322D	unowned
Code/GameEngine/Source/GameClient/Rva00093ACBFinish.cpp	?update@W3DSnowManager@@UAEXXZ	?target_00094652@W3DSnowManager@@AAEXXZ	0x00094652	unowned
Code/GameEngine/Source/GameClient/Rva00093ACBFinish.cpp	?updateIniSettings@W3DSnowManager@@UAEXXZ	?updateIniSettings@SnowManager@@UAEXXZ	0x00201165	unowned
Code/GameEngine/Source/GameClient/Rva00102087Method.cpp	?rva00102087@Rva00102087@@QAEPAUEvaMessageInfo@@PAU2@0@Z	??$_Destroy@PAUEvaMessageInfo@@@_STL@@YAXPAUEvaMessageInfo@@0@Z	0x000AFF52	divergent
Code/GameEngine/Source/GameClient/Rva001F93A3Insert.cpp	?rva001F93A3@Rva000427195@@QAE?AUInsertRet001F8F2A@@PBX@Z	?rva00212858@Rva000427195@@QAEXI@Z	0x00212858	unowned
Code/GameEngine/Source/GameClient/Rva00213925Insert.cpp	?rva00213925@Rva000427195@@QAE?AUInsertRet00212A5A@@PBX@Z	?rva00212858@Rva000427195@@QAEXI@Z	0x00212858	unowned
Code/GameEngine/Source/GameClient/Rva00222A8BAptCallLevel.cpp	?invoke@Rva00222A8BTarget@@QAEHPAXPBDH10000@Z	?Rva006CCB80AptCall@@YAHPBDPAD0H0PAX222@Z	0x006CCB80	unowned
Code/GameEngine/Source/GameClient/Rva00222B19AptCallLevel.cpp	?Rva00222B19AptCall@@YGHPAXPBD1H10000@Z	?Rva006CCB80AptCall@@YAHPBDPAD0H0PAX222@Z	0x006CCB80	unowned
Code/GameEngine/Source/GameClient/Rva002234BAInsert.cpp	?rva002234BA@Rva000427195@@QAEPAU?$pair@$$CBVAsciiString@@UNoCaseTreeValue4@@@_STL@@PBU23@@Z	?rva00212858@Rva000427195@@QAEXI@Z	0x00212858	unowned
Code/GameEngine/Source/GameClient/Rva00223591Free.cpp	?rva00223854@Rva00223591@@QAEPAU?$pair@$$CBVAsciiString@@UTreeHintRef00222C5A@@@_STL@@PBU23@@Z	?rva00212858@Rva000427195@@QAEXI@Z	0x00212858	unowned
Code/GameEngine/Source/GameClient/Rva002236F2Insert.cpp	?rva002236F2@Rva002236F2@@QAEAAURva002236F2Value@@ABU2@@Z	?rva00212858@Rva000427195@@QAEXI@Z	0x00212858	unowned
Code/GameEngine/Source/GameClient/Rva002237C7.cpp	?rva002237C7@Rva00223591@@QAEPAXPBX@Z	?rva00212858@Rva000427195@@QAEXI@Z	0x00212858	unowned
Code/GameEngine/Source/GameClient/Rva002249EDHashInsert.cpp	?rva002249ED@Rva00056F61@@QAEAAVRva0022304A@@ABV2@@Z	?rva00212858@Rva000427195@@QAEXI@Z	0x00212858	unowned
Code/GameEngine/Source/GameClient/Rva002768AC.cpp	?rva002768AC@Rva002768AC@@QAEXXZ	?getTransformMatrix@Drawable@@QBEPBVMatrix3D@@XZ	0x0027628E	unowned
Code/GameEngine/Source/GameClient/Rva002827F3Clear.cpp	??1Rva002833E7Holder@@QAE@XZ	??1Rva002827F3@@QAE@XZ	0x0028279F	unowned
Code/GameEngine/Source/GameClient/Rva002827F3Clear.cpp	??_GRva002827F3@@QAEPAXI@Z	??1Rva002827F3@@QAE@XZ	0x0028279F	unowned
Code/GameEngine/Source/GameClient/Rva002BFAD6Insert.cpp	?rva002BFAD6@Rva002BFAD6@@QAEPAXPBX@Z	?rva00212858@Rva000427195@@QAEXI@Z	0x00212858	unowned
Code/GameEngine/Source/GameClient/Rva002D46AD.cpp	??__Fs_key@?1??Rva002D46ADSet@@YAXH@Z@YAXXZ	?releaseBuffer@?$StringBase@D@@AAEXXZ	0x0048BA39	wrong
Code/GameEngine/Source/GameClient/Rva002E01F7Insert.cpp	?rva002E035B@Rva000427195@@QAE?AUInsertRet002E01F7@@PBX@Z	?rva00212858@Rva000427195@@QAEXI@Z	0x00212858	unowned
Code/GameEngine/Source/GameClient/Rva00304259Finish.cpp	?positionStartSpots@@YAXPAVGameInfo@@PAPAVGameWindow@@PAV2@2@Z	?positionStartSpots@@YAXVAsciiString@@PAPAVGameWindow@@PAV2@2@Z	0x00303ED4	unowned
Code/GameEngine/Source/GameClient/Rva00410DDFInsert.cpp	?rva00410DDF@Rva000427195@@QAEPAU?$pair@$$CBVAsciiString@@UTreeHintPayload00410A86@@@_STL@@PBU23@@Z	?rva00212858@Rva000427195@@QAEXI@Z	0x00212858	unowned
Code/GameEngine/Source/GameClient/Rva00410E23Insert.cpp	?rva00410E23@Rva000427195@@QAEPAU?$pair@$$CBVAsciiString@@UTreeHintPayload00410E23@@@_STL@@PBU23@@Z	?rva00212858@Rva000427195@@QAEXI@Z	0x00212858	unowned
Code/GameEngine/Source/GameClient/Rva00410E67Insert.cpp	?rva00410E67@Rva000427195@@QAEPAU?$pair@$$CBVAsciiString@@UTreeHintPayload00410B17@@@_STL@@PBU23@@Z	?rva00212858@Rva000427195@@QAEXI@Z	0x00212858	unowned
Code/GameEngine/Source/GameClient/Rva0041557AInsert.cpp	?rva0041557A@Rva000427195@@QAE?AUInsertRet0041539F@@PBX@Z	?rva00212858@Rva000427195@@QAEXI@Z	0x00212858	unowned
Code/GameEngine/Source/GameClient/Rva00418374.cpp	?rva00418374@Rva00418374@@QAEPAUOutIter004182F8@@PAU2@PBVRva004181F5@@@Z	?rva00212858@Rva000427195@@QAEXI@Z	0x00212858	unowned
Code/GameEngine/Source/GameClient/Rva00419331Insert.cpp	?rva004193AD@Rva000427195@@QAE?AUInsertRet00419331@@PBX@Z	?rva00212858@Rva000427195@@QAEXI@Z	0x00212858	unowned
Code/GameEngine/Source/GameClient/Rva00419331Insert.cpp	?rva00419967@Rva000427195@@QAE?AUInsertRet00419331@@PBX@Z	?rva00212858@Rva000427195@@QAEXI@Z	0x00212858	unowned
Code/GameEngine/Source/GameClient/Rva0041FC77Insert.cpp	?rva0041FC77@Rva000427195@@QAE?AUInsertRet0041FA92@@PBX@Z	?rva00212858@Rva000427195@@QAEXI@Z	0x00212858	unowned
Code/GameEngine/Source/GameClient/Rva00462710ModeCheckForEach.cpp	??$for_each@U?$_Ht_iterator@URva0045F0A0Input@@U?$_Nonconst_traits@URva0045F0A0Input@@@_STL@@VAsciiString@@U?$hash@VAsciiString@@@rts@@URva0045F0A0ExtractKey@@U?$equal_to@VAsciiString@@@3@V?$allocator@URva0045F0A0Input@@@3@@_STL@@VRva0045F0A0@@@_STL@@YA?AVRva0045F0A0@@U?$_Ht_iterator@URva0045F0A0Input@@U?$_Nonconst_traits@URva0045F0A0Input@@@_STL@@VAsciiString@@U?$hash@VAsciiString@@@rts@@URva0045F0A0ExtractKey@@U?$equal_to@VAsciiString@@@3@V?$allocator@URva0045F0A0Input@@@3@@0@0V1@@Z	??E?$_Ht_iterator@URva0045F0A0Input@@U?$_Nonconst_traits@URva0045F0A0Input@@@_STL@@VAsciiString@@U?$hash@VAsciiString@@@rts@@URva0045F0A0ExtractKey@@U?$equal_to@VAsciiString@@@3@V?$allocator@URva0045F0A0Input@@@3@@_STL@@QAEAAU01@XZ	0x00411084	wrong
Code/GameEngine/Source/GameClient/Rva004BDB37Finish.cpp	?rva004BDB37@Rva004BDB37@@QAEXXZ	?bfmeCallFCB@BfmeSubFCB@@QAEXPAXH@Z	0x0028FCD9	unowned
Code/GameEngine/Source/GameClient/Rva006EE520SubtitleUpdate_Rva0004802C.cpp	?update@Rva006EE520@@QAEXH@Z	?publish@Rva00435A40Sink@@QAEXABV?$StringBase@G@@I@Z	0x00260BBF	unowned
Code/GameEngine/Source/GameClient/Rva00BCF670CameraSettings.cpp	?constrainPosition@Rva00BCF670CameraSettings@@UAEXPAUCoord3D@@@Z	?rva002E3AA8@PolygonTrigger@@QAE_NPBUCoord3D@@0PAU2@_N@Z	0x002E3AA8	unowned
Code/GameEngine/Source/GameClient/SubtitleManagerAccessors.cpp	?addSubtitle@SubtitleManager@@QAEXABVAsciiString@@IHHHHH@Z	?_M_insert_overflow@?$vector@PAVSubtitleEntry@@V?$allocator@PAVSubtitleEntry@@@_STL@@@_STL@@IAEXPAPAVSubtitleEntry@@ABQAV3@ABU__true_type@2@I_N@Z	0x006887F0	wrong
Code/GameEngine/Source/GameClient/System/Anim2D.cpp	??1Anim2DTemplate@@UAE@XZ	??1AsciiString@@QAE@XZ	0x00036410	divergent
Code/GameEngine/Source/GameClient/System/FXParticleSystem/DefaultModuleTag0ConcreteModuleClassGetInstance.cpp	?getInstance@?$ConcreteModuleClass@V?$DefaultModuleTag@$0A@@FXParticleSystem@@@FXParticleSystem@@SAABV12@XZ	??0?$ConcreteModuleClass@V?$DefaultModuleTag@$0A@@FXParticleSystem@@@FXParticleSystem@@QAE@XZ	0x003AA823	wrong
Code/GameEngine/Source/GameClient/System/FXParticleSystem/DefaultModuleTag1ConcreteModuleClassGetInstance.cpp	?getInstance@?$ConcreteModuleClass@V?$DefaultModuleTag@$00@FXParticleSystem@@@FXParticleSystem@@SAABV12@XZ	??0?$ConcreteModuleClass@V?$DefaultModuleTag@$00@FXParticleSystem@@@FXParticleSystem@@QAE@XZ	0x003AA801	wrong
Code/GameEngine/Source/GameClient/System/FXParticleSystem/DefaultModuleTag2ConcreteModuleClassGetInstance.cpp	?getInstance@?$ConcreteModuleClass@V?$DefaultModuleTag@$01@FXParticleSystem@@@FXParticleSystem@@SAABV12@XZ	??0?$ConcreteModuleClass@V?$DefaultModuleTag@$01@FXParticleSystem@@@FXParticleSystem@@QAE@XZ	0x003AA867	wrong
Code/GameEngine/Source/GameClient/System/FXParticleSystem/DefaultModuleTag3ConcreteModuleClassGetInstance.cpp	?getInstance@?$ConcreteModuleClass@V?$DefaultModuleTag@$02@FXParticleSystem@@@FXParticleSystem@@SAABV12@XZ	??0?$ConcreteModuleClass@V?$DefaultModuleTag@$02@FXParticleSystem@@@FXParticleSystem@@QAE@XZ	0x003AA845	wrong
Code/GameEngine/Source/GameClient/System/FXParticleSystem/DefaultModuleTag6ConcreteModuleClassGetInstance.cpp	?getInstance@?$ConcreteModuleClass@V?$DefaultModuleTag@$05@FXParticleSystem@@@FXParticleSystem@@SAABV12@XZ	??0?$ConcreteModuleClass@V?$DefaultModuleTag@$05@FXParticleSystem@@@FXParticleSystem@@QAE@XZ	0x003AA206	wrong
Code/GameEngine/Source/GameClient/System/FXParticleSystem/DefaultModuleTag7ConcreteModuleClassGetInstance.cpp	?getInstance@?$ConcreteModuleClass@V?$DefaultModuleTag@$06@FXParticleSystem@@@FXParticleSystem@@SAABV12@XZ	??0?$ConcreteModuleClass@V?$DefaultModuleTag@$06@FXParticleSystem@@@FXParticleSystem@@QAE@XZ	0x003AA889	wrong
Code/GameEngine/Source/GameClient/System/FXParticleSystem/DefaultModuleTemplate02CopyCtorThunk.cpp	??0?$DefaultModuleTemplate@$02@FXParticleSystem@@QAE@ABV01@@Z	??0DefaultPhysicsModuleInfo@FXParticleSystem@@QAE@ABV01@@Z	0x003A7736	unowned
Code/GameEngine/Source/GameClient/System/FXParticleSystem/DefaultModuleTemplate02CtorThunk.cpp	??0?$DefaultModuleTemplate@$02@FXParticleSystem@@QAE@XZ	??0DefaultPhysicsModuleInfo@FXParticleSystem@@QAE@XZ	0x0055EE5E	unowned
Code/GameEngine/Source/GameClient/System/FXParticleSystem/DefaultModuleTemplateCopyCtors.cpp	??0Rva003AEBC9@@QAE@ABV0@@Z	??0DefaultPhysicsModuleInfo@FXParticleSystem@@QAE@ABV01@@Z	0x003A7736	unowned
Code/GameEngine/Source/GameClient/System/FXParticleSystem/LifeEventModuleTemplateCopyCtorThunk.cpp	??0LifeEventModuleTemplate@FXParticleSystem@@QAE@ABV01@@Z	??0LifeEventCategoryTemplate@FXParticleSystem@@QAE@ABV01@@Z	0x00001F30	wrong
Code/GameEngine/Source/GameClient/System/FXParticleSystem/LightningEmissionModuleCtor.cpp	??0LightningEmissionModule@FXParticleSystem@@QAE@AAV?$TrackingPtr@VParticleSystem@FXParticleSystem@@@1@PBVLightningEmissionModuleTemplate@1@@Z	??0LightningEmissionInfo@FXParticleSystem@@QAE@ABV01@@Z	0x003A6AF5	unowned
Code/GameEngine/Source/GameClient/System/FXParticleSystem/LightningEmissionModuleTemplateCopyCtorThunk.cpp	??0LightningEmissionModuleTemplate@FXParticleSystem@@QAE@ABV01@@Z	?construct_from@LightningEmissionModuleTemplateSubCopyShim@FXParticleSystem@@QAEXPBX@Z	0x003A6AF5	unowned
Code/GameEngine/Source/GameClient/System/FXParticleSystem/LightningEmissionModuleTemplateCtorThunk.cpp	??0LightningEmissionModuleTemplate@FXParticleSystem@@QAE@XZ	??0LightningEmissionInfo@FXParticleSystem@@QAE@XZ	0x0055D9A5	unowned
Code/GameEngine/Source/GameClient/System/FXParticleSystem/ModuleTemplateFactorySlots.cpp	?rva003AD7CF@V3HostRva005E7420@@QAEPAVRva005E7420Object@@PAX@Z	??0Rva005E7420Object@@QAE@PAXPAVV3HostRva005E7420@@@Z	0x003ACE2D	unowned
Code/GameEngine/Source/GameClient/System/FXParticleSystem/ModuleTemplateFactorySlots.cpp	?rva003AD80B@Rva003AD80BTemplate@@QAEPAVRva003ACE5CModule@@PAX@Z	??0Rva003ACE5CModule@@QAE@PAXPAVRva003AD80BTemplate@@@Z	0x003ACE5C	unowned
Code/GameEngine/Source/GameClient/System/FXParticleSystem/ModuleTemplateFactorySlots.cpp	?rva003AD84A@V3HostRva005E76E0@@QAEPAVRva005E76E0Object@@PAX@Z	??0Rva005E76E0Object@@QAE@PAXPAVV3HostRva005E76E0@@@Z	0x003ACE8B	unowned
Code/GameEngine/Source/GameClient/System/FXParticleSystem/ModuleTemplateFactorySlots.cpp	?rva003AD886@Rva003AD886Template@@QAEPAVRva003ACEFCModule@@PAX@Z	??0Rva003ACEFCModule@@QAE@PAXPAVRva003AD886Template@@@Z	0x003ACEFC	unowned
Code/GameEngine/Source/GameClient/System/FXParticleSystem/ModuleTemplateFactorySlots.cpp	?rva003AD9BB@Rva003AD9BBTemplate@@QAEPAVRva003AD0CAModule@@PAX@Z	??0Rva003AD0CAModule@@QAE@PAXPAVRva003AD9BBTemplate@@@Z	0x003AD0CA	unowned
Code/GameEngine/Source/GameClient/System/FXParticleSystem/ModuleTemplateFactorySlots.cpp	?rva003AD9F7@Rva003AD9F7Template@@QAEPAVRva003AD100Module@@PAX@Z	??0Rva003AD100Module@@QAE@PAXPAVRva003AD9F7Template@@@Z	0x003AD100	unowned
Code/GameEngine/Source/GameClient/System/FXParticleSystem/ModuleTemplateFactorySlots.cpp	?rva003ADA36@V3HostRva005E7AD0@@QAEPAVRva005E7AD0Object@@PAX@Z	??0Rva005E7AD0Object@@QAE@PAXPAVV3HostRva005E7AD0@@@Z	0x003AD136	unowned
Code/GameEngine/Source/GameClient/System/FXParticleSystem/OrthoEmissionVelocityConcreteModuleClassGetInstance.cpp	?getInstance@?$ConcreteModuleClass@UOrthoEmissionVelocityModuleTag@FXParticleSystem@@@FXParticleSystem@@SAABV12@XZ	??0?$ConcreteModuleClass@UOrthoEmissionVelocityModuleTag@FXParticleSystem@@@FXParticleSystem@@QAE@XZ	0x003AA8CD	wrong
Code/GameEngine/Source/GameClient/System/FXParticleSystem/PointEmissionVolumeConcreteModuleClassGetInstance.cpp	?getInstance@?$ConcreteModuleClass@UPointEmissionVolumeModuleTag@FXParticleSystem@@@FXParticleSystem@@SAABV12@XZ	??0?$ConcreteModuleClass@UPointEmissionVolumeModuleTag@FXParticleSystem@@@FXParticleSystem@@QAE@XZ	0x003AA8EF	wrong
Code/GameEngine/Source/GameClient/System/FXParticleSystem/Rva003AD44BInit.cpp	?Rva003AD44BInit@@YAXXZ	_$E2	0x007B806E	unowned
Code/GameEngine/Source/GameClient/System/FXParticleSystem/Rva003AD46CInit.cpp	?Rva003AD46CInit@@YAXXZ	_$E2	0x007B806D	unowned
Code/GameEngine/Source/GameClient/System/FXParticleSystem/Rva003AD48DInit.cpp	?Rva003AD48DInit@@YAXXZ	_$E2	0x007B806C	unowned
Code/GameEngine/Source/GameClient/System/FXParticleSystem/Rva003AD4AEInit.cpp	?Rva003AD4AEInit@@YAXXZ	_$E2	0x007B806B	unowned
Code/GameEngine/Source/GameClient/System/FXParticleSystem/Rva003AD4CFInit.cpp	?Rva003AD4CFInit@@YAXXZ	_$E2	0x007B806A	unowned
Code/GameEngine/Source/GameClient/System/FXParticleSystem/Rva003AD4F0Init.cpp	?Rva003AD4F0Init@@YAXXZ	_$E2	0x007B8069	unowned
Code/GameEngine/Source/GameClient/System/FXParticleSystem/Rva003AD511Init.cpp	?Rva003AD511Init@@YAXXZ	_$E2	0x007B8068	unowned
Code/GameEngine/Source/GameClient/System/FXParticleSystem/Rva003AD532Init.cpp	?Rva003AD532Init@@YAXXZ	_$E2	0x007B8067	unowned
Code/GameEngine/Source/GameClient/System/FXParticleSystem/Rva003AD553Init.cpp	?Rva003AD553Init@@YAXXZ	_$E2	0x007B8066	unowned
Code/GameEngine/Source/GameClient/System/FXParticleSystem/Rva003AD574Init.cpp	?Rva003AD574Init@@YAXXZ	_$E2	0x007B8065	unowned
Code/GameEngine/Source/GameClient/System/FXParticleSystem/Rva003AD595Init.cpp	?Rva003AD595Init@@YAXXZ	_$E2	0x007B8064	unowned
Code/GameEngine/Source/GameClient/System/FXParticleSystem/Rva003AD5B6Init.cpp	?Rva003AD5B6Init@@YAXXZ	_$E2	0x007B8063	unowned
Code/GameEngine/Source/GameClient/System/FXParticleSystem/Rva003AD5D7Init.cpp	?Rva003AD5D7Init@@YAXXZ	_$E2	0x007B8062	unowned
Code/GameEngine/Source/GameClient/System/FXParticleSystem/Rva003AD5F8Init.cpp	?Rva003AD5F8Init@@YAXXZ	_$E2	0x007B8061	unowned
Code/GameEngine/Source/GameClient/System/FXParticleSystem/Rva003AD619Init.cpp	?Rva003AD619Init@@YAXXZ	_$E2	0x007B8060	unowned
Code/GameEngine/Source/GameClient/System/FXParticleSystem/Rva003AD63AInit.cpp	?Rva003AD63AInit@@YAXXZ	_$E2	0x007B805F	unowned
Code/GameEngine/Source/GameClient/System/FXParticleSystem/Rva003AD65BInit.cpp	?Rva003AD65BInit@@YAXXZ	_$E2	0x007B805E	unowned
Code/GameEngine/Source/GameClient/System/FXParticleSystem/Rva003AD67CInit.cpp	?Rva003AD67CInit@@YAXXZ	_$E2	0x007B805D	unowned
Code/GameEngine/Source/GameClient/System/FXParticleSystem/Rva003AD69DInit.cpp	?Rva003AD69DInit@@YAXXZ	_$E2	0x007B805C	unowned
Code/GameEngine/Source/GameClient/System/FXParticleSystem/Rva003AD6BEInit.cpp	?Rva003AD6BEInit@@YAXXZ	_$E2	0x007B805B	unowned
Code/GameEngine/Source/GameClient/System/FXParticleSystem/T1Base005F3750Ctor.cpp	??0AssetList@@QAE@XZ	??0?$set@PAURva001408C0Target@@U?$less@PAURva001408C0Target@@@_STL@@V?$allocator@PAURva001408C0Target@@@3@@_STL@@QAE@XZ	0x000D3A71	wrong
Code/GameEngine/Source/GameClient/System/FXParticleSystem/T1Base005F3750Ctor.cpp	??0T1Base_005F3750@@QAE@PAX0@Z	??0?$set@PAURva001408C0Target@@U?$less@PAURva001408C0Target@@@_STL@@V?$allocator@PAURva001408C0Target@@@3@@_STL@@QAE@XZ	0x000D3A71	wrong
Code/GameEngine/Source/GameClient/System/FXParticleSystem/TerrainCollisionModuleTemplateCopyCtorThunk.cpp	??0TerrainCollisionModuleTemplate@FXParticleSystem@@QAE@ABV01@@Z	??0TerrainCollisionCategoryTemplate@FXParticleSystem@@QAE@ABV01@@Z	0x00001F30	wrong
Code/GameEngine/Source/GameClient/System/FXParticleSystem/WindModuleConstructor.cpp	??0Rva005FEAD0DefaultModule7@FXParticleSystem@@QAE@AAV?$TrackingPtr@VParticleSystem@FXParticleSystem@@@1@PBVDefaultModuleTemplate7@1@@Z	??0Rva005FEA50Base@FXParticleSystem@@QAE@AAV?$TrackingPtr@VParticleSystem@FXParticleSystem@@@1@PBX@Z	0x003A5856	unowned
Code/GameEngine/Source/GameClient/System/ImageCollectionDeletingDtor.cpp	??_GImageCollection@@UAEPAXI@Z	??1ImageCollection@@UAE@XZ	0x002D9283	unowned
Code/GameEngine/Source/GameClient/System/ImageCollectionLoad.cpp	?load@ImageCollection@@QAEXH@Z	?loadDirectory@INI@@QAEXVAsciiString@@_NW4INILoadType@@PAVXfer@@H@Z	0x0002E63B	unowned
Code/GameEngine/Source/GameClient/System/ParticleSystemMake001FCBD7.cpp	?Make001FCBD7@@YAPAVParticleSystem@@XZ	??0ParticleSystem@@QAE@PBVParticleSystemTemplate@FXParticleSystem@@W4ParticleSystemID@@_N@Z	0x001FC701	unowned
Code/GameEngine/Source/GameClient/System/ParticleSystemMake001FCBD7.cpp	?Make001FCBD7@@YAPAVParticleSystem@@XZ	_$E3	0x007B759C	wrong
Code/GameEngine/Source/GameClient/System/Rva00204C21.cpp	?rva00204C21@Rva00204C21@@QAEXPBD@Z	??1BFMERetailAsciiString@@QAE@XZ	0x00036410	wrong
Code/GameEngine/Source/GameClient/System/Rva00204C21.cpp	?rva00204C21@Rva00204C21@@QAEXPBD@Z	?bfmeStopCW@ParticleSystemManager@@QAEXABVBFMERetailAsciiString@@@Z	0x001F9EAF	unowned
Code/GameEngine/Source/GameClient/System/Rva00204C21.cpp	?rva00204C21@Rva00204C21@@QAEXPBD@Z	?release@Rva0020453CHolderBase@@QAEXXZ	0x0020453C	unowned
Code/GameEngine/Source/GameClient/System/Smudge.cpp	?removeSmudgeSet@SmudgeManager@@QAEXAAUSmudgeSet@@@Z	?Add_Head@?$DLListClass@USmudgeSet@@@@QAEXPAV?$DLNodeClass@USmudgeSet@@@@@Z	0x002D25E2	wrong
Code/GameEngine/Source/GameClient/System/Smudge_SmudgeSet_addSmudgeToSet.cpp	?addSmudgeToSet@SmudgeSet@@QAEPAUSmudge@@XZ	?Add_Tail@?$DLListClass@USmudge@@@@QAEXPAV?$DLNodeClass@USmudge@@@@@Z	0x002D2634	wrong
Code/GameEngine/Source/GameClient/Terrain/TerrainRoads_Rva00062E72.cpp	?getBridgeModelNameBroken@TerrainRoadType@@QAE?AVAsciiString@@XZ	??0AsciiString@@QAE@ABV0@@Z	0x000365F0	divergent
Code/GameEngine/Source/GameClient/VideoPlayerAddVideo.cpp	?addVideo@VideoPlayer@@UAEXPAUVideo@@@Z	??$_Construct@UVideo@@U1@@_STL@@YAXPAUVideo@@ABU1@@Z	0x006896F0	wrong
Code/GameEngine/Source/GameClient/WaterSettingsArray.cpp	??__EWaterSettings@@YAXXZ	_$E2	0x007B7ACD	wrong
Code/GameEngine/Source/GameLogic/AI/AIAttackApproachTargetStateOnExit.cpp	?update@AIAttackApproachTargetState00C12678@@UAE?AW4StateReturnType@@XZ	?getNextMoodTarget@AIUpdateInterface@@QAEPAVObject@@_N0@Z	0x00268EB8	unowned
Code/GameEngine/Source/GameLogic/AI/AIAttackApproachTargetStateOnExit.cpp	?update@AIAttackApproachTargetState@@UAE?AW4StateReturnType@@XZ	?getNextMoodTarget@AIUpdateInterface@@QAEPAVObject@@_N0@Z	0x00268EB8	unowned
Code/GameEngine/Source/GameLogic/AI/AIAttackApproachTargetStateOnExit.cpp	?update@AIAttackApproachTargetState@@UAE?AW4StateReturnType@@XZ	?updateInternal@AIAttackApproachTargetState@@AAE?AW4StateReturnType@@XZ	0x00348356	unowned
Code/GameEngine/Source/GameLogic/AI/AIAttackPursueTargetStateUpdate.cpp	?update@AIAttackPursueTargetState@@UAE?AW4StateReturnType@@XZ	?getNextMoodTarget@AIUpdateInterface@@QAEPAVObject@@_N0@Z	0x00268EB8	unowned
Code/GameEngine/Source/GameLogic/AI/AIDockStateOnExit.cpp	?onEnter@AIDockState@@UAE?AW4StateReturnType@@XZ	??0AIDockMachine@@QAE@PAVObject@@@Z	0x005448A1	unowned
Code/GameEngine/Source/GameLogic/AI/AIDockStateOnExit.cpp	?xfer@AIDockState@@MAEXPAVXfer@@@Z	??0AIDockMachine@@QAE@PAVObject@@@Z	0x005448A1	unowned
Code/GameEngine/Source/GameLogic/AI/AIDockStates.cpp	?update@AIDockApproachState@@UAE?AW4StateReturnType@@XZ	?update@AIInternalMoveToState@@UAE?AW4StateReturnType@@XZ	0x00347460	unowned
Code/GameEngine/Source/GameLogic/AI/AIDockXfer.cpp	?xfer@AIDockMachine@@MAEXPAVXfer@@@Z	?xfer@StateMachine@@MAEXPAVXfer@@@Z	0x004D7744	unowned
Code/GameEngine/Source/GameLogic/AI/AIFollowPathStateMethods.cpp	?update@AIFollowPathState@@UAE?AW4StateReturnType@@XZ	?adjustDestination@Pathfinder@@QAE_NPAVObject@@ABVLocomotorSet@@PAUCoord3D@@PBU4@@Z	0x002FCFCF	unowned
Code/GameEngine/Source/GameLogic/AI/AIFollowPathStateMethods.cpp	?update@AIFollowPathState@@UAE?AW4StateReturnType@@XZ	?update@AIInternalMoveToState@@UAE?AW4StateReturnType@@XZ	0x00347460	unowned
Code/GameEngine/Source/GameLogic/AI/AIGroupBroadcastOrders.cpp	?groupDoCommandButton@AIGroup@@QAEXPBVCommandButton@@W4CommandSourceType@@@Z	?doCommandButton@Object@@QAEXPBVCommandButton@@HH@Z	0x00296749	unowned
Code/GameEngine/Source/GameLogic/AI/AIGroupDeleter.cpp	??_GAIGroup@@MAEPAXI@Z	??1AIGroup@@MAE@XZ	0x0036E564	unowned
Code/GameEngine/Source/GameLogic/AI/AIGroupDoCommandButton.cpp	?groupDoCommandButtonAtObject@AIGroup@@QAEXPBVCommandButton@@PAVObject@@W4CommandSourceType@@@Z	?rva00297000@Object@@QAEXPBVCommandButton@@PAV1@HH@Z	0x00297000	unowned
Code/GameEngine/Source/GameLogic/AI/AIGroupDoCommandButton.cpp	?groupDoCommandButtonAtPosition@AIGroup@@QAEXPBVCommandButton@@PBUCoord3D@@W4CommandSourceType@@@Z	?rva00297149@Object@@QAEXPBVCommandButton@@PBUCoord3D@@HH@Z	0x00297149	unowned
Code/GameEngine/Source/GameLogic/AI/AIGroupSourceObjects_Rva0036E111.cpp	?getSpecialPowerSourceObject@AIGroup@@QAEPAVObject@@I@Z	?findSpecialPowerTemplateByID@SpecialPowerStore@@QAEPBVSpecialPowerTemplate@@I@Z	0x003B0FD0	unowned
Code/GameEngine/Source/GameLogic/AI/AIGuardMachineGuardPosition.cpp	?rva00543326@AIGuardMachine@@QBE?AUCoord3D@@XZ	?rva0039E5B9@Team@@QAEXPAUCoord3D@@@Z	0x0039E5B9	unowned
Code/GameEngine/Source/GameLogic/AI/AIGuardMachineXfer.cpp	?xfer@AIGuardMachine@@MAEXPAVXfer@@@Z	?xfer@StateMachine@@MAEXPAVXfer@@@Z	0x004D7744	unowned
Code/GameEngine/Source/GameLogic/AI/AIGuardRetaliateStateOnEnter.cpp	?onEnter@AIGuardRetaliateState@@UAE?AW4StateReturnType@@XZ	??0AIGuardRetaliateMachine@@QAE@PAVObject@@@Z	0x0054551F	unowned
Code/GameEngine/Source/GameLogic/AI/AIGuardRetaliateStates.cpp	?onEnter@AIGuardRetaliateReturnState@@UAE?AW4StateReturnType@@XZ	?adjustDestination@Pathfinder@@QAE_NPAVObject@@ABVLocomotorSet@@PAUCoord3D@@PBU4@@Z	0x002FCFCF	unowned
Code/GameEngine/Source/GameLogic/AI/AIGuardRetaliateStates.cpp	?update@AIGuardRetaliateReturnState@@UAE?AW4StateReturnType@@XZ	?getAbleToAttackSpecificObject@Object@@QBE?AW4CanAttackResult@@W4AbleToAttackType@@PBV1@W4CommandSourceType@@@Z	0x0028D051	unowned
Code/GameEngine/Source/GameLogic/AI/AIGuardRetaliateStates.cpp	?update@AIGuardRetaliateReturnState@@UAE?AW4StateReturnType@@XZ	?update@AIInternalMoveToState@@UAE?AW4StateReturnType@@XZ	0x00347460	unowned
Code/GameEngine/Source/GameLogic/AI/AIGuardRetaliateXfer.cpp	?xfer@AIGuardRetaliateMachine@@MAEXPAVXfer@@@Z	?xfer@StateMachine@@MAEXPAVXfer@@@Z	0x004D7744	unowned
Code/GameEngine/Source/GameLogic/AI/AIGuardReturnStateOnEnter.cpp	?onEnter@AIGuardReturnState@@UAE?AW4StateReturnType@@XZ	?adjustDestination@Pathfinder@@QAE_NPAVObject@@ABVLocomotorSet@@PAUCoord3D@@PBU4@@Z	0x002FCFCF	unowned
Code/GameEngine/Source/GameLogic/AI/AIGuardStates.cpp	?onEnter@AIGuardInnerState@@UAE?AW4StateReturnType@@XZ	?rva0039E5B9@Team@@QAEXPAUCoord3D@@@Z	0x0039E5B9	unowned
Code/GameEngine/Source/GameLogic/AI/AIGuardStates.cpp	?onEnter@AIGuardOuterState@@UAE?AW4StateReturnType@@XZ	?rva002FE193@AI@@SA_NPAVObject@@0@Z	0x002FE193	unowned
Code/GameEngine/Source/GameLogic/AI/AIGuardStates.cpp	?onEnter@AIGuardOuterState@@UAE?AW4StateReturnType@@XZ	?rva0039E5B9@Team@@QAEXPAUCoord3D@@@Z	0x0039E5B9	unowned
Code/GameEngine/Source/GameLogic/AI/AIGuardStates.cpp	?update@AIGuardAttackAggressorState@@UAE?AW4StateReturnType@@XZ	?rva0039E5B9@Team@@QAEXPAUCoord3D@@@Z	0x0039E5B9	unowned
Code/GameEngine/Source/GameLogic/AI/AIGuardStates.cpp	?update@AIGuardIdleState@@UAE?AW4StateReturnType@@XZ	?lookForInnerTarget@AIGuardMachine@@QAE_NXZ	0x005433FA	unowned
Code/GameEngine/Source/GameLogic/AI/AIGuardStates.cpp	?update@AIGuardIdleState@@UAE?AW4StateReturnType@@XZ	?rva0039E5B9@Team@@QAEXPAUCoord3D@@@Z	0x0039E5B9	unowned
Code/GameEngine/Source/GameLogic/AI/AIGuardStates.cpp	?update@AIGuardInnerState@@UAE?AW4StateReturnType@@XZ	?lookForInnerTarget@AIGuardMachine@@QAE_NXZ	0x005433FA	unowned
Code/GameEngine/Source/GameLogic/AI/AIGuardStates.cpp	?update@AIGuardInnerState@@UAE?AW4StateReturnType@@XZ	?rva0039E5B9@Team@@QAEXPAUCoord3D@@@Z	0x0039E5B9	unowned
Code/GameEngine/Source/GameLogic/AI/AIGuardStates.cpp	?update@AIGuardReturnState@@UAE?AW4StateReturnType@@XZ	?getLocomotorDistanceToGoal@AIUpdateInterface@@QAEMXZ	0x0026435E	unowned
Code/GameEngine/Source/GameLogic/AI/AIGuardStates.cpp	?update@AIGuardReturnState@@UAE?AW4StateReturnType@@XZ	?lookForInnerTarget@AIGuardMachine@@QAE_NXZ	0x005433FA	unowned
Code/GameEngine/Source/GameLogic/AI/AIGuardStates.cpp	?update@AIGuardReturnState@@UAE?AW4StateReturnType@@XZ	?update@AIInternalMoveToState@@UAE?AW4StateReturnType@@XZ	0x00347460	unowned
Code/GameEngine/Source/GameLogic/AI/AIGuardStates.cpp	?update@Rva0036A979GuardIdleState@@UAE?AW4StateReturnType@@XZ	?lookForInnerTarget@Rva00369FDFGuardMachine@@QAE_NXZ	0x00369FDF	unowned
Code/GameEngine/Source/GameLogic/AI/AIGuardStates.cpp	?update@Rva0036A979GuardIdleState@@UAE?AW4StateReturnType@@XZ	?rva0039E5B9@Team@@QAEXPAUCoord3D@@@Z	0x0039E5B9	unowned
Code/GameEngine/Source/GameLogic/AI/AIGuardStatesXfer.cpp	?xfer@AIGuardRetaliateState@@MAEXPAVXfer@@@Z	??0AIGuardRetaliateMachine@@QAE@PAVObject@@@Z	0x0054551F	unowned
Code/GameEngine/Source/GameLogic/AI/AIGuardStatesXfer.cpp	?xfer@AITunnelNetworkGuardState@@MAEXPAVXfer@@@Z	??0AITNGuardMachine@@QAE@PAVObject@@@Z	0x00546001	unowned
Code/GameEngine/Source/GameLogic/AI/AIHordeCowerStateSlots.cpp	?onEnter@AIHarvestState@@UAE?AW4StateReturnType@@XZ	??0Rva00544C51@@QAE@PAVObject@@@Z	0x00544ED4	unowned
Code/GameEngine/Source/GameLogic/AI/AIMeleeReAcquireStateOnEnter.cpp	?onEnter@AIMeleeReAcquireState@@UAE?AW4StateReturnType@@XZ	?friend_setGoalObject@AIUpdateInterface@@QAEXPAVObject@@@Z	0x00262B0F	wrong
Code/GameEngine/Source/GameLogic/AI/AIMoveAndDeleteStateUpdate.cpp	?update@AIMoveAndDeleteState@@UAE?AW4StateReturnType@@XZ	?update@AIInternalMoveToState@@UAE?AW4StateReturnType@@XZ	0x00347460	unowned
Code/GameEngine/Source/GameLogic/AI/AIMoveAndEvacuateStateUpdate.cpp	?update@AIMoveAndEvacuateState@@UAE?AW4StateReturnType@@XZ	?update@AIInternalMoveToState@@UAE?AW4StateReturnType@@XZ	0x00347460	unowned
Code/GameEngine/Source/GameLogic/AI/AIMoveToAndEvacuateStateOnEnter.cpp	?onEnter@AIMoveToAndEvacuateState@@UAE?AW4StateReturnType@@XZ	?onEnter@AIMoveToState@@UAE?AW4StateReturnType@@XZ	0x0034C7BD	unowned
Code/GameEngine/Source/GameLogic/AI/AIPickUpCrateStateUpdate.cpp	?update@AIPickUpCrateState@@UAE?AW4StateReturnType@@XZ	?update@AIInternalMoveToState@@UAE?AW4StateReturnType@@XZ	0x00347460	unowned
Code/GameEngine/Source/GameLogic/AI/AIStateMachineUpdate.cpp	?clear@AIStateMachine@@UAEXXZ	?erase@?$vector@UCoord3D@@V?$allocator@UCoord3D@@@_STL@@@_STL@@QAEPAUCoord3D@@PAU3@0@Z	0x002A133B	divergent
Code/GameEngine/Source/GameLogic/AI/AIStatesBfmeComputePath.cpp	?onEnter@AIMoveToStateSA@@UAE?AW4StateReturnType@@XZ	?getIgnoredObstacleID@AIUpdateInterface@@QBE?AW4ObjectID@@XZ	0x0006E009	wrong
Code/GameEngine/Source/GameLogic/AI/AIStatesBfmeComputePath.cpp	?update@AIMoveToStateSA@@UAE?AW4StateReturnType@@XZ	?update@AIInternalMoveToState@@UAE?AW4StateReturnType@@XZ	0x00347460	unowned
Code/GameEngine/Source/GameLogic/AI/AIStatesBfmeOnExit.cpp	?onEnter@AICombineState@@UAE?AW4StateReturnType@@XZ	?rva0034612C@AIInternalMoveToState@@QAE?AW4StateReturnType@@XZ	0x0034612C	unowned
Code/GameEngine/Source/GameLogic/AI/AIStatesBfmeOnExit.cpp	?update@AIMoveAndTightenState@@UAE?AW4StateReturnType@@XZ	?update@AIInternalMoveToState@@UAE?AW4StateReturnType@@XZ	0x00347460	unowned
Code/GameEngine/Source/GameLogic/AI/AIStatesDerivedOnExit.cpp	?update@AIAttackFollowWaypointPathState@@UAE?AW4StateReturnType@@XZ	?getNextMoodTarget@AIUpdateInterface@@QAEPAVObject@@_N0@Z	0x00268EB8	unowned
Code/GameEngine/Source/GameLogic/AI/AIStatesDerivedOnExit.cpp	?update@AIFollowWaypointPathStateAndEvacuate@@UAE?AW4StateReturnType@@XZ	?rva003532BF@@YAXPAVObject@@PAVStateMachine@@_N@Z	0x003532BF	unowned
Code/GameEngine/Source/GameLogic/AI/AIStatesDerivedOnExit.cpp	?update@AIFollowWaypointPathStateAndEvacuate@@UAE?AW4StateReturnType@@XZ	?rva003642DF@Path@@QAE?AURva003642DFResult@@M@Z	0x003642DF	unowned
Code/GameEngine/Source/GameLogic/AI/AIStatesEvacuate.cpp	?onEnter@AIMoveForBoarding@@UAE?AW4StateReturnType@@XZ	?onEnter@AIMoveToState@@UAE?AW4StateReturnType@@XZ	0x0034C7BD	unowned
Code/GameEngine/Source/GameLogic/AI/AIStatesEvacuate.cpp	?update@AIMoveForBoarding@@UAE?AW4StateReturnType@@XZ	?rva003642DF@Path@@QAE?AURva003642DFResult@@M@Z	0x003642DF	unowned
Code/GameEngine/Source/GameLogic/AI/AIStatesEvacuate.cpp	?update@AIMoveToAndEvacuateState@@UAE?AW4StateReturnType@@XZ	?rva003532BF@@YAXPAVObject@@PAVStateMachine@@_N@Z	0x003532BF	unowned
Code/GameEngine/Source/GameLogic/AI/AIStatesEvacuate.cpp	?update@AIMoveToAndEvacuateState@@UAE?AW4StateReturnType@@XZ	?rva003642DF@Path@@QAE?AURva003642DFResult@@M@Z	0x003642DF	unowned
Code/GameEngine/Source/GameLogic/AI/AIStatesMoreExits.cpp	?onEnter@AIAttackMoveToState@@UAE?AW4StateReturnType@@XZ	?onEnter@AIMoveToState@@UAE?AW4StateReturnType@@XZ	0x0034C7BD	unowned
Code/GameEngine/Source/GameLogic/AI/AIStatesSmallUpdates.cpp	??_GAIFollowWaypointPathExactState@@UAEPAXI@Z	??1AIFollowWaypointPathExactState@@UAE@XZ	0x00368793	unowned
Code/GameEngine/Source/GameLogic/AI/AIStatesSmallUpdates.cpp	?onEnter@AIFollowWaypointPathExactState@@UAE?AW4StateReturnType@@XZ	?setPathFromWaypoint@AIUpdateInterface@@QAEXPBVWaypoint@@PBUCoord2D@@@Z	0x0026569F	unowned
Code/GameEngine/Source/GameLogic/AI/AIStatesSmallUpdates.cpp	?update@AIDeadState@@UAE?AW4StateReturnType@@XZ	?setEffectivelyDead@Object@@QAEX_N@Z	0x0028D2FB	unowned
Code/GameEngine/Source/GameLogic/AI/AIStatesSmallUpdates.cpp	?update@AIFollowWaypointPathExactState@@UAE?AW4StateReturnType@@XZ	?update@AIInternalMoveToState@@UAE?AW4StateReturnType@@XZ	0x00347460	unowned
Code/GameEngine/Source/GameLogic/AI/AIStatesXfer.cpp	?xfer@AIHarvestState@@MAEXPAVXfer@@@Z	??0Rva00544C51@@QAE@PAVObject@@@Z	0x00544ED4	unowned
Code/GameEngine/Source/GameLogic/AI/AIStatesXfer.cpp	?xfer@BackAwayAndCowerStateMachine@@MAEXPAVXfer@@@Z	?xfer@StateMachine@@MAEXPAVXfer@@@Z	0x004D7744	unowned
Code/GameEngine/Source/GameLogic/AI/AITNGuardReturnStateOnEnter.cpp	?onEnter@AITNGuardReturnState@@UAE?AW4StateReturnType@@XZ	?findBestTunnel@@YAPAVObject@@PAVPlayer@@PBUCoord3D@@@Z	0x00545F80	unowned
Code/GameEngine/Source/GameLogic/AI/AITNGuardReturnStateOnEnter.cpp	?onEnter@AITNGuardReturnState@@UAE?AW4StateReturnType@@XZ	?onEnter@AIEnterState@@UAE?AW4StateReturnType@@XZ	0x0034FB77	unowned
Code/GameEngine/Source/GameLogic/AI/AITNGuardXfer.cpp	?xfer@AITNGuardMachine@@MAEXPAVXfer@@@Z	?xfer@StateMachine@@MAEXPAVXfer@@@Z	0x004D7744	unowned
Code/GameEngine/Source/GameLogic/AI/AITunnelNetworkGuardStateOnEnter.cpp	?onEnter@AITunnelNetworkGuardState@@UAE?AW4StateReturnType@@XZ	??0AITNGuardMachine@@QAE@PAVObject@@@Z	0x00546001	unowned
Code/GameEngine/Source/GameLogic/AI/AIWanderStateMethods.cpp	?update@AIPanicState@@UAE?AW4StateReturnType@@XZ	?update@AIInternalMoveToState@@UAE?AW4StateReturnType@@XZ	0x00347460	unowned
Code/GameEngine/Source/GameLogic/AI/AIWanderStateMethods.cpp	?update@AIWanderState@@UAE?AW4StateReturnType@@XZ	?update@AIInternalMoveToState@@UAE?AW4StateReturnType@@XZ	0x00347460	unowned
Code/GameEngine/Source/GameLogic/AI/AI_createGroup.cpp	?createGroup@AI@@QAEPAVAIGroup@@XZ	??0AIGroup@@QAE@XZ	0x0036E4C7	unowned
Code/GameEngine/Source/GameLogic/AI/AI_createGroup.cpp	?createGroup@AI@@QAEPAVAIGroup@@XZ	?push_back@?$list@PAVAIGroup@@V?$allocator@PAVAIGroup@@@_STL@@@_STL@@QAEXABQAVAIGroup@@@Z	0x0005548F	wrong
Code/GameEngine/Source/GameLogic/AI/ChangeStanceGroupOrderSlot4.cpp	?rva00546BED@ChangeStanceGroupOrder@@UAEXW4ObjectID@@@Z	?rva0045F084@StancesBehavior@@QAEXH@Z	0x0045F084	unowned
Code/GameEngine/Source/GameLogic/AI/GarrisonObjectGroupOrderSlots.cpp	?rva00546E2E@GarrisonObjectGroupOrder@@UAE_NW4ObjectID@@@Z	?canEnterObject@BFMEActionManager@@QAE_NPBVObject@@0W4CommandSourceType@@W4CanEnterType@@HPA_N@Z	0x0041C2D0	unowned
Code/GameEngine/Source/GameLogic/AI/GroupOrderHolderCtor.cpp	??0GroupOrder@@QAE@PAVRva0036E346@@@Z	??0?$_Vector_base@W4ScienceType@@V?$allocator@W4ScienceType@@@_STL@@@_STL@@QAE@ABV?$allocator@W4ScienceType@@@1@@Z	0x00211E58	divergent
Code/GameEngine/Source/GameLogic/AI/MoveToGroupOrderCtor.cpp	??0?$hashtable@U?$pair@$$CBW4ObjectID@@UCoord3D@@@_STL@@W4ObjectID@@U?$hash@W4ObjectID@@@rts@@U?$_Select1st@U?$pair@$$CBW4ObjectID@@UCoord3D@@@_STL@@@2@U?$equal_to@W4ObjectID@@@2@V?$allocator@U?$pair@$$CBW4ObjectID@@UCoord3D@@@_STL@@@2@@_STL@@QAE@IABU?$hash@W4ObjectID@@@rts@@ABU?$equal_to@W4ObjectID@@@1@ABV?$allocator@U?$pair@$$CBW4ObjectID@@UCoord3D@@@_STL@@@1@@Z	??0?$_Vector_base@PAXV?$allocator@PAX@_STL@@@_STL@@QAE@ABV?$allocator@PAX@1@@Z	0x00025100	divergent
Code/GameEngine/Source/GameLogic/AI/MoveToGroupOrderCtor.cpp	??0?$hashtable@U?$pair@$$CBW4ObjectID@@UCoord3D@@@_STL@@W4ObjectID@@U?$hash@W4ObjectID@@@rts@@U?$_Select1st@U?$pair@$$CBW4ObjectID@@UCoord3D@@@_STL@@@2@U?$equal_to@W4ObjectID@@@2@V?$allocator@U?$pair@$$CBW4ObjectID@@UCoord3D@@@_STL@@@2@@_STL@@QAE@IABU?$hash@W4ObjectID@@@rts@@ABU?$equal_to@W4ObjectID@@@1@ABV?$allocator@U?$pair@$$CBW4ObjectID@@UCoord3D@@@_STL@@@1@@Z	?_M_initialize_buckets@?$hashtable@U?$pair@$$CBW4ObjectID@@UCoord3D@@@_STL@@W4ObjectID@@U?$hash@W4ObjectID@@@rts@@U?$_Select1st@U?$pair@$$CBW4ObjectID@@UCoord3D@@@_STL@@@2@U?$equal_to@W4ObjectID@@@2@V?$allocator@U?$pair@$$CBW4ObjectID@@UCoord3D@@@_STL@@@2@@_STL@@AAEXI@Z	0x00148DDF	wrong
Code/GameEngine/Source/GameLogic/AI/MoveToGroupOrderXfer.cpp	??A?$hash_map@W4ObjectID@@UCoord3D@@U?$hash@W4ObjectID@@@rts@@U?$equal_to@W4ObjectID@@@_STL@@V?$allocator@U?$pair@$$CBW4ObjectID@@UCoord3D@@@_STL@@@6@@_STL@@QAEAAUCoord3D@@ABW4ObjectID@@@Z	?_M_insert@?$hashtable@U?$pair@$$CBW4ObjectID@@UCoord3D@@@_STL@@W4ObjectID@@U?$hash@W4ObjectID@@@rts@@U?$_Select1st@U?$pair@$$CBW4ObjectID@@UCoord3D@@@_STL@@@2@U?$equal_to@W4ObjectID@@@2@V?$allocator@U?$pair@$$CBW4ObjectID@@UCoord3D@@@_STL@@@2@@_STL@@QAEAAU?$pair@$$CBW4ObjectID@@UCoord3D@@@2@ABU32@@Z	0x00547430	wrong
Code/GameEngine/Source/GameLogic/AI/MoveToGroupOrderXfer.cpp	?Rva0054755BXfer@@YAPAVXfer@@PAV1@PAV?$hash_map@W4ObjectID@@UCoord3D@@U?$hash@W4ObjectID@@@rts@@U?$equal_to@W4ObjectID@@@_STL@@V?$allocator@U?$pair@$$CBW4ObjectID@@UCoord3D@@@_STL@@@6@@_STL@@@Z	??E?$_Ht_iterator@U?$pair@$$CBW4ObjectID@@UCoord3D@@@_STL@@U?$_Nonconst_traits@U?$pair@$$CBW4ObjectID@@UCoord3D@@@_STL@@@2@W4ObjectID@@U?$hash@W4ObjectID@@@rts@@U?$_Select1st@U?$pair@$$CBW4ObjectID@@UCoord3D@@@_STL@@@2@U?$equal_to@W4ObjectID@@@2@V?$allocator@U?$pair@$$CBW4ObjectID@@UCoord3D@@@_STL@@@2@@_STL@@QAEAAU01@XZ	0x0041E832	wrong
Code/GameEngine/Source/GameLogic/AI/PathfinderAttackViewForwarders.cpp	?isAttackViewBlockedByObstacle@Pathfinder@@QAE_NPBVObject@@PBUCoord3D@@@Z	?isAttackViewBlockedByObstacle@Pathfinder@@QAE_NPBVObject@@ABUCoord3D@@01@Z	0x002F314A	unowned
Code/GameEngine/Source/GameLogic/AI/PathfinderCellLineWalks.cpp	?iterateCellsAlongLine@Pathfinder@@AAEHPBUICoord2D@@0W4PathfindLayerEnum@@PAURva002ECE6AInfo@@@Z	?cellCallback@Rva002ECE6AInfo@@QAEHPAVPathfindCell@@0HH@Z	0x002ECE6A	unowned
Code/GameEngine/Source/GameLogic/AI/PathfinderCellLineWalks.cpp	?iterateCellsAlongLine@Pathfinder@@AAEHPBUICoord2D@@0W4PathfindLayerEnum@@PAURva002ED01EInfo@@@Z	?cellCallback@Rva002ED01EInfo@@QAEHPAVPathfindCell@@0HH@Z	0x002ED01E	unowned
Code/GameEngine/Source/GameLogic/AI/PathfinderCellLineWalks.cpp	?iterateCellsAlongLine@Pathfinder@@AAEHPBUICoord2D@@0W4PathfindLayerEnum@@PAURva002ED15AInfo@@@Z	?cellCallback@Rva002ED15AInfo@@QAEHPAVPathfindCell@@0HH@Z	0x002ED15A	unowned
Code/GameEngine/Source/GameLogic/AI/PathfinderCellLineWalks.cpp	?iterateCellsAlongLine@Pathfinder@@AAEHPBUICoord2D@@0W4PathfindLayerEnum@@PAURva002F18D4Info@@@Z	?cellCallback@Rva002F18D4Info@@QAEHPAVPathfindCell@@0HH@Z	0x002F18D4	unowned
Code/GameEngine/Source/GameLogic/AI/PathfinderCellLineWalks.cpp	?iterateCellsAlongLine@Pathfinder@@AAEHPBUICoord2D@@0W4PathfindLayerEnum@@PAURva002F3F7DInfo@@@Z	?cellCallback@Rva002F3F7DInfo@@QAEHPAVPathfindCell@@0HH@Z	0x002F3F7D	unowned
Code/GameEngine/Source/GameLogic/AI/PathfinderCellLineWalks.cpp	?iterateCellsAlongLine@Pathfinder@@AAEHPBUICoord2D@@0W4PathfindLayerEnum@@PAURva002F4491Info@@@Z	?cellCallback@Rva002F4491Info@@QAEHPAVPathfindCell@@0HH@Z	0x002F4491	unowned
Code/GameEngine/Source/GameLogic/AI/PathfinderCellLineWalks.cpp	?iterateCellsAlongLine@Pathfinder@@AAEHPBUICoord2D@@0W4PathfindLayerEnum@@PAURva002F4D8BInfo@@@Z	?cellCallback@Rva002F4D8BInfo@@QAEHPAVPathfindCell@@0HH@Z	0x002F4D8B	unowned
Code/GameEngine/Source/GameLogic/AI/PathfinderCellLineWalks.cpp	?iterateCellsAlongLine@Pathfinder@@AAEHPBUICoord2D@@0W4PathfindLayerEnum@@PAURva002F5925Info@@@Z	?cellCallback@Rva002F5925Info@@QAEHPAVPathfindCell@@0HH@Z	0x002F5925	unowned
Code/GameEngine/Source/GameLogic/AI/PathfinderIsViewBlockedByObstacle.cpp	?isViewBlockedByObstacle@Pathfinder@@QAE_NPBVObject@@0@Z	?isAttackViewBlockedByObstacle@Pathfinder@@QAE_NPBVObject@@ABUCoord3D@@01@Z	0x002F314A	unowned
Code/GameEngine/Source/GameLogic/AI/PathfinderRemoveUnit.cpp	?removeUnitFromPathfindMap@Pathfinder@@QAEXPAVObject@@@Z	?removeGoal@Pathfinder@@QAEXPAVObject@@@Z	0x006D5B50	unowned
Code/GameEngine/Source/GameLogic/AI/PathfinderRemoveUnit.cpp	?removeUnitFromPathfindMap@Pathfinder@@QAEXPAVObject@@@Z	?removePos@Pathfinder@@QAEXPAVObject@@@Z	0x006D59F0	unowned
Code/GameEngine/Source/GameLogic/AI/PathfinderRva002EB4A0.cpp	?rva002EB4A0@Pathfinder@@QAEHPBUCoord3D@@0W4PathfindLayerEnum@@PAX@Z	?rva002E85AD@Pathfinder@@AAEHPBUICoord2D@@0W4PathfindLayerEnum@@PAX@Z	0x002E85AD	unowned
Code/GameEngine/Source/GameLogic/AI/Pathfinder_d_003e6e90.cpp	?bfmeWrapE6E90@Pathfinder@@QAEEPAX00000@Z	?bfmeInnerE6E90@Pathfinder@@QAEEPAX00000PAPAXH@Z	0x002F00E9	unowned
Code/GameEngine/Source/GameLogic/AI/Rva0018B8B0Apply.cpp	?apply@Rva0018B8B0Holder@@QAEXPAVRva0018B8B0Arg@@_N@Z	?getPart@Rva0018B8B0Arg@@QAEPAUBfmePartCDF@@XZ	0x0036F710	unowned
Code/GameEngine/Source/GameLogic/AI/Rva002EBC34.cpp	?rva002EBC34@Rva002EBC34@@QAEPAUICoord2D@@PAU2@PAXPBUCoord3D@@@Z	?rva002E7964@Rva002E7964@@QAEXPAUICoord2D@@EPBUCoord3D@@@Z	0x002E7964	unowned
Code/GameEngine/Source/GameLogic/AI/Rva002EBC59.cpp	?rva002EBC59@@YAPAXPAX0HHH@Z	?rva002E79A8@@YAXHEHHH@Z	0x002E79A8	unowned
Code/GameEngine/Source/GameLogic/AI/Rva002EBC7F.cpp	?rva002EBC7F@@YAPAXPAX0PAURva002EBC7FPair@@H@Z	?rva002E79A8@@YAXHEHHH@Z	0x002E79A8	unowned
Code/GameEngine/Source/GameLogic/AI/Rva00343F8ADispatch.cpp	?rva00343F8A@@YAXPAVRva00343F8A@@PAX@Z	?rva00343DD8@@YAXPAVRva00343F8A@@PAX@Z	0x00343DD8	unowned
Code/GameEngine/Source/GameLogic/AI/Rva0034B0DDFinish.cpp	??_GAIAttackState@@UAEPAXI@Z	??1AIAttackState@@UAE@XZ	0x0034B178	unowned
Code/GameEngine/Source/GameLogic/AI/StateMachineDefineState.cpp	?defineState@StateMachine@@QAEXIPAUState@@IIPBUStateConditionInfo@@@Z	?insert_unique@?$_Rb_tree@IU?$pair@$$CBIPAUState@@@_STL@@U?$_Select1st@U?$pair@$$CBIPAUState@@@_STL@@@2@U?$less@I@2@V?$allocator@U?$pair@$$CBIPAUState@@@_STL@@@2@@_STL@@QAE?AU?$pair@U?$_Rb_tree_iterator@U?$pair@$$CBIPAUState@@@_STL@@U?$_Nonconst_traits@U?$pair@$$CBIPAUState@@@_STL@@@2@@_STL@@_N@2@ABU?$pair@$$CBIPAUState@@@2@@Z	0x004D795B	wrong
Code/GameEngine/Source/GameLogic/AI/StateMachineGoal.cpp	?hasState@StateMachine@@QAE_NH@Z	??$_M_find@H@?$_Rb_tree@HU?$pair@$$CBHPAUState@@@_STL@@U?$_Select1st@U?$pair@$$CBHPAUState@@@_STL@@@2@U?$less@H@2@V?$allocator@U?$pair@$$CBHPAUState@@@_STL@@@2@@_STL@@ABEPAU?$_Rb_tree_node@U?$pair@$$CBHPAUState@@@_STL@@@1@ABH@Z	0x00357180	wrong
Code/GameEngine/Source/GameLogic/AI/StateMachineGoal.cpp	?internalGetState@StateMachine@@QAEPAUState@@H@Z	??$_M_find@H@?$_Rb_tree@HU?$pair@$$CBHPAUState@@@_STL@@U?$_Select1st@U?$pair@$$CBHPAUState@@@_STL@@@2@U?$less@H@2@V?$allocator@U?$pair@$$CBHPAUState@@@_STL@@@2@@_STL@@ABEPAU?$_Rb_tree_node@U?$pair@$$CBHPAUState@@@_STL@@@1@ABH@Z	0x00357180	wrong
Code/GameEngine/Source/GameLogic/AI/StateMachineGoal.cpp	?internalSetState@StateMachine@@QAE?AW4StateReturnType@@H@Z	?friend_checkForSleepTransitions@State@@QAE?AW4StateReturnType@@W42@@Z	0x004D722A	unowned
Code/GameEngine/Source/GameLogic/AI/StateMachineGoal.cpp	?internalSetState@StateMachine@@QAE?AW4StateReturnType@@H@Z	?friend_checkForTransitions@State@@QAE?AW4StateReturnType@@W42@@Z	0x004D7148	unowned
Code/GameEngine/Source/GameLogic/AI/StateMachineGoal.cpp	?rva004D7627@StateMachine@@QAEXH@Z	??$_M_find@H@?$_Rb_tree@HU?$pair@$$CBHPAUState@@@_STL@@U?$_Select1st@U?$pair@$$CBHPAUState@@@_STL@@@2@U?$less@H@2@V?$allocator@U?$pair@$$CBHPAUState@@@_STL@@@2@@_STL@@ABEPAU?$_Rb_tree_node@U?$pair@$$CBHPAUState@@@_STL@@@1@ABH@Z	0x00357180	wrong
Code/GameEngine/Source/GameLogic/AI/StateMachineGoal.cpp	?updateStateMachine@StateMachine@@QAE?AW4StateReturnType@@XZ	?friend_checkForSleepTransitions@State@@QAE?AW4StateReturnType@@W42@@Z	0x004D722A	unowned
Code/GameEngine/Source/GameLogic/AI/StateMachineGoal.cpp	?updateStateMachine@StateMachine@@QAE?AW4StateReturnType@@XZ	?friend_checkForTransitions@State@@QAE?AW4StateReturnType@@W42@@Z	0x004D7148	unowned
Code/GameEngine/Source/GameLogic/AI/TurretAIUpdate.cpp	?updateTurretAI@TurretAI@@QAE?AW4UpdateSleepTime@@XZ	?startRotOrPitchSound@TurretAI@@AAEXXZ	0x004D8B50	unowned
Code/GameEngine/Source/GameLogic/LargeGroupAudio/LargeGroupAudioKeyMapBfmeAddKey.cpp	?bfmeAddKey@LargeGroupAudioKeyMap@@QAEXABVAsciiString@@@Z	??1AsciiString@@QAE@XZ	0x00036410	divergent
Code/GameEngine/Source/GameLogic/LargeGroupAudio/LargeGroupAudioKeyMapBfmeAddKey.cpp	?bfmeAddKey@LargeGroupAudioKeyMap@@QAEXABVAsciiString@@@Z	?insert_unique@?$_Rb_tree@VAsciiString@@U?$pair@$$CBVAsciiString@@URva003D3F90Value@@@_STL@@U?$_Select1st@U?$pair@$$CBVAsciiString@@URva003D3F90Value@@@_STL@@@3@UBfmeStringNoCaseLess@@V?$allocator@U?$pair@$$CBVAsciiString@@URva003D3F90Value@@@_STL@@@3@@_STL@@QAE?AU?$pair@U?$_Rb_tree_iterator@U?$pair@$$CBVAsciiString@@URva003D3F90Value@@@_STL@@U?$_Nonconst_traits@U?$pair@$$CBVAsciiString@@URva003D3F90Value@@@_STL@@@2@@_STL@@_N@2@ABU?$pair@$$CBVAsciiString@@URva003D3F90Value@@@2@@Z	0x003ED8B1	wrong
Code/GameEngine/Source/GameLogic/LivingWorld/ParseWorldTextBlock_Rva004e195c.cpp	?ParseWorldTextBlock@@YAXPAVINI@@PAX1PBX@Z	?append@Rva003B8610Owner@@QAEXPAVRva003B8610Record@@@Z	0x00566557	unowned
Code/GameEngine/Source/GameLogic/Map/LibraryMapsParserCtor_Rva00329F83.cpp	??0LibraryMapsParser@@QAE@PAX000@Z	??0BfmeParserRegistrationVE@@QAE@PAVDataChunkInput@@PAVAsciiString@@1@Z	0x000ABB87	divergent
Code/GameEngine/Source/GameLogic/Map/LibraryMapsParserCtor_Rva00329F83.cpp	??0LibraryMapsParser@@QAE@PAX000@Z	??1AsciiString@@QAE@XZ	0x00036410	divergent
Code/GameEngine/Source/GameLogic/Map/Rva0019B780Lookup_Rva0032d0b5.cpp	?lookup@Rva0019C520Member@@QAEHPAVAsciiString@@H@Z	??1Rva0019B780Key@@QAE@XZ	0x0002C0C0	wrong
Code/GameEngine/Source/GameLogic/Map/Rva0019B850TeamRecUpdate_Rva0019BE80TeamRec_updateTeam.cpp	?_M_create_node@?$_Rb_tree@U?$pair@VAsciiString@@V1@@_STL@@U?$pair@$$CBU?$pair@VAsciiString@@V1@@_STL@@H@2@U?$_Select1st@U?$pair@$$CBU?$pair@VAsciiString@@V1@@_STL@@H@_STL@@@2@UTeamLess0019B850@@V?$allocator@U?$pair@$$CBU?$pair@VAsciiString@@V1@@_STL@@H@_STL@@@2@@_STL@@IAEPAU?$_Rb_tree_node@U?$pair@$$CBU?$pair@VAsciiString@@V1@@_STL@@H@_STL@@@2@ABU?$pair@$$CBU?$pair@VAsciiString@@V1@@_STL@@H@2@@Z	??$_Construct@U?$pair@$$CBU?$pair@VAsciiString@@V1@@_STL@@H@_STL@@U12@@_STL@@YAXPAU?$pair@$$CBU?$pair@VAsciiString@@V1@@_STL@@H@0@ABU10@@Z	0x00205910	wrong
Code/GameEngine/Source/GameLogic/Map/SidesListCopyCtors.cpp	??0Rva0032C19D@@QAE@XZ	??0?$_Vector_base@URva0032C0E3Element@@V?$allocator@URva0032C0E3Element@@@_STL@@@_STL@@QAE@ABV?$allocator@URva0032C0E3Element@@@1@@Z	0x00211E58	wrong
Code/GameEngine/Source/GameLogic/Map/SidesListTeamsInfoRecAddTeam.cpp	??$__uninitialized_copy@PAVBfmeThingUBB@@PAV1@@_STL@@YAPAVBfmeThingUBB@@PAV1@00ABU__false_type@0@@Z	??$_Construct@VBfmeThingUBB@@V1@@_STL@@YAXPAVBfmeThingUBB@@ABV1@@Z	0x0032ACEA	wrong
Code/GameEngine/Source/GameLogic/Map/SidesListTeamsInfoRecAddTeam.cpp	?push_back@?$vector@VBfmeThingUBB@@V?$allocator@VBfmeThingUBB@@@_STL@@@_STL@@QAEXABVBfmeThingUBB@@@Z	??$_Construct@VBfmeThingUBB@@V1@@_STL@@YAXPAVBfmeThingUBB@@ABV1@@Z	0x0032ACEA	wrong
Code/GameEngine/Source/GameLogic/Map/SidesListTeamsInfoRecVectorCopy.cpp	??0?$vector@VBfmeThingUBB@@V?$allocator@VBfmeThingUBB@@@_STL@@@_STL@@QAE@ABV01@@Z	??0?$_Vector_base@VBfmeThingUBB@@V?$allocator@VBfmeThingUBB@@@_STL@@@_STL@@QAE@IABV?$allocator@VBfmeThingUBB@@@1@@Z	0x00421D73	wrong
Code/GameEngine/Source/GameLogic/Map/SidesList_sidesInfo.cpp	??0SidesInfo@@QAE@ABV0@@Z	??0BuildListInfo@@QAE@ABV0@@Z	0x00329DE6	unowned
Code/GameEngine/Source/GameLogic/Map/SidesList_sidesInfo.cpp	??0SidesInfo@@QAE@ABV0@@Z	??0ScriptList@@QAE@ABV0@@Z	0x003B88DA	unowned
Code/GameEngine/Source/GameLogic/Map/SidesList_sidesInfo.cpp	?init@SidesInfo@@QAEXPBVDict@@@Z	?clear@ScriptList@@QAEXXZ	0x003B7812	unowned
Code/GameEngine/Source/GameLogic/Map/TerrainLogicDeleter.cpp	??_GTerrainLogic@@UAEPAXI@Z	??1TerrainLogic@@UAE@XZ	0x0028418A	unowned
Code/GameEngine/Source/GameLogic/Map/TerrainLogicNewMap.cpp	?newMap@TerrainLogic@@UAEX_N@Z	?rva001ADF10@TerrainLogic@@AAEXXZ	0x00283E9C	unowned
Code/GameEngine/Source/GameLogic/Map/TerrainLogic_setActiveBoundary.cpp	?setActiveBoundary@TerrainLogic@@QAEXH@Z	?rva0035A2DC@Rva0035A2DC@@QAEXPAURegion3D@@M@Z	0x0035A2DC	unowned
Code/GameEngine/Source/GameLogic/Module/WorkerAIUpdateDtor.cpp	??1WorkerAIUpdate@@MAE@XZ	??1Rva0026E836@@UAE@XZ	0x0026E836	unowned
Code/GameEngine/Source/GameLogic/Object/AIUpdateInterfaceFriendNew.cpp	?friend_newModuleInstance@AIUpdateInterface@@SAPAVModule@@PAVThing@@PBVModuleData@@@Z	??0AIUpdateInterface@@QAE@PAVThing@@PBVModuleData@@@Z	0x0026E9BD	unowned
Code/GameEngine/Source/GameLogic/Object/Armor.cpp	?_M_initialize_buckets@?$hashtable@U?$pair@$$CBW4NameKeyType@@VArmorTemplate@@@_STL@@W4NameKeyType@@U?$hash@W4NameKeyType@@@rts@@U?$_Select1st@U?$pair@$$CBW4NameKeyType@@VArmorTemplate@@@_STL@@@2@U?$equal_to@W4NameKeyType@@@5@V?$allocator@U?$pair@$$CBW4NameKeyType@@VArmorTemplate@@@_STL@@@2@@_STL@@AAEXI@Z	?_M_fill_insert@?$vector@PAXV?$allocator@PAX@_STL@@@_STL@@QAEXPAPAXIABQAX@Z	0x00029CA0	unowned
Code/GameEngine/Source/GameLogic/Object/ArmorHashtableRtsCtor.cpp	??0?$hashtable@U?$pair@$$CBW4NameKeyType@@VArmorTemplate@@@_STL@@W4NameKeyType@@U?$hash@W4NameKeyType@@@rts@@U?$_Select1st@U?$pair@$$CBW4NameKeyType@@VArmorTemplate@@@_STL@@@2@U?$equal_to@W4NameKeyType@@@5@V?$allocator@U?$pair@$$CBW4NameKeyType@@VArmorTemplate@@@_STL@@@2@@_STL@@QAE@IABU?$hash@W4NameKeyType@@@rts@@ABU?$equal_to@W4NameKeyType@@@3@ABV?$allocator@U?$pair@$$CBW4NameKeyType@@VArmorTemplate@@@_STL@@@1@@Z	??0?$_Vector_base@PAXV?$allocator@PAX@_STL@@@_STL@@QAE@ABV?$allocator@PAX@1@@Z	0x00025100	divergent
Code/GameEngine/Source/GameLogic/Object/ArmorStoreCtor.cpp	??0?$hashtable@U?$pair@$$CBW4NameKeyType@@VArmorTemplate@@@_STL@@W4NameKeyType@@U?$hash@W4NameKeyType@@@rts@@U?$_Select1st@U?$pair@$$CBW4NameKeyType@@VArmorTemplate@@@_STL@@@2@U?$equal_to@W4NameKeyType@@@2@V?$allocator@U?$pair@$$CBW4NameKeyType@@VArmorTemplate@@@_STL@@@2@@_STL@@QAE@IABU?$hash@W4NameKeyType@@@rts@@ABU?$equal_to@W4NameKeyType@@@1@ABV?$allocator@U?$pair@$$CBW4NameKeyType@@VArmorTemplate@@@_STL@@@1@@Z	??0?$_Vector_base@PAXV?$allocator@PAX@_STL@@@_STL@@QAE@ABV?$allocator@PAX@1@@Z	0x00025100	divergent
Code/GameEngine/Source/GameLogic/Object/ArmorStoreCtor.cpp	??0?$hashtable@U?$pair@$$CBW4NameKeyType@@VArmorTemplate@@@_STL@@W4NameKeyType@@U?$hash@W4NameKeyType@@@rts@@U?$_Select1st@U?$pair@$$CBW4NameKeyType@@VArmorTemplate@@@_STL@@@2@U?$equal_to@W4NameKeyType@@@2@V?$allocator@U?$pair@$$CBW4NameKeyType@@VArmorTemplate@@@_STL@@@2@@_STL@@QAE@IABU?$hash@W4NameKeyType@@@rts@@ABU?$equal_to@W4NameKeyType@@@1@ABV?$allocator@U?$pair@$$CBW4NameKeyType@@VArmorTemplate@@@_STL@@@1@@Z	?_M_initialize_buckets@?$hashtable@U?$pair@$$CBW4NameKeyType@@VArmorTemplate@@@_STL@@W4NameKeyType@@U?$hash@W4NameKeyType@@@rts@@U?$_Select1st@U?$pair@$$CBW4NameKeyType@@VArmorTemplate@@@_STL@@@2@U?$equal_to@W4NameKeyType@@@2@V?$allocator@U?$pair@$$CBW4NameKeyType@@VArmorTemplate@@@_STL@@@2@@_STL@@AAEXI@Z	0x00148DDF	wrong
Code/GameEngine/Source/GameLogic/Object/ArmorStoreFind.cpp	?rva001D901B@Rva001D901B@@QBEPBVArmorTemplate@@ABVAsciiString@@@Z	??$_M_find@W4NameKeyType@@@?$hashtable@U?$pair@$$CBW4NameKeyType@@PAVArmorTemplate@@@_STL@@W4NameKeyType@@U?$hash@W4NameKeyType@@@rts@@U?$_Select1st@U?$pair@$$CBW4NameKeyType@@PAVArmorTemplate@@@_STL@@@2@U?$equal_to@W4NameKeyType@@@2@V?$allocator@U?$pair@$$CBW4NameKeyType@@PAVArmorTemplate@@@_STL@@@2@@_STL@@ABEPAU?$_Hashtable_node@U?$pair@$$CBW4NameKeyType@@PAVArmorTemplate@@@_STL@@@1@ABW4NameKeyType@@@Z	0x002888D4	wrong
Code/GameEngine/Source/GameLogic/Object/Behavior/AutoAbilityBehaviorFriendNew.cpp	?friend_newModuleInstance@AutoAbilityBehavior@@SAPAVModule@@PAVThing@@PBVModuleData@@@Z	??0AutoAbilityBehavior@@QAE@PAVThing@@PBVModuleData@@@Z	0x0045A78F	unowned
Code/GameEngine/Source/GameLogic/Object/Behavior/AutoAbilityBehaviorModuleDataFriendNew.cpp	?friend_newModuleData@AutoAbilityBehaviorModuleData@@SAPAVModuleData@@PAVINI@@@Z	??0AutoAbilityBehaviorModuleData@@QAE@XZ	0x0045A2E7	unowned
Code/GameEngine/Source/GameLogic/Object/Behavior/BezierProjectileBehaviorSlots.cpp	?rva0045BF06@BezierProjectileBehavior@@UAE_NPAVObject@@@Z	?rva002CBA7C@Rva002CBA7C@@QAE_NPAVObject@@00W4ObjectID@@@Z	0x002CBA7C	unowned
Code/GameEngine/Source/GameLogic/Object/Behavior/BridgeBehaviorParseFX.cpp	?parseFX@BridgeBehaviorModuleData@@SAXPAVINI@@PAX1PBX@Z	?push_back@?$list@UBridgeFXInfo@@V?$allocator@UBridgeFXInfo@@@_STL@@@_STL@@QAEXABUBridgeFXInfo@@@Z	0x00457FD7	divergent
Code/GameEngine/Source/GameLogic/Object/Behavior/BridgeBehaviorParseOCL.cpp	?parseOCL@BridgeBehaviorModuleData@@SAXPAVINI@@PAX1PBX@Z	?push_back@?$list@UBridgeOCLInfo@@V?$allocator@UBridgeOCLInfo@@@_STL@@@_STL@@QAEXABUBridgeOCLInfo@@@Z	0x00457FD7	divergent
Code/GameEngine/Source/GameLogic/Object/Behavior/BridgeBehaviorParseOCL.cpp	?parseOCL@BridgeBehaviorModuleData@@SAXPAVINI@@PAX1PBX@Z	?releaseBuffer@AsciiString@@IAEXXZ	0x00036410	divergent
Code/GameEngine/Source/GameLogic/Object/Behavior/BuildingBehaviorModuleDataCtor.cpp	??0BuildingBehaviorModuleData@@QAE@XZ	??1BuildingWindowName@@QAE@XZ	0x0002CC70	wrong
Code/GameEngine/Source/GameLogic/Object/Behavior/BuildingBehaviorModuleDataDtor.cpp	??1BuildingBehaviorModuleData@@UAE@XZ	??1BuildingWindowName@@QAE@XZ	0x0002CC70	wrong
Code/GameEngine/Source/GameLogic/Object/Behavior/CastleBehaviorModuleDataFriendNew.cpp	?friend_newModuleData@CastleBehaviorModuleData@@SAPAVModuleData@@PAVINI@@@Z	??0CastleBehaviorModuleData@@QAE@XZ	0x0039A027	unowned
Code/GameEngine/Source/GameLogic/Object/Behavior/DynamicPortalBehaviourDtor.cpp	??1DynamicPortalBehaviour@@MAE@XZ	?bfmeCallEBC@BfmeOwnerEBC@@QAEXXZ	0x0046094C	unowned
Code/GameEngine/Source/GameLogic/Object/Behavior/DynamicPortalBehaviourModuleDataCtor.cpp	??0DynamicPortalBehaviourModuleData@@QAE@XZ	??0?$_Vector_base@UDynamicPortalWayPoint@@V?$allocator@UDynamicPortalWayPoint@@@_STL@@@_STL@@QAE@ABV?$allocator@UDynamicPortalWayPoint@@@1@@Z	0x00211E58	wrong
Code/GameEngine/Source/GameLogic/Object/Behavior/DynamicPortalBehaviourModuleDataCtor.cpp	??0DynamicPortalBehaviourModuleData@@QAE@XZ	??4AsciiString@@QAEAAV0@PBD@Z	0x000366F0	divergent
Code/GameEngine/Source/GameLogic/Object/Behavior/DynamicPortalBehaviourModuleDataCtor.cpp	??0DynamicPortalBehaviourModuleData@@QAE@XZ	?erase@?$vector@UDynamicPortalWayPoint@@V?$allocator@UDynamicPortalWayPoint@@@_STL@@@_STL@@QAEPAUDynamicPortalWayPoint@@PAU3@0@Z	0x003FA4DB	wrong
Code/GameEngine/Source/GameLogic/Object/Behavior/DynamicPortalBehaviourUpgradeRemoval.cpp	?upgradeRemovalImplementation@DynamicPortalBehaviour@@MAEXXZ	?bfmeCallEBC@BfmeOwnerEBC@@QAEXXZ	0x0046094C	unowned
Code/GameEngine/Source/GameLogic/Object/Behavior/FakePathfindPortalBehaviourDtor.cpp	??1FakePathfindPortalBehaviour@@UAE@XZ	?rva0046183B@FakePathfindPortalBehaviour@@QAEXXZ	0x0046183B	unowned
Code/GameEngine/Source/GameLogic/Object/Behavior/FakePathfindPortalBehaviourSlot0.cpp	?rva0046190A@FakePathfindPortalBehaviour@@UAEXPAX@Z	?rva0046183B@FakePathfindPortalBehaviour@@QAEXXZ	0x0046183B	unowned
Code/GameEngine/Source/GameLogic/Object/Behavior/FireWeaponWhenDamagedBehaviorDeleter.cpp	??_GFireWeaponWhenDamagedBehavior@@UAEPAXI@Z	??1FireWeaponWhenDamagedBehavior@@UAE@XZ	0x004A4C19	wrong
Code/GameEngine/Source/GameLogic/Object/Behavior/GateOpenAndCloseBehaviorRva0049924B.cpp	?rva0049924B@GateOpenAndCloseBehavior@@AAEX_N@Z	?rva00498FAA@GateOpenAndCloseBehavior@@AAEXXZ	0x00498FAA	unowned
Code/GameEngine/Source/GameLogic/Object/Behavior/GateOpenAndCloseBehaviorRva004992D5.cpp	?rva004992D5@GateOpenAndCloseBehavior@@AAEX_N0@Z	?rva00498FAA@GateOpenAndCloseBehavior@@AAEXXZ	0x00498FAA	unowned
Code/GameEngine/Source/GameLogic/Object/Behavior/GettingBuiltBehaviorDtor.cpp	??1GettingBuiltBehavior@@UAE@XZ	??1?$_List_base@UBfmePod20@@V?$allocator@UBfmePod20@@@_STL@@@_STL@@QAE@XZ	0x004EC395	wrong
Code/GameEngine/Source/GameLogic/Object/Behavior/GettingBuiltBehaviorIfaceSlots.cpp	?rva0045342F@GettingBuiltBehavior@@UAEMPAVObject@@@Z	?rva0033A69A@ThingTemplate@@QBEHPAVObject@@HH@Z	0x0033A69A	unowned
Code/GameEngine/Source/GameLogic/Object/Behavior/GettingBuiltBehaviorIfaceSlots.cpp	?rva00454501@GettingBuiltBehavior@@UAEXXZ	?rva004541AB@GettingBuiltBehavior@@AAEXXZ	0x004541AB	unowned
Code/GameEngine/Source/GameLogic/Object/Behavior/InstantDeathBehavior.cpp	?buildFieldParse@InstantDeathBehaviorModuleData@@SAXAAVMultiIniFieldParse@@@Z	?getFieldParse@DieMuxData@@SAPBUFieldParse@@XZ	0x004CE52E	wrong
Code/GameEngine/Source/GameLogic/Object/Behavior/InstantDeathBehaviorParsers.cpp	?Rva0045D2F6Parse@@YAXPAVINI@@PAX1PBX@Z	?Rva00339184@@YAXPBDPAX@Z	0x00339184	unowned
Code/GameEngine/Source/GameLogic/Object/Behavior/InstantDeathBehaviorParsers.cpp	?parseOCL@InstantDeathBehaviorModuleData@@SAXPAVINI@@PAX1PBX@Z	?push_back@?$vector@PBVObjectCreationList@@V?$allocator@PBVObjectCreationList@@@_STL@@@_STL@@QAEXABQBVObjectCreationList@@@Z	0x004DFCB0	divergent
Code/GameEngine/Source/GameLogic/Object/Behavior/InstantDeathBehaviorParsers.cpp	?parseWeapon@InstantDeathBehaviorModuleData@@SAXPAVINI@@PAX1PBX@Z	?push_back@?$vector@PBVWeaponTemplate@@V?$allocator@PBVWeaponTemplate@@@_STL@@@_STL@@QAEXABQBVWeaponTemplate@@@Z	0x004DFCB0	wrong
Code/GameEngine/Source/GameLogic/Object/Behavior/ModelConditionAudioLoopClientBehaviorSlots.cpp	?rva004CC06C@ModelConditionAudioLoopClientBehavior@@UAEXPBVRva000CF0D6@@HH@Z	?rva004CBFC7@ModelConditionAudioLoopClientBehavior@@QAEXPBVRva000CF0D6@@@Z	0x004CBFC7	unowned
Code/GameEngine/Source/GameLogic/Object/Behavior/ModelConditionAudioLoopClientBehaviorSlots.cpp	?rva004CC07B@ModelConditionAudioLoopClientBehavior@@UAEXXZ	?rva004CBFC7@ModelConditionAudioLoopClientBehavior@@QAEXPBVRva000CF0D6@@@Z	0x004CBFC7	unowned
Code/GameEngine/Source/GameLogic/Object/Behavior/Rva00082EF5Ctor.cpp	??0Rva00082EF5@@QAE@PAX@Z	?rva00082D6A@Rva00082D6A@@QAEXXZ	0x00082D6A	unowned
Code/GameEngine/Source/GameLogic/Object/Behavior/Rva00396B0DForward.cpp	?rva00396B0D@Rva00396B0D@@QAEHXZ	?rva00396A5C@Rva00396A5C@@QAEHPAVPlayer@@@Z	0x00396A5C	unowned
Code/GameEngine/Source/GameLogic/Object/Behavior/Rva00397791Publish.cpp	?rva00397791@Rva00397791@@QAEXH@Z	?rva00397756@Rva00397756@@QAEXPAUIdRange@@H@Z	0x00397756	unowned
Code/GameEngine/Source/GameLogic/Object/Behavior/Rva0046152FFinish.cpp	?_M_insert_overflow@?$vector@VDynamicPortalLink@@V?$allocator@VDynamicPortalLink@@@_STL@@@_STL@@IAEXPAVDynamicPortalLink@@ABV3@ABU__false_type@2@I_N@Z	??$_Construct@VDynamicPortalLink@@V1@@_STL@@YAXPAVDynamicPortalLink@@ABV1@@Z	0x00460F18	wrong
Code/GameEngine/Source/GameLogic/Object/Behavior/Rva0046152FFinish.cpp	?_M_insert_overflow@?$vector@VDynamicPortalLink@@V?$allocator@VDynamicPortalLink@@@_STL@@@_STL@@IAEXPAVDynamicPortalLink@@ABV3@ABU__false_type@2@I_N@Z	?_M_clear@?$vector@VDynamicPortalLink@@V?$allocator@VDynamicPortalLink@@@_STL@@@_STL@@IAEXXZ	0x0032E7E2	wrong
Code/GameEngine/Source/GameLogic/Object/Behavior/Rva0046152FFinish.cpp	?push_back@?$vector@VDynamicPortalLink@@V?$allocator@VDynamicPortalLink@@@_STL@@@_STL@@QAEXABVDynamicPortalLink@@@Z	??$_Construct@VDynamicPortalLink@@V1@@_STL@@YAXPAVDynamicPortalLink@@ABV1@@Z	0x00460F18	wrong
Code/GameEngine/Source/GameLogic/Object/Behavior/Rva00483C9FBoolCheck.cpp	?rva00483C9F@Rva00483C9F@@QAE_NPAVObject@@@Z	?rva0028CE7B@Object@@QBECXZ	0x0028CE7B	unowned
Code/GameEngine/Source/GameLogic/Object/Behavior/SiegeDockingBehaviorLoadPostProcess.cpp	?loadPostProcess@SiegeDockingBehavior@@MAEXXZ	?rva00459E05@SiegeDockingBehavior@@AAEXXZ	0x00459E05	unowned
Code/GameEngine/Source/GameLogic/Object/Behavior/SlaveWatcherBehaviorXfer.cpp	?xfer@SlaveWatcherBehavior@@MAEXPAVXfer@@@Z	?rva003064CB@@YAXPAVXfer@@PAVRva00291440@@@Z	0x003064CB	unowned
Code/GameEngine/Source/GameLogic/Object/Behavior/SlowDeathBehaviorParsers.cpp	?parseWeapon@SlowDeathBehaviorModuleData@@SAXPAVINI@@PAX1PBX@Z	?push_back@?$vector@PBVWeaponTemplate@@V?$allocator@PBVWeaponTemplate@@@_STL@@@_STL@@QAEXABQBVWeaponTemplate@@@Z	0x004DFCB0	wrong
Code/GameEngine/Source/GameLogic/Object/Behavior/SlowDeathBehaviorParsers.cpp	?rva0045E8A9@SlowDeathBehaviorModuleData@@SAXPAVINI@@PAX1PBX@Z	?Rva00339184@@YAXPBDPAX@Z	0x00339184	unowned
Code/GameEngine/Source/GameLogic/Object/Behavior/SpawnBehavior_getCanAnySlavesAttackSpecificTarget.cpp	?getCanAnySlavesAttackSpecificTarget@SpawnBehavior@@UAE?AW4CanAttackResult@@W4AbleToAttackType@@PBVObject@@W4CommandSourceType@@@Z	?getAbleToAttackSpecificObject@Object@@QBE?AW4CanAttackResult@@W4AbleToAttackType@@PBV1@W4CommandSourceType@@@Z	0x0028D051	unowned
Code/GameEngine/Source/GameLogic/Object/Behavior/SpawnBehavior_onSpawnDeath.cpp	?onSpawnDeath@SpawnBehavior@@UAEXW4ObjectID@@PAVDamageInfo@@@Z	?report@Rva00294D61@@QAEXPAVObject@@H@Z	0x00294D61	unowned
Code/GameEngine/Source/GameLogic/Object/Behavior/SpawnBehavior_rva0045F4D7.cpp	?rva0045F4D7@SpawnBehavior@@QAEPAVObject@@XZ	?callback0045F4D7@@YAXPAVObject@@PAX@Z	0x0045F39B	wrong
Code/GameEngine/Source/GameLogic/Object/Behavior/SpawnUnitBehaviorConstructor.cpp	??0SpawnUnitBehavior@@QAE@PAVThing@@PBVModuleData@@@Z	??0SpawnUnitBehaviorBase@@QAE@PAVThing@@PBVModuleData@@@Z	0x00253390	wrong
Code/GameEngine/Source/GameLogic/Object/Behavior/StancesBehaviorUpdate.cpp	?rva0045F21C@StancesBehavior@@QAEXXZ	?rva0045F084@StancesBehavior@@QAEXH@Z	0x0045F084	unowned
Code/GameEngine/Source/GameLogic/Object/Behavior/StancesBehaviorUpdate.cpp	?rva0045F235@StancesBehavior@@QAEXXZ	?rva0045F084@StancesBehavior@@QAEXH@Z	0x0045F084	unowned
Code/GameEngine/Source/GameLogic/Object/Behavior/StancesBehaviorUpdate.cpp	?update@StancesBehavior@@UAE?AW4UpdateSleepTime@@XZ	?rva0045F084@StancesBehavior@@QAEXH@Z	0x0045F084	unowned
Code/GameEngine/Source/GameLogic/Object/Behavior/TransitionDamageFXDtor.cpp	??1TransitionDamageFX@@MAE@XZ	??1DamageModule@@UAE@XZ	0x004B96CC	wrong
Code/GameEngine/Source/GameLogic/Object/Behavior/UpgradeSoundSelectorClientBehaviorSlot2.cpp	?rva004CB51C@UpgradeSoundSelectorClientBehavior@@UAE_NPAH@Z	?rva004CB333@Rva004CB51CEntry@@QAE_NPAVObject@@@Z	0x004CB333	unowned
Code/GameEngine/Source/GameLogic/Object/BfmeK1094ApplyABG.cpp	?bfmeApplyABG@BfmeK1094@@QAEXPAX0@Z	?doCommandButton@Object@@QAEXPBVCommandButton@@HH@Z	0x00296749	unowned
Code/GameEngine/Source/GameLogic/Object/BfmeObjectReferenceResolve.cpp	?resolve@BfmeObjectReference@@QAEPAVObject@@XZ	?getObjectIdSlot@BfmeObjectReference@@QAEPAUBfmeObjectIdSlot@@XZ	0x0036F710	unowned
Code/GameEngine/Source/GameLogic/Object/Body/ActiveBodyConstructor.cpp	??0ActiveBody@@QAE@PAVThing@@PBVModuleData@@@Z	??4?$vector@UBfmeE16@@V?$allocator@UBfmeE16@@@_STL@@@_STL@@QAEAAV01@ABV01@@Z	0x004BF4CE	divergent
Code/GameEngine/Source/GameLogic/Object/Body/FreeLifeBodyApply.cpp	?apply@Rva004C19DCOwner@@QAEXMPAUDamageInfo@@@Z	?hasUpgradeComplete@Player@@QAE_NPBVUpgradeTemplate@@@Z	0x002AB87D	wrong
Code/GameEngine/Source/GameLogic/Object/Body/FreeLifeBodyApply.cpp	?apply@Rva004C19DCOwner@@QAEXMPAUDamageInfo@@@Z	?report@Rva00294D61@@QAEXPAVObject@@H@Z	0x00294D61	unowned
Code/GameEngine/Source/GameLogic/Object/Body/FreeLifeBodyAttemptDamage.cpp	?attemptDamage@Rva004C193COwner@@QAEXPAVDamageInfo@@@Z	?attemptDamage@ActiveBody@@UAEXPAVDamageInfo@@@Z	0x004BFE07	unowned
Code/GameEngine/Source/GameLogic/Object/Body/HighlanderBodyAttemptDamage.cpp	?attemptDamage@HighlanderBody@@UAEXPAVDamageInfo@@@Z	?attemptDamage@ActiveBody@@UAEXPAVDamageInfo@@@Z	0x004BFE07	unowned
Code/GameEngine/Source/GameLogic/Object/Body/InactiveBodyCtor.cpp	??0InactiveBody@@QAE@PAVThing@@PBVModuleData@@@Z	?setEffectivelyDead@Object@@QAEX_N@Z	0x0028D2FB	unowned
Code/GameEngine/Source/GameLogic/Object/Body/OathbreakerBodyAttemptDamage.cpp	?attemptDamage@OathbreakerBody@@UAEXPAVDamageInfo@@@Z	?attemptDamage@ActiveBody@@UAEXPAVDamageInfo@@@Z	0x004BFE07	unowned
Code/GameEngine/Source/GameLogic/Object/Body/PorcupineFormationBodyModuleSlots.cpp	?attemptDamage@PorcupineFormationBodyModule@@UAEXPAVDamageInfo@@@Z	?attemptDamage@ActiveBody@@UAEXPAVDamageInfo@@@Z	0x004BFE07	unowned
Code/GameEngine/Source/GameLogic/Object/Body/PorcupineFormationBodyModuleSlots.cpp	?attemptDamage@PorcupineFormationBodyModule@@UAEXPAVDamageInfo@@@Z	?rva004C21A9@PorcupineFormationBodyModule@@QAEXPAVDamageInfo@@@Z	0x004C21A9	unowned
Code/GameEngine/Source/GameLogic/Object/Body/PorcupineFormationBodyModuleSlots.cpp	?rva004C2127@PorcupineFormationBodyModule@@UAE_NPAVObject@@@Z	?rva00294815@Object@@QAEDXZ	0x00294815	unowned
Code/GameEngine/Source/GameLogic/Object/Body/RespawnBodyApply.cpp	?apply@Rva004C1395Owner@@QAEXMPAUDamageInfo@@@Z	?rva0029A12B@Object@@QAEXXZ	0x0029A12B	unowned
Code/GameEngine/Source/GameLogic/Object/Body/SymbioticStructuresBodySlots.cpp	?rva004C121B@SymbioticStructuresBody@@UAEXPAX@Z	?bfmeCallFCB@BfmeSubFCB@@QAEXPAXH@Z	0x0028FCD9	unowned
Code/GameEngine/Source/GameLogic/Object/Collide/CrateCollide/SalvageCrateCollide.cpp	?isValidToExecute@SalvageCrateCollide@@MBE_NPBVObject@@@Z	?isValidToExecute@CrateCollide@@MBE_NPBVObject@@@Z	0x004BC6C2	unowned
Code/GameEngine/Source/GameLogic/Object/Collide/CrateCollide/SalvageCrateCollideModuleDataDtor.cpp	??1SalvageCrateCollideModuleData@@UAE@XZ	??1CrateCollideModuleData@@UAE@XZ	0x00255A42	wrong
Code/GameEngine/Source/GameLogic/Object/Collide/CrateCollide/VeterancyCrateCollide.cpp	?isValidToExecute@VeterancyCrateCollide@@MBE_NPBVObject@@@Z	?isValidToExecute@CrateCollide@@MBE_NPBVObject@@@Z	0x004BC6C2	unowned
Code/GameEngine/Source/GameLogic/Object/Contain/AODHordeContainXfer.cpp	?xfer@AODHordeContain@@MAEXPAVXfer@@@Z	?xfer@HordeContain@@MAEXPAVXfer@@@Z	0x00474EA8	unowned
Code/GameEngine/Source/GameLogic/Object/Contain/CaveContainModuleDataCtor.cpp	??0CaveContainModuleData@@QAE@XZ	??0OpenContainModuleData@@QAE@XZ	0x00465124	unowned
Code/GameEngine/Source/GameLogic/Object/Contain/CaveContainXfer.cpp	?xfer@CaveContain@@MAEXPAVXfer@@@Z	?xfer@OpenContain@@MAEXPAVXfer@@@Z	0x00465EF1	unowned
Code/GameEngine/Source/GameLogic/Object/Contain/CitadelSlaughterHordeContainModuleDataCtor.cpp	??0CitadelSlaughterHordeContainModuleData@@QAE@XZ	??0SlaughterHordeContainModuleData@@QAE@XZ	0x0048104D	unowned
Code/GameEngine/Source/GameLogic/Object/Contain/ContainModuleDataFriendNew.cpp	?friend_newModuleData@SlaughterHordeContainModuleData@@SAPAVModuleData@@PAVINI@@@Z	??0SlaughterHordeContainModuleData@@QAE@XZ	0x0048104D	unowned
Code/GameEngine/Source/GameLogic/Object/Contain/ContainModuleDeletingDtors.cpp	??_GRiderChangeContain@@UAEPAXI@Z	??1RiderChangeContain@@UAE@XZ	0x0047E51B	unowned
Code/GameEngine/Source/GameLogic/Object/Contain/GarrisonContainModuleDataCtor.cpp	??0GarrisonContainModuleData@@QAE@XZ	??0OpenContainModuleData@@QAE@XZ	0x00465124	unowned
Code/GameEngine/Source/GameLogic/Object/Contain/GarrisonContainValidateRallyPoint.cpp	?validateRallyPoint@GarrisonContain@@IAEXXZ	?findPositionAround@PartitionManager@@SA_NPBUCoord3D@@PBUFindPositionOptions@@PAU2@@Z	0x00285202	unowned
Code/GameEngine/Source/GameLogic/Object/Contain/GarrisonContainXfer.cpp	?xfer@GarrisonContain@@MAEXPAVXfer@@@Z	?xfer@OpenContain@@MAEXPAVXfer@@@Z	0x00465EF1	unowned
Code/GameEngine/Source/GameLogic/Object/Contain/HealContainXfer.cpp	?xfer@HealContain@@MAEXPAVXfer@@@Z	?xfer@OpenContain@@MAEXPAVXfer@@@Z	0x00465EF1	unowned
Code/GameEngine/Source/GameLogic/Object/Contain/HordeContainIface11CSlots.cpp	?rva0046A78F@HordeContain@@UAEXPBVMatrix3D@@@Z	?setTransformMatrix@Object@@QAEXPBVMatrix3D@@@Z	0x0028D412	unowned
Code/GameEngine/Source/GameLogic/Object/Contain/HordeContainIface11CSlots.cpp	?rva0046B9DC@HordeContain@@UAE_NH@Z	?bfmeHas985C@BfmeArg985@@QAEDH@Z	0x002940B9	unowned
Code/GameEngine/Source/GameLogic/Object/Contain/HordeContainIface11CSlots.cpp	?rva0046CCEF@HordeContain@@UAE_NPBVThingTemplate@@@Z	??0?$_List_base@PBVObject@@V?$allocator@PBVObject@@@_STL@@@_STL@@QAE@ABV?$allocator@PBVObject@@@1@@Z	0x004EC36C	wrong
Code/GameEngine/Source/GameLogic/Object/Contain/HordeContainIface11CSlots.cpp	?rva0046CDC9@HordeContain@@UAE_NXZ	??0?$_List_base@PBVObject@@V?$allocator@PBVObject@@@_STL@@@_STL@@QAE@ABV?$allocator@PBVObject@@@1@@Z	0x004EC36C	wrong
Code/GameEngine/Source/GameLogic/Object/Contain/HordeContainIface11CSlots.cpp	?rva0046D1F7@HordeContain@@UAEXAAV?$list@PBVObject@@V?$allocator@PBVObject@@@_STL@@@_STL@@@Z	?push_back@?$list@PBVObject@@V?$allocator@PBVObject@@@_STL@@@_STL@@QAEXABQBVObject@@@Z	0x0005548F	wrong
Code/GameEngine/Source/GameLogic/Object/Contain/HordeContainIface11CSlots.cpp	?rva0046E253@HordeContain@@UAEXXZ	??0?$_List_base@PBVObject@@V?$allocator@PBVObject@@@_STL@@@_STL@@QAE@ABV?$allocator@PBVObject@@@1@@Z	0x004EC36C	wrong
Code/GameEngine/Source/GameLogic/Object/Contain/HordeContainIface11CSlots.cpp	?rva00472A24@HordeContain@@UAEXPBUCoord3D@@W4CommandSourceType@@H@Z	??0?$_List_base@PBVObject@@V?$allocator@PBVObject@@@_STL@@@_STL@@QAE@ABV?$allocator@PBVObject@@@1@@Z	0x004EC36C	wrong
Code/GameEngine/Source/GameLogic/Object/Contain/HordeContainIface11CSlots.cpp	?rva00472A24@HordeContain@@UAEXPBUCoord3D@@W4CommandSourceType@@H@Z	?push_back@?$list@PBVObject@@V?$allocator@PBVObject@@@_STL@@@_STL@@QAEXABQBVObject@@@Z	0x0005548F	wrong
Code/GameEngine/Source/GameLogic/Object/Contain/HordeContainIface11CSlots.cpp	?rva00472A24@HordeContain@@UAEXPBUCoord3D@@W4CommandSourceType@@H@Z	?rva00372571@AIGroup@@QAEXPAURva00372571Params@@H@Z	0x00372571	unowned
Code/GameEngine/Source/GameLogic/Object/Contain/HordeContainIface11CSlots.cpp	?slot38@HordeContain@@UAE_NPAVObject@@HH@Z	?slot38@TransportContain@@UAE_NPAVObject@@HH@Z	0x00466EDE	unowned
Code/GameEngine/Source/GameLogic/Object/Contain/HordeContainModuleDataCtor.cpp	??_GHordeContainModuleData@@UAEPAXI@Z	??1HordeContainModuleData@@UAE@XZ	0x00475942	unowned
Code/GameEngine/Source/GameLogic/Object/Contain/HordeGarrisonContainRva00479B7F.cpp	?rva00479B7F@HordeGarrisonContain@@UAEXPAVObject@@@Z	?rva00464830@OpenContain@@UAEXPAVObject@@@Z	0x00464830	unowned
Code/GameEngine/Source/GameLogic/Object/Contain/HordeSiegeEngineContainRva0047CF38.cpp	?rva0047CF38@HordeSiegeEngineContain@@QAEXXZ	?rva0029A12B@Object@@QAEXXZ	0x0029A12B	unowned
Code/GameEngine/Source/GameLogic/Object/Contain/HordeTransportContainIface20.cpp	?rva004770A6@HordeTransportContain@@UAEXPAVObject@@@Z	?rva00464830@OpenContain@@UAEXPAVObject@@@Z	0x00464830	unowned
Code/GameEngine/Source/GameLogic/Object/Contain/HorseHordeContainXfer.cpp	?xfer@HorseHordeContain@@MAEXPAVXfer@@@Z	?xfer@HordeContain@@MAEXPAVXfer@@@Z	0x00474EA8	unowned
Code/GameEngine/Source/GameLogic/Object/Contain/OpenContain_removeAllContained_Rva004635C0.cpp	?removeAllContained@OpenContain@@UAEX_N@Z	?rva00462FB3@OpenContain@@QAEXPAVObject@@_N@Z	0x00462FB3	unowned
Code/GameEngine/Source/GameLogic/Object/Contain/Rva0047BA69Contain.cpp	?rva0047BA69@Rva0047BA69@@QAE_NPAVObject@@HH@Z	?slot38@TransportContain@@UAE_NPAVObject@@HH@Z	0x00466EDE	unowned
Code/GameEngine/Source/GameLogic/Object/Contain/Rva0047CA4DContain.cpp	?rva0047CA4D@Rva0047CA4D@@QAE_NPAVObject@@HH@Z	?slot38@Rva004771EB@@UAE_NPAVObject@@HH@Z	0x004771EB	unowned
Code/GameEngine/Source/GameLogic/Object/Contain/Rva0047CA4DContain.cpp	?rva0047CA4D@Rva0047CA4D@@QAE_NPAVObject@@HH@Z	?slot38@TransportContain@@UAE_NPAVObject@@HH@Z	0x00466EDE	unowned
Code/GameEngine/Source/GameLogic/Object/Contain/SiegeEngineContainRva0047BEC9.cpp	?rva0047BEC9@SiegeEngineContain@@QAEXXZ	?rva0029A12B@Object@@QAEXXZ	0x0029A12B	unowned
Code/GameEngine/Source/GameLogic/Object/Contain/SlaughterHordeContainIface20.cpp	?rva00464D02@SlaughterHordeContain@@UAEXPAVObject@@@Z	?rva00464D02@GarrisonContain@@UAEXPAVObject@@@Z	0x00478D0A	unowned
Code/GameEngine/Source/GameLogic/Object/Contain/SlaughterHordeContainRva004631C9.cpp	?rva004631C9@SlaughterHordeContain@@UAEXXZ	?rva0029A12B@Object@@QAEXXZ	0x0029A12B	unowned
Code/GameEngine/Source/GameLogic/Object/Contain/SlaughterHordeContainUpdate.cpp	?update@SlaughterHordeContain@@UAE?AW4UpdateSleepTime@@XZ	?update@GarrisonContain@@UAE?AW4UpdateSleepTime@@XZ	0x00479643	unowned
Code/GameEngine/Source/GameLogic/Object/Contain/TransportContainModuleDataCtor.cpp	??0TransportContainModuleData@@QAE@XZ	??0OpenContainModuleData@@QAE@XZ	0x00465124	unowned
Code/GameEngine/Source/GameLogic/Object/Contain/TransportContainModuleDataDtor.cpp	??1TransportContainModuleData@@UAE@XZ	??1?$_List_base@UBfmePod8@@V?$allocator@UBfmePod8@@@_STL@@@_STL@@QAE@XZ	0x002FECBC	divergent
Code/GameEngine/Source/GameLogic/Object/Contain/TransportContainXfer.cpp	?xfer@TransportContain@@MAEXPAVXfer@@@Z	?xfer@OpenContain@@MAEXPAVXfer@@@Z	0x00465EF1	unowned
Code/GameEngine/Source/GameLogic/Object/Contain/TunnelContainScatter.cpp	?scatterToNearbyPosition@TunnelContain@@IAEXPAVObject@@@Z	?aiMoveToPosition@AICommandInterface@@QAEXPBUCoord3D@@W4CommandSourceType@@@Z	0x0026C26D	divergent
Code/GameEngine/Source/GameLogic/Object/Create/InheritUpgradeCreateOnBuildComplete.cpp	?onBuildComplete@InheritUpgradeCreate@@UAEXXZ	?rva004B959C@InheritUpgradeCreate@@QAEXXZ	0x004B959C	unowned
Code/GameEngine/Source/GameLogic/Object/Damage/DamageModuleDeletingDtors.cpp	??_GCallHelpOnDamage@@UAEPAXI@Z	??1CallHelpOnDamage@@UAE@XZ	0x004BB4D1	unowned
Code/GameEngine/Source/GameLogic/Object/Damage/EvacuateDamageCtorModuleFactoryBody.cpp	??0EvacuateDamage@@QAE@PAVThing@@PBVModuleData@@@Z	??0?$_List_base@UEvacuationRecord@@V?$allocator@UEvacuationRecord@@@_STL@@@_STL@@QAE@ABV?$allocator@UEvacuationRecord@@@1@@Z	0x0035C9A6	wrong
Code/GameEngine/Source/GameLogic/Object/Damage/EvacuateDamageCtorModuleFactoryBody.cpp	??0EvacuateDamage@@QAE@PAVThing@@PBVModuleData@@@Z	?clear@?$_List_base@UEvacuationRecord@@V?$allocator@UEvacuationRecord@@@_STL@@@_STL@@QAEXXZ	0x0023DAA5	wrong
Code/GameEngine/Source/GameLogic/Object/Damage/EvacuateDamageCtorModuleFactoryBody.cpp	??1?$list@UEvacuationRecord@@V?$allocator@UEvacuationRecord@@@_STL@@@_STL@@QAE@XZ	??1?$_List_base@UEvacuationRecord@@V?$allocator@UEvacuationRecord@@@_STL@@@_STL@@QAE@XZ	0x0002CC38	wrong
Code/GameEngine/Source/GameLogic/Object/Damage/EvacuateDamageCtorModuleFactoryBody.cpp	??1EvacuateDamage@@UAE@XZ	??1?$_List_base@UEvacuationRecord@@V?$allocator@UEvacuationRecord@@@_STL@@@_STL@@QAE@XZ	0x0002CC38	wrong
Code/GameEngine/Source/GameLogic/Object/Damage/EvacuateDamageCtorModuleFactoryBody.cpp	?dup_0020781b@@YAXXZ	??0?$_List_base@UEvacuationRecord@@V?$allocator@UEvacuationRecord@@@_STL@@@_STL@@QAE@ABV?$allocator@UEvacuationRecord@@@1@@Z	0x0035C9A6	wrong
Code/GameEngine/Source/GameLogic/Object/Damage/EvacuateDamageEvacuationSum.cpp	?rva004BADC1@EvacuateDamage@@QAEMXZ	?erase@?$list@UEvacuationRecord@@V?$allocator@UEvacuationRecord@@@_STL@@@_STL@@QAE?AU?$_List_iterator@UEvacuationRecord@@U?$_Nonconst_traits@UEvacuationRecord@@@_STL@@@2@U32@@Z	0x00438539	wrong
Code/GameEngine/Source/GameLogic/Object/Damage/EvacuateDamageOnDamage.cpp	?rva004BAF2D@EvacuateDamage@@QAEXPAX@Z	?clear@?$_List_base@UEvacuationRecord@@V?$allocator@UEvacuationRecord@@@_STL@@@_STL@@QAEXXZ	0x0023DAA5	wrong
Code/GameEngine/Source/GameLogic/Object/Damage/TransitionDamageFXModuleDataCtor.cpp	??0TransitionDamageFXModuleData@@QAE@XZ	??0TransitionDamageFXRecordA@@QAE@XZ	0x004B9C46	unowned
Code/GameEngine/Source/GameLogic/Object/Damage/TransitionDamageFXModuleDataCtor.cpp	??0TransitionDamageFXModuleData@@QAE@XZ	??0TransitionDamageFXRecordB@@QAE@XZ	0x004B9C46	unowned
Code/GameEngine/Source/GameLogic/Object/Damage/TransitionDamageFXModuleDataCtor.cpp	??0TransitionDamageFXModuleData@@QAE@XZ	??0TransitionDamageFXRecordC@@QAE@XZ	0x004B9C46	unowned
Code/GameEngine/Source/GameLogic/Object/Die/CreateCrateDieModuleDataCtor.cpp	??0CreateCrateDieModuleData@@QAE@XZ	??0?$_List_base@VAsciiString@@V?$allocator@VAsciiString@@@_STL@@@_STL@@QAE@ABV?$allocator@VAsciiString@@@1@@Z	0x004EC36C	divergent
Code/GameEngine/Source/GameLogic/Object/Die/CreateObjectDieIfEldestKindofOnDie.cpp	?onDie@CreateObjectDieIfEldestKindof@@UAEXPBVDamageInfo@@@Z	?onDie@CreateObjectDie@@UAEXPBVDamageInfo@@@Z	0x00485C86	wrong
Code/GameEngine/Source/GameLogic/Object/Die/CreateObjectDieModuleDataCtor.cpp	??0CreateObjectDieModuleData@@QAE@XZ	??0?$_Vector_base@PAVObjectCreationNugget@@V?$allocator@PAVObjectCreationNugget@@@_STL@@@_STL@@QAE@ABV?$allocator@PAVObjectCreationNugget@@@1@@Z	0x00211E58	divergent
Code/GameEngine/Source/GameLogic/Object/Die/CrushDieModuleDataCtor.cpp	??0CrushDieModuleData@@QAE@XZ	??0AudioEventRTS@@QAE@XZ	0x00326BE6	wrong
Code/GameEngine/Source/GameLogic/Object/Die/CrushDieModuleDataCtor.cpp	??0CrushDieModuleData@@QAE@XZ	??1AudioEventRTS@@QAE@XZ	0x0010F149	wrong
Code/GameEngine/Source/GameLogic/Object/Die/CrushDieModuleDataCtor.cpp	??1CrushDieModuleData@@UAE@XZ	??1AudioEventRTS@@QAE@XZ	0x0010F149	wrong
Code/GameEngine/Source/GameLogic/Object/Die/DieModuleDeletingDtors.cpp	??_GRebuildHoleExposeDie@@UAEPAXI@Z	??1RebuildHoleExposeDie@@UAE@XZ	0x004867F9	unowned
Code/GameEngine/Source/GameLogic/Object/Die/FXListDie.cpp	?isDieApplicable@DieModule@@IBE_NPBVDamageInfo@@@Z	?isDieApplicable@DieMuxData@@QBE_NPBVObject@@PBVDamageInfo@@@Z	0x004CE588	unowned
Code/GameEngine/Source/GameLogic/Object/Die/SpecialPowerCompletionDie.cpp	?isDieApplicable@DieModuleData@@QBE_NPBVObject@@PBVDamageInfo@@@Z	?isDieApplicable@DieMuxData@@QBE_NPBVObject@@PBVDamageInfo@@@Z	0x004CE588	unowned
Code/GameEngine/Source/GameLogic/Object/GenericObjectCreationNuggetParseObject.cpp	?parseDebris@GenericObjectCreationNugget@@SAXPAVINI@@PAX1PBX@Z	??0GenericObjectCreationNugget@@QAE@XZ	0x001F0E32	unowned
Code/GameEngine/Source/GameLogic/Object/GenericObjectCreationNuggetParseObject.cpp	?parseObject@GenericObjectCreationNugget@@SAXPAVINI@@PAX1PBX@Z	??0GenericObjectCreationNugget@@QAE@XZ	0x001F0E32	unowned
Code/GameEngine/Source/GameLogic/Object/Helper/ObjectSMCHelper_Rva002927f8.cpp	??0ObjectSMCHelper@@QAE@PAVThing@@PBVModuleData@@@Z	??0?$_List_base@UGen_p8pod@@V?$allocator@UGen_p8pod@@@_STL@@@_STL@@QAE@ABV?$allocator@UGen_p8pod@@@1@@Z	0x0035C9A6	wrong
Code/GameEngine/Source/GameLogic/Object/Locomotor.cpp	??1Locomotor@@MAE@XZ	??1Snapshot@@QAE@XZ	0x001B4E74	wrong
Code/GameEngine/Source/GameLogic/Object/LocomotorSetMapInstantiation.cpp	??4?$_Rb_tree@W4LocomotorSetType@@U?$pair@$$CBW4LocomotorSetType@@V?$vector@PBVLocomotorTemplate@@V?$allocator@PBVLocomotorTemplate@@@_STL@@@_STL@@@_STL@@U?$_Select1st@U?$pair@$$CBW4LocomotorSetType@@V?$vector@PBVLocomotorTemplate@@V?$allocator@PBVLocomotorTemplate@@@_STL@@@_STL@@@_STL@@@3@U?$less@W4LocomotorSetType@@@3@V?$allocator@U?$pair@$$CBW4LocomotorSetType@@V?$vector@PBVLocomotorTemplate@@V?$allocator@PBVLocomotorTemplate@@@_STL@@@_STL@@@_STL@@@3@@_STL@@QAEAAV01@ABV01@@Z	?clear@?$_Rb_tree@W4LocomotorSetType@@U?$pair@$$CBW4LocomotorSetType@@V?$vector@PBVLocomotorTemplate@@V?$allocator@PBVLocomotorTemplate@@@_STL@@@_STL@@@_STL@@U?$_Select1st@U?$pair@$$CBW4LocomotorSetType@@V?$vector@PBVLocomotorTemplate@@V?$allocator@PBVLocomotorTemplate@@@_STL@@@_STL@@@_STL@@@3@U?$less@W4LocomotorSetType@@@3@V?$allocator@U?$pair@$$CBW4LocomotorSetType@@V?$vector@PBVLocomotorTemplate@@V?$allocator@PBVLocomotorTemplate@@@_STL@@@_STL@@@_STL@@@3@@_STL@@QAEXXZ	0x004FF49F	divergent
Code/GameEngine/Source/GameLogic/Object/LocomotorSetMapSubscript.cpp	??1?$_Rb_tree@W4LocomotorSetType@@U?$pair@$$CBW4LocomotorSetType@@V?$vector@PBVLocomotorTemplate@@V?$allocator@PBVLocomotorTemplate@@@_STL@@@_STL@@@_STL@@U?$_Select1st@U?$pair@$$CBW4LocomotorSetType@@V?$vector@PBVLocomotorTemplate@@V?$allocator@PBVLocomotorTemplate@@@_STL@@@_STL@@@_STL@@@3@U?$less@W4LocomotorSetType@@@3@V?$allocator@U?$pair@$$CBW4LocomotorSetType@@V?$vector@PBVLocomotorTemplate@@V?$allocator@PBVLocomotorTemplate@@@_STL@@@_STL@@@_STL@@@3@@_STL@@QAE@XZ	?clear@?$_Rb_tree@W4LocomotorSetType@@U?$pair@$$CBW4LocomotorSetType@@V?$vector@PBVLocomotorTemplate@@V?$allocator@PBVLocomotorTemplate@@@_STL@@@_STL@@@_STL@@U?$_Select1st@U?$pair@$$CBW4LocomotorSetType@@V?$vector@PBVLocomotorTemplate@@V?$allocator@PBVLocomotorTemplate@@@_STL@@@_STL@@@_STL@@@3@U?$less@W4LocomotorSetType@@@3@V?$allocator@U?$pair@$$CBW4LocomotorSetType@@V?$vector@PBVLocomotorTemplate@@V?$allocator@PBVLocomotorTemplate@@@_STL@@@_STL@@@_STL@@@3@@_STL@@QAEXXZ	0x004FF49F	divergent
Code/GameEngine/Source/GameLogic/Object/LocomotorSetMapSubscript.cpp	??A?$map@W4LocomotorSetType@@V?$vector@PBVLocomotorTemplate@@V?$allocator@PBVLocomotorTemplate@@@_STL@@@_STL@@U?$less@W4LocomotorSetType@@@3@V?$allocator@U?$pair@$$CBW4LocomotorSetType@@V?$vector@PBVLocomotorTemplate@@V?$allocator@PBVLocomotorTemplate@@@_STL@@@_STL@@@_STL@@@3@@_STL@@QAEAAV?$vector@PBVLocomotorTemplate@@V?$allocator@PBVLocomotorTemplate@@@_STL@@@1@ABW4LocomotorSetType@@@Z	??0?$_Vector_base@PBVLocomotorTemplate@@V?$allocator@PBVLocomotorTemplate@@@_STL@@@_STL@@QAE@ABV?$allocator@PBVLocomotorTemplate@@@1@@Z	0x00211E58	wrong
Code/GameEngine/Source/GameLogic/Object/LocomotorStore_newLocomotor_Rva001E4A81.cpp	?newLocomotor@LocomotorStore@@QAEPAVLocomotor@@PBVLocomotorTemplate@@_N@Z	??0Locomotor@@QAE@PBVLocomotorTemplate@@_N@Z	0x001E449A	unowned
Code/GameEngine/Source/GameLogic/Object/Made002CC5E1Ctor.cpp	??0Made002CC5E1@@QAE@XZ	??0?$_Vector_base@UMade002CC5E1DamageScalar@@V?$allocator@UMade002CC5E1DamageScalar@@@_STL@@@_STL@@QAE@ABV?$allocator@UMade002CC5E1DamageScalar@@@1@@Z	0x00211E58	wrong
Code/GameEngine/Source/GameLogic/Object/Made002CC5E1DamageScalar.cpp	?_M_clear@?$vector@UMade002CC5E1DamageScalar@@V?$allocator@UMade002CC5E1DamageScalar@@@_STL@@@_STL@@IAEXXZ	??$_Destroy@PAUMade002CC5E1DamageScalar@@@_STL@@YAXPAUMade002CC5E1DamageScalar@@0@Z	0x00507BB7	divergent
Code/GameEngine/Source/GameLogic/Object/ObjectCreationList.cpp	??0ObjectCreationList@@QAE@XZ	??0?$_Vector_base@PAVObjectCreationNugget@@V?$allocator@PAVObjectCreationNugget@@@_STL@@@_STL@@QAE@ABV?$allocator@PAVObjectCreationNugget@@@1@@Z	0x00211E58	divergent
Code/GameEngine/Source/GameLogic/Object/ObjectCreationList.cpp	?_M_clear@?$vector@UPayload@DeliverPayloadNugget@@V?$allocator@UPayload@DeliverPayloadNugget@@@_STL@@@_STL@@IAEXXZ	??$_Destroy@PAUPayload@DeliverPayloadNugget@@@_STL@@YAXPAUPayload@DeliverPayloadNugget@@0@Z	0x005F85C8	wrong
Code/GameEngine/Source/GameLogic/Object/ObjectCreationList.cpp	?_M_insert_overflow@?$vector@UPayload@DeliverPayloadNugget@@V?$allocator@UPayload@DeliverPayloadNugget@@@_STL@@@_STL@@IAEXPAUPayload@DeliverPayloadNugget@@ABU34@ABU__false_type@2@I_N@Z	??$_Construct@UPayload@DeliverPayloadNugget@@U12@@_STL@@YAXPAUPayload@DeliverPayloadNugget@@ABU12@@Z	0x004F6A52	wrong
Code/GameEngine/Source/GameLogic/Object/ObjectCreationList.cpp	?addObjectCreationNugget@ObjectCreationList@@QAEXPAVObjectCreationNugget@@@Z	?push_back@?$vector@PAVObjectCreationNugget@@V?$allocator@PAVObjectCreationNugget@@@_STL@@@_STL@@QAEXABQAVObjectCreationNugget@@@Z	0x004DFCB0	wrong
Code/GameEngine/Source/GameLogic/Object/ObjectCreationList.cpp	?addObjectCreationNugget@ObjectCreationListStore@@QAEXPAVObjectCreationNugget@@@Z	?push_back@?$vector@PAVObjectCreationNugget@@V?$allocator@PAVObjectCreationNugget@@@_STL@@@_STL@@QAEXABQAVObjectCreationNugget@@@Z	0x004DFCB0	wrong
Code/GameEngine/Source/GameLogic/Object/ObjectCreationList.cpp	?push_back@?$vector@UPayload@DeliverPayloadNugget@@V?$allocator@UPayload@DeliverPayloadNugget@@@_STL@@@_STL@@QAEXABUPayload@DeliverPayloadNugget@@@Z	??$_Construct@UPayload@DeliverPayloadNugget@@U12@@_STL@@YAXPAUPayload@DeliverPayloadNugget@@ABU12@@Z	0x004F6A52	wrong
Code/GameEngine/Source/GameLogic/Object/ObjectFilterAccepts.cpp	?accepts@Rva2225E0Filter@@QAE_NPAVObject@@PAVPlayer@@@Z	?rva003618B9@Rva2225E0Filter@@QAE_NPBVThingTemplate@@PAVPlayer@@1@Z	0x003618B9	unowned
Code/GameEngine/Source/GameLogic/Object/ObjectGetAbleToUseWeaponAgainstTarget.cpp	?chooseBestWeaponForTarget@Object@@QAE_NPBV1@W4WeaponChoiceCriteria@@W4CommandSourceType@@@Z	?chooseBestWeaponForTarget@WeaponSet@@QAE_NPBVObject@@0W4WeaponChoiceCriteria@@W4CommandSourceType@@@Z	0x002C7D03	unowned
Code/GameEngine/Source/GameLogic/Object/ObjectGetAbleToUseWeaponAgainstTarget.cpp	?getAbleToUseWeaponAgainstTarget@Object@@QBE?AW4CanAttackResult@@W4AbleToAttackType@@PBV1@PBUCoord3D@@W4CommandSourceType@@@Z	?getAbleToUseWeaponAgainstTarget@WeaponSet@@QBE?AW4CanAttackResult@@W4AbleToAttackType@@PBVObject@@1PBUCoord3D@@W4CommandSourceType@@@Z	0x002C7907	unowned
Code/GameEngine/Source/GameLogic/Object/ObjectGetShroudClearingRange.cpp	?getShroudClearingRange@Object@@QBEMXZ	?rva00403382@AttributeModifierPoolUpdate@@QAE_NHPAMH@Z	0x00403382	unowned
Code/GameEngine/Source/GameLogic/Object/ObjectGetShroudStatusForPlayer.cpp	?getShroudStatusForPlayer@Object@@QBE?AW4CellShroudStatus@@H@Z	?getShroudedStatus@PartitionData@@QAE?AW4ObjectShroudStatus@@H@Z	0x0073A6D0	unowned
Code/GameEngine/Source/GameLogic/Object/ObjectGetSingleLogicalBonePosition.cpp	?getMultiLogicalBonePosition@Object@@QBEHPBDHPAUCoord3D@@PAVMatrix3D@@_NH@Z	?convertBonePosToWorldPos@Thing@@QBEXPBUCoord3D@@PBVMatrix3D@@PAU2@PAV3@@Z	0x0030A528	unowned
Code/GameEngine/Source/GameLogic/Object/ObjectGetSingleLogicalBonePosition.cpp	?getSingleLogicalBonePosition@Object@@QBE_NPBDPAUCoord3D@@PAVMatrix3D@@@Z	?convertBonePosToWorldPos@Thing@@QBEXPBUCoord3D@@PBVMatrix3D@@PAU2@PAV3@@Z	0x0030A528	unowned
Code/GameEngine/Source/GameLogic/Object/ObjectGetVisionRange.cpp	?getVisionRange@Object@@QBEMXZ	?rva00403382@AttributeModifierPoolUpdate@@QAE_NHPAMH@Z	0x00403382	unowned
Code/GameEngine/Source/GameLogic/Object/ObjectIsInList.cpp	?rva0028B4CE@Object@@QAEXW4PathfindLayerEnum@@@Z	?rva004DE2ED@Rva004DD843@@QAEXXZ	0x004DE2ED	unowned
Code/GameEngine/Source/GameLogic/Object/ObjectRefreshThenSetTransform.cpp	?rva00291C84@Object@@QAEXPBVMatrix3D@@@Z	?bfmeOneTFB@BfmeThingTFB@@QAEXXZ	0x00291C20	unowned
Code/GameEngine/Source/GameLogic/Object/ObjectRefreshThenSetTransform.cpp	?rva00291C84@Object@@QAEXPBVMatrix3D@@@Z	?setTransformMatrix@Object@@QAEXPBVMatrix3D@@@Z	0x0028D412	unowned
Code/GameEngine/Source/GameLogic/Object/ObjectReleaseWeaponLock.cpp	?releaseWeaponLock@Object@@QAEXW4WeaponLockType@@@Z	?releaseWeaponLock@WeaponSet@@QAEXW4WeaponLockType@@@Z	0x002C8B9B	unowned
Code/GameEngine/Source/GameLogic/Object/ObjectRva0028B35B.cpp	?rva0028B35B@Object@@QBE_NPBV1@@Z	?bfmeIntersects@GeometryInfo@@QBE_NABUCoord3D@@MABV1@0M@Z	0x006BEB80	unowned
Code/GameEngine/Source/GameLogic/Object/ObjectRva0028C149.cpp	?rva0028C149@Object@@QAE_NHPAMH@Z	?rva00403382@AttributeModifierPoolUpdate@@QAE_NHPAMH@Z	0x00403382	unowned
Code/GameEngine/Source/GameLogic/Object/ObjectRvaSmallGetters.cpp	?rva0028ACCA@Object@@QAEXH@Z	?rva004DE24B@Rva004DD843@@QAEXH@Z	0x004DE24B	unowned
Code/GameEngine/Source/GameLogic/Object/ObjectRvaSmallGetters.cpp	?rva0028AD00@Object@@QAEXHMH@Z	?rva004DE109@Rva004DD843@@QAEXHMH@Z	0x004DE109	unowned
Code/GameEngine/Source/GameLogic/Object/ObjectRvaSmallGetters.cpp	?rva0028AD7C@Object@@QAEXXZ	?rva004DE2ED@Rva004DD843@@QAEXXZ	0x004DE2ED	unowned
Code/GameEngine/Source/GameLogic/Object/ObjectRvaSmallGetters.cpp	?rva0028CDB6@Object@@QAEXXZ	?rva004DE109@Rva004DD843@@QAEXHMH@Z	0x004DE109	unowned
Code/GameEngine/Source/GameLogic/Object/ObjectRvaSmallGetters.cpp	?rva0028CDB6@Object@@QAEXXZ	?rva004DE24B@Rva004DD843@@QAEXH@Z	0x004DE24B	unowned
Code/GameEngine/Source/GameLogic/Object/ObjectScriptStatus.cpp	?rva00292ED0@Object@@QAE_NW4DisabledType@@@Z	?clearDisabled@Object@@QAE_NW4DisabledType@@@Z	0x00291CAC	unowned
Code/GameEngine/Source/GameLogic/Object/ObjectScriptStatus.cpp	?setDisabled@Object@@QAEXW4DisabledType@@@Z	?setDisabledUntil@Object@@QAEXW4DisabledType@@I@Z	0x00290114	unowned
Code/GameEngine/Source/GameLogic/Object/ObjectScriptStatus.cpp	?setScriptStatus@Object@@QAEXW4ObjectScriptStatusBit@@_N@Z	?clearDisabled@Object@@QAE_NW4DisabledType@@@Z	0x00291CAC	unowned
Code/GameEngine/Source/GameLogic/Object/ObjectWeaponSetFlags.cpp	?clearWeaponSetFlag@Object@@QAEXW4WeaponSetType@@@Z	?updateWeaponSet@WeaponSet@@QAEXPBVObject@@@Z	0x002C8C97	unowned
Code/GameEngine/Source/GameLogic/Object/ObjectWeaponSetFlags.cpp	?rva00290AC1@Object@@QAEXABVRva0028C570@@@Z	?updateWeaponSet@WeaponSet@@QAEXPBVObject@@@Z	0x002C8C97	unowned
Code/GameEngine/Source/GameLogic/Object/ObjectWeaponSetFlags.cpp	?setWeaponSetFlag@Object@@QAEXW4WeaponSetType@@@Z	?updateWeaponSet@WeaponSet@@QAEXPBVObject@@@Z	0x002C8C97	unowned
Code/GameEngine/Source/GameLogic/Object/Object_Object_topple.cpp	?topple@Object@@QAEXPBUCoord3D@@MI@Z	?applyTopplingForce@ToppleUpdate@@QAEXPBUCoord3D@@MI@Z	0x004A83D7	unowned
Code/GameEngine/Source/GameLogic/Object/Object_Object_topple.cpp	?topple@Object@@QAEXPBUCoord3D@@MI@Z	?isAbleToBeToppled@ToppleUpdate@@QBE_NXZ	0x004A8125	wrong
Code/GameEngine/Source/GameLogic/Object/Object_rva0028FEA7.cpp	?rva0028FEA7@Object@@QAE_NMPBV1@I@Z	?setEffectivelyDead@Object@@QAEX_N@Z	0x0028D2FB	unowned
Code/GameEngine/Source/GameLogic/Object/PartitionData_friendUpdateCellsTouched.cpp	?friend_updateCellsTouched@PartitionData@@QAEXXZ	?updateCellsTouched@PartitionData@@AAEXXZ	0x0073AD90	unowned
Code/GameEngine/Source/GameLogic/Object/PartitionFilterPossibleToAttackAllow.cpp	?allow@PartitionFilterPossibleToAttack@@UAE_NPAVObject@@@Z	?getAbleToAttackSpecificObject@Object@@QBE?AW4CanAttackResult@@W4AbleToAttackType@@PBV1@W4CommandSourceType@@@Z	0x0028D051	unowned
Code/GameEngine/Source/GameLogic/Object/PartitionManager.cpp	?getRelativeAngle2D@PartitionManager@@QAEMPBVObject@@0@Z	?getRelativeAngle2D@PartitionManager@@QAEMPBVObject@@PBUCoord3D@@@Z	0x002C9BC3	wrong
Code/GameEngine/Source/GameLogic/Object/PartitionManagerShroudThunks.cpp	?rva00625310@PartitionManager@@QAEXH@Z	?Rva00627E40@ShroudManager@@QAEXH@Z	0x00627E40	unowned
Code/GameEngine/Source/GameLogic/Object/PartitionManagerShroudThunks.cpp	?rva00625340@PartitionManager@@QAEXHHH@Z	?bfmeFwd1050@BfmeP1050@@QAEXHHHHH@Z	0x00628040	unowned
Code/GameEngine/Source/GameLogic/Object/Rva000647D4Xfer.cpp	?xfer@Rva000647D4@@MAEXPAVXfer@@@Z	?xfer@Locomotor@@MAEXPAVXfer@@@Z	0x00341E2D	wrong
Code/GameEngine/Source/GameLogic/Object/Rva000796CBPairInit.cpp	??0Rva000796CBPair@@QAE@PBHABV?$vector@PBVLocomotorTemplate@@V?$allocator@PBVLocomotorTemplate@@@_STL@@@_STL@@@Z	??0?$vector@PBVLocomotorTemplate@@V?$allocator@PBVLocomotorTemplate@@@_STL@@@_STL@@QAE@ABV01@@Z	0x002CFAB9	divergent
Code/GameEngine/Source/GameLogic/Object/Rva001F092ACtor.cpp	??_GRva001F092A@@UAEPAXI@Z	??1Rva001F092A@@UAE@XZ	0x001F0996	unowned
Code/GameEngine/Source/GameLogic/Object/Rva0028D86F.cpp	?rva0028D86F@Rva0028D86F@@QAEXABU?$_Base_bitset@$03@_STL@@@Z	?updateWeaponSet@WeaponSet@@QAEXPBVObject@@@Z	0x002C8C97	unowned
Code/GameEngine/Source/GameLogic/Object/Rva00290EFEGetGhostObject.cpp	?getGhostObject@Rva00290EFE@@QAEPAXXZ	??1BFMERetailAsciiString@@QAE@XZ	0x00036410	wrong
Code/GameEngine/Source/GameLogic/Object/Rva00355A09Create.cpp	?rva00355A09@Rva003559B5Host@@QAEXHPAVRva0036E346@@H@Z	?Attach@Rva003559B5Host@@QAEXHPAURva003559B5Val@@@Z	0x003558A3	unowned
Code/GameEngine/Source/GameLogic/Object/Rva00355A09Create.cpp	?rva00355A5D@Rva003559B5Host@@QAEXHPAVRva0036E346@@H@Z	?Attach@Rva003559B5Host@@QAEXHPAURva003559B5Val@@@Z	0x003558A3	unowned
Code/GameEngine/Source/GameLogic/Object/Rva0036105BCopyCtor.cpp	??4Rva0036105B@@QAEAAV0@ABV0@@Z	??4?$vector@IV?$allocator@I@_STL@@@_STL@@QAEAAV01@ABV01@@Z	0x0026F4F4	divergent
Code/GameEngine/Source/GameLogic/Object/Rva0049C6E1Finish.cpp	?rva0049C6E1@Rva0049C6E1@@QAE_NPAVObject@@@Z	?bfmeHas985C@BfmeArg985@@QAEDH@Z	0x002940B9	unowned
Code/GameEngine/Source/GameLogic/Object/Rva004DD843SlotFlushes.cpp	?rva004DDD6E@Rva004DD843@@QAEXXZ	?rva004DD8FA@Rva004DD843@@QAEXPAURva004DD843Slot@@@Z	0x004DD8FA	unowned
Code/GameEngine/Source/GameLogic/Object/Rva004DD843SlotFlushes.cpp	?rva004DDD80@Rva004DD843@@QAEXXZ	?rva004DD8FA@Rva004DD843@@QAEXPAURva004DD843Slot@@@Z	0x004DD8FA	unowned
Code/GameEngine/Source/GameLogic/Object/Rva004DD843SlotFlushes.cpp	?rva004DDD92@Rva004DD843@@QAEXXZ	?rva004DD8FA@Rva004DD843@@QAEXPAURva004DD843Slot@@@Z	0x004DD8FA	unowned
Code/GameEngine/Source/GameLogic/Object/SpecialPower/AreaSpecialPowersAtLocation.cpp	?doSpecialPowerAtLocation@CloudBreakSpecialPower@@UAEXPBUCoord3D@@I@Z	?rva004C4621@CloudBreakSpecialPower@@QAEXPBUCoord3D@@@Z	0x004C4621	unowned
Code/GameEngine/Source/GameLogic/Object/SpecialPower/AreaSpecialPowersAtLocation.cpp	?doSpecialPowerAtLocation@DarknessSpecialPower@@UAEXPBUCoord3D@@I@Z	?rva004C4E93@DarknessSpecialPower@@QAEXPBUCoord3D@@@Z	0x004C4E93	unowned
Code/GameEngine/Source/GameLogic/Object/SpecialPower/AreaSpecialPowersAtLocation.cpp	?doSpecialPowerAtLocation@ElvenWoodSpecialPower@@UAEXPBUCoord3D@@I@Z	?rva004C3B17@ElvenWoodSpecialPower@@QAEXPBUCoord3D@@@Z	0x004C3B17	unowned
Code/GameEngine/Source/GameLogic/Object/SpecialPower/AreaSpecialPowersAtLocation.cpp	?doSpecialPowerAtLocation@FreezingRainSpecialPower@@UAEXPBUCoord3D@@I@Z	?rva004C4C99@FreezingRainSpecialPower@@QAEXPBUCoord3D@@@Z	0x004C4C99	unowned
Code/GameEngine/Source/GameLogic/Object/SpecialPower/AreaSpecialPowersAtLocation.cpp	?doSpecialPowerAtLocation@TaintSpecialPower@@UAEXPBUCoord3D@@I@Z	?rva004C49AE@TaintSpecialPower@@QAEXPBUCoord3D@@@Z	0x004C49AE	unowned
Code/GameEngine/Source/GameLogic/Object/SpecialPower/CashHackSpecialPowerModuleDataCtor.cpp	??0CashHackSpecialPowerModuleData@@QAE@XZ	??0?$_Vector_base@UCashHackUpgrades@@V?$allocator@UCashHackUpgrades@@@_STL@@@_STL@@QAE@ABV?$allocator@UCashHackUpgrades@@@1@@Z	0x00211E58	wrong
Code/GameEngine/Source/GameLogic/Object/SpecialPower/CashHackSpecialPowerModuleDataCtor.cpp	??0CashHackSpecialPowerModuleData@@QAE@XZ	?erase@?$vector@UCashHackUpgrades@@V?$allocator@UCashHackUpgrades@@@_STL@@@_STL@@QAEPAUCashHackUpgrades@@PAU3@0@Z	0x003FA4DB	wrong
Code/GameEngine/Source/GameLogic/Object/SpecialPower/DominateEnemySpecialPowerSlots.cpp	?rva004CCB0E@DominateEnemySpecialPower@@QAEXPAVObject@@0PBVDominateEnemySpecialPowerModuleData@@_N@Z	?rva00298979@Object@@QAEXPAV1@_N@Z	0x00298979	unowned
Code/GameEngine/Source/GameLogic/Object/SpecialPower/EvacuateGarrisonSpecialPowerSlot19.cpp	?rva00451B92@EvacuateGarrisonSpecialPower@@UAEXXZ	?rva00451B92@SpecialAbilityUpdate@@UAEXXZ	0x00451B92	unowned
Code/GameEngine/Source/GameLogic/Object/SpecialPower/InvisibilitySpecialPowerAtLocation.cpp	?doSpecialPowerAtLocation@InvisibilitySpecialPower@@UAEXPBUCoord3D@@I@Z	?rva00439CF7@Rva00439CF7@@QAEXPAVObject@@HPBX@Z	0x00439CF7	unowned
Code/GameEngine/Source/GameLogic/Object/SpecialPower/InvisibilitySpecialPowerAtLocation.cpp	?doSpecialPowerAtObject@InvisibilitySpecialPower@@UAEXPAVObject@@I@Z	?rva00439CF7@Rva00439CF7@@QAEXPAVObject@@HPBX@Z	0x00439CF7	unowned
Code/GameEngine/Source/GameLogic/Object/SpecialPower/OCLSpecialPowerModuleDataCtor.cpp	??0OCLSpecialPowerModuleData@@QAE@XZ	??0?$_Vector_base@UOCLUpgradePair@@V?$allocator@UOCLUpgradePair@@@_STL@@@_STL@@QAE@ABV?$allocator@UOCLUpgradePair@@@1@@Z	0x00211E58	wrong
Code/GameEngine/Source/GameLogic/Object/SpecialPower/OCLSpecialPowerModuleDataCtor.cpp	??0OCLSpecialPowerModuleData@@QAE@XZ	?erase@?$vector@UOCLUpgradePair@@V?$allocator@UOCLUpgradePair@@@_STL@@@_STL@@QAEPAUOCLUpgradePair@@PAU3@0@Z	0x003FA4DB	wrong
Code/GameEngine/Source/GameLogic/Object/SpecialPower/PlayerHealSpecialPowerSlots.cpp	?doSpecialPower@PlayerHealSpecialPower@@UAEXI@Z	?rva004C8095@PlayerHealSpecialPower@@QAEXPBUCoord3D@@@Z	0x004C8095	unowned
Code/GameEngine/Source/GameLogic/Object/SpecialPower/PlayerHealSpecialPowerSlots.cpp	?doSpecialPowerAtLocation@PlayerHealSpecialPower@@UAEXPBUCoord3D@@I@Z	?rva004C8095@PlayerHealSpecialPower@@QAEXPBUCoord3D@@@Z	0x004C8095	unowned
Code/GameEngine/Source/GameLogic/Object/SpecialPower/PlayerHealSpecialPowerSlots.cpp	?doSpecialPowerAtObject@PlayerHealSpecialPower@@UAEXPAVObject@@I@Z	?rva004C8095@PlayerHealSpecialPower@@QAEXPBUCoord3D@@@Z	0x004C8095	unowned
Code/GameEngine/Source/GameLogic/Object/SpecialPower/PlayerUpgradeSpecialPowerDoSpecialPower.cpp	?doSpecialPower@PlayerUpgradeSpecialPower@@UAEXI@Z	?triggerSpecialPower@SpecialPowerModule@@QAEXPBUCoord3D@@@Z	0x004941F3	unowned
Code/GameEngine/Source/GameLogic/Object/SpecialPower/SiegeDeploySpecialPowerHelper.cpp	?rva004C573C@SiegeDeploySpecialPower@@QAEXXZ	?bfmeCallEBC@BfmeOwnerEBC@@QAEXXZ	0x0046094C	unowned
Code/GameEngine/Source/GameLogic/Object/SpecialPower/SiegeDeploySpecialPowerSlots.cpp	?rva004C5E62@SiegeDeploySpecialPower@@QAEXXZ	?rva004C5BE3@SiegeDeploySpecialPower@@AAEXH@Z	0x004C5BE3	unowned
Code/GameEngine/Source/GameLogic/Object/SpecialPower/SpecialPowerModuleDeletingDtors.cpp	??_GLevelGrantSpecialPower@@UAEPAXI@Z	??1LevelGrantSpecialPower@@UAE@XZ	0x004C2C76	unowned
Code/GameEngine/Source/GameLogic/Object/SpecialPower/SpecialPowerModuleDo.cpp	?doSpecialPower@SpecialPowerModule@@UAEXI@Z	?initiateIntentToDoSpecialPower@SpecialPowerModule@@QAE_NPBVObject@@PBUCoord3D@@IPBVWaypoint@@@Z	0x004946F3	unowned
Code/GameEngine/Source/GameLogic/Object/SpecialPower/SpecialPowerModuleDo.cpp	?doSpecialPower@SpecialPowerModule@@UAEXI@Z	?triggerSpecialPower@SpecialPowerModule@@QAEXPBUCoord3D@@@Z	0x004941F3	unowned
Code/GameEngine/Source/GameLogic/Object/SpecialPower/SpecialPowerModuleDo.cpp	?doSpecialPowerAtLocation@SpecialPowerModule@@UAEXPBUCoord3D@@I@Z	?initiateIntentToDoSpecialPower@SpecialPowerModule@@QAE_NPBVObject@@PBUCoord3D@@IPBVWaypoint@@@Z	0x004946F3	unowned
Code/GameEngine/Source/GameLogic/Object/SpecialPower/SpecialPowerModuleDo.cpp	?doSpecialPowerAtLocation@SpecialPowerModule@@UAEXPBUCoord3D@@I@Z	?triggerSpecialPower@SpecialPowerModule@@QAEXPBUCoord3D@@@Z	0x004941F3	unowned
Code/GameEngine/Source/GameLogic/Object/SpecialPower/SpecialPowerModuleDo.cpp	?doSpecialPowerAtObject@SpecialPowerModule@@UAEXPAVObject@@I@Z	?initiateIntentToDoSpecialPower@SpecialPowerModule@@QAE_NPBVObject@@PBUCoord3D@@IPBVWaypoint@@@Z	0x004946F3	unowned
Code/GameEngine/Source/GameLogic/Object/SpecialPower/SpecialPowerModuleDo.cpp	?doSpecialPowerAtObject@SpecialPowerModule@@UAEXPAVObject@@I@Z	?triggerSpecialPower@SpecialPowerModule@@QAEXPBUCoord3D@@@Z	0x004941F3	unowned
Code/GameEngine/Source/GameLogic/Object/SpecialPower/SpecialPowerTimerRefreshSpecialPowerSlot13.cpp	?rva00493EA7@SpecialPowerTimerRefreshSpecialPower@@UAEXPAVObject@@HPBV?$BitFlags@$0L@@@@Z	?rva00493EA7@SpecialPowerModule@@UAEXPAVObject@@HPBV?$BitFlags@$0L@@@@Z	0x00493EA7	unowned
Code/GameEngine/Source/GameLogic/Object/SpecialPower/UntamedAllegianceSpecialPowerSlot13.cpp	?rva00493EA7@UntamedAllegianceSpecialPower@@UAEXPAVObject@@HPBV?$BitFlags@$0L@@@@Z	?rva002930A9@Object@@QAEXH@Z	0x002930A9	unowned
Code/GameEngine/Source/GameLogic/Object/SpecialPower/UntamedAllegianceSpecialPowerSlot13.cpp	?rva00493EA7@UntamedAllegianceSpecialPower@@UAEXPAVObject@@HPBV?$BitFlags@$0L@@@@Z	?rva00298979@Object@@QAEXPAV1@_N@Z	0x00298979	unowned
Code/GameEngine/Source/GameLogic/Object/SpecialPower/UntamedAllegianceSpecialPowerSlot13.cpp	?rva00493EA7@UntamedAllegianceSpecialPower@@UAEXPAVObject@@HPBV?$BitFlags@$0L@@@@Z	?rva00493EA7@SpecialPowerModule@@UAEXPAVObject@@HPBV?$BitFlags@$0L@@@@Z	0x00493EA7	unowned
Code/GameEngine/Source/GameLogic/Object/StlO1Instantiations.cpp	?_M_fill_insert@?$vector@PAVDrawable@@V?$allocator@PAVDrawable@@@_STL@@@_STL@@QAEXPAPAVDrawable@@IABQAV3@@Z	?_M_insert_overflow@?$vector@PAVDrawable@@V?$allocator@PAVDrawable@@@_STL@@@_STL@@IAEXPAPAVDrawable@@ABQAV3@ABU__true_type@2@I_N@Z	0x002DFCF6	divergent
Code/GameEngine/Source/GameLogic/Object/Update/AIUpdate.cpp	?find@?$map@W4LocomotorSetType@@V?$vector@PBVLocomotorTemplate@@V?$allocator@PBVLocomotorTemplate@@@_STL@@@_STL@@U?$less@W4LocomotorSetType@@@3@V?$allocator@U?$pair@$$CBW4LocomotorSetType@@V?$vector@PBVLocomotorTemplate@@V?$allocator@PBVLocomotorTemplate@@@_STL@@@_STL@@@_STL@@@3@@_STL@@QBE?AU?$_Rb_tree_iterator@U?$pair@$$CBW4LocomotorSetType@@V?$vector@PBVLocomotorTemplate@@V?$allocator@PBVLocomotorTemplate@@@_STL@@@_STL@@@_STL@@U?$_Const_traits@U?$pair@$$CBW4LocomotorSetType@@V?$vector@PBVLocomotorTemplate@@V?$allocator@PBVLocomotorTemplate@@@_STL@@@_STL@@@_STL@@@2@@2@ABW4LocomotorSetType@@@Z	??$find@W4LocomotorSetType@@@?$_Rb_tree@W4LocomotorSetType@@U?$pair@$$CBW4LocomotorSetType@@V?$vector@PBVLocomotorTemplate@@V?$allocator@PBVLocomotorTemplate@@@_STL@@@_STL@@@_STL@@U?$_Select1st@U?$pair@$$CBW4LocomotorSetType@@V?$vector@PBVLocomotorTemplate@@V?$allocator@PBVLocomotorTemplate@@@_STL@@@_STL@@@_STL@@@3@U?$less@W4LocomotorSetType@@@3@V?$allocator@U?$pair@$$CBW4LocomotorSetType@@V?$vector@PBVLocomotorTemplate@@V?$allocator@PBVLocomotorTemplate@@@_STL@@@_STL@@@_STL@@@3@@_STL@@QBE?AU?$_Rb_tree_iterator@U?$pair@$$CBW4LocomotorSetType@@V?$vector@PBVLocomotorTemplate@@V?$allocator@PBVLocomotorTemplate@@@_STL@@@_STL@@@_STL@@U?$_Const_traits@U?$pair@$$CBW4LocomotorSetType@@V?$vector@PBVLocomotorTemplate@@V?$allocator@PBVLocomotorTemplate@@@_STL@@@_STL@@@_STL@@@2@@1@ABW4LocomotorSetType@@@Z	0x00759410	divergent
Code/GameEngine/Source/GameLogic/Object/Update/AIUpdate/AnimalAIUpdateCtor.cpp	??0AnimalAIUpdate@@QAE@PAVThing@@PBVModuleData@@@Z	??0Rva0026E9BDBase@@QAE@PAVThing@@PBVModuleData@@@Z	0x0026E9BD	unowned
Code/GameEngine/Source/GameLogic/Object/Update/AIUpdate/AnimalAIUpdateMakeStateMachine.cpp	?makeStateMachine@AnimalAIUpdate@@MAEPAVAIStateMachine@@XZ	??0AIStateMachine@@QAE@PAVObject@@I@Z	0x00351C48	unowned
Code/GameEngine/Source/GameLogic/Object/Update/AIUpdate/AnimalAIUpdateXfer.cpp	?xfer@AnimalAIUpdate@@MAEXPAVXfer@@@Z	?xfer@AIUpdateInterface@@UAEXPAVXfer@@@Z	0x00267EDD	unowned
Code/GameEngine/Source/GameLogic/Object/Update/AIUpdate/AssaultTransportAIUpdateCtor.cpp	??0AssaultTransportAIUpdate@@QAE@PAVThing@@PBVModuleData@@@Z	??0Rva0026E9BDBase@@QAE@PAVThing@@PBVModuleData@@@Z	0x0026E9BD	unowned
Code/GameEngine/Source/GameLogic/Object/Update/AIUpdate/AssaultTransportAIUpdateXfer.cpp	?xfer@AssaultTransportAIUpdate@@MAEXPAVXfer@@@Z	?xfer@AIUpdateInterface@@UAEXPAVXfer@@@Z	0x00267EDD	unowned
Code/GameEngine/Source/GameLogic/Object/Update/AIUpdate/DeployStyleAIUpdateCtor.cpp	??0DeployStyleAIUpdate@@QAE@PAVThing@@PBVModuleData@@@Z	??0Rva0026E9BDBase@@QAE@PAVThing@@PBVModuleData@@@Z	0x0026E9BD	unowned
Code/GameEngine/Source/GameLogic/Object/Update/AIUpdate/DeployStyleAIUpdateCtor.cpp	??0DeployStyleAIUpdate@@QAE@PAVThing@@PBVModuleData@@@Z	?initMember@Rva0026AFDAMember@@QAEXXZ	0x0026AFDA	unowned
Code/GameEngine/Source/GameLogic/Object/Update/AIUpdate/DeployStyleAIUpdateDtor.cpp	??1DeployStyleAIUpdate@@UAE@XZ	??1Rva0026E9BDBase@@UAE@XZ	0x0026E836	unowned
Code/GameEngine/Source/GameLogic/Object/Update/AIUpdate/DeployStyleAIUpdateXfer.cpp	?xfer@DeployStyleAIUpdate@@MAEXPAVXfer@@@Z	?doXfer@Rva0026AFDAMember@@QAEXPAVXfer@@@Z	0x003533BF	unowned
Code/GameEngine/Source/GameLogic/Object/Update/AIUpdate/DeployStyleAIUpdateXfer.cpp	?xfer@DeployStyleAIUpdate@@MAEXPAVXfer@@@Z	?xfer@AIUpdateInterface@@UAEXPAVXfer@@@Z	0x00267EDD	unowned
Code/GameEngine/Source/GameLogic/Object/Update/AIUpdate/DozerAIUpdateXfer.cpp	?xfer@DozerAIUpdate@@MAEXPAVXfer@@@Z	?xfer@AIUpdateInterface@@UAEXPAVXfer@@@Z	0x00267EDD	unowned
Code/GameEngine/Source/GameLogic/Object/Update/AIUpdate/HordeAIUpdateCtor.cpp	??0HordeAIUpdate@@QAE@PAVThing@@PBVModuleData@@@Z	??0Rva0026E9BDBase@@QAE@PAVThing@@PBVModuleData@@@Z	0x0026E9BD	unowned
Code/GameEngine/Source/GameLogic/Object/Update/AIUpdate/SiegeAIUpdateCtorThunk.cpp	??0SiegeAIUpdate@@QAE@PAVThing@@PBVModuleData@@@Z	??0SiegeAIUpdateBase@@QAE@PAVThing@@PBVModuleData@@@Z	0x0026E9BD	unowned
Code/GameEngine/Source/GameLogic/Object/Update/AIUpdate/SupplyTruckAIUpdateCtor.cpp	??0SupplyTruckAIUpdate@@QAE@PAVThing@@PBVModuleData@@@Z	??0Rva0026E9BDBase@@QAE@PAVThing@@PBVModuleData@@@Z	0x0026E9BD	unowned
Code/GameEngine/Source/GameLogic/Object/Update/AIUpdate/SupplyTruckAIUpdateXfer.cpp	?xfer@SupplyTruckAIUpdate@@MAEXPAVXfer@@@Z	?xfer@AIUpdateInterface@@UAEXPAVXfer@@@Z	0x00267EDD	unowned
Code/GameEngine/Source/GameLogic/Object/Update/AIUpdate/TransportAIUpdateCtorThunk.cpp	??0TransportAIUpdate@@QAE@PAVThing@@PBVModuleData@@@Z	??0TransportAIUpdateBase@@QAE@PAVThing@@PBVModuleData@@@Z	0x0026E9BD	unowned
Code/GameEngine/Source/GameLogic/Object/Update/AIUpdate/TransportAIUpdatePrivateAttackPosition.cpp	?privateAttackObject@TransportAIUpdate@@MAEXPAVObject@@HW4CommandSourceType@@@Z	?privateAttackObject@AIUpdateInterface@@MAEXPAVObject@@HW4CommandSourceType@@@Z	0x0026BCD2	unowned
Code/GameEngine/Source/GameLogic/Object/Update/AIUpdate/TransportAIUpdatePrivateAttackPosition.cpp	?privateForceAttackObject@TransportAIUpdate@@MAEXPAVObject@@HW4CommandSourceType@@@Z	?privateForceAttackObject@AIUpdateInterface@@MAEXPAVObject@@HW4CommandSourceType@@@Z	0x0026BEE6	unowned
Code/GameEngine/Source/GameLogic/Object/Update/AIUpdate/TransportAIUpdateXfer.cpp	?xfer@TransportAIUpdate@@MAEXPAVXfer@@@Z	?xfer@AIUpdateInterface@@UAEXPAVXfer@@@Z	0x00267EDD	unowned
Code/GameEngine/Source/GameLogic/Object/Update/AIUpdate/WanderAIUpdate.cpp	??0WanderAIUpdate@@QAE@PAVThing@@PBVModuleData@@@Z	??0AIUpdateInterface@@QAE@PAVThing@@PBVModuleData@@@Z	0x0026E9BD	unowned
Code/GameEngine/Source/GameLogic/Object/Update/AIUpdateInterfaceDeleter.cpp	??_GAIUpdateInterface@@MAEPAXI@Z	??1AIUpdateInterface@@MAE@XZ	0x0026E836	unowned
Code/GameEngine/Source/GameLogic/Object/Update/AIUpdateInterfacePrivateCommands.cpp	?loadPostProcess@AIUpdateInterface@@MAEXXZ	?getAttackInfo@ScriptEngine@@QAEPBVAttackPriorityInfo@@ABVAsciiString@@@Z	0x00205DDD	unowned
Code/GameEngine/Source/GameLogic/Object/Update/AIUpdateInterfacePrivateCommands.cpp	?loadPostProcess@AIUpdateInterface@@MAEXXZ	?rva00333E5B@LuaDrawableState@@QAEXPAVObject@@@Z	0x00333E5B	unowned
Code/GameEngine/Source/GameLogic/Object/Update/AIUpdateInterfacePrivateCommands.cpp	?makeStateMachine@AIUpdateInterface@@MAEPAVAIStateMachine@@XZ	??0AIStateMachine@@QAE@PAVObject@@I@Z	0x00351C48	unowned
Code/GameEngine/Source/GameLogic/Object/Update/AIUpdateInterfacePrivateCommands.cpp	?privateAttackPosition@AIUpdateInterface@@MAEXPBUCoord3D@@HW4CommandSourceType@@@Z	?findPositionAround@PartitionManager@@SA_NPBUCoord3D@@PBUFindPositionOptions@@PAU2@@Z	0x00285202	unowned
Code/GameEngine/Source/GameLogic/Object/Update/AIUpdateInterfacePrivateCommands.cpp	?privateAttackPosition@AIUpdateInterface@@MAEXPBUCoord3D@@HW4CommandSourceType@@@Z	?isContactWeapon@WeaponTemplate@@QBE_NXZ	0x0047A699	wrong
Code/GameEngine/Source/GameLogic/Object/Update/AIUpdateInterfacePrivateCommands.cpp	?privateEnter@AIUpdateInterface@@MAEXPAVObject@@W4CommandSourceType@@@Z	?canEnterObject@BFMEActionManager@@QAE_NPBVObject@@0W4CommandSourceType@@W4CanEnterType@@HPA_N@Z	0x0041C2D0	unowned
Code/GameEngine/Source/GameLogic/Object/Update/AIUpdateInterfacePrivateCommands.cpp	?privateFollowPathAppend@AIUpdateInterface@@MAEXPBUCoord3D@@W4CommandSourceType@@@Z	?addToGoalPath@AIStateMachine@@QAEXPBUCoord3D@@@Z	0x0035385E	unowned
Code/GameEngine/Source/GameLogic/Object/Update/AIUpdateInterfacePrivateCommands.cpp	?privateIdle@AIUpdateInterface@@MAEXW4CommandSourceType@@@Z	?rva0028DB3C@Object@@QAEXXZ	0x0028DB3C	unowned
Code/GameEngine/Source/GameLogic/Object/Update/AIUpdateInterfacePrivateCommands.cpp	?privateMoveAwayFromUnit@AIUpdateInterface@@MAEXPAVObject@@PBUCoord3D@@W4CommandSourceType@@@Z	?getMoveAwayFromPath@Pathfinder@@QAEPAVPath@@PAVObject@@0PAV2@01@Z	0x002F9DBA	unowned
Code/GameEngine/Source/GameLogic/Object/Update/AIUpdateInterfacePrivateCommands.cpp	?privateMoveAwayFromUnit@AIUpdateInterface@@MAEXPAVObject@@PBUCoord3D@@W4CommandSourceType@@@Z	?moveAllies@Pathfinder@@QAEXPAVObject@@PAVPath@@_N@Z	0x002F3C09	unowned
Code/GameEngine/Source/GameLogic/Object/Update/AIUpdateInterfacePrivateCommands.cpp	?privateMoveAwayFromUnit@AIUpdateInterface@@MAEXPAVObject@@PBUCoord3D@@W4CommandSourceType@@@Z	?rva0028CE7B@Object@@QBECXZ	0x0028CE7B	unowned
Code/GameEngine/Source/GameLogic/Object/Update/AIUpdateInterfacePrivateCommands.cpp	?rva00263404@AIUpdateInterface@@UAEXPAVRva00263404Source@@@Z	?rva002ECC0D@Pathfinder@@QAE_NPAVObject@@PBUCoord3D@@@Z	0x002ECC0D	unowned
Code/GameEngine/Source/GameLogic/Object/Update/AIUpdateInterfacePrivateCommands.cpp	?rva00263404@AIUpdateInterface@@UAEXPAVRva00263404Source@@@Z	?rva003642DF@Path@@QAE?AURva003642DFResult@@M@Z	0x003642DF	unowned
Code/GameEngine/Source/GameLogic/Object/Update/AIUpdateInterfacePrivateCommands.cpp	?rva00263404@AIUpdateInterface@@UAEXPAVRva00263404Source@@@Z	?rva00365DF0@Path@@QAEXPAVRva00263404Product@@@Z	0x00365DF0	unowned
Code/GameEngine/Source/GameLogic/Object/Update/AIUpdateInterfaceRva0026417F.cpp	?rva0026417F@AIUpdateInterface@@QAEHH@Z	?rva0028CE7B@Object@@QBECXZ	0x0028CE7B	unowned
Code/GameEngine/Source/GameLogic/Object/Update/AIUpdateInterface_chooseLocomotorSetExplicit_Rva00268A37.cpp	?chooseLocomotorSetExplicit@AIUpdateInterface@@QAE_NH@Z	?clear@LocomotorSet@@QAEXXZ	0x001E7E25	wrong
Code/GameEngine/Source/GameLogic/Object/Update/AIUpdateInterface_requestPath_Rva0026893F.cpp	?requestPath@AIUpdateInterface@@QAEXPAUCoord3D@@_N@Z	?computeQuickPath@AIUpdateInterface@@QAEXPBUCoord3D@@@Z	0x00265C5B	unowned
Code/GameEngine/Source/GameLogic/Object/Update/AIUpdateInterface_voiceResponses_Rva0026B25A.cpp	?playAttackVoiceResponse@AIUpdateInterface@@IAEXPAVObject@@@Z	?insert@?$list@PAVDrawable@@V?$allocator@PAVDrawable@@@_STL@@@_STL@@QAE?AU?$_List_iterator@PAVDrawable@@U?$_Nonconst_traits@PAVDrawable@@@_STL@@@2@U32@ABQAVDrawable@@@Z	0x00239D02	divergent
Code/GameEngine/Source/GameLogic/Object/Update/AIUpdateInterface_voiceResponses_Rva0026B25A.cpp	?playAttackVoiceResponse@AIUpdateInterface@@IAEXPAVObject@@@Z	?pickAndPlayUnitVoiceResponse@@YAXPBVDrawableList@@W4Type@GameMessage@@PAVPickAndPlayInfo@@@Z	0x004DAAFD	unowned
Code/GameEngine/Source/GameLogic/Object/Update/AIUpdateInterface_voiceResponses_Rva0026B25A.cpp	?playAttackVoiceResponse@AIUpdateInterface@@IAEXPBUCoord3D@@@Z	?insert@?$list@PAVDrawable@@V?$allocator@PAVDrawable@@@_STL@@@_STL@@QAE?AU?$_List_iterator@PAVDrawable@@U?$_Nonconst_traits@PAVDrawable@@@_STL@@@2@U32@ABQAVDrawable@@@Z	0x00239D02	divergent
Code/GameEngine/Source/GameLogic/Object/Update/AIUpdateInterface_voiceResponses_Rva0026B25A.cpp	?playAttackVoiceResponse@AIUpdateInterface@@IAEXPBUCoord3D@@@Z	?pickAndPlayUnitVoiceResponse@@YAXPBVDrawableList@@W4Type@GameMessage@@PAVPickAndPlayInfo@@@Z	0x004DAAFD	unowned
Code/GameEngine/Source/GameLogic/Object/Update/AIUpdateInterface_voiceResponses_Rva0026B25A.cpp	?playMoveVoiceResponse@AIUpdateInterface@@IAEXPBUCoord3D@@@Z	?insert@?$list@PAVDrawable@@V?$allocator@PAVDrawable@@@_STL@@@_STL@@QAE?AU?$_List_iterator@PAVDrawable@@U?$_Nonconst_traits@PAVDrawable@@@_STL@@@2@U32@ABQAVDrawable@@@Z	0x00239D02	divergent
Code/GameEngine/Source/GameLogic/Object/Update/AIUpdateInterface_voiceResponses_Rva0026B25A.cpp	?playMoveVoiceResponse@AIUpdateInterface@@IAEXPBUCoord3D@@@Z	?pickAndPlayUnitVoiceResponse@@YAXPBVDrawableList@@W4Type@GameMessage@@PAVPickAndPlayInfo@@@Z	0x004DAAFD	unowned
Code/GameEngine/Source/GameLogic/Object/Update/AIUpdateInterface_voiceResponses_Rva0026B25A.cpp	?push_back@?$list@PAVDrawable@@V?$allocator@PAVDrawable@@@_STL@@@_STL@@QAEXABQAVDrawable@@@Z	?insert@?$list@PAVDrawable@@V?$allocator@PAVDrawable@@@_STL@@@_STL@@QAE?AU?$_List_iterator@PAVDrawable@@U?$_Nonconst_traits@PAVDrawable@@@_STL@@@2@U32@ABQAVDrawable@@@Z	0x00239D02	divergent
Code/GameEngine/Source/GameLogic/Object/Update/AIUpdateInterface_wakeUpNow.cpp	?markAsDead@AIUpdateInterface@@QAEXXZ	?setEffectivelyDead@Object@@QAEX_N@Z	0x0028D2FB	unowned
Code/GameEngine/Source/GameLogic/Object/Update/AIUpdateParseLocomotorSet.cpp	?parseLocomotorSet@AIUpdateModuleData@@SAXPAVINI@@PAX1PBX@Z	?push_back@?$vector@PBVLocomotorTemplate@@V?$allocator@PBVLocomotorTemplate@@@_STL@@@_STL@@QAEXABQBVLocomotorTemplate@@@Z	0x004DFCB0	wrong
Code/GameEngine/Source/GameLogic/Object/Update/AIUpdate_AIUpdateInterface_transferAttack.cpp	?transferAttack@AIUpdateInterface@@QAEXW4ObjectID@@0@Z	?findObjectByID@BFMEObjectLookup@@QAEPAVObject@@W4ObjectID@@@Z	0x00049DC5	wrong
Code/GameEngine/Source/GameLogic/Object/Update/ActivateModuleSpecialPowerVslot.cpp	?rva004CDEED@ActivateModuleSpecialPower@@UAEXXZ	?rva004CDDBA@Rva004CDF00@@QAEXH@Z	0x004CDDBA	unowned
Code/GameEngine/Source/GameLogic/Object/Update/ArrowStormUpdateRva004906CD.cpp	?rva004906CD@Rva004906CD@@QAE_NPBUCoord3D@@@Z	?rva0044EDA6@SpecialAbilityUpdate@@UAE_NH@Z	0x0044EDA6	unowned
Code/GameEngine/Source/GameLogic/Object/Update/ArrowStormUpdateSlots.cpp	?rva00450D9A@ArrowStormUpdate@@UAEXXZ	?rva00450D9A@SpecialAbilityUpdate@@UAEXXZ	0x00450D9A	unowned
Code/GameEngine/Source/GameLogic/Object/Update/ArrowStormUpdateSlots.cpp	?rva00450D9A@ArrowStormUpdate@@UAEXXZ	?rva00490AC5@ArrowStormUpdate@@AAEXXZ	0x00490AC5	unowned
Code/GameEngine/Source/GameLogic/Object/Update/AttachUpdate.cpp	?update@AttachUpdate@@UAE?AW4UpdateSleepTime@@XZ	?rva00491AD0@AttachUpdate@@QAEXXZ	0x00491AD0	unowned
Code/GameEngine/Source/GameLogic/Object/Update/AttachUpdateXfer.cpp	?xfer@AttachUpdate@@MAEXPAVXfer@@@Z	?rva001DEC48@Eva@@QAEXPAVXfer@@PAH@Z	0x001DEC48	unowned
Code/GameEngine/Source/GameLogic/Object/Update/AttributeModifierAuraUpdateDtor.cpp	??1AttributeModifierAuraUpdate@@UAE@XZ	?rva00282CFB@TerrainLogic@@QAEXPBUCoord3D@@MI@Z	0x00282CFB	unowned
Code/GameEngine/Source/GameLogic/Object/Update/BattlePlanUpdateModuleDataFriendNew.cpp	?friend_newModuleData@BattlePlanUpdateModuleData@@SAPAVModuleData@@PAVINI@@@Z	?buildFieldParse@BattlePlanUpdateModuleData@@SAXAAVMultiIniFieldParse@@@Z	0x0049861A	unowned
Code/GameEngine/Source/GameLogic/Object/Update/BoneFXUpdateCtor.cpp	??0BoneFXUpdate@@QAE@PAVThing@@PBVModuleData@@@Z	??0?$_Vector_base@W4ParticleSystemID@@V?$allocator@W4ParticleSystemID@@@_STL@@@_STL@@QAE@ABV?$allocator@W4ParticleSystemID@@@1@@Z	0x00211E58	wrong
Code/GameEngine/Source/GameLogic/Object/Update/BoneFXUpdateModuleDataCtor.cpp	??0BoneFXUpdateModuleData@@QAE@XZ	??0BoneFXListInfo@@QAE@XZ	0x004874F4	unowned
Code/GameEngine/Source/GameLogic/Object/Update/BoneFXUpdateModuleDataCtor.cpp	??0BoneFXUpdateModuleData@@QAE@XZ	??0BoneOCLInfo@@QAE@XZ	0x004874F4	unowned
Code/GameEngine/Source/GameLogic/Object/Update/BoneFXUpdateModuleDataCtor.cpp	??0BoneFXUpdateModuleData@@QAE@XZ	??0BoneParticleSystemInfo@@QAE@XZ	0x004874F4	unowned
Code/GameEngine/Source/GameLogic/Object/Update/BoneFXUpdateXfer.cpp	?xfer@BoneFXUpdate@@MAEXPAVXfer@@@Z	?push_back@?$vector@W4ParticleSystemID@@V?$allocator@W4ParticleSystemID@@@_STL@@@_STL@@QAEXABW4ParticleSystemID@@@Z	0x002E01C6	wrong
Code/GameEngine/Source/GameLogic/Object/Update/BoneFXUpdate_eraseParticleSystemID.cpp	?erase@?$vector@W4ParticleSystemID@@V?$allocator@W4ParticleSystemID@@@_STL@@@_STL@@QAEPAW4ParticleSystemID@@PAW43@0@Z	??$__copy_ptrs@PAW4ParticleSystemID@@PAW41@@_STL@@YAPAW4ParticleSystemID@@PAW41@00ABU__false_type@0@@Z	0x0025BF40	wrong
Code/GameEngine/Source/GameLogic/Object/Update/CommandButtonHuntUpdateConstructor.cpp	??0CommandButtonHuntUpdate@@QAE@PAVThing@@PBVModuleData@@@Z	??4AsciiString@@QAEAAV0@ABV0@@Z	0x000366F0	divergent
Code/GameEngine/Source/GameLogic/Object/Update/CritterEmitterUpdateConstructorThunk.cpp	??0CritterEmitterUpdate@@QAE@PAVThing@@PBVModuleData@@@Z	??0CritterEmitterUpdateBase@@QAE@PAVThing@@PBVModuleData@@@Z	0x00253390	wrong
Code/GameEngine/Source/GameLogic/Object/Update/DelayedWeaponSetUpgradeUpdateCtorModuleFactory.cpp	??0DelayedWeaponSetUpgradeUpdate@@QAE@PAVThing@@PBVModuleData@@@Z	??0DWSU_UpdateModule@@QAE@PAVThing@@PBVModuleData@@@Z	0x00253390	wrong
Code/GameEngine/Source/GameLogic/Object/Update/DestroyEnvironmentUpdateDtor.cpp	??1DestroyEnvironmentUpdate@@UAE@XZ	?rva004AC722@DestroyEnvironmentUpdate@@QAEXXZ	0x004AC722	unowned
Code/GameEngine/Source/GameLogic/Object/Update/DockUpdate/DockUpdateCtor.cpp	??0DockUpdate@@QAE@PAVThing@@PBVModuleData@@@Z	??0?$_Vector_base@W4ObjectID@@V?$allocator@W4ObjectID@@@_STL@@@_STL@@QAE@ABV?$allocator@W4ObjectID@@@1@@Z	0x00211E58	divergent
Code/GameEngine/Source/GameLogic/Object/Update/DockUpdate/DockUpdateCtor.cpp	?erase@?$vector@W4ObjectID@@V?$allocator@W4ObjectID@@@_STL@@@_STL@@QAEPAW4ObjectID@@PAW43@0@Z	??$__copy_ptrs@PAW4ObjectID@@PAW41@@_STL@@YAPAW4ObjectID@@PAW41@00ABU__false_type@0@@Z	0x0025BF40	wrong
Code/GameEngine/Source/GameLogic/Object/Update/DockUpdate/DockUpdateGetExitPosition.cpp	?getDockPosition@DockUpdate@@UAEXPAVObject@@PAUCoord3D@@@Z	?convertBonePosToWorldPos@Thing@@QBEXPBUCoord3D@@PBVMatrix3D@@PAU2@PAV3@@Z	0x0030A528	unowned
Code/GameEngine/Source/GameLogic/Object/Update/DockUpdate/DockUpdateGetExitPosition.cpp	?getDockPosition@DockUpdate@@UAEXPAVObject@@PAUCoord3D@@@Z	?loadDockPositions@DockUpdate@@IAEXXZ	0x005897FB	unowned
Code/GameEngine/Source/GameLogic/Object/Update/DockUpdate/DockUpdateGetExitPosition.cpp	?getEnterPosition@DockUpdate@@UAEXPAVObject@@PAUCoord3D@@@Z	?convertBonePosToWorldPos@Thing@@QBEXPBUCoord3D@@PBVMatrix3D@@PAU2@PAV3@@Z	0x0030A528	unowned
Code/GameEngine/Source/GameLogic/Object/Update/DockUpdate/DockUpdateGetExitPosition.cpp	?getEnterPosition@DockUpdate@@UAEXPAVObject@@PAUCoord3D@@@Z	?loadDockPositions@DockUpdate@@IAEXXZ	0x005897FB	unowned
Code/GameEngine/Source/GameLogic/Object/Update/DockUpdate/DockUpdateGetExitPosition.cpp	?getExitPosition@DockUpdate@@UAEXPAVObject@@PAUCoord3D@@@Z	?convertBonePosToWorldPos@Thing@@QBEXPBUCoord3D@@PBVMatrix3D@@PAU2@PAV3@@Z	0x0030A528	unowned
Code/GameEngine/Source/GameLogic/Object/Update/DockUpdate/DockUpdateGetExitPosition.cpp	?getExitPosition@DockUpdate@@UAEXPAVObject@@PAUCoord3D@@@Z	?loadDockPositions@DockUpdate@@IAEXXZ	0x005897FB	unowned
Code/GameEngine/Source/GameLogic/Object/Update/DockUpdate/DockUpdateGetExitPosition.cpp	?reserveApproachPosition@DockUpdate@@UAE_NPAVObject@@PAUCoord3D@@PAH@Z	?computeApproachPosition@DockUpdate@@IAE?AUCoord3D@@HPAVObject@@@Z	0x00589B7D	unowned
Code/GameEngine/Source/GameLogic/Object/Update/DockUpdate/DockUpdateGetExitPosition.cpp	?reserveApproachPosition@DockUpdate@@UAE_NPAVObject@@PAUCoord3D@@PAH@Z	?loadDockPositions@DockUpdate@@IAEXXZ	0x005897FB	unowned
Code/GameEngine/Source/GameLogic/Object/Update/DockUpdate/DockUpdate_DockUpdate_advanceApproachPosition.cpp	?advanceApproachPosition@DockUpdate@@UAE_NPAVObject@@PAUCoord3D@@PAH@Z	?computeApproachPosition@DockUpdate@@IAE?AUCoord3D@@HPAVObject@@@Z	0x00589B7D	unowned
Code/GameEngine/Source/GameLogic/Object/Update/DockUpdate/DockUpdate_DockUpdate_advanceApproachPosition.cpp	?advanceApproachPosition@DockUpdate@@UAE_NPAVObject@@PAUCoord3D@@PAH@Z	?loadDockPositions@DockUpdate@@IAEXXZ	0x005897FB	unowned
Code/GameEngine/Source/GameLogic/Object/Update/DockUpdate/DockUpdate_loadPostProcess_DockUpdate_MAEXXZ.cpp	?loadPostProcess@DockUpdate@@MAEXXZ	?loadDockPositions@DockUpdate@@IAEXXZ	0x005897FB	unowned
Code/GameEngine/Source/GameLogic/Object/Update/DynamicShroudClearingRangeUpdateCreateGridDecals.cpp	?createGridDecals@DynamicShroudClearingRangeUpdate@@QAEXABVRadiusDecalTemplate@@MABUCoord3D@@@Z	?createRadiusDecal@RadiusDecalTemplate@@QBEXABUCoord3D@@MPBVPlayer@@AAVRadiusDecal@@@Z	0x00331459	unowned
Code/GameEngine/Source/GameLogic/Object/Update/DynamicShroudClearingRangeUpdateModuleDataDtor.cpp	??1DynamicShroudClearingRangeUpdateModuleData@@UAE@XZ	??1Rva00B6CF1@@UAE@XZ	0x000B6CF1	wrong
Code/GameEngine/Source/GameLogic/Object/Update/EmotionTrackerUpdateXfer.cpp	?xfer@EmotionTrackerUpdate@@MAEXPAVXfer@@@Z	?xfer@Rva004DD489@@QAEXPAVXfer@@@Z	0x004DD489	unowned
Code/GameEngine/Source/GameLogic/Object/Update/FadeAndDieOrnamentUpdateCtor.cpp	??0FadeAndDieOrnamentUpdate@@QAE@PAVThing@@PBVModuleData@@@Z	?init@OrnamentData@@QAEXXZ	0x000C9251	unowned
Code/GameEngine/Source/GameLogic/Object/Update/FadeAndDieOrnamentUpdateModuleDataCtor.cpp	??0FadeAndDieOrnamentUpdateModuleData@@QAE@XZ	?init@OrnamentData@@QAEXXZ	0x000C9251	unowned
Code/GameEngine/Source/GameLogic/Object/Update/FlammableUpdateModuleDataFriendNew.cpp	?friend_newModuleData@FlammableUpdateModuleData@@SAPAVModuleData@@PAVINI@@@Z	??0FlammableUpdateModuleData@@QAE@XZ	0x0048D541	unowned
Code/GameEngine/Source/GameLogic/Object/Update/FoundationAIUpdateSlots.cpp	?rva00455B67@FoundationAIUpdate@@UAEXPAVPlayer@@0@Z	?rva002C6A4E@Rva002A8AB1Record@@QAEXPAVObject@@@Z	0x002C6A4E	unowned
Code/GameEngine/Source/GameLogic/Object/Update/FoundationAIUpdateSlots.cpp	?rva00456134@FoundationAIUpdate@@UAEPAVObject@@PAXPBVThingTemplate@@PBUCoord3D@@MPAVPlayer@@H@Z	?rva00455BDD@FoundationAIUpdate@@AAEXPBVThingTemplate@@PBUCoord3D@@M@Z	0x00455BDD	unowned
Code/GameEngine/Source/GameLogic/Object/Update/FoundationAIUpdateSlots.cpp	?rva00456134@FoundationAIUpdate@@UAEPAVObject@@PAXPBVThingTemplate@@PBUCoord3D@@MPAVPlayer@@H@Z	?rva00455C98@FoundationAIUpdate@@AAEXPBVThingTemplate@@PBUCoord3D@@MPAVPlayer@@@Z	0x00455C98	unowned
Code/GameEngine/Source/GameLogic/Object/Update/GiveUpgradeUpdateRva0049C8E9.cpp	?rva0049C8E9@GiveUpgradeUpdate@@QAEEXZ	?rva00450AE9CallView@GiveUpgradeUpdate@@QAEXXZ	0x00450AE9	unowned
Code/GameEngine/Source/GameLogic/Object/Update/GiveUpgradeUpdateSlot8.cpp	?rva0044EDA6@GiveUpgradeUpdate@@UAE_NH@Z	?rva0044EDA6@SpecialAbilityUpdate@@UAE_NH@Z	0x0044EDA6	unowned
Code/GameEngine/Source/GameLogic/Object/Update/GloriousChargeUpdateRva004AD554.cpp	?rva004AD554@GloriousChargeUpdate@@UAEXXZ	?rva00450D9A@SpecialAbilityUpdate@@UAEXXZ	0x00450D9A	unowned
Code/GameEngine/Source/GameLogic/Object/Update/HelicopterSlowDeathUpdate.cpp	?isDieApplicable@SlowDeathBehavior@@UBE_NPBVDamageInfo@@@Z	?isDieApplicable@DieMuxData@@QBE_NPBVObject@@PBVDamageInfo@@@Z	0x004CE588	unowned
Code/GameEngine/Source/GameLogic/Object/Update/InvisibilityUpdateModuleDataFriendNew.cpp	?friend_newModuleData@InvisibilityUpdateModuleData@@SAPAVModuleData@@PAVINI@@@Z	??0InvisibilityUpdateModuleData@@QAE@XZ	0x00255474	unowned
Code/GameEngine/Source/GameLogic/Object/Update/LargeGroupAudioUpdateModuleDataFriendNew.cpp	?friend_newModuleData@LargeGroupAudioUpdateModuleData@@SAPAVModuleData@@PAVINI@@@Z	??0LargeGroupAudioUpdateModuleData@@QAE@XZ	0x004ABED8	unowned
Code/GameEngine/Source/GameLogic/Object/Update/LargeGroupBonusUpdateModuleDataFriendNew.cpp	?friend_newModuleData@LargeGroupBonusUpdateModuleData@@SAPAVModuleData@@PAVINI@@@Z	??0LargeGroupBonusUpdateModuleData@@QAE@XZ	0x004901BD	unowned
Code/GameEngine/Source/GameLogic/Object/Update/LaserUpdate_initFromDrawables_Rva00363853.cpp	?initFromDrawables@LaserUpdate@@QAEXPAXPAVDrawable@@10@Z	?initLaser@LaserUpdate@@QAEXPBVObject@@PBUCoord3D@@1H@Z	0x0036355C	unowned
Code/GameEngine/Source/GameLogic/Object/Update/MissileUpdateModuleDataCtor.cpp	??0MissileUpdateModuleData@@QAE@XZ	??0BezierProjectileBehaviorModuleData@@QAE@XZ	0x0045B4F1	unowned
Code/GameEngine/Source/GameLogic/Object/Update/ModelConditionSpecialAbilityUpdateSlots.cpp	?onExit@ModelConditionSpecialAbilityUpdate@@MAEX_N0@Z	?onExit@SpecialAbilityUpdate@@AAEX_N0@Z	0x004502CE	unowned
Code/GameEngine/Source/GameLogic/Object/Update/ModelConditionSpecialAbilityUpdateSlots.cpp	?rva004508B7@ModelConditionSpecialAbilityUpdate@@UAEXXZ	?rva004508B7@SpecialAbilityUpdate@@UAEXXZ	0x004508B7	unowned
Code/GameEngine/Source/GameLogic/Object/Update/ModuleDataFriendNewFactories84.cpp	?friend_newModuleData@EvacuateGarrisonSpecialPowerModuleData@@SAPAVModuleData@@PAVINI@@@Z	?EvacuateGarrisonSpecialPowerParse_2531B0@@YAXAAVMultiIniFieldParse@@@Z	0x004CDBE1	unowned
Code/GameEngine/Source/GameLogic/Object/Update/ModuleDataFriendNewFactories84.cpp	?friend_newModuleData@UnleashSpecialPowerModuleData@@SAPAVModuleData@@PAVINI@@@Z	?UnleashSpecialPowerParse_25327A@@YAXAAVMultiIniFieldParse@@@Z	0x004CDFEB	unowned
Code/GameEngine/Source/GameLogic/Object/Update/ModuleDataFriendNewFactoriesC.cpp	?friend_newModuleData@BezierProjectileBehavior@@SAPAVModuleData@@PAVINI@@@Z	??0BezierProjectileBehaviorModuleData@@QAE@XZ	0x0045B4F1	unowned
Code/GameEngine/Source/GameLogic/Object/Update/ModuleDataFriendNewFactoriesC.cpp	?friend_newModuleData@OpenContain@@SAPAVModuleData@@PAVINI@@@Z	??0OpenContainModuleData@@QAE@XZ	0x00465124	unowned
Code/GameEngine/Source/GameLogic/Object/Update/ModuleUpdateDtors2.cpp	??_GRva004907C0@@UAEPAXI@Z	??1Rva004907C0@@UAE@XZ	0x004907C0	wrong
Code/GameEngine/Source/GameLogic/Object/Update/MonsterDockUpdateDockSlots.cpp	?onEnterReached@MonsterDockUpdate@@UAEXPAVObject@@@Z	?onEnterReached@DockUpdate@@UAEXPAVObject@@@Z	0x00589DDD	unowned
Code/GameEngine/Source/GameLogic/Object/Update/MonsterDockUpdateDockSlots.cpp	?onExitReached@MonsterDockUpdate@@UAEXPAVObject@@@Z	?cancelDock@DockUpdate@@UAEXPAVObject@@@Z	0x00589E77	unowned
Code/GameEngine/Source/GameLogic/Object/Update/MonsterDockUpdateDockSlots.cpp	?onExitReached@MonsterDockUpdate@@UAEXPAVObject@@@Z	?clearDisabled@Object@@QAE_NW4DisabledType@@@Z	0x00291CAC	unowned
Code/GameEngine/Source/GameLogic/Object/Update/NotifyTargetsOfImminentProbableCrushingUpdateUpdate.cpp	?update@NotifyTargetsOfImminentProbableCrushingUpdate@@UAE?AW4UpdateSleepTime@@XZ	?rva004CE700@Rva004CE700Notifier@@QAE_NPAVObject@@PBHPAW4UpdateSleepTime@@@Z	0x004CE700	unowned
Code/GameEngine/Source/GameLogic/Object/Update/OneRingPenaltyUpdateUpdate.cpp	?update@OneRingPenaltyUpdate@@UAE?AW4UpdateSleepTime@@XZ	?rva00499AFD@OneRingPenaltyUpdate@@AAEXXZ	0x00499AFD	unowned
Code/GameEngine/Source/GameLogic/Object/Update/OneRingPenaltyUpdateUpdate.cpp	?update@OneRingPenaltyUpdate@@UAE?AW4UpdateSleepTime@@XZ	?rva00499D23@OneRingPenaltyUpdate@@AAEXXZ	0x00499D23	unowned
Code/GameEngine/Source/GameLogic/Object/Update/PartTheHeavensUpdateLoadPostProcess.cpp	?loadPostProcess@PartTheHeavensUpdate@@MAEXXZ	?rva004ACADA@PartTheHeavensUpdate@@AAEXXZ	0x004ACADA	unowned
Code/GameEngine/Source/GameLogic/Object/Update/PartTheHeavensUpdateModuleDataFriendNew.cpp	?friend_newModuleData@PartTheHeavensUpdateModuleData@@SAPAVModuleData@@PAVINI@@@Z	??0PartTheHeavensUpdateModuleData@@QAE@XZ	0x004ACBF8	unowned
Code/GameEngine/Source/GameLogic/Object/Update/PartTheHeavensUpdateUpdate.cpp	?update@PartTheHeavensUpdate@@UAE?AW4UpdateSleepTime@@XZ	?rva004AC9FA@PartTheHeavensUpdate@@AAEXH@Z	0x004AC9FA	unowned
Code/GameEngine/Source/GameLogic/Object/Update/PartTheHeavensUpdateUpdate.cpp	?update@PartTheHeavensUpdate@@UAE?AW4UpdateSleepTime@@XZ	?rva004ACADA@PartTheHeavensUpdate@@AAEXXZ	0x004ACADA	unowned
Code/GameEngine/Source/GameLogic/Object/Update/ProductionExitUpdate/SpawnPointInitializeBonePositions.cpp	?initializeBonePositions@SpawnPointProductionExitUpdate@@AAEXXZ	?convertBonePosToWorldPos@Thing@@QBEXPBUCoord3D@@PBVMatrix3D@@PAU2@PAV3@@Z	0x0030A528	unowned
Code/GameEngine/Source/GameLogic/Object/Update/RadiusDecalUpdate.cpp	?createRadiusDecal@RadiusDecalUpdate@@QAEXABVRadiusDecalTemplate@@MABUCoord3D@@@Z	?createRadiusDecal@RadiusDecalTemplate@@QBEXABUCoord3D@@MPBVPlayer@@AAVRadiusDecal@@@Z	0x00331459	unowned
Code/GameEngine/Source/GameLogic/Object/Update/RadiusDecalUpdateUpdate.cpp	?update@RadiusDecalUpdate@@UAE?AW4UpdateSleepTime@@XZ	?update@RadiusDecal@@QAEXXZ	0x00330F98	unowned
Code/GameEngine/Source/GameLogic/Object/Update/RepairDockUpdateCtor.cpp	??0ModelConditionAudioLoopClientBehaviorModuleData@@QAE@XZ	??0?$_Vector_base@UBfmeStringTailRecord156@@V?$allocator@UBfmeStringTailRecord156@@@_STL@@@_STL@@QAE@ABV?$allocator@UBfmeStringTailRecord156@@@1@@Z	0x00211E58	wrong
Code/GameEngine/Source/GameLogic/Object/Update/ReplaceObjectUpdate.cpp	?rva004B2A60@ReplaceObjectUpdate@@QAEXPAVObject@@@Z	??0DamageInfo@@QAE@XZ	0x00263895	divergent
Code/GameEngine/Source/GameLogic/Object/Update/ReplaceObjectUpdate.cpp	?rva004B2D28@ReplaceObjectUpdate@@UAEXXZ	?rva004B2C00@ReplaceObjectUpdate@@QAEXPAVObject@@PAVRva004B2A9D@@@Z	0x004B2C00	unowned
Code/GameEngine/Source/GameLogic/Object/Update/RespawnUpdateRva004AF182.cpp	?rva004AF182@RespawnUpdate@@QAEXXZ	?clearDisabled@Object@@QAE_NW4DisabledType@@@Z	0x00291CAC	unowned
Code/GameEngine/Source/GameLogic/Object/Update/RousingSpeechUpdateRva004ACE11.cpp	?rva004ACE11@RousingSpeechUpdate@@UAEXXZ	?rva00450D9A@SpecialAbilityUpdate@@UAEXXZ	0x00450D9A	unowned
Code/GameEngine/Source/GameLogic/Object/Update/RousingSpeechUpdateUpdate.cpp	?update@RousingSpeechUpdate@@UAE?AW4UpdateSleepTime@@XZ	?rva004ACF1D@RousingSpeechUpdate@@QAEXXZ	0x004ACF1D	unowned
Code/GameEngine/Source/GameLogic/Object/Update/RubbleRiseUpdateDieSlot.cpp	?rva004A4D98@RubbleRiseUpdate@@UAEXPBVDamageInfo@@@Z	?isDieApplicable@DieMuxData@@QBE_NPBVObject@@PBVDamageInfo@@@Z	0x004CE588	unowned
Code/GameEngine/Source/GameLogic/Object/Update/Rva002B7000Dtor.cpp	??1?$vector@URva002B7000Element@@V?$allocator@URva002B7000Element@@@_STL@@@_STL@@QAE@XZ	??$_Destroy@PAURva002B7000Element@@@_STL@@YAXPAURva002B7000Element@@0@Z	0x005F97BC	wrong
Code/GameEngine/Source/GameLogic/Object/Update/Rva00373EC6Rva00374815.cpp	?rva00374815@Rva00373EC6@@QAEXXZ	?setDisabledUntil@Object@@QAEXW4DisabledType@@I@Z	0x00290114	unowned
Code/GameEngine/Source/GameLogic/Object/Update/Rva00492DABUpdate.cpp	?rva00492DAB@Rva00492C59@@UAEXXZ	?rva004508B7@SpecialAbilityUpdate@@UAEXXZ	0x004508B7	unowned
Code/GameEngine/Source/GameLogic/Object/Update/Rva00496292.cpp	?Rva00496292Destroy@@YAXPAX0@Z	??1BfmeStringRecord00426A5B@@QAE@XZ	0x00495C43	unowned
Code/GameEngine/Source/GameLogic/Object/Update/Rva0049D1B1.cpp	??1Rva0049D1B1@@UAE@XZ	??1AsciiString@@QAE@XZ	0x00036410	divergent
Code/GameEngine/Source/GameLogic/Object/Update/Rva004A466EFinish.cpp	?onDie@StructureCollapseUpdate@@UAEXPBVDamageInfo@@@Z	?isDieApplicable@DieMuxData@@QBE_NPBVObject@@PBVDamageInfo@@@Z	0x004CE588	unowned
Code/GameEngine/Source/GameLogic/Object/Update/Rva004AD9B0Slot13.cpp	?Rva004ADBF2@Rva004AD9B0@@MAEX_N0@Z	?onExit@SpecialAbilityUpdate@@AAEX_N0@Z	0x004502CE	unowned
Code/GameEngine/Source/GameLogic/Object/Update/SpecialAbilityUpdateDtor.cpp	??1SpecialAbilityUpdate@@UAE@XZ	?onExit@SpecialAbilityUpdate@@AAEX_N0@Z	0x004502CE	unowned
Code/GameEngine/Source/GameLogic/Object/Update/SpecialAbilityUpdateSlot22Overrides.cpp	?rva00492231@Rva00492179@@UAEXXZ	?rva004508B7@SpecialAbilityUpdate@@UAEXXZ	0x004508B7	unowned
Code/GameEngine/Source/GameLogic/Object/Update/SpecialAbilityUpdateSlot22Overrides.cpp	?rva004924D9@Rva00492402@@UAEXXZ	?rva004508B7@SpecialAbilityUpdate@@UAEXXZ	0x004508B7	unowned
Code/GameEngine/Source/GameLogic/Object/Update/SpecialDisguiseUpdateOnExit.cpp	?onExit@SpecialDisguiseUpdate@@MAEX_N0@Z	?onExit@SpecialAbilityUpdate@@AAEX_N0@Z	0x004502CE	unowned
Code/GameEngine/Source/GameLogic/Object/Update/SpectreGunshipUpdateCleanUp.cpp	?cleanUp@SpectreGunshipUpdate@@QAEXXZ	?Rva002ADB4FHandler@Player@@QAEXPAXHH@Z	0x002ADB4F	unowned
Code/GameEngine/Source/GameLogic/Object/Update/StructurePhaseListParsers.cpp	?parseFXList@RubbleRiseUpdateModuleData@@SAXPAVINI@@PAX1PBX@Z	?push_back@?$vector@PBVFXList@@V?$allocator@PBVFXList@@@_STL@@@_STL@@QAEXABQBVFXList@@@Z	0x004DFCB0	wrong
Code/GameEngine/Source/GameLogic/Object/Update/StructurePhaseListParsers.cpp	?parseFXList@StructureCollapseUpdateModuleData@@SAXPAVINI@@PAX1PBX@Z	?push_back@?$vector@PBVFXList@@V?$allocator@PBVFXList@@@_STL@@@_STL@@QAEXABQBVFXList@@@Z	0x004DFCB0	wrong
Code/GameEngine/Source/GameLogic/Object/Update/StructurePhaseListParsers.cpp	?parseOCL@RubbleRiseUpdateModuleData@@SAXPAVINI@@PAX1PBX@Z	?push_back@?$vector@PBVObjectCreationList@@V?$allocator@PBVObjectCreationList@@@_STL@@@_STL@@QAEXABQBVObjectCreationList@@@Z	0x004DFCB0	divergent
Code/GameEngine/Source/GameLogic/Object/Update/StructurePhaseListParsers.cpp	?parseOCL@StructureCollapseUpdateModuleData@@SAXPAVINI@@PAX1PBX@Z	?push_back@?$vector@PBVObjectCreationList@@V?$allocator@PBVObjectCreationList@@@_STL@@@_STL@@QAEXABQBVObjectCreationList@@@Z	0x004DFCB0	divergent
Code/GameEngine/Source/GameLogic/Object/Update/StructurePhaseListParsers.cpp	?rva004A646B@StructureToppleUpdateModuleData@@SAXPAVINI@@PAX1PBX@Z	?push_back@?$vector@PBVObjectCreationList@@V?$allocator@PBVObjectCreationList@@@_STL@@@_STL@@QAEXABQBVObjectCreationList@@@Z	0x004DFCB0	divergent
Code/GameEngine/Source/GameLogic/Object/Update/StructureToppleUpdateModuleDataCtor.cpp	??0StructureToppleUpdateModuleData@@QAE@XZ	??0?$_Vector_base@UAngleFXInfo@@V?$allocator@UAngleFXInfo@@@_STL@@@_STL@@QAE@ABV?$allocator@UAngleFXInfo@@@1@@Z	0x00211E58	divergent
Code/GameEngine/Source/GameLogic/Object/Update/StructureToppleUpdateModuleDataCtor.cpp	??0StructureToppleUpdateModuleData@@QAE@XZ	??0?$_Vector_base@UFXBoneInfo@@V?$allocator@UFXBoneInfo@@@_STL@@@_STL@@QAE@ABV?$allocator@UFXBoneInfo@@@1@@Z	0x00211E58	wrong
Code/GameEngine/Source/GameLogic/Object/Update/StructureToppleUpdateModuleDataCtor.cpp	??0StructureToppleUpdateModuleData@@QAE@XZ	?erase@?$vector@UAngleFXInfo@@V?$allocator@UAngleFXInfo@@@_STL@@@_STL@@QAEPAUAngleFXInfo@@PAU3@0@Z	0x003FA4DB	divergent
Code/GameEngine/Source/GameLogic/Object/Update/ToggleDeploySpecialAbilityUpdateSlot8.cpp	?rva0044EDA6@ToggleDeploySpecialAbilityUpdate@@UAE_NH@Z	?rva0044EDA6@SpecialAbilityUpdate@@UAE_NH@Z	0x0044EDA6	unowned
Code/GameEngine/Source/GameLogic/Object/Update/ToggleHiddenSpecialAbilityUpdateUpdate.cpp	?update@ToggleHiddenSpecialAbilityUpdate@@UAE?AW4UpdateSleepTime@@XZ	?update@SpecialAbilityUpdate@@UAE?AW4UpdateSleepTime@@XZ	0x00451FA2	unowned
Code/GameEngine/Source/GameLogic/Object/Update/TurretAI_friendCheckForIdleMoodTarget.cpp	?friend_checkForIdleMoodTarget@TurretAI@@QAEXXZ	?getNextMoodTarget@AIUpdateInterface@@QAEPAVObject@@_N0@Z	0x00268EB8	unowned
Code/GameEngine/Source/GameLogic/Object/Update/UpdateModuleDataFriendNew.cpp	?friend_newModuleData@RespawnUpdateModuleData@@SAPAVModuleData@@PAVINI@@@Z	??0RespawnUpdateModuleData@@QAE@XZ	0x004AFB4E	unowned
Code/GameEngine/Source/GameLogic/Object/Update/WallUpgradeUpdateScan.cpp	?rva004AB57E@WallUpgradeUpdate@@QAEXXZ	?adjustDestination@Pathfinder@@QAE_NPAVObject@@ABVLocomotorSet@@PAUCoord3D@@PBU4@@Z	0x002FCFCF	unowned
Code/GameEngine/Source/GameLogic/Object/Update/WallUpgradeUpdateScan.cpp	?rva004AB57E@WallUpgradeUpdate@@QAEXXZ	?rva0028C2DD@Object@@QBEXPAUCoord3D@@@Z	0x0028C2DD	unowned
Code/GameEngine/Source/GameLogic/Object/Update/WallUpgradeUpdateScan.cpp	?rva004AB57E@WallUpgradeUpdate@@QAEXXZ	?rva002EDFF9@Pathfinder@@QAE_NPAVObject@@PAUCoord3D@@@Z	0x002EDFF9	unowned
Code/GameEngine/Source/GameLogic/Object/Update/WeaponFireSpecialAbilityUpdateForwarders.cpp	?rva0044FC52@WeaponFireSpecialAbilityUpdate@@UAE_NXZ	?rva0044FC52@SpecialAbilityUpdate@@UAE_NXZ	0x0044FC52	unowned
Code/GameEngine/Source/GameLogic/Object/Update/WeaponFireSpecialAbilityUpdateForwarders.cpp	?rva00450635@WeaponFireSpecialAbilityUpdate@@UAEX_N@Z	?rva00450635@SpecialAbilityUpdate@@UAEX_N@Z	0x00450635	unowned
Code/GameEngine/Source/GameLogic/Object/Update/WeaponFireSpecialAbilityUpdateOnExit.cpp	?onExit@WeaponFireSpecialAbilityUpdate@@MAEX_N0@Z	?onExit@SpecialAbilityUpdate@@AAEX_N0@Z	0x004502CE	unowned
Code/GameEngine/Source/GameLogic/Object/Update/WeaponFireSpecialAbilityUpdateSlot8.cpp	?rva0044EDA6@WeaponFireSpecialAbilityUpdate@@UAE_NH@Z	?rva0044EDA6@SpecialAbilityUpdate@@UAE_NH@Z	0x0044EDA6	unowned
Code/GameEngine/Source/GameLogic/Object/Update/WeaponModeSpecialPowerUpdateBaseCtor.cpp	??0WeaponModeSpecialPowerUpdateBase@@QAE@PAVThing@@PBVModuleData@@@Z	?rva0058943A@Rva005890A6@@QAEXM@Z	0x0058943A	unowned
Code/GameEngine/Source/GameLogic/Object/Upgrade/AudioLoopUpgradeCtorModuleFactory.cpp	??0AudioLoopUpgrade@@QAE@PAVThing@@PBVModuleData@@@Z	??0ALU_UpdateModule@@QAE@PAVThing@@PBVModuleData@@@Z	0x00253390	wrong
Code/GameEngine/Source/GameLogic/Object/Upgrade/BuildableHeroListUpgradeImplementation.cpp	?upgradeImplementation@BuildableHeroListUpgrade@@MAEXXZ	?rva0037F32F@Rva0037F32F@@QAEXPBVThingTemplate@@PAVPlayer@@@Z	0x0037F32F	unowned
Code/GameEngine/Source/GameLogic/Object/Upgrade/BuildableHeroListUpgradeImplementation.cpp	?upgradeRemovalImplementation@BuildableHeroListUpgrade@@MAEXXZ	?rva004B83D2@BuildableHeroListUpgrade@@IAEXPBVThingTemplate@@@Z	0x004B83D2	unowned
Code/GameEngine/Source/GameLogic/Object/Upgrade/CostModifierUpgradeModuleDataCtor.cpp	??0CostModifierUpgradeModuleData@@QAE@XZ	??0?$_Vector_base@MV?$allocator@M@_STL@@@_STL@@QAE@ABV?$allocator@M@1@@Z	0x00211E58	wrong
Code/GameEngine/Source/GameLogic/Object/Upgrade/DoCommandUpgradeSlots.cpp	?rva004B4C7B@DoCommandUpgrade@@UAEXXZ	?doCommandButton@Object@@QAEXPBVCommandButton@@HH@Z	0x00296749	unowned
Code/GameEngine/Source/GameLogic/Object/Upgrade/DoCommandUpgradeSlots.cpp	?rva004B4CAD@DoCommandUpgrade@@UAEXXZ	?doCommandButton@Object@@QAEXPBVCommandButton@@HH@Z	0x00296749	unowned
Code/GameEngine/Source/GameLogic/Object/Upgrade/StatusBitsUpgradeIfEldestKindofCtor.cpp	??0StatusBitsUpgradeIfEldestKindof@@QAE@PAVThing@@PBVModuleData@@@Z	?cacheGameLogicFrame@StatusBitsEldestFrame@@QAEXXZ	0x00485975	unowned
Code/GameEngine/Source/GameLogic/Object/WeaponFireForwarders.cpp	?bfmeFireYC@Weapon@@QAE_NPBVObject@@PBUCoord3D@@0H@Z	?privateFireWeapon@Weapon@@QAE_NPBVObject@@PBUCoord3D@@0H1HHHPAH@Z	0x002CE30A	unowned
Code/GameEngine/Source/GameLogic/Object/WeaponNuggetParse.cpp	?parseAttributeModifierNugget@@YAXPAVINI@@PAVWeaponTemplate@@@Z	??0Made002CC64B@@QAE@XZ	0x00508BE5	unowned
Code/GameEngine/Source/GameLogic/Object/WeaponNuggetParse.cpp	?parseProjectileNugget@@YAXPAVINI@@PAVWeaponTemplate@@@Z	??0Made002CC841@@QAE@XZ	0x00509CC3	unowned
Code/GameEngine/Source/GameLogic/Object/WeaponPrivateFireWrapper_002CE74B_O2.cpp	?rva002CE74B@Weapon@@QAE_NPBVObject@@0@Z	?privateFireWeapon@Weapon@@QAE_NPBVObject@@PBUCoord3D@@0H1HHHPAH@Z	0x002CE30A	unowned
Code/GameEngine/Source/GameLogic/Object/WeaponPrivateFireWrappers_O1.cpp	?fireWeapon@Weapon@@QAE_NPBVObject@@PBUCoord3D@@PAH@Z	?privateFireWeapon@Weapon@@QAE_NPBVObject@@PBUCoord3D@@0H1HHHPAH@Z	0x002CE30A	unowned
Code/GameEngine/Source/GameLogic/Object/WeaponPrivateFireWrappers_O1.cpp	?forceFireWeapon@Weapon@@QAEPAVObject@@PBV2@PBUCoord3D@@@Z	?privateFireWeapon@Weapon@@QAE_NPBVObject@@PBUCoord3D@@0H1HHHPAH@Z	0x002CE30A	unowned
Code/GameEngine/Source/GameLogic/Object/WeaponPrivateFireWrappers_O1.cpp	?rva002CE6C5@Weapon@@QAE_NPBVObject@@H0PAH@Z	?privateFireWeapon@Weapon@@QAE_NPBVObject@@PBUCoord3D@@0H1HHHPAH@Z	0x002CE30A	unowned
Code/GameEngine/Source/GameLogic/Object/WeaponReloadWithBonus.cpp	?reloadWithBonus@Weapon@@IAEXPBVObject@@ABVWeaponBonus@@_N@Z	?setDisabledUntil@Object@@QAEXW4DisabledType@@I@Z	0x00290114	unowned
Code/GameEngine/Source/GameLogic/Object/WeaponRva002C9DF5.cpp	?rva002C9DF5@Weapon@@QBEXPBVObject@@PBX@Z	?Rva006C9D47@@YAXPAVObject@@PAX@Z	0x002C9D47	unowned
Code/GameEngine/Source/GameLogic/Object/WeaponStoreFindWeaponTemplate.cpp	?findWeaponTemplate@WeaponStore@@QBEPBVWeaponTemplate@@ABVAsciiString@@@Z	?Rva002CADBE@WeaponStore@@ABEPBVWeaponTemplate@@H@Z	0x002CADBE	unowned
Code/GameEngine/Source/GameLogic/Object/Weapon_bfmeGetLOSVictimPos.cpp	?bfmeGetLOSVictimPos@Weapon@@QBE?AUCoord3D@@PBVObject@@0H@Z	?getAimPosition@WeaponTemplate@@QAEPAUCoord3D@@PAU2@PBVObject@@1H@Z	0x002CAB3A	unowned
Code/GameEngine/Source/GameLogic/Object/Weapon_getName_Thunk.cpp	?getName@Weapon@@QBE?AVAsciiString@@XZ	?getName@WeaponTemplate@@QBE?AVAsciiString@@XZ	0x0028F940	wrong
Code/GameEngine/Source/GameLogic/Object/Weapon_positionProjectileForLaunch_Rva002CA753.cpp	?positionProjectileForLaunch@Weapon@@SAXPAVObject@@PBV2@W4WeaponSlotType@@H@Z	?calcProjectileLaunchPosition@Weapon@@SAXPBVObject@@W4WeaponSlotType@@HAAVMatrix3D@@AAUCoord3D@@@Z	0x002C9E48	unowned
Code/GameEngine/Source/GameLogic/Rva00194810Split_Rva0032abda.cpp	?Rva00194810@@YA?AUBfmePairEL@@ABVBfmeWordEL@@@Z	?getCharAt@?$StringBase@D@@ABEDH@Z	0x00035720	wrong
Code/GameEngine/Source/GameLogic/ScriptEngine/AttackPriorityInfoGetPriority.cpp	?getPriority@AttackPriorityInfo@@QBEMPBVObject@@0_N@Z	?rva00357025@AttackPriorityInfo@@QBEMMPBVObject@@0@Z	0x00357025	unowned
Code/GameEngine/Source/GameLogic/ScriptEngine/BfmeObjectEventDispatchRva00335FE1.cpp	?rva00335FE1@BfmeObjectEventDispatch@@QAEXPBVWeaponTemplateSetHead@@0PAX@Z	?invoke@BfmeObjectEventDispatch@@QAEXPAX0PAUBfmeDelayedLuaEventList@@@Z	0x00334634	unowned
Code/GameEngine/Source/GameLogic/ScriptEngine/BfmeObjectEventDispatchRva003360D2.cpp	?rva003360D2@BfmeObjectEventDispatch@@QAEXHPAXPAUBfmeDelayedLuaEventList@@@Z	?invoke@BfmeObjectEventDispatch@@QAEXPAX0PAUBfmeDelayedLuaEventList@@@Z	0x00334634	unowned
Code/GameEngine/Source/GameLogic/ScriptEngine/DelayedLuaEventListConstructor.cpp	??0DelayedLuaEventList@@QAE@XZ	??0BfmeDelayedLuaEvent@@QAE@XZ	0x000B694C	unowned
Code/GameEngine/Source/GameLogic/ScriptEngine/Gen0035B3A0Cleanup.cpp	?cleanup@Gen0035B3A0@@QAEXXZ	?cleanup@NestedAt0C@@QAEXXZ	0x003B70CA	unowned
Code/GameEngine/Source/GameLogic/ScriptEngine/Gen0035B3A0Cleanup.cpp	?cleanup@Gen0035B3A0@@QAEXXZ	?cleanup@NestedAt2C@@QAEXXZ	0x003B71E8	unowned
Code/GameEngine/Source/GameLogic/ScriptEngine/Gen0035F050Poll.cpp	?poll@Gen0035F050@@QAE_NHHHHH@Z	?step@Gen0035F050@@QAEHXZ	0x00542890	unowned
Code/GameEngine/Source/GameLogic/ScriptEngine/LuaScriptBindingsLuaAO1.cpp	?ObjectDispatchEvent@@YAHPAUlua_State@@@Z	??4AsciiString@@QAEAAV0@ABV0@@Z	0x000366F0	divergent
Code/GameEngine/Source/GameLogic/ScriptEngine/LuaScriptBindingsLuaAO1.cpp	?ObjectDispatchEvent@@YAHPAUlua_State@@@Z	?invoke@BfmeObjectEventDispatch@@QAEXPAX0PAUBfmeDelayedLuaEventList@@@Z	0x00334634	unowned
Code/GameEngine/Source/GameLogic/ScriptEngine/ObjectBroadcastEvent.cpp	?ObjectBroadcastEventToAllies@@YAHPAUlua_State@@@Z	?rva00334634@LuaDrawableState@@QAEXPAXPAVObject@@PAUBfmeDelayedLuaEventList@@@Z	0x00334634	unowned
Code/GameEngine/Source/GameLogic/ScriptEngine/ObjectBroadcastEvent.cpp	?ObjectBroadcastEventToCivilians@@YAHPAUlua_State@@@Z	?rva00334634@LuaDrawableState@@QAEXPAXPAVObject@@PAUBfmeDelayedLuaEventList@@@Z	0x00334634	unowned
Code/GameEngine/Source/GameLogic/ScriptEngine/ObjectBroadcastEvent.cpp	?ObjectBroadcastEventToEnemies@@YAHPAUlua_State@@@Z	?rva00334634@LuaDrawableState@@QAEXPAXPAVObject@@PAUBfmeDelayedLuaEventList@@@Z	0x00334634	unowned
Code/GameEngine/Source/GameLogic/ScriptEngine/ObjectBroadcastEvent.cpp	?ObjectBroadcastEventToUnits@@YAHPAUlua_State@@@Z	?rva00334634@LuaDrawableState@@QAEXPAXPAVObject@@PAUBfmeDelayedLuaEventList@@@Z	0x00334634	unowned
Code/GameEngine/Source/GameLogic/ScriptEngine/ObjectEnterUncontrollableCowerState_Rva00335281.cpp	?ObjectEnterUncontrollableCowerState@@YAHPAUlua_State@@@Z	?findObjectByID@GameLogic@@QAEPAVObject@@H@Z	0x00049DC5	wrong
Code/GameEngine/Source/GameLogic/ScriptEngine/Rva0020453CHolderBaseDtor.cpp	??1Rva0020453CHolderBase@@QAE@XZ	?release@Rva0020453CHolderBase@@QAEXXZ	0x0020453C	unowned
Code/GameEngine/Source/GameLogic/ScriptEngine/Rva003328EDChain.cpp	?rva002628C3@Rva002628C3@@QAEXPAXHH@Z	?rva003328ED@Rva003328ED@@QAEXPAXHH@Z	0x003328ED	unowned
Code/GameEngine/Source/GameLogic/ScriptEngine/Rva003BC830Clear.cpp	?Rva003BB2DFClear@@YGXABVAsciiString@@@Z	?rva002AB5C7@Rva002AB5C7Player@@QAEXXZ	0x002AB5C7	unowned
Code/GameEngine/Source/GameLogic/ScriptEngine/Rva003BC830Clear.cpp	?Rva003BB518Clear@@YGXABVAsciiString@@@Z	?rva002AB44A@Rva002AB5C7Player@@QAEXXZ	0x002AB44A	unowned
Code/GameEngine/Source/GameLogic/ScriptEngine/Rva003C5825Do.cpp	?Rva003C5825Do@@YGXPAVParameter@@ABVAsciiString@@1@Z	?rva00297000@Object@@QAEXPBVCommandButton@@PAV1@HH@Z	0x00297000	unowned
Code/GameEngine/Source/GameLogic/ScriptEngine/ScriptActionCtor.cpp	??_GScriptAction@@UAEPAXI@Z	??1ScriptAction@@UAE@XZ	0x003B43CC	unowned
Code/GameEngine/Source/GameLogic/ScriptEngine/ScriptActionGetUiText.cpp	?getUiText@ScriptAction@@QAE?AVAsciiString@@XZ	?getUiText@Parameter@@QBE?AVAsciiString@@XZ	0x003B4B1D	unowned
Code/GameEngine/Source/GameLogic/ScriptEngine/ScriptActionsCounters.cpp	?doCounterMathCounter@ScriptActions@@IAEXPAVParameter@@00@Z	?bfmeCounter@ScriptEngine@@IAEPAUScriptCounter@@VAsciiString@@@Z	0x0020874B	unowned
Code/GameEngine/Source/GameLogic/ScriptEngine/ScriptActionsCounters.cpp	?doCounterMathValue@ScriptActions@@IAEXPAVParameter@@00@Z	?bfmeCounter@ScriptEngine@@IAEPAUScriptCounter@@VAsciiString@@@Z	0x0020874B	unowned
Code/GameEngine/Source/GameLogic/ScriptEngine/ScriptActionsRva003BAAD6.cpp	?Rva003BBF23Disable@@YGXPAVParameter@@_N@Z	?setDisabledUntil@Object@@QAEXW4DisabledType@@I@Z	0x00290114	unowned
Code/GameEngine/Source/GameLogic/ScriptEngine/ScriptActionsRva003BB1FF.cpp	?Rva003BB1FFAttack@@YGXPAVParameter@@ABVAsciiString@@@Z	?getAttackInfo@ScriptEngine@@QAEPBVAttackPriorityInfo@@ABVAsciiString@@@Z	0x00205DDD	unowned
Code/GameEngine/Source/GameLogic/ScriptEngine/ScriptActionsRva003BBD84.cpp	?rva003BBD84@@YGXABVAsciiString@@@Z	?rva002AEEA7@Player@@QAEXH@Z	0x002AEEA7	unowned
Code/GameEngine/Source/GameLogic/ScriptEngine/ScriptActionsRva003BBD84.cpp	?rva003BBDC4@@YGXABVAsciiString@@@Z	?rva002AF037@Player@@QAEXH@Z	0x002AF037	unowned
Code/GameEngine/Source/GameLogic/ScriptEngine/ScriptActionsRva003BEDD1.cpp	?rva003BEDD1@ScriptActions@@IAEXABVAsciiString@@0@Z	?getAttackInfo@ScriptEngine@@QAEPBVAttackPriorityInfo@@ABVAsciiString@@@Z	0x00205DDD	unowned
Code/GameEngine/Source/GameLogic/ScriptEngine/ScriptActionsRva003C42B9.cpp	?rva003C42B9@ScriptActions@@QAEXPAVParameter@@ABVAsciiString@@1@Z	?rva003BE11C@@YAXPBVThingTemplate@@PBVCommandButton@@@Z	0x003BE11C	unowned
Code/GameEngine/Source/GameLogic/ScriptEngine/ScriptActionsRva003C42B9.cpp	?rva003C42B9@ScriptActions@@QAEXPAVParameter@@ABVAsciiString@@1@Z	?rva003C24F0@ScriptActions@@QAEPAVObject@@PBUCoord3D@@PAVObjectTypes@@PAVPlayer@@_N@Z	0x003C24F0	unowned
Code/GameEngine/Source/GameLogic/ScriptEngine/ScriptActions_closestOfObjectTypes.cpp	?rva003C2662@ScriptActions@@QAEXABVAsciiString@@0@Z	?rva00372571@AIGroup@@QAEXPAURva00372571Params@@H@Z	0x00372571	unowned
Code/GameEngine/Source/GameLogic/ScriptEngine/ScriptActions_closestOfObjectTypes.cpp	?rva003C2662@ScriptActions@@QAEXABVAsciiString@@0@Z	?rva0039E5B9@Team@@QAEXPAUCoord3D@@@Z	0x0039E5B9	unowned
Code/GameEngine/Source/GameLogic/ScriptEngine/ScriptActions_closestOfObjectTypes.cpp	?rva003C2662@ScriptActions@@QAEXABVAsciiString@@0@Z	?rva003C24F0@ScriptActions@@QAEPAVObject@@PBUCoord3D@@PAVObjectTypes@@PAVPlayer@@_N@Z	0x003C24F0	unowned
Code/GameEngine/Source/GameLogic/ScriptEngine/ScriptActions_closestOfObjectTypes.cpp	?rva003C276A@ScriptActions@@QAEXABVAsciiString@@0PAVParameter@@@Z	?rva00372571@AIGroup@@QAEXPAURva00372571Params@@H@Z	0x00372571	unowned
Code/GameEngine/Source/GameLogic/ScriptEngine/ScriptActions_closestOfObjectTypes.cpp	?rva003C276A@ScriptActions@@QAEXABVAsciiString@@0PAVParameter@@@Z	?rva0039E5B9@Team@@QAEXPAUCoord3D@@@Z	0x0039E5B9	unowned
Code/GameEngine/Source/GameLogic/ScriptEngine/ScriptActions_closestOfObjectTypes.cpp	?rva003C276A@ScriptActions@@QAEXABVAsciiString@@0PAVParameter@@@Z	?rva003C24F0@ScriptActions@@QAEPAVObject@@PBUCoord3D@@PAVObjectTypes@@PAVPlayer@@_N@Z	0x003C24F0	unowned
Code/GameEngine/Source/GameLogic/ScriptEngine/ScriptActions_closestOfObjectTypes.cpp	?rva003C33C9@ScriptActions@@QAEXPAVParameter@@000_N@Z	?rva00208968@ScriptEngine@@QAEXABVAsciiString@@PAVObject@@@Z	0x00208968	unowned
Code/GameEngine/Source/GameLogic/ScriptEngine/ScriptActions_closestOfObjectTypes.cpp	?rva003C33C9@ScriptActions@@QAEXPAVParameter@@000_N@Z	?rva003C24F0@ScriptActions@@QAEPAVObject@@PBUCoord3D@@PAVObjectTypes@@PAVPlayer@@_N@Z	0x003C24F0	unowned
Code/GameEngine/Source/GameLogic/ScriptEngine/ScriptActions_closestOfObjectTypes.cpp	?rva003C4625@ScriptActions@@QAEXABVAsciiString@@PAVParameter@@0@Z	?rva00208968@ScriptEngine@@QAEXABVAsciiString@@PAVObject@@@Z	0x00208968	unowned
Code/GameEngine/Source/GameLogic/ScriptEngine/ScriptActions_closestOfObjectTypes.cpp	?rva003C4625@ScriptActions@@QAEXABVAsciiString@@PAVParameter@@0@Z	?rva0039E5B9@Team@@QAEXPAUCoord3D@@@Z	0x0039E5B9	unowned
Code/GameEngine/Source/GameLogic/ScriptEngine/ScriptActions_closestOfObjectTypes.cpp	?rva003C4625@ScriptActions@@QAEXABVAsciiString@@PAVParameter@@0@Z	?rva003C24F0@ScriptActions@@QAEPAVObject@@PBUCoord3D@@PAVObjectTypes@@PAVPlayer@@_N@Z	0x003C24F0	unowned
Code/GameEngine/Source/GameLogic/ScriptEngine/ScriptActions_closestOfObjectTypes.cpp	?rva003C55A6@ScriptActions@@QAEXPAXABVAsciiString@@111@Z	?rva0039E5B9@Team@@QAEXPAUCoord3D@@@Z	0x0039E5B9	unowned
Code/GameEngine/Source/GameLogic/ScriptEngine/ScriptActions_closestOfObjectTypes.cpp	?rva003C55A6@ScriptActions@@QAEXPAXABVAsciiString@@111@Z	?rva003C24F0@ScriptActions@@QAEPAVObject@@PBUCoord3D@@PAVObjectTypes@@PAVPlayer@@_N@Z	0x003C24F0	unowned
Code/GameEngine/Source/GameLogic/ScriptEngine/ScriptActions_closestOfObjectTypes.cpp	?rva003C56D6@ScriptActions@@QAEXPAXABVAsciiString@@11@Z	?rva0039E5B9@Team@@QAEXPAUCoord3D@@@Z	0x0039E5B9	unowned
Code/GameEngine/Source/GameLogic/ScriptEngine/ScriptActions_closestOfObjectTypes.cpp	?rva003C56D6@ScriptActions@@QAEXPAXABVAsciiString@@11@Z	?rva003C24F0@ScriptActions@@QAEPAVObject@@PBUCoord3D@@PAVObjectTypes@@PAVPlayer@@_N@Z	0x003C24F0	unowned
Code/GameEngine/Source/GameLogic/ScriptEngine/ScriptActions_commandButtonOnNearest.cpp	?rva003BD905@ScriptActions@@QAEXABVAsciiString@@0@Z	?rva00297000@Object@@QAEXPBVCommandButton@@PAV1@HH@Z	0x00297000	unowned
Code/GameEngine/Source/GameLogic/ScriptEngine/ScriptActions_commandButtonOnNearest.cpp	?rva003BD905@ScriptActions@@QAEXABVAsciiString@@0@Z	?rva00297149@Object@@QAEXPBVCommandButton@@PBUCoord3D@@HH@Z	0x00297149	unowned
Code/GameEngine/Source/GameLogic/ScriptEngine/ScriptActions_commandButtonOnNearest.cpp	?rva003BDB03@ScriptActions@@QAEXABVAsciiString@@0@Z	?rva00297000@Object@@QAEXPBVCommandButton@@PAV1@HH@Z	0x00297000	unowned
Code/GameEngine/Source/GameLogic/ScriptEngine/ScriptActions_commandButtonOnNearest.cpp	?rva003BDC65@ScriptActions@@QAEXABVAsciiString@@0H@Z	?rva00297000@Object@@QAEXPBVCommandButton@@PAV1@HH@Z	0x00297000	unowned
Code/GameEngine/Source/GameLogic/ScriptEngine/ScriptActions_commandButtonOnNearest.cpp	?rva003BDC65@ScriptActions@@QAEXABVAsciiString@@0H@Z	?rva00297149@Object@@QAEXPBVCommandButton@@PBUCoord3D@@HH@Z	0x00297149	unowned
Code/GameEngine/Source/GameLogic/ScriptEngine/ScriptActions_commandButtonOnNearest.cpp	?rva003BDE5D@ScriptActions@@QAEXABVAsciiString@@0@Z	?rva00297000@Object@@QAEXPBVCommandButton@@PAV1@HH@Z	0x00297000	unowned
Code/GameEngine/Source/GameLogic/ScriptEngine/ScriptActions_commandButtonOnNearest.cpp	?rva003BDFA5@ScriptActions@@QAEXABVAsciiString@@0H@Z	?rva00297000@Object@@QAEXPBVCommandButton@@PAV1@HH@Z	0x00297000	unowned
Code/GameEngine/Source/GameLogic/ScriptEngine/ScriptActions_doAffectObjectPanelFlagsTeam.cpp	?doAffectObjectPanelFlagsTeam@ScriptActions@@IAEXABVAsciiString@@0_N@Z	?changeObjectPanelFlagForSingleObject@ScriptActions@@IAEXPAVObject@@ABVAsciiString@@_N@Z	0x003C4C07	unowned
Code/GameEngine/Source/GameLogic/ScriptEngine/ScriptActions_doAffectObjectPanelFlagsTeam.cpp	?doAffectObjectPanelFlagsUnit@ScriptActions@@IAEXPAVParameter@@ABVAsciiString@@_N@Z	?changeObjectPanelFlagForSingleObject@ScriptActions@@IAEXPAVObject@@ABVAsciiString@@_N@Z	0x003C4C07	unowned
Code/GameEngine/Source/GameLogic/ScriptEngine/ScriptActions_doNamedFaceNamed.cpp	?doNamedFaceNamed@ScriptActions@@IAEXABVAsciiString@@0@Z	?clearWaypointQueue@AIUpdateInterface@@QAEXXZ	0x0026295E	wrong
Code/GameEngine/Source/GameLogic/ScriptEngine/ScriptActions_doNamedFaceWaypoint.cpp	?doNamedFaceWaypoint@ScriptActions@@IAEXABVAsciiString@@0@Z	?clearWaypointQueue@AIUpdateInterface@@QAEXXZ	0x0026295E	wrong
Code/GameEngine/Source/GameLogic/ScriptEngine/ScriptActions_doTeamAttackNamed.cpp	?doTeamAttackNamed@ScriptActions@@IAEXABVAsciiString@@0@Z	?groupAttackObjectPrivate@AIGroup@@AAEX_NPAVObject@@HW4CommandSourceType@@@Z	0x0036FD64	unowned
Code/GameEngine/Source/GameLogic/ScriptEngine/ScriptActions_doTeamAttackNamed.cpp	?groupAttackObject@AIGroup@@QAEXPAVObject@@HW4CommandSourceType@@@Z	?groupAttackObjectPrivate@AIGroup@@AAEX_NPAVObject@@HW4CommandSourceType@@@Z	0x0036FD64	unowned
Code/GameEngine/Source/GameLogic/ScriptEngine/ScriptActions_doTeamFaceNamed.cpp	?doTeamFaceNamed@ScriptActions@@IAEXABVAsciiString@@0@Z	?clearWaypointQueue@AIUpdateInterface@@QAEXXZ	0x0026295E	wrong
Code/GameEngine/Source/GameLogic/ScriptEngine/ScriptActions_doTeamFaceWaypoint.cpp	?doTeamFaceWaypoint@ScriptActions@@IAEXABVAsciiString@@0@Z	?clearWaypointQueue@AIUpdateInterface@@QAEXXZ	0x0026295E	wrong
Code/GameEngine/Source/GameLogic/ScriptEngine/ScriptActions_rva003BC93C.cpp	?rva003BC93C@ScriptActions@@IAEXPAVParameter@@H@Z	?rva0039B3D1@Rva003BD306Target@@QAEXM_N@Z	0x0039B3D1	unowned
Code/GameEngine/Source/GameLogic/ScriptEngine/ScriptActions_rva003C1020.cpp	?Rva003C1020Do@@YGXABVAsciiString@@0PAVParameter@@@Z	?bfmeCallFBC@BfmeObjFBC@@QAEDPAX0H0@Z	0x0035B2C3	unowned
Code/GameEngine/Source/GameLogic/ScriptEngine/ScriptActions_rva003C207C.cpp	?rva003C207C@ScriptActions@@IAEXPAVParameter@@0H@Z	?rva003A23A5@Team@@QAEXIH@Z	0x003A23A5	unowned
Code/GameEngine/Source/GameLogic/ScriptEngine/ScriptActions_rva003C2BC0.cpp	?Rva003C2BC0Do@@YGXPAVParameter@@0@Z	?bfmeCounter@ScriptEngine@@IAEPAUScriptCounter@@VAsciiString@@@Z	0x0020874B	unowned
Code/GameEngine/Source/GameLogic/ScriptEngine/ScriptActions_rva003C2C28.cpp	?Rva003C2C28Do@@YGXPAVParameter@@0@Z	?bfmeCounter@ScriptEngine@@IAEPAUScriptCounter@@VAsciiString@@@Z	0x0020874B	unowned
Code/GameEngine/Source/GameLogic/ScriptEngine/ScriptActions_rva003C2C8F.cpp	?Rva003C2C8FDo@@YGXPAVParameter@@0@Z	?bfmeCounter@ScriptEngine@@IAEPAUScriptCounter@@VAsciiString@@@Z	0x0020874B	unowned
Code/GameEngine/Source/GameLogic/ScriptEngine/ScriptActions_rva003C2CD8.cpp	?Rva003C2CD8Do@@YGXPAVParameter@@0@Z	?bfmeCounter@ScriptEngine@@IAEPAUScriptCounter@@VAsciiString@@@Z	0x0020874B	unowned
Code/GameEngine/Source/GameLogic/ScriptEngine/ScriptActions_rva003C2CD8.cpp	?Rva003C2D34Do@@YGXPAVParameter@@0@Z	?bfmeCounter@ScriptEngine@@IAEPAUScriptCounter@@VAsciiString@@@Z	0x0020874B	unowned
Code/GameEngine/Source/GameLogic/ScriptEngine/ScriptActions_rva003C2D90.cpp	?Rva003C2D90Do@@YGXPAVParameter@@0@Z	?bfmeCounter@ScriptEngine@@IAEPAUScriptCounter@@VAsciiString@@@Z	0x0020874B	unowned
Code/GameEngine/Source/GameLogic/ScriptEngine/ScriptActions_rva003C2DEA.cpp	?Rva003C2DEADo@@YGXPAVParameter@@0@Z	?bfmeCounter@ScriptEngine@@IAEPAUScriptCounter@@VAsciiString@@@Z	0x0020874B	unowned
Code/GameEngine/Source/GameLogic/ScriptEngine/ScriptActions_rva003C2E61.cpp	?Rva003C2E61Do@@YGXPBX00@Z	?bfmeCounter@ScriptEngine@@IAEPAUScriptCounter@@VAsciiString@@@Z	0x0020874B	unowned
Code/GameEngine/Source/GameLogic/ScriptEngine/ScriptActions_rva003C2EC9.cpp	?Rva003C2EC9Do@@YGXPBX00@Z	?bfmeCounter@ScriptEngine@@IAEPAUScriptCounter@@VAsciiString@@@Z	0x0020874B	unowned
Code/GameEngine/Source/GameLogic/ScriptEngine/ScriptConditionsPlayerMask.cpp	?evaluatePlayerDestroyedNOrMoreBuildings@ScriptConditions@@IAE_NPAVParameter@@00@Z	?getEachPlayerFromMask@PlayerList@@QAEPAVPlayer@@AAG@Z	0x002A7BC9	wrong
Code/GameEngine/Source/GameLogic/ScriptEngine/ScriptConditionsRva003E5E2F.cpp	?evaluateTeamCountCompare@ScriptConditions@@IAE_NPAVParameter@@00@Z	?countKind@Team@@QAEHH_N0@Z	0x0039DC05	unowned
Code/GameEngine/Source/GameLogic/ScriptEngine/ScriptConditions_Rva003E5CB1.cpp	?rva003E83AF@ScriptConditions@@QAE_NPAVParameter@@0@Z	?rva0039E5B9@Team@@QAEXPAUCoord3D@@@Z	0x0039E5B9	unowned
Code/GameEngine/Source/GameLogic/ScriptEngine/ScriptConditions_Rva003E6ED0.cpp	?rva003E6ED0@ScriptConditions@@QAE_NPAVParameter@@PBVAsciiString@@0_N2@Z	?didAllEnter@Team@@QAE_NPAVPolygonTrigger@@I@Z	0x0039E15D	unowned
Code/GameEngine/Source/GameLogic/ScriptEngine/ScriptConditions_Rva003E6ED0.cpp	?rva003E6ED0@ScriptConditions@@QAE_NPAVParameter@@PBVAsciiString@@0_N2@Z	?didAllExit@Team@@QAE_NPAVPolygonTrigger@@I@Z	0x0039E303	unowned
Code/GameEngine/Source/GameLogic/ScriptEngine/ScriptConditions_Rva003E6ED0.cpp	?rva003E6ED0@ScriptConditions@@QAE_NPAVParameter@@PBVAsciiString@@0_N2@Z	?rva00395E53@CastleBehavior@@QAEPAVPolygonTrigger@@H@Z	0x00395E53	unowned
Code/GameEngine/Source/GameLogic/ScriptEngine/ScriptConditions_Rva003E6ED0.cpp	?rva003E6ED0@ScriptConditions@@QAE_NPAVParameter@@PBVAsciiString@@0_N2@Z	?rva0039E5B9@Team@@QAEXPAUCoord3D@@@Z	0x0039E5B9	unowned
Code/GameEngine/Source/GameLogic/ScriptEngine/ScriptConditions_evaluateHasCompleted.cpp	?evaluateAudioHasCompleted@ScriptConditions@@IAE_NPAVParameter@@@Z	?rva00358076@ScriptEngine@@QAE_NABVAsciiString@@_N@Z	0x00358076	unowned
Code/GameEngine/Source/GameLogic/ScriptEngine/ScriptConditions_evaluateHasCompleted.cpp	?evaluateSpeechHasCompleted@ScriptConditions@@IAE_NPAVParameter@@@Z	?rva00357F5E@ScriptEngine@@QAE_NABVAsciiString@@_N@Z	0x00357F5E	unowned
Code/GameEngine/Source/GameLogic/ScriptEngine/ScriptConditions_evaluateSkirmishPlayerIsOutsideArea.cpp	?evaluateSkirmishPlayerIsOutsideArea@ScriptConditions@@IAE_NPAVCondition@@PAVParameter@@1@Z	?evaluateSkirmishPlayerHasUnitsInArea@ScriptConditions@@IAE_NPAVCondition@@PAVParameter@@1@Z	0x003E782D	unowned
Code/GameEngine/Source/GameLogic/ScriptEngine/ScriptConditions_evaluateTeamEnteredAreaEntirely.cpp	?evaluateTeamEnteredAreaEntirely@ScriptConditions@@IAE_NPAVParameter@@00@Z	?didAllEnter@Team@@QAE_NPAVPolygonTrigger@@I@Z	0x0039E15D	unowned
Code/GameEngine/Source/GameLogic/ScriptEngine/ScriptConditions_evaluateTeamExitedAreaEntirely.cpp	?evaluateTeamExitedAreaEntirely@ScriptConditions@@IAE_NPAVParameter@@00@Z	?didAllExit@Team@@QAE_NPAVPolygonTrigger@@I@Z	0x0039E303	unowned
Code/GameEngine/Source/GameLogic/ScriptEngine/ScriptDeleter.cpp	??_GScript@@MAEPAXI@Z	??1Script@@MAE@XZ	0x003B35B1	unowned
Code/GameEngine/Source/GameLogic/ScriptEngine/ScriptEngine.cpp	?evaluateTimer@ScriptEngine@@QAE_NPAVCondition@@@Z	?bfmeCounter@ScriptEngine@@IAEPAUScriptCounter@@VAsciiString@@@Z	0x0020874B	unowned
Code/GameEngine/Source/GameLogic/ScriptEngine/ScriptEngine.cpp	?pauseTimer@ScriptEngine@@IAEXPAVScriptAction@@@Z	?bfmeCounter@ScriptEngine@@IAEPAUScriptCounter@@VAsciiString@@@Z	0x0020874B	unowned
Code/GameEngine/Source/GameLogic/ScriptEngine/ScriptEngine.cpp	?restartTimer@ScriptEngine@@IAEXPAVScriptAction@@@Z	?bfmeCounter@ScriptEngine@@IAEPAUScriptCounter@@VAsciiString@@@Z	0x0020874B	unowned
Code/GameEngine/Source/GameLogic/ScriptEngine/ScriptEngineAdjustTimer.cpp	?adjustTimer@ScriptEngine@@IAEXPAVScriptAction@@_N1@Z	?bfmeCounter@ScriptEngine@@IAEPAUScriptCounter@@VAsciiString@@@Z	0x0020874B	unowned
Code/GameEngine/Source/GameLogic/ScriptEngine/ScriptEngineEvaluateCounter.cpp	?addCounter@ScriptEngine@@IAEXPAVScriptAction@@@Z	?bfmeCounter@ScriptEngine@@IAEPAUScriptCounter@@VAsciiString@@@Z	0x0020874B	unowned
Code/GameEngine/Source/GameLogic/ScriptEngine/ScriptEngineEvaluateCounter.cpp	?evaluateCounter@ScriptEngine@@IAE_NPAVCondition@@@Z	?bfmeCounter@ScriptEngine@@IAEPAUScriptCounter@@VAsciiString@@@Z	0x0020874B	unowned
Code/GameEngine/Source/GameLogic/ScriptEngine/ScriptEngineEvaluateCounter.cpp	?subCounter@ScriptEngine@@IAEXPAVScriptAction@@@Z	?bfmeCounter@ScriptEngine@@IAEPAUScriptCounter@@VAsciiString@@@Z	0x0020874B	unowned
Code/GameEngine/Source/GameLogic/ScriptEngine/ScriptEngineFlagsAndCounters_Rva00209405.cpp	?setFlag@ScriptEngine@@IAEXPAVScriptAction@@_N@Z	?bfmeFlagForWrite@ScriptEngine@@IAEPA_NVAsciiString@@@Z	0x002088A0	unowned
Code/GameEngine/Source/GameLogic/ScriptEngine/ScriptEngineGetTeamNamed.cpp	?getTeamNamed@ScriptEngine@@QAEPAVTeam@@VAsciiString@@_N@Z	?countTeamInstances@TeamPrototype@@QAEHXZ	0x0039D954	unowned
Code/GameEngine/Source/GameLogic/ScriptEngine/ScriptEngineRva00357A03.cpp	?rva00357A03@ScriptEngine@@QAEXHW4ScienceType@@@Z	?erase@?$vector@W4ScienceType@@V?$allocator@W4ScienceType@@@_STL@@@_STL@@QAEPAW4ScienceType@@PAW43@@Z	0x0025BF5D	wrong
Code/GameEngine/Source/GameLogic/ScriptEngine/ScriptEngineSetPriorityDefault.cpp	?setPriorityDefault@ScriptEngine@@QAEXPAVScriptAction@@@Z	??1BFMERetailAsciiString@@QAE@XZ	0x00036410	wrong
Code/GameEngine/Source/GameLogic/ScriptEngine/ScriptEngineSetTimer.cpp	?setTimer@ScriptEngine@@IAEXPAVScriptAction@@_N1@Z	?bfmeCounter@ScriptEngine@@IAEPAUScriptCounter@@VAsciiString@@@Z	0x0020874B	unowned
Code/GameEngine/Source/GameLogic/ScriptEngine/ScriptEngine_appendMessage_Rva00341350AdjustVariableForwarder.cpp	?_adjustVariable@@YAXABVAsciiString@@H_N1@Z	?startsWith@AsciiString@@QBE_NABV1@@Z	0x00035FB0	wrong
Code/GameEngine/Source/GameLogic/ScriptEngine/ScriptEngine_dtor.cpp	??1ScriptEngine@@UAE@XZ	??1Rva00205AF8Record@@QAE@XZ	0x00205AF8	unowned
Code/GameEngine/Source/GameLogic/ScriptEngine/ScriptEngine_dtor.cpp	??1ScriptEngine@@UAE@XZ	?release@Rva0020453CHolderBase@@QAEXXZ	0x0020453C	unowned
Code/GameEngine/Source/GameLogic/ScriptEngine/ScriptEngine_dtor.cpp	??1ScriptEngine@@UAE@XZ	?reset@ScriptEngine@@UAEXXZ	0x00209ABE	unowned
Code/GameEngine/Source/GameLogic/ScriptEngine/ScriptEngine_sequentialCleanup.cpp	?cleanupSequentialScript@ScriptEngine@@IAEPAPAVSequentialScript@@PAPAV2@_N1@Z	?erase@?$vector@PAVSequentialScript@@V?$allocator@PAVSequentialScript@@@_STL@@@_STL@@QAEPAPAVSequentialScript@@PAPAV3@@Z	0x001FF51F	wrong
Code/GameEngine/Source/GameLogic/ScriptEngine/ScriptEngine_sequentialCleanup.cpp	?removeObjectTypes@ScriptEngine@@IAEXPAVObjectTypes@@@Z	??$find@PAPAVObjectTypes@@PAV1@@_STL@@YAPAPAVObjectTypes@@PAPAV1@0ABQAV1@@Z	0x0020E873	wrong
Code/GameEngine/Source/GameLogic/ScriptEngine/ScriptEngine_sequentialCleanup.cpp	?removeObjectTypes@ScriptEngine@@IAEXPAVObjectTypes@@@Z	?erase@?$vector@PAVObjectTypes@@V?$allocator@PAVObjectTypes@@@_STL@@@_STL@@QAEPAPAVObjectTypes@@PAPAV3@@Z	0x001FF51F	wrong
Code/GameEngine/Source/GameLogic/ScriptEngine/ScriptGlueRva003BD32B.cpp	?rva003BD32B@@YGXH@Z	?rva0042682B@Rva004266A1@@QAEXHE@Z	0x0042682B	unowned
Code/GameEngine/Source/GameLogic/ScriptEngine/ScriptGlueRva003BD32B.cpp	?rva003BD36F@@YGXH@Z	?rva00426914@Rva004266A1@@QAEXHE@Z	0x00426914	unowned
Code/GameEngine/Source/GameLogic/ScriptEngine/ScriptGlueRva003BD3CB.cpp	?rva003BD3CB@@YGXPAXMH@Z	?rva002871A4@Rva002871A4@@QAEXPAXMHH@Z	0x002871A4	unowned
Code/GameEngine/Source/GameLogic/ScriptEngine/ScriptGlueRva003BD598.cpp	?rva003BD598@Rva003BD598@@QAEXXZ	?rva00376D49@GameLogic@@QAEXXZ	0x00376D49	unowned
Code/GameEngine/Source/GameLogic/ScriptEngine/ScriptGlueRva003BE5C9.cpp	?rva003BE5C9@Rva003BE5C9@@QAEXXZ	?rva00376D49@GameLogic@@QAEXXZ	0x00376D49	unowned
Code/GameEngine/Source/GameLogic/ScriptEngine/ScriptGlueRva003BE7ED.cpp	?rva003BE7ED@Rva003BE7ED@@QAEXXZ	?rva00376D49@GameLogic@@QAEXXZ	0x00376D49	unowned
Code/GameEngine/Source/GameLogic/ScriptEngine/ScriptGlueRva003BE9DB.cpp	?Rva003BE9DBSet@@YGXABVAsciiString@@M@Z	?rva0039E76C@Team@@QAEXM@Z	0x0039E76C	unowned
Code/GameEngine/Source/GameLogic/ScriptEngine/ScriptGlueRva003BEA10.cpp	?Rva003BEA10Do@@YGXPBVAsciiString@@PAX@Z	?rva00372571@AIGroup@@QAEXPAURva00372571Params@@H@Z	0x00372571	unowned
Code/GameEngine/Source/GameLogic/ScriptEngine/ScriptGlueRva003BEBD6.cpp	?Rva003BEBD6Do@@YGXPBVAsciiString@@@Z	?rva00372571@AIGroup@@QAEXPAURva00372571Params@@H@Z	0x00372571	unowned
Code/GameEngine/Source/GameLogic/ScriptEngine/ScriptGlueRva003BEBD6.cpp	?Rva003BEBD6Do@@YGXPBVAsciiString@@@Z	?rva0039E9A1@Team@@QAEXPAUCoord3D@@@Z	0x0039E9A1	unowned
Code/GameEngine/Source/GameLogic/ScriptEngine/ScriptGlueRva003BFD5A.cpp	?Rva003BFD5ASet@@YGXABVAsciiString@@@Z	?rva003A1D1A@Team@@QAEXXZ	0x003A1D1A	unowned
Code/GameEngine/Source/GameLogic/ScriptEngine/ScriptGlueRva003C00CE.cpp	?Rva003C00CEDo@@YGXPBVAsciiString@@PAX@Z	?rva001DDAE1@Rva001DDAE1@@QAEXPAUCoord3D@@@Z	0x001DDAE1	unowned
Code/GameEngine/Source/GameLogic/ScriptEngine/ScriptGlueRva003C00CE.cpp	?Rva003C00CEDo@@YGXPBVAsciiString@@PAX@Z	?rva0039E5B9@Team@@QAEXPAUCoord3D@@@Z	0x0039E5B9	unowned
Code/GameEngine/Source/GameLogic/ScriptEngine/ScriptGlueRva003C08CC.cpp	?rva003C08CC@Rva003C08CC@@QAEXPBVAsciiString@@_N@Z	?rva0036FC23@AIGroup@@QAEXH@Z	0x0036FC23	unowned
Code/GameEngine/Source/GameLogic/ScriptEngine/ScriptGlueRva003C08CC.cpp	?rva003C08CC@Rva003C08CC@@QAEXPBVAsciiString@@_N@Z	?rva003C01E2@Rva003C01E2@@QAEXPBVAsciiString@@0@Z	0x003C01E2	unowned
Code/GameEngine/Source/GameLogic/ScriptEngine/ScriptGlueRva003C0C3E.cpp	?Rva003C0C3ESet@@YGXABVAsciiString@@@Z	?rva002064CB@ScriptEngine@@QAEXPAVTeam@@@Z	0x002064CB	unowned
Code/GameEngine/Source/GameLogic/ScriptEngine/ScriptGlueRva003C21E5.cpp	?Rva003C21E5Do@@YGXPBVAsciiString@@H00@Z	?rva003A1626@Team@@QAEXPAX0HPAV1@@Z	0x003A1626	unowned
Code/GameEngine/Source/GameLogic/ScriptEngine/ScriptGlueRva003C35AA.cpp	?Rva003C35AADo@@YGXPBVAsciiString@@PAX_N@Z	?rva00209811@ScriptEngine@@QAEXABVAsciiString@@PAX@Z	0x00209811	unowned
Code/GameEngine/Source/GameLogic/ScriptEngine/ScriptGlueRva003C35AA.cpp	?Rva003C35AADo@@YGXPBVAsciiString@@PAX_N@Z	?rva0052E3E6@Rva0052E3E6@@QAEXPAX0@Z	0x0052E3E6	unowned
Code/GameEngine/Source/GameLogic/ScriptEngine/ScriptGlueRva003C3A3F.cpp	?Rva003C3A3FSet@@YGXABVAsciiString@@H@Z	?rva002872BA@Rva002872BA@@QAEXPAXHH@Z	0x002872BA	unowned
Code/GameEngine/Source/GameLogic/ScriptEngine/ScriptGlueRva003EED9D.cpp	?rva003EED9D@Rva003EED9D@@QAEXXZ	?rva003EEC63@Rva003EEC63@@QAEXPAXVAsciiString@@HH@Z	0x003EEC63	unowned
Code/GameEngine/Source/GameLogic/ScriptEngine/ScriptGlueRva003EED9D.cpp	?rva003EED9D@Rva003EED9D@@QAEXXZ	?rva004E3B78@Rva004E3B78@@QAEXXZ	0x004E3B78	unowned
Code/GameEngine/Source/GameLogic/ScriptEngine/ScriptListDestructor.cpp	??1ScriptList@@QAE@XZ	??1Gen_0035B8A0@@QAE@XZ	0x003B766B	unowned
Code/GameEngine/Source/GameLogic/ScriptEngine/ScriptListDestructor.cpp	??1ScriptList@@QAE@XZ	??1Gen_0035B960@@QAE@XZ	0x003B7167	unowned
Code/GameEngine/Source/GameLogic/ScriptEngine/ScriptListDuplicate.cpp	?duplicate@ScriptList@@QBEPAV1@XZ	??0ScriptList@@QAE@ABV0@@Z	0x003B88DA	unowned
Code/GameEngine/Source/GameLogic/ScriptEngine/ScriptListNodeZDtor.cpp	??1BfmeNodeZ@@QAE@XZ	??1Script@@MAE@XZ	0x003B35B1	unowned
Code/GameEngine/Source/GameLogic/ScriptEngine/ScriptListSubrecordCtor.cpp	??0Rva003B761E@@QAE@XZ	??0?$_Vector_base@UBfmeE12@@V?$allocator@UBfmeE12@@@_STL@@@_STL@@QAE@ABV?$allocator@UBfmeE12@@@1@@Z	0x00211E58	wrong
Code/GameEngine/Source/GameLogic/ScriptEngine/Scripts.cpp	??_GCondition@@MAEPAXI@Z	??1Condition@@MAE@XZ	0x003B4230	unowned
Code/GameEngine/Source/GameLogic/ScriptEngine/Scripts.cpp	?getUiText@Condition@@QAE?AVAsciiString@@XZ	?getUiText@Parameter@@QBE?AVAsciiString@@XZ	0x003B4B1D	unowned
Code/GameEngine/Source/GameLogic/ScriptEngine/SequentialScriptXfer.cpp	?xfer@SequentialScript@@MAEXPAVXfer@@@Z	?rva003573C4@ScriptEngine@@QAEPAVScript@@ABVAsciiString@@0H@Z	0x003573C4	unowned
Code/GameEngine/Source/GameLogic/ScriptEngine/openLuaLibraries.cpp	?rva00338317RegisterScriptFunctions@LuaScriptEngine@@QAEXXZ	?EvaluateCondition@@YAHPAUlua_State@@@Z	0x00334212	unowned
Code/GameEngine/Source/GameLogic/ScriptEngine/openLuaLibraries.cpp	?rva00338317RegisterScriptFunctions@LuaScriptEngine@@QAEXXZ	?ExecuteAction@@YAHPAUlua_State@@@Z	0x0033436F	unowned
Code/GameEngine/Source/GameLogic/ScriptEngine/openLuaLibraries.cpp	?rva00338317RegisterScriptFunctions@LuaScriptEngine@@QAEXXZ	?HordeBroadcastEventToMembers@@YAHPAUlua_State@@@Z	0x00335A61	unowned
Code/GameEngine/Source/GameLogic/ScriptEngine/openLuaLibraries.cpp	?rva00338317RegisterScriptFunctions@LuaScriptEngine@@QAEXXZ	?ObjectCapturingObjectPlayerSide@@YAHPAUlua_State@@@Z	0x00334F2E	unowned
Code/GameEngine/Source/GameLogic/ScriptEngine/openLuaLibraries.cpp	?rva00338317RegisterScriptFunctions@LuaScriptEngine@@QAEXXZ	?ObjectChangeAllegianceFromNonPlayablePlayer@@YAHPAUlua_State@@@Z	0x00334C9F	unowned
Code/GameEngine/Source/GameLogic/ScriptEngine/openLuaLibraries.cpp	?rva00338317RegisterScriptFunctions@LuaScriptEngine@@QAEXXZ	?ObjectTestCanSufferFear@@YAHPAUlua_State@@@Z	0x0033508F	unowned
Code/GameEngine/Source/GameLogic/ScriptEngine/openLuaLibraries.cpp	?rva00338317RegisterScriptFunctions@LuaScriptEngine@@QAEXXZ	_luaV_Cclosure	0x00747640	wrong
Code/GameEngine/Source/GameLogic/SkirmishAI/AISpecialPowers/AISPecialPowerTargetAoE.cpp	?rva005EE5D7@Rva005EE816@@QAEIPAVObject@@_NPAV?$vector@PAVObject@@V?$allocator@PAVObject@@@_STL@@@_STL@@@Z	?push_back@?$vector@PAVObject@@V?$allocator@PAVObject@@@_STL@@@_STL@@QAEXABQAVObject@@@Z	0x001F211B	unowned
Code/GameEngine/Source/GameLogic/SkirmishAI/AISpecialPowers/AISPecialPowerTargetAoE.cpp	?rva005EE816@Rva005EE816@@QAE_NPAXPBVCoord3D@@@Z	?rva0035B2C3@Rva0035B2C3@@QAE_NPAXHPBVCoord3D@@H@Z	0x0035B2C3	unowned
Code/GameEngine/Source/GameLogic/SkirmishAI/AISpecialPowers/AISpecialPowerPickers.cpp	?rva005D75BE@Rva005EE816@@QAE_NPAVObject@@@Z	?rva005EE8DD@Rva005EE816@@QAE_NPBUCoord3D@@PAVObject@@@Z	0x005EE8DD	unowned
Code/GameEngine/Source/GameLogic/SkirmishAI/AISpecialPowers/AISpecialPowerPickers.cpp	?rva005D8C4C@Rva005EE816@@QAEIPAVObject@@@Z	?rva005EE8DD@Rva005EE816@@QAE_NPBUCoord3D@@PAVObject@@@Z	0x005EE8DD	unowned
Code/GameEngine/Source/GameLogic/SkirmishAI/AISpecialPowers/AISpecialPowerPickers.cpp	?rva005D8F0F@Rva005EE816@@QAEIPAVObject@@@Z	?rva005EE8DD@Rva005EE816@@QAE_NPBUCoord3D@@PAVObject@@@Z	0x005EE8DD	unowned
Code/GameEngine/Source/GameLogic/SkirmishAI/AISpecialPowers/AISpecialPowerPickers.cpp	?rva005D91D2@Rva005EE816@@QAEIPAVObject@@@Z	?rva005EE8DD@Rva005EE816@@QAE_NPBUCoord3D@@PAVObject@@@Z	0x005EE8DD	unowned
Code/GameEngine/Source/GameLogic/SkirmishAI/AISpecialPowers/AISpecialPowerPickers.cpp	?rva005D9721@Rva005EE816@@QAEIPAVObject@@@Z	?rva005EE8DD@Rva005EE816@@QAE_NPBUCoord3D@@PAVObject@@@Z	0x005EE8DD	unowned
Code/GameEngine/Source/GameLogic/SkirmishAI/AISpecialPowers/AISpecialPowerPickers.cpp	?rva005D9E12@Rva005EEDB5Picker@@QAE_NPAVObject@@@Z	?isAnyKindOf@Thing@@QBE_NABV?$BitFlags@$0HE@@@@Z	0x0030ADC7	wrong
Code/GameEngine/Source/GameLogic/SkirmishAI/AISpecialPowers/AISpellBookPowers/AISpellBookShroudReveal.cpp	?rva005D7FA6@Rva005EE816@@QAE_NPAVObject@@@Z	?rva005EE8DD@Rva005EE816@@QAE_NPBUCoord3D@@PAVObject@@@Z	0x005EE8DD	unowned
Code/GameEngine/Source/GameLogic/SkirmishAI/AISpecialPowers/Rva005EE816Rva005D7C3E.cpp	?rva005D7C3E@Rva005EE816@@QAE_NPAVObject@@@Z	?rva005EE8DD@Rva005EE816@@QAE_NPBUCoord3D@@PAVObject@@@Z	0x005EE8DD	unowned
Code/GameEngine/Source/GameLogic/SkirmishAI/AITacticalAI/AITacticsGenerator/AITacticsGenerator.cpp	??0Rva00506909@@QAE@PAX@Z	??0?$_Vector_base@PAURva00506909Gen@@V?$allocator@PAURva00506909Gen@@@_STL@@@_STL@@QAE@ABV?$allocator@PAURva00506909Gen@@@1@@Z	0x00211E58	wrong
Code/GameEngine/Source/GameLogic/SkirmishAI/AITacticalAI/AITacticsGenerator/AITacticsGenerator.cpp	??0Rva00506909@@QAE@PAX@Z	??0?$_Vector_base@PAURva00506909Item@@V?$allocator@PAURva00506909Item@@@_STL@@@_STL@@QAE@ABV?$allocator@PAURva00506909Item@@@1@@Z	0x00211E58	wrong
Code/GameEngine/Source/GameLogic/SkirmishAI/AITacticalAI/AITacticsGenerator/AITacticsGenerator.cpp	?rva00505E5D@Rva00506909@@AAEXXZ	?push_back@?$vector@PAURva00506909Gen@@V?$allocator@PAURva00506909Gen@@@_STL@@@_STL@@QAEXABQAURva00506909Gen@@@Z	0x004DFCB0	wrong
Code/GameEngine/Source/GameLogic/SkirmishAI/AITacticalAI/AITacticsGenerator/AITacticsGenerator.cpp	?rva00505F80@Rva00506909@@AAEXXZ	?push_back@?$vector@PAURva00506909Gen@@V?$allocator@PAURva00506909Gen@@@_STL@@@_STL@@QAEXABQAURva00506909Gen@@@Z	0x004DFCB0	wrong
Code/GameEngine/Source/GameLogic/SkirmishAI/AITacticalAI/AITacticsGenerator/AITacticsGenerator.cpp	?rva00505FD0@Rva00506909@@AAEXXZ	?push_back@?$vector@PAURva00506909Gen@@V?$allocator@PAURva00506909Gen@@@_STL@@@_STL@@QAEXABQAURva00506909Gen@@@Z	0x004DFCB0	wrong
Code/GameEngine/Source/GameLogic/SkirmishAI/AITacticalAI/AITacticsGenerator/AITacticsGenerator.cpp	?rva00506020@Rva00506909@@AAEXXZ	?push_back@?$vector@PAURva00506909Gen@@V?$allocator@PAURva00506909Gen@@@_STL@@@_STL@@QAEXABQAURva00506909Gen@@@Z	0x004DFCB0	wrong
Code/GameEngine/Source/GameLogic/SkirmishAI/AITacticalAI/AITacticsGenerator/AITacticsGenerator.cpp	?rva00506178@Rva00506909@@AAE_NPAURva00506909Request@@PAX@Z	??0?$_Vector_base@PAURva00506909Gen@@V?$allocator@PAURva00506909Gen@@@_STL@@@_STL@@QAE@ABV?$allocator@PAURva00506909Gen@@@1@@Z	0x00211E58	wrong
Code/GameEngine/Source/GameLogic/SkirmishAI/AITacticalAI/AITacticsGenerator/AITacticsGenerator.cpp	?rva00506178@Rva00506909@@AAE_NPAURva00506909Request@@PAX@Z	?push_back@?$vector@PAURva00506909Gen@@V?$allocator@PAURva00506909Gen@@@_STL@@@_STL@@QAEXABQAURva00506909Gen@@@Z	0x004DFCB0	wrong
Code/GameEngine/Source/GameLogic/SkirmishAI/AITacticalAI/AITacticsGenerator/AITacticsGenerator.cpp	?rva00506178@Rva00506909@@AAE_NPAURva00506909Request@@PAX@Z	?push_back@?$vector@PAURva00506909Item@@V?$allocator@PAURva00506909Item@@@_STL@@@_STL@@QAEXABQAURva00506909Item@@@Z	0x004DFCB0	wrong
Code/GameEngine/Source/GameLogic/SkirmishAI/AITacticalAI/AITacticsGenerator/AITacticsGenerator.cpp	?rva00506265@Rva00506909@@AAE_NPAURva00506909Request@@PAX@Z	??0?$_Vector_base@PAURva00506909Gen@@V?$allocator@PAURva00506909Gen@@@_STL@@@_STL@@QAE@ABV?$allocator@PAURva00506909Gen@@@1@@Z	0x00211E58	wrong
Code/GameEngine/Source/GameLogic/SkirmishAI/AITacticalAI/AITacticsGenerator/AITacticsGenerator.cpp	?rva00506265@Rva00506909@@AAE_NPAURva00506909Request@@PAX@Z	?push_back@?$vector@PAURva00506909Gen@@V?$allocator@PAURva00506909Gen@@@_STL@@@_STL@@QAEXABQAURva00506909Gen@@@Z	0x004DFCB0	wrong
Code/GameEngine/Source/GameLogic/SkirmishAI/AITacticalAI/AITacticsGenerator/AITacticsGenerator.cpp	?rva00506265@Rva00506909@@AAE_NPAURva00506909Request@@PAX@Z	?push_back@?$vector@PAURva00506909Item@@V?$allocator@PAURva00506909Item@@@_STL@@@_STL@@QAEXABQAURva00506909Item@@@Z	0x004DFCB0	wrong
Code/GameEngine/Source/GameLogic/SkirmishAI/AITacticalAI/AITacticsGenerator/AITacticsGenerator.cpp	?rva0050633B@Rva00506909@@AAE_NPAURva00506909Request@@PAX@Z	??0?$_Vector_base@PAURva00506909Gen@@V?$allocator@PAURva00506909Gen@@@_STL@@@_STL@@QAE@ABV?$allocator@PAURva00506909Gen@@@1@@Z	0x00211E58	wrong
Code/GameEngine/Source/GameLogic/SkirmishAI/AITacticalAI/AITacticsGenerator/AITacticsGenerator.cpp	?rva0050633B@Rva00506909@@AAE_NPAURva00506909Request@@PAX@Z	?push_back@?$vector@PAURva00506909Gen@@V?$allocator@PAURva00506909Gen@@@_STL@@@_STL@@QAEXABQAURva00506909Gen@@@Z	0x004DFCB0	wrong
Code/GameEngine/Source/GameLogic/SkirmishAI/AITacticalAI/AITacticsGenerator/AITacticsGenerator.cpp	?rva0050633B@Rva00506909@@AAE_NPAURva00506909Request@@PAX@Z	?push_back@?$vector@PAURva00506909Item@@V?$allocator@PAURva00506909Item@@@_STL@@@_STL@@QAEXABQAURva00506909Item@@@Z	0x004DFCB0	wrong
Code/GameEngine/Source/GameLogic/SkirmishAI/AITacticalAI/AITacticsGenerator/AITacticsGenerator.cpp	?rva00506411@Rva00506909@@AAE_NPAX@Z	??0?$_Vector_base@PAURva00506909Gen@@V?$allocator@PAURva00506909Gen@@@_STL@@@_STL@@QAE@ABV?$allocator@PAURva00506909Gen@@@1@@Z	0x00211E58	wrong
Code/GameEngine/Source/GameLogic/SkirmishAI/AITacticalAI/AITacticsGenerator/AITacticsGenerator.cpp	?rva00506411@Rva00506909@@AAE_NPAX@Z	?push_back@?$vector@PAURva00506909Gen@@V?$allocator@PAURva00506909Gen@@@_STL@@@_STL@@QAEXABQAURva00506909Gen@@@Z	0x004DFCB0	wrong
Code/GameEngine/Source/GameLogic/SkirmishAI/AITacticalAI/AITacticsGenerator/AITacticsGenerator.cpp	?rva00506411@Rva00506909@@AAE_NPAX@Z	?push_back@?$vector@PAURva00506909Item@@V?$allocator@PAURva00506909Item@@@_STL@@@_STL@@QAEXABQAURva00506909Item@@@Z	0x004DFCB0	wrong
Code/GameEngine/Source/GameLogic/SkirmishAI/AITacticalAI/AITacticsGenerator/AITacticsGenerator.cpp	?xfer@Rva00506909@@QAEXPAVXfer@@@Z	?push_back@?$vector@PAURva00506909Item@@V?$allocator@PAURva00506909Item@@@_STL@@@_STL@@QAEXABQAURva00506909Item@@@Z	0x004DFCB0	wrong
Code/GameEngine/Source/GameLogic/System/AIGroup_groupForceAttackObject.cpp	?groupForceAttackObject@AIGroup@@QAEXPAVObject@@HW4CommandSourceType@@@Z	?groupAttackObjectPrivate@AIGroup@@AAEX_NPAVObject@@HW4CommandSourceType@@@Z	0x0036FD64	unowned
Code/GameEngine/Source/GameLogic/System/CrateTemplateAssign.cpp	??4CrateTemplate@@QAEAAV0@ABV0@@Z	??4Overridable@@QAEAAV0@ABV0@@Z	0x001FD28E	wrong
Code/GameEngine/Source/GameLogic/System/GameLogicAwakenUpdate.cpp	?friend_awakenUpdateModule@GameLogic@@QAEXPAVObject@@PAVUpdateModule@@I@Z	?push_back@?$vector@PAVUpdateModule@@V?$allocator@PAVUpdateModule@@@_STL@@@_STL@@QAEXABQAVUpdateModule@@@Z	0x004DFCB0	wrong
Code/GameEngine/Source/GameLogic/System/GameLogicBindObjectAndDrawable.cpp	?bindObjectAndDrawable@GameLogic@@QAEXPAVObject@@PAVDrawable@@@Z	?friend_bindToDrawable@Object@@QAEXPAVDrawable@@@Z	0x0029080C	unowned
Code/GameEngine/Source/GameLogic/System/GameLogicBindObjectAndDrawable.cpp	?sendObjectDestroyed@GameLogic@@QAEXPAVObject@@@Z	?friend_bindToDrawable@Object@@QAEXPAVDrawable@@@Z	0x0029080C	unowned
Code/GameEngine/Source/GameLogic/System/GameLogicDeselectObject.cpp	?deselectObject@GameLogic@@QAEXPAVObject@@I_N@Z	?rva00290496@Object@@QAEXPAVPlayer@@@Z	0x00290496	unowned
Code/GameEngine/Source/GameLogic/System/GameLogicProcessCommandList.cpp	?processCommandList@GameLogic@@QAEXXZ	?logicMessageDispatcher@GameLogic@@QAEXPAVGameMessage@@PAX@Z	0x00377613	unowned
Code/GameEngine/Source/GameLogic/System/GameLogicRva00246F8E.cpp	?rva00246F8E@GameLogic@@QAE_NABVAsciiString@@HPAPBVCommandButton@@@Z	?Rva0023FC23@@YAHPAUOut00524477@@PAHH@Z	0x0023FC23	unowned
Code/GameEngine/Source/GameLogic/System/GameLogicSetBuildableStatusOverride.cpp	?setBuildableStatusOverride@GameLogic@@QAEXPBVThingTemplate@@W4BuildableStatus@@@Z	??A?$hash_map@VAsciiString@@W4BuildableStatus@@U?$hash@VAsciiString@@@rts@@U?$equal_to@VAsciiString@@@4@V?$allocator@U?$pair@$$CBVAsciiString@@W4BuildableStatus@@@_STL@@@_STL@@@_STL@@QAEAAW4BuildableStatus@@ABVAsciiString@@@Z	0x002460C3	unowned
Code/GameEngine/Source/GameLogic/System/LivingWorld/Rva002BA8F1AddPlayer.cpp	?addPlayer@Rva002BA8F1Logic@@QAEXPAURva002BA8F1Input@@_NHPAURva002BA8F1Slot@@@Z	??0Rva002E2903Player@@QAE@PAURva002BA8F1Input@@PAX@Z	0x002E2903	unowned
Code/GameEngine/Source/GameLogic/System/LivingWorld/Rva002BA8F1AddPlayer.cpp	?addPlayer@Rva002BA8F1Logic@@QAEXPAURva002BA8F1Input@@_NHPAURva002BA8F1Slot@@@Z	?initialize@Rva002E2903Player@@QAEXXZ	0x002E3518	unowned
Code/GameEngine/Source/GameLogic/System/LivingWorld/Rva002BA8F1AddPlayer.cpp	?addPlayer@Rva002BA8F1Logic@@QAEXPAURva002BA8F1Input@@_NHPAURva002BA8F1Slot@@@Z	?push_back@?$vector@PAVRva002E2903Player@@V?$allocator@PAVRva002E2903Player@@@_STL@@@_STL@@QAEXABQAVRva002E2903Player@@@Z	0x004DFCB0	wrong
Code/GameEngine/Source/GameLogic/System/LivingWorld/Rva002BA8F1AddPlayer.cpp	?addPlayer@Rva002BA8F1Logic@@QAEXPAURva002BA8F1Input@@_NHPAURva002BA8F1Slot@@@Z	?setColor@Rva002E2903Player@@QAEXH@Z	0x002E0F91	unowned
Code/GameEngine/Source/GameLogic/System/RankInfoCtor.cpp	??$_M_allocate_and_copy@PBH@?$vector@HV?$allocator@H@_STL@@@_STL@@IAEPAHIPBH0@Z	?allocate@?$allocator@H@_STL@@QBEPAHIPBX@Z	0x00068E15	divergent
Code/GameEngine/Source/GameLogic/System/RankInfoCtor.cpp	??4RankInfo@@QAEAAV0@ABV0@@Z	??4?$vector@HV?$allocator@H@_STL@@@_STL@@QAEAAV01@ABV01@@Z	0x0021C21B	divergent
Code/GameEngine/Source/GameLogic/System/RankInfoCtor.cpp	??4RankInfo@@QAEAAV0@ABV0@@Z	??4Overridable@@QAEAAV0@ABV0@@Z	0x001FD28E	wrong
Code/GameEngine/Source/GameLogic/System/RankInfoParse.cpp	?friend_parseRankDefinition@RankInfoStore@@SAXPAVINI@@@Z	?push_back@?$vector@PAVRankInfo@@V?$allocator@PAVRankInfo@@@_STL@@@_STL@@QAEXABQAVRankInfo@@@Z	0x004DFCB0	wrong
Code/GameEngine/Source/GameLogic/System/Rva0020D7F9Family.cpp	?rva0020D8F1@Rva0020DXXX@@QAEXH@Z	?rva003EDE44@Rva0020DXXXElem@@QAEXH@Z	0x003EDE44	unowned
Code/GameEngine/Source/GameNetwork/ConnectionManager.cpp	??A?$map@GVAsciiString@@U?$less@G@_STL@@V?$allocator@U?$pair@$$CBGVAsciiString@@@_STL@@@3@@_STL@@QAEAAVAsciiString@@ABG@Z	??0?$pair@$$CBGVAsciiString@@@_STL@@QAE@ABGABVAsciiString@@@Z	0x004D04FF	wrong
Code/GameEngine/Source/GameNetwork/ConnectionManager.cpp	?_M_create_node@?$_Rb_tree@GU?$pair@$$CBGVAsciiString@@@_STL@@U?$_Select1st@U?$pair@$$CBGVAsciiString@@@_STL@@@2@U?$less@G@2@V?$allocator@U?$pair@$$CBGVAsciiString@@@_STL@@@2@@_STL@@IAEPAU?$_Rb_tree_node@U?$pair@$$CBGVAsciiString@@@_STL@@@2@ABU?$pair@$$CBGVAsciiString@@@2@@Z	??$_Construct@U?$pair@$$CBGVAsciiString@@@_STL@@U12@@_STL@@YAXPAU?$pair@$$CBGVAsciiString@@@0@ABU10@@Z	0x006204B0	wrong
Code/GameEngine/Source/GameNetwork/ConnectionManager.cpp	?insert@?$map@GVAsciiString@@U?$less@G@_STL@@V?$allocator@U?$pair@$$CBGVAsciiString@@@_STL@@@3@@_STL@@QAE?AU?$_Rb_tree_iterator@U?$pair@$$CBGVAsciiString@@@_STL@@U?$_Nonconst_traits@U?$pair@$$CBGVAsciiString@@@_STL@@@2@@2@U32@ABU?$pair@$$CBGVAsciiString@@@2@@Z	?insert_unique@?$_Rb_tree@GU?$pair@$$CBGVAsciiString@@@_STL@@U?$_Select1st@U?$pair@$$CBGVAsciiString@@@_STL@@@2@U?$less@G@2@V?$allocator@U?$pair@$$CBGVAsciiString@@@_STL@@@2@@_STL@@QAE?AU?$_Rb_tree_iterator@U?$pair@$$CBGVAsciiString@@@_STL@@U?$_Nonconst_traits@U?$pair@$$CBGVAsciiString@@@_STL@@@2@@2@U32@ABU?$pair@$$CBGVAsciiString@@@2@@Z	0x0016DF60	wrong
Code/GameEngine/Source/GameNetwork/ConnectionManager_processAck.cpp	?processAck@BFMEConnectionManager@@QAEXPAVNetCommandMsg@@@Z	?processAckCommand@BFMEConnectionManager@@QAEXPAX@Z	0x004D0815	unowned
Code/GameEngine/Source/GameNetwork/ConnectionManager_processGameSpyStatsAuthKey_Rva004CFE24.cpp	?processGameSpyStatsAuthKeyCommand@BFMEConnectionManager@@QAEXPAX@Z	??1?$StringBase@D@@AAE@XZ	0x00036410	wrong
Code/GameEngine/Source/GameNetwork/ConnectionManager_rva004D0A0A.cpp	?rva004D0A0A@ConnectionManager@@QAEXXZ	?sendLocalCommand@ConnectionManager@@QAEXPAVNetCommandMsg@@E@Z	0x004CFF21	unowned
Code/GameEngine/Source/GameNetwork/ConnectionManager_rva004D0E06.cpp	?rva004D0E06@ConnectionManager@@QAEXPAVGameMessage@@@Z	?sendLocalCommand@ConnectionManager@@QAEXPAVNetCommandMsg@@E@Z	0x004CFF21	unowned
Code/GameEngine/Source/GameNetwork/DisconnectManagerO1.cpp	?sendDisconnectCommand@DisconnectManager@@IAEXHPAVConnectionManager@@@Z	?sendLocalCommand@ConnectionManager@@QAEXPAVNetCommandMsg@@E@Z	0x004CFF21	unowned
Code/GameEngine/Source/GameNetwork/DisconnectManagerO1.cpp	?sendPlayerDestruct@DisconnectManager@@IAEXHPAVConnectionManager@@@Z	?sendLocalCommandDirect@ConnectionManager@@QAEXPAVNetCommandMsg@@E@Z	0x004CF6E4	unowned
Code/GameEngine/Source/GameNetwork/DownloadManager.cpp	??0DownloadManager@@QAE@XZ	??0?$_List_base@VQueuedDownload@@V?$allocator@VQueuedDownload@@@_STL@@@_STL@@QAE@ABV?$allocator@VQueuedDownload@@@1@@Z	0x005BC661	divergent
Code/GameEngine/Source/GameNetwork/DownloadManager.cpp	?push_back@?$list@VQueuedDownload@@V?$allocator@VQueuedDownload@@@_STL@@@_STL@@QAEXABVQueuedDownload@@@Z	?insert@?$list@VQueuedDownload@@V?$allocator@VQueuedDownload@@@_STL@@@_STL@@QAE?AU?$_List_iterator@VQueuedDownload@@U?$_Nonconst_traits@VQueuedDownload@@@_STL@@@2@U32@ABVQueuedDownload@@@Z	0x005BC6FE	wrong
Code/GameEngine/Source/GameNetwork/FeslConnectionHandlerRva007F9D00.cpp	?rva007F9D00@FeslConnectionHandler@@QAEXPAURva00800E50Header@@@Z	?rva007F97B0@Rva007FA2C0@@QAEXPAVRva007E8810Message@@PAURva007FA170Slot@@@Z	0x00665D20	unowned
Code/GameEngine/Source/GameNetwork/FirewallHelperDetection.cpp	?detectionTest3WaitForResponsesUpdate@FirewallHelperClass@@QAE_NXZ	?rva00594F19@Rva00594F19@@QAEHHPAG0AAHAA_N@Z	0x00594F19	unowned
Code/GameEngine/Source/GameNetwork/GameInfoSetMapCRC.cpp	?setMapCRC@GameInfo@@QAEXI@Z	??$_M_find@VAsciiString@@@?$_Rb_tree@VAsciiString@@U?$pair@$$CBVAsciiString@@VMapMetaData@@@_STL@@U?$_Select1st@U?$pair@$$CBVAsciiString@@VMapMetaData@@@_STL@@@3@U?$less@VAsciiString@@@3@V?$allocator@U?$pair@$$CBVAsciiString@@VMapMetaData@@@_STL@@@3@@_STL@@ABEPAU?$_Rb_tree_node@U?$pair@$$CBVAsciiString@@VMapMetaData@@@_STL@@@1@ABVAsciiString@@@Z	0x001F8437	divergent
Code/GameEngine/Source/GameNetwork/GameInfoSetMapSize.cpp	?rva0040203C@GameInfo@@QAEHXZ	??$_M_find@VAsciiString@@@?$_Rb_tree@VAsciiString@@U?$pair@$$CBVAsciiString@@VMapMetaData@@@_STL@@U?$_Select1st@U?$pair@$$CBVAsciiString@@VMapMetaData@@@_STL@@@3@U?$less@VAsciiString@@@3@V?$allocator@U?$pair@$$CBVAsciiString@@VMapMetaData@@@_STL@@@3@@_STL@@ABEPAU?$_Rb_tree_node@U?$pair@$$CBVAsciiString@@VMapMetaData@@@_STL@@@1@ABVAsciiString@@@Z	0x001F8437	divergent
Code/GameEngine/Source/GameNetwork/GameInfoSetMapSize.cpp	?setMapSize@GameInfo@@QAEXI@Z	??$_M_find@VAsciiString@@@?$_Rb_tree@VAsciiString@@U?$pair@$$CBVAsciiString@@VMapMetaData@@@_STL@@U?$_Select1st@U?$pair@$$CBVAsciiString@@VMapMetaData@@@_STL@@@3@U?$less@VAsciiString@@@3@V?$allocator@U?$pair@$$CBVAsciiString@@VMapMetaData@@@_STL@@@3@@_STL@@ABEPAU?$_Rb_tree_node@U?$pair@$$CBVAsciiString@@VMapMetaData@@@_STL@@@1@ABVAsciiString@@@Z	0x001F8437	divergent
Code/GameEngine/Source/GameNetwork/GameSpy/LadderDefs.cpp	??0LadderInfo@@QAE@XZ	??0?$_List_base@VAsciiString@@V?$allocator@VAsciiString@@@_STL@@@_STL@@QAE@ABV?$allocator@VAsciiString@@@1@@Z	0x004EC36C	divergent
Code/GameEngine/Source/GameNetwork/GameSpy/MainMenuUtils_hasWriteAccess.cpp	?hasWriteAccess@@YA_NXZ	?SetUnsignedIntInRegistry@@YA_NV?$basic_string@DV?$char_traits@D@_STL@@V?$allocator@D@2@@_STL@@0I@Z	0x006C8E50	unowned
Code/GameEngine/Source/GameNetwork/GameSpy/PeerDefs.cpp	?erase@?$_Rb_tree@HU?$pair@$$CBHVAsciiString@@@_STL@@U?$_Select1st@U?$pair@$$CBHVAsciiString@@@_STL@@@2@U?$less@H@2@V?$allocator@U?$pair@$$CBHVAsciiString@@@_STL@@@2@@_STL@@QAEIABH@Z	?equal_range@?$_Rb_tree@HU?$pair@$$CBHVAsciiString@@@_STL@@U?$_Select1st@U?$pair@$$CBHVAsciiString@@@_STL@@@2@U?$less@H@2@V?$allocator@U?$pair@$$CBHVAsciiString@@@_STL@@@2@@_STL@@QAE?AU?$pair@U?$_Rb_tree_iterator@U?$pair@$$CBHVAsciiString@@@_STL@@U?$_Nonconst_traits@U?$pair@$$CBHVAsciiString@@@_STL@@@2@@_STL@@U12@@2@ABH@Z	0x002F1C89	wrong
Code/GameEngine/Source/GameNetwork/GameSpy/PeerDefs.cpp	?playerLeftGroupRoom@GameSpyInfo@@UAEXVAsciiString@@@Z	??$_M_find@VAsciiString@@@?$_Rb_tree@VAsciiString@@U?$pair@$$CBVAsciiString@@VPlayerInfo@@@_STL@@U?$_Select1st@U?$pair@$$CBVAsciiString@@VPlayerInfo@@@_STL@@@3@UAsciiComparator@@V?$allocator@U?$pair@$$CBVAsciiString@@VPlayerInfo@@@_STL@@@3@@_STL@@ABEPAU?$_Rb_tree_node@U?$pair@$$CBVAsciiString@@VPlayerInfo@@@_STL@@@1@ABVAsciiString@@@Z	0x001EF5BD	divergent
Code/GameEngine/Source/GameNetwork/GameSpy/PeerDefs.cpp	?readAdditionalDisconnects@GameSpyInfo@@UAEXXZ	?GetAdditionalDisconnectsFromUserFile@@YAHH@Z	0x00384A00	unowned
Code/GameEngine/Source/GameNetwork/GameSpy/StagingRoomGameInfoSlots.cpp	?resetAccepted@GameSpyStagingRoom@@UAEXXZ	?resetAccepted@GameInfo@@UAEXXZ	0x003FF9B4	wrong
Code/GameEngine/Source/GameNetwork/GameSpy/Thread/PeerThread.cpp	??0?$_Deque_base@UBfmeOpaqueOwnedRecord492@@V?$allocator@UBfmeOpaqueOwnedRecord492@@@_STL@@@_STL@@QAE@ABV?$allocator@UBfmeOpaqueOwnedRecord492@@@1@I@Z	?_M_initialize_map@?$_Deque_base@UBfmeOpaqueOwnedRecord492@@V?$allocator@UBfmeOpaqueOwnedRecord492@@@_STL@@@_STL@@IAEXI@Z	0x005530D7	divergent
Code/GameEngine/Source/GameNetwork/GameSpy/Thread/PeerThread.cpp	??4PeerRequest@@QAEAAV0@ABV0@@Z	??4?$basic_string@DV?$char_traits@D@_STL@@V?$allocator@D@2@@_STL@@QAEAAV01@ABV01@@Z	0x000120C0	divergent
Code/GameEngine/Source/GameNetwork/GameSpy/Thread/PeerThread.cpp	?_M_insert@?$_Rb_tree@HU?$pair@$$CBHPAU_SBServer@@@_STL@@U?$_Select1st@U?$pair@$$CBHPAU_SBServer@@@_STL@@@2@U?$less@H@2@V?$allocator@U?$pair@$$CBHPAU_SBServer@@@_STL@@@2@@_STL@@AAE?AU?$_Rb_tree_iterator@U?$pair@$$CBHPAU_SBServer@@@_STL@@U?$_Nonconst_traits@U?$pair@$$CBHPAU_SBServer@@@_STL@@@2@@2@PAU_Rb_tree_node_base@2@0ABU?$pair@$$CBHPAU_SBServer@@@2@0@Z	?_M_create_node@?$_Rb_tree@HU?$pair@$$CBHPAU_SBServer@@@_STL@@U?$_Select1st@U?$pair@$$CBHPAU_SBServer@@@_STL@@@2@U?$less@H@2@V?$allocator@U?$pair@$$CBHPAU_SBServer@@@_STL@@@2@@_STL@@IAEPAU?$_Rb_tree_node@U?$pair@$$CBHPAU_SBServer@@@_STL@@@2@ABU?$pair@$$CBHPAU_SBServer@@@2@@Z	0x005E42B1	wrong
Code/GameEngine/Source/GameNetwork/GameSpy/Thread/PeerThread.cpp	?doQuickMatch@PeerThreadClass@@AAEXPAX@Z	??0PeerRequest@@QAE@XZ	0x001EF661	divergent
Code/GameEngine/Source/GameNetwork/GameSpy/Thread/PeerThread.cpp	?doQuickMatch@PeerThreadClass@@AAEXPAX@Z	??1PeerRequest@@QAE@XZ	0x001EF723	divergent
Code/GameEngine/Source/GameNetwork/GameSpy/Thread/PeerThread.cpp	?doQuickMatch@PeerThreadClass@@AAEXPAX@Z	?Switch_Thread@ThreadClass@@SAXXZ	0x006105C0	wrong
Code/GameEngine/Source/GameNetwork/GameSpy/Thread/PeerThread.cpp	?playerLeftCallback@@YAXPAXW4RoomType@@PBD20@Z	??0PeerRequest@@QAE@XZ	0x001EF661	divergent
Code/GameEngine/Source/GameNetwork/GameSpy/Thread/PeerThread.cpp	?playerLeftCallback@@YAXPAXW4RoomType@@PBD20@Z	??1PeerRequest@@QAE@XZ	0x001EF723	divergent
Code/GameEngine/Source/GameNetwork/GameSpy/Thread/PeerThread.cpp	?startThread@GameSpyPeerMessageQueue@@UAEXXZ	??0Rva0038AAEBThreadObject@@QAE@PAVMutexClass@@@Z	0x0038AAEB	unowned
Code/GameEngine/Source/GameNetwork/GameSpy/Thread/PeerThreadMatchbot.cpp	?sawMatchbot@PeerThreadClass@@QAEXV?$basic_string@DV?$char_traits@D@_STL@@V?$allocator@D@2@@_STL@@@Z	??4?$basic_string@DV?$char_traits@D@_STL@@V?$allocator@D@2@@_STL@@QAEAAV01@ABV01@@Z	0x000120C0	divergent
Code/GameEngine/Source/GameNetwork/GameSpy/Thread/PeerThreadNickError.cpp	?nickErrorCallback@PeerThreadClass@@QAEXPAXHPBD@Z	??4?$basic_string@DV?$char_traits@D@_STL@@V?$allocator@D@2@@_STL@@QAEAAV01@ABV01@@Z	0x000120C0	divergent
Code/GameEngine/Source/GameNetwork/GameSpy/Thread/PingThread_Pinger_addRequest.cpp	?addRequest@Pinger@@UAEXABVPingRequest@@@Z	?push_back@?$deque@VPingRequest@@V?$allocator@VPingRequest@@@_STL@@@_STL@@QAEXABVPingRequest@@@Z	0x00550384	wrong
Code/GameEngine/Source/GameNetwork/GameSpy/Thread/PingThread_Pinger_addRequest.cpp	?push@?$queue@VPingRequest@@V?$deque@VPingRequest@@V?$allocator@VPingRequest@@@_STL@@@_STL@@@_STL@@QAEXABVPingRequest@@@Z	?push_back@?$deque@VPingRequest@@V?$allocator@VPingRequest@@@_STL@@@_STL@@QAEXABVPingRequest@@@Z	0x00550384	wrong
Code/GameEngine/Source/GameNetwork/GameSpy/Thread/PingThread_Pinger_getResponse.cpp	?getResponse@Pinger@@UAE_NAAVPingResponse@@@Z	?pop_front@?$deque@VPingResponse@@V?$allocator@VPingResponse@@@_STL@@@_STL@@QAEXXZ	0x0054FEA7	wrong
Code/GameEngine/Source/GameNetwork/GameSpy/Thread/Rva0038E4B9Finish.cpp	?joinRoomCallback@@YAXPAXHW4PEERJoinResult@@W4RoomType@@0@Z	?pushStatsToRoom@PeerThreadClass@@QAEXPAX@Z	0x0038AF29	unowned
Code/GameEngine/Source/GameNetwork/GameSpy/Thread/Rva006609D0Destructor_Rva0054ffa5.cpp	??1Rva006609D0@@UAE@XZ	??1Rva006609D0LockHolder@@QAE@XZ	0x0009990D	wrong
Code/GameEngine/Source/GameNetwork/GameSpy/gp/gpiTransfer.c	_gpiHandleData	_MD5Update	0x00606C40	wrong
Code/GameEngine/Source/GameNetwork/GameSpy/gp/gpiTransfer.c	_gpiHandleEnd	_MD5Final	0x00606D00	wrong
Code/GameEngine/Source/GameNetwork/GameSpy/gp/gpiTransfer.c	_gpiProcessCurrentFile	_MD5Update	0x00606C40	wrong
Code/GameEngine/Source/GameNetwork/GameSpy/gp/gpiTransfer.c	_gpiSendFileEnd	_MD5Final	0x00606D00	wrong
Code/GameEngine/Source/GameNetwork/GameSpy/md5c.c	_MD5Digest	_MD5Final	0x00606D00	wrong
Code/GameEngine/Source/GameNetwork/GameSpy/md5c.c	_MD5Digest	_MD5Update	0x00606C40	wrong
Code/GameEngine/Source/GameNetwork/GameSpyOverlay.cpp	?CheckReOpenPlayerInfo@@YAXXZ	?GameSpyOpenOverlay@@YAXW4GSOverlayType@@@Z	0x00548DED	unowned
Code/GameEngine/Source/GameNetwork/GameSpyOverlay.cpp	?GameSpyToggleOverlay@@YAXW4GSOverlayType@@@Z	?GameSpyOpenOverlay@@YAXW4GSOverlayType@@@Z	0x00548DED	unowned
Code/GameEngine/Source/GameNetwork/LANAPILobbyMenuForwarders.cpp	?OnHostLeave@LANAPI@@UAEXXZ	?rva00444EC8@Rva004469D1Receiver@@QAEXXZ	0x00444EC8	unowned
Code/GameEngine/Source/GameNetwork/LANAPILobbyMenuForwarders.cpp	?rva00248E2F@LANAPI@@UAEX_N@Z	?rva0044446D@Rva004469D1Receiver@@QAEX_N@Z	0x0044446D	unowned
Code/GameEngine/Source/GameNetwork/LANAPILookupGame.cpp	?LookupGame@LANAPI@@UAEPAVLANGameInfo@@VUnicodeString@@@Z	??1UnicodeString@@QAE@XZ	0x00036E70	divergent
Code/GameEngine/Source/GameNetwork/LANGameInfoSlots.cpp	?getLocalSlotNum@LANGameInfo@@UBEHXZ	?isLocalPlayer@LANGameSlot@@QBE_NXZ	0x0044770F	unowned
Code/GameEngine/Source/GameNetwork/LadderPrefMapSubscript.cpp	??A?$map@JVLadderPref@@U?$less@J@_STL@@V?$allocator@U?$pair@$$CBJVLadderPref@@@_STL@@@3@@_STL@@QAEAAVLadderPref@@ABJ@Z	?insert@?$map@JVLadderPref@@U?$less@J@_STL@@V?$allocator@U?$pair@$$CBJVLadderPref@@@_STL@@@3@@_STL@@QAE?AU?$_Rb_tree_iterator@U?$pair@$$CBJVLadderPref@@@_STL@@U?$_Nonconst_traits@U?$pair@$$CBJVLadderPref@@@_STL@@@2@@2@U32@ABU?$pair@$$CBJVLadderPref@@@2@@Z	0x005DFFB6	wrong
Code/GameEngine/Source/GameNetwork/NetCommandList.cpp	?appendList@NetCommandList@@QAEXPAV1@@Z	?addMessage@NetCommandList@@QAEPAVNetCommandRef@@PAVNetCommandMsg@@@Z	0x0058B2C6	unowned
Code/GameEngine/Source/GameNetwork/NetCommandWrapperList_getReadyCommands.cpp	?getReadyCommands@NetCommandWrapperList@@QAEPAVNetCommandList@@XZ	?addMessage@NetCommandList@@QAEPAVNetCommandRef@@PAVNetCommandMsg@@@Z	0x0058B2C6	unowned
Code/GameEngine/Source/GameNetwork/NetPacket_isAckRepeat.cpp	?isAckRepeat@NetPacket@@IAE_NPAVNetCommandRef@@@Z	?j_00004935@@YAXXZ	0x0058D7B6	unowned
Code/GameEngine/Source/GameNetwork/NetPacket_isAckRepeat.cpp	?isAckRepeat@NetPacket@@IAE_NPAVNetCommandRef@@@Z	?j_0001bbd5@@YAXXZ	0x0058D7B6	unowned
Code/GameEngine/Source/GameNetwork/NetPacket_isAckRepeat.cpp	?isAckRepeat@NetPacket@@IAE_NPAVNetCommandRef@@@Z	?j_00046e89@@YAXXZ	0x0058D747	unowned
Code/GameEngine/Source/GameNetwork/Rva00621350GameInfoMapPath.cpp	?_Rva00621350GameInfoMapPath@@YA?AVAsciiString@@ABV1@_N@Z	?getMapExtension@MapCache@@QBE?AVAsciiString@@XZ	0x003004A5	wrong
Code/GameEngine/Source/GameNetwork/Rva00621350GameInfoMapPath.cpp	?_Rva00621350GameInfoMapPath@@YA?AVAsciiString@@ABV1@_N@Z	?rva0010e580MapPathCode@GameState@@QBE?AVAsciiString@@ABV2@@Z	0x002DC340	unowned
Code/GameEngine/Source/GameNetwork/Rva00654130PointerMapErase.cpp	?bfmeErase@Gen_00654130@@QAEXPAX@Z	??$_M_find@PAX@?$_Rb_tree@PAXU?$pair@QAXPAX@_STL@@U?$_Select1st@U?$pair@QAXPAX@_STL@@@2@U?$less@PAX@2@V?$allocator@U?$pair@QAXPAX@_STL@@@2@@_STL@@ABEPAU?$_Rb_tree_node@U?$pair@QAXPAX@_STL@@@1@ABQAX@Z	0x00388F63	wrong
Code/GameEngine/Source/GameNetwork/Rva00654130PointerMapErase.cpp	?bfmeErase@Gen_00654130@@QAEXPAX@Z	?erase@?$_Rb_tree@PAXU?$pair@QAXPAX@_STL@@U?$_Select1st@U?$pair@QAXPAX@_STL@@@2@U?$less@PAX@2@V?$allocator@U?$pair@QAXPAX@_STL@@@2@@_STL@@QAEXU?$_Rb_tree_iterator@U?$pair@QAXPAX@_STL@@U?$_Nonconst_traits@U?$pair@QAXPAX@_STL@@@2@@2@@Z	0x005530A8	wrong
Code/GameEngine/Source/GameNetwork/Rva007E8D30FeslSetField.cpp	?Rva007E8D30@@YAHPBD0PADH@Z	?d_007e8b00@@YAXXZ	0x00655B90	unowned
Code/GameEngine/Source/GameNetwork/Rva007EBAA0Create.cpp	?Rva007EBAA0@@YAXXZ	?Rva007EB820@@YAXXZ	0x006587B0	unowned
Code/GameEngine/Source/GameNetwork/Rva007F9C50Dtor.cpp	??1Rva007F9C50@@QAE@XZ	?clear@Rva00800550Chain@@QAEXXZ	0x0066CA80	unowned
Code/GameEngine/Source/GameNetwork/Rva00803890FeslDtor.cpp	??1Rva00803890Owner@@UAE@XZ	??1Rva00803890Base@@UAE@XZ	0x00666BA0	wrong
Code/GameEngine/Source/GameNetwork/Transport_init_AsciiString_Rva004d5534.cpp	?init@Transport@@QAE_NVAsciiString@@G@Z	??1AsciiString@@QAE@XZ	0x00036410	divergent
Code/GameEngine/Source/GameNetwork/Transport_init_AsciiString_Rva004d5534.cpp	?init@Transport@@QAE_NVAsciiString@@G@Z	?init@Transport@@QAE_NPBUTransportAddress@@@Z	0x004D5219	unowned
Code/GameEngine/Source/GameNetwork/WOLBrowser/Bstr_t_ctor.cpp	??0Data@_bstr_t@@QAE@PBD@Z	?ConvertStringToBSTR@_com_util@@YGPAGPBD@Z	0x00654850	unowned
Code/GameEngine/Source/GameNetwork/WOLBrowser/Bstr_t_ctor.cpp	??0_bstr_t@@QAE@PBD@Z	?ConvertStringToBSTR@_com_util@@YGPAGPBD@Z	0x00654850	unowned
Code/GameEngine/Source/GameNetwork/WOLBrowser/Rva001776a0Cluster.cpp	?rva001776a0@@YAXPBD@Z	??0BfmeBstrVGP@@QAE@PBD@Z	0x00176CD0	wrong
Code/GameEngine/Source/GameNetwork/native_network_BFMENetwork_Ctor.cpp	??0BFMENetwork@@QAE@XZ	??0BFMENetworkQueue1@@QAE@XZ	0x00558D56	wrong
Code/GameEngine/Source/GameNetwork/native_network_BFMENetwork_Ctor.cpp	??0BFMENetwork@@QAE@XZ	??0BFMENetworkQueue@@QAE@XZ	0x00558D41	unowned
Code/GameEngine/Source/Main/Win32GameEngineCtor.cpp	??0Win32GameEngine@@QAE@XZ	??0GameEngine@@QAE@XZ	0x0022DA66	unowned
Code/GameEngine/Source/Main/Win32GameEngineFactories.cpp	??_GRva0004208C@@UAEPAXI@Z	??1Rva0004208C@@UAE@XZ	0x0004208C	unowned
Code/GameEngine/Source/Main/Win32GameEngineFactories.cpp	??_GRva00042100@@UAEPAXI@Z	??1Rva00042100@@UAE@XZ	0x00042100	unowned
Code/GameEngine/Source/Main/Win32GameEngineFactories.cpp	?rva00041E30@Win32GameEngine@@UAEPAXXZ	??0Rva004FA1F@@QAE@XZ	0x0004F8EA	unowned
Code/GameEngine/Source/Main/Win32GameEngineFactories.cpp	?rva00041E6A@Win32GameEngine@@UAEPAXXZ	??0Rva00628FD@@QAE@XZ	0x000628EB	unowned
Code/GameEngine/Source/Main/Win32GameEngineFactories.cpp	?rva00041F81@Win32GameEngine@@UAEPAXXZ	??0Rva002470AEBase@@QAE@XZ	0x002470AE	unowned
Code/GameEngine/Source/Main/Win32GameEngineFactories.cpp	?rva00041FCF@Rva0004208C@@QAEPAXXZ	??0Rva00062A7EProduct@@QAE@XZ	0x00062A7E	unowned
Code/GameEngine/Source/Main/Win32GameEngineFactories.cpp	?rva00042091@Win32GameEngine@@UAEPAXXZ	??0Rva00256E19Base@@QAE@XZ	0x00256E19	unowned
Code/GameEngine/Source/Main/Win32GameEngineFactories.cpp	?rva0005E959@Win32GameEngine@@UAEPAXXZ	??0Rva0060FE2@@QAE@XZ	0x0005CF5F	unowned
Code/GameEngine/Source/Main/Win32GameEngineUpdate.cpp	?update@Win32GameEngine@@UAEXXZ	?update@GameEngine@@UAEXXZ	0x00225DA9	unowned
Code/GameEngine/Source/Main/WinMain.cpp	?WndProc@@YGJPAXIIJ@Z	?regainFocus@AudioManager@@QAEXXZ	0x001DBC0B	wrong
Code/GameEngine/Source/Main/WinMain.cpp	_WinMain@16	??1AsciiString@@QAE@XZ	0x00036410	divergent
Code/GameEngineDevice/Source/MilesAudioDevice/MilesAudioManagerAllocatePlayingAudio.cpp	?allocatePlayingAudio@MilesAudioManager@@QAE?AVPlayingAudioRef@@XZ	??0PlayingAudio@@QAE@XZ	0x000A8D5F	unowned
Code/GameEngineDevice/Source/MilesAudioDevice/MilesAudioManagerOpenDevice.cpp	?openDevice@MilesAudioManager@@QAEXXZ	??0Rva000A8903AudioDevice@@QAE@PAX@Z	0x000A8903	unowned
Code/GameEngineDevice/Source/MilesAudioDevice/MilesAudioManagerOpenDevice.cpp	?openDevice@MilesAudioManager@@QAEXXZ	?setHardwareAccelerated@MilesAudioManager@@AAEX_N@Z	0x000604A3	unowned
Code/GameEngineDevice/Source/MilesAudioDevice/MilesAudioManagerRva0005A9F8.cpp	?rva0005A9F8@MilesAudioManager@@QAEMPAXHH@Z	?rva00059AD0@MilesAudioManager@@QAEMPAXH@Z	0x00059AD0	unowned
Code/GameEngineDevice/Source/MilesAudioDevice/MilesAudioManagerRva0005C892.cpp	?rva0005C892@Rva0005C892@@QAEXXZ	?rva0005C23C@Rva0005C892@@QAEXPAVRva00052B3D@@@Z	0x0005C23C	unowned
Code/GameEngineDevice/Source/MilesAudioDevice/MilesAudioManagerRva0005CA03.cpp	?rva0005CA03@MilesAudioManager@@QAEXPAXMH@Z	?rva0005BE59@MilesAudioManager@@QAEXPAXM0@Z	0x0005BE59	unowned
Code/GameEngineDevice/Source/MilesAudioDevice/MilesAudioManagerRva0005CA03.cpp	?rva0005CA75@MilesAudioManager@@QAEXH@Z	?rva0005BE59@MilesAudioManager@@QAEXPAXM0@Z	0x0005BE59	unowned
Code/GameEngineDevice/Source/MilesAudioDevice/Rva00052B3D.cpp	??0Rva00052B3D@@QAE@XZ	??0Elem4@@QAE@XZ	0x0047A6A9	wrong
Code/GameEngineDevice/Source/MilesAudioDevice/Rva006AD9B0GetAllowAudioReinitialize.cpp	?rva006AD9B0@MilesAudioManager@@QAE_NXZ	?compareNoCase@AsciiString@@QBEHPBD@Z	0x00037980	wrong
Code/GameEngineDevice/Source/W3DDevice/Common/System/W3DRadar.cpp	?clearShroud@W3DRadar@@UAEXXZ	?clear@W3DRadarResetSurface@@QAEXI@Z	0x00116780	unowned
Code/GameEngineDevice/Source/W3DDevice/Common/System/W3DRadar.cpp	?clearShroud@W3DRadar@@UAEXXZ	?getSurfaceLevel@W3DRadarResetTexture@@QAE?AVW3DRadarResetSurface@@XZ	0x00132D70	wrong
Code/GameEngineDevice/Source/W3DDevice/Common/System/W3DRadar.cpp	?refreshTerrain@W3DRadar@@UAEXPAVTerrainLogic@@@Z	?buildTerrainTexture@W3DRadar@@IAEXPAVTerrainLogic@@@Z	0x0004FAFF	unowned
Code/GameEngineDevice/Source/W3DDevice/GameClient/BaseHeightMapAddProp.cpp	?addProp@BaseHeightMapRenderObjClass@@QAEXHUCoord3D@@MMABVAsciiString@@_N@Z	?addProp@W3DPropBuffer@@QAEXHUCoord3D@@MMABVAsciiString@@_N@Z	0x000EEBF7	unowned
Code/GameEngineDevice/Source/W3DDevice/GameClient/BaseHeightMapCellQueries.cpp	?isCliffCell@BaseHeightMapRenderObjClass@@QAE_NMM@Z	?getCliffState@WorldHeightMap@@QBE_NHH@Z	0x000AE13E	wrong
Code/GameEngineDevice/Source/W3DDevice/GameClient/BaseHeightMapCellQueries.cpp	?rva0006730B@BaseHeightMapRenderObjClass@@QAEEMM@Z	?rva000AE234@WorldHeightMap@@QAEEHH@Z	0x000AE234	unowned
Code/GameEngineDevice/Source/W3DDevice/GameClient/BaseHeightMapLoadRoadsAndBridges.cpp	?loadRoadsAndBridges@BaseHeightMapRenderObjClass@@QAEXPAVW3DTerrainLogic@@_N@Z	?loadBridges@W3DBridgeBuffer@@QAEXPAVW3DTerrainLogic@@_N@Z	0x000DFB3C	unowned
Code/GameEngineDevice/Source/W3DDevice/GameClient/DisplayRegisterVideoBuffer.cpp	?Rva006F2890RegisterVideoBuffer@Display@@QAEXPAVVideoBuffer@@@Z	?push_back@?$vector@PAVVideoBuffer@@V?$allocator@PAVVideoBuffer@@@_STL@@@_STL@@QAEXABQAVVideoBuffer@@@Z	0x004DFCB0	wrong
Code/GameEngineDevice/Source/W3DDevice/GameClient/Drawable/BFMERopeDrawableGetPosition.cpp	?getPosition@BFMERopeDrawable@@QBEPBUCoord3D@@XZ	?rva002747F9@Rva002747F9@@QAEXH@Z	0x002747F9	unowned
Code/GameEngineDevice/Source/W3DDevice/GameClient/Drawable/Draw/Rva000CED4B.cpp	?Rva000CED4BUpdate@@YAXPAXPAVAssetList@@H@Z	?notify@Rva0020AA00Target@@QAEXHH@Z	0x0033CF34	unowned
Code/GameEngineDevice/Source/W3DDevice/GameClient/Drawable/Draw/W3DAnimationInfoVectorInsert.cpp	?insert@?$vector@VW3DAnimationInfo@@V?$allocator@VW3DAnimationInfo@@@_STL@@@_STL@@QAEPAVW3DAnimationInfo@@PAV3@ABV3@@Z	??$_Construct@VW3DAnimationInfo@@V1@@_STL@@YAXPAVW3DAnimationInfo@@ABV1@@Z	0x00469C61	divergent
Code/GameEngineDevice/Source/W3DDevice/GameClient/Drawable/Draw/W3DAnimationInfoVectorInsert.cpp	?insert@?$vector@VW3DAnimationInfo@@V?$allocator@VW3DAnimationInfo@@@_STL@@@_STL@@QAEPAVW3DAnimationInfo@@PAV3@ABV3@@Z	??$__copy_backward_ptrs@PAVW3DAnimationInfo@@PAV1@@_STL@@YAPAVW3DAnimationInfo@@PAV1@00ABU__false_type@0@@Z	0x005B2B1E	wrong
Code/GameEngineDevice/Source/W3DDevice/GameClient/Drawable/Draw/W3DAnimationInfoVectorInsert.cpp	?insert@?$vector@VW3DAnimationInfo@@V?$allocator@VW3DAnimationInfo@@@_STL@@@_STL@@QAEPAVW3DAnimationInfo@@PAV3@ABV3@@Z	??0W3DAnimationInfo@@QAE@ABV0@@Z	0x0004254E	wrong
Code/GameEngineDevice/Source/W3DDevice/GameClient/Drawable/Draw/W3DAnimationInfoVectorInsert.cpp	?insert@?$vector@VW3DAnimationInfo@@V?$allocator@VW3DAnimationInfo@@@_STL@@@_STL@@QAEPAVW3DAnimationInfo@@PAV3@ABV3@@Z	?_M_insert_overflow@?$vector@VW3DAnimationInfo@@V?$allocator@VW3DAnimationInfo@@@_STL@@@_STL@@IAEXPAVW3DAnimationInfo@@ABV3@ABU__false_type@2@I_N@Z	0x0047008E	divergent
Code/GameEngineDevice/Source/W3DDevice/GameClient/Drawable/Draw/W3DDebrisDrawModule.cpp	?doDrawModule@W3DDebrisDraw@@UAEXPBVMatrix3D@@@Z	?getTransformMatrix@Drawable@@QBEPBVMatrix3D@@XZ	0x0027628E	unowned
Code/GameEngineDevice/Source/W3DDevice/GameClient/Drawable/Draw/W3DDebrisDrawReactToTransformChange.cpp	?reactToTransformChange@W3DDebrisDraw@@UAEXPBVMatrix3D@@PBUCoord3D@@M@Z	?getTransformMatrix@Drawable@@QBEPBVMatrix3D@@XZ	0x0027628E	unowned
Code/GameEngineDevice/Source/W3DDevice/GameClient/Drawable/Draw/W3DDrawModuleDeletingDtors.cpp	??_GW3DProjectileStreamDraw@@UAEPAXI@Z	??1W3DProjectileStreamDraw@@UAE@XZ	0x000D146B	unowned
Code/GameEngineDevice/Source/W3DDevice/GameClient/Drawable/Draw/W3DDrawModuleDeletingDtors.cpp	??_GW3DSailModelDraw@@UAEPAXI@Z	??1W3DSailModelDraw@@UAE@XZ	0x000D08BE	unowned
Code/GameEngineDevice/Source/W3DDevice/GameClient/Drawable/Draw/W3DDrawModuleDeletingDtors.cpp	??_GW3DScriptedModelDraw@@UAEPAXI@Z	??1W3DScriptedModelDraw@@UAE@XZ	0x000C79C9	unowned
Code/GameEngineDevice/Source/W3DDevice/GameClient/Drawable/Draw/W3DHordeModelDrawCtor.cpp	??0W3DHordeModelDraw@@QAE@PAVThing@@PBVModuleData@@@Z	??0W3DScriptedModelDraw@@QAE@PAVThing@@PBVModuleData@@@Z	0x000C0DD8	unowned
Code/GameEngineDevice/Source/W3DDevice/GameClient/Drawable/Draw/W3DHordeModelDrawModuleDataCtor.cpp	??0W3DHordeModelDrawModuleData@@QAE@XZ	??0W3DModelDrawModuleData@@QAE@XZ	0x000C8EEF	unowned
Code/GameEngineDevice/Source/W3DDevice/GameClient/Drawable/Draw/W3DLaserDrawBfmeDoDraw.cpp	?doDrawModule@W3DLaserDraw@@UAEXPBVMatrix3D@@@Z	?findClientUpdateModule@Drawable@@QAEPAVClientUpdateModule@@W4NameKeyType@@@Z	0x0027449C	unowned
Code/GameEngineDevice/Source/W3DDevice/GameClient/Drawable/Draw/W3DLaserDrawBfmeDoDraw.cpp	?doDrawModule@W3DLaserDraw@@UAEXPBVMatrix3D@@@Z	?update@Rva001048C0@@QAE_NPBMPAM@Z	0x0033EC93	unowned
Code/GameEngineDevice/Source/W3DDevice/GameClient/Drawable/Draw/W3DLaserDrawFriendNew.cpp	?friend_newModuleInstance@W3DLaserDraw@@SAPAVModule@@PAVThing@@PBVModuleData@@@Z	??0W3DLaserDraw@@QAE@PAVThing@@PBVModuleData@@@Z	0x000C9D38	unowned
Code/GameEngineDevice/Source/W3DDevice/GameClient/Drawable/Draw/W3DLaserDrawModuleDataCtor.cpp	??0W3DLaserDrawModuleData@@QAE@XZ	?init@OrnamentData@@QAEXXZ	0x000C9251	unowned
Code/GameEngineDevice/Source/W3DDevice/GameClient/Drawable/Draw/W3DLightDrawConstructor.cpp	??0W3DLightDraw@@QAE@PAVThing@@PBVModuleData@@@Z	?rva0006F94A@RTS3DScene@@QAEPAVW3DDynamicLight@@XZ	0x0006F94A	unowned
Code/GameEngineDevice/Source/W3DDevice/GameClient/Drawable/Draw/W3DModelDraw.cpp	??$__copy_ptrs@PAV?$BitFlags@$0HF@@@PAV1@@_STL@@YAPAV?$BitFlags@$0HF@@@PAV1@00U__false_type@0@@Z	??$__copy@PAV?$BitFlags@$0HF@@@PAV1@H@_STL@@YAPAV?$BitFlags@$0HF@@@PAV1@00ABUrandom_access_iterator_tag@0@PAH@Z	0x00626EF0	wrong
Code/GameEngineDevice/Source/W3DDevice/GameClient/Drawable/Draw/W3DModelDraw.cpp	?clear@?$vector@V?$BitFlags@$0HF@@@V?$allocator@V?$BitFlags@$0HF@@@@_STL@@@_STL@@QAEXXZ	??$__copy@PAV?$BitFlags@$0HF@@@PAV1@H@_STL@@YAPAV?$BitFlags@$0HF@@@PAV1@00ABUrandom_access_iterator_tag@0@PAH@Z	0x00626EF0	wrong
Code/GameEngineDevice/Source/W3DDevice/GameClient/Drawable/Draw/W3DModelDraw.cpp	?erase@?$vector@V?$BitFlags@$0HF@@@V?$allocator@V?$BitFlags@$0HF@@@@_STL@@@_STL@@QAEPAV?$BitFlags@$0HF@@@PAV3@0@Z	??$__copy@PAV?$BitFlags@$0HF@@@PAV1@H@_STL@@YAPAV?$BitFlags@$0HF@@@PAV1@00ABUrandom_access_iterator_tag@0@PAH@Z	0x00626EF0	wrong
Code/GameEngineDevice/Source/W3DDevice/GameClient/Drawable/Draw/W3DModelDraw.cpp	?setFullyObscuredByShroud@W3DModelDraw@@UAEX_N@Z	?doStartOrStopParticleSys@W3DModelDraw@@AAEXXZ	0x000B6EDE	unowned
Code/GameEngineDevice/Source/W3DDevice/GameClient/Drawable/Draw/W3DModelDrawBfmeXfers.cpp	?xfer@W3DHordeModelDraw@@MAEXPAVXfer@@@Z	?xfer@W3DScriptedModelDraw@@MAEXPAVXfer@@@Z	0x000C5C04	unowned
Code/GameEngineDevice/Source/W3DDevice/GameClient/Drawable/Draw/W3DModelDrawBfmeXfers.cpp	?xfer@W3DQuadrupedDraw@@MAEXPAVXfer@@@Z	?xfer@W3DScriptedModelDraw@@MAEXPAVXfer@@@Z	0x000C5C04	unowned
Code/GameEngineDevice/Source/W3DDevice/GameClient/Drawable/Draw/W3DModelDrawBfmeXfers.cpp	?xfer@W3DSailModelDraw@@MAEXPAVXfer@@@Z	?xfer@W3DScriptedModelDraw@@MAEXPAVXfer@@@Z	0x000C5C04	unowned
Code/GameEngineDevice/Source/W3DDevice/GameClient/Drawable/Draw/W3DModelDrawModuleDataFriendNew.cpp	?friend_newModuleData@W3DModelDraw@@SAPAVModuleData@@PAVINI@@@Z	??0W3DModelDrawModuleData@@QAE@XZ	0x000C8EEF	unowned
Code/GameEngineDevice/Source/W3DDevice/GameClient/Drawable/Draw/W3DModelDrawModuleData_parseEmbedPortal_Rva000C39F5.cpp	?parseEmbedPortal@W3DModelDrawModuleData@@SAXPAVINI@@PAX1PBX@Z	??1AsciiString@@QAE@XZ	0x00036410	divergent
Code/GameEngineDevice/Source/W3DDevice/GameClient/Drawable/Draw/W3DModelDraw_doSingleBoneName.cpp	?doSingleBoneName@@YA_NPAVRenderObjClass@@ABVAsciiString@@AAV?$map@W4NameKeyType@@UPristineBoneInfo@@U?$less@W4NameKeyType@@@_STL@@V?$allocator@U?$pair@$$CBW4NameKeyType@@UPristineBoneInfo@@@_STL@@@4@@_STL@@@Z	??0AsciiString@@QAE@ABV0@@Z	0x000365F0	divergent
Code/GameEngineDevice/Source/W3DDevice/GameClient/Drawable/Draw/W3DModelDraw_doSingleBoneName.cpp	?doSingleBoneName@@YA_NPAVRenderObjClass@@ABVAsciiString@@AAV?$map@W4NameKeyType@@UPristineBoneInfo@@U?$less@W4NameKeyType@@@_STL@@V?$allocator@U?$pair@$$CBW4NameKeyType@@UPristineBoneInfo@@@_STL@@@4@@_STL@@@Z	??0PristineBoneInfo@@QAE@XZ	0x000423C5	divergent
Code/GameEngineDevice/Source/W3DDevice/GameClient/Drawable/Draw/W3DModelDraw_doSingleBoneName.cpp	?doSingleBoneName@@YA_NPAVRenderObjClass@@ABVAsciiString@@AAV?$map@W4NameKeyType@@UPristineBoneInfo@@U?$less@W4NameKeyType@@@_STL@@V?$allocator@U?$pair@$$CBW4NameKeyType@@UPristineBoneInfo@@@_STL@@@4@@_STL@@@Z	??A?$map@W4NameKeyType@@UPristineBoneInfo@@U?$less@W4NameKeyType@@@_STL@@V?$allocator@U?$pair@$$CBW4NameKeyType@@UPristineBoneInfo@@@_STL@@@4@@_STL@@QAEAAUPristineBoneInfo@@ABW4NameKeyType@@@Z	0x000BCF68	unowned
Code/GameEngineDevice/Source/W3DDevice/GameClient/Drawable/Draw/W3DModelDraw_doSingleBoneName.cpp	?doSingleBoneName@@YA_NPAVRenderObjClass@@ABVAsciiString@@AAV?$map@W4NameKeyType@@UPristineBoneInfo@@U?$less@W4NameKeyType@@@_STL@@V?$allocator@U?$pair@$$CBW4NameKeyType@@UPristineBoneInfo@@@_STL@@@4@@_STL@@@Z	?findSingleBone@@YA_NPAVRenderObjClass@@ABVAsciiString@@AAVMatrix3D@@AAH@Z	0x000B6B4F	unowned
Code/GameEngineDevice/Source/W3DDevice/GameClient/Drawable/Draw/W3DModelDraw_doSingleBoneName.cpp	?doSingleBoneName@@YA_NPAVRenderObjClass@@ABVAsciiString@@AAV?$map@W4NameKeyType@@UPristineBoneInfo@@U?$less@W4NameKeyType@@@_STL@@V?$allocator@U?$pair@$$CBW4NameKeyType@@UPristineBoneInfo@@@_STL@@@4@@_STL@@@Z	?findSingleSubObj@@YA_NPAVRenderObjClass@@ABVAsciiString@@AAVMatrix3D@@AAH@Z	0x000B6BF0	unowned
Code/GameEngineDevice/Source/W3DDevice/GameClient/Drawable/Draw/W3DModelDraw_doSingleBoneName.cpp	?doSingleBoneName@@YA_NPAVRenderObjClass@@ABVAsciiString@@AAV?$map@W4NameKeyType@@UPristineBoneInfo@@U?$less@W4NameKeyType@@@_STL@@V?$allocator@U?$pair@$$CBW4NameKeyType@@UPristineBoneInfo@@@_STL@@@4@@_STL@@@Z	?releaseBuffer@AsciiString@@IAEXXZ	0x00036410	divergent
Code/GameEngineDevice/Source/W3DDevice/GameClient/Drawable/Draw/W3DModelDraw_doSingleBoneName.cpp	?doSingleBoneName@@YA_NPAVRenderObjClass@@ABVAsciiString@@AAV?$map@W4NameKeyType@@UPristineBoneInfo@@U?$less@W4NameKeyType@@@_STL@@V?$allocator@U?$pair@$$CBW4NameKeyType@@UPristineBoneInfo@@@_STL@@@4@@_STL@@@Z	?toLower@AsciiString@@QAEXXZ	0x00036A70	wrong
Code/GameEngineDevice/Source/W3DDevice/GameClient/Drawable/Draw/W3DModelDraw_setHidden_Rva000B6F6D.cpp	?setHidden@W3DModelDraw@@UAEX_N@Z	?addCapEdgeToTrack@TerrainTracksRenderObjClass@@QAEXMM@Z	0x00084271	unowned
Code/GameEngineDevice/Source/W3DDevice/GameClient/Drawable/Draw/W3DModelDraw_setHidden_Rva000B6F6D.cpp	?setHidden@W3DModelDraw@@UAEX_N@Z	?doStartOrStopParticleSys@W3DModelDraw@@AAEXXZ	0x000B6EDE	unowned
Code/GameEngineDevice/Source/W3DDevice/GameClient/Drawable/Draw/W3DQuadrupedDrawCtor.cpp	??0W3DQuadrupedDraw@@QAE@PAVThing@@PBVModuleData@@@Z	??0W3DScriptedModelDraw@@QAE@PAVThing@@PBVModuleData@@@Z	0x000C0DD8	unowned
Code/GameEngineDevice/Source/W3DDevice/GameClient/Drawable/Draw/W3DQuadrupedDrawModuleDataCtor.cpp	??0W3DQuadrupedDrawModuleData@@QAE@XZ	??0W3DModelDrawModuleData@@QAE@XZ	0x000C8EEF	unowned
Code/GameEngineDevice/Source/W3DDevice/GameClient/Drawable/Draw/W3DRopeDrawCtor.cpp	??0W3DRopeDraw@@QAE@PAVThing@@PBVModuleData@@@Z	??0?$_Vector_base@USegInfo@W3DRopeDraw@@V?$allocator@USegInfo@W3DRopeDraw@@@_STL@@@_STL@@QAE@ABV?$allocator@USegInfo@W3DRopeDraw@@@1@@Z	0x00211E58	wrong
Code/GameEngineDevice/Source/W3DDevice/GameClient/Drawable/Draw/W3DRopeDrawCtor.cpp	??0W3DRopeDraw@@QAE@PAVThing@@PBVModuleData@@@Z	?erase@?$vector@USegInfo@W3DRopeDraw@@V?$allocator@USegInfo@W3DRopeDraw@@@_STL@@@_STL@@QAEPAUSegInfo@W3DRopeDraw@@PAU34@0@Z	0x002BF70F	divergent
Code/GameEngineDevice/Source/W3DDevice/GameClient/Drawable/Draw/W3DSailModelDrawCtor.cpp	??0W3DSailModelDraw@@QAE@PAVThing@@PBVModuleData@@@Z	??0W3DScriptedModelDraw@@QAE@PAVThing@@PBVModuleData@@@Z	0x000C0DD8	unowned
Code/GameEngineDevice/Source/W3DDevice/GameClient/Drawable/Draw/W3DSailModelDrawModuleDataCtor.cpp	??0W3DSailModelDrawModuleData@@QAE@XZ	??0W3DModelDrawModuleData@@QAE@XZ	0x000C8EEF	unowned
Code/GameEngineDevice/Source/W3DDevice/GameClient/Drawable/Draw/W3DScriptedModelDrawFriendNew.cpp	?friend_newModuleInstance@W3DScriptedModelDraw@@SAPAVModule@@PAVThing@@PBVModuleData@@@Z	??0W3DScriptedModelDraw@@QAE@PAVThing@@PBVModuleData@@@Z	0x000C0DD8	unowned
Code/GameEngineDevice/Source/W3DDevice/GameClient/Drawable/Draw/W3DStreakDrawFriendNew.cpp	?friend_newModuleInstance@W3DStreakDraw@@SAPAVModule@@PAVThing@@PBVModuleData@@@Z	??0W3DStreakDraw@@QAE@PAVThing@@PBVModuleData@@@Z	0x000D02A7	unowned
Code/GameEngineDevice/Source/W3DDevice/GameClient/Drawable/Draw/W3DSupplyDrawCtor.cpp	??0W3DSupplyDraw@@QAE@PAVThing@@PBVModuleData@@@Z	??0W3DScriptedModelDraw@@QAE@PAVThing@@PBVModuleData@@@Z	0x000C0DD8	unowned
Code/GameEngineDevice/Source/W3DDevice/GameClient/Drawable/Draw/W3DSupplyDrawModuleDataCtor.cpp	??0W3DSupplyDrawModuleData@@QAE@XZ	??0W3DModelDrawModuleData@@QAE@XZ	0x000C8EEF	unowned
Code/GameEngineDevice/Source/W3DDevice/GameClient/Drawable/Draw/W3DSupplyDrawXfer.cpp	?xfer@W3DSupplyDraw@@MAEXPAVXfer@@@Z	?xfer@W3DScriptedModelDraw@@MAEXPAVXfer@@@Z	0x000C5C04	unowned
Code/GameEngineDevice/Source/W3DDevice/GameClient/Drawable/Draw/W3DTankDrawConstructor.cpp	??0W3DTankDraw@@QAE@PAVThing@@PBVModuleData@@@Z	??0W3DScriptedModelDraw@@QAE@PAVThing@@PBVModuleData@@@Z	0x000C0DD8	unowned
Code/GameEngineDevice/Source/W3DDevice/GameClient/Drawable/Draw/W3DTankDrawConstructor.cpp	??0W3DTankDraw@@QAE@PAVThing@@PBVModuleData@@@Z	?createEmitters@W3DTankDraw@@IAEXXZ	0x000CE837	unowned
Code/GameEngineDevice/Source/W3DDevice/GameClient/Drawable/Draw/W3DTankDrawDestructor.cpp	??1W3DTankDraw@@UAE@XZ	??1Rva000C79C9@@UAE@XZ	0x000C79C9	unowned
Code/GameEngineDevice/Source/W3DDevice/GameClient/Drawable/Draw/W3DTankDrawModuleDataCtor.cpp	??0W3DTankDrawModuleData@@QAE@XZ	??0W3DModelDrawModuleData@@QAE@XZ	0x000C8EEF	unowned
Code/GameEngineDevice/Source/W3DDevice/GameClient/Drawable/Draw/W3DTankDrawXfer.cpp	?xfer@W3DTankDraw@@MAEXPAVXfer@@@Z	?xfer@W3DScriptedModelDraw@@MAEXPAVXfer@@@Z	0x000C5C04	unowned
Code/GameEngineDevice/Source/W3DDevice/GameClient/Drawable/Draw/W3DTankTruckDraw.cpp	?loadPostProcess@W3DTankTruckDraw@@MAEXXZ	?loadPostProcess@W3DModelDraw@@MAEXXZ	0x000B3A2D	wrong
Code/GameEngineDevice/Source/W3DDevice/GameClient/Drawable/Draw/W3DTankTruckDraw.cpp	?setFullyObscuredByShroud@W3DTankTruckDraw@@UAEX_N@Z	?createEmitters@W3DTankTruckDraw@@IAEXXZ	0x000CB682	unowned
Code/GameEngineDevice/Source/W3DDevice/GameClient/Drawable/Draw/W3DTankTruckDrawTossEmitters.cpp	?enableEmitters@W3DTankTruckDraw@@IAEX_N@Z	?createEmitters@W3DTankTruckDraw@@IAEXXZ	0x000CB682	unowned
Code/GameEngineDevice/Source/W3DDevice/GameClient/Drawable/Draw/W3DTruckDrawCtor.cpp	??0W3DTruckDraw@@QAE@PAVThing@@PBVModuleData@@@Z	??0W3DScriptedModelDraw@@QAE@PAVThing@@PBVModuleData@@@Z	0x000C0DD8	unowned
Code/GameEngineDevice/Source/W3DDevice/GameClient/Drawable/Draw/W3DTruckDrawDtor.cpp	??1W3DTruckDraw@@UAE@XZ	??1W3DScriptedModelDraw@@UAE@XZ	0x000C79C9	unowned
Code/GameEngineDevice/Source/W3DDevice/GameClient/Drawable/Draw/W3DTruckDrawModuleDataCtor.cpp	??0W3DTruckDrawModuleData@@QAE@XZ	??0W3DModelDrawModuleData@@QAE@XZ	0x000C8EEF	unowned
Code/GameEngineDevice/Source/W3DDevice/GameClient/Drawable/Draw/W3DTruckDrawXfer.cpp	?xfer@W3DTruckDraw@@MAEXPAVXfer@@@Z	?xfer@W3DScriptedModelDraw@@MAEXPAVXfer@@@Z	0x000C5C04	unowned
Code/GameEngineDevice/Source/W3DDevice/GameClient/GUI/Gadget/W3DGadgetWindowDrawSlots.cpp	?rva0009FD78@Rva000A495EWindow@@UAEHXZ	?Rva00328700@@YAHPAVGameWindow@@@Z	0x00328700	unowned
Code/GameEngineDevice/Source/W3DDevice/GameClient/GUI/Gadget/W3DGadgetWindowDrawSlots.cpp	?system@Rva000A3131Window@@UAE?AW4WindowMsgHandledType@@III@Z	?GadgetListBoxSystem@@YA?AW4WindowMsgHandledType@@PAVGameWindow@@III@Z	0x00325FBF	unowned
Code/GameEngineDevice/Source/W3DDevice/GameClient/GUI/Gadget/W3DListBox.cpp	?W3DGadgetListBoxDraw@@YAXPAVGameWindow@@PAVWinInstanceData@@@Z	?drawListBoxText@@YAXPAVGameWindow@@PAVWinInstanceData@@HHHH_N@Z	0x000A283D	unowned
Code/GameEngineDevice/Source/W3DDevice/GameClient/GUI/Gadget/W3DListBox.cpp	?W3DGadgetListBoxImageDraw@@YAXPAVGameWindow@@PAVWinInstanceData@@@Z	?drawListBoxText@@YAXPAVGameWindow@@PAVWinInstanceData@@HHHH_N@Z	0x000A283D	unowned
Code/GameEngineDevice/Source/W3DDevice/GameClient/GUI/Gadget/W3DStaticText.cpp	?W3DGadgetStaticTextDraw@@YAXPAVGameWindow@@PAVWinInstanceData@@@Z	?drawStaticTextText@@YAXPAVGameWindow@@PAVWinInstanceData@@HH@Z	0x000A08FD	unowned
Code/GameEngineDevice/Source/W3DDevice/GameClient/GUI/Gadget/W3DStaticText.cpp	?W3DGadgetStaticTextImageDraw@@YAXPAVGameWindow@@PAVWinInstanceData@@@Z	?drawStaticTextText@@YAXPAVGameWindow@@PAVWinInstanceData@@HH@Z	0x000A08FD	unowned
Code/GameEngineDevice/Source/W3DDevice/GameClient/GUI/W3DFontLibraryLoadFontData.cpp	?loadFontData@W3DFontLibrary@@QAE_NPAUGameFont@@@Z	?Rva0009017D@@YAPAXPBDM_NH@Z	0x0009017D	unowned
Code/GameEngineDevice/Source/W3DDevice/GameClient/MapObject_verifyValidUniqueIDMethodThunk_Rva0030E0AA.cpp	?verifyValidUniqueID@MapObject@@QAEXXZ	?getThingTemplate@MapObject@@QBEPBVThingTemplate@@XZ	0x0030D833	wrong
Code/GameEngineDevice/Source/W3DDevice/GameClient/MapObject_verifyValidUniqueIDMethodThunk_Rva0030E0AA.cpp	?verifyValidUniqueID@MapObject@@QAEXXZ	?getWaypointName@MapObject@@QAE?AVAsciiString@@XZ	0x0030D748	wrong
Code/GameEngineDevice/Source/W3DDevice/GameClient/MouseThreadDestructor.cpp	??1MouseThreadClass@@UAE@XZ	??1ThreadClass@@UAE@XZ	0x00610480	wrong
Code/GameEngineDevice/Source/W3DDevice/GameClient/Rva000806F3BasesParams.cpp	?Rva00080858Mean@@YAXPAUID3DXEffect@@PBD@Z	?rva0030822F@Rva003093F6Bases@@QAE?AURva000806F3Vector4@@M@Z	0x0030822F	unowned
Code/GameEngineDevice/Source/W3DDevice/GameClient/Rva000806F3BasesParams.cpp	?Rva00080858Mean@@YAXPAUID3DXEffect@@PBD@Z	?rva003093F6@Rva003093F6Bases@@QAEXXZ	0x003093F6	unowned
Code/GameEngineDevice/Source/W3DDevice/GameClient/Rva000806F3BasesParams.cpp	?Rva000808F3Bases03X@@YAXPAUID3DXEffect@@PBD@Z	?rva00308325@Rva003093F6Bases@@QAE?AURva000806F3Vector4@@MH@Z	0x00308325	unowned
Code/GameEngineDevice/Source/W3DDevice/GameClient/Rva000806F3BasesParams.cpp	?Rva000808F3Bases03X@@YAXPAUID3DXEffect@@PBD@Z	?rva003093F6@Rva003093F6Bases@@QAEXXZ	0x003093F6	unowned
Code/GameEngineDevice/Source/W3DDevice/GameClient/Rva000806F3BasesParams.cpp	?Rva00080988Bases03Y@@YAXPAUID3DXEffect@@PBD@Z	?rva00308417@Rva003093F6Bases@@QAE?AURva000806F3Vector4@@MH@Z	0x00308417	unowned
Code/GameEngineDevice/Source/W3DDevice/GameClient/Rva000806F3BasesParams.cpp	?Rva00080988Bases03Y@@YAXPAUID3DXEffect@@PBD@Z	?rva003093F6@Rva003093F6Bases@@QAEXXZ	0x003093F6	unowned
Code/GameEngineDevice/Source/W3DDevice/GameClient/Rva000806F3BasesParams.cpp	?Rva00080A1DBases03Z@@YAXPAUID3DXEffect@@PBD@Z	?rva00308509@Rva003093F6Bases@@QAE?AURva000806F3Vector4@@MH@Z	0x00308509	unowned
Code/GameEngineDevice/Source/W3DDevice/GameClient/Rva000806F3BasesParams.cpp	?Rva00080A1DBases03Z@@YAXPAUID3DXEffect@@PBD@Z	?rva003093F6@Rva003093F6Bases@@QAEXXZ	0x003093F6	unowned
Code/GameEngineDevice/Source/W3DDevice/GameClient/Rva000806F3BasesParams.cpp	?Rva00080AB2Bases47X@@YAXPAUID3DXEffect@@PBD@Z	?rva00308325@Rva003093F6Bases@@QAE?AURva000806F3Vector4@@MH@Z	0x00308325	unowned
Code/GameEngineDevice/Source/W3DDevice/GameClient/Rva000806F3BasesParams.cpp	?Rva00080AB2Bases47X@@YAXPAUID3DXEffect@@PBD@Z	?rva003093F6@Rva003093F6Bases@@QAEXXZ	0x003093F6	unowned
Code/GameEngineDevice/Source/W3DDevice/GameClient/Rva000806F3BasesParams.cpp	?Rva00080B47Bases47Y@@YAXPAUID3DXEffect@@PBD@Z	?rva00308417@Rva003093F6Bases@@QAE?AURva000806F3Vector4@@MH@Z	0x00308417	unowned
Code/GameEngineDevice/Source/W3DDevice/GameClient/Rva000806F3BasesParams.cpp	?Rva00080B47Bases47Y@@YAXPAUID3DXEffect@@PBD@Z	?rva003093F6@Rva003093F6Bases@@QAEXXZ	0x003093F6	unowned
Code/GameEngineDevice/Source/W3DDevice/GameClient/Rva000806F3BasesParams.cpp	?Rva00080BDCBases47Z@@YAXPAUID3DXEffect@@PBD@Z	?rva00308509@Rva003093F6Bases@@QAE?AURva000806F3Vector4@@MH@Z	0x00308509	unowned
Code/GameEngineDevice/Source/W3DDevice/GameClient/Rva000806F3BasesParams.cpp	?Rva00080BDCBases47Z@@YAXPAUID3DXEffect@@PBD@Z	?rva003093F6@Rva003093F6Bases@@QAEXXZ	0x003093F6	unowned
Code/GameEngineDevice/Source/W3DDevice/GameClient/Rva000806F3BasesParams.cpp	?Rva00080C71Bases811X@@YAXPAUID3DXEffect@@PBD@Z	?rva00308325@Rva003093F6Bases@@QAE?AURva000806F3Vector4@@MH@Z	0x00308325	unowned
Code/GameEngineDevice/Source/W3DDevice/GameClient/Rva000806F3BasesParams.cpp	?Rva00080C71Bases811X@@YAXPAUID3DXEffect@@PBD@Z	?rva003093F6@Rva003093F6Bases@@QAEXXZ	0x003093F6	unowned
Code/GameEngineDevice/Source/W3DDevice/GameClient/Rva000806F3BasesParams.cpp	?Rva00080D06Bases811Y@@YAXPAUID3DXEffect@@PBD@Z	?rva00308417@Rva003093F6Bases@@QAE?AURva000806F3Vector4@@MH@Z	0x00308417	unowned
Code/GameEngineDevice/Source/W3DDevice/GameClient/Rva000806F3BasesParams.cpp	?Rva00080D06Bases811Y@@YAXPAUID3DXEffect@@PBD@Z	?rva003093F6@Rva003093F6Bases@@QAEXXZ	0x003093F6	unowned
Code/GameEngineDevice/Source/W3DDevice/GameClient/Rva000806F3BasesParams.cpp	?Rva00080D9BBases811Z@@YAXPAUID3DXEffect@@PBD@Z	?rva00308509@Rva003093F6Bases@@QAE?AURva000806F3Vector4@@MH@Z	0x00308509	unowned
Code/GameEngineDevice/Source/W3DDevice/GameClient/Rva000806F3BasesParams.cpp	?Rva00080D9BBases811Z@@YAXPAUID3DXEffect@@PBD@Z	?rva003093F6@Rva003093F6Bases@@QAEXXZ	0x003093F6	unowned
Code/GameEngineDevice/Source/W3DDevice/GameClient/Rva000806F3BasesParams.cpp	?Rva00080F95Mean2@@YAXPAUID3DXEffect@@PBD@Z	?Rva0008103AAdjust@@YAXPAM@Z	0x0008103A	unowned
Code/GameEngineDevice/Source/W3DDevice/GameClient/Rva000806F3BasesParams.cpp	?Rva00080F95Mean2@@YAXPAUID3DXEffect@@PBD@Z	?rva0030822F@Rva003093F6Bases@@QAE?AURva000806F3Vector4@@M@Z	0x0030822F	unowned
Code/GameEngineDevice/Source/W3DDevice/GameClient/Rva000806F3BasesParams.cpp	?Rva00080F95Mean2@@YAXPAUID3DXEffect@@PBD@Z	?rva003093F6@Rva003093F6Bases@@QAEXXZ	0x003093F6	unowned
Code/GameEngineDevice/Source/W3DDevice/GameClient/Rva000806F3BasesParams.cpp	?Rva00081242Bases03X2@@YAXPAUID3DXEffect@@PBD@Z	?rva00308325@Rva003093F6Bases@@QAE?AURva000806F3Vector4@@MH@Z	0x00308325	unowned
Code/GameEngineDevice/Source/W3DDevice/GameClient/Rva000806F3BasesParams.cpp	?Rva00081242Bases03X2@@YAXPAUID3DXEffect@@PBD@Z	?rva003093F6@Rva003093F6Bases@@QAEXXZ	0x003093F6	unowned
Code/GameEngineDevice/Source/W3DDevice/GameClient/Rva000D6C35Finish.cpp	?rva000D6C35@RoadSegment@@QAEPAV1@XZ	??0TRoadSegInfo@@QAE@XZ	0x000D4ED0	unowned
Code/GameEngineDevice/Source/W3DDevice/GameClient/Rva000E9BACDtor.cpp	??1Rva000E9BAC@@UAE@XZ	??1Gen_uwm_000e6c6f@@QAE@XZ	0x000E6C6F	unowned
Code/GameEngineDevice/Source/W3DDevice/GameClient/Rva006F8700.cpp	?rva006F8700@Rva006F8700Owner@@QAEHPAXH00@Z	?rva006F83F0@Rva006F8700Owner@@QAEHPAXH00@Z	0x000E5406	unowned
Code/GameEngineDevice/Source/W3DDevice/GameClient/Rva009EBDC0.cpp	?Rva009EBDC0@@YA?AVAssetReference@@XZ	?Get_Current_Asset@AssetRegistry@@QAE?AVAssetReference@@XZ	0x006214D0	unowned
Code/GameEngineDevice/Source/W3DDevice/GameClient/Shadow/BfmeShadowBufferOwnerBaseDtor.cpp	??_GBfmeShadowBufferOwnerBase@@UAEPAXI@Z	??1BfmeShadowBufferOwnerBase@@UAE@XZ	0x00108B4D	wrong
Code/GameEngineDevice/Source/W3DDevice/GameClient/Shadow/W3DProjectedShadowUpdate.cpp	?update@W3DProjectedShadow@@QAEXXZ	?updateTexture@W3DProjectedShadow@@QAEXAAVVector3@@@Z	0x0010930F	unowned
Code/GameEngineDevice/Source/W3DDevice/GameClient/Shadow/W3DShadowManagerReAcquire.cpp	?ReAcquireResources@W3DShadowManager@@QAE_NXZ	?ReAcquireResources@Rva0007DA23ResourceManager@@QAE_NXZ	0x0007DA23	unowned
Code/GameEngineDevice/Source/W3DDevice/GameClient/Shadow/W3DVolumetricShadowRenderVolume.cpp	?RenderVolume@W3DVolumetricShadow@@IAEXHH@Z	?getTransformMatrix@Drawable@@QBEPBVMatrix3D@@XZ	0x0027628E	unowned
Code/GameEngineDevice/Source/W3DDevice/GameClient/W3DBridgeBufferCtor.cpp	??0W3DBridgeBuffer@@QAE@XZ	??0W3DBridge@@QAE@XZ	0x000DD97F	unowned
Code/GameEngineDevice/Source/W3DDevice/GameClient/W3DBridgeGetModelVerticesFixed.cpp	?getModelVerticesFixed@W3DBridge@@IAEHPAUVertexFormatXYZNDUV1@@HABVMatrix3D@@PAVMeshClass@@PAV?$RefMultiListIterator@VRenderObjClass@@@@@Z	?getModelVertices@W3DBridge@@IAEHPAUVertexFormatXYZNDUV1@@HMAAVVector3@@111ABVMatrix3D@@PAVMeshClass@@PAV?$RefMultiListIterator@VRenderObjClass@@@@@Z	0x000DDE13	unowned
Code/GameEngineDevice/Source/W3DDevice/GameClient/W3DDisplayResetD3DDevice.cpp	?Reset_D3D_Device@@YAX_N@Z	?Set_Render_Device@WW3D@@SA?AW4WW3DErrorType@@HHHHH_N00@Z	0x00116F10	wrong
Code/GameEngineDevice/Source/W3DDevice/GameClient/W3DDisplayStringDtor.cpp	??1W3DDisplayString@@UAE@XZ	??1Render2DSentenceClass@@QAE@XZ	0x00157C70	unowned
Code/GameEngineDevice/Source/W3DDevice/GameClient/W3DDisplayStringManager.cpp	?newDisplayString@W3DDisplayStringManager@@UAEPAVDisplayString@@XZ	??0W3DDisplayString@@QAE@XZ	0x00106088	unowned
Code/GameEngineDevice/Source/W3DDevice/GameClient/W3DGameClient.cpp	?addScorch@W3DGameClient@@UAEXPBUCoord3D@@MW4Scorches@@@Z	?addScorch@BaseHeightMapRenderObjClass@@QAEXVVector3@@MW4Scorches@@@Z	0x00067EA3	unowned
Code/GameEngineDevice/Source/W3DDevice/GameClient/W3DGameClient.cpp	?createRayEffectByTemplate@W3DGameClient@@UAEXPBUCoord3D@@0PBVThingTemplate@@@Z	?setPosition@Drawable@@QAEXPBUCoord3D@@@Z	0x002710E7	unowned
Code/GameEngineDevice/Source/W3DDevice/GameClient/W3DGameClientFactories.cpp	?rva0004C45D@Rva004C743@@QAEPAXXZ	??0Rva00049DEAProduct@@QAE@XZ	0x00049DEA	unowned
Code/GameEngineDevice/Source/W3DDevice/GameClient/W3DGameClientFactories.cpp	?rva0004C492@Rva004C743@@QAEPAXXZ	??0Rva0008EF3FProduct@@QAE@XZ	0x0008EF3F	unowned
Code/GameEngineDevice/Source/W3DDevice/GameClient/W3DGameClientFactories.cpp	?rva0004C4C7@Rva004C743@@QAEPAXXZ	??0Rva008FCA3@@QAE@XZ	0x0008FC51	unowned
Code/GameEngineDevice/Source/W3DDevice/GameClient/W3DGameClientFactories.cpp	?rva0004C62D@Rva004C743@@QAEPAXXZ	??0Rva0009525EProduct@@QAE@XZ	0x0009525E	unowned
Code/GameEngineDevice/Source/W3DDevice/GameClient/W3DGameClientFactories.cpp	?rva0004C8DD@Rva004C743@@QAEPAXXZ	??0Rva0009D55BProduct@@QAE@XZ	0x0009D55B	unowned
Code/GameEngineDevice/Source/W3DDevice/GameClient/W3DGameClientFactories.cpp	?rva0008EFD8@Rva0008EF3FProduct@@QAEPAXXZ	??0Rva0008B7CFProduct@@QAE@XZ	0x0008B7CF	unowned
Code/GameEngineDevice/Source/W3DDevice/GameClient/W3DMouseCursorSurfaceLevel.cpp	?FillLevelSurfaces@CursorTextureSlot@@QAEXXZ	?Rva00116990@W3DRadarResetSurface@@QAEXMMM@Z	0x00116990	unowned
Code/GameEngineDevice/Source/W3DDevice/GameClient/W3DPropBufferRemovePropsForConstruction.cpp	?removePropsForConstruction@W3DPropBuffer@@QAEXPBUCoord3D@@ABVGeometryInfo@@M@Z	?bfmeIntersects@GeometryInfo@@QBE_NABUCoord3D@@MABV1@0M@Z	0x006BEB80	unowned
Code/GameEngineDevice/Source/W3DDevice/GameClient/W3DRoadBuffer.cpp	??0W3DRoadBuffer@@QAE@XZ	?allocateRoadBuffers@W3DRoadBuffer@@IAEXXZ	0x000D77AE	unowned
Code/GameEngineDevice/Source/W3DDevice/GameClient/W3DRoadBuffer.cpp	?loadRoads@W3DRoadBuffer@@QAEXXZ	?addMapObjects@W3DRoadBuffer@@IAEXXZ	0x000DD47D	unowned
Code/GameEngineDevice/Source/W3DDevice/GameClient/W3DRoadBuffer.cpp	?updateLighting@W3DRoadBuffer@@QAEXXZ	?updateSegLighting@RoadSegment@@QAEXXZ	0x000D4613	unowned
Code/GameEngineDevice/Source/W3DDevice/GameClient/W3DRoadBufferLoadLit4Pt.cpp	?loadLit4PtSection@W3DRoadBuffer@@IAEXPAVRoadSegment@@PAGPAUVertexFormatXYZDUV1@@PAV?$RefMultiListIterator@VRenderObjClass@@@@@Z	??0TRoadSegInfo@@QAE@XZ	0x000D4ED0	unowned
Code/GameEngineDevice/Source/W3DDevice/GameClient/W3DRoadBufferLoadLit4Pt.cpp	?loadLit4PtSection@W3DRoadBuffer@@IAEXPAVRoadSegment@@PAGPAUVertexFormatXYZDUV1@@PAV?$RefMultiListIterator@VRenderObjClass@@@@@Z	?call@Rva0006AA45@@QAEXHHPAVVector3@@@Z	0x0006AA45	unowned
Code/GameEngineDevice/Source/W3DDevice/GameClient/W3DRoadBufferLoadLit4Pt.cpp	?loadLit4PtSection@W3DRoadBuffer@@IAEXPAVRoadSegment@@PAGPAUVertexFormatXYZDUV1@@PAV?$RefMultiListIterator@VRenderObjClass@@@@@Z	?call@Rva0006B4CC@@QAEHHHH@Z	0x0006B4CC	unowned
Code/GameEngineDevice/Source/W3DDevice/GameClient/W3DShaderManager.cpp	?preRender@ScreenMotionBlurFilter@@UAE_NAA_NAAW4CustomScenePassModes@@@Z	?startRenderToTexture@W3DShaderManager@@SAXXZ	0x00075BD8	unowned
Code/GameEngineDevice/Source/W3DDevice/GameClient/W3DShaderManagerShutdown.cpp	?releaseDependentResources@BfmeShaderShutdown@@SAXXZ	??4ShaderTextureHandle@@QAEAAV0@ABV0@@Z	0x000424D0	wrong
Code/GameEngineDevice/Source/W3DDevice/GameClient/W3DShaderManager_ssFadeFilter_UAE_NAA_NAAW4CustomScenePassModes_Z.cpp	?preRender@ScreenCrossFadeFilter@@UAE_NAA_NAAW4CustomScenePassModes@@@Z	?startRenderToTexture@W3DShaderManager@@SAXXZ	0x00075BD8	unowned
Code/GameEngineDevice/Source/W3DDevice/GameClient/W3DShroudMaterialPass.cpp	?Install_Materials@W3DShroudMaterialPassClass@@UBEXXZ	?rva00072B3A@Rva00072B3A@@QBE?AVRvaTextureHandleView@@XZ	0x00072B3A	unowned
Code/GameEngineDevice/Source/W3DDevice/GameClient/W3DSnow.cpp	?init@W3DSnowManager@@UAEXXZ	?ReAcquireResources@W3DSnowManager@@QAE_NXZ	0x0009390F	unowned
Code/GameEngineDevice/Source/W3DDevice/GameClient/W3DTerrainTexturePtrGetters.cpp	?Rva000E24C5ShroudTexture@@YAXPAUID3DXEffect@@PBD@Z	?rva00072B3A@Rva00072B3A@@QBE?AV?$RefCountPtr@VTextureClass@@@@XZ	0x00072B3A	unowned
Code/GameEngineDevice/Source/W3DDevice/GameClient/W3DTerrainVisual.cpp	?removeAllBibs@W3DTerrainVisual@@UAEXXZ	?removeAllTerrainBibs@BaseHeightMapRenderObjClass@@QAEXXZ	0x001EC3B5	unowned
Code/GameEngineDevice/Source/W3DDevice/GameClient/W3DTerrainVisualGetTerrainTile.cpp	?getTerrainTile@W3DTerrainVisual@@UAEPAVTerrainType@@MM@Z	?getTerrainNameAt@WorldHeightMap@@QAE?AVAsciiString@@MM@Z	0x000AEC4E	unowned
Code/GameEngineDevice/Source/W3DDevice/GameClient/W3DView.cpp	?setHeight@W3DView@@UAEXH@Z	?Get_Viewport@CameraClass@@QBEXAAVVector2@@0@Z	0x00087AC9	wrong
Code/GameEngineDevice/Source/W3DDevice/GameClient/W3DView.cpp	?setOrigin@W3DView@@UAEXHH@Z	?Get_Viewport@CameraClass@@QBEXAAVVector2@@0@Z	0x00087AC9	wrong
Code/GameEngineDevice/Source/W3DDevice/GameClient/W3DView.cpp	?setPitch@W3DView@@UAEXM@Z	?setCameraTransform@W3DView@@AAEXXZ	0x0008BE6B	unowned
Code/GameEngineDevice/Source/W3DDevice/GameClient/W3DView.cpp	?setWidth@W3DView@@UAEXH@Z	?Get_Viewport@CameraClass@@QBEXAAVVector2@@0@Z	0x00087AC9	wrong
Code/GameEngineDevice/Source/W3DDevice/GameClient/W3DViewCameraModLookTowardBfme.cpp	?cameraModLookToward@W3DView@@UAEXPAUCoord3D@@@Z	?moveAlongWaypointPath@W3DView@@AAEXH@Z	0x00086F56	unowned
Code/GameEngineDevice/Source/W3DDevice/GameClient/WorldHeightMapReadTexClass.cpp	?getNrmTexture@TerrainType@@QBE?AVAsciiString@@XZ	?makeNrmTextureName@@YA?AVAsciiString@@ABV1@@Z	0x00317D89	unowned
Code/GameEngineDevice/Source/W3DDevice/GameClient/WorldHeightMap_Rva0030e26f.cpp	?countMapObjectsWithOwner@MapObject@@SAHABVAsciiString@@@Z	?compare@BfmeStringPresenceValue@@QBEHABV1@@Z	0x000069D6	wrong
Code/GameEngineDevice/Source/W3DDevice/GameClient/camerashakesystem_shaker.cpp	?Add_Camera_Shake@CameraShakeSystemClass@@QAEXABVVector3@@MMM@Z	?Allocate_Object_Memory@?$ObjectPoolClass@VCameraShakerClass@CameraShakeSystemClass@@$0BAA@@@QAEPAVCameraShakerClass@CameraShakeSystemClass@@XZ	0x000658DB	wrong
Code/GameEngineDevice/Source/W3DDevice/GameLogic/Rva0061EEE0Destructor.cpp	??1Rva0061EEE0@@UAE@XZ	??1Gen_dtor_00625040@@QAE@XZ	0x00625040	unowned
Code/GameEngineDevice/Source/W3DDevice/GameLogic/W3DGhostObjectScene.cpp	?getShroudStatus@W3DGhostObject@@IAEXH@Z	?getShroudedStatus@PartitionData@@QAE?AW4ObjectShroudStatus@@H@Z	0x0073A6D0	unowned
Code/GameEngineDevice/Source/W3DDevice/GameLogic/W3DTerrainLogic.cpp	?isClearLineOfSight@W3DTerrainLogic@@UBE_NABUCoord3D@@0@Z	?isClearLineOfSight@BaseHeightMapRenderObjClass@@QBE_NABUCoord3D@@0@Z	0x00066AD1	unowned
Code/GameEngineDevice/Source/Win32Device/GameClient/Win32DIMouse.cpp	?setPosition@DirectInputMouse@@UAEXHH@Z	?setPosition@Mouse@@UAEXHH@Z	0x001EDE4C	wrong
Code/Libraries/Source/Apt/AptActionInterpreterConstantHandlers.cpp	??0Rva006FBDB0@@QAE@VEAStringC@@HH@Z	??0EAStringC@@QAE@XZ	0x006D2F90	divergent
Code/Libraries/Source/Apt/AptActionInterpreterConstantHandlers.cpp	?CleanupAfterExecution@AptActionInterpreter@@QAEXPAXPAUAptActionSetup@@@Z	??0EAStringC@@QAE@XZ	0x006D2F90	divergent
Code/Libraries/Source/Apt/AptActionInterpreterConstantHandlers.cpp	?_FunctionAptActionCallFrame@AptActionInterpreter@@CAXQAU1@QAULocalContextT@1@@Z	??0EAStringC@@QAE@XZ	0x006D2F90	divergent
Code/Libraries/Source/Apt/AptActionInterpreterConstantHandlers.cpp	?_FunctionAptActionCallFunction@AptActionInterpreter@@CAXQAU1@QAULocalContextT@1@@Z	??0EAStringC@@QAE@XZ	0x006D2F90	divergent
Code/Libraries/Source/Apt/AptActionInterpreterConstantHandlers.cpp	?_FunctionAptActionCallFunction@AptActionInterpreter@@CAXQAU1@QAULocalContextT@1@@Z	?callFunction@AptActionInterpreter@@QAEXPAVAptValue@@0H@Z	0x00706660	unowned
Code/Libraries/Source/Apt/AptActionInterpreterConstantHandlers.cpp	?_FunctionAptActionCallFunction@AptActionInterpreter@@CAXQAU1@QAULocalContextT@1@@Z	?getVariable@AptActionInterpreter@@QAEPAVAptValue@@PAV2@0PBVEAStringC@@HHH@Z	0x006FFD80	unowned
Code/Libraries/Source/Apt/AptActionInterpreterConstantHandlers.cpp	?_FunctionAptActionCallMethodPop@AptActionInterpreter@@CAXQAU1@QAULocalContextT@1@@Z	?_FunctionAptActionCallMethod@AptActionInterpreter@@CAXQAU1@QAULocalContextT@1@@Z	0x00708070	unowned
Code/Libraries/Source/Apt/AptActionInterpreterConstantHandlers.cpp	?_FunctionAptActionCallMethodSetVar@AptActionInterpreter@@CAXQAU1@QAULocalContextT@1@@Z	?_FunctionAptActionCallMethod@AptActionInterpreter@@CAXQAU1@QAULocalContextT@1@@Z	0x00708070	unowned
Code/Libraries/Source/Apt/AptActionInterpreterConstantHandlers.cpp	?_FunctionAptActionCloneSprite@AptActionInterpreter@@CAXQAU1@QAULocalContextT@1@@Z	?rva007092F0@AptActionInterpreter@@AAEXPAVAptCIH@@PAVAptValue@@11H1@Z	0x007092F0	unowned
Code/Libraries/Source/Apt/AptActionInterpreterConstantHandlers.cpp	?_FunctionAptActionDelete2@AptActionInterpreter@@CAXQAU1@QAULocalContextT@1@@Z	??0EAStringC@@QAE@XZ	0x006D2F90	divergent
Code/Libraries/Source/Apt/AptActionInterpreterConstantHandlers.cpp	?_FunctionAptActionDelete@AptActionInterpreter@@CAXQAU1@QAULocalContextT@1@@Z	??0EAStringC@@QAE@XZ	0x006D2F90	divergent
Code/Libraries/Source/Apt/AptActionInterpreterConstantHandlers.cpp	?_FunctionAptActionDictCallMethodPop@AptActionInterpreter@@CAXQAU1@QAULocalContextT@1@@Z	?_FunctionAptActionCallMethod@AptActionInterpreter@@CAXQAU1@QAULocalContextT@1@@Z	0x00708070	unowned
Code/Libraries/Source/Apt/AptActionInterpreterConstantHandlers.cpp	?_FunctionAptActionDictCallMethodSetVar@AptActionInterpreter@@CAXQAU1@QAULocalContextT@1@@Z	?_FunctionAptActionCallMethod@AptActionInterpreter@@CAXQAU1@QAULocalContextT@1@@Z	0x00708070	unowned
Code/Libraries/Source/Apt/AptActionInterpreterConstantHandlers.cpp	?_FunctionAptActionEquals2@AptActionInterpreter@@CAXQAU1@QAULocalContextT@1@@Z	??0EAStringC@@QAE@XZ	0x006D2F90	divergent
Code/Libraries/Source/Apt/AptActionInterpreterConstantHandlers.cpp	?_FunctionAptActionGetMember@AptActionInterpreter@@CAXQAU1@QAULocalContextT@1@@Z	??0EAStringC@@QAE@XZ	0x006D2F90	divergent
Code/Libraries/Source/Apt/AptActionInterpreterConstantHandlers.cpp	?_FunctionAptActionGetMember@AptActionInterpreter@@CAXQAU1@QAULocalContextT@1@@Z	?getVariable@AptActionInterpreter@@QAEPAVAptValue@@PAV2@0PBVEAStringC@@HHH@Z	0x006FFD80	unowned
Code/Libraries/Source/Apt/AptActionInterpreterConstantHandlers.cpp	?_FunctionAptActionGetProperty@AptActionInterpreter@@CAXQAU1@QAULocalContextT@1@@Z	?getVariable@AptActionInterpreter@@QAEPAVAptValue@@PAV2@0PBVEAStringC@@HHH@Z	0x006FFD80	unowned
Code/Libraries/Source/Apt/AptActionInterpreterConstantHandlers.cpp	?_FunctionAptActionGetUrl2@AptActionInterpreter@@CAXQAU1@QAULocalContextT@1@@Z	??0EAStringC@@QAE@XZ	0x006D2F90	divergent
Code/Libraries/Source/Apt/AptActionInterpreterConstantHandlers.cpp	?_FunctionAptActionGetUrl2@AptActionInterpreter@@CAXQAU1@QAULocalContextT@1@@Z	?Load@AptLinker@@QAEXABVEAStringC@@V2@@Z	0x006D1F80	unowned
Code/Libraries/Source/Apt/AptActionInterpreterConstantHandlers.cpp	?_FunctionAptActionGetUrl2@AptActionInterpreter@@CAXQAU1@QAULocalContextT@1@@Z	?getVariable@AptActionInterpreter@@QAEPAVAptValue@@PAV2@0PBVEAStringC@@HHH@Z	0x006FFD80	unowned
Code/Libraries/Source/Apt/AptActionInterpreterConstantHandlers.cpp	?_FunctionAptActionGetUrl@AptActionInterpreter@@CAXQAU1@QAULocalContextT@1@@Z	?Load@AptLinker@@QAEXABVEAStringC@@V2@@Z	0x006D1F80	unowned
Code/Libraries/Source/Apt/AptActionInterpreterConstantHandlers.cpp	?_FunctionAptActionGetVariable@AptActionInterpreter@@CAXQAU1@QAULocalContextT@1@@Z	??0EAStringC@@QAE@XZ	0x006D2F90	divergent
Code/Libraries/Source/Apt/AptActionInterpreterConstantHandlers.cpp	?_FunctionAptActionGetVariable@AptActionInterpreter@@CAXQAU1@QAULocalContextT@1@@Z	?getVariable@AptActionInterpreter@@QAEPAVAptValue@@PAV2@0PBVEAStringC@@HHH@Z	0x006FFD80	unowned
Code/Libraries/Source/Apt/AptActionInterpreterConstantHandlers.cpp	?_FunctionAptActionGotoFrame2@AptActionInterpreter@@CAXQAU1@QAULocalContextT@1@@Z	??0EAStringC@@QAE@XZ	0x006D2F90	divergent
Code/Libraries/Source/Apt/AptActionInterpreterConstantHandlers.cpp	?_FunctionAptActionInitObject@AptActionInterpreter@@CAXQAU1@QAULocalContextT@1@@Z	??0EAStringC@@QAE@XZ	0x006D2F90	divergent
Code/Libraries/Source/Apt/AptActionInterpreterConstantHandlers.cpp	?_FunctionAptActionInitObject@AptActionInterpreter@@CAXQAU1@QAULocalContextT@1@@Z	?_createObject@AptActionInterpreter@@AAEPAVAptObject@@PAVAptValue@@0PBVEAStringC@@H_N@Z	0x00706A40	unowned
Code/Libraries/Source/Apt/AptActionInterpreterConstantHandlers.cpp	?_FunctionAptActionNewMethod@AptActionInterpreter@@CAXQAU1@QAULocalContextT@1@@Z	??0EAStringC@@QAE@XZ	0x006D2F90	divergent
Code/Libraries/Source/Apt/AptActionInterpreterConstantHandlers.cpp	?_FunctionAptActionNewMethod@AptActionInterpreter@@CAXQAU1@QAULocalContextT@1@@Z	?_createObject@AptActionInterpreter@@AAEPAVAptObject@@PAVAptValue@@0PBVEAStringC@@H_N@Z	0x00706A40	unowned
Code/Libraries/Source/Apt/AptActionInterpreterConstantHandlers.cpp	?_FunctionAptActionNewObject@AptActionInterpreter@@CAXQAU1@QAULocalContextT@1@@Z	??0EAStringC@@QAE@XZ	0x006D2F90	divergent
Code/Libraries/Source/Apt/AptActionInterpreterConstantHandlers.cpp	?_FunctionAptActionNewObject@AptActionInterpreter@@CAXQAU1@QAULocalContextT@1@@Z	?_createObject@AptActionInterpreter@@AAEPAVAptObject@@PAVAptValue@@0PBVEAStringC@@H_N@Z	0x00706A40	unowned
Code/Libraries/Source/Apt/AptActionInterpreterConstantHandlers.cpp	?_FunctionAptActionPushStringGetVar@AptActionInterpreter@@CAXQAU1@QAULocalContextT@1@@Z	?getVariable@AptActionInterpreter@@QAEPAVAptValue@@PAV2@0PBVEAStringC@@HHH@Z	0x006FFD80	unowned
Code/Libraries/Source/Apt/AptActionInterpreterConstantHandlers.cpp	?_FunctionAptActionPushThisVariable@AptActionInterpreter@@CAXQAU1@QAULocalContextT@1@@Z	?getVariable@AptActionInterpreter@@QAEPAVAptValue@@PAV2@0PBVEAStringC@@HHH@Z	0x006FFD80	unowned
Code/Libraries/Source/Apt/AptActionInterpreterConstantHandlers.cpp	?_FunctionAptActionSetMember@AptActionInterpreter@@CAXQAU1@QAULocalContextT@1@@Z	??0EAStringC@@QAE@XZ	0x006D2F90	divergent
Code/Libraries/Source/Apt/AptActionInterpreterConstantHandlers.cpp	?_FunctionAptActionSetTarget2@AptActionInterpreter@@CAXQAU1@QAULocalContextT@1@@Z	??0EAStringC@@QAE@XZ	0x006D2F90	divergent
Code/Libraries/Source/Apt/AptActionInterpreterConstantHandlers.cpp	?_FunctionAptActionSetTarget@AptActionInterpreter@@CAXQAU1@QAULocalContextT@1@@Z	?TrimRight@EAStringC@@QAEAAV1@PBD@Z	0x006D5B50	unowned
Code/Libraries/Source/Apt/AptActionInterpreterConstantHandlers.cpp	?_FunctionAptActionSetVariable@AptActionInterpreter@@CAXQAU1@QAULocalContextT@1@@Z	??0EAStringC@@QAE@XZ	0x006D2F90	divergent
Code/Libraries/Source/Apt/AptActionInterpreterConstantHandlers.cpp	?_FunctionAptActionStartDragMovie@AptActionInterpreter@@CAXQAU1@QAULocalContextT@1@@Z	??0EAStringC@@QAE@XZ	0x006D2F90	divergent
Code/Libraries/Source/Apt/AptActionInterpreterConstantHandlers.cpp	?_FunctionAptActionStartDragMovie@AptActionInterpreter@@CAXQAU1@QAULocalContextT@1@@Z	?getVariable@AptActionInterpreter@@QAEPAVAptValue@@PAV2@0PBVEAStringC@@HHH@Z	0x006FFD80	unowned
Code/Libraries/Source/Apt/AptActionInterpreterConstantHandlers.cpp	?_FunctionAptActionStringDictByteGetVar@AptActionInterpreter@@CAXQAU1@QAULocalContextT@1@@Z	?getVariable@AptActionInterpreter@@QAEPAVAptValue@@PAV2@0PBVEAStringC@@HHH@Z	0x006FFD80	unowned
Code/Libraries/Source/Apt/AptActionInterpreterConstantHandlers.cpp	?_FunctionAptActionStringEquals@AptActionInterpreter@@CAXQAU1@QAULocalContextT@1@@Z	??0EAStringC@@QAE@XZ	0x006D2F90	divergent
Code/Libraries/Source/Apt/AptActionInterpreterConstantHandlers.cpp	?_FunctionAptActionStringLength@AptActionInterpreter@@CAXQAU1@QAULocalContextT@1@@Z	??0EAStringC@@QAE@XZ	0x006D2F90	divergent
Code/Libraries/Source/Apt/AptActionInterpreterConstantHandlers.cpp	?_FunctionAptActionSubString@AptActionInterpreter@@CAXQAU1@QAULocalContextT@1@@Z	??0EAStringC@@QAE@XZ	0x006D2F90	divergent
Code/Libraries/Source/Apt/AptActionInterpreterConstantHandlers.cpp	?_FunctionAptActionTargetPath@AptActionInterpreter@@CAXQAU1@QAULocalContextT@1@@Z	??0EAStringC@@QAE@XZ	0x006D2F90	divergent
Code/Libraries/Source/Apt/AptActionInterpreterConstantHandlers.cpp	?_FunctionAptActionToNumber@AptActionInterpreter@@CAXQAU1@QAULocalContextT@1@@Z	??0EAStringC@@QAE@XZ	0x006D2F90	divergent
Code/Libraries/Source/Apt/AptActionInterpreterConstantHandlers.cpp	?_FunctionAptActionToString@AptActionInterpreter@@CAXQAU1@QAULocalContextT@1@@Z	??0EAStringC@@QAE@XZ	0x006D2F90	divergent
Code/Libraries/Source/Apt/AptActionInterpreterConstantHandlers.cpp	?_FunctionAptActionTrace@AptActionInterpreter@@CAXQAU1@QAULocalContextT@1@@Z	??0EAStringC@@QAE@XZ	0x006D2F90	divergent
Code/Libraries/Source/Apt/AptActionInterpreterConstantHandlers.cpp	?_concatAsStrings@@YAPAVAptString@@PAVAptValue@@0@Z	??0EAStringC@@QAE@XZ	0x006D2F90	divergent
Code/Libraries/Source/Apt/AptActionInterpreterConstantHandlers.cpp	?getObject@AptActionInterpreter@@CAPAVAptValue@@PAV2@0PBVEAStringC@@@Z	??0EAStringC@@QAE@XZ	0x006D2F90	divergent
Code/Libraries/Source/Apt/AptActionInterpreterConstantHandlers.cpp	?getObject@AptActionInterpreter@@CAPAVAptValue@@PAV2@0PBVEAStringC@@@Z	?findChild@AptValue@@QAEPAV1@PBVEAStringC@@PAV1@@Z	0x006DF9A0	unowned
Code/Libraries/Source/Apt/AptActionInterpreterConstantHandlers.cpp	?loadVariables@AptActionInterpreter@@QAEXPAVAptValue@@0PBVEAStringC@@@Z	??0EAStringC@@QAE@XZ	0x006D2F90	divergent
Code/Libraries/Source/Apt/AptActionInterpreterConstantHandlers.cpp	?runStream@AptActionInterpreter@@QAEPBEPBEPAVAptCIH@@HPAUAptCharacterInst@@@Z	?getVariable@AptActionInterpreter@@QAEPAVAptValue@@PAV2@0PBVEAStringC@@HHH@Z	0x006FFD80	unowned
Code/Libraries/Source/Apt/AptActionInterpreterConstantHandlers.cpp	?rva006FD100@@YAEHHPAVEAStringC@@PAHPAD@Z	?findChild@AptValue@@QAEPAV1@PBVEAStringC@@PAV1@@Z	0x006DF9A0	unowned
Code/Libraries/Source/Apt/AptActionInterpreterScopeHandlers.cpp	?_FunctionAptActionDefineLocal2@AptActionInterpreter@@CAXQAU1@QAULocalContextT@1@@Z	?getVariable@AptActionInterpreter@@QAEPAVAptValue@@PAV2@0PBVEAStringC@@HHH@Z	0x006FFD80	unowned
Code/Libraries/Source/Apt/AptCIHJumpToFrame.cpp	?jumpToFrame@AptCIH@@QAEXH@Z	?mergeState@AptDisplayList@@QAEXPAVAptPseudoDisplayList@@PAVAptNativeHash@@_N@Z	0x006F9410	unowned
Code/Libraries/Source/Apt/AptDateGetters.cpp	?sMethod_getDay@AptDate@@SAPAVAptValue@@PAV2@H@Z	?getDayOfWeek@AptDate@@QAEHHHH@Z	0x006F4290	unowned
Code/Libraries/Source/Apt/AptDateGetters.cpp	?sMethod_getUTCDay@AptDate@@SAPAVAptValue@@PAV2@H@Z	?getDayOfWeek@AptDate@@QAEHHHH@Z	0x006F4290	unowned
Code/Libraries/Source/Apt/AptDateString.cpp	?toString@AptDate@@QAEXAAVEAStringC@@@Z	?getDayOfWeek@AptDate@@QAEHHHH@Z	0x006F4290	unowned
Code/Libraries/Source/Apt/AptGCRva006E6E20.cpp	?Rva006E6E20Collect@@YAXXZ	?ClearTemporaryPool@StringPool@@SAXXZ	0x0070B590	unowned
Code/Libraries/Source/Apt/AptMovieFrameControls.cpp	?placeObject@AptDisplayList@@QAEPAVAptCIH@@PAUAptControlPlaceObject2@@PAV2@@Z	??0EAStringC@@QAE@XZ	0x006D2F90	divergent
Code/Libraries/Source/Apt/AptObject/AptArrayConstructor.cpp	?sMethod_concat@AptArray@@SAPAVAptValue@@PAV2@H@Z	?At@AptBasePtrStack@@QAEPAVAptValue@@H@Z	0x006FE580	wrong
Code/Libraries/Source/Apt/AptObject/AptArrayConstructor.cpp	?sMethod_join@AptArray@@SAPAVAptValue@@PAV2@H@Z	??0EAStringC@@QAE@XZ	0x006D2F90	divergent
Code/Libraries/Source/Apt/AptObject/AptArrayConstructor.cpp	?sMethod_join@AptArray@@SAPAVAptValue@@PAV2@H@Z	?At@AptBasePtrStack@@QAEPAVAptValue@@H@Z	0x006FE580	wrong
Code/Libraries/Source/Apt/AptObject/AptArrayConstructor.cpp	?sMethod_push@AptArray@@SAPAVAptValue@@PAV2@H@Z	?At@AptBasePtrStack@@QAEPAVAptValue@@H@Z	0x006FE580	wrong
Code/Libraries/Source/Apt/AptObject/AptArrayConstructor.cpp	?sMethod_slice@AptArray@@SAPAVAptValue@@PAV2@H@Z	?At@AptBasePtrStack@@QAEPAVAptValue@@H@Z	0x006FE580	wrong
Code/Libraries/Source/Apt/AptObject/AptArrayConstructor.cpp	?sMethod_splice@AptArray@@SAPAVAptValue@@PAV2@H@Z	?At@AptBasePtrStack@@QAEPAVAptValue@@H@Z	0x006FE580	wrong
Code/Libraries/Source/Apt/AptObject/AptArrayConstructor.cpp	?toString@AptArray@@QAEXAAVEAStringC@@PBD@Z	??0EAStringC@@QAE@XZ	0x006D2F90	divergent
Code/Libraries/Source/Apt/AptObject/AptFactoryConstructors.cpp	?callback006F3580@@YAPAVAptValue@@PAV1@H@Z	??0EAStringC@@QAE@XZ	0x006D2F90	divergent
Code/Libraries/Source/Apt/AptObject/AptScriptFunctionBodies.cpp	??0AptScriptFunctionBase@@IAE@W4AptVirtualFunctionTable_Indices@@PAV0@PAVAptCIH@@_N@Z	??0AptValueWithHash@@QAE@W4AptVirtualFunctionTable_Indices@@H@Z	0x006D6360	wrong
Code/Libraries/Source/Apt/AptObject/AptScriptFunctionBodies.cpp	??0AptScriptFunctionBase@@IAE@W4AptVirtualFunctionTable_Indices@@PAV0@PAVAptCIH@@_N@Z	?_AptGetAnimationAtLevel@@YAPAVAptCIH@@H@Z	0x006CC530	unowned
Code/Libraries/Source/Apt/AptObject/AptScriptFunctionBodies.cpp	?SetupBeforeExecution@AptScriptFunction2@@UAEXPAU_AptScriptFunctionState@@PAVAptValue@@@Z	?findChild@AptValue@@QAEPAV1@PBVEAStringC@@PAV1@@Z	0x006DF9A0	unowned
Code/Libraries/Source/Apt/AptValue/AptValueVector.cpp	??0AptValueNameEntry@@QAE@XZ	??0EAStringC@@QAE@XZ	0x006D2F90	divergent
Code/Libraries/Source/Apt/AptValue/Rva006CC7C0Cluster.cpp	?Rva006CC7C0@@YAXPBD@Z	?rva006D0D70@Rva006D1090@@QAEXPAX@Z	0x006D0D70	unowned
Code/Libraries/Source/Apt/BfmeNode1279Finish.cpp	?bfmeFinish1279@BfmeNode1279@@QAEXXZ	?rva006E2690@AptCIH@@QAEXH@Z	0x006E2690	unowned
Code/Libraries/Source/Apt/Rva006E0AC0.cpp	?rva006E0AC0@Rva006E0AC0@@QAEHXZ	?findChild@AptValue@@QAEPAV1@PBVEAStringC@@PAV1@@Z	0x006DF9A0	unowned
Code/Libraries/Source/Apt/Rva006E0D40Cluster.cpp	?rva006E0D40@Rva006E0D40@@QAEXXZ	?rva006CE1C0@@YAXH@Z	0x006CE1C0	unowned
Code/Libraries/Source/Apt/Rva006E1DD0Cluster.cpp	?rva006E1DD0@AptCIH@@QAEXPAX@Z	?rva006E1C40@AptCIH@@QAEXPAX0@Z	0x006E1C40	unowned
Code/Libraries/Source/Apt/Rva006E2A70Cluster.cpp	??1Rva006CBF40@@UAE@XZ	?rva006E2690@AptCIH@@QAEXH@Z	0x006E2690	unowned
Code/Libraries/Source/Apt/Rva006E2A70Cluster.cpp	uw_007a90d0	??1Rva006DE350@@UAE@XZ	0x006D6340	unowned
Code/Libraries/Source/Apt/Rva006E4FF0Cluster.cpp	?rva006E58D0Body@Rva006E58D0@@QAEXPAX00@Z	?rva006E5050@Rva006E58D0@@QAEXPAX00@Z	0x006E5050	unowned
Code/Libraries/Source/Apt/Rva006F6A50Cluster.cpp	??0Rva006F6A50@@QAE@PAXHHH@Z	??0Rva006F69D0@@QAE@PAXHH@Z	0x006F69D0	unowned
Code/Libraries/Source/Apt/Rva006FC1D0Ctor.cpp	uw_007aa290	??1BfmeAptValue006DCD20@@UAE@XZ	0x006D6340	unowned
Code/Libraries/Source/Apt/Rva006e9730Cluster.cpp	?rva006e9730@@YAPAVAptValue@@PAV1@@Z	?rva006ddde0@AptValue@@QAE?AVEAStringC@@XZ	0x006DDDE0	unowned
Code/Libraries/Source/Apt/Rva006ffc30Cluster.cpp	?rva006ffc30@@YAXPAVAptValue@@AAVEAStringC@@@Z	?rva006ff980@@YAXPAVAptValue@@AAVEAStringC@@H@Z	0x006FF980	unowned
Code/Libraries/Source/Apt/Rva006ffce0Cluster.cpp	?rva006ffce0@@YAXPAVAptValue@@AAVEAStringC@@@Z	?rva006ff980@@YAXPAVAptValue@@AAVEAStringC@@H@Z	0x006FF980	unowned
Code/Libraries/Source/Apt/string/EAString.cpp	?method@Rva0089EFE0@@QAEHD@Z	?rva0089E2B0@Rva0089EFE0@@QAEHPBD0@Z	0x006D47F0	unowned
Code/Libraries/Source/Benchmark/emfloat.cpp	?DoEmFloatIteration@@YAKPAUInternalFPF@@00KK@Z	?MultiplyInternalFPF@@YAXPAUInternalFPF@@00@Z	0x006B9510	unowned
Code/Libraries/Source/DirtySock/Y4CommTable.c	_Rva00812320	_Rva00812690	0x0067E590	unowned
Code/Libraries/Source/DirtySock/Y4CommTable.c	_Rva00812CD0	_Rva00812690	0x0067E590	unowned
Code/Libraries/Source/DirtySock/Y4CommTransportLife.c	_Rva00818CB0	_Rva00817B30	0x00683A30	unowned
Code/Libraries/Source/DirtySock/commudp.cpp	_CommUDPSend	_Rva00817B30	0x00683A30	unowned
Code/Libraries/Source/EA/Apt/AptString/Rva006D4CA0Cluster.cpp	?rva006d4ca0@@YAHPBD@Z	?rva006d3e40@@YAHPBD@Z	0x006D3E40	unowned
Code/Libraries/Source/EA/Apt/AptString/Rva006D4CA0Cluster.cpp	?rva006d4dc0@@YAXPADH@Z	?rva006d3e40@@YAHPBD@Z	0x006D3E40	unowned
Code/Libraries/Source/EA/Apt/Rva00702B40ExpandPrototype.cpp	?rva00702b40@@YAXPAVRva00700170@@PBURva00702B40Payload@@@Z	?expandPrototypeValues@Rva00700170@@QAEXPAX0@Z	0x00700170	unowned
Code/Libraries/Source/Lua/luaB_debug.cpp	_io_debug	?bfmeNotify2_574@@YAHPAX0@Z	0x00333CD1	unowned
Code/Libraries/Source/STLport/Rva008312E0StringReplace.cpp	?bfmeReplaceAliasedRange@Rva008312E0String@@QAEAAV1@PAD000ABURva008312E0Tag@@@Z	?erase@Rva008312E0String@@QAEPADPAD0@Z	0x00012150	wrong
Code/Libraries/Source/STLport/Rva008312E0StringReplace.cpp	?bfmeReplaceAliasedRange@Rva008312E0String@@QAEAAV1@PAD000ABURva008312E0Tag@@@Z	?insertRange@Rva008312E0String@@QAEXPAD00ABURva008312E0Tag@@@Z	0x000284D0	unowned
Code/Libraries/Source/STLport/Rva008312E0StringReplace.cpp	?bfmeReplaceAliasedRange@Rva008312E0String@@QAEAAV1@PAD000ABURva008312E0Tag@@@Z	?replaceBase@Rva008312E0String@@QAEAAV1@PAD000ABURva008312E0Tag@@@Z	0x0002A610	wrong
Code/Libraries/Source/STLport/Rva008314E0StringReplace.cpp	?replaceRange@Rva008314E0String@@QAEAAV1@PAD000ABUBfmeRangeTag@@@Z	?erase@Rva008314E0String@@QAEPADPAD0@Z	0x00012150	wrong
Code/Libraries/Source/STLport/Rva008314E0StringReplace.cpp	?replaceRange@Rva008314E0String@@QAEAAV1@PAD000ABUBfmeRangeTag@@@Z	?insertRange@Rva008314E0String@@QAEXPAD00ABUBfmeRangeTag@@@Z	0x00028820	unowned
Code/Libraries/Source/STLport/Rva008314E0StringReplace.cpp	?replaceRange@Rva008314E0String@@QAEAAV1@PAD000ABUBfmeRangeTag@@@Z	?replaceBase@Rva008314E0String@@QAEAAV1@PAD000ABUBfmeRangeTag@@@Z	0x0002A730	wrong
Code/Libraries/Source/VP6/decodembs.cpp	_VP6_DecodeFrameMbs	_VP6_ConfigureEntropyDecoder	0x001BBF70	unowned
Code/Libraries/Source/VP6/decodembs.cpp	_VP6_DecodeFrameMbs	_VP6_ConfigureMvEntropyDecoder	0x001C6EF0	unowned
Code/Libraries/Source/WWVegas/WW3D2/AggregateDefBuildSubobjectList.cpp	uw_00768e30	??1?$DynamicVectorClass@PAVRenderObjClass@@@@UAE@XZ	0x001A3AB0	wrong
Code/Libraries/Source/WWVegas/WW3D2/AggregateDefBuildSubobjectList.cpp	uw_00768e38	??1?$DynamicVectorClass@PAVRenderObjClass@@@@UAE@XZ	0x001A3AB0	wrong
Code/Libraries/Source/WWVegas/WW3D2/BFME2MotionChannelFactory.cpp	?Load@BFME2Encoding0MotionChannel@@UAE_NAAVChunkLoadClass@@@Z	?Seek@ChunkLoadClass@@QAEKK@Z	0x006150C0	unowned
Code/Libraries/Source/WWVegas/WW3D2/BFME2ScopedRenderEventDtor.cpp	??1BFME2ScopedRenderEvent@@QAE@XZ	?bfmeRva0011F3C0@@YAXXZ	0x0011F3C0	unowned
Code/Libraries/Source/WWVegas/WW3D2/BFME2StreamMotionChannelEvaluate.cpp	?UnknownSlot3@BFME2Encoding1MotionChannel@@UAEXMPAMPAPAE@Z	?rva001B2210@BFME2Encoding1MotionChannel@@QAEXPAIIIPAM1@Z	0x001B2210	unowned
Code/Libraries/Source/WWVegas/WW3D2/BFME2StreamMotionChannelEvaluate.cpp	?UnknownSlot3@BFME2Encoding2MotionChannel@@UAEXMPAMPAPAE@Z	?rva001B2599@BFME2Encoding2MotionChannel@@QAEXPAIIIPAM1@Z	0x001B2599	unowned
Code/Libraries/Source/WWVegas/WW3D2/BFME2StreamMotionChannelEvaluate.cpp	?UnknownSlot4@BFME2Encoding1MotionChannel@@UAEXMPAVVector3@@PAPAE@Z	?rva001B230A@BFME2Encoding1MotionChannel@@QAEXPAIIIPAVVector3@@1@Z	0x001B230A	unowned
Code/Libraries/Source/WWVegas/WW3D2/BFME2StreamMotionChannelEvaluate.cpp	?UnknownSlot4@BFME2Encoding2MotionChannel@@UAEXMPAVVector3@@PAPAE@Z	?rva001B267B@BFME2Encoding2MotionChannel@@QAEXPAIIIPAVVector3@@1@Z	0x001B267B	unowned
Code/Libraries/Source/WWVegas/WW3D2/BFME2StreamMotionChannelEvaluate.cpp	?UnknownSlot5@BFME2Encoding1MotionChannel@@UAEXMPAVQuaternion@@PAPAE@Z	?rva001B2450@BFME2Encoding1MotionChannel@@QAEXPAIIIPAVQuaternion@@1@Z	0x001B2450	unowned
Code/Libraries/Source/WWVegas/WW3D2/BFME2StreamMotionChannelEvaluate.cpp	?UnknownSlot5@BFME2Encoding2MotionChannel@@UAEXMPAVQuaternion@@PAPAE@Z	?rva001B27AB@BFME2Encoding2MotionChannel@@QAEXPAIIIPAVQuaternion@@1@Z	0x001B27AB	unowned
Code/Libraries/Source/WWVegas/WW3D2/DX8InsertTextureCategory.cpp	?Insert_To_Texture_Category@DX8FVFCategoryContainer@@IAEXAAVVertex_Split_Table@@PAPAVTextureClass@@PAVVertexMaterialClass@@VShaderClass@@HI@Z	?Add_Mesh@DX8TextureCategoryClass@@QAEIAAVVertex_Split_Table@@IIPAVIndexBufferClass@@I@Z	0x00145620	unowned
Code/Libraries/Source/WWVegas/WW3D2/DX8TextureCategoryCtor.cpp	??0DX8TextureCategoryClass@@QAE@PAVDX8FVFCategoryContainer@@PAPAVTextureClass@@VShaderClass@@PAVVertexMaterialClass@@H@Z	??0?$RefCountPtr@VTextureClass@@@@QAE@XZ	0x00326BE6	divergent
Code/Libraries/Source/WWVegas/WW3D2/DX8TextureCategoryCtor.cpp	uw_0076627e	??1?$MultiListClass@VDX8PolygonRendererClass@@@@UAE@XZ	0x00144690	wrong
Code/Libraries/Source/WWVegas/WW3D2/DX8WebBrowserCreateBrowser.cpp	?CreateBrowser@DX8WebBrowser@@SAXPBD0HHHHHJPAUIDispatch@@@Z	??0BfmeBstrVGP@@QAE@PBD@Z	0x00176CD0	wrong
Code/Libraries/Source/WWVegas/WW3D2/DX8WebBrowserInitialize.cpp	?Initialize@DX8WebBrowser@@SA_NPBD000@Z	?Release@Data_t@_bstr_t@@QAEKXZ	0x00176E90	wrong
Code/Libraries/Source/WWVegas/WW3D2/DX8Wrapper_Do_Onetime_Device_Dependent_Inits.cpp	?Do_Onetime_Device_Dependent_Inits@DX8Wrapper@@SAXXZ	??0Rva00DF6F94GapFillerContext@@QAE@XZ	0x0017414B	unowned
Code/Libraries/Source/WWVegas/WW3D2/DX8Wrapper_Do_Onetime_Device_Dependent_Inits.cpp	?Do_Onetime_Device_Dependent_Inits@DX8Wrapper@@SAXXZ	?Rva00177923Init@@YAXXZ	0x00177923	unowned
Code/Libraries/Source/WWVegas/WW3D2/DX8Wrapper_Do_Onetime_Device_Dependent_Inits.cpp	?Do_Onetime_Device_Dependent_Inits@DX8Wrapper@@SAXXZ	?Rva0017E210Init@@YAXXZ	0x0017E210	unowned
Code/Libraries/Source/WWVegas/WW3D2/DX8Wrapper_Do_Onetime_Device_Dependent_Inits.cpp	?Do_Onetime_Device_Dependent_Inits@DX8Wrapper@@SAXXZ	?_Init_Filters@TextureFilterClass@@SAXW4TextureFilterMode@1@@Z	0x0013EB60	unowned
Code/Libraries/Source/WWVegas/WW3D2/DebugStatisticsRecordTexture.cpp	_$E1	_$E2	0x007B7040	wrong
Code/Libraries/Source/WWVegas/WW3D2/DebugStatisticsRecordTexture.cpp	_$E4	_$E5	0x007B7060	wrong
Code/Libraries/Source/WWVegas/WW3D2/FontCharsClassConstructorBFME.cpp	uw_00767079	??1FontCharDataTree@@QAE@XZ	0x00157380	unowned
Code/Libraries/Source/WWVegas/WW3D2/FontCharsClassGetCharData.cpp	?Get_Char_Data@FontCharsClass@@AAEPBVFontCharsClassCharDataStruct@@G@Z	?Store_GDI_Char@FontCharsClass@@AAEPBVFontCharsClassCharDataStruct@@G@Z	0x00157FF0	unowned
Code/Libraries/Source/WWVegas/WW3D2/FontCharsClassLoadCharacterData.cpp	?loadCharacterData@FontCharsClass@@QAEPBUFontCharsClassCharDataStruct@@G@Z	?loadCharBitmap@FontCharsClass@@AAEPBUFontCharsClassCharDataStruct@@G@Z	0x00156A60	unowned
Code/Libraries/Source/WWVegas/WW3D2/FrameGrabClassGetBuffer.cpp	?GetBuffer@FrameGrabClass@@QAEPAJXZ	?Rva00958570_Flush_Buffered_Frames@FrameGrabClass@@IAEXXZ	0x001767D0	unowned
Code/Libraries/Source/WWVegas/WW3D2/HAnimComboBFME1.cpp	??3?$AutoPoolClass@VHAnimComboDataClass@@$0BAA@@@SAXPAX@Z	?Free_Object_Memory@?$ObjectPoolClass@VHAnimComboDataClass@@$0BAA@@@QAEXPAVHAnimComboDataClass@@@Z	0x00196470	divergent
Code/Libraries/Source/WWVegas/WW3D2/HAnimComboBFME1.cpp	?Remove_Anim_Combo_Data@HAnimComboClass@@QAEXPAVHAnimComboDataClass@@@Z	?Delete@?$DynamicVectorClass@PAVHAnimComboDataClass@@@@QAE_NH@Z	0x00196520	divergent
Code/Libraries/Source/WWVegas/WW3D2/HAnimComboBFME1.cpp	uw_007689e0	??1?$DynamicVectorClass@PAVHAnimComboDataClass@@@@UAE@XZ	0x00196B50	wrong
Code/Libraries/Source/WWVegas/WW3D2/HLodGetProxy.cpp	?Get_Proxy@HLodClass@@UBE_NHAAVProxyClass@@@Z	?Base_Update@HTreeClass@@QAEXABVMatrix3D@@@Z	0x001628A0	unowned
Code/Libraries/Source/WWVegas/WW3D2/HRawLoadW3D.cpp	?Load_W3D@HRawAnimClass@@QAEHAAVChunkLoadClass@@@Z	??1NodeMotionStruct@@QAE@XZ	0x0018E750	wrong
Code/Libraries/Source/WWVegas/WW3D2/HTreeClassCopyConstructor.cpp	??0HTreeClass@@QAE@ABV0@@Z	??0BfmeRva00166110@@QAE@ABV0@@Z	0x00166110	unowned
Code/Libraries/Source/WWVegas/WW3D2/HTreeClassFree.cpp	?Clear@BfmeRva00166110@@QAEXXZ	?bfmeRva00161350@@YAPAUBfmeRva00161350Elem@@PAU1@00ABUBfmeRva00161350Tag@@PAH@Z	0x00161350	unowned
Code/Libraries/Source/WWVegas/WW3D2/HTreeClassFree.cpp	?Free@HTreeClass@@QAEXXZ	?bfmeRva00161350@@YAPAUBfmeRva00161350Elem@@PAU1@00ABUBfmeRva00161350Tag@@PAH@Z	0x00161350	unowned
Code/Libraries/Source/WWVegas/WW3D2/HTreeClassReleaseBone.cpp	?Release_Bone@HTreeClass@@QAEXH@Z	?bfmeRva00161350@@YAPAUBfmeRva00161350Elem@@PAU1@00ABUBfmeRva00161350Tag@@PAH@Z	0x00161350	unowned
Code/Libraries/Source/WWVegas/WW3D2/MaterialCollectorClassCtor.cpp	uw_007679e8	??1MaterialVector@@QAE@XZ	0x0016F580	wrong
Code/Libraries/Source/WWVegas/WW3D2/MaterialCollectorDestructor.cpp	?Resize@?$VectorClass@VBfmeHandleCX@@@@UAE_NHPBVBfmeHandleCX@@@Z	??0BfmeHandleCX@@QAE@XZ	0x00326BE6	wrong
Code/Libraries/Source/WWVegas/WW3D2/MaterialInfoClassCtor.cpp	uw_00767a68	??1MaterialVector@@QAE@XZ	0x0016F580	wrong
Code/Libraries/Source/WWVegas/WW3D2/MaterialInfoCopyCtor.cpp	uw_00767978	??1MaterialVector@@QAE@XZ	0x0016F580	wrong
Code/Libraries/Source/WWVegas/WW3D2/MaterialInfoCopyCtor.cpp	uw_00767983	??1TextureVector@@UAE@XZ	0x0016FDB0	wrong
Code/Libraries/Source/WWVegas/WW3D2/MaterialInfoDtor.cpp	uw_007679b8	??1MaterialVector@@QAE@XZ	0x0016F580	wrong
Code/Libraries/Source/WWVegas/WW3D2/MaterialInfoDtor.cpp	uw_007679c3	??1TextureVector@@UAE@XZ	0x0016FDB0	wrong
Code/Libraries/Source/WWVegas/WW3D2/MeshLoadContextCtor.cpp	??1MeshLoadContextClass@@AAE@XZ	??1MeshMatDescClass@@QAE@XZ	0x0015DC40	wrong
Code/Libraries/Source/WWVegas/WW3D2/MeshLoadContextCtor.cpp	uw_00768726	??1MeshMdlTextureVector@@UAE@XZ	0x0016FDB0	wrong
Code/Libraries/Source/WWVegas/WW3D2/MeshLoadContextCtor.cpp	uw_00768734	??1MeshMatDescClass@@QAE@XZ	0x0015DC40	wrong
Code/Libraries/Source/WWVegas/WW3D2/MeshLoadContextCtor.cpp	uw_007687a6	??1MeshMdlTextureVector@@UAE@XZ	0x0016FDB0	wrong
Code/Libraries/Source/WWVegas/WW3D2/MeshLoadContextCtor.cpp	uw_007687b4	??1MeshMatDescClass@@QAE@XZ	0x0015DC40	wrong
Code/Libraries/Source/WWVegas/WW3D2/MeshMatDescDefaultCtor.cpp	??0MeshMatDescClass@@QAE@ABV0@@Z	??0?$RefCountPtr@VTextureClass@@@@QAE@XZ	0x00326BE6	divergent
Code/Libraries/Source/WWVegas/WW3D2/MeshMatDescDefaultCtor.cpp	??0MeshMatDescClass@@QAE@XZ	??0?$RefCountPtr@VTextureClass@@@@QAE@XZ	0x00326BE6	divergent
Code/Libraries/Source/WWVegas/WW3D2/MeshMatDescUniqueArrays.cpp	uw_00767310	??1RefPtr@@QAE@XZ	0x0007B724	divergent
Code/Libraries/Source/WWVegas/WW3D2/MeshModelClassDtor.cpp	??1MeshModelClass@@UAE@XZ	??1MeshMatDescClass@@QAE@XZ	0x0015DC40	wrong
Code/Libraries/Source/WWVegas/WW3D2/MeshModelLoadW3D.cpp	?Load_W3D@MeshModelClass@@UAE_NAAVChunkLoadClass@@@Z	?install_materials@MeshModelClass@@IAEXPAVMeshLoadContextClass@@@Z	0x0018A070	unowned
Code/Libraries/Source/WWVegas/WW3D2/MeshModelReadChunks.cpp	?read_chunks@MeshModelClass@@IAE_NAAVChunkLoadClass@@PAVMeshLoadContextClass@@@Z	?read_Rva0018AF70@MeshModelClass@@IAE_NAAVChunkLoadClass@@PAVMeshLoadContextClass@@@Z	0x0018AF70	unowned
Code/Libraries/Source/WWVegas/WW3D2/MeshModelReadChunks.cpp	?read_chunks@MeshModelClass@@IAE_NAAVChunkLoadClass@@PAVMeshLoadContextClass@@@Z	?read_vertex_influences@MeshGeometryClass@@IAE_NAAVChunkLoadClass@@@Z	0x0016B1A0	unowned
Code/Libraries/Source/WWVegas/WW3D2/MeshModelReadTextureStage.cpp	?read_texture_stage@MeshModelClass@@IAE_NAAVChunkLoadClass@@PAVMeshLoadContextClass@@@Z	?Seek@ChunkLoadClass@@QAEKK@Z	0x006150C0	unowned
Code/Libraries/Source/WWVegas/WW3D2/MeshModelReadTextures.cpp	?read_textures@MeshModelClass@@IAE_NAAVChunkLoadClass@@PAVMeshLoadContextClass@@@Z	?Load_Texture@@YA?AVBfmeHandleCX@@AAVChunkLoadClass@@@Z	0x00132FFB	unowned
Code/Libraries/Source/WWVegas/WW3D2/MeshModelReset.cpp	?Reset@MeshModelClass@@QAEXHHH_N@Z	??1MeshMatDescClass@@QAE@XZ	0x0015DC40	wrong
Code/Libraries/Source/WWVegas/WW3D2/MeshModelTextureReplacement.cpp	?Replace_Texture@MeshModelClass@@QAEXABV?$RefCountPtr@VTextureClass@@@@0@Z	?Change_Polygon_Renderer_Texture@DX8FVFCategoryContainer@@QAEXAAV?$MultiListClass@VDX8PolygonRendererClass@@@@ABV?$RefCountPtr@VTextureClass@@@@1II@Z	0x00146200	unowned
Code/Libraries/Source/WWVegas/WW3D2/MeshModelVertexColors.cpp	?read_per_face_texcoord_ids@MeshModelClass@@IAE_NAAVChunkLoadClass@@PAVMeshLoadContextClass@@@Z	?Seek@ChunkLoadClass@@QAEKK@Z	0x006150C0	unowned
Code/Libraries/Source/WWVegas/WW3D2/PointGroupClassRender.cpp	?Render@PointGroupClass@@QAEXAAVRenderInfoClass@@H@Z	?rva009148C0@PointGroupClass@@QAEXPAVVector3@@PAMPAEH@Z	0x0017A890	unowned
Code/Libraries/Source/WWVegas/WW3D2/PointGroupClassRender.cpp	?Render@PointGroupClass@@QAEXAAVRenderInfoClass@@H@Z	?rva00916CD0@PointGroupClass@@QAEXPAEHH@Z	0x0017D770	unowned
Code/Libraries/Source/WWVegas/WW3D2/PointGroupClassUpdateArrays00917B10.cpp	?rva00917B10@PointGroupClass@@QAEXPAVVector3@@PAVVector4@@PAMPAE3HHPAHH@Z	?rva009148C0@PointGroupClass@@QAEXPAVVector3@@PAMPAEH@Z	0x0017A890	unowned
Code/Libraries/Source/WWVegas/WW3D2/PointGroupClassUpdateArrays00917B10.cpp	?rva00917B10@PointGroupClass@@QAEXPAVVector3@@PAVVector4@@PAMPAE3HHPAHH@Z	?rva00916CD0@PointGroupClass@@QAEXPAEHH@Z	0x0017D770	unowned
Code/Libraries/Source/WWVegas/WW3D2/Render2DClassAddOutline.cpp	?Add_Outline@Render2DClass@@QAEXABVRectClass@@MK@Z	?Add_Line@Render2DClass@@QAEXABVVector2@@0MK@Z	0x00042A4D	unowned
Code/Libraries/Source/WWVegas/WW3D2/Rva000456F0.cpp	?rva000456F0@Rva000456F0@@QAEXABVRectClass@@0K@Z	?Add_Quad@Render2DClass@@QAEXABVRectClass@@0KKKK@Z	0x00042719	unowned
Code/Libraries/Source/WWVegas/WW3D2/Rva001296F0Destroy.cpp	?Rva001296F0Destroy@@YAXXZ	??1Rva001880D0Dtor@@UAE@XZ	0x001880D0	unowned
Code/Libraries/Source/WWVegas/WW3D2/Rva0014921ECluster.cpp	?rva0014921e@@YAXHHPAVRva0014921EVector@@H@Z	?rva00149002@@YAXHHPAVRva0014921EVector@@H@Z	0x00149002	unowned
Code/Libraries/Source/WWVegas/WW3D2/Rva001499D0Cluster.cpp	?Get_Deformed_Vertices@MeshClass@@QAEXPAVVector3@@0@Z	?get_deformed_vertices@MeshModelClass@@QAEXPAVVector3@@0PBVHTreeClass@@@Z	0x0016BF40	unowned
Code/Libraries/Source/WWVegas/WW3D2/Rva001499D0Cluster.cpp	?Get_Deformed_Vertices@MeshClass@@QAEXPAVVector3@@@Z	?get_deformed_vertices@MeshModelClass@@QAEXPAVVector3@@PBVHTreeClass@@@Z	0x0016B680	unowned
Code/Libraries/Source/WWVegas/WW3D2/Rva0015b110Cluster.cpp	uw_0076724b	??1RefPtr@@QAE@XZ	0x0007B724	divergent
Code/Libraries/Source/WWVegas/WW3D2/Rva00173230Finish.cpp	?Register_For_Rendering@MeshModelClass@@QAEXXZ	?rva00145C30@Rva00145C30@@QAEHPAVMeshModelClass@@@Z	0x00145C30	unowned
Code/Libraries/Source/WWVegas/WW3D2/Rva00173230Finish.cpp	?Register_For_Rendering@MeshModelClass@@QAEXXZ	?rva001735F9@Rva001735F9@@QAEHPAVMeshModelClass@@@Z	0x001735F9	unowned
Code/Libraries/Source/WWVegas/WW3D2/Rva00173230Finish.cpp	?Register_For_Rendering@MeshModelClass@@QAEXXZ	?rva00199FFB@Rva00199FFB@@SAXPAVMeshMatDescClass@@PAVMeshModelClass@@@Z	0x00199FFB	unowned
Code/Libraries/Source/WWVegas/WW3D2/Rva0061F090Siblings.cpp	?rva0061F090@@YAHXZ	?bfmeForward@Gen_009EBB60Target@@QAEHXZ	0x00620DA0	unowned
Code/Libraries/Source/WWVegas/WW3D2/Rva00958200BfmeThingTXACtor.cpp	??0BfmeThingTXA@@QAE@PBDHHHMH_N@Z	_AVIFileCreateStreamA@12	0x00654790	unowned
Code/Libraries/Source/WWVegas/WW3D2/Rva00958200BfmeThingTXACtor.cpp	??0BfmeThingTXA@@QAE@PBDHHHMH_N@Z	_AVIFileInit@0	0x0065479C	unowned
Code/Libraries/Source/WWVegas/WW3D2/Rva00958200BfmeThingTXACtor.cpp	??0BfmeThingTXA@@QAE@PBDHHHMH_N@Z	_AVIFileOpen@16	0x00654796	unowned
Code/Libraries/Source/WWVegas/WW3D2/Rva00958200BfmeThingTXACtor.cpp	??0BfmeThingTXA@@QAE@PBDHHHMH_N@Z	_AVIFileReadData@16	0x00654778	unowned
Code/Libraries/Source/WWVegas/WW3D2/Rva00958200BfmeThingTXACtor.cpp	??0BfmeThingTXA@@QAE@PBDHHHMH_N@Z	_AVIMakeCompressedStream@16	0x00654784	unowned
Code/Libraries/Source/WWVegas/WW3D2/Rva943E10CompressedAnimFree.cpp	?free@Rva943E10CompressedAnim@@QAEXXZ	??1Rva943E10NodeMotion@@QAE@XZ	0x00141CA0	wrong
Code/Libraries/Source/WWVegas/WW3D2/SegmentedLineRenderSegLineThunk.cpp	?Render_Seg_Line@SegmentedLineClass@@IAEXAAVRenderInfoClass@@@Z	?Render@SegLineRendererClass@@QAEXAAVRenderInfoClass@@ABVMatrix3D@@IPAVVector3@@ABVSphereClass@@PAVVector4@@@Z	0x00191C10	unowned
Code/Libraries/Source/WWVegas/WW3D2/ShareBufferClassTextureCopyCtor.cpp	??0?$ShareBufferClass@PAVTextureClass@@@@QAE@ABV0@@Z	??0TextureSlot@@QAE@XZ	0x00326BE6	wrong
Code/Libraries/Source/WWVegas/WW3D2/SimpleDynVecDeleteAllV4_Rva0016843C.cpp	?Delete_All@?$SimpleDynVecClass@VVector4@@@@QAEX_N@Z	?Shrink@?$SimpleDynVecClass@VVector4@@@@IAE_NXZ	0x00100210	wrong
Code/Libraries/Source/WWVegas/WW3D2/SimpleDynVecDeleteO1.cpp	?Delete@?$SimpleDynVecClass@VVector3@@@@QAE_NH_N@Z	?Shrink@?$SimpleDynVecClass@VVector3@@@@IAE_NXZ	0x00100210	wrong
Code/Libraries/Source/WWVegas/WW3D2/SimpleSceneClass_dtor.cpp	uw_007660a0	??1BfmeSceneBase@@UAE@XZ	0x00724510	wrong
Code/Libraries/Source/WWVegas/WW3D2/SortingNodeStructDtor.cpp	??0SortingNodeStruct@@QAE@XZ	??0?$RefCountPtr@VTextureClass@@@@QAE@XZ	0x00326BE6	divergent
Code/Libraries/Source/WWVegas/WW3D2/SortingNodeStructDtor.cpp	??0SortingRenderStateStruct@@QAE@XZ	??0?$RefCountPtr@VTextureClass@@@@QAE@XZ	0x00326BE6	divergent
Code/Libraries/Source/WWVegas/WW3D2/TextureStatisticsVectorWide.cpp	??_G?$DynamicVectorClassWide@UTextureStatisticsStructWide@@@@UAEPAXI@Z	??1?$DynamicVectorClassWide@UTextureStatisticsStructWide@@@@UAE@XZ	0x001569C0	wrong
Code/Libraries/Source/WWVegas/WW3D2/TextureVectorBaseCtor.cpp	??0TextureVectorBaseCtorShim@@QAE@HPBV?$RefCountPtr@VTextureClass@@@@@Z	??0?$RefCountPtr@VTextureClass@@@@QAE@XZ	0x00326BE6	divergent
Code/Libraries/Source/WWVegas/WW3D2/VectorClassProxyAssign.cpp	??4?$VectorClass@VProxyClass@@@@QAEAAV0@ABV0@@Z	??0ProxyClass@@QAE@XZ	0x00326BE6	divergent
Code/Libraries/Source/WWVegas/WW3D2/animobj.cpp	?Anim_Update@Animatable3DObjClass@@IAEXABVMatrix3D@@PAVHAnimClass@@M@Z	?Anim_Update@HTreeClass@@QAEXABVMatrix3D@@PAVHAnimClass@@M@Z	0x00162BB0	unowned
Code/Libraries/Source/WWVegas/WW3D2/animobj.cpp	?Anim_Update@Animatable3DObjClass@@IAEXABVMatrix3D@@PAVHAnimClass@@M@Z	?Anim_Update@HTreeClass@@QAEXABVMatrix3D@@PAVHRawAnimClass@@M@Z	0x00163A80	unowned
Code/Libraries/Source/WWVegas/WW3D2/animobj.cpp	?Base_Update@Animatable3DObjClass@@IAEXABVMatrix3D@@@Z	?Base_Update@HTreeClass@@QAEXABVMatrix3D@@@Z	0x001628A0	unowned
Code/Libraries/Source/WWVegas/WW3D2/animobj.cpp	?Blend_Update@Animatable3DObjClass@@IAEXABVMatrix3D@@PAVHAnimClass@@M1MM@Z	?Blend_Update@HTreeClass@@QAEXABVMatrix3D@@PAVHAnimClass@@M1MM@Z	0x001645B0	unowned
Code/Libraries/Source/WWVegas/WW3D2/animobj.cpp	?Capture_Bone@Animatable3DObjClass@@UAEXH@Z	?Capture_Bone@HTreeClass@@QAEXH@Z	0x00166980	unowned
Code/Libraries/Source/WWVegas/WW3D2/animobj.cpp	?Combo_Update@Animatable3DObjClass@@IAEXABVMatrix3D@@PAVHAnimComboClass@@@Z	?Combo_Update@HTreeClass@@QAEXABVMatrix3D@@PAVHAnimComboClass@@@Z	0x00165820	unowned
Code/Libraries/Source/WWVegas/WW3D2/animobj.cpp	?Simple_Evaluate_Bone@Animatable3DObjClass@@UBE_NHMPAVMatrix3D@@@Z	?Simple_Evaluate_Pivot@HTreeClass@@QBE_NHABVMatrix3D@@PAV2@@Z	0x001606E0	unowned
Code/Libraries/Source/WWVegas/WW3D2/animobj.cpp	?Simple_Evaluate_Bone@Animatable3DObjClass@@UBE_NHMPAVMatrix3D@@@Z	?Simple_Evaluate_Pivot@HTreeClass@@QBE_NPAVHAnimClass@@HMABVMatrix3D@@PAV3@@Z	0x00161700	unowned
Code/Libraries/Source/WWVegas/WW3D2/animobj.cpp	?Update_Sub_Object_Transforms@Animatable3DObjClass@@MAEXXZ	?Slave_Update@HTreeClass@@QAEXPBV1@ABVMatrix3D@@@Z	0x00160CB0	unowned
Code/Libraries/Source/WWVegas/WW3D2/bfmedynamicvertexbuffer.cpp	uw_00765c90	??1BfmeDynamicVBRefCount@@UAE@XZ	0x00072892	wrong
Code/Libraries/Source/WWVegas/WW3D2/dx8caps.cpp	?Compute_Caps@DX8Caps@@QAEXW4WW3DFormat@@ABU_D3DADAPTER_IDENTIFIER8@@@Z	?Check_Texture_Compression_Support@DX8Caps@@AAEXABU_D3DCAPS8@@@Z	0x0012B4E0	unowned
Code/Libraries/Source/WWVegas/WW3D2/dx8caps.cpp	?Compute_Caps@DX8Caps@@QAEXW4WW3DFormat@@ABU_D3DADAPTER_IDENTIFIER8@@@Z	?Vendor_Specific_Hacks@DX8Caps@@AAEXABU_D3DADAPTER_IDENTIFIER8@@@Z	0x0012B9B0	unowned
Code/Libraries/Source/WWVegas/WW3D2/dx8renderer.cpp	??0DX8FVFCategoryContainer@@QAE@I_N@Z	??0?$MultiListClass@VDX8TextureCategoryClass@@@@QAE@XZ	0x00143D40	wrong
Code/Libraries/Source/WWVegas/WW3D2/dx8renderer.cpp	??0DX8FVFCategoryContainer@@QAE@I_N@Z	??1?$MultiListClass@VDX8TextureCategoryClass@@@@UAE@XZ	0x001446F0	wrong
Code/Libraries/Source/WWVegas/WW3D2/dx8renderer.cpp	??1DX8FVFCategoryContainer@@UAE@XZ	??1?$MultiListClass@VDX8TextureCategoryClass@@@@UAE@XZ	0x001446F0	wrong
Code/Libraries/Source/WWVegas/WW3D2/dx8renderer.cpp	?Add_Render_Task@DX8TextureCategoryClass@@QAEXPAVDX8PolygonRendererClass@@PAVMeshClass@@@Z	?Allocate_Object_Memory@?$ObjectPoolClass@VPolyRenderTaskClass@@$0BAA@@@QAEPAVPolyRenderTaskClass@@XZ	0x001440C0	wrong
Code/Libraries/Source/WWVegas/WW3D2/dx8renderer.cpp	?Render@DX8RigidFVFCategoryContainer@@UAEXXZ	?Render@DX8TextureCategoryClass@@QAEXXZ	0x00146F50	unowned
Code/Libraries/Source/WWVegas/WW3D2/dx8renderer.cpp	?Render@DX8RigidFVFCategoryContainer@@UAEXXZ	?Render_Procedural_Material_Passes@DX8FVFCategoryContainer@@IAEXXZ	0x00146130	wrong
Code/Libraries/Source/WWVegas/WW3D2/dx8wrapper.cpp	??0?$VectorClass@VRenderDeviceDescClass@@@@QAE@HPBVRenderDeviceDescClass@@@Z	??0RenderDeviceDescClass@@QAE@XZ	0x001221B0	wrong
Code/Libraries/Source/WWVegas/WW3D2/dx8wrapper.cpp	??0?$VectorClass@VRenderDeviceDescClass@@@@QAE@HPBVRenderDeviceDescClass@@@Z	??1RenderDeviceDescClass@@QAE@XZ	0x00122360	wrong
Code/Libraries/Source/WWVegas/WW3D2/dx8wrapper.cpp	??1?$VectorClass@VRenderDeviceDescClass@@@@UAE@XZ	??1RenderDeviceDescClass@@QAE@XZ	0x00122360	wrong
Code/Libraries/Source/WWVegas/WW3D2/dx8wrapper.cpp	??_G?$DynamicVectorClass@VRenderDeviceDescClass@@@@UAEPAXI@Z	??1?$DynamicVectorClass@VRenderDeviceDescClass@@@@UAE@XZ	0x00125D70	wrong
Code/Libraries/Source/WWVegas/WW3D2/dx8wrapper.cpp	??_G?$DynamicVectorClass@VStringClass@@@@UAEPAXI@Z	??1?$DynamicVectorClass@VStringClass@@@@UAE@XZ	0x00121E20	divergent
Code/Libraries/Source/WWVegas/WW3D2/dx8wrapper.cpp	??_G?$VectorClass@VRenderDeviceDescClass@@@@UAEPAXI@Z	??1RenderDeviceDescClass@@QAE@XZ	0x00122360	wrong
Code/Libraries/Source/WWVegas/WW3D2/dx8wrapper.cpp	??__F_RenderDeviceDescriptionTable@@YAXXZ	??1?$DynamicVectorClass@VRenderDeviceDescClass@@@@UAE@XZ	0x00125D70	wrong
Code/Libraries/Source/WWVegas/WW3D2/dx8wrapper.cpp	??__F_RenderDeviceNameTable@@YAXXZ	??1?$DynamicVectorClass@VStringClass@@@@UAE@XZ	0x00121E20	divergent
Code/Libraries/Source/WWVegas/WW3D2/dx8wrapper.cpp	??__F_RenderDeviceShortNameTable@@YAXXZ	??1?$DynamicVectorClass@VStringClass@@@@UAE@XZ	0x00121E20	divergent
Code/Libraries/Source/WWVegas/WW3D2/dx8wrapper.cpp	?Clear@?$DynamicVectorClass@VRenderDeviceDescClass@@@@UAEXXZ	??1RenderDeviceDescClass@@QAE@XZ	0x00122360	wrong
Code/Libraries/Source/WWVegas/WW3D2/dx8wrapper.cpp	?Clear@?$VectorClass@VRenderDeviceDescClass@@@@UAEXXZ	??1RenderDeviceDescClass@@QAE@XZ	0x00122360	wrong
Code/Libraries/Source/WWVegas/WW3D2/dx8wrapper.cpp	?Reset_Device@DX8Wrapper@@SA_N_N@Z	?bfmeReleaseQueuedDeviceInterfaces@@YAXXZ	0x00133283	unowned
Code/Libraries/Source/WWVegas/WW3D2/dx8wrapper.cpp	?Resize@?$VectorClass@VRenderDeviceDescClass@@@@UAE_NHPBVRenderDeviceDescClass@@@Z	??0RenderDeviceDescClass@@QAE@XZ	0x001221B0	wrong
Code/Libraries/Source/WWVegas/WW3D2/dx8wrapper.cpp	?Resize@?$VectorClass@VRenderDeviceDescClass@@@@UAE_NHPBVRenderDeviceDescClass@@@Z	??1RenderDeviceDescClass@@QAE@XZ	0x00122360	wrong
Code/Libraries/Source/WWVegas/WW3D2/dx8wrapper.cpp	?Shutdown@DX8Wrapper@@SAXXZ	??1Rva00DF6F94GapFillerContext@@QAE@XZ	0x00174753	unowned
Code/Libraries/Source/WWVegas/WW3D2/hanim_vector_hanimcombo_ctor.cpp	??_G?$DynamicVectorClass@PAVHAnimComboDataClass@@@@UAEPAXI@Z	??1?$DynamicVectorClass@PAVHAnimComboDataClass@@@@UAE@XZ	0x00196B50	wrong
Code/Libraries/Source/WWVegas/WW3D2/hcanim.cpp	??1NodeCompressedMotionStruct@@QAE@XZ	??1AdaptiveDeltaMotionChannelClass@@QAE@XZ	0x001960E0	wrong
Code/Libraries/Source/WWVegas/WW3D2/hcanim.cpp	??_GAdaptiveDeltaMotionChannelClass@@QAEPAXI@Z	??1AdaptiveDeltaMotionChannelClass@@QAE@XZ	0x001960E0	wrong
Code/Libraries/Source/WWVegas/WW3D2/hlod.cpp	??0HLodClass@@QAE@ABVHLodDefClass@@@Z	?Update_Obj_Space_Bounding_Volumes@HLodClass@@MAEXXZ	0x0019DB50	unowned
Code/Libraries/Source/WWVegas/WW3D2/hlod.cpp	??0HLodClass@@QAE@PBDPAPAVRenderObjClass@@H@Z	?Update_Obj_Space_Bounding_Volumes@HLodClass@@MAEXXZ	0x0019DB50	unowned
Code/Libraries/Source/WWVegas/WW3D2/hrawanim.cpp	??1HRawAnimClass@@UAE@XZ	??1NodeMotionStruct@@QAE@XZ	0x0018E750	wrong
Code/Libraries/Source/WWVegas/WW3D2/hrawanim.cpp	?Free@HRawAnimClass@@AAEXXZ	??1NodeMotionStruct@@QAE@XZ	0x0018E750	wrong
Code/Libraries/Source/WWVegas/WW3D2/mapper.cpp	??_GTextureMapperClass@@UAEPAXI@Z	??1TextureMapperClass@@UAE@XZ	0x00724510	wrong
Code/Libraries/Source/WWVegas/WW3D2/mesh.cpp	??0?$SimpleDynVecClass@K@@QAE@H@Z	?Resize@?$SimpleVecClass@K@@UAE_NH@Z	0x001A7C80	wrong
Code/Libraries/Source/WWVegas/WW3D2/meshgeometry.cpp	??_GMultiListObjectClass@@UAEPAXI@Z	??1MultiListObjectClass@@UAE@XZ	0x00144230	unowned
Code/Libraries/Source/WWVegas/WW3D2/meshgeometry.cpp	?Cast_AABox@AABTreeClass@@QAE_NAAVAABoxCollisionTestClass@@@Z	?Cast_AABox_Recursive@AABTreeClass@@AAE_NPAUCullNodeStruct@1@AAVAABoxCollisionTestClass@@@Z	0x00198730	wrong
Code/Libraries/Source/WWVegas/WW3D2/motchan.cpp	?Load_W3D@MotionChannelClass@@QAE_NAAVChunkLoadClass@@@Z	?Seek@ChunkLoadClass@@QAEKK@Z	0x006150C0	unowned
Code/Libraries/Source/WWVegas/WW3D2/part_buf.cpp	??0ParticleBufferClass@@QAE@PAVParticleEmitterClass@@IAAU?$ParticlePropertyStruct@VVector3@@@@AAU?$ParticlePropertyStruct@M@@22M22VVector3@@MMPAVTextureClass@@VShaderClass@@_NHHPBUW3dEmitterLinePropertiesStruct@@@Z	?Set_Texture@LineGroupClass@@QAEXPAVTextureClass@@@Z	0x001790A0	wrong
Code/Libraries/Source/WWVegas/WW3D2/part_buf.cpp	?Render_Line_Group@ParticleBufferClass@@IAEXAAVRenderInfoClass@@@Z	?Render@LineGroupClass@@QAEXAAVRenderInfoClass@@@Z	0x001B38A0	unowned
Code/Libraries/Source/WWVegas/WW3D2/part_buf.cpp	?Set_Texture@ParticleBufferClass@@QAEXPAVTextureClass@@@Z	?Set_Texture@LineGroupClass@@QAEXPAVTextureClass@@@Z	0x001790A0	wrong
Code/Libraries/Source/WWVegas/WW3D2/particle_buffer_render_line.cpp	??__Ftmp_id@?4??Render_Line@ParticleBufferClass@@IAEXAAVRenderInfoClass@@@Z@YAXXZ	??1?$SimpleDynVecClass@E@@UAE@XZ	0x001A7F20	divergent
Code/Libraries/Source/WWVegas/WW3D2/particle_buffer_render_line.cpp	?Render_Line@ParticleBufferClass@@IAEXAAVRenderInfoClass@@@Z	?Render@SegLineRendererClass@@QAEXAAVRenderInfoClass@@ABVMatrix3D@@IPAVVector3@@ABVSphereClass@@PAVVector4@@@Z	0x00191C10	unowned
Code/Libraries/Source/WWVegas/WW3D2/promoted__Reset_HAnimComboClass_QAEXXZ_00974DC0.cpp	??_GHAnimComboDataClass@@QAEPAXI@Z	?Free_Object_Memory@?$ObjectPoolClass@VHAnimComboDataClass@@$0BAA@@@QAEXPAVHAnimComboDataClass@@@Z	0x00196470	divergent
Code/Libraries/Source/WWVegas/WW3D2/promoted__Reset_HAnimComboClass_QAEXXZ_00974DC0.cpp	?Reset@HAnimComboClass@@QAEXXZ	?Free_Object_Memory@?$ObjectPoolClass@VHAnimComboDataClass@@$0BAA@@@QAEXPAVHAnimComboDataClass@@@Z	0x00196470	divergent
Code/Libraries/Source/WWVegas/WW3D2/render2dsentence.cpp	?Get_Formatted_Text_Extents@Render2DSentenceClass@@QAE?AVVector2@@PBG@Z	?Build_Sentence_Not_Centered@Render2DSentenceClass@@AAE?AVVector2@@PBGPAH1_N@Z	0x00159700	unowned
Code/Libraries/Source/WWVegas/WW3D2/static_sort_list.cpp	??0DefaultStaticSortListClass@@QAE@XZ	??0?$RefMultiListClass@VRenderObjClass@@@@QAE@XZ	0x0006E518	divergent
Code/Libraries/Source/WWVegas/WW3D2/static_sort_list.cpp	??0DefaultStaticSortListClass@@QAE@XZ	??1?$RefMultiListClass@VRenderObjClass@@@@UAE@XZ	0x0006F29B	divergent
Code/Libraries/Source/WWVegas/WW3D2/static_sort_list.cpp	??1DefaultStaticSortListClass@@UAE@XZ	??1?$RefMultiListClass@VRenderObjClass@@@@UAE@XZ	0x0006F29B	divergent
Code/Libraries/Source/WWVegas/WW3D2/streak.cpp	?Render_Seg_Line@StreakLineClass@@IAEXAAVRenderInfoClass@@@Z	?Render@SegLineRendererClass@@QAEXAAVRenderInfoClass@@ABVMatrix3D@@IPAVVector3@@ABVSphereClass@@PAVVector4@@@Z	0x00191C10	unowned
Code/Libraries/Source/WWVegas/WW3D2/streak.cpp	?Render_Streak_Line@StreakLineClass@@IAEXAAVRenderInfoClass@@@Z	?RenderStreak@StreakRendererClass@@QAEXAAVRenderInfoClass@@ABVMatrix3D@@IPAVVector3@@PAVVector4@@PAMABVSphereClass@@PAI@Z	0x00743700	unowned
Code/Libraries/Source/WWVegas/WW3D2/vertmaterial.cpp	?Parse_Mapping_Args@VertexMaterialClass@@QAEXABUW3dVertexMaterialStruct@@PAD1@Z	??0GridEnvironmentMapperClass@@QAE@ABVINIClass@@PBDI@Z	0x0013C740	wrong
Code/Libraries/Source/WWVegas/WW3D2/ww3d.cpp	?Get_Render_Target_Resolution@WW3D@@SAXAAH00AA_N@Z	?Get_Render_Target_Resolution@DX8Wrapper@@KAXAAH00AA_N@Z	0x00121860	wrong
Code/Libraries/Source/WWVegas/WW3D2/ww3d.cpp	?Make_Screen_Shot@WW3D@@SAXPBDMW4ScreenShotFormatEnum@1@@Z	?_Get_DX8_Front_Buffer@DX8Wrapper@@SAPAUIDirect3DSurface8@@XZ	0x0011DFE0	wrong
Code/Libraries/Source/WWVegas/WW3D2/ww3d.cpp	?Set_Texture_Filter@WW3D@@SAXH@Z	?_Init_Filters@TextureFilterClass@@SAXW4TextureFilterMode@1@@Z	0x0013EB60	unowned
Code/Libraries/Source/WWVegas/WWDebug/DebugExceptionFilter.cpp	?ExceptionFilter@DebugExceptionhandler@@SGJPAU_EXCEPTION_POINTERS@@@Z	_d_0088d240	0x0003C550	unowned
Code/Libraries/Source/WWVegas/WWDebug/DebugPostStaticInit.cpp	?PostStaticInit@Debug@@CAXXZ	?Create@DebugIOCon@@SAPAVDebugIOInterface@@XZ	0x00040E50	wrong
Code/Libraries/Source/WWVegas/WWDownload/CftpAsyncGetHostByName.cpp	?AsyncGetHostByName@Cftp@@QAEHPADAAUsockaddr_in@@@Z	?gethostbynameA@@YGKPAX@Z	0x006C9F40	wrong
Code/Libraries/Source/WWVegas/WWDownload/registry.cpp	?GetStringFromRegistry@@YA_NV?$basic_string@DV?$char_traits@D@_STL@@V?$allocator@D@2@@_STL@@0AAV12@@Z	??$append@PAD@?$basic_string@DV?$char_traits@D@_STL@@V?$allocator@D@2@@_STL@@AAEAAV01@PAD0ABUforward_iterator_tag@1@@Z	0x0001B3E0	divergent
Code/Libraries/Source/WWVegas/WWLib/Coord3DVectorResizeValue.cpp	?resize@?$vector@UCoord3D@@V?$allocator@UCoord3D@@@_STL@@@_STL@@QAEXIUCoord3D@@@Z	?erase@?$vector@UCoord3D@@V?$allocator@UCoord3D@@@_STL@@@_STL@@QAEPAUCoord3D@@PAU3@0@Z	0x002A133B	divergent
Code/Libraries/Source/WWVegas/WWLib/Coord3DVectorResizeValue.cpp	?resize@?$vector@UCoord3D@@V?$allocator@UCoord3D@@@_STL@@@_STL@@QAEXIUCoord3D@@@Z	?rva00ca1ee@?$vector@UCoord3D@@V?$allocator@UCoord3D@@@_STL@@@_STL@@QAEXPAUCoord3D@@IABU3@@Z	0x000CA1EE	unowned
Code/Libraries/Source/WWVegas/WWLib/INIPutWideString.cpp	uw_007a7220	??1Base64Straw@@UAE@XZ	0x00615B70	wrong
Code/Libraries/Source/WWVegas/WWLib/OuterRecordCtorRva003F64B2.cpp	??0Rva003F64B2Outer@@QAE@PAURva003F64B2Input@@@Z	??0?$_Vector_base@URva003F64B2Element@@V?$allocator@URva003F64B2Element@@@_STL@@@_STL@@QAE@ABV?$allocator@URva003F64B2Element@@@1@@Z	0x00211E58	wrong
Code/Libraries/Source/WWVegas/WWLib/OuterRecordCtorRva003F64B2.cpp	??0Rva003F64B2Outer@@QAE@PAURva003F64B2Input@@PBX@Z	??0?$_Vector_base@URva003F64B2Element@@V?$allocator@URva003F64B2Element@@@_STL@@@_STL@@QAE@ABV?$allocator@URva003F64B2Element@@@1@@Z	0x00211E58	wrong
Code/Libraries/Source/WWVegas/WWLib/PAUTreeHintRef00217D4CRva004F9565.cpp	??$__insertion_sort@PAUTreeHintRef00217D4C@@URva004F9185Cmp@@@_STL@@YAXPAUTreeHintRef00217D4C@@0URva004F9185Cmp@@@Z	??$__linear_insert@PAUTreeHintRef00217D4C@@U1@URva004F9185Cmp@@@_STL@@YAXPAUTreeHintRef00217D4C@@0U1@URva004F9185Cmp@@@Z	0x004F7883	unowned
Code/Libraries/Source/WWVegas/WWLib/PAUTreeHintRef00217D4CRva004F9565.cpp	??$__introsort_loop@PAUTreeHintRef00217D4C@@U1@HURva004F9185Cmp@@@_STL@@YAXPAUTreeHintRef00217D4C@@00HURva004F9185Cmp@@@Z	??$__median@UTreeHintRef00217D4C@@URva004F9185Cmp@@@_STL@@YAABUTreeHintRef00217D4C@@ABU1@00URva004F9185Cmp@@@Z	0x004F6375	unowned
Code/Libraries/Source/WWVegas/WWLib/PAUTreeHintRef00217D4CRva004F9565.cpp	??$__introsort_loop@PAUTreeHintRef00217D4C@@U1@HURva004F9185Cmp@@@_STL@@YAXPAUTreeHintRef00217D4C@@00HURva004F9185Cmp@@@Z	??$__unguarded_partition@PAUTreeHintRef00217D4C@@U1@URva004F9185Cmp@@@_STL@@YAPAUTreeHintRef00217D4C@@PAU1@0U1@URva004F9185Cmp@@@Z	0x004F71A8	unowned
Code/Libraries/Source/WWVegas/WWLib/PAUTreeHintRef00217D4CRva004F9565.cpp	??$__make_heap@PAUTreeHintRef00217D4C@@URva004F9185Cmp@@U1@H@_STL@@YAXPAUTreeHintRef00217D4C@@0URva004F9185Cmp@@0PAH@Z	??$__adjust_heap@PAUTreeHintRef00217D4C@@HU1@URva004F9185Cmp@@@_STL@@YAXPAUTreeHintRef00217D4C@@HHU1@URva004F9185Cmp@@@Z	0x004F6F08	unowned
Code/Libraries/Source/WWVegas/WWLib/PAUTreeHintRef00217D4CRva004F9565.cpp	??$__pop_heap@PAUTreeHintRef00217D4C@@U1@URva004F9185Cmp@@H@_STL@@YAXPAUTreeHintRef00217D4C@@00U1@URva004F9185Cmp@@PAH@Z	??$__adjust_heap@PAUTreeHintRef00217D4C@@HU1@URva004F9185Cmp@@@_STL@@YAXPAUTreeHintRef00217D4C@@HHU1@URva004F9185Cmp@@@Z	0x004F6F08	unowned
Code/Libraries/Source/WWVegas/WWLib/PAUTreeHintRef00217D4CRva004F9565.cpp	??$__unguarded_insertion_sort_aux@PAUTreeHintRef00217D4C@@U1@URva004F9185Cmp@@@_STL@@YAXPAUTreeHintRef00217D4C@@00URva004F9185Cmp@@@Z	??$__unguarded_linear_insert@PAUTreeHintRef00217D4C@@U1@URva004F9185Cmp@@@_STL@@YAXPAUTreeHintRef00217D4C@@U1@URva004F9185Cmp@@@Z	0x004F6590	unowned
Code/Libraries/Source/WWVegas/WWLib/PAUTreeHintRef00217D4CRva004F9565.cpp	??$partial_sort@PAUTreeHintRef00217D4C@@URva004F9185Cmp@@@_STL@@YAXPAUTreeHintRef00217D4C@@00URva004F9185Cmp@@@Z	??$__partial_sort@PAUTreeHintRef00217D4C@@U1@URva004F9185Cmp@@@_STL@@YAXPAUTreeHintRef00217D4C@@000URva004F9185Cmp@@@Z	0x004F86B7	unowned
Code/Libraries/Source/WWVegas/WWLib/Rva00055864Free.cpp	?Rva00055864Free@@YGXPAURva00055864Node@@@Z	??1Rva005333F@@UAE@XZ	0x0005333F	unowned
Code/Libraries/Source/WWVegas/WWLib/Rva00056da2Finish.cpp	??$uninitialized_copy@U?$_Deque_iterator@UOpaqueRefElement4@@U?$_Nonconst_traits@UOpaqueRefElement4@@@_STL@@@_STL@@U12@@_STL@@YA?AU?$_Deque_iterator@UOpaqueRefElement4@@U?$_Nonconst_traits@UOpaqueRefElement4@@@_STL@@@0@U10@00@Z	??$__uninitialized_copy@U?$_Deque_iterator@UOpaqueRefElement4@@U?$_Nonconst_traits@UOpaqueRefElement4@@@_STL@@@_STL@@U12@@_STL@@YA?AU?$_Deque_iterator@UOpaqueRefElement4@@U?$_Nonconst_traits@UOpaqueRefElement4@@@_STL@@@0@U10@00ABU__false_type@0@@Z	0x000558AD	wrong
Code/Libraries/Source/WWVegas/WWLib/Rva00058C6FInsert.cpp	?rva00058C6F@Rva000427195@@QAEPAU?$pair@$$CBVAsciiString@@UTreeHintPayload0005808E@@@_STL@@PBU23@@Z	?rva00212858@Rva000427195@@QAEXI@Z	0x00212858	unowned
Code/Libraries/Source/WWVegas/WWLib/Rva00058D4AReserveInsert.cpp	?rva0005A0EE@Rva00058D4A@@QAEPAUPair00058D4A@@PAU2@ABUBfmeStringRecord00054F57@@@Z	?rva00212858@Rva000427195@@QAEXI@Z	0x00212858	unowned
Code/Libraries/Source/WWVegas/WWLib/Rva000A7A63Insert.cpp	?rva000A7A63@Rva000427195@@QAEPAXPBU?$pair@$$CBVAsciiString@@UNoCaseTreeValue4@@@_STL@@@Z	?rva00212858@Rva000427195@@QAEXI@Z	0x00212858	unowned
Code/Libraries/Source/WWVegas/WWLib/Rva00146EE0Cluster.cpp	?Add_Mesh@DX8SkinFVFCategoryContainer@@UAEXPAVMeshModelClass@@@Z	?Generate_Texture_Categories@DX8FVFCategoryContainer@@QAEXAAVVertex_Split_Table@@I@Z	0x00146BA0	unowned
Code/Libraries/Source/WWVegas/WWLib/Rva00153565Register.cpp	?Rva00153565Register@@YAXPBDPAX@Z	??0?$_Vector_base@UBfmePod68@@V?$allocator@UBfmePod68@@@_STL@@@_STL@@QAE@ABV?$allocator@UBfmePod68@@@1@@Z	0x00211E58	wrong
Code/Libraries/Source/WWVegas/WWLib/Rva001665B0Finish.cpp	?insert@?$vector@UElem36@@V?$allocator@UElem36@@@_STL@@@_STL@@QAEPAUElem36@@PAU3@ABU3@@Z	??$__copy_backward@PAUElem36@@PAU1@H@_STL@@YAPAUElem36@@PAU1@00ABUrandom_access_iterator_tag@0@PAH@Z	0x001611B0	unowned
Code/Libraries/Source/WWVegas/WWLib/Rva00170C0Siblings.cpp	??_GRva00016B60Dtor@@UAEPAXI@Z	??1Rva00016B60Dtor@@UAE@XZ	0x00016B60	wrong
Code/Libraries/Source/WWVegas/WWLib/Rva00170C0Siblings.cpp	??_GRva00120FB0Dtor@@UAEPAXI@Z	??1Rva00120FB0Dtor@@UAE@XZ	0x00120FB0	wrong
Code/Libraries/Source/WWVegas/WWLib/Rva00170C0Siblings.cpp	??_GRva0012A4D0Dtor@@UAEPAXI@Z	??1Rva0012A4D0Dtor@@UAE@XZ	0x0012A4D0	wrong
Code/Libraries/Source/WWVegas/WWLib/Rva00170C0Siblings.cpp	??_GRva00141C30Dtor@@UAEPAXI@Z	??1Rva00141C30Dtor@@UAE@XZ	0x00141C30	wrong
Code/Libraries/Source/WWVegas/WWLib/Rva00170C0Siblings.cpp	??_GRva0014A5B0Dtor@@UAEPAXI@Z	??1Rva0014A5B0Dtor@@UAE@XZ	0x0014A5B0	wrong
Code/Libraries/Source/WWVegas/WWLib/Rva00170C0Siblings.cpp	??_GRva00155330Dtor@@UAEPAXI@Z	??1Rva00155330Dtor@@UAE@XZ	0x00155330	wrong
Code/Libraries/Source/WWVegas/WWLib/Rva00170C0Siblings.cpp	??_GRva00156750Dtor@@UAEPAXI@Z	??1Rva00156750Dtor@@UAE@XZ	0x00156750	wrong
Code/Libraries/Source/WWVegas/WWLib/Rva00170C0Siblings.cpp	??_GRva00157390Dtor@@UAEPAXI@Z	??1Rva00157390Dtor@@UAE@XZ	0x00157390	wrong
Code/Libraries/Source/WWVegas/WWLib/Rva00170C0Siblings.cpp	??_GRva00157C20Dtor@@UAEPAXI@Z	??1Rva00157C20Dtor@@UAE@XZ	0x00157C20	wrong
Code/Libraries/Source/WWVegas/WWLib/Rva00170C0Siblings.cpp	??_GRva00174753Dtor@@UAEPAXI@Z	??1Rva00174753Dtor@@UAE@XZ	0x00174753	unowned
Code/Libraries/Source/WWVegas/WWLib/Rva00170C0Siblings.cpp	??_GRva001811D0Dtor@@UAEPAXI@Z	??1Rva001811D0Dtor@@UAE@XZ	0x001811D0	wrong
Code/Libraries/Source/WWVegas/WWLib/Rva00170C0Siblings.cpp	??_GRva001880D0Dtor@@UAEPAXI@Z	??1Rva001880D0Dtor@@UAE@XZ	0x001880D0	unowned
Code/Libraries/Source/WWVegas/WWLib/Rva00170C0Siblings.cpp	??_GRva001976F0Dtor@@UAEPAXI@Z	??1Rva001976F0Dtor@@UAE@XZ	0x001976F0	wrong
Code/Libraries/Source/WWVegas/WWLib/Rva00170C0Siblings.cpp	??_GRva0019EF70Dtor@@UAEPAXI@Z	??1Rva0019EF70Dtor@@UAE@XZ	0x0019EF70	wrong
Code/Libraries/Source/WWVegas/WWLib/Rva00170C0Siblings.cpp	??_GRva006154D0Dtor@@UAEPAXI@Z	??1Rva006154D0Dtor@@UAE@XZ	0x006154D0	wrong
Code/Libraries/Source/WWVegas/WWLib/Rva00170C0Siblings.cpp	??_GRva006162B0Dtor@@UAEPAXI@Z	??1Rva006162B0Dtor@@UAE@XZ	0x006162B0	wrong
Code/Libraries/Source/WWVegas/WWLib/Rva00170C0Siblings.cpp	??_GRva00625800Dtor@@UAEPAXI@Z	??1Rva00625800Dtor@@UAE@XZ	0x00625800	wrong
Code/Libraries/Source/WWVegas/WWLib/Rva00170C0Siblings.cpp	??_GRva0066C730Dtor@@UAEPAXI@Z	??1Rva0066C730Dtor@@UAE@XZ	0x0066C730	wrong
Code/Libraries/Source/WWVegas/WWLib/Rva00170C0Siblings.cpp	??_GRva006C5930Dtor@@UAEPAXI@Z	??1Rva006C5930Dtor@@UAE@XZ	0x006C5930	wrong
Code/Libraries/Source/WWVegas/WWLib/Rva00170C0Siblings.cpp	??_GRva0073A900Dtor@@UAEPAXI@Z	??1Rva0073A900Dtor@@UAE@XZ	0x0073A900	wrong
Code/Libraries/Source/WWVegas/WWLib/Rva00170C0Siblings.cpp	??_GRva0073E3F0Dtor@@UAEPAXI@Z	??1Rva0073E3F0Dtor@@UAE@XZ	0x0073E3F0	unowned
Code/Libraries/Source/WWVegas/WWLib/Rva00170C0Siblings.cpp	??_GRva0075A080Dtor@@UAEPAXI@Z	??1Rva0075A080Dtor@@UAE@XZ	0x0075A080	wrong
Code/Libraries/Source/WWVegas/WWLib/Rva00171583.cpp	?rva00171583@Rva00171583@@QAE_NABIPAUVec2@@1@Z	?rva001711a6@Rva00171024@@QAEXXZ	0x001711A6	unowned
Code/Libraries/Source/WWVegas/WWLib/Rva00171625Cluster.cpp	?rva00171625@Rva00171024@@QAE?AVAssetReference@@XZ	?rva001711a6@Rva00171024@@QAEXXZ	0x001711A6	unowned
Code/Libraries/Source/WWVegas/WWLib/Rva00180E40Siblings.cpp	??0Rva006F7140Derived@@QAE@XZ	??0Rva006ED060Base@@QAE@XZ	0x006ED060	unowned
Code/Libraries/Source/WWVegas/WWLib/Rva001D25F0VectorInsertOverflow.cpp	??$__copy_ptrs@PAURva001D28F0Element@@PAU1@@_STL@@YAPAURva001D28F0Element@@PAU1@00U__false_type@0@@Z	??$__copy@PAURva001D28F0Element@@PAU1@H@_STL@@YAPAURva001D28F0Element@@PAU1@00ABUrandom_access_iterator_tag@0@PAH@Z	0x00689450	wrong
Code/Libraries/Source/WWVegas/WWLib/Rva001D25F0VectorInsertOverflow.cpp	??$__uninitialized_fill_n@PAURva001D28F0Element@@IU1@@_STL@@YAPAURva001D28F0Element@@PAU1@IABU1@ABU__false_type@0@@Z	??$_Construct@URva001D28F0Element@@U1@@_STL@@YAXPAURva001D28F0Element@@ABU1@@Z	0x006896F0	wrong
Code/Libraries/Source/WWVegas/WWLib/Rva001D25F0VectorInsertOverflow.cpp	??$uninitialized_fill_n@PAURva001D28F0Element@@IU1@@_STL@@YAPAURva001D28F0Element@@PAU1@IABU1@@Z	??$_Construct@URva001D28F0Element@@U1@@_STL@@YAXPAURva001D28F0Element@@ABU1@@Z	0x006896F0	wrong
Code/Libraries/Source/WWVegas/WWLib/Rva001D25F0VectorInsertOverflow.cpp	?_M_insert_overflow@?$vector@URva001D28F0Element@@V?$allocator@URva001D28F0Element@@@_STL@@@_STL@@IAEXPAURva001D28F0Element@@ABU3@ABU__false_type@2@I_N@Z	??$_Construct@URva001D28F0Element@@U1@@_STL@@YAXPAURva001D28F0Element@@ABU1@@Z	0x006896F0	wrong
Code/Libraries/Source/WWVegas/WWLib/Rva001D25F0VectorInsertOverflow.cpp	?erase@?$vector@URva001D28F0Element@@V?$allocator@URva001D28F0Element@@@_STL@@@_STL@@QAEPAURva001D28F0Element@@PAU3@@Z	??$__copy@PAURva001D28F0Element@@PAU1@H@_STL@@YAPAURva001D28F0Element@@PAU1@00ABUrandom_access_iterator_tag@0@PAH@Z	0x00689450	wrong
Code/Libraries/Source/WWVegas/WWLib/Rva001D25F0VectorInsertOverflow.cpp	?push_back@?$vector@URva001D28F0Element@@V?$allocator@URva001D28F0Element@@@_STL@@@_STL@@QAEXABURva001D28F0Element@@@Z	??$_Construct@URva001D28F0Element@@U1@@_STL@@YAXPAURva001D28F0Element@@ABU1@@Z	0x006896F0	wrong
Code/Libraries/Source/WWVegas/WWLib/Rva001D28F0ElementDtor.cpp	??1Rva001D28F0Element@@QAE@XZ	?teardown@Rva00688980@@QAEXXZ	0x00688980	unowned
Code/Libraries/Source/WWVegas/WWLib/Rva001DE727Assign.cpp	??4Rva001DE727@@QAEAAV0@ABV0@@Z	??4?$vector@HV?$allocator@H@_STL@@@_STL@@QAEAAV01@ABV01@@Z	0x0021C21B	divergent
Code/Libraries/Source/WWVegas/WWLib/Rva001DE84FReserveInsert.cpp	?rva001DE84F@Rva001DE556@@QAEPAUInsertResult@@PAU2@ABU?$pair@$$CBVAsciiString@@UNoCaseTreeValue4@@@_STL@@@Z	?rva00212858@Rva000427195@@QAEXI@Z	0x00212858	unowned
Code/Libraries/Source/WWVegas/WWLib/Rva001EBD3BFinish.cpp	?_M_insert_overflow@?$vector@UBfmePod172@@V?$allocator@UBfmePod172@@@_STL@@@_STL@@IAEXPAUBfmePod172@@ABU3@ABU__false_type@2@I_N@Z	?_M_clear@?$vector@UBfmePod172@@V?$allocator@UBfmePod172@@@_STL@@@_STL@@IAEXXZ	0x001EB9C8	wrong
Code/Libraries/Source/WWVegas/WWLib/Rva0020EAF6IndexLookup.cpp	?rva0020EAF6@Rva0020EAF6View@@QAEPAVRva0020E89C@@H@Z	?rva0020E90F@Rva0020E90FView@@QAEPAVRva0020E89C@@H@Z	0x0020E90F	unowned
Code/Libraries/Source/WWVegas/WWLib/Rva0020EE29Clear.cpp	?rva0020FAB4@Rva0020EE29@@QAEXHH@Z	?rva0020F9F6@Rva0020EE29@@QAEPAXPAX00@Z	0x0020F9F6	unowned
Code/Libraries/Source/WWVegas/WWLib/Rva0020EE29Clear.cpp	?rva0020FAEA@Rva0020EE29@@QAEXPAMPAX@Z	?rva0020F9F6@Rva0020EE29@@QAEPAXPAX00@Z	0x0020F9F6	unowned
Code/Libraries/Source/WWVegas/WWLib/Rva0020EE29Clear.cpp	?rva0020FB41@Rva0020FB41@@QAEXHH@Z	?rva0020F685@Rva0020FB41Outer@@QAEXXZ	0x0020F685	unowned
Code/Libraries/Source/WWVegas/WWLib/Rva0020EE29Clear.cpp	?rva0020FD42@Rva0020FD42@@QAEXPAX0@Z	?rva003EFC1C@Rva003EFC1CHost@@QAEXHPAX@Z	0x003EFC1C	unowned
Code/Libraries/Source/WWVegas/WWLib/Rva0020EE29Clear.cpp	?rva002101C6@Rva0020EE29@@QAEXPAX@Z	?rva002100E6@Rva0020EE29@@QAEXPAX0@Z	0x002100E6	unowned
Code/Libraries/Source/WWVegas/WWLib/Rva0020EE29Clear.cpp	?rva002102CA@Rva0020EE29@@QAEXXZ	?rva0020F483@Rva0020EE29@@QAEXXZ	0x0020F483	unowned
Code/Libraries/Source/WWVegas/WWLib/Rva0020EE29Clear.cpp	?rva002102CA@Rva0020EE29@@QAEXXZ	?rva0020F5B3@Rva0020EE29Inner@@QAEXXZ	0x0020F5B3	unowned
Code/Libraries/Source/WWVegas/WWLib/Rva0020F2F1Forwarders.cpp	?rva0020F2F1@@YGXPAXH@Z	?rva0020ED51@@YGXPAXHH@Z	0x0020ED51	unowned
Code/Libraries/Source/WWVegas/WWLib/Rva0020F2F1Forwarders.cpp	?rva0020F309@@YGXPAXH@Z	?rva0020ED51@@YGXPAXHH@Z	0x0020ED51	unowned
Code/Libraries/Source/WWVegas/WWLib/Rva00240230VectorInsertOverflow_Rva00541d10.cpp	?insert@?$vector@URva00244A80Element@@V?$allocator@URva00244A80Element@@@_STL@@@_STL@@QAEPAURva00244A80Element@@PAU3@ABU3@@Z	??$_Construct@URva00244A80Element@@U1@@_STL@@YAXPAURva00244A80Element@@ABU1@@Z	0x0054105B	wrong
Code/Libraries/Source/WWVegas/WWLib/Rva00240230VectorInsertOverflow_Rva00541d10.cpp	?insert@?$vector@URva00244A80Element@@V?$allocator@URva00244A80Element@@@_STL@@@_STL@@QAEPAURva00244A80Element@@PAU3@ABU3@@Z	?_M_insert_overflow@?$vector@URva00244A80Element@@V?$allocator@URva00244A80Element@@@_STL@@@_STL@@IAEXPAURva00244A80Element@@ABU3@ABU__false_type@2@I_N@Z	0x00541709	wrong
Code/Libraries/Source/WWVegas/WWLib/Rva0026F684Assign.cpp	??4Rva0026F684@@QAEAAV0@ABV0@@Z	??4?$vector@IV?$allocator@I@_STL@@@_STL@@QAEAAV01@ABV01@@Z	0x0026F4F4	divergent
Code/Libraries/Source/WWVegas/WWLib/Rva0031C7D6Insert.cpp	?rva0031C7D6@Rva000427195@@QAEPAXABU?$pair@$$CBVAsciiString@@UNoCaseTreeValue4@@@_STL@@@Z	?rva00212858@Rva000427195@@QAEXI@Z	0x00212858	unowned
Code/Libraries/Source/WWVegas/WWLib/Rva003A2F08Insert.cpp	?rva003A2F08@Rva000427195@@QAEPAXABU?$pair@$$CBVAsciiString@@UTreeHintPayload00207343@@@_STL@@@Z	?rva00212858@Rva000427195@@QAEXI@Z	0x00212858	unowned
Code/Libraries/Source/WWVegas/WWLib/Rva003F1ECEFill.cpp	?Rva003F1ECEFill@@YAXPAD00@Z	??4?$vector@IV?$allocator@I@_STL@@@_STL@@QAEAAV01@ABV01@@Z	0x0026F4F4	divergent
Code/Libraries/Source/WWVegas/WWLib/Rva003F1F06Copy.cpp	?Rva003F1F06Copy@@YAPADPAD00@Z	??4?$vector@IV?$allocator@I@_STL@@@_STL@@QAEAAV01@ABV01@@Z	0x0026F4F4	divergent
Code/Libraries/Source/WWVegas/WWLib/Rva003F1F38CopyBackward.cpp	?Rva003F1F38CopyBackward@@YAPADPAD00@Z	??4?$vector@IV?$allocator@I@_STL@@@_STL@@QAEAAV01@ABV01@@Z	0x0026F4F4	divergent
Code/Libraries/Source/WWVegas/WWLib/Rva0040370DFinish.cpp	?erase@?$vector@VRva00297360Element@@V?$allocator@VRva00297360Element@@@_STL@@@_STL@@QAEPAVRva00297360Element@@PAV3@@Z	??$__copy_ptrs@PAVRva00297360Element@@PAV1@@_STL@@YAPAVRva00297360Element@@PAV1@00ABU__false_type@0@@Z	0x002915EB	wrong
Code/Libraries/Source/WWVegas/WWLib/Rva00433390Ctor.cpp	??0Rva00433390@@QAE@H@Z	??0Rva001DA19EBase@@QAE@XZ	0x001DA19E	unowned
Code/Libraries/Source/WWVegas/WWLib/Rva004525B0TreeEqual.cpp	??$equal@U?$_Rb_tree_iterator@VRva004525B0String@@U?$_Const_traits@VRva004525B0String@@@_STL@@@_STL@@U12@@_STL@@YA_NU?$_Rb_tree_iterator@VRva004525B0String@@U?$_Const_traits@VRva004525B0String@@@_STL@@@0@00@Z	?compare@Rva004525B0String@@QBEHABV1@@Z	0x000069D6	wrong
Code/Libraries/Source/WWVegas/WWLib/Rva004ABFB2Method.cpp	?upper_bound@?$_Rb_tree@HU?$pair@$$CBHPAX@_STL@@U?$_Select1st@U?$pair@$$CBHPAX@_STL@@@2@U?$less@H@2@V?$allocator@U?$pair@$$CBHPAX@_STL@@@2@@_STL@@QAE?AU?$_Rb_tree_iterator@U?$pair@$$CBHPAX@_STL@@U?$_Nonconst_traits@U?$pair@$$CBHPAX@_STL@@@2@@2@ABH@Z	?_M_upper_bound@?$_Rb_tree@HU?$pair@$$CBHPAX@_STL@@U?$_Select1st@U?$pair@$$CBHPAX@_STL@@@2@U?$less@H@2@V?$allocator@U?$pair@$$CBHPAX@_STL@@@2@@_STL@@ABEPAU?$_Rb_tree_node@U?$pair@$$CBHPAX@_STL@@@2@ABH@Z	0x004FF539	wrong
Code/Libraries/Source/WWVegas/WWLib/Rva004BA4D3Finish.cpp	?_M_insert_overflow@?$vector@VRva004BA1D0@@V?$allocator@VRva004BA1D0@@@_STL@@@_STL@@IAEXPAVRva004BA1D0@@ABV3@ABU__false_type@2@I_N@Z	?_M_clear@?$vector@VRva004BA1D0@@V?$allocator@VRva004BA1D0@@@_STL@@@_STL@@IAEXXZ	0x004BA3CC	wrong
Code/Libraries/Source/WWVegas/WWLib/Rva004E16D9RecordDeletingDtor.cpp	??_GRva004E16D9Record@@UAEPAXI@Z	??1Rva004E16D9Record@@UAE@XZ	0x004E1682	wrong
Code/Libraries/Source/WWVegas/WWLib/Rva00512000Finish.cpp	??0?$vector@URva00511E48@@V?$allocator@URva00511E48@@@_STL@@@_STL@@QAE@I@Z	??0?$_Vector_base@URva00511E48@@V?$allocator@URva00511E48@@@_STL@@@_STL@@QAE@IABV?$allocator@URva00511E48@@@1@@Z	0x000B6378	wrong
Code/Libraries/Source/WWVegas/WWLib/Rva00524306.cpp	?rva00524767@Rva00524306@@QAEXABVAsciiString@@0@Z	?rva002239FA@Rva00222A8BTarget@@QAEXABVAsciiString@@0@Z	0x002239FA	unowned
Code/Libraries/Source/WWVegas/WWLib/Rva00534E13Dtor.cpp	??1Rva00534E13@@QAE@XZ	??1?$_List_base@UCoord3D@@V?$allocator@UCoord3D@@@_STL@@@_STL@@QAE@XZ	0x004EC395	divergent
Code/Libraries/Source/WWVegas/WWLib/Rva00580776LinearInsert.cpp	?Rva00580776Insert@@YAXPAPAXPAXVRva000795C1Record@@@Z	?compareRva005803C0@Rva000795C1Record@@QBE_NPAX0@Z	0x005803C0	unowned
Code/Libraries/Source/WWVegas/WWLib/Rva00580776LinearInsert.cpp	?Rva005809DBLinearInsert@@YAXPAPAX0PAXVRva000795C1Record@@@Z	?compareRva005803C0@Rva000795C1Record@@QBE_NPAX0@Z	0x005803C0	unowned
Code/Libraries/Source/WWVegas/WWLib/Rva005810B6Sort.cpp	?Rva00580646Median@@YAPAPAXABQAX00VRva000795C1Record@@@Z	?compareRva005803C0@Rva000795C1Record@@QBE_NPAX0@Z	0x005803C0	unowned
Code/Libraries/Source/WWVegas/WWLib/Rva005810B6Sort.cpp	?Rva00580705Partition@@YAPAPAXPAPAX0PAXVRva000795C1Record@@@Z	?compareRva005803C0@Rva000795C1Record@@QBE_NPAX0@Z	0x005803C0	unowned
Code/Libraries/Source/WWVegas/WWLib/Rva005C8494VectorDtor.cpp	??1?$vector@URva005C847BRecord@@V?$allocator@URva005C847BRecord@@@_STL@@@_STL@@QAE@XZ	??$_Destroy@PAURva005C847BRecord@@@_STL@@YAXPAURva005C847BRecord@@0@Z	0x005C847B	wrong
Code/Libraries/Source/WWVegas/WWLib/Rva005E48C2Finish.cpp	??$__adjust_heap@PAHHHURva005E4300Cmp@@@_STL@@YAXPAHHHHURva005E4300Cmp@@@Z	??RRva005E4300Cmp@@QBE_NHH@Z	0x005E4300	unowned
Code/Libraries/Source/WWVegas/WWLib/Rva00602A30Cluster.cpp	??0strstreambuf@_STL@@QAE@PADH0@Z	?_M_setup@strstreambuf@_STL@@AAEXPAD0H@Z	0x00602740	unowned
Code/Libraries/Source/WWVegas/WWLib/Rva006FD040Siblings.cpp	_Rva006FD040	_BfmeAux006FC670	0x006FC670	unowned
Code/Libraries/Source/WWVegas/WWLib/Rva006FD060Forward.cpp	?Rva006FD060Forward@@YAXPAX000@Z	_BfmeAux006FC670	0x006FC670	unowned
Code/Libraries/Source/WWVegas/WWLib/Rva006FD340Cluster.cpp	?rva006FD340@Rva006FD340Object@@QAEXPADPAX@Z	??0EAStringC@@QAE@XZ	0x006D2F90	divergent
Code/Libraries/Source/WWVegas/WWLib/Rva006FD340Cluster.cpp	?rva006FD630@@YAXPAVEAStringC@@@Z	??0EAStringC@@QAE@XZ	0x006D2F90	divergent
Code/Libraries/Source/WWVegas/WWLib/Rva006FD340Cluster.cpp	?rva006FD630@@YAXPAVEAStringC@@@Z	?rva006FD5B0@@YAEEE@Z	0x006FD5B0	unowned
Code/Libraries/Source/WWVegas/WWLib/Rva009F3C00ResultAppend.cpp	?append@Rva009F39F0Result@@QAEXHH@Z	?_M_insert_overflow@?$vector@UUpgrades@OCLSpecialPowerModuleData@@V?$allocator@UUpgrades@OCLSpecialPowerModuleData@@@_STL@@@_STL@@IAEXPAUUpgrades@OCLSpecialPowerModuleData@@ABU34@ABU__false_type@2@I_N@Z	0x00626150	wrong
Code/Libraries/Source/WWVegas/WWLib/Rva009F3C70ResultAppend.cpp	?append@Rva009F3C70Result@@QAEXHH@Z	?_M_insert_overflow@?$vector@UUpgrades@OCLSpecialPowerModuleData@@V?$allocator@UUpgrades@OCLSpecialPowerModuleData@@@_STL@@@_STL@@IAEXPAUUpgrades@OCLSpecialPowerModuleData@@ABU34@ABU__false_type@2@I_N@Z	0x00626150	wrong
Code/Libraries/Source/WWVegas/WWLib/RvaHashIndex00928620.cpp	??A?$hash_map@U?$pair@HH@_STL@@HURva00928590Hash@@URva00928590Eq@@V?$allocator@U?$pair@$$CBU?$pair@HH@_STL@@H@_STL@@@2@@_STL@@QAEAAHABU?$pair@HH@1@@Z	?_M_insert@?$hashtable@U?$pair@$$CBU?$pair@HH@_STL@@H@_STL@@U?$pair@HH@2@URva00928590Hash@@U?$_Select1st@U?$pair@$$CBU?$pair@HH@_STL@@H@_STL@@@2@URva00928590Eq@@V?$allocator@U?$pair@$$CBU?$pair@HH@_STL@@H@_STL@@@2@@_STL@@QAEAAU?$pair@$$CBU?$pair@HH@_STL@@H@2@ABU32@@Z	0x0016E230	wrong
Code/Libraries/Source/WWVegas/WWLib/RvaTreeMInsertGenP12pod0016DBC0.cpp	?_M_insert@?$_Rb_tree@UGen_p12pod@@U?$pair@$$CBUGen_p12pod@@H@_STL@@U?$_Select1st@U?$pair@$$CBUGen_p12pod@@H@_STL@@@3@U?$less@UGen_p12pod@@@3@V?$allocator@U?$pair@$$CBUGen_p12pod@@H@_STL@@@3@@_STL@@AAE?AU?$_Rb_tree_iterator@U?$pair@$$CBUGen_p12pod@@H@_STL@@U?$_Nonconst_traits@U?$pair@$$CBUGen_p12pod@@H@_STL@@@2@@2@PAU_Rb_tree_node_base@2@0ABU?$pair@$$CBUGen_p12pod@@H@2@0@Z	??$_Construct@U?$pair@$$CBUGen_p12pod@@H@_STL@@U12@@_STL@@YAXPAU?$pair@$$CBUGen_p12pod@@H@0@ABU10@@Z	0x0016CC80	wrong
Code/Libraries/Source/WWVegas/WWLib/STL_new_alloc_allocateThunk.cpp	uw_0075c870	??1?$_Node_Alloc_Lock@$00$0A@@_STL@@QAE@XZ	0x00024850	divergent
Code/Libraries/Source/WWVegas/WWLib/StlContainerRva000AFE9F.cpp	?_M_fill_insert@?$vector@EV?$allocator@E@_STL@@@_STL@@QAEXPAEIABE@Z	?_M_insert_overflow@?$vector@EV?$allocator@E@_STL@@@_STL@@IAEXPAEABEABU__true_type@2@I_N@Z	0x000AFB2E	unowned
Code/Libraries/Source/WWVegas/WWLib/StlContainerRva0037FEA3.cpp	?reserve@?$vector@URva0037FEA3Record@@V?$allocator@URva0037FEA3Record@@@_STL@@@_STL@@QAEXI@Z	??$_M_allocate_and_copy@PAURva0037FEA3Record@@@?$vector@URva0037FEA3Record@@V?$allocator@URva0037FEA3Record@@@_STL@@@_STL@@IAEPAURva0037FEA3Record@@IPAU2@0@Z	0x0037F77C	wrong
Code/Libraries/Source/WWVegas/WWLib/StlContainerRva0073E4C0.cpp	?push_back@?$deque@URva0073E4C0Record@@V?$allocator@URva0073E4C0Record@@@_STL@@@_STL@@QAEXABURva0073E4C0Record@@@Z	?_M_push_back_aux_v@?$deque@URva0073E4C0Record@@V?$allocator@URva0073E4C0Record@@@_STL@@@_STL@@IAEXABURva0073E4C0Record@@@Z	0x0073E290	wrong
Code/Libraries/Source/WWVegas/WWLib/StlHelperRva00504755.cpp	??$__uninitialized_copy@PAURva00504755Record@@PAU1@@_STL@@YAPAURva00504755Record@@PAU1@00ABU__false_type@0@@Z	??$_Construct@URva00504755Record@@U1@@_STL@@YAXPAURva00504755Record@@ABU1@@Z	0x0041360E	wrong
Code/Libraries/Source/WWVegas/WWLib/StlVectorReserveProviderRepairs.cpp	?reserve@Rva005F122DVector@@QAEXI@Z	?_M_clear@?$vector@URva005EFD53Element@@V?$allocator@URva005EFD53Element@@@_STL@@@_STL@@IAEXXZ	0x005F120F	divergent
Code/Libraries/Source/WWVegas/WWLib/StlVectorRva0021582C.cpp	?reserve@?$vector@URva0021582CRecord@@V?$allocator@URva0021582CRecord@@@_STL@@@_STL@@QAEXI@Z	??$_M_allocate_and_copy@PAURva0021582CRecord@@@?$vector@URva0021582CRecord@@V?$allocator@URva0021582CRecord@@@_STL@@@_STL@@IAEPAURva0021582CRecord@@IPAU2@0@Z	0x00215614	wrong
Code/Libraries/Source/WWVegas/WWLib/StlVectorRva0021582C.cpp	?reserve@?$vector@URva0021582CRecord@@V?$allocator@URva0021582CRecord@@@_STL@@@_STL@@QAEXI@Z	?_M_clear@?$vector@URva0021582CRecord@@V?$allocator@URva0021582CRecord@@@_STL@@@_STL@@IAEXXZ	0x0021580E	wrong
Code/Libraries/Source/WWVegas/WWLib/StlVectorRva002E26E1.cpp	??$_M_allocate_and_copy@PAURva002E26E1Record@@@?$vector@URva002E26E1Record@@V?$allocator@URva002E26E1Record@@@_STL@@@_STL@@IAEPAURva002E26E1Record@@IPAU2@0@Z	??$__uninitialized_copy@PAURva002E26E1Record@@PAU1@@_STL@@YAPAURva002E26E1Record@@PAU1@00ABU__false_type@0@@Z	0x002E163C	wrong
Code/Libraries/Source/WWVegas/WWLib/StlVectorRva002E26E1.cpp	?reserve@?$vector@URva002E26E1Record@@V?$allocator@URva002E26E1Record@@@_STL@@@_STL@@QAEXI@Z	?_M_clear@?$vector@URva002E26E1Record@@V?$allocator@URva002E26E1Record@@@_STL@@@_STL@@IAEXXZ	0x002E26C3	wrong
Code/Libraries/Source/WWVegas/WWLib/StlVectorRva002E2D10.cpp	?push_back@?$vector@URva002E2D10Record@@V?$allocator@URva002E2D10Record@@@_STL@@@_STL@@QAEXABURva002E2D10Record@@@Z	??$_Construct@URva002E2D10Record@@U1@@_STL@@YAXPAURva002E2D10Record@@ABU1@@Z	0x002E160F	wrong
Code/Libraries/Source/WWVegas/WWLib/StlVectorRva002E2D10.cpp	?push_back@?$vector@URva002E2D10Record@@V?$allocator@URva002E2D10Record@@@_STL@@@_STL@@QAEXABURva002E2D10Record@@@Z	?_M_insert_overflow@?$vector@URva002E2D10Record@@V?$allocator@URva002E2D10Record@@@_STL@@@_STL@@IAEXPAURva002E2D10Record@@ABU3@ABU__false_type@2@I_N@Z	0x002E2BBA	wrong
Code/Libraries/Source/WWVegas/WWLib/StlVectorRva0039C028.cpp	?reserve@?$vector@URva0039C028Record@@V?$allocator@URva0039C028Record@@@_STL@@@_STL@@QAEXI@Z	??$_M_allocate_and_copy@PAURva0039C028Record@@@?$vector@URva0039C028Record@@V?$allocator@URva0039C028Record@@@_STL@@@_STL@@IAEPAURva0039C028Record@@IPAU2@0@Z	0x0051ED51	wrong
Code/Libraries/Source/WWVegas/WWLib/StlVectorRva0039C028.cpp	?reserve@?$vector@URva0039C028Record@@V?$allocator@URva0039C028Record@@@_STL@@@_STL@@QAEXI@Z	?_M_clear@?$vector@URva0039C028Record@@V?$allocator@URva0039C028Record@@@_STL@@@_STL@@IAEXXZ	0x00565A42	wrong
Code/Libraries/Source/WWVegas/WWLib/StlVectorRva0048D628.cpp	?push_back@?$vector@URva0048D628Record@@V?$allocator@URva0048D628Record@@@_STL@@@_STL@@QAEXABURva0048D628Record@@@Z	?_M_insert_overflow@?$vector@URva0048D628Record@@V?$allocator@URva0048D628Record@@@_STL@@@_STL@@IAEXPAURva0048D628Record@@ABU3@ABU__false_type@2@I_N@Z	0x0048D48F	wrong
Code/Libraries/Source/WWVegas/WWLib/StlVectorRva004C7878.cpp	?push_back@?$vector@URva004C7878Record@@V?$allocator@URva004C7878Record@@@_STL@@@_STL@@QAEXABURva004C7878Record@@@Z	?_M_insert_overflow@?$vector@URva004C7878Record@@V?$allocator@URva004C7878Record@@@_STL@@@_STL@@IAEXPAURva004C7878Record@@ABU3@ABU__false_type@2@I_N@Z	0x004C77C4	wrong
Code/Libraries/Source/WWVegas/WWLib/StlVectorRva00500EFA.cpp	?reserve@?$vector@URva00500EFARecord@@V?$allocator@URva00500EFARecord@@@_STL@@@_STL@@QAEXI@Z	??$_M_allocate_and_copy@PAURva00500EFARecord@@@?$vector@URva00500EFARecord@@V?$allocator@URva00500EFARecord@@@_STL@@@_STL@@IAEPAURva00500EFARecord@@IPAU2@0@Z	0x00500BC8	wrong
Code/Libraries/Source/WWVegas/WWLib/StlVectorRva00500EFA.cpp	?reserve@?$vector@URva00500EFARecord@@V?$allocator@URva00500EFARecord@@@_STL@@@_STL@@QAEXI@Z	?_M_clear@?$vector@URva00500EFARecord@@V?$allocator@URva00500EFARecord@@@_STL@@@_STL@@IAEXXZ	0x00500EDC	wrong
Code/Libraries/Source/WWVegas/WWLib/StlVectorRva0052D801.cpp	?push_back@?$vector@URva0052D801Record@@V?$allocator@URva0052D801Record@@@_STL@@@_STL@@QAEXABURva0052D801Record@@@Z	?_M_insert_overflow@?$vector@URva0052D801Record@@V?$allocator@URva0052D801Record@@@_STL@@@_STL@@IAEXPAURva0052D801Record@@ABU3@ABU__false_type@2@I_N@Z	0x0052D742	wrong
Code/Libraries/Source/WWVegas/WWLib/StlVectorRva005C84F1.cpp	?reserve@?$vector@URva005C84F1Record@@V?$allocator@URva005C84F1Record@@@_STL@@@_STL@@QAEXI@Z	??$_M_allocate_and_copy@PAURva005C84F1Record@@@?$vector@URva005C84F1Record@@V?$allocator@URva005C84F1Record@@@_STL@@@_STL@@IAEPAURva005C84F1Record@@IPAU2@0@Z	0x005C8445	wrong
Code/Libraries/Source/WWVegas/WWLib/StlVectorRva005C84F1.cpp	?reserve@?$vector@URva005C84F1Record@@V?$allocator@URva005C84F1Record@@@_STL@@@_STL@@QAEXI@Z	?_M_clear@?$vector@URva005C84F1Record@@V?$allocator@URva005C84F1Record@@@_STL@@@_STL@@IAEXXZ	0x005C84D3	wrong
Code/Libraries/Source/WWVegas/WWLib/StlportConstructFamily.cpp	??$_Construct@UBfmePod104@@U1@@_STL@@YAXPAUBfmePod104@@ABU1@@Z	??0BfmePod104@@QAE@ABU0@@Z	0x0040E96D	unowned
Code/Libraries/Source/WWVegas/WWLib/StlportConstructFamily.cpp	??$_Construct@UBfmePod248@@U1@@_STL@@YAXPAUBfmePod248@@ABU1@@Z	??0BfmePod248@@QAE@ABU0@@Z	0x000C6B17	unowned
Code/Libraries/Source/WWVegas/WWLib/StlportConstructFamily.cpp	??$_Construct@UBfmePod252@@U1@@_STL@@YAXPAUBfmePod252@@ABU1@@Z	??0BfmePod252@@QAE@ABU0@@Z	0x000C254B	unowned
Code/Libraries/Source/WWVegas/WWLib/StlportConstructFamily.cpp	??$_Construct@UBfmePod264@@U1@@_STL@@YAXPAUBfmePod264@@ABU1@@Z	??0BfmePod264@@QAE@ABU0@@Z	0x00289CEB	unowned
Code/Libraries/Source/WWVegas/WWLib/StlportConstructFamily.cpp	??$_Construct@UBfmePod340@@U1@@_STL@@YAXPAUBfmePod340@@ABU1@@Z	??0BfmePod340@@QAE@ABU0@@Z	0x001E4DEB	unowned
Code/Libraries/Source/WWVegas/WWLib/StlportConstructFamily.cpp	??$_Construct@URva001DF3F1Element@@U1@@_STL@@YAXPAURva001DF3F1Element@@ABU1@@Z	??0Rva001DF3F1Element@@QAE@ABU0@@Z	0x001DE878	unowned
Code/Libraries/Source/WWVegas/WWLib/StlportConstructFamily.cpp	??$_Construct@URva00414BA4Element@@U1@@_STL@@YAXPAURva00414BA4Element@@ABU1@@Z	??0Rva00414BA4Element@@QAE@ABU0@@Z	0x0055AB99	unowned
Code/Libraries/Source/WWVegas/WWLib/StlportConstructFamily.cpp	??$_Construct@URva005C8624Element@@U1@@_STL@@YAXPAURva005C8624Element@@ABU1@@Z	??0Rva005C8624Element@@QAE@ABU0@@Z	0x005C9217	unowned
Code/Libraries/Source/WWVegas/WWLib/StlportConstructFamilyW3G15.cpp	??$_Construct@URva002E160FElement@@U1@@_STL@@YAXPAURva002E160FElement@@ABU1@@Z	??0Rva002E160FElement@@QAE@ABU0@@Z	0x002E134C	unowned
Code/Libraries/Source/WWVegas/WWLib/StlportCopyWrapperPairsFamily.cpp	??$copy@PAUFXBoneInfo@@PAU1@@_STL@@YAPAUFXBoneInfo@@PAU1@00@Z	??$__copy_ptrs@PAUFXBoneInfo@@PAU1@@_STL@@YAPAUFXBoneInfo@@PAU1@00ABU__false_type@0@@Z	0x00255CFA	divergent
Code/Libraries/Source/WWVegas/WWLib/StlportDeque2148Cleanup.cpp	??$uninitialized_copy@U?$_Deque_iterator@UBfmeOpaque2148@@U?$_Nonconst_traits@UBfmeOpaque2148@@@_STL@@@_STL@@U12@@_STL@@YA?AU?$_Deque_iterator@UBfmeOpaque2148@@U?$_Nonconst_traits@UBfmeOpaque2148@@@_STL@@@0@U10@00@Z	??$__uninitialized_copy@U?$_Deque_iterator@UBfmeOpaque2148@@U?$_Nonconst_traits@UBfmeOpaque2148@@@_STL@@@_STL@@U12@@_STL@@YA?AU?$_Deque_iterator@UBfmeOpaque2148@@U?$_Nonconst_traits@UBfmeOpaque2148@@@_STL@@@0@U10@00ABU__false_type@0@@Z	0x005850FA	wrong
Code/Libraries/Source/WWVegas/WWLib/StlportDeque40Iterators.cpp	??$__destroy@U?$_Deque_iterator@UBfmeOpaque40@@U?$_Nonconst_traits@UBfmeOpaque40@@@_STL@@@_STL@@UBfmeOpaque40@@@_STL@@YAXU?$_Deque_iterator@UBfmeOpaque40@@U?$_Nonconst_traits@UBfmeOpaque40@@@_STL@@@0@0PAUBfmeOpaque40@@@Z	??$__destroy_aux@U?$_Deque_iterator@UBfmeOpaque40@@U?$_Nonconst_traits@UBfmeOpaque40@@@_STL@@@_STL@@@_STL@@YAXU?$_Deque_iterator@UBfmeOpaque40@@U?$_Nonconst_traits@UBfmeOpaque40@@@_STL@@@0@0ABU__false_type@0@@Z	0x0041A382	wrong
Code/Libraries/Source/WWVegas/WWLib/StlportDeque40Iterators.cpp	??$__uninitialized_copy@U?$_Deque_iterator@UBfmeOpaque40@@U?$_Nonconst_traits@UBfmeOpaque40@@@_STL@@@_STL@@U12@@_STL@@YA?AU?$_Deque_iterator@UBfmeOpaque40@@U?$_Nonconst_traits@UBfmeOpaque40@@@_STL@@@0@U10@00ABU__false_type@0@@Z	??$_Construct@UBfmeOpaque40@@U1@@_STL@@YAXPAUBfmeOpaque40@@ABU1@@Z	0x002CA82C	wrong
Code/Libraries/Source/WWVegas/WWLib/StlportDeque40Iterators.cpp	??$__uninitialized_copy@U?$_Deque_iterator@UBfmeOpaque40@@U?$_Nonconst_traits@UBfmeOpaque40@@@_STL@@@_STL@@U12@@_STL@@YA?AU?$_Deque_iterator@UBfmeOpaque40@@U?$_Nonconst_traits@UBfmeOpaque40@@@_STL@@@0@U10@00ABU__false_type@0@@Z	?_M_increment@?$_Deque_iterator_base@UBfmeOpaque40@@@_STL@@QAEXXZ	0x00421B1E	wrong
Code/Libraries/Source/WWVegas/WWLib/StlportDequeCopyRecord8KeySort.cpp	??$__adjust_heap@U?$_Deque_iterator@UBfmeCopyRecord8@@U?$_Nonconst_traits@UBfmeCopyRecord8@@@_STL@@@_STL@@HUBfmeCopyRecord8@@UBfmeCopyRecord8KeyAscending@@@_STL@@YAXU?$_Deque_iterator@UBfmeCopyRecord8@@U?$_Nonconst_traits@UBfmeCopyRecord8@@@_STL@@@0@HHUBfmeCopyRecord8@@UBfmeCopyRecord8KeyAscending@@@Z	??$__push_heap@U?$_Deque_iterator@UBfmeCopyRecord8@@U?$_Nonconst_traits@UBfmeCopyRecord8@@@_STL@@@_STL@@HUBfmeCopyRecord8@@UBfmeCopyRecord8KeyAscending@@@_STL@@YAXU?$_Deque_iterator@UBfmeCopyRecord8@@U?$_Nonconst_traits@UBfmeCopyRecord8@@@_STL@@@0@HHUBfmeCopyRecord8@@UBfmeCopyRecord8KeyAscending@@@Z	0x0054A708	unowned
Code/Libraries/Source/WWVegas/WWLib/StlportDequeCopyRecord8KeySort.cpp	??$__adjust_heap@U?$_Deque_iterator@UBfmeCopyRecord8@@U?$_Nonconst_traits@UBfmeCopyRecord8@@@_STL@@@_STL@@HUBfmeCopyRecord8@@UBfmeCopyRecord8KeyDescending@@@_STL@@YAXU?$_Deque_iterator@UBfmeCopyRecord8@@U?$_Nonconst_traits@UBfmeCopyRecord8@@@_STL@@@0@HHUBfmeCopyRecord8@@UBfmeCopyRecord8KeyDescending@@@Z	??$__push_heap@U?$_Deque_iterator@UBfmeCopyRecord8@@U?$_Nonconst_traits@UBfmeCopyRecord8@@@_STL@@@_STL@@HUBfmeCopyRecord8@@UBfmeCopyRecord8KeyDescending@@@_STL@@YAXU?$_Deque_iterator@UBfmeCopyRecord8@@U?$_Nonconst_traits@UBfmeCopyRecord8@@@_STL@@@0@HHUBfmeCopyRecord8@@UBfmeCopyRecord8KeyDescending@@@Z	0x0054A79A	unowned
Code/Libraries/Source/WWVegas/WWLib/StlportDequeCopyRecord8KeySort.cpp	??$__final_insertion_sort@U?$_Deque_iterator@UBfmeCopyRecord8@@U?$_Nonconst_traits@UBfmeCopyRecord8@@@_STL@@@_STL@@UBfmeCopyRecord8KeyAscending@@@_STL@@YAXU?$_Deque_iterator@UBfmeCopyRecord8@@U?$_Nonconst_traits@UBfmeCopyRecord8@@@_STL@@@0@0UBfmeCopyRecord8KeyAscending@@@Z	??$__unguarded_insertion_sort@U?$_Deque_iterator@UBfmeCopyRecord8@@U?$_Nonconst_traits@UBfmeCopyRecord8@@@_STL@@@_STL@@UBfmeCopyRecord8KeyAscending@@@_STL@@YAXU?$_Deque_iterator@UBfmeCopyRecord8@@U?$_Nonconst_traits@UBfmeCopyRecord8@@@_STL@@@0@0UBfmeCopyRecord8KeyAscending@@@Z	0x0054A912	wrong
Code/Libraries/Source/WWVegas/WWLib/StlportDequeCopyRecord8KeySort.cpp	??$__insertion_sort@U?$_Deque_iterator@UBfmeCopyRecord8@@U?$_Nonconst_traits@UBfmeCopyRecord8@@@_STL@@@_STL@@UBfmeCopyRecord8KeyAscending@@@_STL@@YAXU?$_Deque_iterator@UBfmeCopyRecord8@@U?$_Nonconst_traits@UBfmeCopyRecord8@@@_STL@@@0@0UBfmeCopyRecord8KeyAscending@@@Z	??$__linear_insert@U?$_Deque_iterator@UBfmeCopyRecord8@@U?$_Nonconst_traits@UBfmeCopyRecord8@@@_STL@@@_STL@@UBfmeCopyRecord8@@UBfmeCopyRecord8KeyAscending@@@_STL@@YAXU?$_Deque_iterator@UBfmeCopyRecord8@@U?$_Nonconst_traits@UBfmeCopyRecord8@@@_STL@@@0@0UBfmeCopyRecord8@@UBfmeCopyRecord8KeyAscending@@@Z	0x0054AE4A	unowned
Code/Libraries/Source/WWVegas/WWLib/StlportDequeCopyRecord8KeySort.cpp	??$__insertion_sort@U?$_Deque_iterator@UBfmeCopyRecord8@@U?$_Nonconst_traits@UBfmeCopyRecord8@@@_STL@@@_STL@@UBfmeCopyRecord8KeyDescending@@@_STL@@YAXU?$_Deque_iterator@UBfmeCopyRecord8@@U?$_Nonconst_traits@UBfmeCopyRecord8@@@_STL@@@0@0UBfmeCopyRecord8KeyDescending@@@Z	??$__linear_insert@U?$_Deque_iterator@UBfmeCopyRecord8@@U?$_Nonconst_traits@UBfmeCopyRecord8@@@_STL@@@_STL@@UBfmeCopyRecord8@@UBfmeCopyRecord8KeyDescending@@@_STL@@YAXU?$_Deque_iterator@UBfmeCopyRecord8@@U?$_Nonconst_traits@UBfmeCopyRecord8@@@_STL@@@0@0UBfmeCopyRecord8@@UBfmeCopyRecord8KeyDescending@@@Z	0x0054AED7	unowned
Code/Libraries/Source/WWVegas/WWLib/StlportDequePod16Dtor.cpp	??1?$deque@UBfmePod16@@V?$allocator@UBfmePod16@@@_STL@@@_STL@@QAE@XZ	??1?$_Deque_base@UBfmePod16@@V?$allocator@UBfmePod16@@@_STL@@@_STL@@QAE@XZ	0x0054FAAC	wrong
Code/Libraries/Source/WWVegas/WWLib/StlportElementCopyCtorsW3G15.cpp	??0Rva004C734DElement@@QAE@ABU0@@Z	??0Rva004C7330Sub@@QAE@ABU0@@Z	0x001F206E	unowned
Code/Libraries/Source/WWVegas/WWLib/StlportFixedObject60Assign.cpp	??4?$vector@UBfmeFixedObject60@@V?$allocator@UBfmeFixedObject60@@@_STL@@@_STL@@QAEAAV01@ABV01@@Z	??$_M_allocate_and_copy@PBUBfmeFixedObject60@@@?$vector@UBfmeFixedObject60@@V?$allocator@UBfmeFixedObject60@@@_STL@@@_STL@@IAEPAUBfmeFixedObject60@@IPBU2@0@Z	0x000B975D	wrong
Code/Libraries/Source/WWVegas/WWLib/StlportFixedObject60Assign.cpp	??4?$vector@UBfmeFixedObject60@@V?$allocator@UBfmeFixedObject60@@@_STL@@@_STL@@QAEAAV01@ABV01@@Z	??$__uninitialized_copy@PBUBfmeFixedObject60@@PAU1@@_STL@@YAPAUBfmeFixedObject60@@PBU1@0PAU1@ABU__false_type@0@@Z	0x000B651E	wrong
Code/Libraries/Source/WWVegas/WWLib/StlportIntMapInsertFamily.cpp	?_M_insert@?$_Rb_tree@HU?$pair@$$CBHURva002F1DA1Mapped@@@_STL@@U?$_Select1st@U?$pair@$$CBHURva002F1DA1Mapped@@@_STL@@@2@U?$less@H@2@V?$allocator@U?$pair@$$CBHURva002F1DA1Mapped@@@_STL@@@2@@_STL@@AAE?AU?$_Rb_tree_iterator@U?$pair@$$CBHURva002F1DA1Mapped@@@_STL@@U?$_Nonconst_traits@U?$pair@$$CBHURva002F1DA1Mapped@@@_STL@@@2@@2@PAU_Rb_tree_node_base@2@0ABU?$pair@$$CBHURva002F1DA1Mapped@@@2@0@Z	?_M_create_node@?$_Rb_tree@HU?$pair@$$CBHURva002F1DA1Mapped@@@_STL@@U?$_Select1st@U?$pair@$$CBHURva002F1DA1Mapped@@@_STL@@@2@U?$less@H@2@V?$allocator@U?$pair@$$CBHURva002F1DA1Mapped@@@_STL@@@2@@_STL@@IAEPAU?$_Rb_tree_node@U?$pair@$$CBHURva002F1DA1Mapped@@@_STL@@@2@ABU?$pair@$$CBHURva002F1DA1Mapped@@@2@@Z	0x002EF239	unowned
Code/Libraries/Source/WWVegas/WWLib/StlportIntMapInsertFamily.cpp	?_M_insert@?$_Rb_tree@HU?$pair@$$CBHURva004F90FFMapped@@@_STL@@U?$_Select1st@U?$pair@$$CBHURva004F90FFMapped@@@_STL@@@2@U?$less@H@2@V?$allocator@U?$pair@$$CBHURva004F90FFMapped@@@_STL@@@2@@_STL@@AAE?AU?$_Rb_tree_iterator@U?$pair@$$CBHURva004F90FFMapped@@@_STL@@U?$_Nonconst_traits@U?$pair@$$CBHURva004F90FFMapped@@@_STL@@@2@@2@PAU_Rb_tree_node_base@2@0ABU?$pair@$$CBHURva004F90FFMapped@@@2@0@Z	?_M_create_node@?$_Rb_tree@HU?$pair@$$CBHURva004F90FFMapped@@@_STL@@U?$_Select1st@U?$pair@$$CBHURva004F90FFMapped@@@_STL@@@2@U?$less@H@2@V?$allocator@U?$pair@$$CBHURva004F90FFMapped@@@_STL@@@2@@_STL@@IAEPAU?$_Rb_tree_node@U?$pair@$$CBHURva004F90FFMapped@@@_STL@@@2@ABU?$pair@$$CBHURva004F90FFMapped@@@2@@Z	0x004F8CE0	wrong
Code/Libraries/Source/WWVegas/WWLib/StlportIntMapInsertFamily.cpp	?_M_insert@?$_Rb_tree@HU?$pair@$$CBHURva00559076Mapped@@@_STL@@U?$_Select1st@U?$pair@$$CBHURva00559076Mapped@@@_STL@@@2@U?$less@H@2@V?$allocator@U?$pair@$$CBHURva00559076Mapped@@@_STL@@@2@@_STL@@AAE?AU?$_Rb_tree_iterator@U?$pair@$$CBHURva00559076Mapped@@@_STL@@U?$_Nonconst_traits@U?$pair@$$CBHURva00559076Mapped@@@_STL@@@2@@2@PAU_Rb_tree_node_base@2@0ABU?$pair@$$CBHURva00559076Mapped@@@2@0@Z	?_M_create_node@?$_Rb_tree@HU?$pair@$$CBHURva00559076Mapped@@@_STL@@U?$_Select1st@U?$pair@$$CBHURva00559076Mapped@@@_STL@@@2@U?$less@H@2@V?$allocator@U?$pair@$$CBHURva00559076Mapped@@@_STL@@@2@@_STL@@IAEPAU?$_Rb_tree_node@U?$pair@$$CBHURva00559076Mapped@@@_STL@@@2@ABU?$pair@$$CBHURva00559076Mapped@@@2@@Z	0x00558E9C	unowned
Code/Libraries/Source/WWVegas/WWLib/StlportListInsertFootprints.cpp	??0?$list@VRvaSmartPtr12@@V?$allocator@VRvaSmartPtr12@@@_STL@@@_STL@@QAE@ABV01@@Z	??0?$_List_base@VRvaSmartPtr12@@V?$allocator@VRvaSmartPtr12@@@_STL@@@_STL@@QAE@ABV?$allocator@VRvaSmartPtr12@@@1@@Z	0x00280A8D	wrong
Code/Libraries/Source/WWVegas/WWLib/StlportNarrowRecord0054FEF1DequeAux.cpp	?_M_push_back_aux_v@?$deque@UBfmeNarrowRecord0054FEF1@@V?$allocator@UBfmeNarrowRecord0054FEF1@@@_STL@@@_STL@@IAEXABUBfmeNarrowRecord0054FEF1@@@Z	?_M_reserve_map_at_back@?$deque@UBfmeNarrowRecord0054FEF1@@V?$allocator@UBfmeNarrowRecord0054FEF1@@@_STL@@@_STL@@IAEXI@Z	0x0042305C	wrong
Code/Libraries/Source/WWVegas/WWLib/StlportNestedWordDequeAuxV.cpp	?_M_push_back_aux_v@?$deque@V?$deque@UBfmeWordValue4@@V?$allocator@UBfmeWordValue4@@@_STL@@@_STL@@V?$allocator@V?$deque@UBfmeWordValue4@@V?$allocator@UBfmeWordValue4@@@_STL@@@_STL@@@2@@_STL@@IAEXABV?$deque@UBfmeWordValue4@@V?$allocator@UBfmeWordValue4@@@_STL@@@2@@Z	?_M_reserve_map_at_back@?$deque@V?$deque@UBfmeWordValue4@@V?$allocator@UBfmeWordValue4@@@_STL@@@_STL@@V?$allocator@V?$deque@UBfmeWordValue4@@V?$allocator@UBfmeWordValue4@@@_STL@@@_STL@@@2@@_STL@@IAEXI@Z	0x0042305C	wrong
Code/Libraries/Source/WWVegas/WWLib/StlportNestedWordDequeTripleAuxV.cpp	?_M_push_back_aux_v@?$deque@V?$deque@V?$deque@UBfmeWordValue4@@V?$allocator@UBfmeWordValue4@@@_STL@@@_STL@@V?$allocator@V?$deque@UBfmeWordValue4@@V?$allocator@UBfmeWordValue4@@@_STL@@@_STL@@@2@@_STL@@V?$allocator@V?$deque@V?$deque@UBfmeWordValue4@@V?$allocator@UBfmeWordValue4@@@_STL@@@_STL@@V?$allocator@V?$deque@UBfmeWordValue4@@V?$allocator@UBfmeWordValue4@@@_STL@@@_STL@@@2@@_STL@@@2@@_STL@@IAEXABV?$deque@V?$deque@UBfmeWordValue4@@V?$allocator@UBfmeWordValue4@@@_STL@@@_STL@@V?$allocator@V?$deque@UBfmeWordValue4@@V?$allocator@UBfmeWordValue4@@@_STL@@@_STL@@@2@@2@@Z	?_M_reserve_map_at_back@?$deque@V?$deque@V?$deque@UBfmeWordValue4@@V?$allocator@UBfmeWordValue4@@@_STL@@@_STL@@V?$allocator@V?$deque@UBfmeWordValue4@@V?$allocator@UBfmeWordValue4@@@_STL@@@_STL@@@2@@_STL@@V?$allocator@V?$deque@V?$deque@UBfmeWordValue4@@V?$allocator@UBfmeWordValue4@@@_STL@@@_STL@@V?$allocator@V?$deque@UBfmeWordValue4@@V?$allocator@UBfmeWordValue4@@@_STL@@@_STL@@@2@@_STL@@@2@@_STL@@IAEXI@Z	0x0042305C	wrong
Code/Libraries/Source/WWVegas/WWLib/StlportObject260Vector.cpp	??$_M_allocate_and_copy@PBUBfmeFixedObject260@@@?$vector@UBfmeFixedObject260@@V?$allocator@UBfmeFixedObject260@@@_STL@@@_STL@@IAEPAUBfmeFixedObject260@@IPBU2@0@Z	?allocate@?$allocator@UBfmeFixedObject260@@@_STL@@QBEPAUBfmeFixedObject260@@IPBX@Z	0x002CF069	divergent
Code/Libraries/Source/WWVegas/WWLib/StlportObject260Vector.cpp	?_M_insert_overflow@?$vector@UBfmeFixedObject260@@V?$allocator@UBfmeFixedObject260@@@_STL@@@_STL@@IAEXPAUBfmeFixedObject260@@ABU3@ABU__false_type@2@I_N@Z	?allocate@?$allocator@UBfmeFixedObject260@@@_STL@@QBEPAUBfmeFixedObject260@@IPBX@Z	0x002CF069	divergent
Code/Libraries/Source/WWVegas/WWLib/StlportObject476Vector.cpp	??$_Construct@UBfmeObject476@@U1@@_STL@@YAXPAUBfmeObject476@@ABU1@@Z	??0BfmeObject476@@QAE@ABU0@@Z	0x001FE352	unowned
Code/Libraries/Source/WWVegas/WWLib/StlportObject476Vector.cpp	??$__copy@PAUBfmeObject476@@PAU1@H@_STL@@YAPAUBfmeObject476@@PAU1@00ABUrandom_access_iterator_tag@0@PAH@Z	??4BfmeObject476@@QAEAAU0@ABU0@@Z	0x001FE78E	unowned
Code/Libraries/Source/WWVegas/WWLib/StlportObject872Vector.cpp	??$_M_allocate_and_copy@PBUBfmeObject872@@@?$vector@UBfmeObject872@@V?$allocator@UBfmeObject872@@@_STL@@@_STL@@IAEPAUBfmeObject872@@IPBU2@0@Z	?allocate@?$allocator@UBfmeObject872@@@_STL@@QBEPAUBfmeObject872@@IPBX@Z	0x002CF04A	divergent
Code/Libraries/Source/WWVegas/WWLib/StlportObject872Vector.cpp	?_M_insert_overflow@?$vector@UBfmeObject872@@V?$allocator@UBfmeObject872@@@_STL@@@_STL@@IAEXPAUBfmeObject872@@ABU3@ABU__false_type@2@I_N@Z	?allocate@?$allocator@UBfmeObject872@@@_STL@@QBEPAUBfmeObject872@@IPBX@Z	0x002CF04A	divergent
Code/Libraries/Source/WWVegas/WWLib/StlportOwnedDeque.cpp	?erase@?$deque@UOpaqueRefElement4@@V?$allocator@UOpaqueRefElement4@@@_STL@@@_STL@@QAE?AU?$_Deque_iterator@UOpaqueRefElement4@@U?$_Nonconst_traits@UOpaqueRefElement4@@@_STL@@@2@U32@@Z	??$copy@U?$_Deque_iterator@UOpaqueRefElement4@@U?$_Nonconst_traits@UOpaqueRefElement4@@@_STL@@@_STL@@U12@@_STL@@YA?AU?$_Deque_iterator@UOpaqueRefElement4@@U?$_Nonconst_traits@UOpaqueRefElement4@@@_STL@@@0@U10@00@Z	0x00056E14	wrong
Code/Libraries/Source/WWVegas/WWLib/StlportOwnedDeque.cpp	?erase@?$deque@UOpaqueRefElement4@@V?$allocator@UOpaqueRefElement4@@@_STL@@@_STL@@QAE?AU?$_Deque_iterator@UOpaqueRefElement4@@U?$_Nonconst_traits@UOpaqueRefElement4@@@_STL@@@2@U32@@Z	??H?$_Deque_iterator@UOpaqueRefElement4@@U?$_Nonconst_traits@UOpaqueRefElement4@@@_STL@@@_STL@@QBE?AU01@H@Z	0x00422767	wrong
Code/Libraries/Source/WWVegas/WWLib/StlportOwnedRecordDeque.cpp	??$__destroy_aux@U?$_Deque_iterator@UBfmeOpaqueOwnedRecord2148@@U?$_Nonconst_traits@UBfmeOpaqueOwnedRecord2148@@@_STL@@@_STL@@@_STL@@YAXU?$_Deque_iterator@UBfmeOpaqueOwnedRecord2148@@U?$_Nonconst_traits@UBfmeOpaqueOwnedRecord2148@@@_STL@@@0@0ABU__false_type@0@@Z	?_M_increment@?$_Deque_iterator_base@UBfmeOpaqueOwnedRecord2148@@@_STL@@QAEXXZ	0x00419DD2	wrong
Code/Libraries/Source/WWVegas/WWLib/StlportOwnedRecordDeque.cpp	??0?$deque@UBfmeOpaqueOwnedRecord840@@V?$allocator@UBfmeOpaqueOwnedRecord840@@@_STL@@@_STL@@QAE@ABV?$allocator@UBfmeOpaqueOwnedRecord840@@@1@@Z	??0?$_Deque_base@UBfmeOpaqueOwnedRecord840@@V?$allocator@UBfmeOpaqueOwnedRecord840@@@_STL@@@_STL@@QAE@ABV?$allocator@UBfmeOpaqueOwnedRecord840@@@1@I@Z	0x0038919D	wrong
Code/Libraries/Source/WWVegas/WWLib/StlportOwnedRecordDeque.cpp	??0?$queue@UBfmeOpaqueOwnedRecord492@@V?$deque@UBfmeOpaqueOwnedRecord492@@V?$allocator@UBfmeOpaqueOwnedRecord492@@@_STL@@@_STL@@@_STL@@QAE@XZ	??0?$_Deque_base@UBfmeOpaqueOwnedRecord492@@V?$allocator@UBfmeOpaqueOwnedRecord492@@@_STL@@@_STL@@QAE@ABV?$allocator@UBfmeOpaqueOwnedRecord492@@@1@I@Z	0x00389152	wrong
Code/Libraries/Source/WWVegas/WWLib/StlportOwnedRecordDeque.cpp	??0?$queue@UBfmeOpaqueOwnedRecord840@@V?$deque@UBfmeOpaqueOwnedRecord840@@V?$allocator@UBfmeOpaqueOwnedRecord840@@@_STL@@@_STL@@@_STL@@QAE@XZ	??0?$_Deque_base@UBfmeOpaqueOwnedRecord840@@V?$allocator@UBfmeOpaqueOwnedRecord840@@@_STL@@@_STL@@QAE@ABV?$allocator@UBfmeOpaqueOwnedRecord840@@@1@I@Z	0x0038919D	wrong
Code/Libraries/Source/WWVegas/WWLib/StlportOwnedRecordDeque.cpp	??1?$deque@UBfmeOpaqueOwnedRecord492@@V?$allocator@UBfmeOpaqueOwnedRecord492@@@_STL@@@_STL@@QAE@XZ	??1?$_Deque_base@UBfmeOpaqueOwnedRecord492@@V?$allocator@UBfmeOpaqueOwnedRecord492@@@_STL@@@_STL@@QAE@XZ	0x0054FAAC	divergent
Code/Libraries/Source/WWVegas/WWLib/StlportOwnedRecordDeque.cpp	??1?$deque@UBfmeOpaqueOwnedRecord840@@V?$allocator@UBfmeOpaqueOwnedRecord840@@@_STL@@@_STL@@QAE@XZ	??1?$_Deque_base@UBfmeOpaqueOwnedRecord840@@V?$allocator@UBfmeOpaqueOwnedRecord840@@@_STL@@@_STL@@QAE@XZ	0x0054FAAC	divergent
Code/Libraries/Source/WWVegas/WWLib/StlportPairConstructFamily.cpp	??$_Construct@U?$pair@$$CBHUBfmePod20@@@_STL@@U12@@_STL@@YAXPAU?$pair@$$CBHUBfmePod20@@@0@ABU10@@Z	??0?$pair@$$CBHUBfmePod20@@@_STL@@QAE@ABU01@@Z	0x0041922E	unowned
Code/Libraries/Source/WWVegas/WWLib/StlportPairConstructFamily.cpp	??$_Construct@U?$pair@$$CBHUBfmePod60@@@_STL@@U12@@_STL@@YAXPAU?$pair@$$CBHUBfmePod60@@@0@ABU10@@Z	??0?$pair@$$CBHUBfmePod60@@@_STL@@QAE@ABU01@@Z	0x004197E8	unowned
Code/Libraries/Source/WWVegas/WWLib/StlportReserveRva0047B35E.cpp	?dup_0047b35e@@YAXXZ	?_M_allocate_and_copy@?$vector@URva0047B35EElement@@V?$allocator@URva0047B35EElement@@@_STL@@@_STL@@IAEPAURva0047B35EElement@@IPBU3@0@Z	0x0047A6C0	wrong
Code/Libraries/Source/WWVegas/WWLib/StlportRva003F610FAssign.cpp	??4Rva003F610FElement@@QAEAAU0@ABU0@@Z	??4?$vector@IV?$allocator@I@_STL@@@_STL@@QAEAAV01@ABV01@@Z	0x0026F4F4	divergent
Code/Libraries/Source/WWVegas/WWLib/StlportTreeKeyRangeVector.cpp	??$_M_range_initialize@URva005E59FCKeyIterator@@@?$vector@HV?$allocator@H@_STL@@@_STL@@IAEXURva005E59FCKeyIterator@@0ABUforward_iterator_tag@1@@Z	?allocate@?$allocator@H@_STL@@QBEPAHIPBX@Z	0x00068E15	divergent
Code/Libraries/Source/WWVegas/WWLib/StlportUcharMaps005538CE.cpp	??A?$map@EMU?$less@E@_STL@@V?$allocator@U?$pair@$$CBEM@_STL@@@2@@_STL@@QAEAAMABE@Z	?insert@?$map@EMU?$less@E@_STL@@V?$allocator@U?$pair@$$CBEM@_STL@@@2@@_STL@@QAE?AU?$_Rb_tree_iterator@U?$pair@$$CBEM@_STL@@U?$_Nonconst_traits@U?$pair@$$CBEM@_STL@@@2@@2@U32@ABU?$pair@$$CBEM@2@@Z	0x0055476D	wrong
Code/Libraries/Source/WWVegas/WWLib/StlportVectorAllocateAndCopyRva002D0EDC.cpp	??$__uninitialized_copy@PBURva002D0EDCElement@@PAU1@@_STL@@YAPAURva002D0EDCElement@@PBU1@0PAU1@ABU__false_type@0@@Z	??$_Construct@URva002D0EDCElement@@U1@@_STL@@YAXPAURva002D0EDCElement@@ABU1@@Z	0x002D0BEA	wrong
Code/Libraries/Source/WWVegas/WWLib/StlportVectorAsciiScalarOverflow.cpp	?_M_insert_overflow@?$vector@URva000BBA1ARecord8@@V?$allocator@URva000BBA1ARecord8@@@_STL@@@_STL@@IAEXPAURva000BBA1ARecord8@@ABU3@ABU__false_type@2@I_N@Z	??$_Construct@URva000BBA1ARecord8@@U1@@_STL@@YAXPAURva000BBA1ARecord8@@ABU1@@Z	0x000BBA1A	wrong
Code/Libraries/Source/WWVegas/WWLib/StlportVectorAsciiScalarOverflow.cpp	?push_back@?$vector@URva000BBA1ARecord8@@V?$allocator@URva000BBA1ARecord8@@@_STL@@@_STL@@QAEXABURva000BBA1ARecord8@@@Z	??$_Construct@URva000BBA1ARecord8@@U1@@_STL@@YAXPAURva000BBA1ARecord8@@ABU1@@Z	0x000BBA1A	wrong
Code/Libraries/Source/WWVegas/WWLib/StlportVectorAssignFamily.cpp	??4?$vector@URva0040DC56Element@@V?$allocator@URva0040DC56Element@@@_STL@@@_STL@@QAEAAV01@ABV01@@Z	??$__uninitialized_copy@PAURva0040DC56Element@@PAU1@@_STL@@YAPAURva0040DC56Element@@PAU1@00ABU__false_type@0@@Z	0x003F74CF	divergent
Code/Libraries/Source/WWVegas/WWLib/StlportVectorCopyCtorFamily.cpp	??0?$vector@URva002B72C9@@V?$allocator@URva002B72C9@@@_STL@@@_STL@@QAE@ABV01@@Z	??0?$_Vector_base@URva002B72C9@@V?$allocator@URva002B72C9@@@_STL@@@_STL@@QAE@IABV?$allocator@URva002B72C9@@@1@@Z	0x004FF36C	wrong
Code/Libraries/Source/WWVegas/WWLib/StlportVectorCopyCtorFamily.cpp	??0?$vector@URva00423A4A@@V?$allocator@URva00423A4A@@@_STL@@@_STL@@QAE@ABV01@@Z	??$__uninitialized_copy@PBURva00423A4A@@PAU1@@_STL@@YAPAURva00423A4A@@PBU1@0PAU1@ABU__false_type@0@@Z	0x00423ED1	wrong
Code/Libraries/Source/WWVegas/WWLib/StlportVectorCopyCtorFamily.cpp	??0?$vector@URva005668E9Element@@V?$allocator@URva005668E9Element@@@_STL@@@_STL@@QAE@ABV01@@Z	??0?$_Vector_base@URva005668E9Element@@V?$allocator@URva005668E9Element@@@_STL@@@_STL@@QAE@IABV?$allocator@URva005668E9Element@@@1@@Z	0x005C8C37	wrong
Code/Libraries/Source/WWVegas/WWLib/StlportVectorCopyCtorFamily.cpp	??0?$vector@V?$vector@UBfmeE8@@V?$allocator@UBfmeE8@@@_STL@@@_STL@@V?$allocator@V?$vector@UBfmeE8@@V?$allocator@UBfmeE8@@@_STL@@@_STL@@@2@@_STL@@QAE@ABV01@@Z	??0?$_Vector_base@V?$vector@UBfmeE8@@V?$allocator@UBfmeE8@@@_STL@@@_STL@@V?$allocator@V?$vector@UBfmeE8@@V?$allocator@UBfmeE8@@@_STL@@@_STL@@@2@@_STL@@QAE@IABV?$allocator@V?$vector@UBfmeE8@@V?$allocator@UBfmeE8@@@_STL@@@_STL@@@1@@Z	0x005C8C37	divergent
Code/Libraries/Source/WWVegas/WWLib/StlportVectorCopyCtorFamily.cpp	??0?$vector@VRva0052BDE6@@V?$allocator@VRva0052BDE6@@@_STL@@@_STL@@QAE@ABV01@@Z	??$__uninitialized_copy@PBVRva0052BDE6@@PAV1@@_STL@@YAPAVRva0052BDE6@@PBV1@0PAV1@ABU__false_type@0@@Z	0x0052C93B	wrong
Code/Libraries/Source/WWVegas/WWLib/StlportVectorCopyCtorFamily.cpp	??0?$vector@VRva0052BDE6@@V?$allocator@VRva0052BDE6@@@_STL@@@_STL@@QAE@ABV01@@Z	??0?$_Vector_base@VRva0052BDE6@@V?$allocator@VRva0052BDE6@@@_STL@@@_STL@@QAE@IABV?$allocator@VRva0052BDE6@@@1@@Z	0x005C8C37	wrong
Code/Libraries/Source/WWVegas/WWLib/StlportVectorCopyCtorFamily.cpp	??0?$vector@VRva0052BE33@@V?$allocator@VRva0052BE33@@@_STL@@@_STL@@QAE@ABV01@@Z	??0?$_Vector_base@VRva0052BE33@@V?$allocator@VRva0052BE33@@@_STL@@@_STL@@QAE@IABV?$allocator@VRva0052BE33@@@1@@Z	0x004FF36C	wrong
Code/Libraries/Source/WWVegas/WWLib/StlportVectorCopyCtorFamily.cpp	??0?$vector@VRva0052BEF0@@V?$allocator@VRva0052BEF0@@@_STL@@@_STL@@QAE@ABV01@@Z	??$__uninitialized_copy@PBVRva0052BEF0@@PAV1@@_STL@@YAPAVRva0052BEF0@@PBV1@0PAV1@ABU__false_type@0@@Z	0x0052C9D3	wrong
Code/Libraries/Source/WWVegas/WWLib/StlportVectorCopyCtorFamily.cpp	??0?$vector@VRva0052BEF0@@V?$allocator@VRva0052BEF0@@@_STL@@@_STL@@QAE@ABV01@@Z	??0?$_Vector_base@VRva0052BEF0@@V?$allocator@VRva0052BEF0@@@_STL@@@_STL@@QAE@IABV?$allocator@VRva0052BEF0@@@1@@Z	0x005C8C37	wrong
Code/Libraries/Source/WWVegas/WWLib/StlportVectorDtorFamily.cpp	??1?$vector@UBfmeAssignRecord104@@V?$allocator@UBfmeAssignRecord104@@@_STL@@@_STL@@QAE@XZ	??$_Destroy@PAUBfmeAssignRecord104@@@_STL@@YAXPAUBfmeAssignRecord104@@0@Z	0x003B8E13	divergent
Code/Libraries/Source/WWVegas/WWLib/StlportVectorDtorFamily.cpp	??1?$vector@UGeometryShape@@V?$allocator@UGeometryShape@@@_STL@@@_STL@@QAE@XZ	??$_Destroy@PAUGeometryShape@@@_STL@@YAXPAUGeometryShape@@0@Z	0x005EAA83	divergent
Code/Libraries/Source/WWVegas/WWLib/StlportVectorDtorFamily.cpp	??1?$vector@UMade002CC5E1DamageScalar@@V?$allocator@UMade002CC5E1DamageScalar@@@_STL@@@_STL@@QAE@XZ	??$_Destroy@PAUMade002CC5E1DamageScalar@@@_STL@@YAXPAUMade002CC5E1DamageScalar@@0@Z	0x00507BB7	divergent
Code/Libraries/Source/WWVegas/WWLib/StlportVectorDtorFamily.cpp	??1?$vector@UQuantityModifier@@V?$allocator@UQuantityModifier@@@_STL@@@_STL@@QAE@XZ	??$_Destroy@PAUQuantityModifier@@@_STL@@YAXPAUQuantityModifier@@0@Z	0x0032C0CA	divergent
Code/Libraries/Source/WWVegas/WWLib/StlportVectorDtorFamily.cpp	??1?$vector@URva000C828CElement@@V?$allocator@URva000C828CElement@@@_STL@@@_STL@@QAE@XZ	??$_Destroy@PAURva000C828CElement@@@_STL@@YAXPAURva000C828CElement@@0@Z	0x000C4DEF	divergent
Code/Libraries/Source/WWVegas/WWLib/StlportVectorDtorFamily.cpp	??1?$vector@URva001DEF38Element@@V?$allocator@URva001DEF38Element@@@_STL@@@_STL@@QAE@XZ	??$_Destroy@PAURva001DEF38Element@@@_STL@@YAXPAURva001DEF38Element@@0@Z	0x001DEEE0	wrong
Code/Libraries/Source/WWVegas/WWLib/StlportVectorDtorFamily.cpp	??1?$vector@URva002BBB96Element@@V?$allocator@URva002BBB96Element@@@_STL@@@_STL@@QAE@XZ	??$_Destroy@PAURva002BBB96Element@@@_STL@@YAXPAURva002BBB96Element@@0@Z	0x002BB6A5	wrong
Code/Libraries/Source/WWVegas/WWLib/StlportVectorDtorFamily.cpp	??1?$vector@URva00413B16Element@@V?$allocator@URva00413B16Element@@@_STL@@@_STL@@QAE@XZ	??$_Destroy@PAURva00413B16Element@@@_STL@@YAXPAURva00413B16Element@@0@Z	0x0022D928	divergent
Code/Libraries/Source/WWVegas/WWLib/StlportVectorDtorFamily.cpp	??1?$vector@URva005F8620Element@@V?$allocator@URva005F8620Element@@@_STL@@@_STL@@QAE@XZ	??$_Destroy@PAURva005F8620Element@@@_STL@@YAXPAURva005F8620Element@@0@Z	0x005F85C8	wrong
Code/Libraries/Source/WWVegas/WWLib/StlportVectorDtorFamily.cpp	??1?$vector@URvaPair001D9F62@@V?$allocator@URvaPair001D9F62@@@_STL@@@_STL@@QAE@XZ	??$_Destroy@PAURvaPair001D9F62@@@_STL@@YAXPAURvaPair001D9F62@@0@Z	0x0032C0CA	wrong
Code/Libraries/Source/WWVegas/WWLib/StlportVectorDtorFamily.cpp	??1?$vector@URvaPair00257544@@V?$allocator@URvaPair00257544@@@_STL@@@_STL@@QAE@XZ	??$_Destroy@PAURvaPair00257544@@@_STL@@YAXPAURvaPair00257544@@0@Z	0x0032C0CA	wrong
Code/Libraries/Source/WWVegas/WWLib/StlportVectorDtorFamily.cpp	??1?$vector@URvaPair0039973B@@V?$allocator@URvaPair0039973B@@@_STL@@@_STL@@QAE@XZ	??$_Destroy@PAURvaPair0039973B@@@_STL@@YAXPAURvaPair0039973B@@0@Z	0x0032C0CA	wrong
Code/Libraries/Source/WWVegas/WWLib/StlportVectorDtorFamily.cpp	??1?$vector@URvaPair004C3D4C@@V?$allocator@URvaPair004C3D4C@@@_STL@@@_STL@@QAE@XZ	??$_Destroy@PAURvaPair004C3D4C@@@_STL@@YAXPAURvaPair004C3D4C@@0@Z	0x0032C0CA	wrong
Code/Libraries/Source/WWVegas/WWLib/StlportVectorErase38Family.cpp	?erase@?$vector@UBfmeOpaqueRecord156@@V?$allocator@UBfmeOpaqueRecord156@@@_STL@@@_STL@@QAEPAUBfmeOpaqueRecord156@@PAU3@0@Z	??$__copy_ptrs@PAUBfmeOpaqueRecord156@@PAU1@@_STL@@YAPAUBfmeOpaqueRecord156@@PAU1@00ABU__false_type@0@@Z	0x003332FE	wrong
Code/Libraries/Source/WWVegas/WWLib/StlportVectorEraseNoDestroyFamily.cpp	?erase@?$vector@URegion2D@@V?$allocator@URegion2D@@@_STL@@@_STL@@QAEPAURegion2D@@PAU3@0@Z	??$__copy_ptrs@PAURegion2D@@PAU1@@_STL@@YAPAURegion2D@@PAU1@00ABU__false_type@0@@Z	0x0007BF5A	wrong
Code/Libraries/Source/WWVegas/WWLib/StlportVectorEraseRangeFamily.cpp	??$_Destroy@PAURva002E2690Element@@@_STL@@YAXPAURva002E2690Element@@0@Z	??$__destroy_aux@PAURva002E2690Element@@@_STL@@YAXPAURva002E2690Element@@0ABU__false_type@0@@Z	0x002AE5CF	wrong
Code/Libraries/Source/WWVegas/WWLib/StlportVectorEraseRangeFamily.cpp	??$_Destroy@PAURva0040DC56Element@@@_STL@@YAXPAURva0040DC56Element@@0@Z	??$__destroy_aux@PAURva0040DC56Element@@@_STL@@YAXPAURva0040DC56Element@@0ABU__false_type@0@@Z	0x002B44C1	divergent
Code/Libraries/Source/WWVegas/WWLib/StlportVectorEraseRangeFamily.cpp	??$_Destroy@PAUTreeHintRef00217D4C@@@_STL@@YAXPAUTreeHintRef00217D4C@@0@Z	??$__destroy_aux@PAUTreeHintRef00217D4C@@@_STL@@YAXPAUTreeHintRef00217D4C@@0ABU__false_type@0@@Z	0x004F72ED	divergent
Code/Libraries/Source/WWVegas/WWLib/StlportVectorEraseRangeFamily.cpp	??$_Destroy@PAVRvaSmartPtr12@@@_STL@@YAXPAVRvaSmartPtr12@@0@Z	??$__destroy_aux@PAVRvaSmartPtr12@@@_STL@@YAXPAVRvaSmartPtr12@@0ABU__false_type@0@@Z	0x0004CD49	divergent
Code/Libraries/Source/WWVegas/WWLib/StlportVectorEraseRangeFamily.cpp	??$__copy_ptrs@PAURva002DCFEEElement@@PAU1@@_STL@@YAPAURva002DCFEEElement@@PAU1@00ABU__false_type@0@@Z	??$__copy@PAURva002DCFEEElement@@PAU1@H@_STL@@YAPAURva002DCFEEElement@@PAU1@00ABUrandom_access_iterator_tag@0@PAH@Z	0x002DBF66	unowned
Code/Libraries/Source/WWVegas/WWLib/StlportVectorEraseRangeFamily.cpp	??$__copy_ptrs@PAURva0040DC56Element@@PAU1@@_STL@@YAPAURva0040DC56Element@@PAU1@00ABU__false_type@0@@Z	??$__copy@PAURva0040DC56Element@@PAU1@H@_STL@@YAPAURva0040DC56Element@@PAU1@00ABUrandom_access_iterator_tag@0@PAH@Z	0x002B442D	wrong
Code/Libraries/Source/WWVegas/WWLib/StlportVectorEraseRangeFamily.cpp	??$__copy_ptrs@PAURva005DC408Element@@PAU1@@_STL@@YAPAURva005DC408Element@@PAU1@00ABU__false_type@0@@Z	??$__copy@PAURva005DC408Element@@PAU1@H@_STL@@YAPAURva005DC408Element@@PAU1@00ABUrandom_access_iterator_tag@0@PAH@Z	0x005DBDA0	unowned
Code/Libraries/Source/WWVegas/WWLib/StlportVectorEraseRangeFamily.cpp	?erase@?$vector@UBfmeAssignRecord104@@V?$allocator@UBfmeAssignRecord104@@@_STL@@@_STL@@QAEPAUBfmeAssignRecord104@@PAU3@0@Z	??$_Destroy@PAUBfmeAssignRecord104@@@_STL@@YAXPAUBfmeAssignRecord104@@0@Z	0x003B8E13	divergent
Code/Libraries/Source/WWVegas/WWLib/StlportVectorEraseRangeFamily.cpp	?erase@?$vector@UBfmeAssignRecord104@@V?$allocator@UBfmeAssignRecord104@@@_STL@@@_STL@@QAEPAUBfmeAssignRecord104@@PAU3@0@Z	??$__copy_ptrs@PAUBfmeAssignRecord104@@PAU1@@_STL@@YAPAUBfmeAssignRecord104@@PAU1@00ABU__false_type@0@@Z	0x003B8B44	wrong
Code/Libraries/Source/WWVegas/WWLib/StlportVectorEraseRangeFamily.cpp	?erase@?$vector@UBfmeNarrowRecord00427F75@@V?$allocator@UBfmeNarrowRecord00427F75@@@_STL@@@_STL@@QAEPAUBfmeNarrowRecord00427F75@@PAU3@0@Z	??$_Destroy@PAUBfmeNarrowRecord00427F75@@@_STL@@YAXPAUBfmeNarrowRecord00427F75@@0@Z	0x002385E6	wrong
Code/Libraries/Source/WWVegas/WWLib/StlportVectorEraseRangeFamily.cpp	?erase@?$vector@UBfmePod12@@V?$allocator@UBfmePod12@@@_STL@@@_STL@@QAEPAUBfmePod12@@PAU3@0@Z	??$_Destroy@PAUBfmePod12@@@_STL@@YAXPAUBfmePod12@@0@Z	0x002A752F	wrong
Code/Libraries/Source/WWVegas/WWLib/StlportVectorEraseRangeFamily.cpp	?erase@?$vector@UBfmePod12@@V?$allocator@UBfmePod12@@@_STL@@@_STL@@QAEPAUBfmePod12@@PAU3@0@Z	??$__copy_ptrs@PAUBfmePod12@@PAU1@@_STL@@YAPAUBfmePod12@@PAU1@00ABU__false_type@0@@Z	0x000B6569	wrong
Code/Libraries/Source/WWVegas/WWLib/StlportVectorEraseRangeFamily.cpp	?erase@?$vector@UBfmeStringHeadRecord184@@V?$allocator@UBfmeStringHeadRecord184@@@_STL@@@_STL@@QAEPAUBfmeStringHeadRecord184@@PAU3@0@Z	??$__copy_ptrs@PAUBfmeStringHeadRecord184@@PAU1@@_STL@@YAPAUBfmeStringHeadRecord184@@PAU1@00ABU__false_type@0@@Z	0x003120FB	wrong
Code/Libraries/Source/WWVegas/WWLib/StlportVectorEraseRangeFamily.cpp	?erase@?$vector@UBfmeStringRecord00111ACF@@V?$allocator@UBfmeStringRecord00111ACF@@@_STL@@@_STL@@QAEPAUBfmeStringRecord00111ACF@@PAU3@0@Z	??$__copy_ptrs@PAUBfmeStringRecord00111ACF@@PAU1@@_STL@@YAPAUBfmeStringRecord00111ACF@@PAU1@00ABU__false_type@0@@Z	0x003F6619	wrong
Code/Libraries/Source/WWVegas/WWLib/StlportVectorEraseRangeFamily.cpp	?erase@?$vector@UElem003AF9E0@@V?$allocator@UElem003AF9E0@@@_STL@@@_STL@@QAEPAUElem003AF9E0@@PAU3@0@Z	??$__copy_ptrs@PAUElem003AF9E0@@PAU1@@_STL@@YAPAUElem003AF9E0@@PAU1@00ABU__false_type@0@@Z	0x0031968A	wrong
Code/Libraries/Source/WWVegas/WWLib/StlportVectorEraseRangeFamily.cpp	?erase@?$vector@URva00079554Record@@V?$allocator@URva00079554Record@@@_STL@@@_STL@@QAEPAURva00079554Record@@PAU3@0@Z	??$__copy_ptrs@PAURva00079554Record@@PAU1@@_STL@@YAPAURva00079554Record@@PAU1@00ABU__false_type@0@@Z	0x000C47B2	wrong
Code/Libraries/Source/WWVegas/WWLib/StlportVectorEraseRangeFamily.cpp	?erase@?$vector@URva00150659Element@@V?$allocator@URva00150659Element@@@_STL@@@_STL@@QAEPAURva00150659Element@@PAU3@0@Z	??$__copy_ptrs@PAURva00150659Element@@PAU1@@_STL@@YAPAURva00150659Element@@PAU1@00ABU__false_type@0@@Z	0x00150248	wrong
Code/Libraries/Source/WWVegas/WWLib/StlportVectorEraseRangeFamily.cpp	?erase@?$vector@URva001DEF38Element@@V?$allocator@URva001DEF38Element@@@_STL@@@_STL@@QAEPAURva001DEF38Element@@PAU3@0@Z	??$_Destroy@PAURva001DEF38Element@@@_STL@@YAXPAURva001DEF38Element@@0@Z	0x001DEEE0	wrong
Code/Libraries/Source/WWVegas/WWLib/StlportVectorEraseRangeFamily.cpp	?erase@?$vector@URva002BBB96Element@@V?$allocator@URva002BBB96Element@@@_STL@@@_STL@@QAEPAURva002BBB96Element@@PAU3@0@Z	??$_Destroy@PAURva002BBB96Element@@@_STL@@YAXPAURva002BBB96Element@@0@Z	0x002BB6A5	wrong
Code/Libraries/Source/WWVegas/WWLib/StlportVectorEraseRangeFamily.cpp	?erase@?$vector@URva002BBB96Element@@V?$allocator@URva002BBB96Element@@@_STL@@@_STL@@QAEPAURva002BBB96Element@@PAU3@0@Z	??$__copy_ptrs@PAURva002BBB96Element@@PAU1@@_STL@@YAPAURva002BBB96Element@@PAU1@00ABU__false_type@0@@Z	0x002BAD95	wrong
Code/Libraries/Source/WWVegas/WWLib/StlportVectorEraseRangeFamily.cpp	?erase@?$vector@URva002E2690Element@@V?$allocator@URva002E2690Element@@@_STL@@@_STL@@QAEPAURva002E2690Element@@PAU3@0@Z	??$__copy_ptrs@PAURva002E2690Element@@PAU1@@_STL@@YAPAURva002E2690Element@@PAU1@00ABU__false_type@0@@Z	0x002E1E9A	wrong
Code/Libraries/Source/WWVegas/WWLib/StlportVectorEraseRangeFamily.cpp	?erase@?$vector@URva003F610FElement@@V?$allocator@URva003F610FElement@@@_STL@@@_STL@@QAEPAURva003F610FElement@@PAU3@0@Z	??$__copy_ptrs@PAURva003F610FElement@@PAU1@@_STL@@YAPAURva003F610FElement@@PAU1@00ABU__false_type@0@@Z	0x003F5B3E	wrong
Code/Libraries/Source/WWVegas/WWLib/StlportVectorEraseRangeFamily.cpp	?erase@?$vector@URva004043AEElement@@V?$allocator@URva004043AEElement@@@_STL@@@_STL@@QAEPAURva004043AEElement@@PAU3@0@Z	??$__copy_ptrs@PAURva004043AEElement@@PAU1@@_STL@@YAPAURva004043AEElement@@PAU1@00ABU__false_type@0@@Z	0x00403BD2	wrong
Code/Libraries/Source/WWVegas/WWLib/StlportVectorEraseRangeFamily.cpp	?erase@?$vector@URva004758F4Element@@V?$allocator@URva004758F4Element@@@_STL@@@_STL@@QAEPAURva004758F4Element@@PAU3@0@Z	??$__copy_ptrs@PAURva004758F4Element@@PAU1@@_STL@@YAPAURva004758F4Element@@PAU1@00ABU__false_type@0@@Z	0x00474125	wrong
Code/Libraries/Source/WWVegas/WWLib/StlportVectorEraseRangeFamily.cpp	?erase@?$vector@URva00520211Element@@V?$allocator@URva00520211Element@@@_STL@@@_STL@@QAEPAURva00520211Element@@PAU3@0@Z	??$__copy_ptrs@PAURva00520211Element@@PAU1@@_STL@@YAPAURva00520211Element@@PAU1@00ABU__false_type@0@@Z	0x00520072	wrong
Code/Libraries/Source/WWVegas/WWLib/StlportVectorEraseRangeFamily.cpp	?erase@?$vector@URva00586E86Element@@V?$allocator@URva00586E86Element@@@_STL@@@_STL@@QAEPAURva00586E86Element@@PAU3@0@Z	??$__copy_ptrs@PAURva00586E86Element@@PAU1@@_STL@@YAPAURva00586E86Element@@PAU1@00ABU__false_type@0@@Z	0x00586DBF	wrong
Code/Libraries/Source/WWVegas/WWLib/StlportVectorEraseRangeFamily.cpp	?erase@?$vector@URva005F8620Element@@V?$allocator@URva005F8620Element@@@_STL@@@_STL@@QAEPAURva005F8620Element@@PAU3@0@Z	??$_Destroy@PAURva005F8620Element@@@_STL@@YAXPAURva005F8620Element@@0@Z	0x005F85C8	wrong
Code/Libraries/Source/WWVegas/WWLib/StlportVectorEraseRangeFamily.cpp	?erase@?$vector@V?$basic_string@DV?$char_traits@D@_STL@@V?$allocator@D@2@@_STL@@V?$allocator@V?$basic_string@DV?$char_traits@D@_STL@@V?$allocator@D@2@@_STL@@@2@@_STL@@QAEPAV?$basic_string@DV?$char_traits@D@_STL@@V?$allocator@D@2@@2@PAV32@0@Z	??$__copy_ptrs@PAV?$basic_string@DV?$char_traits@D@_STL@@V?$allocator@D@2@@_STL@@PAV12@@_STL@@YAPAV?$basic_string@DV?$char_traits@D@_STL@@V?$allocator@D@2@@0@PAV10@00ABU__false_type@0@@Z	0x0007A401	wrong
Code/Libraries/Source/WWVegas/WWLib/StlportVectorEraseRangeFamily.cpp	?erase@?$vector@VRva0032A3A9Element@@V?$allocator@VRva0032A3A9Element@@@_STL@@@_STL@@QAEPAVRva0032A3A9Element@@PAV3@0@Z	??$__copy_ptrs@PAVRva0032A3A9Element@@PAV1@@_STL@@YAPAVRva0032A3A9Element@@PAV1@00ABU__false_type@0@@Z	0x0032A40E	wrong
Code/Libraries/Source/WWVegas/WWLib/StlportVectorEraseRangeFamily.cpp	?erase@?$vector@VRva003371B1@@V?$allocator@VRva003371B1@@@_STL@@@_STL@@QAEPAVRva003371B1@@PAV3@0@Z	??$__copy_ptrs@PAVRva003371B1@@PAV1@@_STL@@YAPAVRva003371B1@@PAV1@00ABU__false_type@0@@Z	0x00337533	wrong
Code/Libraries/Source/WWVegas/WWLib/StlportVectorFillInsertRva0030E7FE.cpp	?dup_0030e7fe@@YAXXZ	?_M_insert_overflow@?$vector@MV?$allocator@M@_STL@@@_STL@@IAEXPAMABMABU__true_type@2@I_N@Z	0x002DFCF6	wrong
Code/Libraries/Source/WWVegas/WWLib/StlportVectorFillInsertRva005B1748.cpp	?_M_fill_insert@?$vector@UBfmePod20@@V?$allocator@UBfmePod20@@@_STL@@@_STL@@QAEXPAUBfmePod20@@IABU3@@Z	??$__copy_backward_ptrs@PAUBfmePod20@@PAU1@@_STL@@YAPAUBfmePod20@@PAU1@00ABU__false_type@0@@Z	0x005B0A1B	wrong
Code/Libraries/Source/WWVegas/WWLib/StlportVectorGrowthFootprints.cpp	??1?$vector@UBfmeVectorRecord002AF478@@V?$allocator@UBfmeVectorRecord002AF478@@@_STL@@@_STL@@QAE@XZ	??$_Destroy@PAUBfmeVectorRecord002AF478@@@_STL@@YAXPAUBfmeVectorRecord002AF478@@0@Z	0x002B0CE7	wrong
Code/Libraries/Source/WWVegas/WWLib/StlportVectorGrowthFootprints.cpp	?_M_clear@?$vector@UBfmeNarrowRecord00427F75@@V?$allocator@UBfmeNarrowRecord00427F75@@@_STL@@@_STL@@IAEXXZ	??$_Destroy@PAUBfmeNarrowRecord00427F75@@@_STL@@YAXPAUBfmeNarrowRecord00427F75@@0@Z	0x002385E6	wrong
Code/Libraries/Source/WWVegas/WWLib/StlportVectorGrowthFootprints.cpp	?_M_clear@?$vector@UBfmeVectorRecord002AF478@@V?$allocator@UBfmeVectorRecord002AF478@@@_STL@@@_STL@@IAEXXZ	??$_Destroy@PAUBfmeVectorRecord002AF478@@@_STL@@YAXPAUBfmeVectorRecord002AF478@@0@Z	0x002B0CE7	wrong
Code/Libraries/Source/WWVegas/WWLib/StlportVectorGrowthFootprints.cpp	?_M_insert_overflow@?$vector@UBfmePod128@@V?$allocator@UBfmePod128@@@_STL@@@_STL@@IAEXPAUBfmePod128@@ABU3@ABU__false_type@2@I_N@Z	??$_Construct@UBfmePod128@@U1@@_STL@@YAXPAUBfmePod128@@ABU1@@Z	0x0032A2AF	wrong
Code/Libraries/Source/WWVegas/WWLib/StlportVectorGrowthFootprints.cpp	?_M_insert_overflow@?$vector@UBfmePod128@@V?$allocator@UBfmePod128@@@_STL@@@_STL@@IAEXPAUBfmePod128@@ABU3@ABU__false_type@2@I_N@Z	?_M_clear@?$vector@UBfmePod128@@V?$allocator@UBfmePod128@@@_STL@@@_STL@@IAEXXZ	0x0032BF1B	divergent
Code/Libraries/Source/WWVegas/WWLib/StlportVectorGrowthFootprints.cpp	?_M_insert_overflow@?$vector@UBfmeRecord001ECAF9@@V?$allocator@UBfmeRecord001ECAF9@@@_STL@@@_STL@@IAEXPAUBfmeRecord001ECAF9@@ABU3@ABU__false_type@2@I_N@Z	?_M_clear@?$vector@UBfmeRecord001ECAF9@@V?$allocator@UBfmeRecord001ECAF9@@@_STL@@@_STL@@IAEXXZ	0x001ED01E	wrong
Code/Libraries/Source/WWVegas/WWLib/StlportVectorGrowthFootprints.cpp	?_M_insert_overflow@?$vector@UBfmeStringRecord003B3F78@@V?$allocator@UBfmeStringRecord003B3F78@@@_STL@@@_STL@@IAEXPAUBfmeStringRecord003B3F78@@ABU3@ABU__false_type@2@I_N@Z	?_M_clear@?$vector@UBfmeStringRecord003B3F78@@V?$allocator@UBfmeStringRecord003B3F78@@@_STL@@@_STL@@IAEXXZ	0x003B6846	wrong
Code/Libraries/Source/WWVegas/WWLib/StlportVectorGrowthFootprints.cpp	?_M_insert_overflow@?$vector@UBfmeStringRecord00404BF3@@V?$allocator@UBfmeStringRecord00404BF3@@@_STL@@@_STL@@IAEXPAUBfmeStringRecord00404BF3@@ABU3@ABU__false_type@2@I_N@Z	?_M_clear@?$vector@UBfmeStringRecord00404BF3@@V?$allocator@UBfmeStringRecord00404BF3@@@_STL@@@_STL@@IAEXXZ	0x000C065B	divergent
Code/Libraries/Source/WWVegas/WWLib/StlportVectorGrowthFootprints.cpp	?_M_insert_overflow@?$vector@VRva000BB491@@V?$allocator@VRva000BB491@@@_STL@@@_STL@@IAEXPAVRva000BB491@@ABV3@ABU__false_type@2@I_N@Z	?_M_clear@?$vector@VRva000BB491@@V?$allocator@VRva000BB491@@@_STL@@@_STL@@IAEXXZ	0x000C2067	divergent
Code/Libraries/Source/WWVegas/WWLib/StlportVectorGrowthFootprints.cpp	?_M_insert_overflow@?$vector@VRva000BB4AC@@V?$allocator@VRva000BB4AC@@@_STL@@@_STL@@IAEXPAVRva000BB4AC@@ABV3@ABU__false_type@2@I_N@Z	?_M_clear@?$vector@VRva000BB4AC@@V?$allocator@VRva000BB4AC@@@_STL@@@_STL@@IAEXXZ	0x000C2085	divergent
Code/Libraries/Source/WWVegas/WWLib/StlportVectorGrowthFootprints.cpp	?_M_insert_overflow@?$vector@VRva00585B16@@V?$allocator@VRva00585B16@@@_STL@@@_STL@@IAEXPAVRva00585B16@@ABV3@ABU__false_type@2@I_N@Z	?_M_clear@?$vector@VRva00585B16@@V?$allocator@VRva00585B16@@@_STL@@@_STL@@IAEXXZ	0x00586BAB	wrong
Code/Libraries/Source/WWVegas/WWLib/StlportVectorInsertOverflowFamily.cpp	??$__uninitialized_copy@PAUBfmeStringTailRecord156@@PAU1@@_STL@@YAPAUBfmeStringTailRecord156@@PAU1@00ABU__false_type@0@@Z	??$_Construct@UBfmeStringTailRecord156@@U1@@_STL@@YAXPAUBfmeStringTailRecord156@@ABU1@@Z	0x004CC095	wrong
Code/Libraries/Source/WWVegas/WWLib/StlportVectorInsertOverflowFamily.cpp	??$__uninitialized_fill_n@PAUBfmeStringTailRecord156@@IU1@@_STL@@YAPAUBfmeStringTailRecord156@@PAU1@IABU1@ABU__false_type@0@@Z	??$_Construct@UBfmeStringTailRecord156@@U1@@_STL@@YAXPAUBfmeStringTailRecord156@@ABU1@@Z	0x004CC095	wrong
Code/Libraries/Source/WWVegas/WWLib/StlportVectorInsertOverflowFamily.cpp	?_M_clear@?$vector@UGeometryShape@@V?$allocator@UGeometryShape@@@_STL@@@_STL@@IAEXXZ	??$_Destroy@PAUGeometryShape@@@_STL@@YAXPAUGeometryShape@@0@Z	0x005EAA83	divergent
Code/Libraries/Source/WWVegas/WWLib/StlportVectorInsertOverflowFamily.cpp	?_M_clear@?$vector@URva00413B16Element@@V?$allocator@URva00413B16Element@@@_STL@@@_STL@@IAEXXZ	??$_Destroy@PAURva00413B16Element@@@_STL@@YAXPAURva00413B16Element@@0@Z	0x0022D928	divergent
Code/Libraries/Source/WWVegas/WWLib/StlportVectorInsertOverflowFamily.cpp	?_M_clear@?$vector@VRva00403927@@V?$allocator@VRva00403927@@@_STL@@@_STL@@IAEXXZ	??$_Destroy@PAVRva00403927@@@_STL@@YAXPAVRva00403927@@0@Z	0x00214B09	divergent
Code/Libraries/Source/WWVegas/WWLib/StlportVectorInsertOverflowFamily.cpp	?_M_insert_overflow@?$vector@UBfmeContainerRecord002CF46E@@V?$allocator@UBfmeContainerRecord002CF46E@@@_STL@@@_STL@@IAEXPAUBfmeContainerRecord002CF46E@@ABU3@ABU__false_type@2@I_N@Z	?_M_clear@?$vector@UBfmeContainerRecord002CF46E@@V?$allocator@UBfmeContainerRecord002CF46E@@@_STL@@@_STL@@IAEXXZ	0x000C05EC	wrong
Code/Libraries/Source/WWVegas/WWLib/StlportVectorInsertOverflowFamily.cpp	?_M_insert_overflow@?$vector@UBfmePod104@@V?$allocator@UBfmePod104@@@_STL@@@_STL@@IAEXPAUBfmePod104@@ABU3@ABU__false_type@2@I_N@Z	?_M_clear@?$vector@UBfmePod104@@V?$allocator@UBfmePod104@@@_STL@@@_STL@@IAEXXZ	0x003B90BD	divergent
Code/Libraries/Source/WWVegas/WWLib/StlportVectorInsertOverflowFamily.cpp	?_M_insert_overflow@?$vector@UBfmeStringRecord00395E75@@V?$allocator@UBfmeStringRecord00395E75@@@_STL@@@_STL@@IAEXPAUBfmeStringRecord00395E75@@ABU3@ABU__false_type@2@I_N@Z	?_M_clear@?$vector@UBfmeStringRecord00395E75@@V?$allocator@UBfmeStringRecord00395E75@@@_STL@@@_STL@@IAEXXZ	0x00399800	divergent
Code/Libraries/Source/WWVegas/WWLib/StlportVectorInsertOverflowFamily.cpp	?_M_insert_overflow@?$vector@UBfmeStringRecord00466E64@@V?$allocator@UBfmeStringRecord00466E64@@@_STL@@@_STL@@IAEXPAUBfmeStringRecord00466E64@@ABU3@ABU__false_type@2@I_N@Z	?_M_clear@?$vector@UBfmeStringRecord00466E64@@V?$allocator@UBfmeStringRecord00466E64@@@_STL@@@_STL@@IAEXXZ	0x0046800B	divergent
Code/Libraries/Source/WWVegas/WWLib/StlportVectorInsertOverflowFamily.cpp	?_M_insert_overflow@?$vector@UBfmeStringTailRecord156@@V?$allocator@UBfmeStringTailRecord156@@@_STL@@@_STL@@IAEXPAUBfmeStringTailRecord156@@ABU3@ABU__false_type@2@I_N@Z	??$_Construct@UBfmeStringTailRecord156@@U1@@_STL@@YAXPAUBfmeStringTailRecord156@@ABU1@@Z	0x004CC095	wrong
Code/Libraries/Source/WWVegas/WWLib/StlportVectorInsertOverflowFamily.cpp	?_M_insert_overflow@?$vector@URva000CF83CElement@@V?$allocator@URva000CF83CElement@@@_STL@@@_STL@@IAEXPAURva000CF83CElement@@ABU3@ABU__false_type@2@I_N@Z	??$_Construct@URva000CF83CElement@@U1@@_STL@@YAXPAURva000CF83CElement@@ABU1@@Z	0x000CF4D6	wrong
Code/Libraries/Source/WWVegas/WWLib/StlportVectorInsertOverflowFamily.cpp	?_M_insert_overflow@?$vector@URva000CF83CElement@@V?$allocator@URva000CF83CElement@@@_STL@@@_STL@@IAEXPAURva000CF83CElement@@ABU3@ABU__false_type@2@I_N@Z	?_M_clear@?$vector@URva000CF83CElement@@V?$allocator@URva000CF83CElement@@@_STL@@@_STL@@IAEXXZ	0x000C060A	divergent
Code/Libraries/Source/WWVegas/WWLib/StlportVectorInsertOverflowFamily.cpp	?_M_insert_overflow@?$vector@URva00153A27Element@@V?$allocator@URva00153A27Element@@@_STL@@@_STL@@IAEXPAURva00153A27Element@@ABU3@ABU__false_type@2@I_N@Z	??$_Construct@URva00153A27Element@@U1@@_STL@@YAXPAURva00153A27Element@@ABU1@@Z	0x004F6B7B	wrong
Code/Libraries/Source/WWVegas/WWLib/StlportVectorInsertOverflowFamily.cpp	?_M_insert_overflow@?$vector@URva00153A27Element@@V?$allocator@URva00153A27Element@@@_STL@@@_STL@@IAEXPAURva00153A27Element@@ABU3@ABU__false_type@2@I_N@Z	?_M_clear@?$vector@URva00153A27Element@@V?$allocator@URva00153A27Element@@@_STL@@@_STL@@IAEXXZ	0x0015373C	divergent
Code/Libraries/Source/WWVegas/WWLib/StlportVectorInsertOverflowFamily.cpp	?_M_insert_overflow@?$vector@URva001DAAF2Element@@V?$allocator@URva001DAAF2Element@@@_STL@@@_STL@@IAEXPAURva001DAAF2Element@@ABU3@ABU__false_type@2@I_N@Z	?_M_clear@?$vector@URva001DAAF2Element@@V?$allocator@URva001DAAF2Element@@@_STL@@@_STL@@IAEXXZ	0x004C3D8B	divergent
Code/Libraries/Source/WWVegas/WWLib/StlportVectorInsertOverflowFamily.cpp	?_M_insert_overflow@?$vector@URva001DF3F1Element@@V?$allocator@URva001DF3F1Element@@@_STL@@@_STL@@IAEXPAURva001DF3F1Element@@ABU3@ABU__false_type@2@I_N@Z	?_M_clear@?$vector@URva001DF3F1Element@@V?$allocator@URva001DF3F1Element@@@_STL@@@_STL@@IAEXXZ	0x001DEF6B	divergent
Code/Libraries/Source/WWVegas/WWLib/StlportVectorInsertOverflowFamily.cpp	?_M_insert_overflow@?$vector@URva0020A227Element@@V?$allocator@URva0020A227Element@@@_STL@@@_STL@@IAEXPAURva0020A227Element@@ABU3@ABU__false_type@2@I_N@Z	??$_Construct@URva0020A227Element@@U1@@_STL@@YAXPAURva0020A227Element@@ABU1@@Z	0x0020596A	wrong
Code/Libraries/Source/WWVegas/WWLib/StlportVectorInsertOverflowFamily.cpp	?_M_insert_overflow@?$vector@URva0020A227Element@@V?$allocator@URva0020A227Element@@@_STL@@@_STL@@IAEXPAURva0020A227Element@@ABU3@ABU__false_type@2@I_N@Z	?_M_clear@?$vector@URva0020A227Element@@V?$allocator@URva0020A227Element@@@_STL@@@_STL@@IAEXXZ	0x004C3D8B	divergent
Code/Libraries/Source/WWVegas/WWLib/StlportVectorInsertOverflowFamily.cpp	?_M_insert_overflow@?$vector@URva00260B88Element@@V?$allocator@URva00260B88Element@@@_STL@@@_STL@@IAEXPAURva00260B88Element@@ABU3@ABU__false_type@2@I_N@Z	?_M_clear@?$vector@URva00260B88Element@@V?$allocator@URva00260B88Element@@@_STL@@@_STL@@IAEXXZ	0x00381B52	divergent
Code/Libraries/Source/WWVegas/WWLib/StlportVectorInsertOverflowFamily.cpp	?_M_insert_overflow@?$vector@URva002898ACElement@@V?$allocator@URva002898ACElement@@@_STL@@@_STL@@IAEXPAURva002898ACElement@@ABU3@ABU__false_type@2@I_N@Z	?_M_clear@?$vector@URva002898ACElement@@V?$allocator@URva002898ACElement@@@_STL@@@_STL@@IAEXXZ	0x000C060A	divergent
Code/Libraries/Source/WWVegas/WWLib/StlportVectorInsertOverflowFamily.cpp	?_M_insert_overflow@?$vector@URva002B72C9@@V?$allocator@URva002B72C9@@@_STL@@@_STL@@IAEXPAURva002B72C9@@ABU3@ABU__false_type@2@I_N@Z	?_M_clear@?$vector@URva002B72C9@@V?$allocator@URva002B72C9@@@_STL@@@_STL@@IAEXXZ	0x002BBBC9	divergent
Code/Libraries/Source/WWVegas/WWLib/StlportVectorInsertOverflowFamily.cpp	?_M_insert_overflow@?$vector@URva00308E2CElement@@V?$allocator@URva00308E2CElement@@@_STL@@@_STL@@IAEXPAURva00308E2CElement@@ABU3@ABU__false_type@2@I_N@Z	?_M_clear@?$vector@URva00308E2CElement@@V?$allocator@URva00308E2CElement@@@_STL@@@_STL@@IAEXXZ	0x00308C13	divergent
Code/Libraries/Source/WWVegas/WWLib/StlportVectorInsertOverflowFamily.cpp	?_M_insert_overflow@?$vector@URva00318203Element@@V?$allocator@URva00318203Element@@@_STL@@@_STL@@IAEXPAURva00318203Element@@ABU3@ABU__false_type@2@I_N@Z	?_M_clear@?$vector@URva00318203Element@@V?$allocator@URva00318203Element@@@_STL@@@_STL@@IAEXXZ	0x004C3D8B	divergent
Code/Libraries/Source/WWVegas/WWLib/StlportVectorInsertOverflowFamily.cpp	?_M_insert_overflow@?$vector@URva0032DC80Element@@V?$allocator@URva0032DC80Element@@@_STL@@@_STL@@IAEXPAURva0032DC80Element@@ABU3@ABU__false_type@2@I_N@Z	?_M_clear@?$vector@URva0032DC80Element@@V?$allocator@URva0032DC80Element@@@_STL@@@_STL@@IAEXXZ	0x004C3D8B	divergent
Code/Libraries/Source/WWVegas/WWLib/StlportVectorInsertOverflowFamily.cpp	?_M_insert_overflow@?$vector@URva0032EA3FElement@@V?$allocator@URva0032EA3FElement@@@_STL@@@_STL@@IAEXPAURva0032EA3FElement@@ABU3@ABU__false_type@2@I_N@Z	?_M_clear@?$vector@URva0032EA3FElement@@V?$allocator@URva0032EA3FElement@@@_STL@@@_STL@@IAEXXZ	0x0032E7E2	divergent
Code/Libraries/Source/WWVegas/WWLib/StlportVectorInsertOverflowFamily.cpp	?_M_insert_overflow@?$vector@URva003328B6Element@@V?$allocator@URva003328B6Element@@@_STL@@@_STL@@IAEXPAURva003328B6Element@@ABU3@ABU__false_type@2@I_N@Z	?_M_clear@?$vector@URva003328B6Element@@V?$allocator@URva003328B6Element@@@_STL@@@_STL@@IAEXXZ	0x0026E5B9	divergent
Code/Libraries/Source/WWVegas/WWLib/StlportVectorInsertOverflowFamily.cpp	?_M_insert_overflow@?$vector@URva0033A23AElement@@V?$allocator@URva0033A23AElement@@@_STL@@@_STL@@IAEXPAURva0033A23AElement@@ABU3@ABU__false_type@2@I_N@Z	?_M_clear@?$vector@URva0033A23AElement@@V?$allocator@URva0033A23AElement@@@_STL@@@_STL@@IAEXXZ	0x0032E7E2	divergent
Code/Libraries/Source/WWVegas/WWLib/StlportVectorInsertOverflowFamily.cpp	?_M_insert_overflow@?$vector@URva0039A48EElement@@V?$allocator@URva0039A48EElement@@@_STL@@@_STL@@IAEXPAURva0039A48EElement@@ABU3@ABU__false_type@2@I_N@Z	?_M_clear@?$vector@URva0039A48EElement@@V?$allocator@URva0039A48EElement@@@_STL@@@_STL@@IAEXXZ	0x004C3D8B	divergent
Code/Libraries/Source/WWVegas/WWLib/StlportVectorInsertOverflowFamily.cpp	?_M_insert_overflow@?$vector@URva003F7B22Element@@V?$allocator@URva003F7B22Element@@@_STL@@@_STL@@IAEXPAURva003F7B22Element@@ABU3@ABU__false_type@2@I_N@Z	??$_Construct@URva003F7B22Element@@U1@@_STL@@YAXPAURva003F7B22Element@@ABU1@@Z	0x002B2FE2	wrong
Code/Libraries/Source/WWVegas/WWLib/StlportVectorInsertOverflowFamily.cpp	?_M_insert_overflow@?$vector@URva003F7B22Element@@V?$allocator@URva003F7B22Element@@@_STL@@@_STL@@IAEXPAURva003F7B22Element@@ABU3@ABU__false_type@2@I_N@Z	?_M_clear@?$vector@URva003F7B22Element@@V?$allocator@URva003F7B22Element@@@_STL@@@_STL@@IAEXXZ	0x002B61DD	divergent
Code/Libraries/Source/WWVegas/WWLib/StlportVectorInsertOverflowFamily.cpp	?_M_insert_overflow@?$vector@URva00414258Element@@V?$allocator@URva00414258Element@@@_STL@@@_STL@@IAEXPAURva00414258Element@@ABU3@ABU__false_type@2@I_N@Z	?_M_clear@?$vector@URva00414258Element@@V?$allocator@URva00414258Element@@@_STL@@@_STL@@IAEXXZ	0x00414148	divergent
Code/Libraries/Source/WWVegas/WWLib/StlportVectorInsertOverflowFamily.cpp	?_M_insert_overflow@?$vector@URva00414BA4Element@@V?$allocator@URva00414BA4Element@@@_STL@@@_STL@@IAEXPAURva00414BA4Element@@ABU3@ABU__false_type@2@I_N@Z	?_M_clear@?$vector@URva00414BA4Element@@V?$allocator@URva00414BA4Element@@@_STL@@@_STL@@IAEXXZ	0x00414793	divergent
Code/Libraries/Source/WWVegas/WWLib/StlportVectorInsertOverflowFamily.cpp	?_M_insert_overflow@?$vector@URva004C3F09Element@@V?$allocator@URva004C3F09Element@@@_STL@@@_STL@@IAEXPAURva004C3F09Element@@ABU3@ABU__false_type@2@I_N@Z	?_M_clear@?$vector@URva004C3F09Element@@V?$allocator@URva004C3F09Element@@@_STL@@@_STL@@IAEXXZ	0x004C3D8B	divergent
Code/Libraries/Source/WWVegas/WWLib/StlportVectorInsertOverflowFamily.cpp	?_M_insert_overflow@?$vector@URva004F87BCElement@@V?$allocator@URva004F87BCElement@@@_STL@@@_STL@@IAEXPAURva004F87BCElement@@ABU3@ABU__false_type@2@I_N@Z	?_M_clear@?$vector@URva004F87BCElement@@V?$allocator@URva004F87BCElement@@@_STL@@@_STL@@IAEXXZ	0x00577EF1	divergent
Code/Libraries/Source/WWVegas/WWLib/StlportVectorInsertOverflowFamily.cpp	?_M_insert_overflow@?$vector@URva004F8D92Element@@V?$allocator@URva004F8D92Element@@@_STL@@@_STL@@IAEXPAURva004F8D92Element@@ABU3@ABU__false_type@2@I_N@Z	?_M_clear@?$vector@URva004F8D92Element@@V?$allocator@URva004F8D92Element@@@_STL@@@_STL@@IAEXXZ	0x00577EF1	divergent
Code/Libraries/Source/WWVegas/WWLib/StlportVectorInsertOverflowFamily.cpp	?_M_insert_overflow@?$vector@URva004F93B0Element@@V?$allocator@URva004F93B0Element@@@_STL@@@_STL@@IAEXPAURva004F93B0Element@@ABU3@ABU__false_type@2@I_N@Z	?_M_clear@?$vector@URva004F93B0Element@@V?$allocator@URva004F93B0Element@@@_STL@@@_STL@@IAEXXZ	0x004F89DB	divergent
Code/Libraries/Source/WWVegas/WWLib/StlportVectorInsertOverflowFamily.cpp	?_M_insert_overflow@?$vector@URva00501E3FElement@@V?$allocator@URva00501E3FElement@@@_STL@@@_STL@@IAEXPAURva00501E3FElement@@ABU3@ABU__false_type@2@I_N@Z	?_M_clear@?$vector@URva00501E3FElement@@V?$allocator@URva00501E3FElement@@@_STL@@@_STL@@IAEXXZ	0x00501356	divergent
Code/Libraries/Source/WWVegas/WWLib/StlportVectorInsertOverflowFamily.cpp	?_M_insert_overflow@?$vector@URva005668E9Element@@V?$allocator@URva005668E9Element@@@_STL@@@_STL@@IAEXPAURva005668E9Element@@ABU3@ABU__false_type@2@I_N@Z	?_M_clear@?$vector@URva005668E9Element@@V?$allocator@URva005668E9Element@@@_STL@@@_STL@@IAEXXZ	0x0056614D	divergent
Code/Libraries/Source/WWVegas/WWLib/StlportVectorInsertOverflowFamily.cpp	?_M_insert_overflow@?$vector@URva00578425Element@@V?$allocator@URva00578425Element@@@_STL@@@_STL@@IAEXPAURva00578425Element@@ABU3@ABU__false_type@2@I_N@Z	?_M_clear@?$vector@URva00578425Element@@V?$allocator@URva00578425Element@@@_STL@@@_STL@@IAEXXZ	0x00577EF1	divergent
Code/Libraries/Source/WWVegas/WWLib/StlportVectorInsertOverflowFamily.cpp	?_M_insert_overflow@?$vector@URva005E1E9BElement@@V?$allocator@URva005E1E9BElement@@@_STL@@@_STL@@IAEXPAURva005E1E9BElement@@ABU3@ABU__false_type@2@I_N@Z	?_M_clear@?$vector@URva005E1E9BElement@@V?$allocator@URva005E1E9BElement@@@_STL@@@_STL@@IAEXXZ	0x00577EF1	divergent
Code/Libraries/Source/WWVegas/WWLib/StlportVectorInsertOverflowFamily.cpp	?_M_insert_overflow@?$vector@URva005E2B0EElement@@V?$allocator@URva005E2B0EElement@@@_STL@@@_STL@@IAEXPAURva005E2B0EElement@@ABU3@ABU__false_type@2@I_N@Z	?_M_clear@?$vector@URva005E2B0EElement@@V?$allocator@URva005E2B0EElement@@@_STL@@@_STL@@IAEXXZ	0x00577EF1	divergent
Code/Libraries/Source/WWVegas/WWLib/StlportVectorInsertOverflowFamily.cpp	?_M_insert_overflow@?$vector@URva005E71C6Ref@@V?$allocator@URva005E71C6Ref@@@_STL@@@_STL@@IAEXPAURva005E71C6Ref@@ABU3@ABU__false_type@2@I_N@Z	?_M_clear@?$vector@URva005E71C6Ref@@V?$allocator@URva005E71C6Ref@@@_STL@@@_STL@@IAEXXZ	0x005E8077	divergent
Code/Libraries/Source/WWVegas/WWLib/StlportVectorInsertOverflowFamily.cpp	?_M_insert_overflow@?$vector@URva005EFD53Element@@V?$allocator@URva005EFD53Element@@@_STL@@@_STL@@IAEXPAURva005EFD53Element@@ABU3@ABU__false_type@2@I_N@Z	?_M_clear@?$vector@URva005EFD53Element@@V?$allocator@URva005EFD53Element@@@_STL@@@_STL@@IAEXXZ	0x005F120F	divergent
Code/Libraries/Source/WWVegas/WWLib/StlportVectorInsertOverflowFamily.cpp	?_M_insert_overflow@?$vector@URva005F13E6Element@@V?$allocator@URva005F13E6Element@@@_STL@@@_STL@@IAEXPAURva005F13E6Element@@ABU3@ABU__false_type@2@I_N@Z	?_M_clear@?$vector@URva005F13E6Element@@V?$allocator@URva005F13E6Element@@@_STL@@@_STL@@IAEXXZ	0x005F120F	divergent
Code/Libraries/Source/WWVegas/WWLib/StlportVectorInsertOverflowFamily.cpp	?_M_insert_overflow@?$vector@URva005FA197Element@@V?$allocator@URva005FA197Element@@@_STL@@@_STL@@IAEXPAURva005FA197Element@@ABU3@ABU__false_type@2@I_N@Z	?_M_clear@?$vector@URva005FA197Element@@V?$allocator@URva005FA197Element@@@_STL@@@_STL@@IAEXXZ	0x00577EF1	divergent
Code/Libraries/Source/WWVegas/WWLib/StlportVectorInsertOverflowFamily.cpp	?_M_insert_overflow@?$vector@URva005FA1CEElement@@V?$allocator@URva005FA1CEElement@@@_STL@@@_STL@@IAEXPAURva005FA1CEElement@@ABU3@ABU__false_type@2@I_N@Z	?_M_clear@?$vector@URva005FA1CEElement@@V?$allocator@URva005FA1CEElement@@@_STL@@@_STL@@IAEXXZ	0x00577EF1	divergent
Code/Libraries/Source/WWVegas/WWLib/StlportVectorInsertOverflowFamily.cpp	?_M_insert_overflow@?$vector@URva007719C0Element@_STL@@V?$allocator@URva007719C0Element@_STL@@@2@@_STL@@IAEXPAURva007719C0Element@2@ABU32@ABU__false_type@2@I_N@Z	?_M_clear@?$vector@URva007719C0Element@_STL@@V?$allocator@URva007719C0Element@_STL@@@2@@_STL@@IAEXXZ	0x000C060A	wrong
Code/Libraries/Source/WWVegas/WWLib/StlportVectorInsertOverflowFamily.cpp	?_M_insert_overflow@?$vector@VBfmeThingUBB@@V?$allocator@VBfmeThingUBB@@@_STL@@@_STL@@IAEXPAVBfmeThingUBB@@ABV3@ABU__false_type@2@I_N@Z	??$_Construct@VBfmeThingUBB@@V1@@_STL@@YAXPAVBfmeThingUBB@@ABV1@@Z	0x0032ACEA	wrong
Code/Libraries/Source/WWVegas/WWLib/StlportVectorInsertOverflowFamily.cpp	?_M_insert_overflow@?$vector@VBfmeThingUBB@@V?$allocator@VBfmeThingUBB@@@_STL@@@_STL@@IAEXPAVBfmeThingUBB@@ABV3@ABU__false_type@2@I_N@Z	?_M_clear@?$vector@VBfmeThingUBB@@V?$allocator@VBfmeThingUBB@@@_STL@@@_STL@@IAEXXZ	0x0032C4D5	divergent
Code/Libraries/Source/WWVegas/WWLib/StlportVectorInsertOverflowFamily.cpp	?_M_insert_overflow@?$vector@VLivingWorldRegionConnection@@V?$allocator@VLivingWorldRegionConnection@@@_STL@@@_STL@@IAEXPAVLivingWorldRegionConnection@@ABV3@ABU__false_type@2@I_N@Z	?_M_clear@?$vector@VLivingWorldRegionConnection@@V?$allocator@VLivingWorldRegionConnection@@@_STL@@@_STL@@IAEXXZ	0x00565A24	divergent
Code/Libraries/Source/WWVegas/WWLib/StlportVectorInsertOverflowFamily.cpp	?_M_insert_overflow@?$vector@VRva0052BE33@@V?$allocator@VRva0052BE33@@@_STL@@@_STL@@IAEXPAVRva0052BE33@@ABV3@ABU__false_type@2@I_N@Z	?_M_clear@?$vector@VRva0052BE33@@V?$allocator@VRva0052BE33@@@_STL@@@_STL@@IAEXXZ	0x00565A42	divergent
Code/Libraries/Source/WWVegas/WWLib/StlportVectorInsertOverflowFamily.cpp	?_M_insert_overflow@?$vector@VRva00568A20@@V?$allocator@VRva00568A20@@@_STL@@@_STL@@IAEXPAVRva00568A20@@ABV3@ABU__false_type@2@I_N@Z	?_M_clear@?$vector@VRva00568A20@@V?$allocator@VRva00568A20@@@_STL@@@_STL@@IAEXXZ	0x00569DFF	divergent
Code/Libraries/Source/WWVegas/WWLib/StlportVectorInsertOverflowRva001ED03C.cpp	?_M_insert_overflow@?$vector@VRva001ED03C@@V?$allocator@VRva001ED03C@@@_STL@@@_STL@@IAEXPAVRva001ED03C@@ABV3@ABU__false_type@2@I_N@Z	?_M_clear@?$vector@VRva001ED03C@@V?$allocator@VRva001ED03C@@@_STL@@@_STL@@IAEXXZ	0x001ED3A2	wrong
Code/Libraries/Source/WWVegas/WWLib/StlportVectorInsertOverflowRva00361680.cpp	?_M_insert_overflow@?$vector@UBfmeStringHeadRecord148@@V?$allocator@UBfmeStringHeadRecord148@@@_STL@@@_STL@@IAEXPAUBfmeStringHeadRecord148@@ABU3@ABU__false_type@2@I_N@Z	??$__uninitialized_copy@PAUBfmeStringHeadRecord148@@PAU1@@_STL@@YAPAUBfmeStringHeadRecord148@@PAU1@00ABU__false_type@0@@Z	0x0036149D	divergent
Code/Libraries/Source/WWVegas/WWLib/StlportVectorInsertOverflowRva00361680.cpp	?_M_insert_overflow@?$vector@UBfmeStringHeadRecord148@@V?$allocator@UBfmeStringHeadRecord148@@@_STL@@@_STL@@IAEXPAUBfmeStringHeadRecord148@@ABU3@ABU__false_type@2@I_N@Z	??$__uninitialized_fill_n@PAUBfmeStringHeadRecord148@@IU1@@_STL@@YAPAUBfmeStringHeadRecord148@@PAU1@IABU1@ABU__false_type@0@@Z	0x003614CC	divergent
Code/Libraries/Source/WWVegas/WWLib/StlportVectorInsertOverflowRva003A46FA.cpp	?_M_insert_overflow@?$vector@UBfmeStringHeadRecord160@@V?$allocator@UBfmeStringHeadRecord160@@@_STL@@@_STL@@IAEXPAUBfmeStringHeadRecord160@@ABU3@ABU__false_type@2@I_N@Z	??$_Construct@UBfmeStringHeadRecord160@@U1@@_STL@@YAXPAUBfmeStringHeadRecord160@@ABU1@@Z	0x003A454E	wrong
Code/Libraries/Source/WWVegas/WWLib/StlportVectorInsertOverflowRva003A46FA.cpp	?_M_insert_overflow@?$vector@UBfmeStringHeadRecord160@@V?$allocator@UBfmeStringHeadRecord160@@@_STL@@@_STL@@IAEXPAUBfmeStringHeadRecord160@@ABU3@ABU__false_type@2@I_N@Z	??$__uninitialized_copy@PAUBfmeStringHeadRecord160@@PAU1@@_STL@@YAPAUBfmeStringHeadRecord160@@PAU1@00ABU__false_type@0@@Z	0x003A457B	divergent
Code/Libraries/Source/WWVegas/WWLib/StlportVectorInsertOverflowRva003A46FA.cpp	?_M_insert_overflow@?$vector@UBfmeStringHeadRecord160@@V?$allocator@UBfmeStringHeadRecord160@@@_STL@@@_STL@@IAEXPAUBfmeStringHeadRecord160@@ABU3@ABU__false_type@2@I_N@Z	??$__uninitialized_fill_n@PAUBfmeStringHeadRecord160@@IU1@@_STL@@YAPAUBfmeStringHeadRecord160@@PAU1@IABU1@ABU__false_type@0@@Z	0x003A45AA	divergent
Code/Libraries/Source/WWVegas/WWLib/StlportVectorInsertOverflowRva004E38DA.cpp	?_M_insert_overflow@?$vector@UBfmePod88@@V?$allocator@UBfmePod88@@@_STL@@@_STL@@IAEXPAUBfmePod88@@ABU3@ABU__false_type@2@I_N@Z	?_M_clear@?$vector@UBfmePod88@@V?$allocator@UBfmePod88@@@_STL@@@_STL@@IAEXXZ	0x004E2227	divergent
Code/Libraries/Source/WWVegas/WWLib/StlportVectorOverflow0008257F.cpp	?_M_insert_overflow@?$vector@URva00082BE6Element@@V?$allocator@URva00082BE6Element@@@_STL@@@_STL@@IAEXPAURva00082BE6Element@@ABU3@ABU__false_type@2@I_N@Z	?_M_clear@?$vector@URva00082BE6Element@@V?$allocator@URva00082BE6Element@@@_STL@@@_STL@@IAEXXZ	0x00577EF1	divergent
Code/Libraries/Source/WWVegas/WWLib/StlportVectorOverflow00082631.cpp	?_M_insert_overflow@?$vector@URva00082C1DElement@@V?$allocator@URva00082C1DElement@@@_STL@@@_STL@@IAEXPAURva00082C1DElement@@ABU3@ABU__false_type@2@I_N@Z	?_M_clear@?$vector@URva00082C1DElement@@V?$allocator@URva00082C1DElement@@@_STL@@@_STL@@IAEXXZ	0x00577EF1	divergent
Code/Libraries/Source/WWVegas/WWLib/StlportVectorOverflow0008B503.cpp	?_M_insert_overflow@?$vector@URva0008B689Element@@V?$allocator@URva0008B689Element@@@_STL@@@_STL@@IAEXPAURva0008B689Element@@ABU3@ABU__false_type@2@I_N@Z	?_M_clear@?$vector@URva0008B689Element@@V?$allocator@URva0008B689Element@@@_STL@@@_STL@@IAEXXZ	0x0008B4AF	divergent
Code/Libraries/Source/WWVegas/WWLib/StlportVectorOverflowBfmeStringTailRecord144.cpp	??$_Construct@UBfmeStringTailRecord144@@U1@@_STL@@YAXPAUBfmeStringTailRecord144@@ABU1@@Z	??0BfmeStringTailRecord144@@QAE@ABU0@@Z	0x00051B40	unowned
Code/Libraries/Source/WWVegas/WWLib/StlportVectorOverflowRva000C828C.cpp	?_M_clear@?$vector@URva000C828CElement@@V?$allocator@URva000C828CElement@@@_STL@@@_STL@@IAEXXZ	??$_Destroy@PAURva000C828CElement@@@_STL@@YAXPAURva000C828CElement@@0@Z	0x000C4DEF	divergent
Code/Libraries/Source/WWVegas/WWLib/StlportVectorPodCopyCtorFamily.cpp	??0?$vector@URva00153A27Element@@V?$allocator@URva00153A27Element@@@_STL@@@_STL@@QAE@ABV01@@Z	??0?$_Vector_base@URva00153A27Element@@V?$allocator@URva00153A27Element@@@_STL@@@_STL@@QAE@IABV?$allocator@URva00153A27Element@@@1@@Z	0x000B6378	wrong
Code/Libraries/Source/WWVegas/WWLib/StlportVectorPodCopyCtorFamily.cpp	??0?$vector@VRva0040CB11Entry@@V?$allocator@VRva0040CB11Entry@@@_STL@@@_STL@@QAE@ABV01@@Z	??0?$_Vector_base@VRva0040CB11Entry@@V?$allocator@VRva0040CB11Entry@@@_STL@@@_STL@@QAE@IABV?$allocator@VRva0040CB11Entry@@@1@@Z	0x000B6378	wrong
Code/Libraries/Source/WWVegas/WWLib/StlportVectorPushBackFamily.cpp	?push_back@?$vector@URva0005A084Element@@V?$allocator@URva0005A084Element@@@_STL@@@_STL@@QAEXABURva0005A084Element@@@Z	??$_Construct@URva0005A084Element@@U1@@_STL@@YAXPAURva0005A084Element@@ABU1@@Z	0x002393AA	wrong
Code/Libraries/Source/WWVegas/WWLib/StlportVectorPushBackFamily.cpp	?push_back@?$vector@URva0005A084Element@@V?$allocator@URva0005A084Element@@@_STL@@@_STL@@QAEXABURva0005A084Element@@@Z	?_M_insert_overflow@?$vector@URva0005A084Element@@V?$allocator@URva0005A084Element@@@_STL@@@_STL@@IAEXPAURva0005A084Element@@ABU3@ABU__false_type@2@I_N@Z	0x00058BBD	divergent
Code/Libraries/Source/WWVegas/WWLib/StlportVectorPushBackFamily.cpp	?push_back@?$vector@URva0008DE1CElement@@V?$allocator@URva0008DE1CElement@@@_STL@@@_STL@@QAEXABURva0008DE1CElement@@@Z	??$_Construct@URva0008DE1CElement@@U1@@_STL@@YAXPAURva0008DE1CElement@@ABU1@@Z	0x0008A173	wrong
Code/Libraries/Source/WWVegas/WWLib/StlportVectorPushBackFamily.cpp	?push_back@?$vector@URva000C3411Element@@V?$allocator@URva000C3411Element@@@_STL@@@_STL@@QAEXABURva000C3411Element@@@Z	?_M_insert_overflow@?$vector@URva000C3411Element@@V?$allocator@URva000C3411Element@@@_STL@@@_STL@@IAEXPAURva000C3411Element@@ABU3@ABU__false_type@2@I_N@Z	0x000C1D98	wrong
Code/Libraries/Source/WWVegas/WWLib/StlportVectorPushBackFamily.cpp	?push_back@?$vector@URva000CF83CElement@@V?$allocator@URva000CF83CElement@@@_STL@@@_STL@@QAEXABURva000CF83CElement@@@Z	??$_Construct@URva000CF83CElement@@U1@@_STL@@YAXPAURva000CF83CElement@@ABU1@@Z	0x000CF4D6	wrong
Code/Libraries/Source/WWVegas/WWLib/StlportVectorPushBackFamily.cpp	?push_back@?$vector@URva00153A27Element@@V?$allocator@URva00153A27Element@@@_STL@@@_STL@@QAEXABURva00153A27Element@@@Z	??$_Construct@URva00153A27Element@@U1@@_STL@@YAXPAURva00153A27Element@@ABU1@@Z	0x004F6B7B	wrong
Code/Libraries/Source/WWVegas/WWLib/StlportVectorPushBackFamily.cpp	?push_back@?$vector@URva001741EBElement@@V?$allocator@URva001741EBElement@@@_STL@@@_STL@@QAEXABURva001741EBElement@@@Z	??$_Construct@URva001741EBElement@@U1@@_STL@@YAXPAURva001741EBElement@@ABU1@@Z	0x00173351	unowned
Code/Libraries/Source/WWVegas/WWLib/StlportVectorPushBackFamily.cpp	?push_back@?$vector@URva0020A227Element@@V?$allocator@URva0020A227Element@@@_STL@@@_STL@@QAEXABURva0020A227Element@@@Z	??$_Construct@URva0020A227Element@@U1@@_STL@@YAXPAURva0020A227Element@@ABU1@@Z	0x0020596A	wrong
Code/Libraries/Source/WWVegas/WWLib/StlportVectorPushBackFamily.cpp	?push_back@?$vector@URva00214243Element@@V?$allocator@URva00214243Element@@@_STL@@@_STL@@QAEXABURva00214243Element@@@Z	?_M_insert_overflow@?$vector@URva00214243Element@@V?$allocator@URva00214243Element@@@_STL@@@_STL@@IAEXPAURva00214243Element@@ABU3@ABU__false_type@2@I_N@Z	0x00213E3B	wrong
Code/Libraries/Source/WWVegas/WWLib/StlportVectorPushBackFamily.cpp	?push_back@?$vector@URva00287F76Element@@V?$allocator@URva00287F76Element@@@_STL@@@_STL@@QAEXABURva00287F76Element@@@Z	??$_Construct@URva00287F76Element@@U1@@_STL@@YAXPAURva00287F76Element@@ABU1@@Z	0x002861B0	wrong
Code/Libraries/Source/WWVegas/WWLib/StlportVectorPushBackFamily.cpp	?push_back@?$vector@URva00336AECElement@@V?$allocator@URva00336AECElement@@@_STL@@@_STL@@QAEXABURva00336AECElement@@@Z	??$_Construct@URva00336AECElement@@U1@@_STL@@YAXPAURva00336AECElement@@ABU1@@Z	0x00333295	wrong
Code/Libraries/Source/WWVegas/WWLib/StlportVectorPushBackFamily.cpp	?push_back@?$vector@URva0037FFDDElement@@V?$allocator@URva0037FFDDElement@@@_STL@@@_STL@@QAEXABURva0037FFDDElement@@@Z	?_M_insert_overflow@?$vector@URva0037FFDDElement@@V?$allocator@URva0037FFDDElement@@@_STL@@@_STL@@IAEXPAURva0037FFDDElement@@ABU3@ABU__false_type@2@I_N@Z	0x0037FF20	wrong
Code/Libraries/Source/WWVegas/WWLib/StlportVectorPushBackFamily.cpp	?push_back@?$vector@URva003F7B22Element@@V?$allocator@URva003F7B22Element@@@_STL@@@_STL@@QAEXABURva003F7B22Element@@@Z	??$_Construct@URva003F7B22Element@@U1@@_STL@@YAXPAURva003F7B22Element@@ABU1@@Z	0x002B2FE2	wrong
Code/Libraries/Source/WWVegas/WWLib/StlportVectorPushBackFamily.cpp	?push_back@?$vector@URva005334A4Element@@V?$allocator@URva005334A4Element@@@_STL@@@_STL@@QAEXABURva005334A4Element@@@Z	??$_Construct@URva005334A4Element@@U1@@_STL@@YAXPAURva005334A4Element@@ABU1@@Z	0x0053229D	divergent
Code/Libraries/Source/WWVegas/WWLib/StlportVectorPushBackFamily.cpp	?push_back@?$vector@URva00566575Element@@V?$allocator@URva00566575Element@@@_STL@@@_STL@@QAEXABURva00566575Element@@@Z	?_M_insert_overflow@?$vector@URva00566575Element@@V?$allocator@URva00566575Element@@@_STL@@@_STL@@IAEXPAURva00566575Element@@ABU3@ABU__false_type@2@I_N@Z	0x0056644E	wrong
Code/Libraries/Source/WWVegas/WWLib/StlportVectorPushBackFamily.cpp	?push_back@?$vector@URva005C8624Element@@V?$allocator@URva005C8624Element@@@_STL@@@_STL@@QAEXABURva005C8624Element@@@Z	?_M_insert_overflow@?$vector@URva005C8624Element@@V?$allocator@URva005C8624Element@@@_STL@@@_STL@@IAEXPAURva005C8624Element@@ABU3@ABU__false_type@2@I_N@Z	0x005C856D	divergent
Code/Libraries/Source/WWVegas/WWLib/StlportVectorReserveFamily.cpp	??$_M_allocate_and_copy@PAURva0040DC56Element@@@?$vector@URva0040DC56Element@@V?$allocator@URva0040DC56Element@@@_STL@@@_STL@@IAEPAURva0040DC56Element@@IPAU2@0@Z	??$__uninitialized_copy@PAURva0040DC56Element@@PAU1@@_STL@@YAPAURva0040DC56Element@@PAU1@00ABU__false_type@0@@Z	0x003F74CF	divergent
Code/Libraries/Source/WWVegas/WWLib/StlportVectorReserveFamily.cpp	?reserve@?$vector@URva003328B6Element@@V?$allocator@URva003328B6Element@@@_STL@@@_STL@@QAEXI@Z	?_M_clear@?$vector@URva003328B6Element@@V?$allocator@URva003328B6Element@@@_STL@@@_STL@@IAEXXZ	0x0026E5B9	divergent
Code/Libraries/Source/WWVegas/WWLib/StlportVectorRva0014F480Overflow.cpp	?_M_insert_overflow@?$vector@VRva0014F480@@V?$allocator@VRva0014F480@@@_STL@@@_STL@@IAEXPAVRva0014F480@@ABV3@ABU__false_type@2@I_N@Z	?_M_clear@?$vector@VRva0014F480@@V?$allocator@VRva0014F480@@@_STL@@@_STL@@IAEXXZ	0x005659CA	wrong
Code/Libraries/Source/WWVegas/WWLib/StlportVectorRva0014F4A1Overflow.cpp	?_M_insert_overflow@?$vector@VRva0014F4A1@@V?$allocator@VRva0014F4A1@@@_STL@@@_STL@@IAEXPAVRva0014F4A1@@ABV3@ABU__false_type@2@I_N@Z	?_M_clear@?$vector@VRva0014F4A1@@V?$allocator@VRva0014F4A1@@@_STL@@@_STL@@IAEXXZ	0x005659CA	wrong
Code/Libraries/Source/WWVegas/WWLib/StlportVectorRva0014F4C2Overflow.cpp	?_M_insert_overflow@?$vector@VRva0014F4C2@@V?$allocator@VRva0014F4C2@@@_STL@@@_STL@@IAEXPAVRva0014F4C2@@ABV3@ABU__false_type@2@I_N@Z	?_M_clear@?$vector@VRva0014F4C2@@V?$allocator@VRva0014F4C2@@@_STL@@@_STL@@IAEXXZ	0x005659CA	wrong
Code/Libraries/Source/WWVegas/WWLib/StlportVectorRva0032C0E3Assign.cpp	??4?$vector@URva0032C0E3Element@@V?$allocator@URva0032C0E3Element@@@_STL@@@_STL@@QAEAAV01@ABV01@@Z	??$_Destroy@PAURva0032C0E3Element@@@_STL@@YAXPAURva0032C0E3Element@@0@Z	0x0032B580	wrong
Code/Libraries/Source/WWVegas/WWLib/StlportVectorRva0032C0E3Assign.cpp	??4?$vector@URva0032C0E3Element@@V?$allocator@URva0032C0E3Element@@@_STL@@@_STL@@QAEAAV01@ABV01@@Z	?_M_clear@?$vector@URva0032C0E3Element@@V?$allocator@URva0032C0E3Element@@@_STL@@@_STL@@IAEXXZ	0x0032BF1B	wrong
Code/Libraries/Source/WWVegas/WWLib/StlportVectorRva0040CB11EntryReserve.cpp	?reserve@?$vector@VRva0040CB11Entry@@V?$allocator@VRva0040CB11Entry@@@_STL@@@_STL@@QAEXI@Z	?_M_clear@?$vector@VRva0040CB11Entry@@V?$allocator@VRva0040CB11Entry@@@_STL@@@_STL@@IAEXXZ	0x004F89F9	wrong
Code/Libraries/Source/WWVegas/WWLib/StlportVectorRva004E3E5AGrowth.cpp	?_M_insert_overflow@?$vector@URva004E3E5AElement@@V?$allocator@URva004E3E5AElement@@@_STL@@@_STL@@IAEXPAURva004E3E5AElement@@ABU3@ABU__false_type@2@I_N@Z	?_M_clear@?$vector@URva004E3E5AElement@@V?$allocator@URva004E3E5AElement@@@_STL@@@_STL@@IAEXXZ	0x004E3C71	wrong
Code/Libraries/Source/WWVegas/WWLib/StlportVectorRva00540295CopyCtor.cpp	??0?$vector@URva00540295Element@@V?$allocator@URva00540295Element@@@_STL@@@_STL@@QAE@ABV01@@Z	??$__uninitialized_copy@PBURva00540295Element@@PAU1@@_STL@@YAPAURva00540295Element@@PBU1@0PAU1@ABU__false_type@0@@Z	0x005400B4	wrong
Code/Libraries/Source/WWVegas/WWLib/StlportVectorRva005EFDE9Resize.cpp	?resize@?$vector@URva005EFDE9Element@@V?$allocator@URva005EFDE9Element@@@_STL@@@_STL@@QAEXIURva005EFDE9Element@@@Z	?_M_fill_insert@?$vector@URva005EFDE9Element@@V?$allocator@URva005EFDE9Element@@@_STL@@@_STL@@QAEXPAURva005EFDE9Element@@IABU3@@Z	0x005EFC30	unowned
Code/Libraries/Source/WWVegas/WWLib/VectorFillInsertRva003F61C6.cpp	?_M_fill_insert@?$vector@URva003F61C6Record@@V?$allocator@URva003F61C6Record@@@_STL@@@_STL@@QAEXPAURva003F61C6Record@@IABU3@@Z	?_M_insert_overflow@?$vector@URva003F61C6Record@@V?$allocator@URva003F61C6Record@@@_STL@@@_STL@@IAEXPAURva003F61C6Record@@ABU3@ABU__false_type@2@I_N@Z	0x003F610F	wrong
Code/Libraries/Source/WWVegas/WWLib/VectorOverflowRva001504A1.cpp	??$__uninitialized_copy@PAURva001504A1Record@@PAU1@@_STL@@YAPAURva001504A1Record@@PAU1@00ABU__false_type@0@@Z	??$_Construct@URva001504A1Record@@U1@@_STL@@YAXPAURva001504A1Record@@ABU1@@Z	0x0014F647	wrong
Code/Libraries/Source/WWVegas/WWLib/VectorOverflowRva001504A1.cpp	??$__uninitialized_fill_n@PAURva001504A1Record@@IU1@@_STL@@YAPAURva001504A1Record@@PAU1@IABU1@ABU__false_type@0@@Z	??$_Construct@URva001504A1Record@@U1@@_STL@@YAXPAURva001504A1Record@@ABU1@@Z	0x0014F647	wrong
Code/Libraries/Source/WWVegas/WWLib/VectorOverflowRva001504A1.cpp	?_M_insert_overflow@?$vector@URva001504A1Record@@V?$allocator@URva001504A1Record@@@_STL@@@_STL@@IAEXPAURva001504A1Record@@ABU3@ABU__false_type@2@I_N@Z	??$_Construct@URva001504A1Record@@U1@@_STL@@YAXPAURva001504A1Record@@ABU1@@Z	0x0014F647	wrong
Code/Libraries/Source/WWVegas/WWLib/VectorOverflowRva001504A1.cpp	?_M_insert_overflow@?$vector@URva001504A1Record@@V?$allocator@URva001504A1Record@@@_STL@@@_STL@@IAEXPAURva001504A1Record@@ABU3@ABU__false_type@2@I_N@Z	?_M_clear@?$vector@URva001504A1Record@@V?$allocator@URva001504A1Record@@@_STL@@@_STL@@IAEXXZ	0x0014F8C6	divergent
Code/Libraries/Source/WWVegas/WWLib/VectorOverflowRva002E2BBA.cpp	?_M_insert_overflow@?$vector@URva002E2BBARecord@@V?$allocator@URva002E2BBARecord@@@_STL@@@_STL@@IAEXPAURva002E2BBARecord@@ABU3@ABU__false_type@2@I_N@Z	?_M_clear@?$vector@URva002E2BBARecord@@V?$allocator@URva002E2BBARecord@@@_STL@@@_STL@@IAEXXZ	0x002E26C3	wrong
Code/Libraries/Source/WWVegas/WWLib/VectorOverflowRva003F3277.cpp	?_M_insert_overflow@?$vector@URva003F3277Record@@V?$allocator@URva003F3277Record@@@_STL@@@_STL@@IAEXPAURva003F3277Record@@ABU3@ABU__false_type@2@I_N@Z	?_M_clear@?$vector@URva003F3277Record@@V?$allocator@URva003F3277Record@@@_STL@@@_STL@@IAEXXZ	0x0032E7E2	wrong
Code/Libraries/Source/WWVegas/WWLib/VectorOverflowRva0048D48F.cpp	?_M_insert_overflow@?$vector@URva0048D48FRecord@@V?$allocator@URva0048D48FRecord@@@_STL@@@_STL@@IAEXPAURva0048D48FRecord@@ABU3@ABU__false_type@2@I_N@Z	?_M_clear@?$vector@URva0048D48FRecord@@V?$allocator@URva0048D48FRecord@@@_STL@@@_STL@@IAEXXZ	0x000C060A	wrong
Code/Libraries/Source/WWVegas/WWLib/VectorOverflowRva0050129F.cpp	?_M_insert_overflow@?$vector@URva0050129FRecord@@V?$allocator@URva0050129FRecord@@@_STL@@@_STL@@IAEXPAURva0050129FRecord@@ABU3@ABU__false_type@2@I_N@Z	?_M_clear@?$vector@URva0050129FRecord@@V?$allocator@URva0050129FRecord@@@_STL@@@_STL@@IAEXXZ	0x00500EDC	wrong
Code/Libraries/Source/WWVegas/WWLib/VectorOverflowRva0052D742.cpp	?_M_insert_overflow@?$vector@URva0052D742Record@@V?$allocator@URva0052D742Record@@@_STL@@@_STL@@IAEXPAURva0052D742Record@@ABU3@ABU__false_type@2@I_N@Z	?_M_clear@?$vector@URva0052D742Record@@V?$allocator@URva0052D742Record@@@_STL@@@_STL@@IAEXXZ	0x0052CAAB	wrong
Code/Libraries/Source/WWVegas/WWLib/VectorOverflowRva005C856D.cpp	?_M_insert_overflow@?$vector@URva005C856DRecord@@V?$allocator@URva005C856DRecord@@@_STL@@@_STL@@IAEXPAURva005C856DRecord@@ABU3@ABU__false_type@2@I_N@Z	?_M_clear@?$vector@URva005C856DRecord@@V?$allocator@URva005C856DRecord@@@_STL@@@_STL@@IAEXXZ	0x005C84D3	wrong
Code/Libraries/Source/WWVegas/WWLib/ffactory.cpp	uw_007a6f10	??1FileFactoryClass@@UAE@XZ	0x00078274	wrong
Code/Libraries/Source/WWVegas/WWLib/ini.cpp	??A?$IndexClass@HPAUINISection@@@@QBEABQAUINISection@@ABH@Z	?Search_For_Node@?$IndexClass@HPAUINISection@@@@ABEPBUNodeElement@1@ABH@Z	0x00616730	wrong
Code/Libraries/Source/WWVegas/WWLib/ini.cpp	?Enumerate_Entries@INIClass@@QAEIPBD0II@Z	?Search_For_Node@?$IndexClass@HPAUINISection@@@@ABEPBUNodeElement@1@ABH@Z	0x00616730	wrong
Code/Libraries/Source/WWVegas/WWLib/ini.cpp	?Find_Section@INIClass@@QBEPAUINISection@@PBD@Z	?Search_For_Node@?$IndexClass@HPAUINISection@@@@ABEPBUNodeElement@1@ABH@Z	0x00616730	wrong
Code/Libraries/Source/WWVegas/WWLib/ini.cpp	?Load@INIClass@@QAEHAAVStraw@@@Z	?Add_Index@?$IndexClass@HPAUINIEntry@@@@QAE_NABHABQAUINIEntry@@@Z	0x006166D0	wrong
Code/Libraries/Source/WWVegas/WWLib/ini.cpp	?Put_String@INIClass@@QAE_NPBD00@Z	?Add_Index@?$IndexClass@HPAUINIEntry@@@@QAE_NABHABQAUINIEntry@@@Z	0x006166D0	wrong
Code/Libraries/Source/WWVegas/WWLib/mixfile.cpp	??0?$VectorClass@UAddInfoStruct@MixFileFactoryClass@@@@QAE@HPBUAddInfoStruct@MixFileFactoryClass@@@Z	??0AddInfoStruct@MixFileFactoryClass@@QAE@XZ	0x00154300	wrong
Code/Libraries/Source/WWVegas/WWLib/mixfile.cpp	??0?$VectorClass@UAddInfoStruct@MixFileFactoryClass@@@@QAE@HPBUAddInfoStruct@MixFileFactoryClass@@@Z	??1AddInfoStruct@MixFileFactoryClass@@QAE@XZ	0x00001E13	wrong
Code/Libraries/Source/WWVegas/WWLib/mixfile.cpp	??1?$VectorClass@UAddInfoStruct@MixFileFactoryClass@@@@UAE@XZ	??1AddInfoStruct@MixFileFactoryClass@@QAE@XZ	0x00001E13	wrong
Code/Libraries/Source/WWVegas/WWLib/mixfile.cpp	??_G?$VectorClass@UAddInfoStruct@MixFileFactoryClass@@@@UAEPAXI@Z	??1AddInfoStruct@MixFileFactoryClass@@QAE@XZ	0x00001E13	wrong
Code/Libraries/Source/WWVegas/WWLib/mixfile.cpp	??_G?$VectorClass@UFileOffsetStruct@@@@UAEPAXI@Z	??1FileOffsetStruct@@QAE@XZ	0x00042FF8	wrong
Code/Libraries/Source/WWVegas/WWLib/mixfile.cpp	?Clear@?$DynamicVectorClass@UAddInfoStruct@MixFileFactoryClass@@@@UAEXXZ	??1AddInfoStruct@MixFileFactoryClass@@QAE@XZ	0x00001E13	wrong
Code/Libraries/Source/WWVegas/WWLib/mixfile.cpp	?Clear@?$VectorClass@UAddInfoStruct@MixFileFactoryClass@@@@UAEXXZ	??1AddInfoStruct@MixFileFactoryClass@@QAE@XZ	0x00001E13	wrong
Code/Libraries/Source/WWVegas/WWLib/mixfile.cpp	?Resize@?$DynamicVectorClass@UAddInfoStruct@MixFileFactoryClass@@@@UAE_NHPBUAddInfoStruct@MixFileFactoryClass@@@Z	?Resize@?$VectorClass@UAddInfoStruct@MixFileFactoryClass@@@@UAE_NHPBUAddInfoStruct@MixFileFactoryClass@@@Z	0x00155690	wrong
Code/Libraries/Source/WWVegas/WWLib/simplevec_float_cleanup.cpp	?Add@?$SimpleDynVecClass@M@@QAE_NABMH@Z	?Grow@?$SimpleDynVecClass@M@@IAE_NH@Z	0x001001D5	wrong
Code/Libraries/Source/WWVegas/WWLib/stlport_adjust_heap_s4sortelem8_score.cpp	??$__adjust_heap@PAUS4SortElem8@@HU1@US4Cmp00575AA0@@@_STL@@YAXPAUS4SortElem8@@HHU1@US4Cmp00575AA0@@@Z	?BfmeLess00574AA0@S4SortElem8@@QBE_NABU1@@Z	0x005EC52E	unowned
Code/Libraries/Source/WWVegas/WWLib/stlport_asciistring_record_bodies.cpp	??$_Construct@UBfmeStringHeadRecord148@@U1@@_STL@@YAXPAUBfmeStringHeadRecord148@@ABU1@@Z	??0BfmeStringHeadRecord148@@QAE@ABU0@@Z	0x0036105B	wrong
Code/Libraries/Source/WWVegas/WWLib/stlport_asciistring_record_bodies.cpp	??$_Destroy@PAUBfmeAssignRecord172@@@_STL@@YAXPAUBfmeAssignRecord172@@0@Z	??$__destroy_aux@PAUBfmeAssignRecord172@@@_STL@@YAXPAUBfmeAssignRecord172@@0ABU__false_type@0@@Z	0x001EAF5E	unowned
Code/Libraries/Source/WWVegas/WWLib/stlport_asciistring_record_bodies.cpp	??$__copy_backward@PAUBfmeAssignRecord104@@PAU1@H@_STL@@YAPAUBfmeAssignRecord104@@PAU1@00ABUrandom_access_iterator_tag@0@PAH@Z	??4BfmeAssignRecord104@@QAEAAU0@ABU0@@Z	0x0040EAED	unowned
Code/Libraries/Source/WWVegas/WWLib/stlport_asciistring_record_bodies.cpp	??$__copy_backward@PAUBfmeAssignRecord24@@PAU1@H@_STL@@YAPAUBfmeAssignRecord24@@PAU1@00ABUrandom_access_iterator_tag@0@PAH@Z	??4BfmeAssignRecord24@@QAEAAU0@ABU0@@Z	0x0042816E	wrong
Code/Libraries/Source/WWVegas/WWLib/stlport_asciistring_record_bodies.cpp	??$fill@PAUBfmeAssignRecord104@@U1@@_STL@@YAXPAUBfmeAssignRecord104@@0ABU1@@Z	??4BfmeAssignRecord104@@QAEAAU0@ABU0@@Z	0x0040EAED	unowned
Code/Libraries/Source/WWVegas/WWLib/stlport_asciistring_record_bodies.cpp	?_M_clear@?$vector@UBfmeAssignRecord104@@V?$allocator@UBfmeAssignRecord104@@@_STL@@@_STL@@IAEXXZ	??$_Destroy@PAUBfmeAssignRecord104@@@_STL@@YAXPAUBfmeAssignRecord104@@0@Z	0x003B8E13	divergent
Code/Libraries/Source/WWVegas/WWLib/stlport_asciistring_record_bodies.cpp	?push_back@?$vector@UBfmeAssignRecord28@@V?$allocator@UBfmeAssignRecord28@@@_STL@@@_STL@@QAEXABUBfmeAssignRecord28@@@Z	??$_Construct@UBfmeAssignRecord28@@U1@@_STL@@YAXPAUBfmeAssignRecord28@@ABU1@@Z	0x000AD77B	wrong
Code/Libraries/Source/WWVegas/WWLib/stlport_asciistring_record_bodies.cpp	?push_back@?$vector@UBfmeAssignRecord28@@V?$allocator@UBfmeAssignRecord28@@@_STL@@@_STL@@QAEXABUBfmeAssignRecord28@@@Z	?_M_insert_overflow@?$vector@UBfmeAssignRecord28@@V?$allocator@UBfmeAssignRecord28@@@_STL@@@_STL@@IAEXPAUBfmeAssignRecord28@@ABU3@ABU__false_type@2@I_N@Z	0x000B059B	wrong
Code/Libraries/Source/WWVegas/WWLib/stlport_asciistring_record_bodies.cpp	?push_back@?$vector@UBfmeStringTailRecord156@@V?$allocator@UBfmeStringTailRecord156@@@_STL@@@_STL@@QAEXABUBfmeStringTailRecord156@@@Z	??$_Construct@UBfmeStringTailRecord156@@U1@@_STL@@YAXPAUBfmeStringTailRecord156@@ABU1@@Z	0x004CC095	wrong
Code/Libraries/Source/WWVegas/WWLib/stlport_asciistring_record_bodies.cpp	?reserve@?$vector@UBfmeAssignRecord104@@V?$allocator@UBfmeAssignRecord104@@@_STL@@@_STL@@QAEXI@Z	??$_M_allocate_and_copy@PAUBfmeAssignRecord104@@@?$vector@UBfmeAssignRecord104@@V?$allocator@UBfmeAssignRecord104@@@_STL@@@_STL@@IAEPAUBfmeAssignRecord104@@IPAU2@0@Z	0x003F41F0	wrong
Code/Libraries/Source/WWVegas/WWLib/stlport_asciistring_record_bodies.cpp	?reserve@?$vector@UBfmeAssignRecord172@@V?$allocator@UBfmeAssignRecord172@@@_STL@@@_STL@@QAEXI@Z	??$_M_allocate_and_copy@PAUBfmeAssignRecord172@@@?$vector@UBfmeAssignRecord172@@V?$allocator@UBfmeAssignRecord172@@@_STL@@@_STL@@IAEPAUBfmeAssignRecord172@@IPAU2@0@Z	0x001EBA87	wrong
Code/Libraries/Source/WWVegas/WWLib/stlport_asciistring_record_bodies.cpp	?reserve@?$vector@UBfmeAssignRecord44@@V?$allocator@UBfmeAssignRecord44@@@_STL@@@_STL@@QAEXI@Z	??$_M_allocate_and_copy@PAUBfmeAssignRecord44@@@?$vector@UBfmeAssignRecord44@@V?$allocator@UBfmeAssignRecord44@@@_STL@@@_STL@@IAEPAUBfmeAssignRecord44@@IPAU2@0@Z	0x004143D6	wrong
Code/Libraries/Source/WWVegas/WWLib/stlport_asciistring_set_base.cpp	?erase@?$_Rb_tree@VAsciiString@@V1@U?$_Identity@VAsciiString@@@_STL@@U?$less@VAsciiString@@@3@V?$allocator@VAsciiString@@@3@@_STL@@QAEIABVAsciiString@@@Z	?erase@?$_Rb_tree@VAsciiString@@V1@U?$_Identity@VAsciiString@@@_STL@@U?$less@VAsciiString@@@3@V?$allocator@VAsciiString@@@3@@_STL@@QAEXU?$_Rb_tree_iterator@VAsciiString@@U?$_Nonconst_traits@VAsciiString@@@_STL@@@2@0@Z	0x005CA7A9	wrong
Code/Libraries/Source/WWVegas/WWLib/stlport_bfmeassignrecord32_ctor.cpp	??0BfmeAssignRecord32@@QAE@XZ	??0Rva00087A93@@QAE@XZ	0x002A79A5	unowned
Code/Libraries/Source/WWVegas/WWLib/stlport_bfmeassignrecord32_sort.cpp	??$__linear_insert@PAUBfmeAssignRecord32@@U1@P6A_NABU1@0@Z@_STL@@YAXPAUBfmeAssignRecord32@@0U1@P6A_NABU1@2@Z@Z	??$__unguarded_linear_insert@PAUBfmeAssignRecord32@@U1@P6A_NABU1@0@Z@_STL@@YAXPAUBfmeAssignRecord32@@U1@P6A_NABU1@2@Z@Z	0x0017351C	wrong
Code/Libraries/Source/WWVegas/WWLib/stlport_bfmeassignrecord32_sort.cpp	??$__pop_heap@PAUBfmeAssignRecord32@@U1@P6A_NABU1@0@ZH@_STL@@YAXPAUBfmeAssignRecord32@@00U1@P6A_NABU1@2@ZPAH@Z	??$__adjust_heap@PAUBfmeAssignRecord32@@HU1@P6A_NABU1@0@Z@_STL@@YAXPAUBfmeAssignRecord32@@HHU1@P6A_NABU1@2@Z@Z	0x001738C3	wrong
Code/Libraries/Source/WWVegas/WWLib/stlport_construct_game_structs3.cpp	?dup_0032A2AF@@YAXXZ	??0BuildListInfo@@QAE@ABV0@@Z	0x00329DE6	unowned
Code/Libraries/Source/WWVegas/WWLib/stlport_copy_camera_marker.cpp	??0?$vector@UCameraMarker@@V?$allocator@UCameraMarker@@@_STL@@@_STL@@QAE@IABUCameraMarker@@ABV?$allocator@UCameraMarker@@@1@@Z	??0?$_Vector_base@UCameraMarker@@V?$allocator@UCameraMarker@@@_STL@@@_STL@@QAE@IABV?$allocator@UCameraMarker@@@1@@Z	0x000B63B2	wrong
Code/Libraries/Source/WWVegas/WWLib/stlport_copy_sciencevec.cpp	?Rva00339A8DCopy@@YAPAV?$vector@HV?$allocator@H@_STL@@@_STL@@PAV12@00PAXH@Z	??4?$vector@HV?$allocator@H@_STL@@@_STL@@QAEAAV01@ABV01@@Z	0x0021C21B	divergent
Code/Libraries/Source/WWVegas/WWLib/stlport_copy_sciencevec.cpp	?Rva00339ABFCopy@@YAPAV?$vector@HV?$allocator@H@_STL@@@_STL@@PAV12@00PAXH@Z	??4?$vector@HV?$allocator@H@_STL@@@_STL@@QAEAAV01@ABV01@@Z	0x0021C21B	divergent
Code/Libraries/Source/WWVegas/WWLib/stlport_create_filebuf.cpp	??__Ecerr@_STL@@YAXXZ	_$E8	0x007B68D0	wrong
Code/Libraries/Source/WWVegas/WWLib/stlport_create_filebuf.cpp	??__Eclog@_STL@@YAXXZ	_$E11	0x007B68F0	wrong
Code/Libraries/Source/WWVegas/WWLib/stlport_create_filebuf.cpp	??__Ecout@_STL@@YAXXZ	_$E5	0x007B6970	wrong
Code/Libraries/Source/WWVegas/WWLib/stlport_create_filebuf.cpp	??__Ewcerr@_STL@@YAXXZ	_$E20	0x007B6910	wrong
Code/Libraries/Source/WWVegas/WWLib/stlport_create_filebuf.cpp	??__Ewcin@_STL@@YAXXZ	_$E14	0x007B6990	wrong
Code/Libraries/Source/WWVegas/WWLib/stlport_create_filebuf.cpp	??__Ewclog@_STL@@YAXXZ	_$E23	0x007B6930	wrong
Code/Libraries/Source/WWVegas/WWLib/stlport_create_filebuf.cpp	??__Ewcout@_STL@@YAXXZ	_$E17	0x007B69B0	wrong
Code/Libraries/Source/WWVegas/WWLib/stlport_deque_e12_new_elements.cpp	??$_M_insert_aux@U?$_Deque_iterator@UBfmeE12@@U?$_Const_traits@UBfmeE12@@@_STL@@@_STL@@@?$deque@UBfmeE12@@V?$allocator@UBfmeE12@@@_STL@@@_STL@@IAEXU?$_Deque_iterator@UBfmeE12@@U?$_Nonconst_traits@UBfmeE12@@@_STL@@@1@U?$_Deque_iterator@UBfmeE12@@U?$_Const_traits@UBfmeE12@@@_STL@@@1@1I@Z	??$__uninitialized_copy_copy@U?$_Deque_iterator@UBfmeE12@@U?$_Const_traits@UBfmeE12@@@_STL@@@_STL@@U?$_Deque_iterator@UBfmeE12@@U?$_Nonconst_traits@UBfmeE12@@@_STL@@@2@U32@@_STL@@YA?AU?$_Deque_iterator@UBfmeE12@@U?$_Nonconst_traits@UBfmeE12@@@_STL@@@0@U?$_Deque_iterator@UBfmeE12@@U?$_Const_traits@UBfmeE12@@@_STL@@@0@0U10@11U__false_type@0@@Z	0x005851CD	divergent
Code/Libraries/Source/WWVegas/WWLib/stlport_deque_e12_new_elements.cpp	??$_M_insert_aux@U?$_Deque_iterator@UBfmeE12@@U?$_Const_traits@UBfmeE12@@@_STL@@@_STL@@@?$deque@UBfmeE12@@V?$allocator@UBfmeE12@@@_STL@@@_STL@@IAEXU?$_Deque_iterator@UBfmeE12@@U?$_Nonconst_traits@UBfmeE12@@@_STL@@@1@U?$_Deque_iterator@UBfmeE12@@U?$_Const_traits@UBfmeE12@@@_STL@@@1@1I@Z	??$copy@U?$_Deque_iterator@UBfmeE12@@U?$_Const_traits@UBfmeE12@@@_STL@@@_STL@@U?$_Deque_iterator@UBfmeE12@@U?$_Nonconst_traits@UBfmeE12@@@_STL@@@2@@_STL@@YA?AU?$_Deque_iterator@UBfmeE12@@U?$_Nonconst_traits@UBfmeE12@@@_STL@@@0@U?$_Deque_iterator@UBfmeE12@@U?$_Const_traits@UBfmeE12@@@_STL@@@0@0U10@@Z	0x00585283	wrong
Code/Libraries/Source/WWVegas/WWLib/stlport_deque_e12_new_elements.cpp	??$_M_insert_aux@U?$_Deque_iterator@UBfmeE12@@U?$_Const_traits@UBfmeE12@@@_STL@@@_STL@@@?$deque@UBfmeE12@@V?$allocator@UBfmeE12@@@_STL@@@_STL@@IAEXU?$_Deque_iterator@UBfmeE12@@U?$_Nonconst_traits@UBfmeE12@@@_STL@@@1@U?$_Deque_iterator@UBfmeE12@@U?$_Const_traits@UBfmeE12@@@_STL@@@1@1I@Z	??$copy@U?$_Deque_iterator@UBfmeE12@@U?$_Nonconst_traits@UBfmeE12@@@_STL@@@_STL@@U12@@_STL@@YA?AU?$_Deque_iterator@UBfmeE12@@U?$_Nonconst_traits@UBfmeE12@@@_STL@@@0@U10@00@Z	0x00585283	wrong
Code/Libraries/Source/WWVegas/WWLib/stlport_deque_e12_new_elements.cpp	??$__uninitialized_copy_copy@U?$_Deque_iterator@UBfmeE12@@U?$_Nonconst_traits@UBfmeE12@@@_STL@@@_STL@@U?$_Deque_iterator@UBfmeE12@@U?$_Const_traits@UBfmeE12@@@_STL@@@2@U12@@_STL@@YA?AU?$_Deque_iterator@UBfmeE12@@U?$_Nonconst_traits@UBfmeE12@@@_STL@@@0@U10@0U?$_Deque_iterator@UBfmeE12@@U?$_Const_traits@UBfmeE12@@@_STL@@@0@10U__false_type@0@@Z	??$__uninitialized_copy@U?$_Deque_iterator@UBfmeE12@@U?$_Const_traits@UBfmeE12@@@_STL@@@_STL@@U?$_Deque_iterator@UBfmeE12@@U?$_Nonconst_traits@UBfmeE12@@@_STL@@@2@@_STL@@YA?AU?$_Deque_iterator@UBfmeE12@@U?$_Nonconst_traits@UBfmeE12@@@_STL@@@0@U?$_Deque_iterator@UBfmeE12@@U?$_Const_traits@UBfmeE12@@@_STL@@@0@0U10@ABU__false_type@0@@Z	0x00584E0E	wrong
Code/Libraries/Source/WWVegas/WWLib/stlport_deque_e12_new_elements.cpp	??$__uninitialized_copy_copy@U?$_Deque_iterator@UBfmeE12@@U?$_Nonconst_traits@UBfmeE12@@@_STL@@@_STL@@U?$_Deque_iterator@UBfmeE12@@U?$_Const_traits@UBfmeE12@@@_STL@@@2@U12@@_STL@@YA?AU?$_Deque_iterator@UBfmeE12@@U?$_Nonconst_traits@UBfmeE12@@@_STL@@@0@U10@0U?$_Deque_iterator@UBfmeE12@@U?$_Const_traits@UBfmeE12@@@_STL@@@0@10U__false_type@0@@Z	??$__uninitialized_copy@U?$_Deque_iterator@UBfmeE12@@U?$_Nonconst_traits@UBfmeE12@@@_STL@@@_STL@@U12@@_STL@@YA?AU?$_Deque_iterator@UBfmeE12@@U?$_Nonconst_traits@UBfmeE12@@@_STL@@@0@U10@00ABU__false_type@0@@Z	0x00584E0E	wrong
Code/Libraries/Source/WWVegas/WWLib/stlport_deque_e12_new_elements.cpp	??0?$deque@UBfmeE12@@V?$allocator@UBfmeE12@@@_STL@@@_STL@@QAE@ABV01@@Z	??$__uninitialized_copy@U?$_Deque_iterator@UBfmeE12@@U?$_Const_traits@UBfmeE12@@@_STL@@@_STL@@U?$_Deque_iterator@UBfmeE12@@U?$_Nonconst_traits@UBfmeE12@@@_STL@@@2@@_STL@@YA?AU?$_Deque_iterator@UBfmeE12@@U?$_Nonconst_traits@UBfmeE12@@@_STL@@@0@U?$_Deque_iterator@UBfmeE12@@U?$_Const_traits@UBfmeE12@@@_STL@@@0@0U10@ABU__false_type@0@@Z	0x00584E0E	wrong
Code/Libraries/Source/WWVegas/WWLib/stlport_deque_e12_o1.cpp	??$uninitialized_copy@U?$_Deque_iterator@UBfmeE12@@U?$_Const_traits@UBfmeE12@@@_STL@@@_STL@@U?$_Deque_iterator@UBfmeE12@@U?$_Nonconst_traits@UBfmeE12@@@_STL@@@2@@_STL@@YA?AU?$_Deque_iterator@UBfmeE12@@U?$_Nonconst_traits@UBfmeE12@@@_STL@@@0@U?$_Deque_iterator@UBfmeE12@@U?$_Const_traits@UBfmeE12@@@_STL@@@0@0U10@@Z	??$__uninitialized_copy@U?$_Deque_iterator@UBfmeE12@@U?$_Const_traits@UBfmeE12@@@_STL@@@_STL@@U?$_Deque_iterator@UBfmeE12@@U?$_Nonconst_traits@UBfmeE12@@@_STL@@@2@@_STL@@YA?AU?$_Deque_iterator@UBfmeE12@@U?$_Nonconst_traits@UBfmeE12@@@_STL@@@0@U?$_Deque_iterator@UBfmeE12@@U?$_Const_traits@UBfmeE12@@@_STL@@@0@0U10@ABU__false_type@0@@Z	0x00584E0E	wrong
Code/Libraries/Source/WWVegas/WWLib/stlport_deque_e12_o1.cpp	??4?$deque@UBfmeE12@@V?$allocator@UBfmeE12@@@_STL@@@_STL@@QAEAAV01@ABV01@@Z	??$copy@U?$_Deque_iterator@UBfmeE12@@U?$_Const_traits@UBfmeE12@@@_STL@@@_STL@@U?$_Deque_iterator@UBfmeE12@@U?$_Nonconst_traits@UBfmeE12@@@_STL@@@2@@_STL@@YA?AU?$_Deque_iterator@UBfmeE12@@U?$_Nonconst_traits@UBfmeE12@@@_STL@@@0@U?$_Deque_iterator@UBfmeE12@@U?$_Const_traits@UBfmeE12@@@_STL@@@0@0U10@@Z	0x00585283	wrong
Code/Libraries/Source/WWVegas/WWLib/stlport_deque_e12_o1.cpp	?erase@?$deque@UBfmeE12@@V?$allocator@UBfmeE12@@@_STL@@@_STL@@QAE?AU?$_Deque_iterator@UBfmeE12@@U?$_Nonconst_traits@UBfmeE12@@@_STL@@@2@U32@0@Z	??$copy@U?$_Deque_iterator@UBfmeE12@@U?$_Nonconst_traits@UBfmeE12@@@_STL@@@_STL@@U12@@_STL@@YA?AU?$_Deque_iterator@UBfmeE12@@U?$_Nonconst_traits@UBfmeE12@@@_STL@@@0@U10@00@Z	0x00585283	wrong
Code/Libraries/Source/WWVegas/WWLib/stlport_deque_e16_o1.cpp	??$__distance@U?$_Deque_iterator@UBfmeE16@@U?$_Const_traits@UBfmeE16@@@_STL@@@_STL@@@_STL@@YAHABU?$_Deque_iterator@UBfmeE16@@U?$_Const_traits@UBfmeE16@@@_STL@@@0@0ABUrandom_access_iterator_tag@0@@Z	?_M_subtract@?$_Deque_iterator_base@UBfmeE16@@@_STL@@QBEHABU12@@Z	0x002615C0	wrong
Code/Libraries/Source/WWVegas/WWLib/stlport_deque_e16_o1.cpp	??0?$_Deque_base@UBfmeE16@@V?$allocator@UBfmeE16@@@_STL@@@_STL@@QAE@ABV?$allocator@UBfmeE16@@@1@I@Z	?_M_initialize_map@?$_Deque_base@UBfmeE16@@V?$allocator@UBfmeE16@@@_STL@@@_STL@@IAEXI@Z	0x0055315A	wrong
Code/Libraries/Source/WWVegas/WWLib/stlport_deque_e8_o2.cpp	??1?$deque@UBfmeE8@@V?$allocator@UBfmeE8@@@_STL@@@_STL@@QAE@XZ	?_M_destroy_nodes@?$_Deque_base@UBfmeE8@@V?$allocator@UBfmeE8@@@_STL@@@_STL@@IAEXPAPAUBfmeE8@@0@Z	0x00620200	divergent
Code/Libraries/Source/WWVegas/WWLib/stlport_deque_ptr_o1.cpp	?_M_reserve_map_at_back@?$deque@PAXV?$allocator@PAX@_STL@@@_STL@@IAEXI@Z	?_M_reallocate_map@?$deque@PAXV?$allocator@PAX@_STL@@@_STL@@IAEXI_N@Z	0x003B57E5	divergent
Code/Libraries/Source/WWVegas/WWLib/stlport_fill_sciencevec.cpp	??$fill@PAV?$vector@HV?$allocator@H@_STL@@@_STL@@V12@@_STL@@YAXPAV?$vector@HV?$allocator@H@_STL@@@0@0ABV10@@Z	??4?$vector@HV?$allocator@H@_STL@@@_STL@@QAEAAV01@ABV01@@Z	0x0021C21B	divergent
Code/Libraries/Source/WWVegas/WWLib/stlport_float_format.cpp	?__flush_static_buf@_STL@@YAXAAV?$basic_string@DV?$char_traits@D@_STL@@V?$allocator@D@2@@1@PAD1AAPAD@Z	??$append@PAD@?$basic_string@DV?$char_traits@D@_STL@@V?$allocator@D@2@@_STL@@AAEAAV01@PAD0ABUforward_iterator_tag@1@@Z	0x0001B3E0	divergent
Code/Libraries/Source/WWVegas/WWLib/stlport_float_format.cpp	?__format_float_fixed@_STL@@YAXAAV?$basic_string@DV?$char_traits@D@_STL@@V?$allocator@D@2@@1@PBDHH_NHH2@Z	??$append@PAD@?$basic_string@DV?$char_traits@D@_STL@@V?$allocator@D@2@@_STL@@AAEAAV01@PAD0ABUforward_iterator_tag@1@@Z	0x0001B3E0	divergent
Code/Libraries/Source/WWVegas/WWLib/stlport_hash_map_int.cpp	?_M_initialize_buckets@?$hashtable@U?$pair@$$CBHH@_STL@@HU?$hash@H@2@U?$_Select1st@U?$pair@$$CBHH@_STL@@@2@U?$equal_to@H@2@V?$allocator@U?$pair@$$CBHH@_STL@@@2@@_STL@@AAEXI@Z	?_M_fill_insert@?$vector@PAXV?$allocator@PAX@_STL@@@_STL@@QAEXPAPAXIABQAX@Z	0x00029CA0	unowned
Code/Libraries/Source/WWVegas/WWLib/stlport_hash_map_int_list_pod264.cpp	??1?$pair@$$CBHV?$list@UBfmePod264@@V?$allocator@UBfmePod264@@@_STL@@@_STL@@@_STL@@QAE@XZ	??1?$_List_base@UBfmePod264@@V?$allocator@UBfmePod264@@@_STL@@@_STL@@QAE@XZ	0x002889A4	wrong
Code/Libraries/Source/WWVegas/WWLib/stlport_hash_map_int_list_pod264.cpp	?_M_insert@?$hashtable@U?$pair@$$CBHV?$list@UBfmePod264@@V?$allocator@UBfmePod264@@@_STL@@@_STL@@@_STL@@HU?$hash@H@2@U?$_Select1st@U?$pair@$$CBHV?$list@UBfmePod264@@V?$allocator@UBfmePod264@@@_STL@@@_STL@@@_STL@@@2@U?$equal_to@H@2@V?$allocator@U?$pair@$$CBHV?$list@UBfmePod264@@V?$allocator@UBfmePod264@@@_STL@@@_STL@@@_STL@@@2@@_STL@@QAEAAU?$pair@$$CBHV?$list@UBfmePod264@@V?$allocator@UBfmePod264@@@_STL@@@_STL@@@2@ABU32@@Z	?resize@?$hashtable@U?$pair@$$CBHV?$list@UBfmePod264@@V?$allocator@UBfmePod264@@@_STL@@@_STL@@@_STL@@HU?$hash@H@2@U?$_Select1st@U?$pair@$$CBHV?$list@UBfmePod264@@V?$allocator@UBfmePod264@@@_STL@@@_STL@@@_STL@@@2@U?$equal_to@H@2@V?$allocator@U?$pair@$$CBHV?$list@UBfmePod264@@V?$allocator@UBfmePod264@@@_STL@@@_STL@@@_STL@@@2@@_STL@@QAEXI@Z	0x0053F1EC	wrong
Code/Libraries/Source/WWVegas/WWLib/stlport_hash_map_int_list_pod264_subscript.cpp	??A?$hash_map@HV?$list@UBfmePod264@@V?$allocator@UBfmePod264@@@_STL@@@_STL@@U?$hash@H@2@U?$equal_to@H@2@V?$allocator@U?$pair@$$CBHV?$list@UBfmePod264@@V?$allocator@UBfmePod264@@@_STL@@@_STL@@@_STL@@@2@@_STL@@QAEAAV?$list@UBfmePod264@@V?$allocator@UBfmePod264@@@_STL@@@1@ABH@Z	??$find@H@?$hashtable@U?$pair@$$CBHV?$list@UBfmePod264@@V?$allocator@UBfmePod264@@@_STL@@@_STL@@@_STL@@HU?$hash@H@2@U?$_Select1st@U?$pair@$$CBHV?$list@UBfmePod264@@V?$allocator@UBfmePod264@@@_STL@@@_STL@@@_STL@@@2@U?$equal_to@H@2@V?$allocator@U?$pair@$$CBHV?$list@UBfmePod264@@V?$allocator@UBfmePod264@@@_STL@@@_STL@@@_STL@@@2@@_STL@@QAE?AU?$_Ht_iterator@U?$pair@$$CBHV?$list@UBfmePod264@@V?$allocator@UBfmePod264@@@_STL@@@_STL@@@_STL@@U?$_Nonconst_traits@U?$pair@$$CBHV?$list@UBfmePod264@@V?$allocator@UBfmePod264@@@_STL@@@_STL@@@_STL@@@2@HU?$hash@H@2@U?$_Select1st@U?$pair@$$CBHV?$list@UBfmePod264@@V?$allocator@UBfmePod264@@@_STL@@@_STL@@@_STL@@@2@U?$equal_to@H@2@V?$allocator@U?$pair@$$CBHV?$list@UBfmePod264@@V?$allocator@UBfmePod264@@@_STL@@@_STL@@@_STL@@@2@@1@ABH@Z	0x00148B27	wrong
Code/Libraries/Source/WWVegas/WWLib/stlport_hash_map_int_list_pod264_subscript.cpp	??A?$hash_map@HV?$list@UBfmePod264@@V?$allocator@UBfmePod264@@@_STL@@@_STL@@U?$hash@H@2@U?$equal_to@H@2@V?$allocator@U?$pair@$$CBHV?$list@UBfmePod264@@V?$allocator@UBfmePod264@@@_STL@@@_STL@@@_STL@@@2@@_STL@@QAEAAV?$list@UBfmePod264@@V?$allocator@UBfmePod264@@@_STL@@@1@ABH@Z	??1?$_List_base@UBfmePod264@@V?$allocator@UBfmePod264@@@_STL@@@_STL@@QAE@XZ	0x002889A4	wrong
Code/Libraries/Source/WWVegas/WWLib/stlport_hash_map_int_rva0029e067.cpp	?_M_insert@?$hashtable@U?$pair@$$CBHURva0029E067@@@_STL@@HU?$hash@H@2@U?$_Select1st@U?$pair@$$CBHURva0029E067@@@_STL@@@2@U?$equal_to@H@2@V?$allocator@U?$pair@$$CBHURva0029E067@@@_STL@@@2@@_STL@@QAEAAU?$pair@$$CBHURva0029E067@@@2@ABU32@@Z	?resize@?$hashtable@U?$pair@$$CBHURva0029E067@@@_STL@@HU?$hash@H@2@U?$_Select1st@U?$pair@$$CBHURva0029E067@@@_STL@@@2@U?$equal_to@H@2@V?$allocator@U?$pair@$$CBHURva0029E067@@@_STL@@@2@@_STL@@QAEXI@Z	0x0053F1EC	wrong
Code/Libraries/Source/WWVegas/WWLib/stlport_hash_map_int_vector_sciencetype.cpp	?_M_insert@?$hashtable@U?$pair@$$CBHV?$vector@W4ScienceType@@V?$allocator@W4ScienceType@@@_STL@@@_STL@@@_STL@@HU?$hash@H@2@U?$_Select1st@U?$pair@$$CBHV?$vector@W4ScienceType@@V?$allocator@W4ScienceType@@@_STL@@@_STL@@@_STL@@@2@U?$equal_to@H@2@V?$allocator@U?$pair@$$CBHV?$vector@W4ScienceType@@V?$allocator@W4ScienceType@@@_STL@@@_STL@@@_STL@@@2@@_STL@@QAEAAU?$pair@$$CBHV?$vector@W4ScienceType@@V?$allocator@W4ScienceType@@@_STL@@@_STL@@@2@ABU32@@Z	?resize@?$hashtable@U?$pair@$$CBHV?$vector@W4ScienceType@@V?$allocator@W4ScienceType@@@_STL@@@_STL@@@_STL@@HU?$hash@H@2@U?$_Select1st@U?$pair@$$CBHV?$vector@W4ScienceType@@V?$allocator@W4ScienceType@@@_STL@@@_STL@@@_STL@@@2@U?$equal_to@H@2@V?$allocator@U?$pair@$$CBHV?$vector@W4ScienceType@@V?$allocator@W4ScienceType@@@_STL@@@_STL@@@_STL@@@2@@_STL@@QAEXI@Z	0x0053F1EC	wrong
Code/Libraries/Source/WWVegas/WWLib/stlport_hash_map_int_vector_sciencetype_subscript.cpp	??A?$hash_map@HV?$vector@W4ScienceType@@V?$allocator@W4ScienceType@@@_STL@@@_STL@@U?$hash@H@2@U?$equal_to@H@2@V?$allocator@U?$pair@$$CBHV?$vector@W4ScienceType@@V?$allocator@W4ScienceType@@@_STL@@@_STL@@@_STL@@@2@@_STL@@QAEAAV?$vector@W4ScienceType@@V?$allocator@W4ScienceType@@@_STL@@@1@ABH@Z	??$find@H@?$hashtable@U?$pair@$$CBHV?$vector@W4ScienceType@@V?$allocator@W4ScienceType@@@_STL@@@_STL@@@_STL@@HU?$hash@H@2@U?$_Select1st@U?$pair@$$CBHV?$vector@W4ScienceType@@V?$allocator@W4ScienceType@@@_STL@@@_STL@@@_STL@@@2@U?$equal_to@H@2@V?$allocator@U?$pair@$$CBHV?$vector@W4ScienceType@@V?$allocator@W4ScienceType@@@_STL@@@_STL@@@_STL@@@2@@_STL@@QAE?AU?$_Ht_iterator@U?$pair@$$CBHV?$vector@W4ScienceType@@V?$allocator@W4ScienceType@@@_STL@@@_STL@@@_STL@@U?$_Nonconst_traits@U?$pair@$$CBHV?$vector@W4ScienceType@@V?$allocator@W4ScienceType@@@_STL@@@_STL@@@_STL@@@2@HU?$hash@H@2@U?$_Select1st@U?$pair@$$CBHV?$vector@W4ScienceType@@V?$allocator@W4ScienceType@@@_STL@@@_STL@@@_STL@@@2@U?$equal_to@H@2@V?$allocator@U?$pair@$$CBHV?$vector@W4ScienceType@@V?$allocator@W4ScienceType@@@_STL@@@_STL@@@_STL@@@2@@1@ABH@Z	0x00148B27	wrong
Code/Libraries/Source/WWVegas/WWLib/stlport_hash_map_int_vector_sciencetype_subscript.cpp	??A?$hash_map@HV?$vector@W4ScienceType@@V?$allocator@W4ScienceType@@@_STL@@@_STL@@U?$hash@H@2@U?$equal_to@H@2@V?$allocator@U?$pair@$$CBHV?$vector@W4ScienceType@@V?$allocator@W4ScienceType@@@_STL@@@_STL@@@_STL@@@2@@_STL@@QAEAAV?$vector@W4ScienceType@@V?$allocator@W4ScienceType@@@_STL@@@1@ABH@Z	??0?$_Vector_base@W4ScienceType@@V?$allocator@W4ScienceType@@@_STL@@@_STL@@QAE@ABV?$allocator@W4ScienceType@@@1@@Z	0x00211E58	divergent
Code/Libraries/Source/WWVegas/WWLib/stlport_hash_map_string_uint_resize.cpp	?resize@?$hashtable@U?$pair@$$CBV?$basic_string@DV?$char_traits@D@_STL@@V?$allocator@D@2@@_STL@@I@_STL@@V?$basic_string@DV?$char_traits@D@_STL@@V?$allocator@D@2@@2@U?$hash@V?$basic_string@DV?$char_traits@D@_STL@@V?$allocator@D@2@@_STL@@@2@U?$_Select1st@U?$pair@$$CBV?$basic_string@DV?$char_traits@D@_STL@@V?$allocator@D@2@@_STL@@I@_STL@@@2@U?$equal_to@V?$basic_string@DV?$char_traits@D@_STL@@V?$allocator@D@2@@_STL@@@2@V?$allocator@U?$pair@$$CBV?$basic_string@DV?$char_traits@D@_STL@@V?$allocator@D@2@@_STL@@I@_STL@@@2@@_STL@@QAEXI@Z	?_M_next_size@?$hashtable@U?$pair@$$CBV?$basic_string@DV?$char_traits@D@_STL@@V?$allocator@D@2@@_STL@@I@_STL@@V?$basic_string@DV?$char_traits@D@_STL@@V?$allocator@D@2@@2@U?$hash@V?$basic_string@DV?$char_traits@D@_STL@@V?$allocator@D@2@@_STL@@@2@U?$_Select1st@U?$pair@$$CBV?$basic_string@DV?$char_traits@D@_STL@@V?$allocator@D@2@@_STL@@I@_STL@@@2@U?$equal_to@V?$basic_string@DV?$char_traits@D@_STL@@V?$allocator@D@2@@_STL@@@2@V?$allocator@U?$pair@$$CBV?$basic_string@DV?$char_traits@D@_STL@@V?$allocator@D@2@@_STL@@I@_STL@@@2@@_STL@@ABEII@Z	0x0005571B	wrong
Code/Libraries/Source/WWVegas/WWLib/stlport_hashtable_asciistring.cpp	?_M_insert@?$hashtable@U?$pair@$$CBVAsciiString@@PAVThingTemplate@@@_STL@@VAsciiString@@U?$hash@VAsciiString@@@rts@@U?$_Select1st@U?$pair@$$CBVAsciiString@@PAVThingTemplate@@@_STL@@@2@U?$equal_to@VAsciiString@@@5@V?$allocator@U?$pair@$$CBVAsciiString@@PAVThingTemplate@@@_STL@@@2@@_STL@@QAEAAU?$pair@$$CBVAsciiString@@PAVThingTemplate@@@2@ABU32@@Z	?resize@?$hashtable@U?$pair@$$CBVAsciiString@@PAVThingTemplate@@@_STL@@VAsciiString@@U?$hash@VAsciiString@@@rts@@U?$_Select1st@U?$pair@$$CBVAsciiString@@PAVThingTemplate@@@_STL@@@2@U?$equal_to@VAsciiString@@@5@V?$allocator@U?$pair@$$CBVAsciiString@@PAVThingTemplate@@@_STL@@@2@@_STL@@QAEXI@Z	0x0016DD70	divergent
Code/Libraries/Source/WWVegas/WWLib/stlport_int_algorithm_bodies.cpp	??$sort@PAHU?$greater@H@_STL@@@_STL@@YAXPAH0U?$greater@H@0@@Z	??$__final_insertion_sort@PAHU?$greater@H@_STL@@@_STL@@YAXPAH0U?$greater@H@0@@Z	0x005E4C2F	wrong
Code/Libraries/Source/WWVegas/WWLib/stlport_int_introsort_loop_greater.cpp	??$__introsort_loop@PAHHHU?$greater@H@_STL@@@_STL@@YAXPAH00HU?$greater@H@0@@Z	??$__median@HU?$greater@H@_STL@@@_STL@@YAABHABH00U?$greater@H@0@@Z	0x005E4534	wrong
Code/Libraries/Source/WWVegas/WWLib/stlport_int_introsort_loop_greater.cpp	??$__introsort_loop@PAHHHU?$greater@H@_STL@@@_STL@@YAXPAH00HU?$greater@H@0@@Z	??$__unguarded_partition@PAHHU?$greater@H@_STL@@@_STL@@YAPAHPAH0HU?$greater@H@0@@Z	0x005E459F	wrong
Code/Libraries/Source/WWVegas/WWLib/stlport_int_introsort_loop_greater.cpp	??$partial_sort@PAHU?$greater@H@_STL@@@_STL@@YAXPAH00U?$greater@H@0@@Z	??$__partial_sort@PAHHU?$greater@H@_STL@@@_STL@@YAXPAH000U?$greater@H@0@@Z	0x005E5177	wrong
Code/Libraries/Source/WWVegas/WWLib/stlport_introsort_loop_s4sortelem12_002e1b60.cpp	??$__partial_sort@PAUS4SortElem12@@U1@US4Cmp002E1690@@@_STL@@YAXPAUS4SortElem12@@000US4Cmp002E1690@@@Z	??$__pop_heap@PAUS4SortElem12@@U1@US4Cmp002E1690@@H@_STL@@YAXPAUS4SortElem12@@00U1@US4Cmp002E1690@@PAH@Z	0x00331DAE	wrong
Code/Libraries/Source/WWVegas/WWLib/stlport_introsort_loop_s4sortelem12_002e1b60.cpp	??$__partial_sort@PAUS4SortElem12@@U1@US4Cmp002E1690@@@_STL@@YAXPAUS4SortElem12@@000US4Cmp002E1690@@@Z	??$sort_heap@PAUS4SortElem12@@US4Cmp002E1690@@@_STL@@YAXPAUS4SortElem12@@0US4Cmp002E1690@@@Z	0x00332197	wrong
Code/Libraries/Source/WWVegas/WWLib/stlport_introsort_loop_s4sortelem12_002e1b60.cpp	??$__unguarded_partition@PAUS4SortElem12@@U1@US4Cmp002E1690@@@_STL@@YAPAUS4SortElem12@@PAU1@0U1@US4Cmp002E1690@@@Z	?Rva002E00E0Swap@@YAXAAUS4SortElem12@@0@Z	0x003319FB	unowned
Code/Libraries/Source/WWVegas/WWLib/stlport_introsort_loop_s4sortelem12_002e1b60.cpp	??$make_heap@PAUS4SortElem12@@US4Cmp002E1690@@@_STL@@YAXPAUS4SortElem12@@0US4Cmp002E1690@@@Z	??$__make_heap@PAUS4SortElem12@@US4Cmp002E1690@@U1@H@_STL@@YAXPAUS4SortElem12@@0US4Cmp002E1690@@0PAH@Z	0x00331E28	wrong
Code/Libraries/Source/WWVegas/WWLib/stlport_introsort_loop_s4sortelem12_002e1b60.cpp	?iter_swap@_STL@@YAXPAUS4SortElem12@@0@Z	?Rva002E00E0Swap@@YAXAAUS4SortElem12@@0@Z	0x003319FB	unowned
Code/Libraries/Source/WWVegas/WWLib/stlport_introsort_loop_s4sortelem20.cpp	??$swap@US4SortElem20@@@_STL@@YAXAAUS4SortElem20@@0@Z	??0S4SortElem20@@QAE@ABU0@@Z	0x003371B1	wrong
Code/Libraries/Source/WWVegas/WWLib/stlport_introsort_loop_s4sortelem20.cpp	??$swap@US4SortElem20@@@_STL@@YAXAAUS4SortElem20@@0@Z	??1S4SortElem20@@QAE@XZ	0x003372B7	divergent
Code/Libraries/Source/WWVegas/WWLib/stlport_ios_failure_dtor.cpp	??1failure@ios_base@_STL@@UAE@XZ	??1__Named_exception@_STL@@UAE@XZ	0x00023850	wrong
Code/Libraries/Source/WWVegas/WWLib/stlport_list_001ea478_insert.cpp	?pop_back@?$list@UBfmeStringRecord001EA478@@V?$allocator@UBfmeStringRecord001EA478@@@_STL@@@_STL@@QAEXXZ	?erase@?$list@UBfmeStringRecord001EA478@@V?$allocator@UBfmeStringRecord001EA478@@@_STL@@@_STL@@QAE?AU?$_List_iterator@UBfmeStringRecord001EA478@@U?$_Nonconst_traits@UBfmeStringRecord001EA478@@@_STL@@@2@U32@@Z	0x004E7B6E	wrong
Code/Libraries/Source/WWVegas/WWLib/stlport_list_002b8ff3_fill.cpp	??0?$list@UBfmeStringRecord002B4DC1@@V?$allocator@UBfmeStringRecord002B4DC1@@@_STL@@@_STL@@QAE@I@Z	??0?$_List_base@UBfmeStringRecord002B4DC1@@V?$allocator@UBfmeStringRecord002B4DC1@@@_STL@@@_STL@@QAE@ABV?$allocator@UBfmeStringRecord002B4DC1@@@1@@Z	0x00280A8D	wrong
Code/Libraries/Source/WWVegas/WWLib/stlport_list_asciistring_insert.cpp	??0?$list@VAsciiString@@V?$allocator@VAsciiString@@@_STL@@@_STL@@QAE@ABV01@@Z	??0?$_List_base@VAsciiString@@V?$allocator@VAsciiString@@@_STL@@@_STL@@QAE@ABV?$allocator@VAsciiString@@@1@@Z	0x004EC36C	divergent
Code/Libraries/Source/WWVegas/WWLib/stlport_list_b757d_insert.cpp	??4?$list@UBfmeStringRecord000B757D@@V?$allocator@UBfmeStringRecord000B757D@@@_STL@@@_STL@@QAEAAV01@ABV01@@Z	??$insert@U?$_List_iterator@UBfmeStringRecord000B757D@@U?$_Const_traits@UBfmeStringRecord000B757D@@@_STL@@@_STL@@@?$list@UBfmeStringRecord000B757D@@V?$allocator@UBfmeStringRecord000B757D@@@_STL@@@_STL@@QAEXU?$_List_iterator@UBfmeStringRecord000B757D@@U?$_Nonconst_traits@UBfmeStringRecord000B757D@@@_STL@@@1@U?$_List_iterator@UBfmeStringRecord000B757D@@U?$_Const_traits@UBfmeStringRecord000B757D@@@_STL@@@1@1@Z	0x0035CC18	wrong
Code/Libraries/Source/WWVegas/WWLib/stlport_list_b757d_insert.cpp	??4?$list@UBfmeStringRecord000B757D@@V?$allocator@UBfmeStringRecord000B757D@@@_STL@@@_STL@@QAEAAV01@ABV01@@Z	??4BfmeStringRecord000B757D@@QAEAAU0@ABU0@@Z	0x001D9990	wrong
Code/Libraries/Source/WWVegas/WWLib/stlport_list_b757d_insert.cpp	??4?$list@UBfmeStringRecord000B757D@@V?$allocator@UBfmeStringRecord000B757D@@@_STL@@@_STL@@QAEAAV01@ABV01@@Z	?erase@?$list@UBfmeStringRecord000B757D@@V?$allocator@UBfmeStringRecord000B757D@@@_STL@@@_STL@@QAE?AU?$_List_iterator@UBfmeStringRecord000B757D@@U?$_Nonconst_traits@UBfmeStringRecord000B757D@@@_STL@@@2@U32@0@Z	0x002FECD3	wrong
Code/Libraries/Source/WWVegas/WWLib/stlport_list_b757d_insert.cpp	?erase@?$list@UBfmeStringRecord000B757D@@V?$allocator@UBfmeStringRecord000B757D@@@_STL@@@_STL@@QAE?AU?$_List_iterator@UBfmeStringRecord000B757D@@U?$_Nonconst_traits@UBfmeStringRecord000B757D@@@_STL@@@2@U32@@Z	??1BfmeStringRecord000B757D@@QAE@XZ	0x00577998	divergent
Code/Libraries/Source/WWVegas/WWLib/stlport_list_gamewindow_assign_dispatch.cpp	?rva00423D92@Rva00423D92@@QAEXU?$_List_iterator@PAVGameWindow@@U?$_Const_traits@PAVGameWindow@@@_STL@@@_STL@@0ABU__false_type@3@@Z	??$insert@U?$_List_iterator@PAVGameWindow@@U?$_Const_traits@PAVGameWindow@@@_STL@@@_STL@@@?$list@PAVGameWindow@@V?$allocator@PAVGameWindow@@@_STL@@@_STL@@QAEXU?$_List_iterator@PAVGameWindow@@U?$_Nonconst_traits@PAVGameWindow@@@_STL@@@1@U?$_List_iterator@PAVGameWindow@@U?$_Const_traits@PAVGameWindow@@@_STL@@@1@1@Z	0x00423890	wrong
Code/Libraries/Source/WWVegas/WWLib/stlport_list_int_o1.cpp	?push_back@?$list@HV?$allocator@H@_STL@@@_STL@@QAEXXZ	?insert@?$list@HV?$allocator@H@_STL@@@_STL@@QAE?AU?$_List_iterator@HU?$_Nonconst_traits@H@_STL@@@2@U32@@Z	0x00079CB6	unowned
Code/Libraries/Source/WWVegas/WWLib/stlport_list_objectptr_insert.cpp	??0?$list@PAVObject@@V?$allocator@PAVObject@@@_STL@@@_STL@@QAE@ABV01@@Z	??0?$_List_base@PAVObject@@V?$allocator@PAVObject@@@_STL@@@_STL@@QAE@ABV?$allocator@PAVObject@@@1@@Z	0x001EB984	divergent
Code/Libraries/Source/WWVegas/WWLib/stlport_list_objectptr_insert.cpp	??0?$list@PAVObject@@V?$allocator@PAVObject@@@_STL@@@_STL@@QAE@ABV?$allocator@PAVObject@@@1@@Z	??0?$_List_base@PAVObject@@V?$allocator@PAVObject@@@_STL@@@_STL@@QAE@ABV?$allocator@PAVObject@@@1@@Z	0x001EB984	divergent
Code/Libraries/Source/WWVegas/WWLib/stlport_list_objectptr_insert.cpp	?insert@?$list@PAVObject@@V?$allocator@PAVObject@@@_STL@@@_STL@@QAE?AU?$_List_iterator@PAVObject@@U?$_Nonconst_traits@PAVObject@@@_STL@@@2@U32@ABQAVObject@@@Z	?_M_create_node@?$list@PAVObject@@V?$allocator@PAVObject@@@_STL@@@_STL@@IAEPAU?$_List_node@PAVObject@@@2@ABQAVObject@@@Z	0x001EB9AC	divergent
Code/Libraries/Source/WWVegas/WWLib/stlport_list_rva00416939_pop.cpp	?pop_front@?$list@URva00416939Pod@@V?$allocator@URva00416939Pod@@@_STL@@@_STL@@QAEXXZ	?erase@?$list@URva00416939Pod@@V?$allocator@URva00416939Pod@@@_STL@@@_STL@@QAE?AU?$_List_iterator@URva00416939Pod@@U?$_Nonconst_traits@URva00416939Pod@@@_STL@@@2@U32@@Z	0x004168D3	wrong
Code/Libraries/Source/WWVegas/WWLib/stlport_list_rva0073f026_pop.cpp	?pop_front@?$list@URva0073F026Pod@@V?$allocator@URva0073F026Pod@@@_STL@@@_STL@@QAEXXZ	?erase@?$list@URva0073F026Pod@@V?$allocator@URva0073F026Pod@@@_STL@@@_STL@@QAE?AU?$_List_iterator@URva0073F026Pod@@U?$_Nonconst_traits@URva0073F026Pod@@@_STL@@@2@U32@@Z	0x0073EFFC	wrong
Code/Libraries/Source/WWVegas/WWLib/stlport_list_unicodestring_insert.cpp	??0?$list@VUnicodeString@@V?$allocator@VUnicodeString@@@_STL@@@_STL@@QAE@ABV01@@Z	??0?$_List_base@VUnicodeString@@V?$allocator@VUnicodeString@@@_STL@@@_STL@@QAE@ABV?$allocator@VUnicodeString@@@1@@Z	0x004EC36C	divergent
Code/Libraries/Source/WWVegas/WWLib/stlport_list_unicodestring_insert.cpp	??0?$list@VUnicodeString@@V?$allocator@VUnicodeString@@@_STL@@@_STL@@QAE@I@Z	??0?$_List_base@VUnicodeString@@V?$allocator@VUnicodeString@@@_STL@@@_STL@@QAE@ABV?$allocator@VUnicodeString@@@1@@Z	0x004EC36C	divergent
Code/Libraries/Source/WWVegas/WWLib/stlport_map_bool_subscript.cpp	??A?$map@H_NU?$less@H@_STL@@V?$allocator@U?$pair@$$CBH_N@_STL@@@2@@_STL@@QAEAA_NABH@Z	?insert@?$map@H_NU?$less@H@_STL@@V?$allocator@U?$pair@$$CBH_N@_STL@@@2@@_STL@@QAE?AU?$_Rb_tree_iterator@U?$pair@$$CBH_N@_STL@@U?$_Nonconst_traits@U?$pair@$$CBH_N@_STL@@@2@@2@U32@ABU?$pair@$$CBH_N@2@@Z	0x0046F0A5	wrong
Code/Libraries/Source/WWVegas/WWLib/stlport_map_int_int_create_node.cpp	??0?$_Rb_tree@HU?$pair@$$CBHH@_STL@@U?$_Select1st@U?$pair@$$CBHH@_STL@@@2@U?$less@H@2@V?$allocator@U?$pair@$$CBHH@_STL@@@2@@_STL@@QAE@ABV01@@Z	??0?$_Rb_tree_base@U?$pair@$$CBHH@_STL@@V?$allocator@U?$pair@$$CBHH@_STL@@@2@@_STL@@QAE@ABV?$allocator@U?$pair@$$CBHH@_STL@@@1@@Z	0x001F0534	divergent
Code/Libraries/Source/WWVegas/WWLib/stlport_map_int_ptr_init_002213D9.cpp	?Rva002213D9Get@@YAPAV?$map@HPAXU?$less@H@_STL@@V?$allocator@U?$pair@$$CBHPAX@_STL@@@2@@_STL@@XZ	_$E2	0x007B7704	wrong
Code/Libraries/Source/WWVegas/WWLib/stlport_map_int_ptr_insert.cpp	?insert_unique@?$_Rb_tree@IU?$pair@$$CBIPAX@_STL@@U?$_Select1st@U?$pair@$$CBIPAX@_STL@@@2@U?$less@I@2@V?$allocator@U?$pair@$$CBIPAX@_STL@@@2@@_STL@@QAE?AU?$pair@U?$_Rb_tree_iterator@U?$pair@$$CBIPAX@_STL@@U?$_Nonconst_traits@U?$pair@$$CBIPAX@_STL@@@2@@_STL@@_N@2@ABU?$pair@$$CBIPAX@2@@Z	?_M_insert@?$_Rb_tree@IU?$pair@$$CBIPAX@_STL@@U?$_Select1st@U?$pair@$$CBIPAX@_STL@@@2@U?$less@I@2@V?$allocator@U?$pair@$$CBIPAX@_STL@@@2@@_STL@@AAE?AU?$_Rb_tree_iterator@U?$pair@$$CBIPAX@_STL@@U?$_Nonconst_traits@U?$pair@$$CBIPAX@_STL@@@2@@2@PAU_Rb_tree_node_base@2@0ABU?$pair@$$CBIPAX@2@0@Z	0x0053479F	wrong
Code/Libraries/Source/WWVegas/WWLib/stlport_map_int_ptr_lower.cpp	??0?$_Rb_tree@IU?$pair@$$CBIPAX@_STL@@U?$_Select1st@U?$pair@$$CBIPAX@_STL@@@2@U?$less@I@2@V?$allocator@U?$pair@$$CBIPAX@_STL@@@2@@_STL@@QAE@ABV01@@Z	??0?$_Rb_tree_base@U?$pair@$$CBIPAX@_STL@@V?$allocator@U?$pair@$$CBIPAX@_STL@@@2@@_STL@@QAE@ABV?$allocator@U?$pair@$$CBIPAX@_STL@@@1@@Z	0x0030087C	wrong
Code/Libraries/Source/WWVegas/WWLib/stlport_map_int_ptr_lower.cpp	?_M_copy@?$_Rb_tree@IU?$pair@$$CBIPAX@_STL@@U?$_Select1st@U?$pair@$$CBIPAX@_STL@@@2@U?$less@I@2@V?$allocator@U?$pair@$$CBIPAX@_STL@@@2@@_STL@@AAEPAU?$_Rb_tree_node@U?$pair@$$CBIPAX@_STL@@@2@PAU32@0@Z	?_M_clone_node@?$_Rb_tree@IU?$pair@$$CBIPAX@_STL@@U?$_Select1st@U?$pair@$$CBIPAX@_STL@@@2@U?$less@I@2@V?$allocator@U?$pair@$$CBIPAX@_STL@@@2@@_STL@@IAEPAU?$_Rb_tree_node@U?$pair@$$CBIPAX@_STL@@@2@PAU32@@Z	0x00413E55	wrong
Code/Libraries/Source/WWVegas/WWLib/stlport_map_int_ptr_lower.cpp	?insert_unique@?$_Rb_tree@IU?$pair@$$CBIPAX@_STL@@U?$_Select1st@U?$pair@$$CBIPAX@_STL@@@2@U?$less@I@2@V?$allocator@U?$pair@$$CBIPAX@_STL@@@2@@_STL@@QAE?AU?$_Rb_tree_iterator@U?$pair@$$CBIPAX@_STL@@U?$_Nonconst_traits@U?$pair@$$CBIPAX@_STL@@@2@@2@U32@ABU?$pair@$$CBIPAX@2@@Z	?_M_insert@?$_Rb_tree@IU?$pair@$$CBIPAX@_STL@@U?$_Select1st@U?$pair@$$CBIPAX@_STL@@@2@U?$less@I@2@V?$allocator@U?$pair@$$CBIPAX@_STL@@@2@@_STL@@AAE?AU?$_Rb_tree_iterator@U?$pair@$$CBIPAX@_STL@@U?$_Nonconst_traits@U?$pair@$$CBIPAX@_STL@@@2@@2@PAU_Rb_tree_node_base@2@0ABU?$pair@$$CBIPAX@2@0@Z	0x0053479F	wrong
Code/Libraries/Source/WWVegas/WWLib/stlport_map_int_ptr_o1.cpp	??$find@H@?$_Rb_tree@HU?$pair@$$CBHPAX@_STL@@U?$_Select1st@U?$pair@$$CBHPAX@_STL@@@2@U?$less@H@2@V?$allocator@U?$pair@$$CBHPAX@_STL@@@2@@_STL@@QAE?AU?$_Rb_tree_iterator@U?$pair@$$CBHPAX@_STL@@U?$_Nonconst_traits@U?$pair@$$CBHPAX@_STL@@@2@@1@ABH@Z	??$_M_find@H@?$_Rb_tree@HU?$pair@$$CBHPAX@_STL@@U?$_Select1st@U?$pair@$$CBHPAX@_STL@@@2@U?$less@H@2@V?$allocator@U?$pair@$$CBHPAX@_STL@@@2@@_STL@@ABEPAU?$_Rb_tree_node@U?$pair@$$CBHPAX@_STL@@@1@ABH@Z	0x00357180	wrong
Code/Libraries/Source/WWVegas/WWLib/stlport_map_int_ptr_o1.cpp	?equal_range@?$_Rb_tree@HU?$pair@$$CBHPAX@_STL@@U?$_Select1st@U?$pair@$$CBHPAX@_STL@@@2@U?$less@H@2@V?$allocator@U?$pair@$$CBHPAX@_STL@@@2@@_STL@@QAE?AU?$pair@U?$_Rb_tree_iterator@U?$pair@$$CBHPAX@_STL@@U?$_Nonconst_traits@U?$pair@$$CBHPAX@_STL@@@2@@_STL@@U12@@2@ABH@Z	?_M_lower_bound@?$_Rb_tree@HU?$pair@$$CBHPAX@_STL@@U?$_Select1st@U?$pair@$$CBHPAX@_STL@@@2@U?$less@H@2@V?$allocator@U?$pair@$$CBHPAX@_STL@@@2@@_STL@@ABEPAU?$_Rb_tree_node@U?$pair@$$CBHPAX@_STL@@@2@ABH@Z	0x004FF3B6	wrong
Code/Libraries/Source/WWVegas/WWLib/stlport_map_int_ptr_o1.cpp	?equal_range@?$_Rb_tree@HU?$pair@$$CBHPAX@_STL@@U?$_Select1st@U?$pair@$$CBHPAX@_STL@@@2@U?$less@H@2@V?$allocator@U?$pair@$$CBHPAX@_STL@@@2@@_STL@@QAE?AU?$pair@U?$_Rb_tree_iterator@U?$pair@$$CBHPAX@_STL@@U?$_Nonconst_traits@U?$pair@$$CBHPAX@_STL@@@2@@_STL@@U12@@2@ABH@Z	?_M_upper_bound@?$_Rb_tree@HU?$pair@$$CBHPAX@_STL@@U?$_Select1st@U?$pair@$$CBHPAX@_STL@@@2@U?$less@H@2@V?$allocator@U?$pair@$$CBHPAX@_STL@@@2@@_STL@@ABEPAU?$_Rb_tree_node@U?$pair@$$CBHPAX@_STL@@@2@ABH@Z	0x004FF539	wrong
Code/Libraries/Source/WWVegas/WWLib/stlport_map_int_ptr_o1.cpp	?equal_range@?$_Rb_tree@HU?$pair@$$CBHPAX@_STL@@U?$_Select1st@U?$pair@$$CBHPAX@_STL@@@2@U?$less@H@2@V?$allocator@U?$pair@$$CBHPAX@_STL@@@2@@_STL@@QBE?AU?$pair@U?$_Rb_tree_iterator@U?$pair@$$CBHPAX@_STL@@U?$_Const_traits@U?$pair@$$CBHPAX@_STL@@@2@@_STL@@U12@@2@ABH@Z	?_M_lower_bound@?$_Rb_tree@HU?$pair@$$CBHPAX@_STL@@U?$_Select1st@U?$pair@$$CBHPAX@_STL@@@2@U?$less@H@2@V?$allocator@U?$pair@$$CBHPAX@_STL@@@2@@_STL@@ABEPAU?$_Rb_tree_node@U?$pair@$$CBHPAX@_STL@@@2@ABH@Z	0x004FF3B6	wrong
Code/Libraries/Source/WWVegas/WWLib/stlport_map_int_ptr_o1.cpp	?equal_range@?$_Rb_tree@HU?$pair@$$CBHPAX@_STL@@U?$_Select1st@U?$pair@$$CBHPAX@_STL@@@2@U?$less@H@2@V?$allocator@U?$pair@$$CBHPAX@_STL@@@2@@_STL@@QBE?AU?$pair@U?$_Rb_tree_iterator@U?$pair@$$CBHPAX@_STL@@U?$_Const_traits@U?$pair@$$CBHPAX@_STL@@@2@@_STL@@U12@@2@ABH@Z	?_M_upper_bound@?$_Rb_tree@HU?$pair@$$CBHPAX@_STL@@U?$_Select1st@U?$pair@$$CBHPAX@_STL@@@2@U?$less@H@2@V?$allocator@U?$pair@$$CBHPAX@_STL@@@2@@_STL@@ABEPAU?$_Rb_tree_node@U?$pair@$$CBHPAX@_STL@@@2@ABH@Z	0x004FF539	wrong
Code/Libraries/Source/WWVegas/WWLib/stlport_map_int_ptr_tree_copy.cpp	??0?$_Rb_tree@HU?$pair@$$CBHPAX@_STL@@U?$_Select1st@U?$pair@$$CBHPAX@_STL@@@2@U?$less@H@2@V?$allocator@U?$pair@$$CBHPAX@_STL@@@2@@_STL@@QAE@ABV01@@Z	?_M_copy@?$_Rb_tree@HU?$pair@$$CBHPAX@_STL@@U?$_Select1st@U?$pair@$$CBHPAX@_STL@@@2@U?$less@H@2@V?$allocator@U?$pair@$$CBHPAX@_STL@@@2@@_STL@@AAEPAU?$_Rb_tree_node@U?$pair@$$CBHPAX@_STL@@@2@PAU32@0@Z	0x001FD751	wrong
Code/Libraries/Source/WWVegas/WWLib/stlport_map_int_ptr_tree_copy2.cpp	??0?$_Rb_tree@HU?$pair@$$CBHPAX@_STL@@U?$_Select1st@U?$pair@$$CBHPAX@_STL@@@2@URva001FDAB0Less@@V?$allocator@U?$pair@$$CBHPAX@_STL@@@2@@_STL@@QAE@ABV01@@Z	?_M_copy@?$_Rb_tree@HU?$pair@$$CBHPAX@_STL@@U?$_Select1st@U?$pair@$$CBHPAX@_STL@@@2@URva001FDAB0Less@@V?$allocator@U?$pair@$$CBHPAX@_STL@@@2@@_STL@@AAEPAU?$_Rb_tree_node@U?$pair@$$CBHPAX@_STL@@@2@PAU32@0@Z	0x001FD7C4	wrong
Code/Libraries/Source/WWVegas/WWLib/stlport_map_int_ptr_tree_copy3.cpp	??0?$_Rb_tree@HU?$pair@$$CBHPAX@_STL@@U?$_Select1st@U?$pair@$$CBHPAX@_STL@@@2@URva004FFEAFLess@@V?$allocator@U?$pair@$$CBHPAX@_STL@@@2@@_STL@@QAE@ABV01@@Z	?_M_copy@?$_Rb_tree@HU?$pair@$$CBHPAX@_STL@@U?$_Select1st@U?$pair@$$CBHPAX@_STL@@@2@URva004FFEAFLess@@V?$allocator@U?$pair@$$CBHPAX@_STL@@@2@@_STL@@AAEPAU?$_Rb_tree_node@U?$pair@$$CBHPAX@_STL@@@2@PAU32@0@Z	0x004FFC23	wrong
Code/Libraries/Source/WWVegas/WWLib/stlport_map_int_ptr_tree_copy4.cpp	??0?$_Rb_tree@HU?$pair@$$CBHPAX@_STL@@U?$_Select1st@U?$pair@$$CBHPAX@_STL@@@2@URva004FFF54Less@@V?$allocator@U?$pair@$$CBHPAX@_STL@@@2@@_STL@@QAE@ABV01@@Z	?_M_copy@?$_Rb_tree@HU?$pair@$$CBHPAX@_STL@@U?$_Select1st@U?$pair@$$CBHPAX@_STL@@@2@URva004FFF54Less@@V?$allocator@U?$pair@$$CBHPAX@_STL@@@2@@_STL@@AAEPAU?$_Rb_tree_node@U?$pair@$$CBHPAX@_STL@@@2@PAU32@0@Z	0x004FFC96	wrong
Code/Libraries/Source/WWVegas/WWLib/stlport_map_long_ladderpref.cpp	??0?$_Rb_tree@JU?$pair@$$CBJVLadderPref@@@_STL@@U?$_Select1st@U?$pair@$$CBJVLadderPref@@@_STL@@@2@U?$less@J@2@V?$allocator@U?$pair@$$CBJVLadderPref@@@_STL@@@2@@_STL@@QAE@ABV01@@Z	?_M_copy@?$_Rb_tree@JU?$pair@$$CBJVLadderPref@@@_STL@@U?$_Select1st@U?$pair@$$CBJVLadderPref@@@_STL@@@2@U?$less@J@2@V?$allocator@U?$pair@$$CBJVLadderPref@@@_STL@@@2@@_STL@@AAEPAU?$_Rb_tree_node@U?$pair@$$CBJVLadderPref@@@_STL@@@2@PAU32@0@Z	0x0021D7CF	divergent
Code/Libraries/Source/WWVegas/WWLib/stlport_map_namekey_pristinebone.cpp	??4?$_Rb_tree@W4NameKeyType@@U?$pair@$$CBW4NameKeyType@@UPristineBoneInfo@@@_STL@@U?$_Select1st@U?$pair@$$CBW4NameKeyType@@UPristineBoneInfo@@@_STL@@@3@U?$less@W4NameKeyType@@@3@V?$allocator@U?$pair@$$CBW4NameKeyType@@UPristineBoneInfo@@@_STL@@@3@@_STL@@QAEAAV01@ABV01@@Z	?clear@?$_Rb_tree@W4NameKeyType@@U?$pair@$$CBW4NameKeyType@@UPristineBoneInfo@@@_STL@@U?$_Select1st@U?$pair@$$CBW4NameKeyType@@UPristineBoneInfo@@@_STL@@@3@U?$less@W4NameKeyType@@@3@V?$allocator@U?$pair@$$CBW4NameKeyType@@UPristineBoneInfo@@@_STL@@@3@@_STL@@QAEXXZ	0x000B92FB	divergent
Code/Libraries/Source/WWVegas/WWLib/stlport_map_namekey_pristinebone.cpp	?clear@?$map@W4NameKeyType@@UPristineBoneInfo@@U?$less@W4NameKeyType@@@_STL@@V?$allocator@U?$pair@$$CBW4NameKeyType@@UPristineBoneInfo@@@_STL@@@4@@_STL@@QAEXXZ	?clear@?$_Rb_tree@W4NameKeyType@@U?$pair@$$CBW4NameKeyType@@UPristineBoneInfo@@@_STL@@U?$_Select1st@U?$pair@$$CBW4NameKeyType@@UPristineBoneInfo@@@_STL@@@3@U?$less@W4NameKeyType@@@3@V?$allocator@U?$pair@$$CBW4NameKeyType@@UPristineBoneInfo@@@_STL@@@3@@_STL@@QAEXXZ	0x000B92FB	divergent
Code/Libraries/Source/WWVegas/WWLib/stlport_map_uint_image_insert.cpp	?_M_insert@?$_Rb_tree@IU?$pair@$$CBIPAVImage@@@_STL@@U?$_Select1st@U?$pair@$$CBIPAVImage@@@_STL@@@2@U?$less@I@2@V?$allocator@U?$pair@$$CBIPAVImage@@@_STL@@@2@@_STL@@AAE?AU?$_Rb_tree_iterator@U?$pair@$$CBIPAVImage@@@_STL@@U?$_Nonconst_traits@U?$pair@$$CBIPAVImage@@@_STL@@@2@@2@PAU_Rb_tree_node_base@2@0ABU?$pair@$$CBIPAVImage@@@2@0@Z	?_M_create_node@?$_Rb_tree@IU?$pair@$$CBIPAVImage@@@_STL@@U?$_Select1st@U?$pair@$$CBIPAVImage@@@_STL@@@2@U?$less@I@2@V?$allocator@U?$pair@$$CBIPAVImage@@@_STL@@@2@@_STL@@IAEPAU?$_Rb_tree_node@U?$pair@$$CBIPAVImage@@@_STL@@@2@ABU?$pair@$$CBIPAVImage@@@2@@Z	0x00382B7F	divergent
Code/Libraries/Source/WWVegas/WWLib/stlport_money_get.cpp	??$__get_string@V?$istreambuf_iterator@DV?$char_traits@D@_STL@@@_STL@@PAD@_STL@@YA?AU?$pair@V?$istreambuf_iterator@DV?$char_traits@D@_STL@@@_STL@@_N@0@V?$istreambuf_iterator@DV?$char_traits@D@_STL@@@0@0PAD1@Z	??$mismatch@V?$istreambuf_iterator@DV?$char_traits@D@_STL@@@_STL@@PAD@_STL@@YA?AU?$pair@V?$istreambuf_iterator@DV?$char_traits@D@_STL@@@_STL@@PAD@0@V?$istreambuf_iterator@DV?$char_traits@D@_STL@@@0@0PAD@Z	0x00012CA0	divergent
Code/Libraries/Source/WWVegas/WWLib/stlport_money_get_wide.cpp	??$_M_append_dispatch@PAG@?$basic_string@GV?$char_traits@G@_STL@@V?$allocator@G@2@@_STL@@AAEAAV01@PAG0ABU__false_type@1@@Z	??$append@PAG@?$basic_string@GV?$char_traits@G@_STL@@V?$allocator@G@2@@_STL@@AAEAAV01@PAG0ABUforward_iterator_tag@1@@Z	0x00013160	divergent
Code/Libraries/Source/WWVegas/WWLib/stlport_money_get_wide.cpp	??$append@PAG@?$basic_string@GV?$char_traits@G@_STL@@V?$allocator@G@2@@_STL@@QAEAAV01@PAG0@Z	??$append@PAG@?$basic_string@GV?$char_traits@G@_STL@@V?$allocator@G@2@@_STL@@AAEAAV01@PAG0ABUforward_iterator_tag@1@@Z	0x00013160	divergent
Code/Libraries/Source/WWVegas/WWLib/stlport_narrow_get_formatted_time.cpp	??$__get_formatted_time@V?$istreambuf_iterator@DV?$char_traits@D@_STL@@@_STL@@PBD@_STL@@YAPBDV?$istreambuf_iterator@DV?$char_traits@D@_STL@@@0@0PBD1ABV_Time_Info@0@AAHPAUtm@@@Z	??$__get_decimal_integer@V?$istreambuf_iterator@DV?$char_traits@D@_STL@@@_STL@@H@_STL@@YA_NAAV?$istreambuf_iterator@DV?$char_traits@D@_STL@@@0@0AAH@Z	0x00009CD0	divergent
Code/Libraries/Source/WWVegas/WWLib/stlport_narrow_istream.cpp	??$find_if@PBDU?$_Eq_int_bound@V?$char_traits@D@_STL@@@_STL@@@_STL@@YAPBDPBD0U?$_Eq_int_bound@V?$char_traits@D@_STL@@@0@@Z	??$__find_if@PBDU?$_Eq_int_bound@V?$char_traits@D@_STL@@@_STL@@@_STL@@YAPBDPBD0U?$_Eq_int_bound@V?$char_traits@D@_STL@@@0@ABUrandom_access_iterator_tag@0@@Z	0x006BE8C0	wrong
Code/Libraries/Source/WWVegas/WWLib/stlport_narrow_money_put_string.cpp	?do_put@?$money_put@DV?$ostreambuf_iterator@DV?$char_traits@D@_STL@@@_STL@@@_STL@@MBE?AV?$ostreambuf_iterator@DV?$char_traits@D@_STL@@@2@V32@_NAAVios_base@2@DABV?$basic_string@DV?$char_traits@D@_STL@@V?$allocator@D@2@@2@@Z	??$_M_range_initialize@PBD@?$basic_string@DV?$char_traits@D@_STL@@V?$allocator@D@2@@_STL@@QAEXPBD0@Z	0x00008D00	wrong
Code/Libraries/Source/WWVegas/WWLib/stlport_narrow_money_put_string.cpp	?do_put@?$money_put@DV?$ostreambuf_iterator@DV?$char_traits@D@_STL@@@_STL@@@_STL@@MBE?AV?$ostreambuf_iterator@DV?$char_traits@D@_STL@@@2@V32@_NAAVios_base@2@DABV?$basic_string@DV?$char_traits@D@_STL@@V?$allocator@D@2@@2@@Z	?__insert_grouping@_STL@@YAHPAD0ABV?$basic_string@DV?$char_traits@D@_STL@@V?$allocator@D@2@@1@DDDH@Z	0x0001A600	unowned
Code/Libraries/Source/WWVegas/WWLib/stlport_narrow_num_get_double.cpp	??$__put_float@V?$ostreambuf_iterator@DV?$char_traits@D@_STL@@@_STL@@@_STL@@YA?AV?$ostreambuf_iterator@DV?$char_traits@D@_STL@@@0@PAD0V10@AAVios_base@0@DDDABV?$basic_string@DV?$char_traits@D@_STL@@V?$allocator@D@2@@0@@Z	?__insert_grouping@_STL@@YAHPAD0ABV?$basic_string@DV?$char_traits@D@_STL@@V?$allocator@D@2@@1@DDDH@Z	0x0001A600	unowned
Code/Libraries/Source/WWVegas/WWLib/stlport_narrow_num_put.cpp	??$_M_range_initialize@PAD@?$basic_string@DV?$char_traits@D@_STL@@V?$allocator@D@2@@_STL@@AAEXPAD0@Z	??$_M_range_initialize@PAD@?$basic_string@DV?$char_traits@D@_STL@@V?$allocator@D@2@@_STL@@AAEXPAD0ABUforward_iterator_tag@1@@Z	0x0000BF90	divergent
Code/Libraries/Source/WWVegas/WWLib/stlport_narrow_num_put.cpp	??_G?$num_put@DV?$ostreambuf_iterator@DV?$char_traits@D@_STL@@@_STL@@@_STL@@MAEPAXI@Z	??1?$num_put@DV?$ostreambuf_iterator@DV?$char_traits@D@_STL@@@_STL@@@_STL@@MAE@XZ	0x000072E0	wrong
Code/Libraries/Source/WWVegas/WWLib/stlport_narrow_ostringstream_ctor.cpp	?_M_xsputnc@?$basic_stringbuf@DV?$char_traits@D@_STL@@V?$allocator@D@2@@_STL@@MAEHDH@Z	?append@?$basic_string@DV?$char_traits@D@_STL@@V?$allocator@D@2@@_STL@@QAEAAV12@ID@Z	0x00029380	unowned
Code/Libraries/Source/WWVegas/WWLib/stlport_narrow_put_integer.cpp	??$__put_integer@V?$ostreambuf_iterator@DV?$char_traits@D@_STL@@@_STL@@@_STL@@YA?AV?$ostreambuf_iterator@DV?$char_traits@D@_STL@@@0@PAD0V10@AAVios_base@0@HD@Z	?__insert_grouping@_STL@@YAHPAD0ABV?$basic_string@DV?$char_traits@D@_STL@@V?$allocator@D@2@@1@DDDH@Z	0x0001A600	unowned
Code/Libraries/Source/WWVegas/WWLib/stlport_narrow_string.cpp	??$?0PAD@?$basic_string@DV?$char_traits@D@_STL@@V?$allocator@D@2@@_STL@@QAE@PAD0ABV?$allocator@D@1@@Z	??$_M_range_initialize@PAD@?$basic_string@DV?$char_traits@D@_STL@@V?$allocator@D@2@@_STL@@AAEXPAD0ABUforward_iterator_tag@1@@Z	0x0000BF90	divergent
Code/Libraries/Source/WWVegas/WWLib/stlport_narrow_string.cpp	??$_M_initialize_dispatch@PAD@?$basic_string@DV?$char_traits@D@_STL@@V?$allocator@D@2@@_STL@@AAEXPAD0ABU__false_type@1@@Z	??$_M_range_initialize@PAD@?$basic_string@DV?$char_traits@D@_STL@@V?$allocator@D@2@@_STL@@AAEXPAD0ABUforward_iterator_tag@1@@Z	0x0000BF90	divergent
Code/Libraries/Source/WWVegas/WWLib/stlport_narrow_string_allocator_ctor.cpp	??0?$basic_string@DV?$char_traits@D@_STL@@V?$allocator@D@2@@_STL@@QAE@ABV?$allocator@D@1@@Z	?_M_allocate_block@?$_String_base@DV?$allocator@D@_STL@@@_STL@@QAEXI@Z	0x00007460	divergent
Code/Libraries/Source/WWVegas/WWLib/stlport_narrow_string_assign_dispatch.cpp	??$_M_assign_dispatch@PAD@?$basic_string@DV?$char_traits@D@_STL@@V?$allocator@D@2@@_STL@@QAEAAV01@PAD0ABU__false_type@1@@Z	??$append@PAD@?$basic_string@DV?$char_traits@D@_STL@@V?$allocator@D@2@@_STL@@AAEAAV01@PAD0ABUforward_iterator_tag@1@@Z	0x0001B3E0	divergent
Code/Libraries/Source/WWVegas/WWLib/stlport_narrow_string_copy.cpp	?copy@?$basic_string@DV?$char_traits@D@_STL@@V?$allocator@D@2@@_STL@@QBEIPADII@Z	?_M_throw_out_of_range@?$_String_base@DV?$allocator@D@_STL@@@_STL@@QBEXXZ	0x00023A40	divergent
Code/Libraries/Source/WWVegas/WWLib/stlport_narrow_string_cstr_ctor.cpp	??0?$basic_string@DV?$char_traits@D@_STL@@V?$allocator@D@2@@_STL@@QAE@PBDABV?$allocator@D@1@@Z	??$_M_range_initialize@PBD@?$basic_string@DV?$char_traits@D@_STL@@V?$allocator@D@2@@_STL@@QAEXPBD0@Z	0x00008D00	wrong
Code/Libraries/Source/WWVegas/WWLib/stlport_narrow_string_erase_count.cpp	?erase@?$basic_string@DV?$char_traits@D@_STL@@V?$allocator@D@2@@_STL@@QAEAAV12@II@Z	?_M_throw_out_of_range@?$_String_base@DV?$allocator@D@_STL@@@_STL@@QBEXXZ	0x00023A40	divergent
Code/Libraries/Source/WWVegas/WWLib/stlport_narrow_string_fill_ctor.cpp	??0?$basic_string@DV?$char_traits@D@_STL@@V?$allocator@D@2@@_STL@@QAE@IDABV?$allocator@D@1@@Z	?_M_allocate_block@?$_String_base@DV?$allocator@D@_STL@@@_STL@@QAEXI@Z	0x00007460	divergent
Code/Libraries/Source/WWVegas/WWLib/stlport_narrow_string_reserve_ctor.cpp	??0?$basic_string@DV?$char_traits@D@_STL@@V?$allocator@D@2@@_STL@@QAE@U_String_reserve_t@1@IABV?$allocator@D@1@@Z	?_M_allocate_block@?$_String_base@DV?$allocator@D@_STL@@@_STL@@QAEXI@Z	0x00007460	divergent
Code/Libraries/Source/WWVegas/WWLib/stlport_narrow_string_substr.cpp	?substr@?$basic_string@DV?$char_traits@D@_STL@@V?$allocator@D@2@@_STL@@QBE?AV12@II@Z	??$_M_range_initialize@PBD@?$basic_string@DV?$char_traits@D@_STL@@V?$allocator@D@2@@_STL@@AAEXPBD0ABUforward_iterator_tag@1@@Z	0x000078C0	divergent
Code/Libraries/Source/WWVegas/WWLib/stlport_narrow_string_substr.cpp	?substr@?$basic_string@DV?$char_traits@D@_STL@@V?$allocator@D@2@@_STL@@QBE?AV12@II@Z	?_M_throw_out_of_range@?$_String_base@DV?$allocator@D@_STL@@@_STL@@QBEXXZ	0x00023A40	divergent
Code/Libraries/Source/WWVegas/WWLib/stlport_narrow_string_substring_ctor.cpp	??0?$basic_string@DV?$char_traits@D@_STL@@V?$allocator@D@2@@_STL@@QAE@ABV01@IIABV?$allocator@D@1@@Z	??$_M_range_initialize@PBD@?$basic_string@DV?$char_traits@D@_STL@@V?$allocator@D@2@@_STL@@AAEXPBD0ABUforward_iterator_tag@1@@Z	0x000078C0	divergent
Code/Libraries/Source/WWVegas/WWLib/stlport_narrow_string_substring_ctor.cpp	??0?$basic_string@DV?$char_traits@D@_STL@@V?$allocator@D@2@@_STL@@QAE@ABV01@IIABV?$allocator@D@1@@Z	?_M_throw_out_of_range@?$_String_base@DV?$allocator@D@_STL@@@_STL@@QBEXXZ	0x00023A40	divergent
Code/Libraries/Source/WWVegas/WWLib/stlport_nested_vector_uninitialized_fill_n_002bb785.cpp	??$__uninitialized_fill_n@PAV?$vector@URva002BC339Value@@V?$allocator@URva002BC339Value@@@_STL@@@_STL@@IV12@@_STL@@YAPAV?$vector@URva002BC339Value@@V?$allocator@URva002BC339Value@@@_STL@@@0@PAV10@IABV10@ABU__false_type@0@@Z	??$_Construct@V?$vector@URva002BC339Value@@V?$allocator@URva002BC339Value@@@_STL@@@_STL@@V12@@_STL@@YAXPAV?$vector@URva002BC339Value@@V?$allocator@URva002BC339Value@@@_STL@@@0@ABV10@@Z	0x002BAE2A	wrong
Code/Libraries/Source/WWVegas/WWLib/stlport_nocase_asciistring_set_insert.cpp	?_M_insert@?$_Rb_tree@VAsciiString@@V1@U?$_Identity@VAsciiString@@@_STL@@UBfmeStringNoCaseLess@@V?$allocator@VAsciiString@@@3@@_STL@@AAE?AU?$_Rb_tree_iterator@VAsciiString@@U?$_Nonconst_traits@VAsciiString@@@_STL@@@2@PAU_Rb_tree_node_base@2@0ABVAsciiString@@0@Z	??RBfmeStringNoCaseLess@@QBE_NABVAsciiString@@0@Z	0x0002C63C	divergent
Code/Libraries/Source/WWVegas/WWLib/stlport_nocase_asciistring_set_insert.cpp	?insert_unique@?$_Rb_tree@VAsciiString@@V1@U?$_Identity@VAsciiString@@@_STL@@UBfmeStringNoCaseLess@@V?$allocator@VAsciiString@@@3@@_STL@@QAE?AU?$pair@U?$_Rb_tree_iterator@VAsciiString@@U?$_Nonconst_traits@VAsciiString@@@_STL@@@_STL@@_N@2@ABVAsciiString@@@Z	??RBfmeStringNoCaseLess@@QBE_NABVAsciiString@@0@Z	0x0002C63C	divergent
Code/Libraries/Source/WWVegas/WWLib/stlport_partial_sort_rva00337c55.cpp	??$__partial_sort@PAVRva003371B1@@V1@URva00337C55Less@@@_STL@@YAXPAVRva003371B1@@000URva00337C55Less@@@Z	??$sort_heap@PAVRva003371B1@@URva00337C55Less@@@_STL@@YAXPAVRva003371B1@@0URva00337C55Less@@@Z	0x0033788F	wrong
Code/Libraries/Source/WWVegas/WWLib/stlport_partial_sort_rva005E4300.cpp	??$__partial_sort@PAHHURva005E4300Cmp@@@_STL@@YAXPAH000URva005E4300Cmp@@@Z	??RRva005E4300Cmp@@QBE_NHH@Z	0x005E4300	unowned
Code/Libraries/Source/WWVegas/WWLib/stlport_pod36_fill_insert_000b0478.cpp	?_M_fill_insert@?$vector@UBfmePod36@@V?$allocator@UBfmePod36@@@_STL@@@_STL@@QAEXPAUBfmePod36@@IABU3@@Z	??$__copy_backward_ptrs@PAUBfmePod36@@PAU1@@_STL@@YAPAUBfmePod36@@PAU1@00ABU__false_type@0@@Z	0x000ADECE	divergent
Code/Libraries/Source/WWVegas/WWLib/stlport_pod60_vector_resize_value.cpp	?resize@?$vector@UBfmePod60@@V?$allocator@UBfmePod60@@@_STL@@@_STL@@QAEXIUBfmePod60@@@Z	?_M_fill_insert@?$vector@UBfmePod60@@V?$allocator@UBfmePod60@@@_STL@@@_STL@@QAEXPAUBfmePod60@@IABU3@@Z	0x00587DCD	unowned
Code/Libraries/Source/WWVegas/WWLib/stlport_pod8_resize_byvalue.cpp	??$__uninitialized_copy@PAUBfmePod8@@PAU1@@_STL@@YAPAUBfmePod8@@PAU1@00ABU__false_type@0@@Z	??$_Construct@UBfmePod8@@U1@@_STL@@YAXPAUBfmePod8@@ABU1@@Z	0x004C3A9F	wrong
Code/Libraries/Source/WWVegas/WWLib/stlport_pod_deque_bodies.cpp	?push_back@?$deque@UBfmePod16@@V?$allocator@UBfmePod16@@@_STL@@@_STL@@QAEXABUBfmePod16@@@Z	??$_Construct@UBfmePod16@@U1@@_STL@@YAXPAUBfmePod16@@ABU1@@Z	0x0041A727	wrong
Code/Libraries/Source/WWVegas/WWLib/stlport_pod_deque_bodies.cpp	?push_back@?$deque@UBfmePod16@@V?$allocator@UBfmePod16@@@_STL@@@_STL@@QAEXABUBfmePod16@@@Z	?_M_push_back_aux_v@?$deque@UBfmePod16@@V?$allocator@UBfmePod16@@@_STL@@@_STL@@IAEXABUBfmePod16@@@Z	0x0041A9E8	wrong
Code/Libraries/Source/WWVegas/WWLib/stlport_pod_hash_bodies.cpp	?_M_new_node@?$hashtable@U?$pair@$$CBHUBfmePod44@@@_STL@@HU?$hash@H@2@U?$_Select1st@U?$pair@$$CBHUBfmePod44@@@_STL@@@2@U?$equal_to@H@2@V?$allocator@U?$pair@$$CBHUBfmePod44@@@_STL@@@2@@_STL@@AAEPAU?$_Hashtable_node@U?$pair@$$CBHUBfmePod44@@@_STL@@@2@ABU?$pair@$$CBHUBfmePod44@@@2@@Z	??$_Construct@U?$pair@$$CBHUBfmePod44@@@_STL@@U12@@_STL@@YAXPAU?$pair@$$CBHUBfmePod44@@@0@ABU10@@Z	0x0041072F	wrong
Code/Libraries/Source/WWVegas/WWLib/stlport_pod_hash_bodies.cpp	?insert_unique@?$hashtable@U?$pair@$$CBHUBfmePod72@@@_STL@@HU?$hash@H@2@U?$_Select1st@U?$pair@$$CBHUBfmePod72@@@_STL@@@2@U?$equal_to@H@2@V?$allocator@U?$pair@$$CBHUBfmePod72@@@_STL@@@2@@_STL@@QAE?AU?$pair@U?$_Ht_iterator@U?$pair@$$CBHUBfmePod72@@@_STL@@U?$_Nonconst_traits@U?$pair@$$CBHUBfmePod72@@@_STL@@@2@HU?$hash@H@2@U?$_Select1st@U?$pair@$$CBHUBfmePod72@@@_STL@@@2@U?$equal_to@H@2@V?$allocator@U?$pair@$$CBHUBfmePod72@@@_STL@@@2@@_STL@@_N@2@ABU?$pair@$$CBHUBfmePod72@@@2@@Z	?resize@?$hashtable@U?$pair@$$CBHUBfmePod72@@@_STL@@HU?$hash@H@2@U?$_Select1st@U?$pair@$$CBHUBfmePod72@@@_STL@@@2@U?$equal_to@H@2@V?$allocator@U?$pair@$$CBHUBfmePod72@@@_STL@@@2@@_STL@@QAEXI@Z	0x0053F1EC	wrong
Code/Libraries/Source/WWVegas/WWLib/stlport_pod_large_bodies.cpp	??$__uninitialized_copy@PBUBfmePod900@@PAU1@@_STL@@YAPAUBfmePod900@@PBU1@0PAU1@ABU__false_type@0@@Z	??$_Construct@UBfmePod900@@U1@@_STL@@YAXPAUBfmePod900@@ABU1@@Z	0x004CB8DE	wrong
Code/Libraries/Source/WWVegas/WWLib/stlport_pod_large_bodies.cpp	??$__uninitialized_fill_n@PAUBfmePod900@@IU1@@_STL@@YAPAUBfmePod900@@PAU1@IABU1@ABU__false_type@0@@Z	??$_Construct@UBfmePod900@@U1@@_STL@@YAXPAUBfmePod900@@ABU1@@Z	0x004CB8DE	wrong
Code/Libraries/Source/WWVegas/WWLib/stlport_pod_large_bodies.cpp	??1?$deque@VBuddyRequest@@V?$allocator@VBuddyRequest@@@_STL@@@_STL@@QAE@XZ	??1?$_Deque_base@VBuddyRequest@@V?$allocator@VBuddyRequest@@@_STL@@@_STL@@QAE@XZ	0x0054FAAC	divergent
Code/Libraries/Source/WWVegas/WWLib/stlport_pod_large_bodies.cpp	?push_back@?$vector@UBfmePod900@@V?$allocator@UBfmePod900@@@_STL@@@_STL@@QAEXABUBfmePod900@@@Z	??$_Construct@UBfmePod900@@U1@@_STL@@YAXPAUBfmePod900@@ABU1@@Z	0x004CB8DE	wrong
Code/Libraries/Source/WWVegas/WWLib/stlport_pod_large_bodies.cpp	?push_back@?$vector@UBfmePod900@@V?$allocator@UBfmePod900@@@_STL@@@_STL@@QAEXABUBfmePod900@@@Z	?_M_insert_overflow@?$vector@UBfmePod900@@V?$allocator@UBfmePod900@@@_STL@@@_STL@@IAEXPAUBfmePod900@@ABU3@ABU__false_type@2@I_N@Z	0x004CBA0F	wrong
Code/Libraries/Source/WWVegas/WWLib/stlport_pod_list_bodies.cpp	??$_M_insert_dispatch@U?$_List_iterator@UBfmePod32@@U?$_Const_traits@UBfmePod32@@@_STL@@@_STL@@@?$list@UBfmePod32@@V?$allocator@UBfmePod32@@@_STL@@@_STL@@QAEXU?$_List_iterator@UBfmePod32@@U?$_Nonconst_traits@UBfmePod32@@@_STL@@@1@U?$_List_iterator@UBfmePod32@@U?$_Const_traits@UBfmePod32@@@_STL@@@1@1ABU__false_type@1@@Z	?insert@?$list@UBfmePod32@@V?$allocator@UBfmePod32@@@_STL@@@_STL@@QAE?AU?$_List_iterator@UBfmePod32@@U?$_Nonconst_traits@UBfmePod32@@@_STL@@@2@U32@ABUBfmePod32@@@Z	0x000BC180	wrong
Code/Libraries/Source/WWVegas/WWLib/stlport_pod_list_bodies.cpp	??4?$list@UBfmePod196@@V?$allocator@UBfmePod196@@@_STL@@@_STL@@QAEAAV01@ABV01@@Z	?erase@?$list@UBfmePod196@@V?$allocator@UBfmePod196@@@_STL@@@_STL@@QAE?AU?$_List_iterator@UBfmePod196@@U?$_Nonconst_traits@UBfmePod196@@@_STL@@@2@U32@0@Z	0x00548267	wrong
Code/Libraries/Source/WWVegas/WWLib/stlport_pod_list_bodies.cpp	?_M_create_node@?$list@UBfmePod124@@V?$allocator@UBfmePod124@@@_STL@@@_STL@@IAEPAU?$_List_node@UBfmePod124@@@2@ABUBfmePod124@@@Z	??$_Construct@UBfmePod124@@U1@@_STL@@YAXPAUBfmePod124@@ABU1@@Z	0x00291608	wrong
Code/Libraries/Source/WWVegas/WWLib/stlport_pod_list_bodies.cpp	?_M_create_node@?$list@UBfmePod60@@V?$allocator@UBfmePod60@@@_STL@@@_STL@@IAEPAU?$_List_node@UBfmePod60@@@2@ABUBfmePod60@@@Z	??$_Construct@UBfmePod60@@U1@@_STL@@YAXPAUBfmePod60@@ABU1@@Z	0x004E52FB	wrong
Code/Libraries/Source/WWVegas/WWLib/stlport_pod_list_bodies.cpp	?_M_create_node@?$list@UBfmePod72@@V?$allocator@UBfmePod72@@@_STL@@@_STL@@IAEPAU?$_List_node@UBfmePod72@@@2@ABUBfmePod72@@@Z	??$_Construct@UBfmePod72@@U1@@_STL@@YAXPAUBfmePod72@@ABU1@@Z	0x001B4B5C	wrong
Code/Libraries/Source/WWVegas/WWLib/stlport_pod_list_bodies.cpp	?push_back@?$list@UBfmePod32@@V?$allocator@UBfmePod32@@@_STL@@@_STL@@QAEXABUBfmePod32@@@Z	?insert@?$list@UBfmePod32@@V?$allocator@UBfmePod32@@@_STL@@@_STL@@QAE?AU?$_List_iterator@UBfmePod32@@U?$_Nonconst_traits@UBfmePod32@@@_STL@@@2@U32@ABUBfmePod32@@@Z	0x000BC180	wrong
Code/Libraries/Source/WWVegas/WWLib/stlport_pod_list_bodies.cpp	?remove@?$list@UBfmePod12@@V?$allocator@UBfmePod12@@@_STL@@@_STL@@QAEXABUBfmePod12@@@Z	?erase@?$list@UBfmePod12@@V?$allocator@UBfmePod12@@@_STL@@@_STL@@QAE?AU?$_List_iterator@UBfmePod12@@U?$_Nonconst_traits@UBfmePod12@@@_STL@@@2@U32@@Z	0x002ABB20	wrong
Code/Libraries/Source/WWVegas/WWLib/stlport_pod_map_bodies.cpp	??0?$_Rb_tree@HU?$pair@$$CBHUBfmePod8@@@_STL@@U?$_Select1st@U?$pair@$$CBHUBfmePod8@@@_STL@@@2@U?$less@H@2@V?$allocator@U?$pair@$$CBHUBfmePod8@@@_STL@@@2@@_STL@@QAE@ABU?$less@H@1@ABV?$allocator@U?$pair@$$CBHUBfmePod8@@@_STL@@@1@@Z	??0?$_Rb_tree_base@U?$pair@$$CBHUBfmePod8@@@_STL@@V?$allocator@U?$pair@$$CBHUBfmePod8@@@_STL@@@2@@_STL@@QAE@ABV?$allocator@U?$pair@$$CBHUBfmePod8@@@_STL@@@1@@Z	0x0023E863	divergent
Code/Libraries/Source/WWVegas/WWLib/stlport_pod_map_bodies.cpp	?_M_insert@?$_Rb_tree@HU?$pair@$$CBHUBfmePod8@@@_STL@@U?$_Select1st@U?$pair@$$CBHUBfmePod8@@@_STL@@@2@U?$less@H@2@V?$allocator@U?$pair@$$CBHUBfmePod8@@@_STL@@@2@@_STL@@AAE?AU?$_Rb_tree_iterator@U?$pair@$$CBHUBfmePod8@@@_STL@@U?$_Nonconst_traits@U?$pair@$$CBHUBfmePod8@@@_STL@@@2@@2@PAU_Rb_tree_node_base@2@0ABU?$pair@$$CBHUBfmePod8@@@2@0@Z	?_M_create_node@?$_Rb_tree@HU?$pair@$$CBHUBfmePod8@@@_STL@@U?$_Select1st@U?$pair@$$CBHUBfmePod8@@@_STL@@@2@U?$less@H@2@V?$allocator@U?$pair@$$CBHUBfmePod8@@@_STL@@@2@@_STL@@IAEPAU?$_Rb_tree_node@U?$pair@$$CBHUBfmePod8@@@_STL@@@2@ABU?$pair@$$CBHUBfmePod8@@@2@@Z	0x0039F5DC	divergent
Code/Libraries/Source/WWVegas/WWLib/stlport_pod_noexc_bodies.cpp	??$_Destroy@U?$_Deque_iterator@UBfmePod16@@U?$_Nonconst_traits@UBfmePod16@@@_STL@@@_STL@@@_STL@@YAXU?$_Deque_iterator@UBfmePod16@@U?$_Nonconst_traits@UBfmePod16@@@_STL@@@0@0@Z	??$__destroy@U?$_Deque_iterator@UBfmePod16@@U?$_Nonconst_traits@UBfmePod16@@@_STL@@@_STL@@UBfmePod16@@@_STL@@YAXU?$_Deque_iterator@UBfmePod16@@U?$_Nonconst_traits@UBfmePod16@@@_STL@@@0@0PAUBfmePod16@@@Z	0x0054FE7A	wrong
Code/Libraries/Source/WWVegas/WWLib/stlport_pod_noexc_bodies.cpp	??0?$vector@UBfmePod28@@V?$allocator@UBfmePod28@@@_STL@@@_STL@@QAE@ABV01@@Z	??$__uninitialized_copy@PBUBfmePod28@@PAU1@@_STL@@YAPAUBfmePod28@@PBU1@0PAU1@ABU__false_type@0@@Z	0x005411C8	wrong
Code/Libraries/Source/WWVegas/WWLib/stlport_pod_noexc_bodies.cpp	??0?$vector@UBfmePod28@@V?$allocator@UBfmePod28@@@_STL@@@_STL@@QAE@ABV01@@Z	??0?$_Vector_base@UBfmePod28@@V?$allocator@UBfmePod28@@@_STL@@@_STL@@QAE@IABV?$allocator@UBfmePod28@@@1@@Z	0x00540F8F	wrong
Code/Libraries/Source/WWVegas/WWLib/stlport_pod_noexc_bodies.cpp	??0?$vector@UBfmePod32@@V?$allocator@UBfmePod32@@@_STL@@@_STL@@QAE@ABV01@@Z	??$__uninitialized_copy@PBUBfmePod32@@PAU1@@_STL@@YAPAUBfmePod32@@PBU1@0PAU1@ABU__false_type@0@@Z	0x0052C27E	wrong
Code/Libraries/Source/WWVegas/WWLib/stlport_pod_noexc_bodies.cpp	?_M_insert_overflow@?$vector@UBfmePod32@@V?$allocator@UBfmePod32@@@_STL@@@_STL@@IAEXPAUBfmePod32@@ABU3@ABU__false_type@2@I_N@Z	??$_Construct@UBfmePod32@@U1@@_STL@@YAXPAUBfmePod32@@ABU1@@Z	0x00421D16	wrong
Code/Libraries/Source/WWVegas/WWLib/stlport_pod_noexc_bodies.cpp	?_M_insert_overflow@?$vector@UBfmePod76@@V?$allocator@UBfmePod76@@@_STL@@@_STL@@IAEXPAUBfmePod76@@ABU3@ABU__false_type@2@I_N@Z	??$_Construct@UBfmePod76@@U1@@_STL@@YAXPAUBfmePod76@@ABU1@@Z	0x000CF418	wrong
Code/Libraries/Source/WWVegas/WWLib/stlport_pod_noexc_bodies.cpp	?reserve@?$vector@UBfmePod28@@V?$allocator@UBfmePod28@@@_STL@@@_STL@@QAEXI@Z	??$_M_allocate_and_copy@PAUBfmePod28@@@?$vector@UBfmePod28@@V?$allocator@UBfmePod28@@@_STL@@@_STL@@IAEPAUBfmePod28@@IPAU2@0@Z	0x0054124E	divergent
Code/Libraries/Source/WWVegas/WWLib/stlport_pod_vector_bodies.cpp	??$__uninitialized_copy@PBUBfmePod128@@PAU1@@_STL@@YAPAUBfmePod128@@PBU1@0PAU1@ABU__false_type@0@@Z	??$_Construct@UBfmePod128@@U1@@_STL@@YAXPAUBfmePod128@@ABU1@@Z	0x0032A2AF	wrong
Code/Libraries/Source/WWVegas/WWLib/stlport_pod_vector_bodies.cpp	??$__uninitialized_copy@PBUBfmePod144@@PAU1@@_STL@@YAPAUBfmePod144@@PBU1@0PAU1@ABU__false_type@0@@Z	??$_Construct@UBfmePod144@@U1@@_STL@@YAXPAUBfmePod144@@ABU1@@Z	0x00053DFE	wrong
Code/Libraries/Source/WWVegas/WWLib/stlport_pod_vector_bodies.cpp	??$__uninitialized_copy@PBUBfmePod148@@PAU1@@_STL@@YAPAUBfmePod148@@PBU1@0PAU1@ABU__false_type@0@@Z	??$_Construct@UBfmePod148@@U1@@_STL@@YAXPAUBfmePod148@@ABU1@@Z	0x00361470	wrong
Code/Libraries/Source/WWVegas/WWLib/stlport_pod_vector_bodies.cpp	??$__uninitialized_copy@PBUBfmePod160@@PAU1@@_STL@@YAPAUBfmePod160@@PBU1@0PAU1@ABU__false_type@0@@Z	??$_Construct@UBfmePod160@@U1@@_STL@@YAXPAUBfmePod160@@ABU1@@Z	0x003A454E	wrong
Code/Libraries/Source/WWVegas/WWLib/stlport_pod_vector_bodies.cpp	??$__uninitialized_copy@PBUBfmePod180@@PAU1@@_STL@@YAPAUBfmePod180@@PBU1@0PAU1@ABU__false_type@0@@Z	??$_Construct@UBfmePod180@@U1@@_STL@@YAXPAUBfmePod180@@ABU1@@Z	0x000C2387	wrong
Code/Libraries/Source/WWVegas/WWLib/stlport_pod_vector_bodies.cpp	??$__uninitialized_copy@PBUBfmePod32@@PAU1@@_STL@@YAPAUBfmePod32@@PBU1@0PAU1@ABU__false_type@0@@Z	??$_Construct@UBfmePod32@@U1@@_STL@@YAXPAUBfmePod32@@ABU1@@Z	0x00421D16	wrong
Code/Libraries/Source/WWVegas/WWLib/stlport_pod_vector_bodies.cpp	??$__uninitialized_copy@PBUBfmePod40@@PAU1@@_STL@@YAPAUBfmePod40@@PBU1@0PAU1@ABU__false_type@0@@Z	??$_Construct@UBfmePod40@@U1@@_STL@@YAXPAUBfmePod40@@ABU1@@Z	0x0052C320	wrong
Code/Libraries/Source/WWVegas/WWLib/stlport_pod_vector_bodies.cpp	??$__uninitialized_copy@PBUBfmePod48@@PAU1@@_STL@@YAPAUBfmePod48@@PBU1@0PAU1@ABU__false_type@0@@Z	??$_Construct@UBfmePod48@@U1@@_STL@@YAXPAUBfmePod48@@ABU1@@Z	0x003F5822	wrong
Code/Libraries/Source/WWVegas/WWLib/stlport_pod_vector_bodies.cpp	??$__uninitialized_copy@PBUBfmePod76@@PAU1@@_STL@@YAPAUBfmePod76@@PBU1@0PAU1@ABU__false_type@0@@Z	??$_Construct@UBfmePod76@@U1@@_STL@@YAXPAUBfmePod76@@ABU1@@Z	0x000CF418	wrong
Code/Libraries/Source/WWVegas/WWLib/stlport_pod_vector_bodies.cpp	??$__uninitialized_copy@PBUBfmePod92@@PAU1@@_STL@@YAPAUBfmePod92@@PBU1@0PAU1@ABU__false_type@0@@Z	??$_Construct@UBfmePod92@@U1@@_STL@@YAXPAUBfmePod92@@ABU1@@Z	0x00049D44	wrong
Code/Libraries/Source/WWVegas/WWLib/stlport_pod_vector_bodies.cpp	??$__uninitialized_fill_n@PAUBfmePod128@@IU1@@_STL@@YAPAUBfmePod128@@PAU1@IABU1@ABU__false_type@0@@Z	??$_Construct@UBfmePod128@@U1@@_STL@@YAXPAUBfmePod128@@ABU1@@Z	0x0032A2AF	wrong
Code/Libraries/Source/WWVegas/WWLib/stlport_pod_vector_bodies.cpp	??$__uninitialized_fill_n@PAUBfmePod144@@IU1@@_STL@@YAPAUBfmePod144@@PAU1@IABU1@ABU__false_type@0@@Z	??$_Construct@UBfmePod144@@U1@@_STL@@YAXPAUBfmePod144@@ABU1@@Z	0x00053DFE	wrong
Code/Libraries/Source/WWVegas/WWLib/stlport_pod_vector_bodies.cpp	??$__uninitialized_fill_n@PAUBfmePod148@@IU1@@_STL@@YAPAUBfmePod148@@PAU1@IABU1@ABU__false_type@0@@Z	??$_Construct@UBfmePod148@@U1@@_STL@@YAXPAUBfmePod148@@ABU1@@Z	0x00361470	wrong
Code/Libraries/Source/WWVegas/WWLib/stlport_pod_vector_bodies.cpp	??$__uninitialized_fill_n@PAUBfmePod160@@IU1@@_STL@@YAPAUBfmePod160@@PAU1@IABU1@ABU__false_type@0@@Z	??$_Construct@UBfmePod160@@U1@@_STL@@YAXPAUBfmePod160@@ABU1@@Z	0x003A454E	wrong
Code/Libraries/Source/WWVegas/WWLib/stlport_pod_vector_bodies.cpp	??$__uninitialized_fill_n@PAUBfmePod180@@IU1@@_STL@@YAPAUBfmePod180@@PAU1@IABU1@ABU__false_type@0@@Z	??$_Construct@UBfmePod180@@U1@@_STL@@YAXPAUBfmePod180@@ABU1@@Z	0x000C2387	wrong
Code/Libraries/Source/WWVegas/WWLib/stlport_pod_vector_bodies.cpp	??$__uninitialized_fill_n@PAUBfmePod32@@IU1@@_STL@@YAPAUBfmePod32@@PAU1@IABU1@ABU__false_type@0@@Z	??$_Construct@UBfmePod32@@U1@@_STL@@YAXPAUBfmePod32@@ABU1@@Z	0x00421D16	wrong
Code/Libraries/Source/WWVegas/WWLib/stlport_pod_vector_bodies.cpp	??$__uninitialized_fill_n@PAUBfmePod40@@IU1@@_STL@@YAPAUBfmePod40@@PAU1@IABU1@ABU__false_type@0@@Z	??$_Construct@UBfmePod40@@U1@@_STL@@YAXPAUBfmePod40@@ABU1@@Z	0x0052C320	wrong
Code/Libraries/Source/WWVegas/WWLib/stlport_pod_vector_bodies.cpp	??$__uninitialized_fill_n@PAUBfmePod76@@IU1@@_STL@@YAPAUBfmePod76@@PAU1@IABU1@ABU__false_type@0@@Z	??$_Construct@UBfmePod76@@U1@@_STL@@YAXPAUBfmePod76@@ABU1@@Z	0x000CF418	wrong
Code/Libraries/Source/WWVegas/WWLib/stlport_pod_vector_bodies.cpp	??$__uninitialized_fill_n@PAUBfmePod92@@IU1@@_STL@@YAPAUBfmePod92@@PAU1@IABU1@ABU__false_type@0@@Z	??$_Construct@UBfmePod92@@U1@@_STL@@YAXPAUBfmePod92@@ABU1@@Z	0x00049D44	wrong
Code/Libraries/Source/WWVegas/WWLib/stlport_pod_vector_bodies.cpp	??0?$vector@DV?$allocator@D@_STL@@@_STL@@QAE@I@Z	??$fill_n@I@_STL@@YAPADPADIABD@Z	0x00024970	divergent
Code/Libraries/Source/WWVegas/WWLib/stlport_pod_vector_bodies.cpp	??0?$vector@UBfmePod44@@V?$allocator@UBfmePod44@@@_STL@@@_STL@@QAE@ABV01@@Z	??$__uninitialized_copy@PBUBfmePod44@@PAU1@@_STL@@YAPAUBfmePod44@@PBU1@0PAU1@ABU__false_type@0@@Z	0x00414359	wrong
Code/Libraries/Source/WWVegas/WWLib/stlport_pod_vector_bodies.cpp	??0?$vector@UBfmePod52@@V?$allocator@UBfmePod52@@@_STL@@@_STL@@QAE@ABV01@@Z	??$__uninitialized_copy@PBUBfmePod52@@PAU1@@_STL@@YAPAUBfmePod52@@PBU1@0PAU1@ABU__false_type@0@@Z	0x002BADB2	wrong
Code/Libraries/Source/WWVegas/WWLib/stlport_pod_vector_bodies.cpp	?_M_fill_insert@?$vector@DV?$allocator@D@_STL@@@_STL@@QAEXPADIABD@Z	??$fill_n@I@_STL@@YAPADPADIABD@Z	0x00024970	divergent
Code/Libraries/Source/WWVegas/WWLib/stlport_pod_vector_bodies.cpp	?_M_insert_overflow@?$vector@DV?$allocator@D@_STL@@@_STL@@IAEXPADABDABU__true_type@2@I_N@Z	??$fill_n@I@_STL@@YAPADPADIABD@Z	0x00024970	divergent
Code/Libraries/Source/WWVegas/WWLib/stlport_pod_vector_bodies.cpp	?push_back@?$vector@UBfmePod128@@V?$allocator@UBfmePod128@@@_STL@@@_STL@@QAEXABUBfmePod128@@@Z	??$_Construct@UBfmePod128@@U1@@_STL@@YAXPAUBfmePod128@@ABU1@@Z	0x0032A2AF	wrong
Code/Libraries/Source/WWVegas/WWLib/stlport_pod_vector_bodies.cpp	?push_back@?$vector@UBfmePod144@@V?$allocator@UBfmePod144@@@_STL@@@_STL@@QAEXABUBfmePod144@@@Z	??$_Construct@UBfmePod144@@U1@@_STL@@YAXPAUBfmePod144@@ABU1@@Z	0x00053DFE	wrong
Code/Libraries/Source/WWVegas/WWLib/stlport_pod_vector_bodies.cpp	?push_back@?$vector@UBfmePod144@@V?$allocator@UBfmePod144@@@_STL@@@_STL@@QAEXABUBfmePod144@@@Z	?_M_insert_overflow@?$vector@UBfmePod144@@V?$allocator@UBfmePod144@@@_STL@@@_STL@@IAEXPAUBfmePod144@@ABU3@ABU__false_type@2@I_N@Z	0x00057B9D	wrong
Code/Libraries/Source/WWVegas/WWLib/stlport_pod_vector_bodies.cpp	?push_back@?$vector@UBfmePod148@@V?$allocator@UBfmePod148@@@_STL@@@_STL@@QAEXABUBfmePod148@@@Z	??$_Construct@UBfmePod148@@U1@@_STL@@YAXPAUBfmePod148@@ABU1@@Z	0x00361470	wrong
Code/Libraries/Source/WWVegas/WWLib/stlport_pod_vector_bodies.cpp	?push_back@?$vector@UBfmePod148@@V?$allocator@UBfmePod148@@@_STL@@@_STL@@QAEXABUBfmePod148@@@Z	?_M_insert_overflow@?$vector@UBfmePod148@@V?$allocator@UBfmePod148@@@_STL@@@_STL@@IAEXPAUBfmePod148@@ABU3@ABU__false_type@2@I_N@Z	0x00361680	wrong
Code/Libraries/Source/WWVegas/WWLib/stlport_pod_vector_bodies.cpp	?push_back@?$vector@UBfmePod160@@V?$allocator@UBfmePod160@@@_STL@@@_STL@@QAEXABUBfmePod160@@@Z	??$_Construct@UBfmePod160@@U1@@_STL@@YAXPAUBfmePod160@@ABU1@@Z	0x003A454E	wrong
Code/Libraries/Source/WWVegas/WWLib/stlport_pod_vector_bodies.cpp	?push_back@?$vector@UBfmePod160@@V?$allocator@UBfmePod160@@@_STL@@@_STL@@QAEXABUBfmePod160@@@Z	?_M_insert_overflow@?$vector@UBfmePod160@@V?$allocator@UBfmePod160@@@_STL@@@_STL@@IAEXPAUBfmePod160@@ABU3@ABU__false_type@2@I_N@Z	0x003A46FA	wrong
Code/Libraries/Source/WWVegas/WWLib/stlport_pod_vector_bodies.cpp	?push_back@?$vector@UBfmePod180@@V?$allocator@UBfmePod180@@@_STL@@@_STL@@QAEXABUBfmePod180@@@Z	??$_Construct@UBfmePod180@@U1@@_STL@@YAXPAUBfmePod180@@ABU1@@Z	0x000C2387	wrong
Code/Libraries/Source/WWVegas/WWLib/stlport_pod_vector_bodies.cpp	?push_back@?$vector@UBfmePod180@@V?$allocator@UBfmePod180@@@_STL@@@_STL@@QAEXABUBfmePod180@@@Z	?_M_insert_overflow@?$vector@UBfmePod180@@V?$allocator@UBfmePod180@@@_STL@@@_STL@@IAEXPAUBfmePod180@@ABU3@ABU__false_type@2@I_N@Z	0x000C828C	wrong
Code/Libraries/Source/WWVegas/WWLib/stlport_pod_vector_bodies.cpp	?push_back@?$vector@UBfmePod32@@V?$allocator@UBfmePod32@@@_STL@@@_STL@@QAEXABUBfmePod32@@@Z	??$_Construct@UBfmePod32@@U1@@_STL@@YAXPAUBfmePod32@@ABU1@@Z	0x00421D16	wrong
Code/Libraries/Source/WWVegas/WWLib/stlport_pod_vector_bodies.cpp	?push_back@?$vector@UBfmePod340@@V?$allocator@UBfmePod340@@@_STL@@@_STL@@QAEXABUBfmePod340@@@Z	?_M_insert_overflow@?$vector@UBfmePod340@@V?$allocator@UBfmePod340@@@_STL@@@_STL@@IAEXPAUBfmePod340@@ABU3@ABU__false_type@2@I_N@Z	0x004DA181	divergent
Code/Libraries/Source/WWVegas/WWLib/stlport_pod_vector_bodies.cpp	?push_back@?$vector@UBfmePod40@@V?$allocator@UBfmePod40@@@_STL@@@_STL@@QAEXABUBfmePod40@@@Z	??$_Construct@UBfmePod40@@U1@@_STL@@YAXPAUBfmePod40@@ABU1@@Z	0x0052C320	wrong
Code/Libraries/Source/WWVegas/WWLib/stlport_pod_vector_bodies.cpp	?push_back@?$vector@UBfmePod48@@V?$allocator@UBfmePod48@@@_STL@@@_STL@@QAEXABUBfmePod48@@@Z	??$_Construct@UBfmePod48@@U1@@_STL@@YAXPAUBfmePod48@@ABU1@@Z	0x003F5822	wrong
Code/Libraries/Source/WWVegas/WWLib/stlport_pod_vector_bodies.cpp	?push_back@?$vector@UBfmePod48@@V?$allocator@UBfmePod48@@@_STL@@@_STL@@QAEXABUBfmePod48@@@Z	?_M_insert_overflow@?$vector@UBfmePod48@@V?$allocator@UBfmePod48@@@_STL@@@_STL@@IAEXPAUBfmePod48@@ABU3@ABU__false_type@2@I_N@Z	0x003F610F	wrong
Code/Libraries/Source/WWVegas/WWLib/stlport_pod_vector_bodies.cpp	?push_back@?$vector@UBfmePod76@@V?$allocator@UBfmePod76@@@_STL@@@_STL@@QAEXABUBfmePod76@@@Z	??$_Construct@UBfmePod76@@U1@@_STL@@YAXPAUBfmePod76@@ABU1@@Z	0x000CF418	wrong
Code/Libraries/Source/WWVegas/WWLib/stlport_pod_vector_bodies.cpp	?push_back@?$vector@UBfmePod92@@V?$allocator@UBfmePod92@@@_STL@@@_STL@@QAEXABUBfmePod92@@@Z	??$_Construct@UBfmePod92@@U1@@_STL@@YAXPAUBfmePod92@@ABU1@@Z	0x00049D44	wrong
Code/Libraries/Source/WWVegas/WWLib/stlport_pod_vector_bodies.cpp	?push_back@?$vector@UBfmePod92@@V?$allocator@UBfmePod92@@@_STL@@@_STL@@QAEXABUBfmePod92@@@Z	?_M_insert_overflow@?$vector@UBfmePod92@@V?$allocator@UBfmePod92@@@_STL@@@_STL@@IAEXPAUBfmePod92@@ABU3@ABU__false_type@2@I_N@Z	0x0004B22E	wrong
Code/Libraries/Source/WWVegas/WWLib/stlport_pod_vector_bodies.cpp	?reserve@?$vector@UBfmePod32@@V?$allocator@UBfmePod32@@@_STL@@@_STL@@QAEXI@Z	??$_M_allocate_and_copy@PAUBfmePod32@@@?$vector@UBfmePod32@@V?$allocator@UBfmePod32@@@_STL@@@_STL@@IAEPAUBfmePod32@@IPAU2@0@Z	0x00421DC8	divergent
Code/Libraries/Source/WWVegas/WWLib/stlport_pod_vector_bodies.cpp	?reserve@?$vector@UBfmePod44@@V?$allocator@UBfmePod44@@@_STL@@@_STL@@QAEXI@Z	??$_M_allocate_and_copy@PAUBfmePod44@@@?$vector@UBfmePod44@@V?$allocator@UBfmePod44@@@_STL@@@_STL@@IAEPAUBfmePod44@@IPAU2@0@Z	0x0007FB58	divergent
Code/Libraries/Source/WWVegas/WWLib/stlport_pod_vector_malloc_bodies.cpp	??$__copy_ptrs@PAUBfmePod40@@PAU1@@_STL@@YAPAUBfmePod40@@PAU1@00ABU__false_type@0@@Z	??$__copy@PAUBfmePod40@@PAU1@H@_STL@@YAPAUBfmePod40@@PAU1@00ABUrandom_access_iterator_tag@0@PAH@Z	0x00540082	wrong
Code/Libraries/Source/WWVegas/WWLib/stlport_pod_vector_malloc_bodies.cpp	??4?$vector@UBfmePod16@@V?$allocator@UBfmePod16@@@_STL@@@_STL@@QAEAAV01@ABV01@@Z	??$_M_allocate_and_copy@PBUBfmePod16@@@?$vector@UBfmePod16@@V?$allocator@UBfmePod16@@@_STL@@@_STL@@IAEPAUBfmePod16@@IPBU2@0@Z	0x0007C25C	wrong
Code/Libraries/Source/WWVegas/WWLib/stlport_pod_vector_malloc_bodies.cpp	??4?$vector@UBfmePod16@@V?$allocator@UBfmePod16@@@_STL@@@_STL@@QAEAAV01@ABV01@@Z	??$__copy_ptrs@PBUBfmePod16@@PAU1@@_STL@@YAPAUBfmePod16@@PBU1@0PAU1@ABU__false_type@0@@Z	0x00469C85	wrong
Code/Libraries/Source/WWVegas/WWLib/stlport_pod_vector_malloc_bodies.cpp	??4?$vector@UBfmePod16@@V?$allocator@UBfmePod16@@@_STL@@@_STL@@QAEAAV01@ABV01@@Z	??$__uninitialized_copy@PBUBfmePod16@@PAU1@@_STL@@YAPAUBfmePod16@@PBU1@0PAU1@ABU__false_type@0@@Z	0x005385F3	wrong
Code/Libraries/Source/WWVegas/WWLib/stlport_pod_vector_malloc_bodies.cpp	??4?$vector@UBfmePod8@@V?$allocator@UBfmePod8@@@_STL@@@_STL@@QAEAAV01@ABV01@@Z	??$_M_allocate_and_copy@PBUBfmePod8@@@?$vector@UBfmePod8@@V?$allocator@UBfmePod8@@@_STL@@@_STL@@IAEPAUBfmePod8@@IPBU2@0@Z	0x001D9AD9	divergent
Code/Libraries/Source/WWVegas/WWLib/stlport_pod_vector_malloc_bodies.cpp	??4?$vector@UBfmePod8@@V?$allocator@UBfmePod8@@@_STL@@@_STL@@QAEAAV01@ABV01@@Z	??$__uninitialized_copy@PBUBfmePod8@@PAU1@@_STL@@YAPAUBfmePod8@@PBU1@0PAU1@ABU__false_type@0@@Z	0x004C3121	wrong
Code/Libraries/Source/WWVegas/WWLib/stlport_pod_vector_malloc_bodies.cpp	?_M_fill_insert@?$vector@UBfmePod8@@V?$allocator@UBfmePod8@@@_STL@@@_STL@@QAEXPAUBfmePod8@@IABU3@@Z	??$__copy_backward_ptrs@PAUBfmePod8@@PAU1@@_STL@@YAPAUBfmePod8@@PAU1@00ABU__false_type@0@@Z	0x0030B378	wrong
Code/Libraries/Source/WWVegas/WWLib/stlport_pod_vector_malloc_bodies.cpp	?_M_fill_insert@?$vector@UBfmePod8@@V?$allocator@UBfmePod8@@@_STL@@@_STL@@QAEXPAUBfmePod8@@IABU3@@Z	??$__uninitialized_copy@PAUBfmePod8@@PAU1@@_STL@@YAPAUBfmePod8@@PAU1@00ABU__false_type@0@@Z	0x004C3121	wrong
Code/Libraries/Source/WWVegas/WWLib/stlport_pod_vector_malloc_bodies.cpp	?_M_fill_insert@?$vector@UBfmePod8@@V?$allocator@UBfmePod8@@@_STL@@@_STL@@QAEXPAUBfmePod8@@IABU3@@Z	??$uninitialized_fill_n@PAUBfmePod8@@IU1@@_STL@@YAPAUBfmePod8@@PAU1@IABU1@@Z	0x005FF4DD	wrong
Code/Libraries/Source/WWVegas/WWLib/stlport_pod_vector_malloc_bodies.cpp	?_M_fill_insert@?$vector@UBfmePod8@@V?$allocator@UBfmePod8@@@_STL@@@_STL@@QAEXPAUBfmePod8@@IABU3@@Z	?_M_insert_overflow@?$vector@UBfmePod8@@V?$allocator@UBfmePod8@@@_STL@@@_STL@@IAEXPAUBfmePod8@@ABU3@ABU__false_type@2@I_N@Z	0x00057C80	wrong
Code/Libraries/Source/WWVegas/WWLib/stlport_pod_vector_malloc_bodies.cpp	?erase@?$vector@UBfmePod12@@V?$allocator@UBfmePod12@@@_STL@@@_STL@@QAEPAUBfmePod12@@PAU3@@Z	??$__copy_ptrs@PAUBfmePod12@@PAU1@@_STL@@YAPAUBfmePod12@@PAU1@00ABU__false_type@0@@Z	0x000B6569	wrong
Code/Libraries/Source/WWVegas/WWLib/stlport_pod_vector_malloc_bodies.cpp	?erase@?$vector@UBfmePod16@@V?$allocator@UBfmePod16@@@_STL@@@_STL@@QAEPAUBfmePod16@@PAU3@0@Z	??$__copy_ptrs@PAUBfmePod16@@PAU1@@_STL@@YAPAUBfmePod16@@PAU1@00ABU__false_type@0@@Z	0x00469C85	wrong
Code/Libraries/Source/WWVegas/WWLib/stlport_pod_vector_malloc_bodies.cpp	?erase@?$vector@UBfmePod16@@V?$allocator@UBfmePod16@@@_STL@@@_STL@@QAEPAUBfmePod16@@PAU3@@Z	??$__copy_ptrs@PAUBfmePod16@@PAU1@@_STL@@YAPAUBfmePod16@@PAU1@00ABU__false_type@0@@Z	0x00469C85	wrong
Code/Libraries/Source/WWVegas/WWLib/stlport_pod_vector_malloc_bodies.cpp	?erase@?$vector@UBfmePod8@@V?$allocator@UBfmePod8@@@_STL@@@_STL@@QAEPAUBfmePod8@@PAU3@0@Z	??$__copy_ptrs@PAUBfmePod8@@PAU1@@_STL@@YAPAUBfmePod8@@PAU1@00ABU__false_type@0@@Z	0x005B09BB	wrong
Code/Libraries/Source/WWVegas/WWLib/stlport_pod_vector_malloc_bodies.cpp	?erase@?$vector@UBfmePod8@@V?$allocator@UBfmePod8@@@_STL@@@_STL@@QAEPAUBfmePod8@@PAU3@@Z	??$__copy_ptrs@PAUBfmePod8@@PAU1@@_STL@@YAPAUBfmePod8@@PAU1@00ABU__false_type@0@@Z	0x005B09BB	wrong
Code/Libraries/Source/WWVegas/WWLib/stlport_pod_vector_o2_bodies.cpp	??$__copy_ptrs@PAUBfmePod36@@PAU1@@_STL@@YAPAUBfmePod36@@PAU1@00U__false_type@0@@Z	??$__copy@PAUBfmePod36@@PAU1@H@_STL@@YAPAUBfmePod36@@PAU1@00ABUrandom_access_iterator_tag@0@PAH@Z	0x00161350	unowned
Code/Libraries/Source/WWVegas/WWLib/stlport_pod_vector_o2_bodies.cpp	?erase@?$vector@UBfmePod36@@V?$allocator@UBfmePod36@@@_STL@@@_STL@@QAEPAUBfmePod36@@PAU3@0@Z	??$__copy@PAUBfmePod36@@PAU1@H@_STL@@YAPAUBfmePod36@@PAU1@00ABUrandom_access_iterator_tag@0@PAH@Z	0x00161350	unowned
Code/Libraries/Source/WWVegas/WWLib/stlport_pod_vector_o2_bodies.cpp	?erase@?$vector@UBfmePod36@@V?$allocator@UBfmePod36@@@_STL@@@_STL@@QAEPAUBfmePod36@@PAU3@@Z	??$__copy@PAUBfmePod36@@PAU1@H@_STL@@YAPAUBfmePod36@@PAU1@00ABUrandom_access_iterator_tag@0@PAH@Z	0x00161350	unowned
Code/Libraries/Source/WWVegas/WWLib/stlport_push_heap_rva005E4300.cpp	??$__push_heap@PAHHHURva005E4300Cmp@@@_STL@@YAXPAHHHHURva005E4300Cmp@@@Z	??RRva005E4300Cmp@@QBE_NHH@Z	0x005E4300	unowned
Code/Libraries/Source/WWVegas/WWLib/stlport_push_heap_s4sortelem8_score.cpp	??$__push_heap@PAUS4SortElem8@@HU1@US4Cmp00575AA0@@@_STL@@YAXPAUS4SortElem8@@HHU1@US4Cmp00575AA0@@@Z	?BfmeLess00574AA0@S4SortElem8@@QBE_NABU1@@Z	0x005EC52E	unowned
Code/Libraries/Source/WWVegas/WWLib/stlport_queue_buddyresponse_ctor.cpp	??0?$queue@VBuddyResponse@@V?$deque@VBuddyResponse@@V?$allocator@VBuddyResponse@@@_STL@@@_STL@@@_STL@@QAE@XZ	??0?$_Deque_base@VBuddyResponse@@V?$allocator@VBuddyResponse@@@_STL@@@_STL@@QAE@ABV?$allocator@VBuddyResponse@@@1@I@Z	0x00550C06	wrong
Code/Libraries/Source/WWVegas/WWLib/stlport_rb_tree_0033c646_insert.cpp	?_M_insert@?$_Rb_tree@URva0033C646Key@@U1@U?$_Identity@URva0033C646Key@@@_STL@@URva0033C646Less@@V?$allocator@URva0033C646Key@@@3@@_STL@@AAE?AU?$_Rb_tree_iterator@URva0033C646Key@@U?$_Nonconst_traits@URva0033C646Key@@@_STL@@@2@PAU_Rb_tree_node_base@2@0ABURva0033C646Key@@0@Z	??RRva0033C646Less@@QBE_NABURva0033C646Key@@0@Z	0x0033AD5C	wrong
Code/Libraries/Source/WWVegas/WWLib/stlport_rb_tree_0033c646_insert.cpp	?_M_insert@?$_Rb_tree@URva0033C646Key@@U1@U?$_Identity@URva0033C646Key@@@_STL@@URva0033C646Less@@V?$allocator@URva0033C646Key@@@3@@_STL@@AAE?AU?$_Rb_tree_iterator@URva0033C646Key@@U?$_Nonconst_traits@URva0033C646Key@@@_STL@@@2@PAU_Rb_tree_node_base@2@0ABURva0033C646Key@@0@Z	?_M_create_node@?$_Rb_tree@URva0033C646Key@@U1@U?$_Identity@URva0033C646Key@@@_STL@@URva0033C646Less@@V?$allocator@URva0033C646Key@@@3@@_STL@@IAEPAU?$_Rb_tree_node@URva0033C646Key@@@2@ABURva0033C646Key@@@Z	0x002CF86F	wrong
Code/Libraries/Source/WWVegas/WWLib/stlport_rb_tree_0033c646_insert.cpp	?insert_unique@?$_Rb_tree@URva0033C646Key@@U1@U?$_Identity@URva0033C646Key@@@_STL@@URva0033C646Less@@V?$allocator@URva0033C646Key@@@3@@_STL@@QAE?AU?$_Rb_tree_iterator@URva0033C646Key@@U?$_Nonconst_traits@URva0033C646Key@@@_STL@@@2@U32@ABURva0033C646Key@@@Z	??RRva0033C646Less@@QBE_NABURva0033C646Key@@0@Z	0x0033AD5C	wrong
Code/Libraries/Source/WWVegas/WWLib/stlport_rb_tree_10byte_key_568fe4_insert.cpp	?insert_unique@?$_Rb_tree@URva00568FE4Key@@U1@U?$_Identity@URva00568FE4Key@@@_STL@@URva00568FE4Less@@V?$allocator@URva00568FE4Key@@@3@@_STL@@QAE?AU?$pair@U?$_Rb_tree_iterator@URva00568FE4Key@@U?$_Nonconst_traits@URva00568FE4Key@@@_STL@@@_STL@@_N@2@ABURva00568FE4Key@@@Z	??RRva00568FE4Less@@QBE_NABURva00568FE4Key@@0@Z	0x0033AD5C	wrong
Code/Libraries/Source/WWVegas/WWLib/stlport_rb_tree_10byte_key_568fe4_insert.cpp	?insert_unique@?$_Rb_tree@URva00568FE4Key@@U1@U?$_Identity@URva00568FE4Key@@@_STL@@URva00568FE4Less@@V?$allocator@URva00568FE4Key@@@3@@_STL@@QAE?AU?$pair@U?$_Rb_tree_iterator@URva00568FE4Key@@U?$_Nonconst_traits@URva00568FE4Key@@@_STL@@@_STL@@_N@2@ABURva00568FE4Key@@@Z	?_M_insert@?$_Rb_tree@URva00568FE4Key@@U1@U?$_Identity@URva00568FE4Key@@@_STL@@URva00568FE4Less@@V?$allocator@URva00568FE4Key@@@3@@_STL@@AAE?AU?$_Rb_tree_iterator@URva00568FE4Key@@U?$_Nonconst_traits@URva00568FE4Key@@@_STL@@@2@PAU_Rb_tree_node_base@2@0ABURva00568FE4Key@@0@Z	0x0033C0E1	wrong
Code/Libraries/Source/WWVegas/WWLib/stlport_rb_tree_bfme001DD3BC_copyctor.cpp	??0?$_Rb_tree@UBfmeRecord001DD3BC@@U1@U?$_Identity@UBfmeRecord001DD3BC@@@_STL@@U?$less@UBfmeRecord001DD3BC@@@3@V?$allocator@UBfmeRecord001DD3BC@@@3@@_STL@@QAE@ABV01@@Z	??0?$_Rb_tree_base@UBfmeRecord001DD3BC@@V?$allocator@UBfmeRecord001DD3BC@@@_STL@@@_STL@@QAE@ABV?$allocator@UBfmeRecord001DD3BC@@@1@@Z	0x001F0534	wrong
Code/Libraries/Source/WWVegas/WWLib/stlport_rb_tree_copy_0052D25D.cpp	??0?$_Rb_tree@HU?$pair@$$CBHVAsciiString@@@_STL@@U?$_Select1st@U?$pair@$$CBHVAsciiString@@@_STL@@@2@U?$less@H@2@V?$allocator@U?$pair@$$CBHVAsciiString@@@_STL@@@2@@_STL@@QAE@ABV01@@Z	??0?$_Rb_tree_base@U?$pair@$$CBHVAsciiString@@@_STL@@V?$allocator@U?$pair@$$CBHVAsciiString@@@_STL@@@2@@_STL@@QAE@ABV?$allocator@U?$pair@$$CBHVAsciiString@@@_STL@@@1@@Z	0x00417B55	divergent
Code/Libraries/Source/WWVegas/WWLib/stlport_rb_tree_copy_ctors_bfmealloc.cpp	??0?$_Rb_tree@HU?$pair@$$CBHUBfmePod8@@@_STL@@U?$_Select1st@U?$pair@$$CBHUBfmePod8@@@_STL@@@2@U?$less@H@2@V?$allocator@U?$pair@$$CBHUBfmePod8@@@_STL@@@2@@_STL@@QAE@ABV01@@Z	??0?$_Rb_tree_base@U?$pair@$$CBHUBfmePod8@@@_STL@@V?$allocator@U?$pair@$$CBHUBfmePod8@@@_STL@@@2@@_STL@@QAE@ABV?$allocator@U?$pair@$$CBHUBfmePod8@@@_STL@@@1@@Z	0x0023E863	divergent
Code/Libraries/Source/WWVegas/WWLib/stlport_rb_tree_copy_nocase4_002D0399.cpp	??1?$_Rb_tree@VAsciiString@@U?$pair@$$CBVAsciiString@@UNoCaseTreeValue4@@@_STL@@U?$_Select1st@U?$pair@$$CBVAsciiString@@UNoCaseTreeValue4@@@_STL@@@3@UBfmeStringNoCaseLess@@V?$allocator@U?$pair@$$CBVAsciiString@@UNoCaseTreeValue4@@@_STL@@@3@@_STL@@QAE@XZ	?clear@?$_Rb_tree@VAsciiString@@U?$pair@$$CBVAsciiString@@UNoCaseTreeValue4@@@_STL@@U?$_Select1st@U?$pair@$$CBVAsciiString@@UNoCaseTreeValue4@@@_STL@@@3@UBfmeStringNoCaseLess@@V?$allocator@U?$pair@$$CBVAsciiString@@UNoCaseTreeValue4@@@_STL@@@3@@_STL@@QAEXXZ	0x002D02FD	wrong
Code/Libraries/Source/WWVegas/WWLib/stlport_rb_tree_copy_nocase4_002D0399.cpp	??4?$_Rb_tree@VAsciiString@@U?$pair@$$CBVAsciiString@@UNoCaseTreeValue4@@@_STL@@U?$_Select1st@U?$pair@$$CBVAsciiString@@UNoCaseTreeValue4@@@_STL@@@3@UBfmeStringNoCaseLess@@V?$allocator@U?$pair@$$CBVAsciiString@@UNoCaseTreeValue4@@@_STL@@@3@@_STL@@QAEAAV01@ABV01@@Z	?clear@?$_Rb_tree@VAsciiString@@U?$pair@$$CBVAsciiString@@UNoCaseTreeValue4@@@_STL@@U?$_Select1st@U?$pair@$$CBVAsciiString@@UNoCaseTreeValue4@@@_STL@@@3@UBfmeStringNoCaseLess@@V?$allocator@U?$pair@$$CBVAsciiString@@UNoCaseTreeValue4@@@_STL@@@3@@_STL@@QAEXXZ	0x002D02FD	wrong
Code/Libraries/Source/WWVegas/WWLib/stlport_rb_tree_float_00372ff4.cpp	?_M_insert@?$_Rb_tree@MU?$pair@$$CBMUTreeOpaqueMapped00372FF4@@@_STL@@U?$_Select1st@U?$pair@$$CBMUTreeOpaqueMapped00372FF4@@@_STL@@@2@U?$less@M@2@V?$allocator@U?$pair@$$CBMUTreeOpaqueMapped00372FF4@@@_STL@@@2@@_STL@@AAE?AU?$_Rb_tree_iterator@U?$pair@$$CBMUTreeOpaqueMapped00372FF4@@@_STL@@U?$_Nonconst_traits@U?$pair@$$CBMUTreeOpaqueMapped00372FF4@@@_STL@@@2@@2@PAU_Rb_tree_node_base@2@0ABU?$pair@$$CBMUTreeOpaqueMapped00372FF4@@@2@0@Z	?_M_create_node@?$_Rb_tree@MU?$pair@$$CBMUTreeOpaqueMapped00372FF4@@@_STL@@U?$_Select1st@U?$pair@$$CBMUTreeOpaqueMapped00372FF4@@@_STL@@@2@U?$less@M@2@V?$allocator@U?$pair@$$CBMUTreeOpaqueMapped00372FF4@@@_STL@@@2@@_STL@@IAEPAU?$_Rb_tree_node@U?$pair@$$CBMUTreeOpaqueMapped00372FF4@@@_STL@@@2@ABU?$pair@$$CBMUTreeOpaqueMapped00372FF4@@@2@@Z	0x00382B7F	wrong
Code/Libraries/Source/WWVegas/WWLib/stlport_rb_tree_hint_00242f5e.cpp	??A?$map@UTreeKey00242F5E@@UTreeOpaqueMapped242F5E@@U?$less@UTreeKey00242F5E@@@_STL@@V?$allocator@U?$pair@$$CBUTreeKey00242F5E@@UTreeOpaqueMapped242F5E@@@_STL@@@4@@_STL@@QAEAAUTreeOpaqueMapped242F5E@@ABUTreeKey00242F5E@@@Z	??1AsciiString@@QAE@XZ	0x00036410	divergent
Code/Libraries/Source/WWVegas/WWLib/stlport_rb_tree_hint_002c6c93.cpp	??0?$_Rb_tree@VAsciiString@@U?$pair@$$CBVAsciiString@@UTreeHintPayload001F8ACB@@@_STL@@U?$_Select1st@U?$pair@$$CBVAsciiString@@UTreeHintPayload001F8ACB@@@_STL@@@3@U?$less@VAsciiString@@@3@V?$allocator@U?$pair@$$CBVAsciiString@@UTreeHintPayload001F8ACB@@@_STL@@@3@@_STL@@QAE@ABV01@@Z	??0?$_Rb_tree_base@U?$pair@$$CBVAsciiString@@UTreeHintPayload001F8ACB@@@_STL@@V?$allocator@U?$pair@$$CBVAsciiString@@UTreeHintPayload001F8ACB@@@_STL@@@2@@_STL@@QAE@ABV?$allocator@U?$pair@$$CBVAsciiString@@UTreeHintPayload001F8ACB@@@_STL@@@1@@Z	0x001F0534	divergent
Code/Libraries/Source/WWVegas/WWLib/stlport_rb_tree_hint_00301883.cpp	??0?$_Rb_tree@VAsciiString@@U?$pair@$$CBVAsciiString@@UTreeHintPayload003012F0@@@_STL@@U?$_Select1st@U?$pair@$$CBVAsciiString@@UTreeHintPayload003012F0@@@_STL@@@3@U?$less@VAsciiString@@@3@V?$allocator@U?$pair@$$CBVAsciiString@@UTreeHintPayload003012F0@@@_STL@@@3@@_STL@@QAE@ABV01@@Z	??0?$_Rb_tree_base@U?$pair@$$CBVAsciiString@@UTreeHintPayload003012F0@@@_STL@@V?$allocator@U?$pair@$$CBVAsciiString@@UTreeHintPayload003012F0@@@_STL@@@2@@_STL@@QAE@ABV?$allocator@U?$pair@$$CBVAsciiString@@UTreeHintPayload003012F0@@@_STL@@@1@@Z	0x0030087C	wrong
Code/Libraries/Source/WWVegas/WWLib/stlport_rb_tree_hint_0038d58c.cpp	??$?MDV?$char_traits@D@_STL@@V?$allocator@D@1@@_STL@@YA_NABV?$basic_string@DV?$char_traits@D@_STL@@V?$allocator@D@2@@0@0@Z	?_M_compare@?$basic_string@DV?$char_traits@D@_STL@@V?$allocator@D@2@@_STL@@SAHPBD000@Z	0x00024FC0	divergent
Code/Libraries/Source/WWVegas/WWLib/stlport_rb_tree_hint_00436e3b.cpp	??0?$map@VAsciiString@@UTreeHintOpaque0043671B@@U?$less@VAsciiString@@@_STL@@V?$allocator@U?$pair@$$CBVAsciiString@@UTreeHintOpaque0043671B@@@_STL@@@4@@_STL@@QAE@XZ	??0?$_Rb_tree@VAsciiString@@U?$pair@$$CBVAsciiString@@UTreeHintOpaque0043671B@@@_STL@@U?$_Select1st@U?$pair@$$CBVAsciiString@@UTreeHintOpaque0043671B@@@_STL@@@3@U?$less@VAsciiString@@@3@V?$allocator@U?$pair@$$CBVAsciiString@@UTreeHintOpaque0043671B@@@_STL@@@3@@_STL@@QAE@ABU?$less@VAsciiString@@@1@ABV?$allocator@U?$pair@$$CBVAsciiString@@UTreeHintOpaque0043671B@@@_STL@@@1@@Z	0x00434C3D	wrong
Code/Libraries/Source/WWVegas/WWLib/stlport_rb_tree_hint_005109b7.cpp	??$_Construct@U?$pair@$$CBVAsciiString@@UTreeHintRef0051030C@@@_STL@@U12@@_STL@@YAXPAU?$pair@$$CBVAsciiString@@UTreeHintRef0051030C@@@0@ABU10@@Z	??0?$pair@$$CBVAsciiString@@UTreeHintRef0051030C@@@_STL@@QAE@ABU01@@Z	0x00358B43	wrong
Code/Libraries/Source/WWVegas/WWLib/stlport_rb_tree_hint_005109b7.cpp	??1?$pair@$$CBVAsciiString@@UTreeHintRef0051030C@@@_STL@@QAE@XZ	??1AsciiString@@QAE@XZ	0x00036410	divergent
Code/Libraries/Source/WWVegas/WWLib/stlport_rb_tree_hint_005109b7.cpp	??A?$map@VAsciiString@@UTreeHintRef0051030C@@U?$less@VAsciiString@@@_STL@@V?$allocator@U?$pair@$$CBVAsciiString@@UTreeHintRef0051030C@@@_STL@@@4@@_STL@@QAEAAUTreeHintRef0051030C@@ABVAsciiString@@@Z	??0?$pair@$$CBVAsciiString@@UTreeHintRef0051030C@@@_STL@@QAE@ABVAsciiString@@ABUTreeHintRef0051030C@@@Z	0x0050EDB3	wrong
Code/Libraries/Source/WWVegas/WWLib/stlport_rb_tree_locomotor_create_node.cpp	?_M_create_node@?$_Rb_tree@W4LocomotorSetType@@U?$pair@$$CBW4LocomotorSetType@@V?$vector@PBVLocomotorTemplate@@V?$allocator@PBVLocomotorTemplate@@@_STL@@@_STL@@@_STL@@U?$_Select1st@U?$pair@$$CBW4LocomotorSetType@@V?$vector@PBVLocomotorTemplate@@V?$allocator@PBVLocomotorTemplate@@@_STL@@@_STL@@@_STL@@@3@U?$less@W4LocomotorSetType@@@3@V?$allocator@U?$pair@$$CBW4LocomotorSetType@@V?$vector@PBVLocomotorTemplate@@V?$allocator@PBVLocomotorTemplate@@@_STL@@@_STL@@@_STL@@@3@@_STL@@IAEPAU?$_Rb_tree_node@U?$pair@$$CBW4LocomotorSetType@@V?$vector@PBVLocomotorTemplate@@V?$allocator@PBVLocomotorTemplate@@@_STL@@@_STL@@@_STL@@@2@ABU?$pair@$$CBW4LocomotorSetType@@V?$vector@PBVLocomotorTemplate@@V?$allocator@PBVLocomotorTemplate@@@_STL@@@_STL@@@2@@Z	??$_Construct@U?$pair@$$CBW4LocomotorSetType@@V?$vector@PBVLocomotorTemplate@@V?$allocator@PBVLocomotorTemplate@@@_STL@@@_STL@@@_STL@@U12@@_STL@@YAXPAU?$pair@$$CBW4LocomotorSetType@@V?$vector@PBVLocomotorTemplate@@V?$allocator@PBVLocomotorTemplate@@@_STL@@@_STL@@@0@ABU10@@Z	0x001E7243	wrong
Code/Libraries/Source/WWVegas/WWLib/stlport_rb_tree_rva0027EA49_erase.cpp	?erase@?$_Rb_tree@URva0027EA49@@U1@U?$_Identity@URva0027EA49@@@_STL@@U?$less@URva0027EA49@@@3@V?$allocator@URva0027EA49@@@3@@_STL@@QAEIABURva0027EA49@@@Z	?equal_range@?$_Rb_tree@URva0027EA49@@U1@U?$_Identity@URva0027EA49@@@_STL@@U?$less@URva0027EA49@@@3@V?$allocator@URva0027EA49@@@3@@_STL@@QAE?AU?$pair@U?$_Rb_tree_iterator@URva0027EA49@@U?$_Nonconst_traits@URva0027EA49@@@_STL@@@_STL@@U12@@2@ABURva0027EA49@@@Z	0x002F1C89	wrong
Code/Libraries/Source/WWVegas/WWLib/stlport_reverse_string_search.cpp	??$__find_if@V?$reverse_iterator@PBD@_STL@@U?$_Not_within_traits@V?$char_traits@D@_STL@@@2@@_STL@@YA?AV?$reverse_iterator@PBD@0@V10@0U?$_Not_within_traits@V?$char_traits@D@_STL@@@0@ABUrandom_access_iterator_tag@0@@Z	??$find_if@PADU?$_Eq_char_bound@V?$char_traits@D@_STL@@@_STL@@@_STL@@YAPADPAD0U?$_Eq_char_bound@V?$char_traits@D@_STL@@@0@@Z	0x00026C60	divergent
Code/Libraries/Source/WWVegas/WWLib/stlport_rva0021915b_sort.cpp	??$__linear_insert@PAVRva0021915B@@V1@URva0021B753@@@_STL@@YAXPAVRva0021915B@@0V1@URva0021B753@@@Z	??$__unguarded_linear_insert@PAVRva0021915B@@V1@URva0021B753@@@_STL@@YAXPAVRva0021915B@@V1@URva0021B753@@@Z	0x0021BAA3	wrong
Code/Libraries/Source/WWVegas/WWLib/stlport_rva0021915b_sort.cpp	??$__pop_heap@PAVRva0021915B@@V1@URva0021B753@@H@_STL@@YAXPAVRva0021915B@@00V1@URva0021B753@@PAH@Z	??$__adjust_heap@PAVRva0021915B@@HV1@URva0021B753@@@_STL@@YAXPAVRva0021915B@@HHV1@URva0021B753@@@Z	0x0021C8D7	wrong
Code/Libraries/Source/WWVegas/WWLib/stlport_rva004f6352_sort_entry.cpp	??$__linear_insert@PAURva004F6352@@U1@URva004F6352Cmp@@@_STL@@YAXPAURva004F6352@@0U1@URva004F6352Cmp@@@Z	??$__unguarded_linear_insert@PAURva004F6352@@U1@URva004F6352Cmp@@@_STL@@YAXPAURva004F6352@@U1@URva004F6352Cmp@@@Z	0x004F6EB1	unowned
Code/Libraries/Source/WWVegas/WWLib/stlport_rva004f6352_sort_entry.cpp	??$__unguarded_insertion_sort_aux@PAURva004F6352@@U1@URva004F6352Cmp@@@_STL@@YAXPAURva004F6352@@00URva004F6352Cmp@@@Z	??$__unguarded_linear_insert@PAURva004F6352@@U1@URva004F6352Cmp@@@_STL@@YAXPAURva004F6352@@U1@URva004F6352Cmp@@@Z	0x004F6EB1	unowned
Code/Libraries/Source/WWVegas/WWLib/stlport_rva00599435keyframe_linear_insert.cpp	??$__linear_insert@PAURva00599435Keyframe@@U1@URva00599435Compare@@@_STL@@YAXPAURva00599435Keyframe@@0U1@URva00599435Compare@@@Z	??$copy_backward@PAURva00599435Keyframe@@PAU1@@_STL@@YAPAURva00599435Keyframe@@PAU1@00@Z	0x004C72FE	wrong
Code/Libraries/Source/WWVegas/WWLib/stlport_rva005de96b_apply.cpp	?rva005DE96B@Rva005DE96B@@QAEXXZ	?rva005DE926@Rva005DE5B5@@QAEXXZ	0x005DE926	unowned
Code/Libraries/Source/WWVegas/WWLib/stlport_set_int_tree_copy_ctor.cpp	??0?$_Rb_tree@HHU?$_Identity@H@_STL@@U?$less@H@2@V?$allocator@H@2@@_STL@@QAE@ABV01@@Z	?_M_copy@?$_Rb_tree@HHU?$_Identity@H@_STL@@U?$less@H@2@V?$allocator@H@2@@_STL@@AAEPAU?$_Rb_tree_node@H@2@PAU32@0@Z	0x002CF6CF	wrong
Code/Libraries/Source/WWVegas/WWLib/stlport_set_ptr_Rva001408C0.cpp	?_M_insert@?$_Rb_tree@PAURva001408C0Target@@PAU1@U?$_Identity@PAURva001408C0Target@@@_STL@@U?$less@PAURva001408C0Target@@@3@V?$allocator@PAURva001408C0Target@@@3@@_STL@@AAE?AU?$_Rb_tree_iterator@PAURva001408C0Target@@U?$_Nonconst_traits@PAURva001408C0Target@@@_STL@@@2@PAU_Rb_tree_node_base@2@0ABQAURva001408C0Target@@0@Z	?_M_create_node@?$_Rb_tree@PAURva001408C0Target@@PAU1@U?$_Identity@PAURva001408C0Target@@@_STL@@U?$less@PAURva001408C0Target@@@3@V?$allocator@PAURva001408C0Target@@@3@@_STL@@IAEPAU?$_Rb_tree_node@PAURva001408C0Target@@@2@ABQAURva001408C0Target@@@Z	0x004ABCC9	divergent
Code/Libraries/Source/WWVegas/WWLib/stlport_sort_e16_family.cpp	??$copy_backward@PAURva005B2FDCItem@@PAU1@@_STL@@YAPAURva005B2FDCItem@@PAU1@00@Z	??$__copy_backward_ptrs@PAURva005B2FDCItem@@PAU1@@_STL@@YAPAURva005B2FDCItem@@PAU1@00ABU__false_type@0@@Z	0x005B2B1E	wrong
Code/Libraries/Source/WWVegas/WWLib/stlport_sort_rva00078f95.cpp	??$__adjust_heap@PAPAURva00078F95Item@@HPAU1@URva00078F95Cmp@@@_STL@@YAXPAPAURva00078F95Item@@HHPAU1@URva00078F95Cmp@@@Z	??RRva00078F95Cmp@@QBE_NPBURva00078F95Item@@0@Z	0x00078F95	unowned
Code/Libraries/Source/WWVegas/WWLib/stlport_sort_rva00078f95.cpp	??$__linear_insert@PAPAURva00078F95Item@@PAU1@URva00078F95Cmp@@@_STL@@YAXPAPAURva00078F95Item@@0PAU1@URva00078F95Cmp@@@Z	??RRva00078F95Cmp@@QBE_NPBURva00078F95Item@@0@Z	0x00078F95	unowned
Code/Libraries/Source/WWVegas/WWLib/stlport_sort_rva00078f95.cpp	??$__median@PAURva00078F95Item@@URva00078F95Cmp@@@_STL@@YAABQAURva00078F95Item@@ABQAU1@00URva00078F95Cmp@@@Z	??RRva00078F95Cmp@@QBE_NPBURva00078F95Item@@0@Z	0x00078F95	unowned
Code/Libraries/Source/WWVegas/WWLib/stlport_sort_rva00078f95.cpp	??$__partial_sort@PAPAURva00078F95Item@@PAU1@URva00078F95Cmp@@@_STL@@YAXPAPAURva00078F95Item@@000URva00078F95Cmp@@@Z	??RRva00078F95Cmp@@QBE_NPBURva00078F95Item@@0@Z	0x00078F95	unowned
Code/Libraries/Source/WWVegas/WWLib/stlport_sort_rva00078f95.cpp	??$__push_heap@PAPAURva00078F95Item@@HPAU1@URva00078F95Cmp@@@_STL@@YAXPAPAURva00078F95Item@@HHPAU1@URva00078F95Cmp@@@Z	??RRva00078F95Cmp@@QBE_NPBURva00078F95Item@@0@Z	0x00078F95	unowned
Code/Libraries/Source/WWVegas/WWLib/stlport_sort_rva00078f95.cpp	??$__unguarded_linear_insert@PAPAURva00078F95Item@@PAU1@URva00078F95Cmp@@@_STL@@YAXPAPAURva00078F95Item@@PAU1@URva00078F95Cmp@@@Z	??RRva00078F95Cmp@@QBE_NPBURva00078F95Item@@0@Z	0x00078F95	unowned
Code/Libraries/Source/WWVegas/WWLib/stlport_sort_rva00078f95.cpp	??$__unguarded_partition@PAPAURva00078F95Item@@PAU1@URva00078F95Cmp@@@_STL@@YAPAPAURva00078F95Item@@PAPAU1@0PAU1@URva00078F95Cmp@@@Z	??RRva00078F95Cmp@@QBE_NPBURva00078F95Item@@0@Z	0x00078F95	unowned
Code/Libraries/Source/WWVegas/WWLib/stlport_sort_rva00204bb8.cpp	??$__pop_heap_aux@PAHHVRva00204BB8@@@_STL@@YAXPAH00VRva00204BB8@@@Z	??$__pop_heap@PAHHVRva00204BB8@@H@_STL@@YAXPAH00HVRva00204BB8@@0@Z	0x0021D375	wrong
Code/Libraries/Source/WWVegas/WWLib/stlport_sort_rva0021b68d.cpp	??$__adjust_heap@PAW4Rva0021B68DKey@@HW41@URva0021B68DCmp@@@_STL@@YAXPAW4Rva0021B68DKey@@HHW41@URva0021B68DCmp@@@Z	??RRva0021B68DCmp@@QBE_NABW4Rva0021B68DKey@@0@Z	0x0021B68D	unowned
Code/Libraries/Source/WWVegas/WWLib/stlport_sort_rva0021b68d.cpp	??$__linear_insert@PAW4Rva0021B68DKey@@W41@URva0021B68DCmp@@@_STL@@YAXPAW4Rva0021B68DKey@@0W41@URva0021B68DCmp@@@Z	??$copy_backward@PAW4Rva0021B68DKey@@PAW41@@_STL@@YAPAW4Rva0021B68DKey@@PAW41@00@Z	0x005E42D3	wrong
Code/Libraries/Source/WWVegas/WWLib/stlport_sort_rva0021b68d.cpp	??$__linear_insert@PAW4Rva0021B68DKey@@W41@URva0021B68DCmp@@@_STL@@YAXPAW4Rva0021B68DKey@@0W41@URva0021B68DCmp@@@Z	??RRva0021B68DCmp@@QBE_NABW4Rva0021B68DKey@@0@Z	0x0021B68D	unowned
Code/Libraries/Source/WWVegas/WWLib/stlport_sort_rva0021b68d.cpp	??$__median@W4Rva0021B68DKey@@URva0021B68DCmp@@@_STL@@YAABW4Rva0021B68DKey@@ABW41@00URva0021B68DCmp@@@Z	??RRva0021B68DCmp@@QBE_NABW4Rva0021B68DKey@@0@Z	0x0021B68D	unowned
Code/Libraries/Source/WWVegas/WWLib/stlport_sort_rva0021b68d.cpp	??$__partial_sort@PAW4Rva0021B68DKey@@W41@URva0021B68DCmp@@@_STL@@YAXPAW4Rva0021B68DKey@@000URva0021B68DCmp@@@Z	??$sort_heap@PAW4Rva0021B68DKey@@URva0021B68DCmp@@@_STL@@YAXPAW4Rva0021B68DKey@@0URva0021B68DCmp@@@Z	0x0021DDFC	wrong
Code/Libraries/Source/WWVegas/WWLib/stlport_sort_rva0021b68d.cpp	??$__partial_sort@PAW4Rva0021B68DKey@@W41@URva0021B68DCmp@@@_STL@@YAXPAW4Rva0021B68DKey@@000URva0021B68DCmp@@@Z	??RRva0021B68DCmp@@QBE_NABW4Rva0021B68DKey@@0@Z	0x0021B68D	unowned
Code/Libraries/Source/WWVegas/WWLib/stlport_sort_rva0021b68d.cpp	??$__push_heap@PAW4Rva0021B68DKey@@HW41@URva0021B68DCmp@@@_STL@@YAXPAW4Rva0021B68DKey@@HHW41@URva0021B68DCmp@@@Z	??RRva0021B68DCmp@@QBE_NABW4Rva0021B68DKey@@0@Z	0x0021B68D	unowned
Code/Libraries/Source/WWVegas/WWLib/stlport_sort_rva0021b68d.cpp	??$__unguarded_linear_insert@PAW4Rva0021B68DKey@@W41@URva0021B68DCmp@@@_STL@@YAXPAW4Rva0021B68DKey@@W41@URva0021B68DCmp@@@Z	??RRva0021B68DCmp@@QBE_NABW4Rva0021B68DKey@@0@Z	0x0021B68D	unowned
Code/Libraries/Source/WWVegas/WWLib/stlport_sort_rva0021b68d.cpp	??$__unguarded_partition@PAW4Rva0021B68DKey@@W41@URva0021B68DCmp@@@_STL@@YAPAW4Rva0021B68DKey@@PAW41@0W41@URva0021B68DCmp@@@Z	??RRva0021B68DCmp@@QBE_NABW4Rva0021B68DKey@@0@Z	0x0021B68D	unowned
Code/Libraries/Source/WWVegas/WWLib/stlport_sort_rva002bbc1c.cpp	??$__insertion_sort@PAVRva004F6093Holder@@URva002BBC1CCmp@@@_STL@@YAXPAVRva004F6093Holder@@0URva002BBC1CCmp@@@Z	??$__linear_insert@PAVRva004F6093Holder@@V1@URva002BBC1CCmp@@@_STL@@YAXPAVRva004F6093Holder@@0V1@URva002BBC1CCmp@@@Z	0x002B73AD	unowned
Code/Libraries/Source/WWVegas/WWLib/stlport_sort_rva002bbc1c.cpp	??$__unguarded_partition@PAVRva004F6093Holder@@V1@URva002BBC1CCmp@@@_STL@@YAPAVRva004F6093Holder@@PAV1@0V1@URva002BBC1CCmp@@@Z	??$swap@VRva004F6093Holder@@@_STL@@YAXAAVRva004F6093Holder@@0@Z	0x002B2FF4	wrong
Code/Libraries/Source/WWVegas/WWLib/stlport_sort_rva003c3ab0.cpp	??$sort@PAPAURva003C3AB0Item@@URva003C3AB0Cmp@@@_STL@@YAXPAPAURva003C3AB0Item@@0URva003C3AB0Cmp@@@Z	??$__introsort_loop@PAPAURva003C3AB0Item@@PAU1@HURva003C3AB0Cmp@@@_STL@@YAXPAPAURva003C3AB0Item@@00HURva003C3AB0Cmp@@@Z	0x003CA2A7	wrong
Code/Libraries/Source/WWVegas/WWLib/stlport_sort_rva0040cb11entry.cpp	??$__unguarded_partition@PAVRva0040CB11Entry@@V1@URva0040F454Cmp@@@_STL@@YAPAVRva0040CB11Entry@@PAV1@0V1@URva0040F454Cmp@@@Z	??$swap@VRva0040CB11Entry@@@_STL@@YAXAAVRva0040CB11Entry@@0@Z	0x0040D11C	wrong
Code/Libraries/Source/WWVegas/WWLib/stlport_sort_rva0040cb11entry.cpp	??$iter_swap@PAVRva0040CB11Entry@@PAV1@@_STL@@YAXPAVRva0040CB11Entry@@0@Z	??$swap@VRva0040CB11Entry@@@_STL@@YAXAAVRva0040CB11Entry@@0@Z	0x0040D11C	wrong
Code/Libraries/Source/WWVegas/WWLib/stlport_sort_rva00588195.cpp	??$__linear_insert@PAURva00588195Elem@@U1@U?$less@URva00588195Elem@@@_STL@@@_STL@@YAXPAURva00588195Elem@@0U1@U?$less@URva00588195Elem@@@0@@Z	??$copy_backward@PAURva00588195Elem@@PAU1@@_STL@@YAPAURva00588195Elem@@PAU1@00@Z	0x0051C94D	wrong
Code/Libraries/Source/WWVegas/WWLib/stlport_sort_stringlookup.cpp	??$__linear_insert@PAUStringLookUp@@U1@URva002E5678Cmp@@@_STL@@YAXPAUStringLookUp@@0U1@URva002E5678Cmp@@@Z	??$copy_backward@PAUStringLookUp@@PAU1@@_STL@@YAPAUStringLookUp@@PAU1@00@Z	0x004C72FE	wrong
Code/Libraries/Source/WWVegas/WWLib/stlport_stable_sort_asciistring_o1.cpp	??$__merge_adaptive@PAVAsciiString@@HPAV1@U?$less@VAsciiString@@@_STL@@@_STL@@YAXPAVAsciiString@@00HH0HU?$less@VAsciiString@@@0@@Z	??$__merge_backward@PAVAsciiString@@PAV1@PAV1@U?$less@VAsciiString@@@_STL@@@_STL@@YAPAVAsciiString@@PAV1@0000U?$less@VAsciiString@@@0@@Z	0x004F792B	unowned
Code/Libraries/Source/WWVegas/WWLib/stlport_stable_sort_asciistring_o1.cpp	??$__merge_adaptive@PAVAsciiString@@HPAV1@U?$less@VAsciiString@@@_STL@@@_STL@@YAXPAVAsciiString@@00HH0HU?$less@VAsciiString@@@0@@Z	??$copy@PAVAsciiString@@PAV1@@_STL@@YAPAVAsciiString@@PAV1@00@Z	0x004F6E47	wrong
Code/Libraries/Source/WWVegas/WWLib/stlport_stable_sort_asciistring_o1.cpp	??$__merge_adaptive@PAVAsciiString@@HPAV1@U?$less@VAsciiString@@@_STL@@@_STL@@YAXPAVAsciiString@@00HH0HU?$less@VAsciiString@@@0@@Z	??$merge@PAVAsciiString@@PAV1@PAV1@U?$less@VAsciiString@@@_STL@@@_STL@@YAPAVAsciiString@@PAV1@0000U?$less@VAsciiString@@@0@@Z	0x004F7308	wrong
Code/Libraries/Source/WWVegas/WWLib/stlport_stable_sort_asciistring_o1.cpp	??$__rotate@PAVAsciiString@@H@_STL@@YAPAVAsciiString@@PAV1@00PAHABUrandom_access_iterator_tag@0@@Z	??$__rotate@PAVAsciiString@@HV1@@_STL@@YAPAVAsciiString@@PAV1@00PAH0@Z	0x004F74A1	unowned
Code/Libraries/Source/WWVegas/WWLib/stlport_stable_sort_asciistring_o1.cpp	??$__rotate_adaptive@PAVAsciiString@@PAV1@H@_STL@@YAPAVAsciiString@@PAV1@00HH0H@Z	??$copy@PAVAsciiString@@PAV1@@_STL@@YAPAVAsciiString@@PAV1@00@Z	0x004F6E47	wrong
Code/Libraries/Source/WWVegas/WWLib/stlport_stable_sort_asciistring_o1.cpp	??$__rotate_adaptive@PAVAsciiString@@PAV1@H@_STL@@YAPAVAsciiString@@PAV1@00HH0H@Z	??$copy_backward@PAVAsciiString@@PAV1@@_STL@@YAPAVAsciiString@@PAV1@00@Z	0x004F6FE1	divergent
Code/Libraries/Source/WWVegas/WWLib/stlport_stable_sort_asciistring_o1.cpp	??$iter_swap@PAVAsciiString@@PAV1@@_STL@@YAXPAVAsciiString@@0@Z	??$swap@VAsciiString@@@_STL@@YAXAAVAsciiString@@0@Z	0x004F6542	unowned
Code/Libraries/Source/WWVegas/WWLib/stlport_stable_sort_asciistring_o1.cpp	??$lower_bound@PAVAsciiString@@V1@U?$less@VAsciiString@@@_STL@@@_STL@@YAPAVAsciiString@@PAV1@0ABV1@U?$less@VAsciiString@@@0@@Z	??$__lower_bound@PAVAsciiString@@V1@U?$less@VAsciiString@@@_STL@@H@_STL@@YAPAVAsciiString@@PAV1@0ABV1@U?$less@VAsciiString@@@0@PAH@Z	0x004F6657	unowned
Code/Libraries/Source/WWVegas/WWLib/stlport_stable_sort_asciistring_o1.cpp	??$rotate@PAVAsciiString@@@_STL@@YAPAVAsciiString@@PAV1@00@Z	??$__rotate@PAVAsciiString@@HV1@@_STL@@YAPAVAsciiString@@PAV1@00PAH0@Z	0x004F74A1	unowned
Code/Libraries/Source/WWVegas/WWLib/stlport_stable_sort_asciistring_o1.cpp	??$swap_ranges@PAVAsciiString@@PAV1@@_STL@@YAPAVAsciiString@@PAV1@00@Z	??$swap@VAsciiString@@@_STL@@YAXAAVAsciiString@@0@Z	0x004F6542	unowned
Code/Libraries/Source/WWVegas/WWLib/stlport_stable_sort_asciistring_o1.cpp	??$uninitialized_fill_n@PAVAsciiString@@HV1@@_STL@@YAPAVAsciiString@@PAV1@HABV1@@Z	??$__uninitialized_fill_n@PAVAsciiString@@HV1@@_STL@@YAPAVAsciiString@@PAV1@HABV1@ABU__false_type@0@@Z	0x004F651D	wrong
Code/Libraries/Source/WWVegas/WWLib/stlport_stable_sort_asciistring_o1.cpp	??$upper_bound@PAVAsciiString@@V1@U?$less@VAsciiString@@@_STL@@@_STL@@YAPAVAsciiString@@PAV1@0ABV1@U?$less@VAsciiString@@@0@@Z	??$__upper_bound@PAVAsciiString@@V1@U?$less@VAsciiString@@@_STL@@H@_STL@@YAPAVAsciiString@@PAV1@0ABV1@U?$less@VAsciiString@@@0@PAH@Z	0x004F66F0	unowned
Code/Libraries/Source/WWVegas/WWLib/stlport_stdexcept_dtors_od.cpp	??1logic_error@_STL@@UAE@XZ	??1__Named_exception@_STL@@UAE@XZ	0x00023850	wrong
Code/Libraries/Source/WWVegas/WWLib/stlport_stdexcept_dtors_od.cpp	??1runtime_error@_STL@@UAE@XZ	??1__Named_exception@_STL@@UAE@XZ	0x00023850	wrong
Code/Libraries/Source/WWVegas/WWLib/stlport_string_list_pair_construct.cpp	??A?$map@VAsciiString@@V?$list@VAsciiString@@V?$allocator@VAsciiString@@@_STL@@@_STL@@U?$less@VAsciiString@@@3@V?$allocator@U?$pair@$$CBVAsciiString@@V?$list@VAsciiString@@V?$allocator@VAsciiString@@@_STL@@@_STL@@@_STL@@@3@@_STL@@QAEAAV?$list@VAsciiString@@V?$allocator@VAsciiString@@@_STL@@@1@ABVAsciiString@@@Z	??0?$_List_base@VAsciiString@@V?$allocator@VAsciiString@@@_STL@@@_STL@@QAE@ABV?$allocator@VAsciiString@@@1@@Z	0x004EC36C	divergent
Code/Libraries/Source/WWVegas/WWLib/stlport_string_list_pair_construct.cpp	??A?$map@VAsciiString@@V?$list@VAsciiString@@V?$allocator@VAsciiString@@@_STL@@@_STL@@U?$less@VAsciiString@@@3@V?$allocator@U?$pair@$$CBVAsciiString@@V?$list@VAsciiString@@V?$allocator@VAsciiString@@@_STL@@@_STL@@@_STL@@@3@@_STL@@QAEAAV?$list@VAsciiString@@V?$allocator@VAsciiString@@@_STL@@@1@ABVAsciiString@@@Z	?insert@?$map@VAsciiString@@V?$list@VAsciiString@@V?$allocator@VAsciiString@@@_STL@@@_STL@@U?$less@VAsciiString@@@3@V?$allocator@U?$pair@$$CBVAsciiString@@V?$list@VAsciiString@@V?$allocator@VAsciiString@@@_STL@@@_STL@@@_STL@@@3@@_STL@@QAE?AU?$_Rb_tree_iterator@U?$pair@$$CBVAsciiString@@V?$list@VAsciiString@@V?$allocator@VAsciiString@@@_STL@@@_STL@@@_STL@@U?$_Nonconst_traits@U?$pair@$$CBVAsciiString@@V?$list@VAsciiString@@V?$allocator@VAsciiString@@@_STL@@@_STL@@@_STL@@@2@@2@U32@ABU?$pair@$$CBVAsciiString@@V?$list@VAsciiString@@V?$allocator@VAsciiString@@@_STL@@@_STL@@@2@@Z	0x005CABC0	wrong
Code/Libraries/Source/WWVegas/WWLib/stlport_string_pair_cleanup.cpp	?erase@?$_Rb_tree@VAsciiString@@U?$pair@$$CBVAsciiString@@V1@@_STL@@U?$_Select1st@U?$pair@$$CBVAsciiString@@V1@@_STL@@@3@U?$less@VAsciiString@@@3@V?$allocator@U?$pair@$$CBVAsciiString@@V1@@_STL@@@3@@_STL@@QAEIABVAsciiString@@@Z	?equal_range@?$_Rb_tree@VAsciiString@@U?$pair@$$CBVAsciiString@@V1@@_STL@@U?$_Select1st@U?$pair@$$CBVAsciiString@@V1@@_STL@@@3@U?$less@VAsciiString@@@3@V?$allocator@U?$pair@$$CBVAsciiString@@V1@@_STL@@@3@@_STL@@QAE?AU?$pair@U?$_Rb_tree_iterator@U?$pair@$$CBVAsciiString@@V1@@_STL@@U?$_Nonconst_traits@U?$pair@$$CBVAsciiString@@V1@@_STL@@@2@@_STL@@U12@@2@ABVAsciiString@@@Z	0x005C9F41	wrong
Code/Libraries/Source/WWVegas/WWLib/stlport_time_get_locale_ctor.cpp	?do_get_year@?$time_get@DV?$istreambuf_iterator@DV?$char_traits@D@_STL@@@_STL@@@_STL@@MBE?AV?$istreambuf_iterator@DV?$char_traits@D@_STL@@@2@V32@0AAVios_base@2@AAHPAUtm@@@Z	??$__get_decimal_integer@V?$istreambuf_iterator@DV?$char_traits@D@_STL@@@_STL@@H@_STL@@YA_NAAV?$istreambuf_iterator@DV?$char_traits@D@_STL@@@0@0AAH@Z	0x00009CD0	divergent
Code/Libraries/Source/WWVegas/WWLib/stlport_time_get_locale_ctor.cpp	?do_get_year@?$time_get@GV?$istreambuf_iterator@GV?$char_traits@G@_STL@@@_STL@@@_STL@@MBE?AV?$istreambuf_iterator@GV?$char_traits@G@_STL@@@2@V32@0AAVios_base@2@AAHPAUtm@@@Z	??$__get_decimal_integer@V?$istreambuf_iterator@GV?$char_traits@G@_STL@@@_STL@@H@_STL@@YA_NAAV?$istreambuf_iterator@GV?$char_traits@G@_STL@@@0@0AAH@Z	0x0000B4C0	divergent
Code/Libraries/Source/WWVegas/WWLib/stlport_unguarded_insertion_sort_s4sortelem20.cpp	??$__unguarded_insertion_sort_aux@PAUS4SortElem20@@U1@US4Cmp002EB8E0@@@_STL@@YAXPAUS4SortElem20@@00US4Cmp002EB8E0@@@Z	??$__unguarded_linear_insert@PAUS4SortElem20@@U1@US4Cmp002EB8E0@@@_STL@@YAXPAUS4SortElem20@@U1@US4Cmp002EB8E0@@@Z	0x00337424	wrong
Code/Libraries/Source/WWVegas/WWLib/stlport_unguarded_insertion_sort_s4sortelem20.cpp	??$__unguarded_insertion_sort_aux@PAUS4SortElem20@@U1@US4Cmp002EB8E0@@@_STL@@YAXPAUS4SortElem20@@00US4Cmp002EB8E0@@@Z	??0S4SortElem20@@QAE@ABU0@@Z	0x003371B1	wrong
Code/Libraries/Source/WWVegas/WWLib/stlport_unguarded_linear_insert_s4sortelem8_score.cpp	??$__unguarded_linear_insert@PAUS4SortElem8@@U1@US4Cmp00575AA0@@@_STL@@YAXPAUS4SortElem8@@U1@US4Cmp00575AA0@@@Z	?BfmeLess00574AA0@S4SortElem8@@QBE_NABU1@@Z	0x005EC52E	unowned
Code/Libraries/Source/WWVegas/WWLib/stlport_unguarded_partition_rva005E4300.cpp	??$__linear_insert@PAHHVRva005E4300Cmp@@@_STL@@YAXPAH0HVRva005E4300Cmp@@@Z	??RRva005E4300Cmp@@QBE_NHH@Z	0x005E4300	unowned
Code/Libraries/Source/WWVegas/WWLib/stlport_unguarded_partition_rva005E4300.cpp	??$__median@PAHVRva005E4300Cmp@@@_STL@@YAPAHPAH00VRva005E4300Cmp@@@Z	??RRva005E4300Cmp@@QBE_NHH@Z	0x005E4300	unowned
Code/Libraries/Source/WWVegas/WWLib/stlport_unguarded_partition_rva005E4300.cpp	??$__unguarded_linear_insert@PAHHVRva005E4300Cmp@@@_STL@@YAXPAHHVRva005E4300Cmp@@@Z	??RRva005E4300Cmp@@QBE_NHH@Z	0x005E4300	unowned
Code/Libraries/Source/WWVegas/WWLib/stlport_unguarded_partition_rva005E4300.cpp	??$__unguarded_partition@PAHHVRva005E4300Cmp@@@_STL@@YAPAHPAH0HVRva005E4300Cmp@@@Z	??RRva005E4300Cmp@@QBE_NHH@Z	0x005E4300	unowned
Code/Libraries/Source/WWVegas/WWLib/stlport_unguarded_partition_s4sortelem20.cpp	??$__unguarded_partition@PAUS4SortElem20@@U1@US4Cmp002EB8E0@@@_STL@@YAPAUS4SortElem20@@PAU1@0U1@US4Cmp002EB8E0@@@Z	??1S4SortElem20@@QAE@XZ	0x003372B7	divergent
Code/Libraries/Source/WWVegas/WWLib/stlport_uninitialized_copy.cpp	??0?$vector@UTreeKey00242F5E@@V?$allocator@UTreeKey00242F5E@@@_STL@@@_STL@@QAE@ABV01@@Z	??$__uninitialized_copy@PBUTreeKey00242F5E@@PAU1@@_STL@@YAPAUTreeKey00242F5E@@PBU1@0PAU1@ABU__false_type@0@@Z	0x001D9B3C	wrong
Code/Libraries/Source/WWVegas/WWLib/stlport_uninitialized_copy.cpp	??0?$vector@UTreeKey00242F5E@@V?$allocator@UTreeKey00242F5E@@@_STL@@@_STL@@QAE@ABV01@@Z	??0?$_Vector_base@UTreeKey00242F5E@@V?$allocator@UTreeKey00242F5E@@@_STL@@@_STL@@QAE@IABV?$allocator@UTreeKey00242F5E@@@1@@Z	0x000B6378	wrong
Code/Libraries/Source/WWVegas/WWLib/stlport_valarray_int.cpp	??0?$gslice_array@H@_STL@@QAE@ABV01@@Z	??0gslice@_STL@@QAE@ABV01@@Z	0x000B43E5	unowned
Code/Libraries/Source/WWVegas/WWLib/stlport_vector_BfmeRecord0040B61A_allocate_copy.cpp	??$_M_allocate_and_copy@PBUBfmeRecord0040B61A@@@?$vector@UBfmeRecord0040B61A@@V?$allocator@UBfmeRecord0040B61A@@@_STL@@@_STL@@IAEPAUBfmeRecord0040B61A@@IPBU2@0@Z	??$__uninitialized_copy@PBUBfmeRecord0040B61A@@PAU1@@_STL@@YAPAUBfmeRecord0040B61A@@PBU1@0PAU1@ABU__false_type@0@@Z	0x0040B2FD	divergent
Code/Libraries/Source/WWVegas/WWLib/stlport_vector_BfmeRecord0040B61A_allocate_copy.cpp	??0?$vector@UBfmeRecord0040B61A@@V?$allocator@UBfmeRecord0040B61A@@@_STL@@@_STL@@QAE@ABV01@@Z	??$__uninitialized_copy@PBUBfmeRecord0040B61A@@PAU1@@_STL@@YAPAUBfmeRecord0040B61A@@PBU1@0PAU1@ABU__false_type@0@@Z	0x0040B2FD	divergent
Code/Libraries/Source/WWVegas/WWLib/stlport_vector_BfmeRecord0040B61A_allocate_copy.cpp	??0?$vector@UBfmeRecord0040B61A@@V?$allocator@UBfmeRecord0040B61A@@@_STL@@@_STL@@QAE@ABV01@@Z	??0?$_Vector_base@UBfmeRecord0040B61A@@V?$allocator@UBfmeRecord0040B61A@@@_STL@@@_STL@@QAE@IABV?$allocator@UBfmeRecord0040B61A@@@1@@Z	0x00421D73	divergent
Code/Libraries/Source/WWVegas/WWLib/stlport_vector_BfmeRecord0040B61A_assign.cpp	??4?$vector@UBfmeRecord0040B61A@@V?$allocator@UBfmeRecord0040B61A@@@_STL@@@_STL@@QAEAAV01@ABV01@@Z	??$_Destroy@PAUBfmeRecord0040B61A@@@_STL@@YAXPAUBfmeRecord0040B61A@@0@Z	0x0040B52E	divergent
Code/Libraries/Source/WWVegas/WWLib/stlport_vector_BfmeRecord0040B61A_assign.cpp	??4?$vector@UBfmeRecord0040B61A@@V?$allocator@UBfmeRecord0040B61A@@@_STL@@@_STL@@QAEAAV01@ABV01@@Z	??$__copy_ptrs@PBUBfmeRecord0040B61A@@PAU1@@_STL@@YAPAUBfmeRecord0040B61A@@PBU1@0PAU1@ABU__false_type@0@@Z	0x0040B350	wrong
Code/Libraries/Source/WWVegas/WWLib/stlport_vector_BfmeRecord0040B61A_assign.cpp	??4?$vector@UBfmeRecord0040B61A@@V?$allocator@UBfmeRecord0040B61A@@@_STL@@@_STL@@QAEAAV01@ABV01@@Z	??$__uninitialized_copy@PBUBfmeRecord0040B61A@@PAU1@@_STL@@YAPAUBfmeRecord0040B61A@@PBU1@0PAU1@ABU__false_type@0@@Z	0x0040B2FD	divergent
Code/Libraries/Source/WWVegas/WWLib/stlport_vector_Rva0040AEE3_overflow.cpp	?_M_insert_overflow@?$vector@VRva0040AEE3@@V?$allocator@VRva0040AEE3@@@_STL@@@_STL@@IAEXPAVRva0040AEE3@@ABV3@ABU__false_type@2@I_N@Z	?_M_clear@?$vector@VRva0040AEE3@@V?$allocator@VRva0040AEE3@@@_STL@@@_STL@@IAEXXZ	0x0040B5DE	wrong
Code/Libraries/Source/WWVegas/WWLib/stlport_vector_Rva0040AF66_overflow.cpp	?_M_insert_overflow@?$vector@VRva0040AF66@@V?$allocator@VRva0040AF66@@@_STL@@@_STL@@IAEXPAVRva0040AF66@@ABV3@ABU__false_type@2@I_N@Z	?_M_clear@?$vector@VRva0040AF66@@V?$allocator@VRva0040AF66@@@_STL@@@_STL@@IAEXXZ	0x0040B5FC	wrong
Code/Libraries/Source/WWVegas/WWLib/stlport_vector_Rva0040C0C7_overflow.cpp	?_M_insert_overflow@?$vector@URva0040C0C7Element@@V?$allocator@URva0040C0C7Element@@@_STL@@@_STL@@IAEXPAURva0040C0C7Element@@ABU3@ABU__false_type@2@I_N@Z	?_M_clear@?$vector@URva0040C0C7Element@@V?$allocator@URva0040C0C7Element@@@_STL@@@_STL@@IAEXXZ	0x0040BEF9	divergent
Code/Libraries/Source/WWVegas/WWLib/stlport_vector_Rva0040CB11_allocate_copy.cpp	?_M_insert_overflow@?$vector@VRva0040CB11Entry@@V?$allocator@VRva0040CB11Entry@@@_STL@@@_STL@@IAEXPAVRva0040CB11Entry@@ABV3@ABU__false_type@2@I_N@Z	?_M_clear@?$vector@VRva0040CB11Entry@@V?$allocator@VRva0040CB11Entry@@@_STL@@@_STL@@IAEXXZ	0x004F89F9	wrong
Code/Libraries/Source/WWVegas/WWLib/stlport_vector_Rva004F6986_allocate_copy.cpp	?_M_insert_overflow@?$vector@URva004F6986@@V?$allocator@URva004F6986@@@_STL@@@_STL@@IAEXPAURva004F6986@@ABU3@ABU__false_type@2@I_N@Z	??$_Construct@URva004F6986@@U1@@_STL@@YAXPAURva004F6986@@ABU1@@Z	0x004F6A52	wrong
Code/Libraries/Source/WWVegas/WWLib/stlport_vector_Rva004F6986_allocate_copy.cpp	?_M_insert_overflow@?$vector@URva004F6986@@V?$allocator@URva004F6986@@@_STL@@@_STL@@IAEXPAURva004F6986@@ABU3@ABU__false_type@2@I_N@Z	?_M_clear@?$vector@URva004F6986@@V?$allocator@URva004F6986@@@_STL@@@_STL@@IAEXXZ	0x004F89DB	wrong
Code/Libraries/Source/WWVegas/WWLib/stlport_vector_Rva004F6986_reserve.cpp	?reserve@?$vector@URva004F6986@@V?$allocator@URva004F6986@@@_STL@@@_STL@@QAEXI@Z	?_M_clear@?$vector@URva004F6986@@V?$allocator@URva004F6986@@@_STL@@@_STL@@IAEXXZ	0x004F89DB	wrong
Code/Libraries/Source/WWVegas/WWLib/stlport_vector_assetreference_overflow.cpp	?_M_insert_overflow@?$vector@VAssetReference@@V?$allocator@VAssetReference@@@_STL@@@_STL@@IAEXPAVAssetReference@@ABV3@ABU__false_type@2@I_N@Z	?_M_clear@?$vector@VAssetReference@@V?$allocator@VAssetReference@@@_STL@@@_STL@@IAEXXZ	0x000C9A51	wrong
Code/Libraries/Source/WWVegas/WWLib/stlport_vector_autopickup_eat_entry.cpp	?_M_insert_overflow@?$vector@UAutoPickUpEatObjectEntry@@V?$allocator@UAutoPickUpEatObjectEntry@@@_STL@@@_STL@@IAEXPAUAutoPickUpEatObjectEntry@@ABU3@ABU__false_type@2@I_N@Z	?_M_clear@?$vector@UAutoPickUpEatObjectEntry@@V?$allocator@UAutoPickUpEatObjectEntry@@@_STL@@@_STL@@IAEXXZ	0x004962EA	wrong
Code/Libraries/Source/WWVegas/WWLib/stlport_vector_bool_o1.cpp	??A?$vector@_NV?$allocator@_N@_STL@@@_STL@@QBE_NI@Z	??H?$_Bit_iter@_NPB_N@_STL@@QBE?AU01@H@Z	0x00069F22	divergent
Code/Libraries/Source/WWVegas/WWLib/stlport_vector_cameramarker_insert_overflow.cpp	?_M_insert_overflow@?$vector@VCameraMarker@@V?$allocator@VCameraMarker@@@_STL@@@_STL@@IAEXPAVCameraMarker@@ABV3@ABU__false_type@2@I_N@Z	??$_Construct@VCameraMarker@@V1@@_STL@@YAXPAVCameraMarker@@ABV1@@Z	0x000D0469	wrong
Code/Libraries/Source/WWVegas/WWLib/stlport_vector_cameramarker_insert_overflow.cpp	?push_back@?$vector@VCameraMarker@@V?$allocator@VCameraMarker@@@_STL@@@_STL@@QAEXABVCameraMarker@@@Z	??$_Construct@VCameraMarker@@V1@@_STL@@YAXPAVCameraMarker@@ABV1@@Z	0x000D0469	wrong
Code/Libraries/Source/WWVegas/WWLib/stlport_vector_container_record_2cf46e_assign.cpp	??4?$vector@UBfmeContainerRecord002CF46E@@V?$allocator@UBfmeContainerRecord002CF46E@@@_STL@@@_STL@@QAEAAV01@ABV01@@Z	??$__copy_ptrs@PAURva000B435F@@PAU1@@_STL@@YAPAURva000B435F@@PAU1@00ABU__false_type@0@@Z	0x002CF830	wrong
Code/Libraries/Source/WWVegas/WWLib/stlport_vector_coord3d_count_fill.cpp	??0?$vector@UCoord3D@@V?$allocator@UCoord3D@@@_STL@@@_STL@@QAE@IABUCoord3D@@ABV?$allocator@UCoord3D@@@1@@Z	??0?$_Vector_base@UCoord3D@@V?$allocator@UCoord3D@@@_STL@@@_STL@@QAE@IABV?$allocator@UCoord3D@@@1@@Z	0x005C8C37	divergent
Code/Libraries/Source/WWVegas/WWLib/stlport_vector_e12_allocate_copy.cpp	?reserve@?$vector@UBfmeE12@@V?$allocator@UBfmeE12@@@_STL@@@_STL@@QAEXI@Z	??$_M_allocate_and_copy@PAUBfmeE12@@@?$vector@UBfmeE12@@V?$allocator@UBfmeE12@@@_STL@@@_STL@@IAEPAUBfmeE12@@IPAU2@0@Z	0x0029B297	divergent
Code/Libraries/Source/WWVegas/WWLib/stlport_vector_e12_o1.cpp	?swap@?$vector@UBfmeE12@@V?$allocator@UBfmeE12@@@_STL@@@_STL@@QAEXAAV12@@Z	??$swap@V?$_STLP_alloc_proxy@PAUBfmeE12@@U1@V?$allocator@UBfmeE12@@@_STL@@@_STL@@@_STL@@YAXAAV?$_STLP_alloc_proxy@PAUBfmeE12@@U1@V?$allocator@UBfmeE12@@@_STL@@@0@0@Z	0x00574B2D	wrong
Code/Libraries/Source/WWVegas/WWLib/stlport_vector_e16_o1.cpp	??0?$vector@UBfmeE16@@V?$allocator@UBfmeE16@@@_STL@@@_STL@@QAE@ABV01@@Z	??$__uninitialized_copy@PBUBfmeE16@@PAU1@@_STL@@YAPAUBfmeE16@@PBU1@0PAU1@ABU__false_type@0@@Z	0x0052C9AD	wrong
Code/Libraries/Source/WWVegas/WWLib/stlport_vector_float4_469c61_assign.cpp	??4?$vector@UBfmeFloat4Record00469C61@@V?$allocator@UBfmeFloat4Record00469C61@@@_STL@@@_STL@@QAEAAV01@ABV01@@Z	??$__copy_ptrs@PBUBfmeFloat4Record00469C61@@PAU1@@_STL@@YAPAUBfmeFloat4Record00469C61@@PBU1@0PAU1@ABU__false_type@0@@Z	0x0007BF5A	wrong
Code/Libraries/Source/WWVegas/WWLib/stlport_vector_narrow_string_insert_overflow.cpp	?_M_insert_overflow@?$vector@V?$basic_string@DV?$char_traits@D@_STL@@V?$allocator@D@2@@_STL@@V?$allocator@V?$basic_string@DV?$char_traits@D@_STL@@V?$allocator@D@2@@_STL@@@2@@_STL@@IAEXPAV?$basic_string@DV?$char_traits@D@_STL@@V?$allocator@D@2@@2@ABV32@ABU__false_type@2@I_N@Z	??$__uninitialized_copy@PAV?$basic_string@DV?$char_traits@D@_STL@@V?$allocator@D@2@@_STL@@PAV12@@_STL@@YAPAV?$basic_string@DV?$char_traits@D@_STL@@V?$allocator@D@2@@0@PAV10@00ABU__false_type@0@@Z	0x00079A6E	divergent
Code/Libraries/Source/WWVegas/WWLib/stlport_vector_narrowrecord_79c23_fill.cpp	??4BfmeNarrowRecord00079C23@@QAEAAU0@ABU0@@Z	??4?$basic_string@DV?$char_traits@D@_STL@@V?$allocator@D@2@@_STL@@QAEAAV01@ABV01@@Z	0x000120C0	divergent
Code/Libraries/Source/WWVegas/WWLib/stlport_vector_narrowrecord_79c23_fill.cpp	?_M_insert_overflow@?$vector@UBfmeNarrowRecord00079C23@@V?$allocator@UBfmeNarrowRecord00079C23@@@_STL@@@_STL@@IAEXPAUBfmeNarrowRecord00079C23@@ABU3@ABU__false_type@2@I_N@Z	?_M_clear@?$vector@UBfmeNarrowRecord00079C23@@V?$allocator@UBfmeNarrowRecord00079C23@@@_STL@@@_STL@@IAEXXZ	0x000C20A3	wrong
Code/Libraries/Source/WWVegas/WWLib/stlport_vector_narrowrecord_bfdc7_fill.cpp	??_GBfmeNarrowRecord000BFDC7@@QAEPAXI@Z	??1BfmeNarrowRecord000BFDC7@@QAE@XZ	0x0021F8F3	wrong
Code/Libraries/Source/WWVegas/WWLib/stlport_vector_narrowrecord_bfdc7_fill.cpp	?_M_clear@?$vector@UBfmeNarrowRecord000BFDC7@@V?$allocator@UBfmeNarrowRecord000BFDC7@@@_STL@@@_STL@@IAEXXZ	??$_Destroy@PAUBfmeNarrowRecord000BFDC7@@@_STL@@YAXPAUBfmeNarrowRecord000BFDC7@@0@Z	0x000BDCEF	wrong
Code/Libraries/Source/WWVegas/WWLib/stlport_vector_nocasepair_assign.cpp	??4?$vector@U?$pair@$$CBVAsciiString@@UNoCaseTreeValue4@@@_STL@@V?$allocator@U?$pair@$$CBVAsciiString@@UNoCaseTreeValue4@@@_STL@@@2@@_STL@@QAEAAV01@ABV01@@Z	??$__copy_ptrs@PAUFXBoneInfo@@PAU1@@_STL@@YAPAUFXBoneInfo@@PAU1@00ABU__false_type@0@@Z	0x00255CFA	divergent
Code/Libraries/Source/WWVegas/WWLib/stlport_vector_pair.cpp	??4?$vector@U?$pair@HH@_STL@@V?$allocator@U?$pair@HH@_STL@@@2@@_STL@@QAEAAV01@ABV01@@Z	??$_M_allocate_and_copy@PBU?$pair@HH@_STL@@@?$vector@U?$pair@HH@_STL@@V?$allocator@U?$pair@HH@_STL@@@2@@_STL@@IAEPAU?$pair@HH@1@IPBU21@0@Z	0x00627960	unowned
Code/Libraries/Source/WWVegas/WWLib/stlport_vector_pair_char_insert_overflow.cpp	?_M_insert_overflow@?$vector@U?$pair@$$CBVAsciiString@@D@_STL@@V?$allocator@U?$pair@$$CBVAsciiString@@D@_STL@@@2@@_STL@@IAEXPAU?$pair@$$CBVAsciiString@@D@2@ABU32@ABU__false_type@2@I_N@Z	?_M_clear@?$vector@U?$pair@$$CBVAsciiString@@D@_STL@@V?$allocator@U?$pair@$$CBVAsciiString@@D@_STL@@@2@@_STL@@IAEXXZ	0x004C3D8B	wrong
Code/Libraries/Source/WWVegas/WWLib/stlport_vector_pod28_allocate_copy.cpp	??$_M_allocate_and_copy@PBUBfmePod28@@@?$vector@UBfmePod28@@V?$allocator@UBfmePod28@@@_STL@@@_STL@@IAEPAUBfmePod28@@IPBU2@0@Z	??$__uninitialized_copy@PBUBfmePod28@@PAU1@@_STL@@YAPAUBfmePod28@@PBU1@0PAU1@ABU__false_type@0@@Z	0x005411C8	wrong
Code/Libraries/Source/WWVegas/WWLib/stlport_vector_pod40_lower_bound.cpp	?reserve@?$vector@UBfmePod40@@V?$allocator@UBfmePod40@@@_STL@@@_STL@@QAEXI@Z	??$_M_allocate_and_copy@PAUBfmePod40@@@?$vector@UBfmePod40@@V?$allocator@UBfmePod40@@@_STL@@@_STL@@IAEPAUBfmePod40@@IPAU2@0@Z	0x0054016A	divergent
Code/Libraries/Source/WWVegas/WWLib/stlport_vector_pod40_overflow.cpp	?_M_insert_overflow@?$vector@UBfmePod40@@V?$allocator@UBfmePod40@@@_STL@@@_STL@@IAEXPAUBfmePod40@@ABU3@ABU__false_type@2@I_N@Z	??$_Construct@UBfmePod40@@U1@@_STL@@YAXPAUBfmePod40@@ABU1@@Z	0x0052C320	wrong
Code/Libraries/Source/WWVegas/WWLib/stlport_vector_pod40_overflow.cpp	?_M_insert_overflow@?$vector@UBfmePod40@@V?$allocator@UBfmePod40@@@_STL@@@_STL@@IAEXPAUBfmePod40@@ABU3@ABU__false_type@2@I_N@Z	?_M_clear@?$vector@UBfmePod40@@V?$allocator@UBfmePod40@@@_STL@@@_STL@@IAEXXZ	0x005659E8	divergent
Code/Libraries/Source/WWVegas/WWLib/stlport_vector_pod900_overflow.cpp	?_M_insert_overflow@?$vector@UBfmeRecordOwner900@@V?$allocator@UBfmeRecordOwner900@@@_STL@@@_STL@@IAEXPAUBfmeRecordOwner900@@ABU3@ABU__false_type@2@I_N@Z	??$__uninitialized_copy@PAUBfmeRecordOwner900@@PAU1@@_STL@@YAPAUBfmeRecordOwner900@@PAU1@00ABU__false_type@0@@Z	0x004CB90B	divergent
Code/Libraries/Source/WWVegas/WWLib/stlport_vector_pod900_overflow.cpp	?_M_insert_overflow@?$vector@UBfmeRecordOwner900@@V?$allocator@UBfmeRecordOwner900@@@_STL@@@_STL@@IAEXPAUBfmeRecordOwner900@@ABU3@ABU__false_type@2@I_N@Z	??$__uninitialized_fill_n@PAUBfmeRecordOwner900@@IU1@@_STL@@YAPAUBfmeRecordOwner900@@PAU1@IABU1@ABU__false_type@0@@Z	0x004CB93A	divergent
Code/Libraries/Source/WWVegas/WWLib/stlport_vector_quantitymodifier_insert_overflow_49F729.cpp	?_M_insert_overflow@?$vector@UQuantityModifier@@V?$allocator@UQuantityModifier@@@_STL@@@_STL@@IAEXPAUQuantityModifier@@ABU3@ABU__false_type@2@I_N@Z	??$_Construct@UQuantityModifier@@U1@@_STL@@YAXPAUQuantityModifier@@ABU1@@Z	0x0049DD0B	wrong
Code/Libraries/Source/WWVegas/WWLib/stlport_vector_quantitymodifier_insert_overflow_49F729.cpp	?push_back@?$vector@UQuantityModifier@@V?$allocator@UQuantityModifier@@@_STL@@@_STL@@QAEXABUQuantityModifier@@@Z	??$_Construct@UQuantityModifier@@U1@@_STL@@YAXPAUQuantityModifier@@ABU1@@Z	0x0049DD0B	wrong
Code/Libraries/Source/WWVegas/WWLib/stlport_vector_record_2154f3_erase.cpp	?erase@?$vector@UBfmeVectorRecord0002154F3@@V?$allocator@UBfmeVectorRecord0002154F3@@@_STL@@@_STL@@QAEPAUBfmeVectorRecord0002154F3@@PAU3@0@Z	??$__copy_ptrs@PAUBfmeVectorRecord0002154F3@@PAU1@@_STL@@YAPAUBfmeVectorRecord0002154F3@@PAU1@00ABU__false_type@0@@Z	0x0021570D	wrong
Code/Libraries/Source/WWVegas/WWLib/stlport_vector_rva000ab3e2_overflow.cpp	?_M_insert_overflow@?$vector@URva0008DE1CElement@@V?$allocator@URva0008DE1CElement@@@_STL@@@_STL@@IAEXPAURva0008DE1CElement@@ABU3@ABU__false_type@2@I_N@Z	??$_Construct@URva0008DE1CElement@@U1@@_STL@@YAXPAURva0008DE1CElement@@ABU1@@Z	0x0008A173	wrong
Code/Libraries/Source/WWVegas/WWLib/stlport_vector_rva000b435f_erase.cpp	?erase@?$vector@URva000B435F@@V?$allocator@URva000B435F@@@_STL@@@_STL@@QAEPAURva000B435F@@PAU3@0@Z	??$__copy_ptrs@PAURva000B435F@@PAU1@@_STL@@YAPAURva000B435F@@PAU1@00ABU__false_type@0@@Z	0x002CF830	wrong
Code/Libraries/Source/WWVegas/WWLib/stlport_vector_rva000bb491_allocate_copy.cpp	??0?$vector@VRva000BB491@@V?$allocator@VRva000BB491@@@_STL@@@_STL@@QAE@ABV01@@Z	??0?$_Vector_base@VRva000BB491@@V?$allocator@VRva000BB491@@@_STL@@@_STL@@QAE@IABV?$allocator@VRva000BB491@@@1@@Z	0x000B63B2	wrong
Code/Libraries/Source/WWVegas/WWLib/stlport_vector_rva000bb4ac_allocate_copy.cpp	??0?$vector@VRva000BB4AC@@V?$allocator@VRva000BB4AC@@@_STL@@@_STL@@QAE@ABV01@@Z	??0?$_Vector_base@VRva000BB4AC@@V?$allocator@VRva000BB4AC@@@_STL@@@_STL@@QAE@IABV?$allocator@VRva000BB4AC@@@1@@Z	0x000B63B2	wrong
Code/Libraries/Source/WWVegas/WWLib/stlport_vector_rva001741eb_fill.cpp	??$__uninitialized_copy@PAURva001741EBElement@@PAU1@@_STL@@YAPAURva001741EBElement@@PAU1@00ABU__false_type@0@@Z	??$_Construct@URva001741EBElement@@U1@@_STL@@YAXPAURva001741EBElement@@ABU1@@Z	0x00173351	unowned
Code/Libraries/Source/WWVegas/WWLib/stlport_vector_rva001741eb_fill.cpp	??$__uninitialized_fill_n@PAURva001741EBElement@@IU1@@_STL@@YAPAURva001741EBElement@@PAU1@IABU1@ABU__false_type@0@@Z	??$_Construct@URva001741EBElement@@U1@@_STL@@YAXPAURva001741EBElement@@ABU1@@Z	0x00173351	unowned
Code/Libraries/Source/WWVegas/WWLib/stlport_vector_rva001741eb_overflow.cpp	?_M_insert_overflow@?$vector@URva001741EBElement@@V?$allocator@URva001741EBElement@@@_STL@@@_STL@@IAEXPAURva001741EBElement@@ABU3@ABU__false_type@2@I_N@Z	??$_Construct@URva001741EBElement@@U1@@_STL@@YAXPAURva001741EBElement@@ABU1@@Z	0x00173351	unowned
Code/Libraries/Source/WWVegas/WWLib/stlport_vector_rva00287f76_overflow.cpp	?_M_insert_overflow@?$vector@URva00287F76Element@@V?$allocator@URva00287F76Element@@@_STL@@@_STL@@IAEXPAURva00287F76Element@@ABU3@ABU__false_type@2@I_N@Z	??$_Construct@URva00287F76Element@@U1@@_STL@@YAXPAURva00287F76Element@@ABU1@@Z	0x002861B0	wrong
Code/Libraries/Source/WWVegas/WWLib/stlport_vector_rva002a76a0_overflow.cpp	?_M_insert_overflow@?$vector@URva002A76A0Element@@V?$allocator@URva002A76A0Element@@@_STL@@@_STL@@IAEXPAURva002A76A0Element@@ABU3@ABU__false_type@2@I_N@Z	?_M_clear@?$vector@URva002A76A0Element@@V?$allocator@URva002A76A0Element@@@_STL@@@_STL@@IAEXXZ	0x002A7677	wrong
Code/Libraries/Source/WWVegas/WWLib/stlport_vector_rva00336aec_overflow.cpp	?_M_insert_overflow@?$vector@URva00336AECElement@@V?$allocator@URva00336AECElement@@@_STL@@@_STL@@IAEXPAURva00336AECElement@@ABU3@ABU__false_type@2@I_N@Z	??$_Construct@URva00336AECElement@@U1@@_STL@@YAXPAURva00336AECElement@@ABU1@@Z	0x00333295	wrong
Code/Libraries/Source/WWVegas/WWLib/stlport_vector_rva0036CA00_reserve.cpp	?reserve@?$vector@VRva0036CA00Str@@V?$allocator@VRva0036CA00Str@@@_STL@@@_STL@@QAEXI@Z	?_M_clear@?$vector@VRva0036CA00Str@@V?$allocator@VRva0036CA00Str@@@_STL@@@_STL@@IAEXXZ	0x00057DE4	wrong
Code/Libraries/Source/WWVegas/WWLib/stlport_vector_rva0036ca00_overflow.cpp	?_M_insert_overflow@?$vector@VRva0036CA00Str@@V?$allocator@VRva0036CA00Str@@@_STL@@@_STL@@IAEXPAVRva0036CA00Str@@ABV3@ABU__false_type@2@I_N@Z	?_M_clear@?$vector@VRva0036CA00Str@@V?$allocator@VRva0036CA00Str@@@_STL@@@_STL@@IAEXXZ	0x00057DE4	wrong
Code/Libraries/Source/WWVegas/WWLib/stlport_vector_rva00390729_reserve.cpp	?reserve@?$vector@URva00390729Element@@V?$allocator@URva00390729Element@@@_STL@@@_STL@@QAEXI@Z	?_M_allocate_and_copy@?$vector@URva00390729Element@@V?$allocator@URva00390729Element@@@_STL@@@_STL@@IAEPAURva00390729Element@@IPBU3@0@Z	0x000E016A	wrong
Code/Libraries/Source/WWVegas/WWLib/stlport_vector_rva003a6f70_overflow.cpp	?_M_insert_overflow@?$vector@VRva003A6F70@@V?$allocator@VRva003A6F70@@@_STL@@@_STL@@IAEXPAVRva003A6F70@@ABV3@ABU__false_type@2@I_N@Z	?_M_clear@?$vector@VRva003A6F70@@V?$allocator@VRva003A6F70@@@_STL@@@_STL@@IAEXXZ	0x00565A06	wrong
Code/Libraries/Source/WWVegas/WWLib/stlport_vector_rva004e18a2_overflow.cpp	?_M_insert_overflow@?$vector@VRva004E18A2@@V?$allocator@VRva004E18A2@@@_STL@@@_STL@@IAEXPAVRva004E18A2@@ABV3@ABU__false_type@2@I_N@Z	?_M_clear@?$vector@VRva004E18A2@@V?$allocator@VRva004E18A2@@@_STL@@@_STL@@IAEXXZ	0x00565A60	wrong
Code/Libraries/Source/WWVegas/WWLib/stlport_vector_rva004e194e_overflow.cpp	?_M_insert_overflow@?$vector@VRva004E194E@@V?$allocator@VRva004E194E@@@_STL@@@_STL@@IAEXPAVRva004E194E@@ABV3@ABU__false_type@2@I_N@Z	?_M_clear@?$vector@VRva004E194E@@V?$allocator@VRva004E194E@@@_STL@@@_STL@@IAEXXZ	0x00565A42	wrong
Code/Libraries/Source/WWVegas/WWLib/stlport_vector_rva004e32f2_allocate_copy.cpp	??0?$vector@VRva004E32F2@@V?$allocator@VRva004E32F2@@@_STL@@@_STL@@QAE@ABV01@@Z	??0?$_Vector_base@VRva004E32F2@@V?$allocator@VRva004E32F2@@@_STL@@@_STL@@QAE@IABV?$allocator@VRva004E32F2@@@1@@Z	0x000B63B2	wrong
Code/Libraries/Source/WWVegas/WWLib/stlport_vector_rva004e32f2_overflow.cpp	?_M_insert_overflow@?$vector@VRva004E32F2@@V?$allocator@VRva004E32F2@@@_STL@@@_STL@@IAEXPAVRva004E32F2@@ABV3@ABU__false_type@2@I_N@Z	?_M_clear@?$vector@VRva004E32F2@@V?$allocator@VRva004E32F2@@@_STL@@@_STL@@IAEXXZ	0x00565A24	divergent
Code/Libraries/Source/WWVegas/WWLib/stlport_vector_rva00504755_overflow.cpp	?_M_insert_overflow@?$vector@URva00504755Record@@V?$allocator@URva00504755Record@@@_STL@@@_STL@@IAEXPAURva00504755Record@@ABU3@ABU__false_type@2@I_N@Z	??$_Construct@URva00504755Record@@U1@@_STL@@YAXPAURva00504755Record@@ABU1@@Z	0x0041360E	wrong
Code/Libraries/Source/WWVegas/WWLib/stlport_vector_rva0052bde6_overflow.cpp	?_M_insert_overflow@?$vector@VRva0052BDE6@@V?$allocator@VRva0052BDE6@@@_STL@@@_STL@@IAEXPAVRva0052BDE6@@ABV3@ABU__false_type@2@I_N@Z	?_M_clear@?$vector@VRva0052BDE6@@V?$allocator@VRva0052BDE6@@@_STL@@@_STL@@IAEXXZ	0x004EE540	wrong
Code/Libraries/Source/WWVegas/WWLib/stlport_vector_rva0052bef0_overflow.cpp	?_M_insert_overflow@?$vector@VRva0052BEF0@@V?$allocator@VRva0052BEF0@@@_STL@@@_STL@@IAEXPAVRva0052BEF0@@ABV3@ABU__false_type@2@I_N@Z	?_M_clear@?$vector@VRva0052BEF0@@V?$allocator@VRva0052BEF0@@@_STL@@@_STL@@IAEXXZ	0x004EE540	wrong
Code/Libraries/Source/WWVegas/WWLib/stlport_vector_rva005334a4_overflow.cpp	?_M_insert_overflow@?$vector@URva005334A4Element@@V?$allocator@URva005334A4Element@@@_STL@@@_STL@@IAEXPAURva005334A4Element@@ABU3@ABU__false_type@2@I_N@Z	??$_Construct@URva005334A4Element@@U1@@_STL@@YAXPAURva005334A4Element@@ABU1@@Z	0x0053229D	divergent
Code/Libraries/Source/WWVegas/WWLib/stlport_vector_rva00541021_allocate_copy.cpp	?reserve@?$vector@URva00541021@@V?$allocator@URva00541021@@@_STL@@@_STL@@QAEXI@Z	??$_M_allocate_and_copy@PAURva00541021@@@?$vector@URva00541021@@V?$allocator@URva00541021@@@_STL@@@_STL@@IAEPAURva00541021@@IPAU2@0@Z	0x00469CED	wrong
Code/Libraries/Source/WWVegas/WWLib/stlport_vector_rva00587375_overflow.cpp	?_M_insert_overflow@?$vector@URva00587375@@V?$allocator@URva00587375@@@_STL@@@_STL@@IAEXPAURva00587375@@ABU3@ABU__false_type@2@I_N@Z	??$_Construct@URva00587375@@U1@@_STL@@YAXPAURva00587375@@ABU1@@Z	0x00587410	wrong
Code/Libraries/Source/WWVegas/WWLib/stlport_vector_rva005de5b5_dtor.cpp	??1?$vector@VRva005DE5B5@@V?$allocator@VRva005DE5B5@@@_STL@@@_STL@@QAE@XZ	??$_Destroy@PAVRva005DE5B5@@@_STL@@YAXPAVRva005DE5B5@@0@Z	0x005DE952	wrong
Code/Libraries/Source/WWVegas/WWLib/stlport_vector_s_o1.cpp	??0?$_Vector_base@FV?$allocator@F@_STL@@@_STL@@QAE@IABV?$allocator@F@1@@Z	?allocate@?$allocator@F@_STL@@QBEPAFIPBX@Z	0x00017710	wrong
Code/Libraries/Source/WWVegas/WWLib/stlport_vector_s_o1.cpp	?_M_insert_overflow@?$vector@FV?$allocator@F@_STL@@@_STL@@IAEXPAFABFABU__true_type@2@I_N@Z	?allocate@?$allocator@F@_STL@@QBEPAFIPBX@Z	0x00017710	wrong
Code/Libraries/Source/WWVegas/WWLib/stlport_vector_scalar8_assign.cpp	??4?$vector@UBfmeAsciiScalarValue8@@V?$allocator@UBfmeAsciiScalarValue8@@@_STL@@@_STL@@QAEAAV01@ABV01@@Z	??$_M_allocate_and_copy@PBUBfmeAsciiScalarValue8@@@?$vector@UBfmeAsciiScalarValue8@@V?$allocator@UBfmeAsciiScalarValue8@@@_STL@@@_STL@@IAEPAUBfmeAsciiScalarValue8@@IPBU2@0@Z	0x0031BD77	wrong
Code/Libraries/Source/WWVegas/WWLib/stlport_vector_scalar_copy.cpp	??0?$vector@IV?$allocator@I@_STL@@@_STL@@QAE@ABV01@@Z	??0?$_Vector_base@IV?$allocator@I@_STL@@@_STL@@QAE@IABV?$allocator@I@1@@Z	0x004F62A4	divergent
Code/Libraries/Source/WWVegas/WWLib/stlport_vector_scalar_copy.cpp	??0?$vector@IV?$allocator@I@_STL@@@_STL@@QAE@ABV01@@Z	?get_allocator@?$vector@IV?$allocator@I@_STL@@@_STL@@QBE?AV?$allocator@I@2@XZ	0x0021983A	divergent
Code/Libraries/Source/WWVegas/WWLib/stlport_vector_stringrecord_111acf_allocate_copy.cpp	??$__uninitialized_copy@PAUBfmeStringRecord00111ACF@@PAU1@@_STL@@YAPAUBfmeStringRecord00111ACF@@PAU1@00ABU__false_type@0@@Z	??$_Construct@UBfmeStringRecord00111ACF@@U1@@_STL@@YAXPAUBfmeStringRecord00111ACF@@ABU1@@Z	0x003F62C8	wrong
Code/Libraries/Source/WWVegas/WWLib/stlport_vector_stringrecord_111acf_allocate_copy.cpp	?_M_insert_overflow@?$vector@UBfmeStringRecord00111ACF@@V?$allocator@UBfmeStringRecord00111ACF@@@_STL@@@_STL@@IAEXPAUBfmeStringRecord00111ACF@@ABU3@ABU__false_type@2@I_N@Z	??$_Construct@UBfmeStringRecord00111ACF@@U1@@_STL@@YAXPAUBfmeStringRecord00111ACF@@ABU1@@Z	0x003F62C8	wrong
Code/Libraries/Source/WWVegas/WWLib/stlport_vector_stringrecord_111acf_allocate_copy.cpp	?push_back@?$vector@UBfmeStringRecord00111ACF@@V?$allocator@UBfmeStringRecord00111ACF@@@_STL@@@_STL@@QAEXABUBfmeStringRecord00111ACF@@@Z	??$_Construct@UBfmeStringRecord00111ACF@@U1@@_STL@@YAXPAUBfmeStringRecord00111ACF@@ABU1@@Z	0x003F62C8	wrong
Code/Libraries/Source/WWVegas/WWLib/stlport_vector_stringrecord_2cf5b1_assign.cpp	??4?$vector@UBfmeStringRecord002CF5B1@@V?$allocator@UBfmeStringRecord002CF5B1@@@_STL@@@_STL@@QAEAAV01@ABV01@@Z	??$__copy_ptrs@PAUPrereqUnitRec@ProductionPrerequisite@@PAU12@@_STL@@YAPAUPrereqUnitRec@ProductionPrerequisite@@PAU12@00ABU__false_type@0@@Z	0x002CF594	wrong
Code/Libraries/Source/WWVegas/WWLib/stlport_vector_stringrecord_331962_allocate_copy.cpp	??$__uninitialized_copy@PBUBfmeStringRecord000331962@@PAU1@@_STL@@YAPAUBfmeStringRecord000331962@@PBU1@0PAU1@ABU__false_type@0@@Z	??$_Construct@UBfmeStringRecord000331962@@U1@@_STL@@YAXPAUBfmeStringRecord000331962@@ABU1@@Z	0x00331B3D	wrong
Code/Libraries/Source/WWVegas/WWLib/stlport_vector_stringrecord_331962_allocate_copy.cpp	??$fill@PAUBfmeStringRecord000331962@@U1@@_STL@@YAXPAUBfmeStringRecord000331962@@0ABU1@@Z	??4BfmeStringRecord000331962@@QAEAAU0@ABU0@@Z	0x0026F4F4	wrong
Code/Libraries/Source/WWVegas/WWLib/stlport_vector_stringrecord_331962_allocate_copy.cpp	?push_back@?$vector@UBfmeStringRecord000331962@@V?$allocator@UBfmeStringRecord000331962@@@_STL@@@_STL@@QAEXABUBfmeStringRecord000331962@@@Z	??$_Construct@UBfmeStringRecord000331962@@U1@@_STL@@YAXPAUBfmeStringRecord000331962@@ABU1@@Z	0x00331B3D	wrong
Code/Libraries/Source/WWVegas/WWLib/stlport_vector_stringrecord_331962_insert_overflow.cpp	?_M_insert_overflow@?$vector@UBfmeStringRecord000331962@@V?$allocator@UBfmeStringRecord000331962@@@_STL@@@_STL@@IAEXPAUBfmeStringRecord000331962@@ABU3@ABU__false_type@2@I_N@Z	??$_Construct@UBfmeStringRecord000331962@@U1@@_STL@@YAXPAUBfmeStringRecord000331962@@ABU1@@Z	0x00331B3D	wrong
Code/Libraries/Source/WWVegas/WWLib/stlport_vector_stringrecord_331962_insert_overflow.cpp	?_M_insert_overflow@?$vector@UBfmeStringRecord000331962@@V?$allocator@UBfmeStringRecord000331962@@@_STL@@@_STL@@IAEXPAUBfmeStringRecord000331962@@ABU3@ABU__false_type@2@I_N@Z	?_M_clear@?$vector@UBfmeStringRecord000331962@@V?$allocator@UBfmeStringRecord000331962@@@_STL@@@_STL@@IAEXXZ	0x000C05EC	wrong
Code/Libraries/Source/WWVegas/WWLib/stlport_vector_stringrecord_3b3f78_allocate_copy.cpp	?reserve@?$vector@UBfmeStringRecord003B3F78@@V?$allocator@UBfmeStringRecord003B3F78@@@_STL@@@_STL@@QAEXI@Z	?_M_clear@?$vector@UBfmeStringRecord003B3F78@@V?$allocator@UBfmeStringRecord003B3F78@@@_STL@@@_STL@@IAEXXZ	0x003B6846	wrong
Code/Libraries/Source/WWVegas/WWLib/stlport_vector_stringrecord_568ce0_allocate_copy.cpp	??$_Destroy@PAUBfmeStringRecord00568CE0@@@_STL@@YAXPAUBfmeStringRecord00568CE0@@0@Z	??1BfmeStringRecord00568CE0@@QAE@XZ	0x00568C4E	wrong
Code/Libraries/Source/WWVegas/WWLib/stlport_vector_stringrecord_5ddd40_allocate_copy.cpp	??$_Destroy@PAUBfmeStringRecord005DDD40@@@_STL@@YAXPAUBfmeStringRecord005DDD40@@0@Z	??1BfmeStringRecord005DDD40@@QAE@XZ	0x005B804E	divergent
Code/Libraries/Source/WWVegas/WWLib/stlport_vector_stringrecord_5ddd40_allocate_copy.cpp	??0?$vector@UBfmeStringRecord005DDD40@@V?$allocator@UBfmeStringRecord005DDD40@@@_STL@@@_STL@@QAE@ABV01@@Z	??0?$_Vector_base@UBfmeStringRecord005DDD40@@V?$allocator@UBfmeStringRecord005DDD40@@@_STL@@@_STL@@QAE@IABV?$allocator@UBfmeStringRecord005DDD40@@@1@@Z	0x000B6378	wrong
Code/Libraries/Source/WWVegas/WWLib/stlport_vector_stringrecord_5ddd40_erase.cpp	?erase@?$vector@UBfmeStringRecord005DDD40@@V?$allocator@UBfmeStringRecord005DDD40@@@_STL@@@_STL@@QAEPAUBfmeStringRecord005DDD40@@PAU3@0@Z	??$__copy_ptrs@PAUBfmeStringRecord005DDD40@@PAU1@@_STL@@YAPAUBfmeStringRecord005DDD40@@PAU1@00ABU__false_type@0@@Z	0x0038151E	wrong
Code/Libraries/Source/WWVegas/WWLib/stlport_vector_stringrecord_5de5b5_dtor.cpp	??0Rva005DE5B5@@QAE@XZ	??0?$_Vector_base@UBfmeStringRecord005DDD40@@V?$allocator@UBfmeStringRecord005DDD40@@@_STL@@@_STL@@QAE@ABV?$allocator@UBfmeStringRecord005DDD40@@@1@@Z	0x00211E58	wrong
Code/Libraries/Source/WWVegas/WWLib/stlport_vector_stringrecord_b94d2_allocate_copy.cpp	??0?$vector@UBfmeStringRecord000B94D2@@V?$allocator@UBfmeStringRecord000B94D2@@@_STL@@@_STL@@QAE@ABV01@@Z	??0?$_Vector_base@UBfmeStringRecord000B94D2@@V?$allocator@UBfmeStringRecord000B94D2@@@_STL@@@_STL@@QAE@IABV?$allocator@UBfmeStringRecord000B94D2@@@1@@Z	0x000B6378	wrong
Code/Libraries/Source/WWVegas/WWLib/stlport_vector_stringrecord_b94d2_allocate_copy.cpp	??1Rva005796FC@@QAE@XZ	??1AsciiString@@QAE@XZ	0x00036410	divergent
Code/Libraries/Source/WWVegas/WWLib/stlport_vector_stringrecord_b950f_allocate_copy.cpp	??0?$vector@UBfmeStringRecord000B950F@@V?$allocator@UBfmeStringRecord000B950F@@@_STL@@@_STL@@QAE@ABV01@@Z	??0?$_Vector_base@UBfmeStringRecord000B950F@@V?$allocator@UBfmeStringRecord000B950F@@@_STL@@@_STL@@QAE@IABV?$allocator@UBfmeStringRecord000B950F@@@1@@Z	0x005C8C37	wrong
Code/Libraries/Source/WWVegas/WWLib/stlport_vector_stringrecord_b950f_assign.cpp	??4?$vector@UBfmeStringRecord000B950F@@V?$allocator@UBfmeStringRecord000B950F@@@_STL@@@_STL@@QAEAAV01@ABV01@@Z	??$__copy_ptrs@PAURva000B435F@@PAU1@@_STL@@YAPAURva000B435F@@PAU1@00ABU__false_type@0@@Z	0x002CF830	wrong
Code/Libraries/Source/WWVegas/WWLib/stlport_vector_stringrecord_b950f_insert_overflow.cpp	?_M_insert_overflow@?$vector@UBfmeStringRecord000B950F@@V?$allocator@UBfmeStringRecord000B950F@@@_STL@@@_STL@@IAEXPAUBfmeStringRecord000B950F@@ABU3@ABU__false_type@2@I_N@Z	?_M_clear@?$vector@UBfmeStringRecord000B950F@@V?$allocator@UBfmeStringRecord000B950F@@@_STL@@@_STL@@IAEXXZ	0x000C05EC	wrong
Code/Libraries/Source/WWVegas/WWLib/stlport_vector_stringrecord_b9534_vector_base.cpp	?_M_insert_overflow@?$vector@UBfmeStringRecord000B9534@@V?$allocator@UBfmeStringRecord000B9534@@@_STL@@@_STL@@IAEXPAUBfmeStringRecord000B9534@@ABU3@ABU__false_type@2@I_N@Z	?_M_clear@?$vector@UBfmeStringRecord000B9534@@V?$allocator@UBfmeStringRecord000B9534@@@_STL@@@_STL@@IAEXXZ	0x000C065B	wrong
Code/Libraries/Source/WWVegas/WWLib/stlport_vector_stringrecord_b9534_vector_base.cpp	?reserve@?$vector@UBfmeStringRecord000B9534@@V?$allocator@UBfmeStringRecord000B9534@@@_STL@@@_STL@@QAEXI@Z	?_M_clear@?$vector@UBfmeStringRecord000B9534@@V?$allocator@UBfmeStringRecord000B9534@@@_STL@@@_STL@@IAEXXZ	0x000C065B	wrong
Code/Libraries/Source/WWVegas/WWLib/stlport_vector_tailrecord156_copy.cpp	??0?$vector@VBfmeStringTailRecord156@@V?$allocator@VBfmeStringTailRecord156@@@_STL@@@_STL@@QAE@ABV01@@Z	??0?$_Vector_base@VBfmeStringTailRecord156@@V?$allocator@VBfmeStringTailRecord156@@@_STL@@@_STL@@QAE@IABV?$allocator@VBfmeStringTailRecord156@@@1@@Z	0x000B6378	divergent
Code/Libraries/Source/WWVegas/WWLib/stlport_vector_voidptr.cpp	?insert@?$vector@PAXV?$allocator@PAX@_STL@@@_STL@@QAEXPAPAXIABQAX@Z	?_M_fill_insert@?$vector@PAXV?$allocator@PAX@_STL@@@_STL@@QAEXPAPAXIABQAX@Z	0x00029CA0	unowned
Code/Libraries/Source/WWVegas/WWLib/stlport_vector_voidptr_alloc.cpp	?reserve@?$vector@PAXV?$allocator@PAX@_STL@@@_STL@@QAEXI@Z	??$_M_allocate_and_copy@PAPAX@?$vector@PAXV?$allocator@PAX@_STL@@@_STL@@IAEPAPAXIPAPAX0@Z	0x00027F60	divergent
Code/Libraries/Source/WWVegas/WWLib/stlport_vector_wide_record_5fdec7_insert_overflow.cpp	?_M_insert_overflow@?$vector@UBfmeContainerRecord005FDEC7@@V?$allocator@UBfmeContainerRecord005FDEC7@@@_STL@@@_STL@@IAEXPAUBfmeContainerRecord005FDEC7@@ABU3@ABU__false_type@2@I_N@Z	??$_Construct@UBfmeContainerRecord005FDEC7@@U1@@_STL@@YAXPAUBfmeContainerRecord005FDEC7@@ABU1@@Z	0x005FE0F5	wrong
Code/Libraries/Source/WWVegas/WWLib/stlport_vector_word_o1.cpp	??0?$vector@GV?$allocator@G@_STL@@@_STL@@QAE@I@Z	??$fill_n@PAGIG@_STL@@YAPAGPAGIABG@Z	0x0007E48F	divergent
Code/Libraries/Source/WWVegas/WWLib/stlport_vector_word_o1.cpp	??0?$vector@GV?$allocator@G@_STL@@@_STL@@QAE@I@Z	??0?$_Vector_base@GV?$allocator@G@_STL@@@_STL@@QAE@IABV?$allocator@G@1@@Z	0x004F62A4	wrong
Code/Libraries/Source/WWVegas/WWLib/stlport_vector_word_o1.cpp	??0?$vector@GV?$allocator@G@_STL@@@_STL@@QAE@IABGABV?$allocator@G@1@@Z	??$fill_n@PAGIG@_STL@@YAPAGPAGIABG@Z	0x0007E48F	divergent
Code/Libraries/Source/WWVegas/WWLib/stlport_vector_word_o1.cpp	??0?$vector@GV?$allocator@G@_STL@@@_STL@@QAE@IABGABV?$allocator@G@1@@Z	??0?$_Vector_base@GV?$allocator@G@_STL@@@_STL@@QAE@IABV?$allocator@G@1@@Z	0x004F62A4	wrong
Code/Libraries/Source/WWVegas/WWLib/stlport_vector_word_o1.cpp	?resize@BfmeWordVec@@QAEXIG@Z	?_M_fill_insert@?$vector@GV?$allocator@G@_STL@@@_STL@@QAEXPAGIABG@Z	0x0007FF18	wrong
Code/Libraries/Source/WWVegas/WWLib/stlport_wide_get_formatted_time.cpp	??$__get_formatted_time@V?$istreambuf_iterator@GV?$char_traits@G@_STL@@@_STL@@PBD@_STL@@YAPBDV?$istreambuf_iterator@GV?$char_traits@G@_STL@@@0@0PBD1ABV_Time_Info@0@AAHPAUtm@@@Z	??$__get_decimal_integer@V?$istreambuf_iterator@GV?$char_traits@G@_STL@@@_STL@@H@_STL@@YA_NAAV?$istreambuf_iterator@GV?$char_traits@G@_STL@@@0@0AAH@Z	0x0000B4C0	divergent
Code/Libraries/Source/WWVegas/WWLib/stlport_wide_money_put_long_double.cpp	?do_put@?$money_put@GV?$ostreambuf_iterator@GV?$char_traits@G@_STL@@@_STL@@@_STL@@MBE?AV?$ostreambuf_iterator@GV?$char_traits@G@_STL@@@2@V32@_NAAVios_base@2@GO@Z	??1?$basic_string@GV?$char_traits@G@_STL@@V?$allocator@G@2@@_STL@@QAE@XZ	0x00142D70	divergent
Code/Libraries/Source/WWVegas/WWLib/stlport_wide_num_get_bool.cpp	?do_get@?$num_get@GV?$istreambuf_iterator@GV?$char_traits@G@_STL@@@_STL@@@_STL@@MBE?AV?$istreambuf_iterator@GV?$char_traits@G@_STL@@@2@V32@0AAVios_base@2@AAHAA_N@Z	??1?$_String_base@GV?$allocator@G@_STL@@@_STL@@QAE@XZ	0x0000B3C0	divergent
Code/Libraries/Source/WWVegas/WWLib/stlport_wide_num_put_bool.cpp	??$_M_range_initialize@PAG@?$basic_string@GV?$char_traits@G@_STL@@V?$allocator@G@2@@_STL@@AAEXPAG0@Z	??$_M_range_initialize@PAG@?$basic_string@GV?$char_traits@G@_STL@@V?$allocator@G@2@@_STL@@AAEXPAG0ABUforward_iterator_tag@1@@Z	0x000120F0	divergent
Code/Libraries/Source/WWVegas/WWLib/stlport_wide_num_put_bool.cpp	?do_put@?$num_put@GV?$ostreambuf_iterator@GV?$char_traits@G@_STL@@@_STL@@@_STL@@MBE?AV?$ostreambuf_iterator@GV?$char_traits@G@_STL@@@2@V32@AAVios_base@2@G_N@Z	??1?$_String_base@GV?$allocator@G@_STL@@@_STL@@QAE@XZ	0x0000B3C0	divergent
Code/Libraries/Source/WWVegas/WWLib/stlport_wide_put_float.cpp	??$__put_float@V?$ostreambuf_iterator@GV?$char_traits@G@_STL@@@_STL@@@_STL@@YA?AV?$ostreambuf_iterator@GV?$char_traits@G@_STL@@@0@PAD0V10@AAVios_base@0@GGGABV?$basic_string@DV?$char_traits@D@_STL@@V?$allocator@D@2@@0@@Z	?__insert_grouping@_STL@@YAHPAG0ABV?$basic_string@DV?$char_traits@D@_STL@@V?$allocator@D@2@@1@GGGH@Z	0x0001A610	unowned
Code/Libraries/Source/WWVegas/WWLib/stlport_wide_put_integer.cpp	??$__put_integer@V?$ostreambuf_iterator@GV?$char_traits@G@_STL@@@_STL@@@_STL@@YA?AV?$ostreambuf_iterator@GV?$char_traits@G@_STL@@@0@PAD0V10@AAVios_base@0@HG@Z	?__insert_grouping@_STL@@YAHPAG0ABV?$basic_string@DV?$char_traits@D@_STL@@V?$allocator@D@2@@1@GGGH@Z	0x0001A610	unowned
Code/Libraries/Source/WWVegas/WWLib/stlport_wide_string_assign_dispatch.cpp	??$_M_assign_dispatch@PAG@?$basic_string@GV?$char_traits@G@_STL@@V?$allocator@G@2@@_STL@@QAEAAV01@PAG0ABU__false_type@1@@Z	??$append@PAG@?$basic_string@GV?$char_traits@G@_STL@@V?$allocator@G@2@@_STL@@AAEAAV01@PAG0ABUforward_iterator_tag@1@@Z	0x00013160	divergent
Code/Libraries/Source/WWVegas/WWMath/curve.cpp	??0?$DynamicVectorClass@VKeyClass@Curve3DClass@@@@QAE@IPBVKeyClass@Curve3DClass@@@Z	??0?$VectorClass@VKeyClass@Curve3DClass@@@@QAE@HPBVKeyClass@Curve3DClass@@@Z	0x000F0D2F	wrong
Code/Libraries/Source/WWVegas/WWMath/gridcull.cpp	??3?$AutoPoolClass@VGridLinkClass@@$0BAA@@@SAXPAX@Z	?Free_Object_Memory@?$ObjectPoolClass@VGridLinkClass@@$0BAA@@@QAEXPAVGridLinkClass@@@Z	0x00196470	wrong
Code/Libraries/Source/WWVegas/WWMath/gridcull.cpp	??_GGridLinkClass@@UAEPAXI@Z	?Free_Object_Memory@?$ObjectPoolClass@VGridLinkClass@@$0BAA@@@QAEXPAVGridLinkClass@@@Z	0x00196470	wrong
Code/Libraries/Source/WWVegas/WWMath/tcbspline.cpp	?Resize@?$DynamicVectorClass@VTCBClass@TCBSpline3DClass@@@@UAE_NHPBVTCBClass@TCBSpline3DClass@@@Z	?Resize@?$VectorClass@VTCBClass@TCBSpline3DClass@@@@UAE_NHPBVTCBClass@TCBSpline3DClass@@@Z	0x000F0BF1	wrong
Code/Libraries/Source/WWVegas/WWSaveLoad/VectorClassEnumValueResize.cpp	?Resize@?$VectorClass@U_ENUM_VALUE@EnumParameterClass@@@@UAE_NHPBU_ENUM_VALUE@EnumParameterClass@@@Z	??1_ENUM_VALUE@EnumParameterClass@@QAE@XZ	0x00001E13	wrong
Code/Libraries/Source/WWVegas/WWSaveLoad/twiddler.cpp	??_G?$DynamicVectorClass@H@@UAEPAXI@Z	??1?$DynamicVectorClass@H@@UAE@XZ	0x000023E3	wrong
Code/Libraries/Source/assetmanager/Rva009EB8A0.cpp	?method@Rva009EB8A0@@QAEXXZ	?m009F0FA0@Q1Receiver0134FAAC@@QAEXPAVRva009EF0D0Element@@@Z	0x00623600	unowned
Code/Libraries/Source/assetmanager/assetmanager_impl.cpp	??E?$_Ht_iterator@U?$pair@$$CBHPAUQ1ReceiverHashPayload@@@_STL@@U?$_Nonconst_traits@U?$pair@$$CBHPAUQ1ReceiverHashPayload@@@_STL@@@2@HU?$hash@H@2@U?$_Select1st@U?$pair@$$CBHPAUQ1ReceiverHashPayload@@@_STL@@@2@U?$equal_to@H@2@V?$allocator@U?$pair@$$CBHPAUQ1ReceiverHashPayload@@@_STL@@@2@@_STL@@QAEAAU01@XZ	?_M_skip_to_next@?$_Hashtable_iterator@U?$pair@$$CBHPAUQ1ReceiverHashPayload@@@_STL@@HU?$hash@H@2@U?$_Select1st@U?$pair@$$CBHPAUQ1ReceiverHashPayload@@@_STL@@@2@U?$equal_to@H@2@V?$allocator@U?$pair@$$CBHPAUQ1ReceiverHashPayload@@@_STL@@@2@@_STL@@QAEPAU?$_Hashtable_node@U?$pair@$$CBHPAUQ1ReceiverHashPayload@@@_STL@@@2@XZ	0x00054DC7	unowned
Code/Libraries/Source/assetmanager/assetmanager_impl.cpp	?m009F0BD0@Q1Receiver0134FAAC@@QAEXH@Z	?refresh@Q1Receiver0134FAAC@@QAEXXZ	0x006227E0	unowned
Code/Libraries/Source/assetmanager/assetmanager_impl.cpp	?m009F0CC0@Q1Receiver0134FAAC@@QAEXH@Z	?refresh@Q1Receiver0134FAAC@@QAEXXZ	0x006227E0	unowned
Code/Libraries/Source/assetmanager/assetmanager_impl.cpp	?m009F0D40@Q1Receiver0134FAAC@@QAEXH@Z	?m009EFD40@Q1Receiver0134FAAC@@QAEXPAUQ1ReceiverLocalSet@@@Z	0x006217F0	unowned
Code/Libraries/Source/assetmanager/assetmanager_impl.cpp	?m009F0E50@Q1Receiver0134FAAC@@QAEXH@Z	?m009EFD40@Q1Receiver0134FAAC@@QAEXPAUQ1ReceiverLocalSet@@@Z	0x006217F0	unowned
Code/Libraries/Source/assetmanager/assetmanager_impl.cpp	?m009F19E0@Q1Receiver0134FAAC@@QAEXH@Z	?refresh@Q1Receiver0134FAAC@@QAEXXZ	0x006227E0	unowned
Code/Libraries/Source/assetmanager/assetmanager_impl.cpp	?m009F1A60@Q1Receiver0134FAAC@@QAEXH@Z	?refresh@Q1Receiver0134FAAC@@QAEXXZ	0x006227E0	unowned
Code/Libraries/Source/debug/DebugIOConConstructor.cpp	uw_0075cea0	??1DebugIOConBase@@UAE@XZ	0x0003F320	wrong
Code/Libraries/Source/debug/DebugIOConDestructorThunk.cpp	uw_0075ce80	??1DebugIOConBase@@UAE@XZ	0x0003F320	wrong
Code/Libraries/Source/subsystem/SubsystemInterface.cpp	?initSubsystem@SubsystemInterfaceList@@QAEXPAVSubsystemInterface@@PAXPBD22PAVXfer@@VAsciiString@@@Z	?loadDirectory@INI@@QAEXVAsciiString@@_NW4INILoadType@@PAVXfer@@H@Z	0x0002E63B	unowned
Code/Libraries/Source/subsystem/SubsystemInterface.cpp	?initSubsystem@SubsystemInterfaceList@@QAEXPAVSubsystemInterface@@PAXPBD22PAVXfer@@VAsciiString@@@Z	?push_back@?$vector@U?$pair@PAVSubsystemInterface@@PAX@_STL@@V?$allocator@U?$pair@PAVSubsystemInterface@@PAX@_STL@@@2@@_STL@@QAEXABU?$pair@PAVSubsystemInterface@@PAX@2@@Z	0x00539A2E	wrong
Code/Libraries/Source/subsystem/SubsystemInterfaceSetName.cpp	?setName@SubsystemInterface@@QAEXVAsciiString@@@Z	??4AsciiString@@QAEAAV0@ABV0@@Z	0x000366F0	divergent
Code/gen_small/Rva00240167Finish.cpp	?rva00240167@Rva00240167@@QAEPAVAsciiString@@V2@@Z	??1AsciiString@@QAE@XZ	0x00036410	divergent
Code/gen_small/fam_003_Rva0028688a.cpp	?_M_insert@?$_Rb_tree@UGen_t_00062fa0_mc4@@U?$pair@$$CBUGen_t_00062fa0_mc4@@UGen_t_00062fa0_m4cd@@@_STL@@U?$_Select1st@U?$pair@$$CBUGen_t_00062fa0_mc4@@UGen_t_00062fa0_m4cd@@@_STL@@@3@U?$less@UGen_t_00062fa0_mc4@@@3@V?$allocator@U?$pair@$$CBUGen_t_00062fa0_mc4@@UGen_t_00062fa0_m4cd@@@_STL@@@3@@_STL@@AAE?AU?$_Rb_tree_iterator@U?$pair@$$CBUGen_t_00062fa0_mc4@@UGen_t_00062fa0_m4cd@@@_STL@@U?$_Nonconst_traits@U?$pair@$$CBUGen_t_00062fa0_mc4@@UGen_t_00062fa0_m4cd@@@_STL@@@2@@2@PAU_Rb_tree_node_base@2@0ABU?$pair@$$CBUGen_t_00062fa0_mc4@@UGen_t_00062fa0_m4cd@@@2@0@Z	??MGen_t_00062fa0_mc4@@QBE_NABU0@@Z	0x00285672	wrong
Code/gen_small/tgrid_005_Rva000c697b.cpp	??4?$vector@UGen_p64cd@@V?$allocator@UGen_p64cd@@@_STL@@@_STL@@QAEAAV01@ABV01@@Z	??$_Destroy@PAUGen_p64cd@@@_STL@@YAXPAUGen_p64cd@@0@Z	0x000C37CD	wrong
Code/gen_small/tgrid_005_Rva000c697b.cpp	??4?$vector@UGen_p64cd@@V?$allocator@UGen_p64cd@@@_STL@@@_STL@@QAEAAV01@ABV01@@Z	??$_M_allocate_and_copy@PBUGen_p64cd@@@?$vector@UGen_p64cd@@V?$allocator@UGen_p64cd@@@_STL@@@_STL@@IAEPAUGen_p64cd@@IPBU2@0@Z	0x000C24A0	wrong
Code/gen_small/tgrid_005_Rva000c697b.cpp	??4?$vector@UGen_p64cd@@V?$allocator@UGen_p64cd@@@_STL@@@_STL@@QAEAAV01@ABV01@@Z	??$__uninitialized_copy@PBUGen_p64cd@@PAU1@@_STL@@YAPAUGen_p64cd@@PBU1@0PAU1@ABU__false_type@0@@Z	0x000C2361	wrong
Code/gen_small/tgrid_005_Rva000c697b.cpp	??4?$vector@UGen_p64cd@@V?$allocator@UGen_p64cd@@@_STL@@@_STL@@QAEAAV01@ABV01@@Z	?_M_clear@?$vector@UGen_p64cd@@V?$allocator@UGen_p64cd@@@_STL@@@_STL@@IAEXXZ	0x000C693F	wrong
Code/gen_small/tgrid_005_Rva003f5c72.cpp	?erase@?$vector@UGen_p48cd@@V?$allocator@UGen_p48cd@@@_STL@@@_STL@@QAEPAUGen_p48cd@@PAU3@@Z	??$__copy_ptrs@PAUGen_p48cd@@PAU1@@_STL@@YAPAUGen_p48cd@@PAU1@00ABU__false_type@0@@Z	0x003F5B3E	wrong
Code/gen_small/tgrid_005_Rva003f5c72.cpp	?erase@?$vector@UGen_p48cd@@V?$allocator@UGen_p48cd@@@_STL@@@_STL@@QAEPAUGen_p48cd@@PAU3@@Z	??1Gen_p48cd@@QAE@XZ	0x003F535B	wrong
Code/gen_small/uw_gen_000.cpp	uw_0075daa5	??1Gen_uw_0005333f@@QAE@XZ	0x0005333F	unowned
Code/gen_small/uw_gen_000.cpp	uw_0076345e	??1Gen_uw_000e5033@@QAE@XZ	0x000E5033	unowned
Code/gen_small/uw_gen_001.cpp	uw_0076f78e	??1Gen_uw_002cea55@@QAE@XZ	0x002CEA55	unowned
Code/gen_small/uw_gen_008.cpp	uw_00763252	??1Gen_uwm_0006d0d7@@QAE@XZ	0x0006D0D7	unowned
Code/gen_small/uw_gen_008.cpp	uw_0076328e	??1Gen_uwm_0006d0d7@@QAE@XZ	0x0006D0D7	unowned
Code/gen_small/uw_gen_009.cpp	uw_0075f5f3	??1Gen_uwm_00081c7f@@QAE@XZ	0x00081C7F	unowned
Code/gen_small/uw_gen_009.cpp	uw_0075f79f	??1Gen_uwm_00081c7f@@QAE@XZ	0x00081C7F	unowned
Code/gen_small/uw_gen_009.cpp	uw_0075f88c	??1Gen_uwm_00081c7f@@QAE@XZ	0x00081C7F	unowned
Code/gen_small/uw_gen_009.cpp	uw_0075f96c	??1Gen_uwm_00081c7f@@QAE@XZ	0x00081C7F	unowned
Code/gen_small/uw_gen_009.cpp	uw_007624ef	??1Gen_uwm_000c79c9@@QAE@XZ	0x000C79C9	unowned
Code/gen_small/uw_gen_009.cpp	uw_0076256e	??1Gen_uwm_000c79c9@@QAE@XZ	0x000C79C9	unowned
Code/gen_small/uw_gen_009.cpp	uw_007625e6	??1Gen_uwm_000c79c9@@QAE@XZ	0x000C79C9	unowned
Code/gen_small/uw_gen_009.cpp	uw_0076262b	??1Gen_uwm_000c79c9@@QAE@XZ	0x000C79C9	unowned
Code/gen_small/uw_gen_009.cpp	uw_007636e2	??1Gen_uwm_000e6c6f@@QAE@XZ	0x000E6C6F	unowned
Code/gen_small/uw_gen_009.cpp	uw_00763831	??1Gen_uwm_000e6c6f@@QAE@XZ	0x000E6C6F	unowned
Code/gen_small/uw_gen_009.cpp	uw_00763899	??1Gen_uwm_000e6c6f@@QAE@XZ	0x000E6C6F	unowned
Code/gen_small/uw_gen_010.cpp	uw_0077e596	??1Gen_uwm_0026e836@@QAE@XZ	0x0026E836	unowned
Code/gen_small/uw_gen_010.cpp	uw_0078c3fe	??1Gen_uwm_0026e836@@QAE@XZ	0x0026E836	unowned
Code/gen_small/uw_gen_010.cpp	uw_0078c819	??1Gen_uwm_0026e836@@QAE@XZ	0x0026E836	unowned
Code/gen_small/uw_gen_010.cpp	uw_0078d632	??1Gen_uwm_0026e836@@QAE@XZ	0x0026E836	unowned
Code/gen_small/uw_gen_010.cpp	uw_0078de7a	??1Gen_uwm_0026e836@@QAE@XZ	0x0026E836	unowned
Code/gen_small/uw_gen_010.cpp	uw_0078df29	??1Gen_uwm_0026e836@@QAE@XZ	0x0026E836	unowned
Code/gen_small/uw_gen_010.cpp	uw_0078e1d1	??1Gen_uwm_0026e836@@QAE@XZ	0x0026E836	unowned
Code/gen_small/uw_gen_013.cpp	uw_0077e319	??1Gen_uwm_004d7b93@@QAE@XZ	0x004D7B93	unowned
Code/gen_small/uw_gen_013.cpp	uw_0077e335	??1Gen_uwm_004d7b93@@QAE@XZ	0x004D7B93	unowned
Code/stlport/BasicStringNarrowSizeCtor.cpp	??0?$basic_string@DV?$char_traits@D@_STL@@V?$allocator@D@2@@_STL@@QAE@PBDIABV?$allocator@D@1@@Z	??$_M_range_initialize@PBD@?$basic_string@DV?$char_traits@D@_STL@@V?$allocator@D@2@@_STL@@AAEXPBD0ABUforward_iterator_tag@1@@Z	0x000078C0	divergent
