name,target_rva,reason
??1ExperienceTracker@@MAE@XZ,0x003067D2,"Caught by the DIR32 consistency check: this body and ??1Overridable@@MAE@XZ at 0x000A9EE9 both reset the vptr to ??_7MemoryPoolObject@@6B@ and retail stores two different addresses for it (0x00BBB554 here, 0x00BC93C8 there). The linker emits one vtable per class, so one placement is wrong, and it is this one. 0x00BC93C8 has the shape MemoryPoolObject's vtable must have -- a deleting destructor at slot 0 and __purecall at slot 1 for the pure getObjectMemoryPool -- with slot 0 pointing into the game's own code. 0x00BBB554 sits in a run of GDI+/ATL vtables (the two preceding slots are Gdiplus::Image::Clone and ATL::CImage's vector deleting destructor) and its slot 0 points into that same vendor region, so it belongs to an ATL class that also has a pure virtual. Single-hit masked placement at an unaligned address with nothing claimed within 0x100; retired rather than repointed."
??0SupplyCenterDockUpdateModuleData@@QAE@XZ,0x00355DAF,"Retired alongside the former ??0SupplyWarehouseDockUpdateModuleData@@QAE@XZ tombstone at 0x004A7FF0 (since byte-proven and restored): the shared base-constructor call cannot be resolved without asserting that two bodies with different vtable pointers are one function."
?_bfme_updateClientFramePeriod@GameEngine@@AAEXXZ,0x00225D68,Stale name after 306ede1 renamed the source method to _bfme_updateClientFrameCounter; the Counter row retains the same 16-byte body in GameEngineFrameTiming.cpp. The object no longer defines the Period symbol.
?d_0000a300@@YAXXZ,0x0000A300,"gen-dump placeholder superseded by the real identity of these bytes: ?sbumpc@?$basic_streambuf@GV?$char_traits@G@_STL@@@_STL@@QAEGXZ, byte-verified from Code/Libraries/Source/WWVegas/WWLib/stlport_wide_filebuf.cpp over the same 23-byte range. The Code/gen_asm/d_00005cd4.asm dump reproduces those bytes but carries no identity."
?d_00013930@@YAXXZ,0x00013930,"gen-dump placeholder superseded by the real identity of these bytes: ?uflow@?$basic_streambuf@GV?$char_traits@G@_STL@@@_STL@@MAEGXZ, byte-verified from Code/Libraries/Source/WWVegas/WWLib/stlport_wide_filebuf.cpp over the same 35-byte range. The Code/gen_asm/d_000112aa.asm dump reproduces those bytes but carries no identity."
?d_00013970@@YAXXZ,0x00013970,"gen-dump placeholder superseded by the real identity of these bytes: ?xsputn@?$basic_streambuf@GV?$char_traits@G@_STL@@@_STL@@MAEHPBGH@Z, byte-verified from Code/Libraries/Source/WWVegas/WWLib/stlport_wide_filebuf.cpp over the same 180-byte range. The Code/gen_asm/d_000112aa.asm dump reproduces those bytes but carries no identity."
?d_00013a30@@YAXXZ,0x00013A30,"gen-dump placeholder superseded by the real identity of these bytes: ?_M_xsputnc@?$basic_streambuf@GV?$char_traits@G@_STL@@@_STL@@MAEHGH@Z, byte-verified from Code/Libraries/Source/WWVegas/WWLib/stlport_wide_filebuf.cpp over the same 154-byte range. The Code/gen_asm/d_000112aa.asm dump reproduces those bytes but carries no identity."
?d_000098a0@@YAXXZ,0x000098A0,"gen-dump placeholder superseded by the real identity of these bytes: ??$__copy@PBDV?$ostreambuf_iterator@DV?$char_traits@D@_STL@@@_STL@@H@_STL@@YA?AV?$ostreambuf_iterator@DV?$char_traits@D@_STL@@@0@PBD0V10@ABUrandom_access_iterator_tag@0@PAH@Z, byte-verified from Code/Libraries/Source/WWVegas/WWLib/stlport_narrow_num_put.cpp over the same 114-byte range. The Code/gen_asm/d_00005cd4.asm dump reproduces those bytes but carries no identity."
?d_0000e9c0@@YAXXZ,0x0000E9C0,"gen-dump placeholder superseded by the real identity of these bytes: ??$__copy@PBGV?$ostreambuf_iterator@GV?$char_traits@G@_STL@@@_STL@@H@_STL@@YA?AV?$ostreambuf_iterator@GV?$char_traits@G@_STL@@@0@PBG0V10@ABUrandom_access_iterator_tag@0@PAH@Z, byte-verified from Code/Libraries/Source/WWVegas/WWLib/stlport_wide_num_put.cpp over the same 106-byte range. The Code/gen_asm/d_0000b550.asm dump reproduces those bytes but carries no identity."
?d_00007c70@@YAXXZ,0x00007C70,"gen-dump placeholder superseded by the real identity of these bytes: ?sgetc@?$basic_streambuf@DV?$char_traits@D@_STL@@@_STL@@QAEHXZ, byte-verified from Code/Libraries/Source/WWVegas/WWLib/stlport_narrow_istream.cpp over the same 21-byte range. The Code/gen_asm/d_00005cd4.asm dump reproduces those bytes but carries no identity."
?d_00007e90@@YAXXZ,0x00007E90,"gen-dump placeholder superseded by the real identity of these bytes: ?sbumpc@?$basic_streambuf@DV?$char_traits@D@_STL@@@_STL@@QAEHXZ, byte-verified from Code/Libraries/Source/WWVegas/WWLib/stlport_narrow_istream.cpp over the same 32-byte range. The Code/gen_asm/d_00005cd4.asm dump reproduces those bytes but carries no identity."
?d_00009860@@YAXXZ,0x00009860,"gen-dump placeholder superseded by the real identity of these bytes: ?sputc@?$basic_streambuf@DV?$char_traits@D@_STL@@@_STL@@QAEHD@Z, byte-verified from Code/Libraries/Source/WWVegas/WWLib/stlport_narrow_istream.cpp over the same 49-byte range. The Code/gen_asm/d_00005cd4.asm dump reproduces those bytes but carries no identity."
?d_0000a0a0@@YAXXZ,0x0000A0A0,"gen-dump placeholder superseded by the real identity of these bytes: ?_M_getc@?$istreambuf_iterator@GV?$char_traits@G@_STL@@@_STL@@ABEXXZ, byte-verified from Code/Libraries/Source/WWVegas/WWLib/stlport_wide_num_get.cpp over the same 68-byte range. The Code/gen_asm/d_00005cd4.asm dump reproduces those bytes but carries no identity."
?d_00013260@@YAXXZ,0x00013260,"gen-dump placeholder superseded by the real identity of these bytes: ?_M_initialize@_STLP_mutex_base@_STL@@QAEXXZ, byte-verified from Code/Libraries/Source/WWVegas/WWLib/stlport_narrow_filebuf.cpp over the same 7-byte range. The Code/gen_asm/d_000112aa.asm dump reproduces those bytes but carries no identity."
?d_000143a0@@YAXXZ,0x000143A0,"gen-dump placeholder superseded by the real identity of these bytes: ??$count@PADD@_STL@@YAHPAD0ABD@Z, byte-verified from Code/Libraries/Source/WWVegas/WWLib/stlport_narrow_filebuf.cpp over the same 35-byte range. The Code/gen_asm/d_000112aa.asm dump reproduces those bytes but carries no identity."
?d_0000ea30@@YAXXZ,0x0000EA30,"gen-dump placeholder superseded by the real identity of these bytes: ?truename@?$numpunct@D@_STL@@QBE?AV?$basic_string@DV?$char_traits@D@_STL@@V?$allocator@D@2@@2@XZ, byte-verified from Code/Libraries/Source/WWVegas/WWLib/stlport_narrow_num_get.cpp over the same 27-byte range. The Code/gen_asm/d_0000b550.asm dump reproduces those bytes but carries no identity."
?d_0000ea50@@YAXXZ,0x0000EA50,"gen-dump placeholder superseded by the real identity of these bytes: ?falsename@?$numpunct@D@_STL@@QBE?AV?$basic_string@DV?$char_traits@D@_STL@@V?$allocator@D@2@@2@XZ, byte-verified from Code/Libraries/Source/WWVegas/WWLib/stlport_narrow_num_get.cpp over the same 27-byte range. The Code/gen_asm/d_0000b550.asm dump reproduces those bytes but carries no identity."
?d_0000e9a0@@YAXXZ,0x0000E9A0,"gen-dump placeholder superseded by the real identity of these bytes: ?sputc@?$basic_streambuf@GV?$char_traits@G@_STL@@@_STL@@QAEGG@Z, byte-verified from Code/Libraries/Source/WWVegas/WWLib/stlport_ostreambuf_iterator.cpp over the same 31-byte range. The Code/gen_asm/d_0000b550.asm dump reproduces those bytes but carries no identity."
?d_00006f10@@YAXXZ,0x00006F10,"gen-dump placeholder superseded by the real identity of these bytes: ?compare@?$char_traits@D@_STL@@SAHPBD0I@Z, byte-verified from Code/Libraries/Source/WWVegas/WWLib/stlport_narrow_string.cpp over the same 28-byte range. The Code/gen_asm/d_00005cd4.asm dump reproduces those bytes but carries no identity."
?d_00006ee0@@YAXXZ,0x00006EE0,"gen-dump placeholder superseded by the real identity of these bytes: ??2@YAPAXIPAX@Z, byte-verified from Code/Libraries/Source/WWVegas/WWLib/stlport_deque_int.cpp over the same 5-byte range. The Code/gen_asm/d_00005cd4.asm dump reproduces those bytes but carries no identity."
?d_00007410@@YAXXZ,0x00007410,"gen-dump placeholder superseded by the real identity of these bytes: ?dup_00007410@@YAXXZ, byte-verified from Code/Libraries/Source/WWVegas/WWLib/stlport_deque_int.cpp over the same 11-byte range. The Code/gen_asm/d_00005cd4.asm dump reproduces those bytes but carries no identity."
?d_00013270@@YAXXZ,0x00013270,"gen-dump placeholder superseded by the real identity of these bytes: ?assign@?$char_traits@D@_STL@@SAXAADABD@Z, byte-verified from Code/Libraries/Source/WWVegas/WWLib/stlport_narrow_fstream.cpp over the same 13-byte range. The Code/gen_asm/d_000112aa.asm dump reproduces those bytes but carries no identity."
?d_00006f30@@YAXXZ,0x00006F30,"gen-dump placeholder superseded by the real identity of these bytes: ?length@?$char_traits@D@_STL@@SAIPBD@Z, byte-verified from Code/Libraries/Source/WWVegas/WWLib/stlport_narrow_ostream.cpp over the same 17-byte range. The Code/gen_asm/d_00005cd4.asm dump reproduces those bytes but carries no identity."
?d_00012150@@YAXXZ,0x00012150,"gen-dump placeholder superseded by the real identity of these bytes: ?erase@?$basic_string@DV?$char_traits@D@_STL@@V?$allocator@D@2@@_STL@@QAEPADPAD0@Z, byte-verified from Code/Libraries/Source/WWVegas/WWLib/stlport_narrow_fstream.cpp over the same 57-byte range. The Code/gen_asm/d_000112aa.asm dump reproduces those bytes but carries no identity."
?d_00013410@@YAXXZ,0x00013410,"gen-dump placeholder superseded by the real identity of these bytes: ??1?$basic_istream@DV?$char_traits@D@_STL@@@_STL@@UAE@XZ, byte-verified from Code/Libraries/Source/WWVegas/WWLib/stlport_narrow_fstream.cpp over the same 15-byte range. The Code/gen_asm/d_000112aa.asm dump reproduces those bytes but carries no identity."
?d_00013520@@YAXXZ,0x00013520,"gen-dump placeholder superseded by the real identity of these bytes: ??1?$basic_ostream@DV?$char_traits@D@_STL@@@_STL@@UAE@XZ, byte-verified from Code/Libraries/Source/WWVegas/WWLib/stlport_narrow_fstream.cpp over the same 15-byte range. The Code/gen_asm/d_000112aa.asm dump reproduces those bytes but carries no identity."
?d_00013430@@YAXXZ,0x00013430,"gen-dump placeholder superseded by the real identity of these bytes: ??1?$basic_istream@GV?$char_traits@G@_STL@@@_STL@@UAE@XZ, byte-verified from Code/Libraries/Source/WWVegas/WWLib/stlport_wide_fstream.cpp over the same 15-byte range. The Code/gen_asm/d_000112aa.asm dump reproduces those bytes but carries no identity."
?d_00013550@@YAXXZ,0x00013550,"gen-dump placeholder superseded by the real identity of these bytes: ??1?$basic_ostream@GV?$char_traits@G@_STL@@@_STL@@UAE@XZ, byte-verified from Code/Libraries/Source/WWVegas/WWLib/stlport_wide_fstream.cpp over the same 15-byte range. The Code/gen_asm/d_000112aa.asm dump reproduces those bytes but carries no identity."
?d_00013110@@YAXXZ,0x00013110,"gen-dump placeholder superseded by the real identity of these bytes: ?erase@?$basic_string@GV?$char_traits@G@_STL@@V?$allocator@G@2@@_STL@@QAEPAGPAG0@Z, byte-verified from Code/Libraries/Source/WWVegas/WWLib/stlport_wide_string.cpp over the same 65-byte range. The Code/gen_asm/d_000112aa.asm dump reproduces those bytes but carries no identity."
?d_00013fd0@@YAXXZ,0x00013FD0,"gen-dump placeholder superseded by the real identity of these bytes: ?_M_deallocate_buffers@?$basic_filebuf@DV?$char_traits@D@_STL@@@_STL@@AAEXXZ, byte-verified from Code/Libraries/Source/WWVegas/WWLib/stlport_narrow_filebuf.cpp over the same 54-byte range. The Code/gen_asm/d_000112aa.asm dump reproduces those bytes but carries no identity."
?d_00013470@@YAXXZ,0x00013470,"gen-dump placeholder superseded by the real identity of these bytes: ??_G?$basic_ios@DV?$char_traits@D@_STL@@@_STL@@UAEPAXI@Z, byte-verified from Code/Libraries/Source/WWVegas/WWLib/stlport_narrow_fstream.cpp over the same 30-byte range. The Code/gen_asm/d_000112aa.asm dump reproduces those bytes but carries no identity."
?d_000134b0@@YAXXZ,0x000134B0,"gen-dump placeholder superseded by the real identity of these bytes: ?clear@?$basic_ios@DV?$char_traits@D@_STL@@@_STL@@QAEXH@Z, byte-verified from Code/Libraries/Source/WWVegas/WWLib/stlport_narrow_fstream.cpp over the same 30-byte range. The Code/gen_asm/d_000112aa.asm dump reproduces those bytes but carries no identity."
?d_000134d0@@YAXXZ,0x000134D0,"gen-dump placeholder superseded by the real identity of these bytes: ??0?$basic_ios@DV?$char_traits@D@_STL@@@_STL@@IAE@XZ, byte-verified from Code/Libraries/Source/WWVegas/WWLib/stlport_narrow_fstream.cpp over the same 29-byte range. The Code/gen_asm/d_000112aa.asm dump reproduces those bytes but carries no identity."
?d_000134f0@@YAXXZ,0x000134F0,"gen-dump placeholder superseded by the real identity of these bytes: ?rdbuf@?$basic_ios@DV?$char_traits@D@_STL@@@_STL@@QAEPAV?$basic_streambuf@DV?$char_traits@D@_STL@@@2@PAV32@@Z, byte-verified from Code/Libraries/Source/WWVegas/WWLib/stlport_narrow_fstream.cpp over the same 39-byte range. The Code/gen_asm/d_000112aa.asm dump reproduces those bytes but carries no identity."
?d_00013360@@YAXXZ,0x00013360,"gen-dump placeholder superseded by the real identity of these bytes: ??_G?$basic_streambuf@DV?$char_traits@D@_STL@@@_STL@@UAEPAXI@Z, byte-verified from Code/Libraries/Source/WWVegas/WWLib/stlport_narrow_filebuf.cpp over the same 30-byte range. The Code/gen_asm/d_000112aa.asm dump reproduces those bytes but carries no identity."
?d_00013eb0@@YAXXZ,0x00013EB0,"gen-dump placeholder superseded by the real identity of these bytes: ?setbuf@?$basic_filebuf@DV?$char_traits@D@_STL@@@_STL@@MAEPAV?$basic_streambuf@DV?$char_traits@D@_STL@@@2@PADH@Z, byte-verified from Code/Libraries/Source/WWVegas/WWLib/stlport_narrow_filebuf.cpp over the same 86-byte range. The Code/gen_asm/d_000112aa.asm dump reproduces those bytes but carries no identity."
?d_00013490@@YAXXZ,0x00013490,"gen-dump placeholder superseded by the real identity of these bytes: ??_G?$basic_ios@GV?$char_traits@G@_STL@@@_STL@@UAEPAXI@Z, byte-verified from Code/Libraries/Source/WWVegas/WWLib/stlport_wide_fstream.cpp over the same 30-byte range. The Code/gen_asm/d_000112aa.asm dump reproduces those bytes but carries no identity."
?d_00013530@@YAXXZ,0x00013530,"gen-dump placeholder superseded by the real identity of these bytes: ??0?$basic_ios@GV?$char_traits@G@_STL@@@_STL@@IAE@XZ, byte-verified from Code/Libraries/Source/WWVegas/WWLib/stlport_wide_fstream.cpp over the same 30-byte range. The Code/gen_asm/d_000112aa.asm dump reproduces those bytes but carries no identity."
?d_00013600@@YAXXZ,0x00013600,"gen-dump placeholder superseded by the real identity of these bytes: ??0?$basic_streambuf@GV?$char_traits@G@_STL@@@_STL@@IAE@XZ, byte-verified from Code/Libraries/Source/WWVegas/WWLib/stlport_wide_filebuf.cpp over the same 46-byte range. The Code/gen_asm/d_000112aa.asm dump reproduces those bytes but carries no identity."
?d_0000ea70@@YAXXZ,0x0000EA70,"gen-dump placeholder superseded by the real identity of these bytes: ?negative_sign@?$moneypunct@D$00@_STL@@QBE?AV?$basic_string@DV?$char_traits@D@_STL@@V?$allocator@D@2@@2@XZ, byte-verified from Code/Libraries/Source/WWVegas/WWLib/stlport_money_get.cpp over the same 27-byte range. The Code/gen_asm/d_0000b550.asm dump reproduces those bytes but carries no identity."
?d_00013320@@YAXXZ,0x00013320,"gen-dump placeholder superseded by the real identity of these bytes: ??0?$basic_streambuf@DV?$char_traits@D@_STL@@@_STL@@IAE@XZ, byte-verified from Code/Libraries/Source/WWVegas/WWLib/stlport_narrow_filebuf.cpp over the same 60-byte range. The Code/gen_asm/d_000112aa.asm dump reproduces those bytes but carries no identity."
?d_00002926@@YAXXZ,0x00002926,"gen-dump placeholder superseded by the real identity of these bytes: ??_GCImage@ATL@@UAEPAXI@Z, byte-verified from Code/Libraries/Source/ATL/atlimage.cpp over the same 28-byte range. The Code/gen_asm/d_000010cf.asm dump reproduces those bytes but carries no identity."
?Get_Additional_Model_Count@HLodClass@@QBEHXZ,0x002B224B,"Held 0x00509D22 on a single-hit masked placement of the OLD HLodClass layout. With sizeof(RenderObjClass) corrected to 0xC4 the body reads a different member and the only remaining hit in .text is 0x002DABF7 - unaligned, not cc-padded and with nothing claimed anywhere near it, which is the same coincidental shape the three sibling getters had before they were repointed to aligned padded homes. Seven bytes of mov-and-return are too generic to assert on one weak hit; bring the row back when a body that CALLS this getter pins it."
?Set_Points@SegmentedLineClass@@QAEXIPAVVector3@@@Z,0x00742910,"Held 0x00742910 on a single-hit masked placement of the OLD SegmentedLineClass layout. Seven of its eight siblings in that same 0x0074xxxx cluster re-home to aligned cc-padded addresses in the real SegmentedLineClass cluster at 0x0015Exxx once sizeof(RenderObjClass) is corrected to 0xC4 - Get_Width had even landed inside the CameraClass getter row at 0x00133D90 - so the cluster was coincidence, not a home. This one finds no hit at all under the corrected layout, which means its body still differs from retail for some other reason; retiring it rather than leaving a claim the bytes no longer support."
?Get_Burst_Size@ParticleEmitterClass@@QBEHXZ,0x004ACD6C,Held 0x00143570 on a masked placement of the OLD ParticleEmitterClass layout. Under the corrected sizeof(RenderObjClass) the body has TWO hits - 0x00143590 (cc-padded) and 0x00376CDD (abuts) - and neither sits in the 0x001A0xxx cluster where its five regressed siblings each re-home to a single padded address. Two hits is not a placement and seven bytes of load-and-return is too generic to pick between them; retired until a caller pins it.
?Keep_Blank_Entries@INIClass@@SAX_N@Z,0x00446A67,Wrong global identity hidden by DIR32 copying: this setter writes VA 0x00E0335C but two independently byte-verified INIClass::Load(Straw) references establish KeepBlankEntries at VA 0x00E08D5C. Unique exact setter for that proven global is aligned and padded at RVA 0x00615C60 beside DuplicateCRCError; its replacement row is retained.
?myFieldParse@?1??parsePrerequisites@ThingTemplate@@KAXPAVINI@@PAX1PBX@Z@4QBUFieldParse@@B,0x0049A791,"This is a 48-byte const FieldParse data table in COFF .rdata (flags0x40301040), not executable code. Masking four pointer relocations made its zero bytes match an unrelated retail region whose purported string addresses are invalid. It was the source copy's only claim; retire that zero-match copy while the original reference and git history preserve it."
?_S_ref@?$_Rope_RopeRep@DV?$allocator@D@_STL@@@_STL@@SAXPAU12@@Z,0x006C5300,Wrong function identity hidden by DIR32 copying: retail calls kernel32.dll!GlobalFree at IAT VA0x00BBA268 but the source increments a rope reference using InterlockedIncrement. No complete exact candidate uses the independently named InterlockedIncrement IAT at VA0x00BBA214. The other five source claims remain.
?Get_Device@DX8Caps@@QBEIXZ,0x002190A8,False getter identity from the BFME1 DX8Caps layout: this retail candidate loads an unrelated field offset. The independently verified BFME2 Compute_Caps at0x12BDE0 establishes mapped device at+0x2C0 and vendor at+0x2D0; former candidates read+0x134 and+0x140. Correct the shader class layout and leave these getters unplaced until a caller identifies them.
?Get_Vendor@DX8Caps@@QBEIXZ,0x003EE6FD,False getter identity from the BFME1 DX8Caps layout: this retail candidate loads an unrelated field offset. The independently verified BFME2 Compute_Caps at0x12BDE0 establishes mapped device at+0x2C0 and vendor at+0x2D0; former candidates read+0x134 and+0x140. Correct the shader class layout and leave these getters unplaced until a caller identifies them.
?_bfme_ro_set_98@RenderObjClass@@UAEXM@Z,0x00210C91,Retire unsupported generated alias: precise RenderObj constructor stores integer -1 at98 and actual virtual slot is an indexed-factor setter; old anonymous float setter was only a folded code-shape match and cannot establish RenderObj identity. No replacement bytes claimed.
??_ELogicalDecalClass@MultiFixedPoolDecalSystemClass@@QAEPAXI@Z,0x0018FB10,Wrong LogicalDecal identity from a guessed destructor pin. Retail compressed-animation loader at VA5901B0/5901B5 constructs 24-byte nodes with destructor58F870 and constructor58F850 and stores the array at object58. Corrected to descriptive BFME2CompressedMotionChannels vector deleting destructor with no new-byte credit.
?Get_HName@HCompressedAnimClass@@UBEPBDXZ,0x002B236A,"Prior HCompressed identity was unsupported: the corrected BFME layout places HierarchyName at +0x30, while this held row's source body and evidence described a different +0x34 accessor."
??0?$DynamicVectorClass@PAVFontCharsBuffer@@@@QAE@IPBQAVFontCharsBuffer@@@Z,0x001A3AE0,"Caught by the DIR32 consistency check: ??_7?$VectorClass@PAVFontCharsBuffer@@@@6B@ resolved to two bases -- 0x00BD6C24 from this row's own body, and 0x00BD0D68 from ??1?$VectorClass@PAVFontCharsBuffer@@@@UAE@XZ (0x00120FB0) and ??_G?$VectorClass@PAVFontCharsBuffer@@@@UAEPAXI@Z (0x001213B0). The linker emits one vtable per class, so one placement is wrong, and it is this one: 0x00BD0D68 is self-consistently proven -- its slot 0 holds 0x001213B0, the exact address of ??_G?$VectorClass@PAVFontCharsBuffer@@@@UAEPAXI@Z, i.e. the vtable points back at this class's own deleting destructor by name. 0x00BD6C24 instead holds 0x005A3B90, the address of ??_G?$VectorClass@VVector3@@@@UAEPAXI@Z -- Vector3's deleting destructor, not FontCharsBuffer's. This DynamicVectorClass<T> constructor (int count, T const* buffer) never touches an element of T -- it only stores a pointer/count/two flag bytes -- so its compiled shape is identical for any pointer-sized T, and this row is one of four in functions.csv (matinfo.cpp x2, render2dsentence.cpp x2) all claiming the same 0x001A3AE0/94B range under different template parameters (VertexMaterialClass, TextureClass, FontCharsBuffer, Render2DClass) -- an existing duplicate-range over-claim this DIR32 check caught one edge of. The retail body at 0x001A3AE0 writes a transitional base vtable of 0x00BD6C24 (VectorClass<Vector3>, per the slot-0 read above) then a final vtable of 0x00BD6C54, matching neither this row's name nor, most likely, its three siblings at the same address; retired rather than repointed. The other three same-range rows are not retired here -- they were not named by this DIR32 failure and deserve their own check before being touched."
?Store_Length@StringClass@@AAEXH@Z,0x0060F130,"Caught by the DIR32 consistency check: ?m_EmptyString@StringClass@@0PADA resolved to two bases, 0x00DD528C (dozens of independently-landed rows, e.g. ?Free_String@StringClass@@AAEXXZ at 0x00610A40 which reads it at three separate sites in one 111-byte body) and 0x00DD6338 (only this row). A private static has one definition, so one of the two is wrong, and it is this one, decided by what is actually at each address rather than by the count: the pointer value stored at 0x00DD528C is 0x00E08C18, and Free_String's own byte-verified body directly manipulates the immediately adjacent addresses 0x00E08C1C and 0x00E08C20 (a lock/refcount pair right next to the empty-string buffer) -- internally self-consistent. The pointer value stored at 0x00DD6338 is 0x00E0958C, an address with no relationship to that region. This row's body (cmp eax, dword ptr [this address]; conditionally write a length prefix) is a generic copy-on-write-buffer shape that some other class's real method owns; it does not belong to StringClass::Store_Length. Retired rather than repointed; no reverse/symbols.csv pin depended on it."
??0?$DynamicVectorClass@PAVVertexMaterialClass@@@@QAE@IPBQAVVertexMaterialClass@@@Z,0x001A3AE0,"Finishing the four-way over-claim at 0x001A3AE0/94B that ??0?$DynamicVectorClass@PAVFontCharsBuffer@@@@QAE@IPBQAVFontCharsBuffer@@@Z was retired from (see that tombstone above). Read what the body at 0x001A3AE0 actually installs rather than guessing among the four claimed template parameters: its constructor writes a transitional base vtable of 0x00BD6C24, then a final vtable of 0x00BD6C54. Both are self-referentially proven the same way the FontCharsBuffer case was: the sibling destructor at 0x001A3AB0 -- reached the same way any DynamicVectorClass<T> destructor would be, by calling it from the deleting destructor at 0x001A3EB0, itself sitting in 0x00BD6C54's own slot 0 -- writes 0x00BD6C24 as ITS vtable, and 0x00BD6C24's slot 0 holds 0x005A3B90, the address of ??_G?$VectorClass@VVector3@@@@UAEPAXI@Z: Vector3's deleting destructor, not VertexMaterialClass's, TextureClass's, or Render2DClass's. The whole constructor/destructor/deleting-destructor family at 0x001A3AE0/0x001A3AB0/0x001A3EB0 belongs to DynamicVectorClass<Vector3>, a template instantiation none of the four rows that claimed this address ever named. This DynamicVectorClass<T> constructor overload (int count, T const* buffer) never touches an element of T, so its compiled shape is identical for any pointer-sized T -- that is why four unrelated masked single-hit placements collided here. An address with no correct claimant among the four is a better ledger state than three wrong ones; all three are retired rather than repointed, since none names Vector3 and inventing that identity for any of them would not be warranted by this evidence."
??0?$DynamicVectorClass@PAVTextureClass@@@@QAE@IPBQAVTextureClass@@@Z,0x001A3AE0,"Finishing the four-way over-claim at 0x001A3AE0/94B that ??0?$DynamicVectorClass@PAVFontCharsBuffer@@@@QAE@IPBQAVFontCharsBuffer@@@Z was retired from (see that tombstone above). Read what the body at 0x001A3AE0 actually installs rather than guessing among the four claimed template parameters: its constructor writes a transitional base vtable of 0x00BD6C24, then a final vtable of 0x00BD6C54. Both are self-referentially proven the same way the FontCharsBuffer case was: the sibling destructor at 0x001A3AB0 -- reached the same way any DynamicVectorClass<T> destructor would be, by calling it from the deleting destructor at 0x001A3EB0, itself sitting in 0x00BD6C54's own slot 0 -- writes 0x00BD6C24 as ITS vtable, and 0x00BD6C24's slot 0 holds 0x005A3B90, the address of ??_G?$VectorClass@VVector3@@@@UAEPAXI@Z: Vector3's deleting destructor, not VertexMaterialClass's, TextureClass's, or Render2DClass's. The whole constructor/destructor/deleting-destructor family at 0x001A3AE0/0x001A3AB0/0x001A3EB0 belongs to DynamicVectorClass<Vector3>, a template instantiation none of the four rows that claimed this address ever named. This DynamicVectorClass<T> constructor overload (int count, T const* buffer) never touches an element of T, so its compiled shape is identical for any pointer-sized T -- that is why four unrelated masked single-hit placements collided here. An address with no correct claimant among the four is a better ledger state than three wrong ones; all three are retired rather than repointed, since none names Vector3 and inventing that identity for any of them would not be warranted by this evidence."
??0?$DynamicVectorClass@PAVRender2DClass@@@@QAE@IPBQAVRender2DClass@@@Z,0x001A3AE0,"Finishing the four-way over-claim at 0x001A3AE0/94B that ??0?$DynamicVectorClass@PAVFontCharsBuffer@@@@QAE@IPBQAVFontCharsBuffer@@@Z was retired from (see that tombstone above). Read what the body at 0x001A3AE0 actually installs rather than guessing among the four claimed template parameters: its constructor writes a transitional base vtable of 0x00BD6C24, then a final vtable of 0x00BD6C54. Both are self-referentially proven the same way the FontCharsBuffer case was: the sibling destructor at 0x001A3AB0 -- reached the same way any DynamicVectorClass<T> destructor would be, by calling it from the deleting destructor at 0x001A3EB0, itself sitting in 0x00BD6C54's own slot 0 -- writes 0x00BD6C24 as ITS vtable, and 0x00BD6C24's slot 0 holds 0x005A3B90, the address of ??_G?$VectorClass@VVector3@@@@UAEPAXI@Z: Vector3's deleting destructor, not VertexMaterialClass's, TextureClass's, or Render2DClass's. The whole constructor/destructor/deleting-destructor family at 0x001A3AE0/0x001A3AB0/0x001A3EB0 belongs to DynamicVectorClass<Vector3>, a template instantiation none of the four rows that claimed this address ever named. This DynamicVectorClass<T> constructor overload (int count, T const* buffer) never touches an element of T, so its compiled shape is identical for any pointer-sized T -- that is why four unrelated masked single-hit placements collided here. An address with no correct claimant among the four is a better ledger state than three wrong ones; all three are retired rather than repointed, since none names Vector3 and inventing that identity for any of them would not be warranted by this evidence."
??0NodeMotionStruct@@QAE@XZ,0x006CBBF0,"Retired for the BFME fade-channel correction: the 28-byte body at 0x006CBBF0 inits eight nulls, but retail NodeMotionStruct holds nine channels (Fade ahead of Vis; Get_Orientation at 0x0018DD60 indexes the array with a 36-byte stride and BFME1 inits Fade(NULL) in its ctor). The eight-null zeroing shape folds with other small structs, so the old single-hit placement was an ICF alias, not this ctor. The nine-null ctor has no unique masked placement yet; re-land it if one emerges."
?resize@?$basic_string@DV?$char_traits@D@_STL@@V?$allocator@D@2@@_STL@@QAEXI@Z,0x00157E50,"mislabeled row retracted: 15B body at 0x00157E50 calls BfmeWordVec two-arg resize at 0x000824F9, so it is BfmeWordVec single-arg resize, not basic_string resize; superseded by ?resize@BfmeWordVec@@QAEXI@Z row"
?dup_00665640@@YAXXZ,0x00665640,"ICF-alias misattribution retracted: the 10B body at 0x00665640 stores its argument at [ecx+0x18] and is byte-verified as ?Set_Mesh@AABTreeClass@@QAEXPAVMeshGeometryClass@@@Z from Code/Libraries/Source/WWVegas/WW3D2/aabtree.cpp (BFME1 port, reloc-named by its call site); it is not setTeamNumber@GameSlot (all 10B mov-[ecx+imm] setters fold together, so the alias guess was shape-only). Superseded by the Set_Mesh row over the same range."
?d_00884e10@Rva00884E10Class@@QAEHPADI@Z,0x006C9930,"Superseded by ?GetLastLocalFile@CDownload@@UAEJPADH@Z: same 53B body identified via ZH Download.cpp (strncpy from m_LastLocalFile+0x384 plus maxlen-1 terminator with E_FAIL guard) sitting between landed CDownload::DownloadFile 0x6C9760 and ZH-shaped Abort 0x6C9971; opaque class retired."
?Blit_Char@FontCharsClass@@QAEXGPAGHHH@Z,0x001588A0,"Retracted misname: the 222B nibble twin carries an x-bias clamp (movsx word [rec+4] plus add plus jns plus xor) and an unconditional OR store, neither of which the BFME1 BFME-blit source has. True Blit_Char is the 215B body at 0x001587C0 (same TU, this commit): BFME1-verbatim PixelOverlap-conditional store, no x-bias, loadCharacterData callee, sole caller inside Build_Sentence_Not_Centered. The twin caller sits in unidentified 0x00158E90; identity open."
?getPlayerFromMask@PlayerList@@QAEPAVPlayer@@H@Z,0x002A7A6F,"Retracted: the TRUE getPlayerFromMask is the 56B zero-guard plus getNthPlayer loop with inlined 1-shift-plus-m-playerIndex-at-0x54 at 0x002A7B91 (bound 0x14), and the TRUE getEachPlayerFromMask is the 66B mask-ptr loop at 0x002A7BC9 (both banked as partials with stashes). The 49B twin here compares an unidentified Player field at +0x3AC; re-landed under opaque Rva002A7A6F with the same bytes."
?dup_0016cc30@@YAXXZ,0x0016CC30,Superseded by the reloc-proven _Construct<pair<const NameKeyType,FXList>> row at the same address (29B null-guarded 12B copy, caller is hashtable _M_new_node 0x16D670 in FXList.cpp); the ArmorTemplateSet alias was an ICF-fold guess with no call-site evidence.
?clear@Rva007F7860Block@@QAEXXZ,0x006633E0,"Duplicate-range over-claim retired: the 40B body at 0x006633E0 is byte-identical for both clear twins (same TU same source shape) so only one row may claim the address per the one-body-per-address rule. Kept ?clear@Rva007F6CF0Block@@QAEXXZ (sweep first pick); the twin def keeps its present-unmatched marker in V2FeslArrayBlocks.cpp."
?getLocalPlayerStartWaypointName@GameLogic@@QAEXPAVAsciiString@@@Z,0x0024822B,Over-claim yield: twin d0b80fc19 landed the same 77B first on origin as ?formatPlayerStartWaypointName@GameLogic@@QAEXPAVAsciiString@@@Z with the donor-backed startNewGame starting-camera identity; this same-shape variant duplicates the range.
?friend_newModuleData@W3DModelDrawModuleData@@SAPAVModuleData@@PAVINI@@@Z,0x000648D6,"Duplicate spelling left behind by 4dfb91ae8, which renamed the factory to the bare Draw-class convention (?friend_newModuleData@W3DModelDraw@@SAPAVModuleData@@PAVINI@@@Z) and added that row over the same 0x000648D6/83B range without retiring this one. W3DModelDrawModuleDataFriendNew.cpp only ever defines the W3DModelDraw spelling, so the full gate read this row as a claim on a symbol no object contains."
?Rva007472A9Get@@YAHXZ,0x007472A9,"Carved from the interior of Lua 4.0.1 _lua_equal 0x00747250 92B: place_bodies masked whole-.text search of the compiled vendored body is a single hit whose bytes include the branch to this address, so it is a jump target inside that function, not a separate function. The 'no branch sources' carve missed the intra-function jcc. Retired; the real body claims the range."
?Rva0074C9CBGet@@YAHXZ,0x0074C9CB,"Carved from the interior of Lua 4.0.1 _isLmark 0x0074C9B0 30B: place_bodies masked whole-.text search of the compiled vendored body is a single hit whose bytes include the branch to this address, so it is a jump target inside that function, not a separate function. The 'no branch sources' carve missed the intra-function jcc. Retired; the real body claims the range."
?Rva007542B3Get@@YAHXZ,0x007542B3,"Carved from the interior of Lua 4.0.1 _getunopr 0x007542A0 22B: place_bodies masked whole-.text search of the compiled vendored body is a single hit whose bytes include the branch to this address, so it is a jump target inside that function, not a separate function. The 'no branch sources' carve missed the intra-function jcc. Retired; the real body claims the range."
?Rva00751D52Get@@YAHXZ,0x00751D52,"Carved from the interior of Lua 4.0.1 _previous_instruction 0x00751D40 21B: place_bodies masked whole-.text search of the compiled vendored body is a single hit whose bytes include the branch to this address, so it is a jump target inside that function, not a separate function. The 'no branch sources' carve missed the intra-function jcc. Retired; the real body claims the range."
?rva00753947@@YAHXZ,0x00753947,"Carved from the interior of Lua 4.0.1 _optional 0x00753940 21B: place_bodies masked whole-.text search of the compiled vendored body is a single hit whose bytes include the branch to this address, so it is a jump target inside that function, not a separate function. The 'no branch sources' carve missed the intra-function jcc. Retired; the real body claims the range."
?Rva00753952Get@@YAHXZ,0x00753952,"Carved from the interior of Lua 4.0.1 _optional 0x00753940 21B: place_bodies masked whole-.text search of the compiled vendored body is a single hit whose bytes include the branch to this address, so it is the function's return-0 tail, not a separate function. Retired; the real body claims the range."
??R?$less@VAsciiString@@@_STL@@QBE_NABVAsciiString@@0@Z,0x00207150,"Misidentified: the body calls 0x00206BCF, the matched pair<AsciiString,AsciiString>::operator< (it calls the string operator< three times, first/second lexicographic), so this is the less<pair<AsciiString,AsciiString>> and not the AsciiString-keyed spelling carried over from ZH ThingTemplate.cpp. It had been failing the byte gate against the string operator< at 0x0005598C."
??$_M_find@VAsciiString@@@?$_Rb_tree@VAsciiString@@U?$pair@$$CBVAsciiString@@VAudioEventRTS@@@_STL@@U?$_Select1st@U?$pair@$$CBVAsciiString@@VAudioEventRTS@@@_STL@@@3@U?$less@VAsciiString@@@3@V?$allocator@U?$pair@$$CBVAsciiString@@VAudioEventRTS@@@_STL@@@3@@_STL@@ABEPAU?$_Rb_tree_node@U?$pair@$$CBVAsciiString@@VAudioEventRTS@@@_STL@@@1@ABVAsciiString@@@Z,0x0032C07C,"Misidentified: the body calls 0x00206BCF, the matched pair<AsciiString,AsciiString>::operator< (it calls the string operator< three times, first/second lexicographic), so this is the pair<AsciiString,AsciiString>-keyed _Rb_tree::_M_find and not the AsciiString-keyed spelling carried over from ZH ThingTemplate.cpp. It had been failing the byte gate against the string operator< at 0x0005598C."
?friend_newModuleData@ChinookAIUpdate@@SAPAVModuleData@@PAVINI@@@Z,0x0024E800,"Misidentified masked placement: ModuleFactory registration at 0x00259B45 pairs this data factory with the module name GiveUpgradeUpdate; it news 0xE4 and constructs vtable 0x00C51280, while ChinookAIUpdateModuleData (0x180, vtable 0x00BF4028) is built by the row at 0x00251740. Re-landed as GiveUpgradeUpdateModuleData::friend_newModuleData."
??1Overridable@@MAE@XZ,0x000A9EE9,"Misidentified masked placement from the ZH-shaped Overridable header: this class (vtable 0x00BC940C) derives MemoryPoolObject (dtor resets vptr 0x00BC93C8) and releases a ref-counted pointer at +4 via 0x0061ED10. BFME2's Overridable is the 0x00BDDC48 class: its ctor at 0x001E35CA sets next=NULL/flag=0/+0xC=-1 as the BFME1 reference Overridable does (BFME2-new third word), five derived ctors install it, and its dtor is 0x001E3624. The two vtables made ??_7Overridable a DIR32 inconsistency."
??_GOverridable@@MAEPAXI@Z,0x000A9ECD,"Misidentified masked placement from the ZH-shaped Overridable header: this class (vtable 0x00BC940C) derives MemoryPoolObject (dtor resets vptr 0x00BC93C8) and releases a ref-counted pointer at +4 via 0x0061ED10. BFME2's Overridable is the 0x00BDDC48 class: its ctor at 0x001E35CA sets next=NULL/flag=0/+0xC=-1 as the BFME1 reference Overridable does (BFME2-new third word), five derived ctors install it, and its dtor is 0x001E3624. The two vtables made ??_7Overridable a DIR32 inconsistency."
??_G?$VectorClass@VVector3@@@@UAEPAXI@Z,0x001A3B90,"Over-claimed ICF alias: the folded deleting dtor at 0x001A3B90 installs vtable 0x00BD6C24, but VectorClass<Vector3>'s vtable is 0x00BCEFAC (installed by its matched ctor at 0x000F0D2F), whose slot 0 is not 0x001A3B90. The alias made its ??_7 a DIR32 inconsistency; the other four aliases at this address stay."
??_G?$VectorClass@PAVVertexMaterialClass@@@@UAEPAXI@Z,0x001A3B90,"Over-claimed ICF alias: the folded deleting dtor at 0x001A3B90 installs vtable 0x00BD6C24, but VectorClass<VertexMaterialClass*>'s vtable is 0x00BD4628 (installed by the matched MaterialCollectorClass dtor), whose slot 0 is dup_0016faa0, not 0x001A3B90. The alias made its ??_7 a DIR32 inconsistency; the other four aliases at this address stay."
?friend_newModuleData@BaikonurLaunchPower@@SAPAVModuleData@@PAVINI@@@Z,0x0024AA99,"Misnamed: ModuleFactory registers this data factory under ""CastleBehavior"" (addModule name pushed with it) and its parse proc's INI keys are CastleBehavior's. Re-landed as CastleBehaviorModuleData::friend_newModuleData from a dedicated TU."
?friend_newModuleData@SalvageCrateCollide@@SAPAVModuleData@@PAVINI@@@Z,0x0024D068,"Misnamed: ModuleFactory registers this data factory under ""FlammableUpdate"" (addModule name pushed with it) and its parse proc's INI keys are FlammableUpdate's. Re-landed as FlammableUpdateModuleData::friend_newModuleData from a dedicated TU."
?friend_newModuleData@DozerAIUpdate@@SAPAVModuleData@@PAVINI@@@Z,0x0024DD21,"Misnamed: ModuleFactory registers this data factory under ""WeaponModeSpecialPowerUpdate"" (addModule name pushed with it) and its parse proc's INI keys are WeaponModeSpecialPowerUpdate's. Re-landed as WeaponModeSpecialPowerUpdateModuleData::friend_newModuleData from a dedicated TU."
?friend_newModuleData@StructureCollapseUpdate@@SAPAVModuleData@@PAVINI@@@Z,0x00257BE7,"Misnamed: ModuleFactory registers this data factory under ""StructureToppleUpdate"" (addModule name pushed with it) and its parse proc's INI keys are StructureToppleUpdate's. Re-landed as StructureToppleUpdateModuleData::friend_newModuleData from a dedicated TU."
?friend_newModuleData@PropagandaTowerBehavior@@SAPAVModuleData@@PAVINI@@@Z,0x0024F8A5,"Misnamed: ModuleFactory registers this data factory under ""DetachableRiderUpdate"" (addModule name pushed with it) and its parse proc's INI keys are DetachableRiderUpdate's. Re-landed as DetachableRiderUpdateModuleData::friend_newModuleData from a dedicated TU."
?friend_newModuleData@HealContain@@SAPAVModuleData@@PAVINI@@@Z,0x00250252,"Misnamed: ModuleFactory registers this data factory under ""WeaponSetUpgrade"" (addModule name pushed with it) and its parse proc's INI keys are WeaponSetUpgrade's. Re-landed as WeaponSetUpgradeModuleData::friend_newModuleData from a dedicated TU."
?friend_newModuleData@AnimationSteeringUpdate@@SAPAVModuleData@@PAVINI@@@Z,0x00251324,"Misnamed: ModuleFactory registers this data factory under ""CivilianSpawnCollide"" (addModule name pushed with it) and its parse proc's INI keys are CivilianSpawnCollide's. Re-landed as CivilianSpawnCollideModuleData::friend_newModuleData from a dedicated TU."
?friend_newModuleData@MobNexusContain@@SAPAVModuleData@@PAVINI@@@Z,0x002518CB,"Misnamed: ModuleFactory registers this data factory under ""InvisibilitySpecialPower"" (addModule name pushed with it) and its parse proc's INI keys are InvisibilitySpecialPower's. Re-landed as InvisibilitySpecialPowerModuleData::friend_newModuleData from a dedicated TU."
?friend_newModuleData@AutoHealBehavior@@SAPAVModuleData@@PAVINI@@@Z,0x00251B8A,"Misnamed: ModuleFactory registers this data factory under ""OCLSpecialPower"" (addModule name pushed with it) and its parse proc's INI keys are OCLSpecialPower's. Re-landed as OCLSpecialPowerModuleData::friend_newModuleData from a dedicated TU."
?friend_newModuleInstance@BridgeScaffoldBehavior@@SAPAVModule@@PAVThing@@PBVModuleData@@@Z,0x0006492A,"Misnamed: ModuleFactory registers this instance factory under ""W3DLaserDraw"" (addModule pairs the name with it). Re-landed as W3DLaserDraw::friend_newModuleInstance from a dedicated TU."
?friend_newModuleInstance@LaserUpdate@@SAPAVModule@@PAVThing@@PBVModuleData@@@Z,0x000649EE,"Misnamed: ModuleFactory registers this instance factory under ""W3DRopeDraw"" (addModule pairs the name with it). Re-landed as W3DRopeDraw::friend_newModuleInstance from a dedicated TU."
?friend_newModuleInstance@AnimatedParticleSysBoneClientUpdate@@SAPAVModule@@PAVThing@@PBVModuleData@@@Z,0x00065139,"Misnamed: ModuleFactory registers this instance factory under ""W3DTornadoDraw"" (addModule pairs the name with it). Re-landed as W3DTornadoDraw::friend_newModuleInstance from a dedicated TU."
?friend_newModuleInstance@DumbProjectileBehavior@@SAPAVModule@@PAVThing@@PBVModuleData@@@Z,0x0024E73C,"Misnamed: ModuleFactory registers this instance factory under ""PhysicsBehavior"" (addModule pairs the name with it). Re-landed as PhysicsBehavior::friend_newModuleInstance from a dedicated TU."
?friend_newModuleInstance@GrantStealthBehavior@@SAPAVModule@@PAVThing@@PBVModuleData@@@Z,0x0024CD45,"Misnamed: ModuleFactory registers this instance factory under ""DeletionUpdate"" (addModule pairs the name with it). Re-landed as DeletionUpdate::friend_newModuleInstance from a dedicated TU."
?friend_newModuleInstance@RailroadBehavior@@SAPAVModule@@PAVThing@@PBVModuleData@@@Z,0x0024CE09,"Misnamed: ModuleFactory registers this instance factory under ""DynamicShroudClearingRangeUpdate"" (addModule pairs the name with it). Re-landed as DynamicShroudClearingRangeUpdate::friend_newModuleInstance from a dedicated TU."
?friend_newModuleInstance@MinefieldBehavior@@SAPAVModule@@PAVThing@@PBVModuleData@@@Z,0x0024F109,"Misnamed: ModuleFactory registers this instance factory under ""DelayedLuaEventUpdate"" (addModule pairs the name with it). Re-landed as DelayedLuaEventUpdate::friend_newModuleInstance from a dedicated TU."
?friend_newModuleInstance@PoisonedBehavior@@SAPAVModule@@PAVThing@@PBVModuleData@@@Z,0x0024D788,"Misnamed: ModuleFactory registers this instance factory under ""DamageFieldUpdate"" (addModule pairs the name with it). Re-landed as DamageFieldUpdate::friend_newModuleInstance from a dedicated TU."
?friend_newModuleInstance@NeutronMissileUpdate@@SAPAVModule@@PAVThing@@PBVModuleData@@@Z,0x0024E1FC,"Misnamed: ModuleFactory registers this instance factory under ""BattlePlanUpdate"" (addModule pairs the name with it). Re-landed as BattlePlanUpdate::friend_newModuleInstance from a dedicated TU."
?friend_newModuleInstance@RailedTransportDockUpdate@@SAPAVModule@@PAVThing@@PBVModuleData@@@Z,0x0024D5C6,"Misnamed: ModuleFactory registers this instance factory under ""ArrowStormUpdate"" (addModule pairs the name with it). Re-landed as ArrowStormUpdate::friend_newModuleInstance from a dedicated TU."
?friend_newModuleInstance@FireWeaponWhenDamagedBehavior@@SAPAVModule@@PAVThing@@PBVModuleData@@@Z,0x0024EDCF,"Misnamed: ModuleFactory registers this instance factory under ""RubbleRiseUpdate"" (addModule pairs the name with it). Re-landed as RubbleRiseUpdate::friend_newModuleInstance from a dedicated TU."
?friend_newModuleInstance@JetSlowDeathBehavior@@SAPAVModule@@PAVThing@@PBVModuleData@@@Z,0x0024C6B1,"Misnamed: ModuleFactory registers this instance factory under ""AttributeModifierPoolUpdate"" (addModule pairs the name with it). Re-landed as AttributeModifierPoolUpdate::friend_newModuleInstance from a dedicated TU."
?friend_newModuleInstance@MissileLauncherBuildingUpdate@@SAPAVModule@@PAVThing@@PBVModuleData@@@Z,0x002530E6,"Misnamed: ModuleFactory registers this instance factory under ""StoreObjectsSpecialPower"" (addModule pairs the name with it). Re-landed as StoreObjectsSpecialPower::friend_newModuleInstance from a dedicated TU."
?friend_newModuleInstance@ActiveShroudUpgrade@@SAPAVModule@@PAVThing@@PBVModuleData@@@Z,0x00250E13,"Misnamed: ModuleFactory registers this instance factory under ""EvacuateDamage"" (addModule pairs the name with it). Re-landed as EvacuateDamage::friend_newModuleInstance from a dedicated TU."
?friend_newModuleData@CreateObjectDieIfEldestKindofModuleData@@SAPAVModuleData@@PAVINI@@@Z,0x0024C8C1,"ModuleFactory registers 0x0024C8C1 under ""CreateObjectDie"" (row ?friend_newModuleData@CreateObjectDieModuleData@@ holds the same bytes); CreateObjectDieIfEldestKindof's registered data factory is 0x0024C94A. Duplicate claim retired."
??1FXListDie@@MAE@XZ,0x00485EC3,"Caught by the DIR32 consistency check: this body installs vtable 0x00C4AB54, which DamageFilteredCreateObjectDie's ctor 0x00485F87 installs (its only caller is the DamageFilteredCreateObjectDie instance stub 0x0024C99B), while the FXListDie instance stub 0x0024CAA8 calls ctor 0x004865DD with a different vtable set. The Zero Hour FXListDie source only matched by shape; retired rather than renamed."
??_GFXListDie@@MAEPAXI@Z,0x00485FC7,"Retired with ??1FXListDie at 0x00485EC3: this deleting dtor is slot 0 of vtable 0x00C4AB54, which DamageFilteredCreateObjectDie's ctor 0x00485F87 installs; the FXListDie instance stub 0x0024CAA8 calls ctor 0x004865DD with a different vtable set."
??_G?$VectorClass@PAVTextureClass@@@@UAEPAXI@Z,0x001A3B90,Vtable-masked alias disproved by the matched mesh load context: ctor18B5F0 constructs its raw texture vector at+F4 and Peek_Texture1886F0 reads its array at+F8. Context cleanup18B180 installs base vtableBD5B48 whose slot0 is189620. The old1A3B90 body installs BD6C24 and belongs to a different vector specialization; other existing claims retain that range. Repointed the TextureClass pointer wrapper to its exact71-byte body189620 ending ret4 at189664.
??$__destroy_aux@U?$_Deque_iterator@UBfmePod132@@U?$_Nonconst_traits@UBfmePod132@@@_STL@@@_STL@@@_STL@@YAXU?$_Deque_iterator@UBfmePod132@@U?$_Nonconst_traits@UBfmePod132@@@_STL@@@0@0ABU__false_type@0@@Z,0x00421E96,Unsupported 132-byte deque identity: target iterator42187F increments4 bytes and has128-byte blocks; source element is132 bytes. Cleanup or indexing reaches that iterator through421E96 or422767; no independently established replacement element identity. Allocator28C5AD remains valid.
??$__destroy@U?$_Deque_iterator@UBfmePod132@@U?$_Nonconst_traits@UBfmePod132@@@_STL@@@_STL@@UBfmePod132@@@_STL@@YAXU?$_Deque_iterator@UBfmePod132@@U?$_Nonconst_traits@UBfmePod132@@@_STL@@@0@0PAUBfmePod132@@@Z,0x0042213E,Unsupported 132-byte deque identity: target iterator42187F increments4 bytes and has128-byte blocks; source element is132 bytes. Cleanup or indexing reaches that iterator through421E96 or422767; no independently established replacement element identity. Allocator28C5AD remains valid.
??$_Destroy@U?$_Deque_iterator@UBfmePod132@@U?$_Nonconst_traits@UBfmePod132@@@_STL@@@_STL@@@_STL@@YAXU?$_Deque_iterator@UBfmePod132@@U?$_Nonconst_traits@UBfmePod132@@@_STL@@@0@0@Z,0x004227FC,Unsupported 132-byte deque identity: target iterator42187F increments4 bytes and has128-byte blocks; source element is132 bytes. Cleanup or indexing reaches that iterator through421E96 or422767; no independently established replacement element identity. Allocator28C5AD remains valid.
??1?$deque@UBfmePod132@@V?$allocator@UBfmePod132@@@_STL@@@_STL@@QAE@XZ,0x00422D48,Unsupported 132-byte deque identity: target iterator42187F increments4 bytes and has128-byte blocks; source element is132 bytes. Cleanup or indexing reaches that iterator through421E96 or422767; no independently established replacement element identity. Allocator28C5AD remains valid.
??A?$_Deque_iterator@UBfmePod132@@U?$_Nonconst_traits@UBfmePod132@@@_STL@@@_STL@@QBEAAUBfmePod132@@H@Z,0x00422D82,Unsupported 132-byte deque identity: target iterator42187F increments4 bytes and has128-byte blocks; source element is132 bytes. Cleanup or indexing reaches that iterator through421E96 or422767; no independently established replacement element identity. Allocator28C5AD remains valid.
?erase@?$deque@UBfmePod132@@V?$allocator@UBfmePod132@@@_STL@@@_STL@@QAE?AU?$_Deque_iterator@UBfmePod132@@U?$_Nonconst_traits@UBfmePod132@@@_STL@@@2@U32@@Z,0x00057A35,Unsupported 132-byte deque identity: target iterator42187F increments4 bytes and has128-byte blocks; source element is132 bytes. Erase also reaches owning-reference assignment239099 and release50ED3 through its copy chain; pinned outer-body equality did not establish element semantics.
??1?$deque@UBfmePod184@@V?$allocator@UBfmePod184@@@_STL@@@_STL@@QAE@XZ,0x0054B41C,Reattributed to a neutral eight-byte deque cleanup view: target54B41C calls54AD1F ->54A88B ->54A461 ->549E19; increment is8 bytes and node span128 bytes. Former184-byte element identity was contradicted.
??H?$_Deque_iterator@UBfmeE16@@U?$_Const_traits@UBfmeE16@@@_STL@@@_STL@@QBE?AU01@H@Z,0x00422007,Target iterator chain uses40-byte stride and3-element blocks at4217AD/4217DD; former16/156-byte identity contradicted.
??A?$_Deque_iterator@UBfmePod156@@U?$_Nonconst_traits@UBfmePod156@@@_STL@@@_STL@@QBEAAUBfmePod156@@H@Z,0x0042274F,Target iterator chain uses40-byte stride and3-element blocks at4217AD/4217DD; former16/156-byte identity contradicted.
??$__destroy_aux@U?$_Deque_iterator@UBfmePod156@@U?$_Nonconst_traits@UBfmePod156@@@_STL@@@_STL@@@_STL@@YAXU?$_Deque_iterator@UBfmePod156@@U?$_Nonconst_traits@UBfmePod156@@@_STL@@@0@0ABU__false_type@0@@Z,0x00550C69,Target destruction reaches5508A5 which advances0x864 bytes; 156-byte identity contradicted.
??$__destroy@U?$_Deque_iterator@UBfmePod156@@U?$_Nonconst_traits@UBfmePod156@@@_STL@@@_STL@@UBfmePod156@@@_STL@@YAXU?$_Deque_iterator@UBfmePod156@@U?$_Nonconst_traits@UBfmePod156@@@_STL@@@0@0PAUBfmePod156@@@Z,0x00550ED4,Target destruction reaches5508A5 which advances0x864 bytes; 156-byte identity contradicted.
??$_Destroy@U?$_Deque_iterator@UBfmePod156@@U?$_Nonconst_traits@UBfmePod156@@@_STL@@@_STL@@@_STL@@YAXU?$_Deque_iterator@UBfmePod156@@U?$_Nonconst_traits@UBfmePod156@@@_STL@@@0@0@Z,0x005512AE,Target destruction reaches5508A5 which advances0x864 bytes; 156-byte identity contradicted.
??1?$deque@UBfmePod156@@V?$allocator@UBfmePod156@@@_STL@@@_STL@@QAE@XZ,0x00551868,Target destruction reaches5508A5 which advances0x864 bytes; 156-byte identity contradicted.
??0?$deque@UBfmePod156@@V?$allocator@UBfmePod156@@@_STL@@@_STL@@QAE@ABV01@@Z,0x00423675,Target iterator chain uses40-byte stride and3-element blocks at4217AD/4217DD; former16/156-byte identity contradicted. Element construction42301D->422825 still needs qualification before replacement.
?push_back@?$vector@UBfmePod476@@V?$allocator@UBfmePod476@@@_STL@@@_STL@@QAEXABUBfmePod476@@@Z,0x001FEF7F,Retracted POD copy assumption for 476-byte elements. Target construction invokes a structured copy constructor and cleanup performs virtual destruction; size-only POD calls did not preserve object semantics.
??$__uninitialized_fill_n@PAUBfmePod476@@IU1@@_STL@@YAPAUBfmePod476@@PAU1@IABU1@ABU__false_type@0@@Z,0x001FEB2D,Retracted POD copy assumption for 476-byte elements. Target construction invokes a structured copy constructor and cleanup performs virtual destruction; size-only POD calls did not preserve object semantics.
??$__uninitialized_copy@PBUBfmePod476@@PAU1@@_STL@@YAPAUBfmePod476@@PBU1@0PAU1@ABU__false_type@0@@Z,0x001FEAFE,Retracted POD copy assumption for 476-byte elements. Target construction invokes a structured copy constructor and cleanup performs virtual destruction; size-only POD calls did not preserve object semantics.
?push_back@?$vector@UBfmePod544@@V?$allocator@UBfmePod544@@@_STL@@@_STL@@QAEXABUBfmePod544@@@Z,0x004CB00D,Retracted POD copy assumption for 544-byte elements. Target construction invokes a structured copy constructor and cleanup performs nonvirtual member destruction; size-only POD calls did not preserve object semantics.
??$__uninitialized_fill_n@PAUBfmePod544@@IU1@@_STL@@YAPAUBfmePod544@@PAU1@IABU1@ABU__false_type@0@@Z,0x004CAE2D,Retracted POD copy assumption for 544-byte elements. Target construction invokes a structured copy constructor and cleanup performs nonvirtual member destruction; size-only POD calls did not preserve object semantics.
??$__uninitialized_copy@PBUBfmePod544@@PAU1@@_STL@@YAPAUBfmePod544@@PBU1@0PAU1@ABU__false_type@0@@Z,0x004CADFE,Retracted POD copy assumption for 544-byte elements. Target construction invokes a structured copy constructor and cleanup performs nonvirtual member destruction; size-only POD calls did not preserve object semantics.
??4?$vector@UBfmePod872@@V?$allocator@UBfmePod872@@@_STL@@@_STL@@QAEAAV01@ABV01@@Z,0x002CFF66,Retracted POD construction assumption. Target Construct2CF8A9 invokes structured copy2CF380; its fixed-storage member calls and selective tail-field copies differ from a raw 872-byte copy. Allocation and trivial assignment remain valid.
?push_back@?$vector@UBfmePod872@@V?$allocator@UBfmePod872@@@_STL@@@_STL@@QAEXABUBfmePod872@@@Z,0x0033CFC6,Retracted POD construction assumption. Target Construct2CF8A9 invokes structured copy2CF380; its fixed-storage member calls and selective tail-field copies differ from a raw 872-byte copy. Allocation and trivial assignment remain valid.
??$__uninitialized_fill_n@PAUBfmePod872@@IU1@@_STL@@YAPAUBfmePod872@@PAU1@IABU1@ABU__false_type@0@@Z,0x0033AEDB,Retracted POD construction assumption. Target Construct2CF8A9 invokes structured copy2CF380; its fixed-storage member calls and selective tail-field copies differ from a raw 872-byte copy. Allocation and trivial assignment remain valid.
?_M_insert_overflow@?$vector@UBfmePod872@@V?$allocator@UBfmePod872@@@_STL@@@_STL@@IAEXPAUBfmePod872@@ABU3@ABU__false_type@2@I_N@Z,0x0033CACB,Retracted POD construction assumption. Target Construct2CF8A9 invokes structured copy2CF380; its fixed-storage member calls and selective tail-field copies differ from a raw 872-byte copy. Allocation and trivial assignment remain valid.
??$__uninitialized_copy@PBUBfmePod872@@PAU1@@_STL@@YAPAUBfmePod872@@PBU1@0PAU1@ABU__false_type@0@@Z,0x0033AEAC,Retracted POD construction assumption. Target Construct2CF8A9 invokes structured copy2CF380; its fixed-storage member calls and selective tail-field copies differ from a raw 872-byte copy. Allocation and trivial assignment remain valid.
??$_M_allocate_and_copy@PBUBfmePod872@@@?$vector@UBfmePod872@@V?$allocator@UBfmePod872@@@_STL@@@_STL@@IAEPAUBfmePod872@@IPBU2@0@Z,0x002CFBC7,Retracted POD construction assumption. Target Construct2CF8A9 invokes structured copy2CF380; its fixed-storage member calls and selective tail-field copies differ from a raw 872-byte copy. Allocation and trivial assignment remain valid.
?push_back@?$deque@UBfmePod492@@V?$allocator@UBfmePod492@@@_STL@@@_STL@@QAEXABUBfmePod492@@@Z,0x0038D2A3,Retracted POD element-copy assumption. Target push helpers construct and destroy owned string/array members through nontrivial lifetime calls. Size-only allocation and iterator/map-storage operations remain independently valid.
?push_back@?$deque@UBfmePod840@@V?$allocator@UBfmePod840@@@_STL@@@_STL@@QAEXABUBfmePod840@@@Z,0x0038D2D5,Retracted POD element-copy assumption. Target push helpers construct and destroy owned string/array members through nontrivial lifetime calls. Size-only allocation and iterator/map-storage operations remain independently valid.
?_M_insert_overflow@?$vector@UBfmePod156@@V?$allocator@UBfmePod156@@@_STL@@@_STL@@IAEXPAUBfmePod156@@ABU3@ABU__false_type@2@I_N@Z,0x00336101,Retracted flat POD construction assumption. Target Construct333283 invokes copy332E9D: one leading DWORD and two 76-byte member-copy calls45455. The valid156-byte allocator remains claimed.
??$__uninitialized_copy@PAUBfmePod156@@PAU1@@_STL@@YAPAUBfmePod156@@PAU1@00ABU__false_type@0@@Z,0x003332A7,Retracted flat POD construction assumption. Target Construct333283 invokes copy332E9D: one leading DWORD and two 76-byte member-copy calls45455. The valid156-byte allocator remains claimed.
??$__uninitialized_fill_n@PAUBfmePod156@@IU1@@_STL@@YAPAUBfmePod156@@PAU1@IABU1@ABU__false_type@0@@Z,0x003332D6,Retracted flat POD construction assumption. Target Construct333283 invokes copy332E9D: one leading DWORD and two 76-byte member-copy calls45455. The valid156-byte allocator remains claimed.
?push_back@?$vector@UBfmePod260@@V?$allocator@UBfmePod260@@@_STL@@@_STL@@QAEXABUBfmePod260@@@Z,0x00542AEA,Retracted flat POD construction assumption. Construct2CF8E8 calls copy2CF495 which copies a leading DWORD and two128-byte members through4548B. Full helper graph and260-byte stride verified; valid size-only allocation and plain assignment retained.
??$__uninitialized_fill_n@PAUBfmePod260@@IU1@@_STL@@YAPAUBfmePod260@@PAU1@IABU1@ABU__false_type@0@@Z,0x005429FD,Retracted flat POD construction assumption. Construct2CF8E8 calls copy2CF495 which copies a leading DWORD and two128-byte members through4548B. Full helper graph and260-byte stride verified; valid size-only allocation and plain assignment retained.
??4?$vector@UBfmePod260@@V?$allocator@UBfmePod260@@@_STL@@@_STL@@QAEAAV01@ABV01@@Z,0x002D004E,Retracted flat POD construction assumption. Construct2CF8E8 calls copy2CF495 which copies a leading DWORD and two128-byte members through4548B. Full helper graph and260-byte stride verified; valid size-only allocation and plain assignment retained.
?_M_insert_overflow@?$vector@UBfmePod260@@V?$allocator@UBfmePod260@@@_STL@@@_STL@@IAEXPAUBfmePod260@@ABU3@ABU__false_type@2@I_N@Z,0x00542A25,Retracted flat POD construction assumption. Construct2CF8E8 calls copy2CF495 which copies a leading DWORD and two128-byte members through4548B. Full helper graph and260-byte stride verified; valid size-only allocation and plain assignment retained.
??$__uninitialized_copy@PBUBfmePod260@@PAU1@@_STL@@YAPAUBfmePod260@@PBU1@0PAU1@ABU__false_type@0@@Z,0x002CFA01,Retracted flat POD construction assumption. Construct2CF8E8 calls copy2CF495 which copies a leading DWORD and two128-byte members through4548B. Full helper graph and260-byte stride verified; valid size-only allocation and plain assignment retained.
??$_M_allocate_and_copy@PBUBfmePod260@@@?$vector@UBfmePod260@@V?$allocator@UBfmePod260@@@_STL@@@_STL@@IAEPAUBfmePod260@@IPBU2@0@Z,0x002CFC21,Retracted flat POD construction assumption. Construct2CF8E8 calls copy2CF495 which copies a leading DWORD and two128-byte members through4548B. Full helper graph and260-byte stride verified; valid size-only allocation and plain assignment retained.
?push_back@?$vector@UBfmePod60@@V?$allocator@UBfmePod60@@@_STL@@@_STL@@QAEXABUBfmePod60@@@Z,0x000BDAF3,Retracted POD construction assumption. Target ConstructB64F1 calls nontrivial copyB41EF which constructs three16-byte blocks then copies their values; assignment helpers callB4384. Size-only allocation and separate plain assignment helpers retained. Correct structured vector graph independently verified.
??4?$vector@UBfmePod60@@V?$allocator@UBfmePod60@@@_STL@@@_STL@@QAEAAV01@ABV01@@Z,0x000BC3C4,Retracted POD construction assumption. Target ConstructB64F1 calls nontrivial copyB41EF which constructs three16-byte blocks then copies their values; assignment helpers callB4384. Size-only allocation and separate plain assignment helpers retained. Correct structured vector graph independently verified.
??$__uninitialized_copy@PBUBfmePod60@@PAU1@@_STL@@YAPAUBfmePod60@@PBU1@0PAU1@ABU__false_type@0@@Z,0x000B651E,Retracted POD construction assumption. Target ConstructB64F1 calls nontrivial copyB41EF which constructs three16-byte blocks then copies their values; assignment helpers callB4384. Size-only allocation and separate plain assignment helpers retained. Correct structured vector graph independently verified.
??$__uninitialized_fill_n@PAUBfmePod60@@IU1@@_STL@@YAPAUBfmePod60@@PAU1@IABU1@ABU__false_type@0@@Z,0x000B6544,Retracted POD construction assumption. Target ConstructB64F1 calls nontrivial copyB41EF which constructs three16-byte blocks then copies their values; assignment helpers callB4384. Size-only allocation and separate plain assignment helpers retained. Correct structured vector graph independently verified.
??$_M_allocate_and_copy@PBUBfmePod60@@@?$vector@UBfmePod60@@V?$allocator@UBfmePod60@@@_STL@@@_STL@@IAEPAUBfmePod60@@IPBU2@0@Z,0x000B975D,Retracted POD construction assumption. Target ConstructB64F1 calls nontrivial copyB41EF which constructs three16-byte blocks then copies their values; assignment helpers callB4384. Size-only allocation and separate plain assignment helpers retained. Correct structured vector graph independently verified.
?_M_insert_overflow@?$vector@UBfmePod60@@V?$allocator@UBfmePod60@@@_STL@@@_STL@@IAEXPAUBfmePod60@@ABU3@ABU__false_type@2@I_N@Z,0x000BD15B,Retracted POD construction assumption. Target ConstructB64F1 calls nontrivial copyB41EF which constructs three16-byte blocks then copies their values; assignment helpers callB4384. Size-only allocation and separate plain assignment helpers retained. Correct structured vector graph independently verified.
??4?$basic_string@DV?$char_traits@D@_STL@@V?$allocator@D@2@@_STL@@QAEAAV01@ABV01@@Z,0x00019DE0,Retracted narrow string attribution. Full target calls wide102-byte assign dispatch130A0 with sixteen-bit element operations; complete wide assignment bodies23/36 independently reproduce these addresses. Incorrect private narrow dispatch pin130A0 removed; verified public narrow dispatch120F0 retained.
??$assign@PAD@?$basic_string@DV?$char_traits@D@_STL@@V?$allocator@D@2@@_STL@@QAEAAV01@PAD0@Z,0x00019DC0,Retracted narrow string attribution. Full target calls wide102-byte assign dispatch130A0 with sixteen-bit element operations; complete wide assignment bodies23/36 independently reproduce these addresses. Incorrect private narrow dispatch pin130A0 removed; verified public narrow dispatch120F0 retained.
?Rva0075ACADGet@@YAHXZ,0x0075ACAD,"Interior fragment, not a function: xor eax,eax; ret at 0x0075ACAD is the out-of-range arm of __RTC_GetErrDesc (msvcrt.lib userapi.obj, 24B at 0x0075AC98), the target of its jl at 0x0075AC9E and jge at 0x0075ACA3. The row's note claimed no branch sources."
?bfmeReleaseDWD@BfmeThingDWD@@QAEXXZ,0x00628CE7,"Renamed to its real identity ??1?$CComCritSecLock@VCComCriticalSection@ATL@@@ATL@@QAE@XZ: BfmeThingDWD is ATL 7.1 CComCritSecLock<CComCriticalSection> (atls.lib places ??1CComCritSecLock uniquely at 0x00628CE7). Body now in Code/Libraries/Source/ATL/atlcomcritseclock.cpp."
?bfmeLockDWD@BfmeThingDWD@@QAEHXZ,0x00628C56,"Renamed to its real identity ?Lock@?$CComCritSecLock@VCComCriticalSection@ATL@@@ATL@@QAEJXZ: BfmeThingDWD is ATL 7.1 CComCritSecLock<CComCriticalSection> (atls.lib places ??1CComCritSecLock uniquely at 0x00628CE7). Body now in Code/Libraries/Source/ATL/atlcomcritseclock.cpp."
?bfmeUnlockDWD@BfmeThingDWD@@QAEXXZ,0x00628CAD,"Renamed to its real identity ?Unlock@?$CComCritSecLock@VCComCriticalSection@ATL@@@ATL@@QAEXXZ: BfmeThingDWD is ATL 7.1 CComCritSecLock<CComCriticalSection> (atls.lib places ??1CComCritSecLock uniquely at 0x00628CE7). Body now in Code/Libraries/Source/ATL/atlcomcritseclock.cpp."
??0Rva009F69B1@@QAE@XZ,0x00628CFE,"Renamed to its real identity ??0_ATL_BASE_MODULE70@ATL@@QAE@XZ: atls.lib places that COMDAT uniquely here, and ??0CAtlBaseModule@ATL@@QAE@XZ (0x00628E28) calls it as its base constructor. Body now in Code/Libraries/Source/ATL/atlbasemodule.cpp."
?Rva0074CBB8Get@@YAHXZ,0x0074CBB8,"Interior fragment, not a function: xor eax,eax; ret at 0x0074CBB8 is the NULL arm of Lua 4.0 ldebug.c getluaproto (27B at 0x0074CBA0), the target of its je at 0x0074CBA2 and jne at 0x0074CBA7 and 0x0074CBB3. The row's note claimed no branch sources."
?Rva00021736Get@@YAHXZ,0x00021736,"Interior fragment, not a function: the code before it branches here (jl@0x000216A5, jg@0x000216AE, je@0x000216D9) with no int3 padding in between, so these 3 bytes are an arm of the preceding function. Frag audit 2026-09-23."
?Rva00030514Get@@YAHXZ,0x00030514,"Interior fragment, not a function: the code before it branches here (ja@0x0003050A) with no int3 padding in between, so these 3 bytes are an arm of the preceding function. Frag audit 2026-09-23."
?Rva000310EBGet@@YAHXZ,0x000310EB,"Interior fragment, not a function: the code before it branches here (jne@0x000310A1, je@0x000310DF) with no int3 padding in between, so these 3 bytes are an arm of the preceding function. Frag audit 2026-09-23."
?Rva00040F61Get@@YA_NXZ,0x00040F61,"Interior fragment, not a function: the code before it branches here (je@0x00040F51) with no int3 padding in between, so these 3 bytes are an arm of the preceding function. Frag audit 2026-09-23."
?Rva00040FB2Get@@YA_NXZ,0x00040FB2,"Interior fragment, not a function: the code before it branches here (je@0x00040FA2) with no int3 padding in between, so these 3 bytes are an arm of the preceding function. Frag audit 2026-09-23."
?Rva00040FCAGet@@YA_NXZ,0x00040FCA,"Interior fragment, not a function: the code before it branches here (je@0x00040FBA) with no int3 padding in between, so these 3 bytes are an arm of the preceding function. Frag audit 2026-09-23."
?Rva00040FE2Get@@YA_NXZ,0x00040FE2,"Interior fragment, not a function: the code before it branches here (je@0x00040FD2) with no int3 padding in between, so these 3 bytes are an arm of the preceding function. Frag audit 2026-09-23."
?Rva00042FF5Get@@YAHXZ,0x00042FF5,"Interior fragment, not a function: the code before it branches here (je@0x00042FE9, je@0x00042FEF) with no int3 padding in between, so these 3 bytes are an arm of the preceding function. Frag audit 2026-09-23."
?Rva000454B7Get@@YA_NXZ,0x000454B7,"Interior fragment, not a function: the code before it branches here (jne@0x000454AC) with no int3 padding in between, so these 3 bytes are an arm of the preceding function. Frag audit 2026-09-23."
?Rva0004E50FGet@@YA_NXZ,0x0004E50F,"Interior fragment, not a function: the code before it branches here (jl@0x0004E4F2, jl@0x0004E4F9, jge@0x0004E504, jge@0x0004E50A) with no int3 padding in between, so these 3 bytes are an arm of the preceding function. Frag audit 2026-09-23."
?Rva00050D50Get@@YAHXZ,0x00050D50,"Interior fragment, not a function: the code before it branches here (je@0x00050D4A) with no int3 padding in between, so these 3 bytes are an arm of the preceding function. Frag audit 2026-09-23."
?Rva00050D5DGet@@YAHXZ,0x00050D5D,"Interior fragment, not a function: the code before it branches here (je@0x00050D57) with no int3 padding in between, so these 3 bytes are an arm of the preceding function. Frag audit 2026-09-23."
?Rva00050DCDGet@@YA_NXZ,0x00050DCD,"Interior fragment, not a function: the code before it branches here (je@0x00050DC1) with no int3 padding in between, so these 3 bytes are an arm of the preceding function. Frag audit 2026-09-23."
?Rva00050DE0Get@@YA_NXZ,0x00050DE0,"Interior fragment, not a function: the code before it branches here (je@0x00050DD4) with no int3 padding in between, so these 3 bytes are an arm of the preceding function. Frag audit 2026-09-23."
?Rva00050DEDGet@@YAHXZ,0x00050DED,"Interior fragment, not a function: the code before it branches here (je@0x00050DE7) with no int3 padding in between, so these 3 bytes are an arm of the preceding function. Frag audit 2026-09-23."
?Rva0005155BGet@@YA_NXZ,0x0005155B,"Interior fragment, not a function: the code before it branches here (jle@0x0005152D, jg@0x00051532) with no int3 padding in between, so these 3 bytes are an arm of the preceding function. Frag audit 2026-09-23."
?Rva0005320CGet@@YA_NXZ,0x0005320C,"Interior fragment, not a function: the code before it branches here (je@0x000531FE, je@0x00053207) with no int3 padding in between, so these 3 bytes are an arm of the preceding function. Frag audit 2026-09-23."
?Rva00065E39Get@@YA_NXZ,0x00065E39,"Interior fragment, not a function: the code before it branches here (jne@0x00065E2D) with no int3 padding in between, so these 3 bytes are an arm of the preceding function. Frag audit 2026-09-23."
?Rva0006CEEBGet@@YAHXZ,0x0006CEEB,"Interior fragment, not a function: the code before it branches here (jne@0x0006CED9, je@0x0006CEE5) with no int3 padding in between, so these 3 bytes are an arm of the preceding function. Frag audit 2026-09-23."
?Rva00072580Get@@YA_NXZ,0x00072580,"Interior fragment, not a function: the code before it branches here (je@0x00072572) with no int3 padding in between, so these 3 bytes are an arm of the preceding function. Frag audit 2026-09-23."
?Rva00075692Get@@YAHXZ,0x00075692,"Interior fragment, not a function: the code before it branches here (je@0x00075686) with no int3 padding in between, so these 3 bytes are an arm of the preceding function. Frag audit 2026-09-23."
?Rva00075743Get@@YA_NXZ,0x00075743,"Interior fragment, not a function: the code before it branches here (je@0x00075733) with no int3 padding in between, so these 3 bytes are an arm of the preceding function. Frag audit 2026-09-23."
?Rva0007B716Get@@YAHXZ,0x0007B716,"Interior fragment, not a function: the code before it branches here (jbe@0x0007B710) with no int3 padding in between, so these 3 bytes are an arm of the preceding function. Frag audit 2026-09-23."
?Rva0007E3AEGet@@YAHXZ,0x0007E3AE,"Interior fragment, not a function: the code before it branches here (jne@0x0007E3A0, jne@0x0007E3A8) with no int3 padding in between, so these 3 bytes are an arm of the preceding function. Frag audit 2026-09-23."
?Rva0008BBDDGet@@YAHXZ,0x0008BBDD,"Interior fragment, not a function: the code before it branches here (je@0x0008BBCE, je@0x0008BBD7) with no int3 padding in between, so these 3 bytes are an arm of the preceding function. Frag audit 2026-09-23."
?Rva00094BEFGet@@YAHXZ,0x00094BEF,"Interior fragment, not a function: the code before it branches here (jp@0x00094BE9) with no int3 padding in between, so these 3 bytes are an arm of the preceding function. Frag audit 2026-09-23."
?get@Rva000A8AA2DwordField@@QBEHXZ,0x000A8AA2,"Interior fragment, not a function: the code before it branches here (je@0x000A8A9C) with no int3 padding in between, so these 4 bytes are an arm of the preceding function. Frag audit 2026-09-23."
?Rva000B19F8Get@@YAHXZ,0x000B19F8,"Interior fragment, not a function: the code before it branches here (jbe@0x000B19F2) with no int3 padding in between, so these 3 bytes are an arm of the preceding function. Frag audit 2026-09-23."
?Rva000B2CE2Get@@YAHXZ,0x000B2CE2,"Interior fragment, not a function: the code before it branches here (je@0x000B2CD3, je@0x000B2CDC) with no int3 padding in between, so these 3 bytes are an arm of the preceding function. Frag audit 2026-09-23."
?Rva000B2EB2Get@@YA_NXZ,0x000B2EB2,"Interior fragment, not a function: the code before it branches here (je@0x000B2E4E, jne@0x000B2E58, je@0x000B2E5E, jl@0x000B2E65) with no int3 padding in between, so these 3 bytes are an arm of the preceding function. Frag audit 2026-09-23."
?Rva000B3148Get@@YAHXZ,0x000B3148,"Interior fragment, not a function: the code before it branches here (je@0x000B3140) with no int3 padding in between, so these 3 bytes are an arm of the preceding function. Frag audit 2026-09-23."
?Rva000B3A7DGet@@YA_NXZ,0x000B3A7D,"Interior fragment, not a function: the code before it branches here (je@0x000B3A6F, je@0x000B3A78) with no int3 padding in between, so these 3 bytes are an arm of the preceding function. Frag audit 2026-09-23."
?Rva000FBA47Get@@YAHXZ,0x000FBA47,"Interior fragment, not a function: the code before it branches here (je@0x000FBA2E, je@0x000FBA37) with no int3 padding in between, so these 3 bytes are an arm of the preceding function. Frag audit 2026-09-23."
?Rva000FC943Get@@YAHXZ,0x000FC943,"Interior fragment, not a function: the code before it branches here (je@0x000FC92A, je@0x000FC933) with no int3 padding in between, so these 3 bytes are an arm of the preceding function. Frag audit 2026-09-23."
?Rva00104076Get@@YAHXZ,0x00104076,"Interior fragment, not a function: the code before it branches here (jp@0x00104061, jp@0x00104070) with no int3 padding in between, so these 3 bytes are an arm of the preceding function. Frag audit 2026-09-23."
?Rva0010615FGet@@YAHXZ,0x0010615F,"Interior fragment, not a function: the code before it branches here (je@0x00106158) with no int3 padding in between, so these 3 bytes are an arm of the preceding function. Frag audit 2026-09-23."
?Rva001363C6Get@@YAHXZ,0x001363C6,"Interior fragment, not a function: the code before it branches here (je@0x001363C0) with no int3 padding in between, so these 6 bytes are an arm of the preceding function. Frag audit 2026-09-23."
?Rva001499A5Get@@YAHXZ,0x001499A5,"Interior fragment, not a function: the code before it branches here (je@0x00149988, je@0x00149992) with no int3 padding in between, so these 3 bytes are an arm of the preceding function. Frag audit 2026-09-23."
?Rva00149A6CGet@@YAHXZ,0x00149A6C,"Interior fragment, not a function: the code before it branches here (je@0x00149A57) with no int3 padding in between, so these 3 bytes are an arm of the preceding function. Frag audit 2026-09-23."
?Rva00149A8CGet@@YAHXZ,0x00149A8C,"Interior fragment, not a function: the code before it branches here (je@0x00149A77) with no int3 padding in between, so these 3 bytes are an arm of the preceding function. Frag audit 2026-09-23."
?Rva0014A07FGet@@YAHXZ,0x0014A07F,"Interior fragment, not a function: the code before it branches here (je@0x0014A078) with no int3 padding in between, so these 3 bytes are an arm of the preceding function. Frag audit 2026-09-23."
?Rva0014A0C6Get@@YAHXZ,0x0014A0C6,"Interior fragment, not a function: the code before it branches here (je@0x0014A0B8, je@0x0014A0BE) with no int3 padding in between, so these 3 bytes are an arm of the preceding function. Frag audit 2026-09-23."
?Rva001542C3Get@@YAHXZ,0x001542C3,"Interior fragment, not a function: the code before it branches here (jb@0x001542B5, ja@0x001542BB) with no int3 padding in between, so these 3 bytes are an arm of the preceding function. Frag audit 2026-09-23."
?Rva0016ABD1Get@@YAHXZ,0x0016ABD1,"Interior fragment, not a function: the code before it branches here (je@0x0016ABC5, jle@0x0016ABCB) with no int3 padding in between, so these 3 bytes are an arm of the preceding function. Frag audit 2026-09-23."
?Rva0016ABF1Get@@YAHXZ,0x0016ABF1,"Interior fragment, not a function: the code before it branches here (je@0x0016ABE5, jle@0x0016ABEB) with no int3 padding in between, so these 3 bytes are an arm of the preceding function. Frag audit 2026-09-23."
?Rva00176D69Get@@YAHXZ,0x00176D69,"Interior fragment, not a function: the code before it branches here (je@0x00176D64) with no int3 padding in between, so these 3 bytes are an arm of the preceding function. Frag audit 2026-09-23."
?Rva00179930Get@@YAHXZ,0x00179930,"Interior fragment, not a function: the code before it branches here (je@0x00179902) with no int3 padding in between, so these 3 bytes are an arm of the preceding function. Frag audit 2026-09-23."
?Rva0017EF80Get@@YAHXZ,0x0017EF80,"Interior fragment, not a function: the code before it branches here (je@0x0017EF52) with no int3 padding in between, so these 3 bytes are an arm of the preceding function. Frag audit 2026-09-23."
?Rva0017EFC0Get@@YAHXZ,0x0017EFC0,"Interior fragment, not a function: the code before it branches here (je@0x0017EF92) with no int3 padding in between, so these 3 bytes are an arm of the preceding function. Frag audit 2026-09-23."
?Rva0017F000Get@@YAHXZ,0x0017F000,"Interior fragment, not a function: the code before it branches here (je@0x0017EFD2) with no int3 padding in between, so these 3 bytes are an arm of the preceding function. Frag audit 2026-09-23."
?Rva0017FB0CGet@@YAHXZ,0x0017FB0C,"Interior fragment, not a function: the code before it branches here (je@0x0017FB00) with no int3 padding in between, so these 3 bytes are an arm of the preceding function. Frag audit 2026-09-23."
?Rva00181242Get@@YAHXZ,0x00181242,"Interior fragment, not a function: the code before it branches here (jne@0x00181234, jne@0x0018123A) with no int3 padding in between, so these 3 bytes are an arm of the preceding function. Frag audit 2026-09-23."
?Rva001D909EGet@@YAHXZ,0x001D909E,"Interior fragment, not a function: the code before it branches here (je@0x001D9091) with no int3 padding in between, so these 3 bytes are an arm of the preceding function. Frag audit 2026-09-23."
?Rva001D9864Get@@YA_NXZ,0x001D9864,"Interior fragment, not a function: the code before it branches here (jne@0x001D9832, jne@0x001D9839, jl@0x001D985F) with no int3 padding in between, so these 3 bytes are an arm of the preceding function. Frag audit 2026-09-23."
?Rva001DBB01Get@@YA_NXZ,0x001DBB01,"Interior fragment, not a function: the code before it branches here (je@0x001DBAFB) with no int3 padding in between, so these 3 bytes are an arm of the preceding function. Frag audit 2026-09-23."
?Rva001E35C7Get@@YAHXZ,0x001E35C7,"Interior fragment, not a function: the code before it branches here (je@0x001E35C1) with no int3 padding in between, so these 3 bytes are an arm of the preceding function. Frag audit 2026-09-23."
?Rva001E368BGet@@YAHXZ,0x001E368B,"Interior fragment, not a function: the code before it branches here (jl@0x001E367E, jg@0x001E3685) with no int3 padding in between, so these 3 bytes are an arm of the preceding function. Frag audit 2026-09-23."
?Rva001E38B6Get@@YAHXZ,0x001E38B6,"Interior fragment, not a function: the code before it branches here (jbe@0x001E38B0) with no int3 padding in between, so these 3 bytes are an arm of the preceding function. Frag audit 2026-09-23."
?Rva001E3952Get@@YA_NXZ,0x001E3952,"Interior fragment, not a function: the code before it branches here (je@0x001E393B) with no int3 padding in between, so these 3 bytes are an arm of the preceding function. Frag audit 2026-09-23."
?Rva001E4012Get@@YAHXZ,0x001E4012,"Interior fragment, not a function: the code before it branches here (je@0x001E4009) with no int3 padding in between, so these 3 bytes are an arm of the preceding function. Frag audit 2026-09-23."
?Rva001EB0C7Get@@YA_NXZ,0x001EB0C7,"Interior fragment, not a function: the code before it branches here (je@0x001EB0BE) with no int3 padding in between, so these 3 bytes are an arm of the preceding function. Frag audit 2026-09-23."
?Rva001EB0E7Get@@YA_NXZ,0x001EB0E7,"Interior fragment, not a function: the code before it branches here (je@0x001EB0DE) with no int3 padding in between, so these 3 bytes are an arm of the preceding function. Frag audit 2026-09-23."
?Rva001EB0F8Get@@YA_NXZ,0x001EB0F8,"Interior fragment, not a function: the code before it branches here (je@0x001EB0EF) with no int3 padding in between, so these 3 bytes are an arm of the preceding function. Frag audit 2026-09-23."
?Rva001FF367Get@@YA_NXZ,0x001FF367,"Interior fragment, not a function: the code before it branches here (je@0x001FF35B) with no int3 padding in between, so these 3 bytes are an arm of the preceding function. Frag audit 2026-09-23."
?get@Rva00201ADEDwordField@@QBEHXZ,0x00201ADE,"Interior fragment, not a function: the code before it branches here (jne@0x00201AD9) with no int3 padding in between, so these 4 bytes are an arm of the preceding function. Frag audit 2026-09-23."
?Rva00202028Get@@YAHXZ,0x00202028,"Interior fragment, not a function: the code before it branches here (jge@0x00202018) with no int3 padding in between, so these 3 bytes are an arm of the preceding function. Frag audit 2026-09-23."
?Rva00203B05Get@@YA_NXZ,0x00203B05,"Interior fragment, not a function: the code before it branches here (je@0x00203AED, je@0x00203AF5) with no int3 padding in between, so these 3 bytes are an arm of the preceding function. Frag audit 2026-09-23."
?Rva002146F4Get@@YA_NXZ,0x002146F4,"Interior fragment, not a function: the code before it branches here (je@0x002146E8) with no int3 padding in between, so these 3 bytes are an arm of the preceding function. Frag audit 2026-09-23."
?Rva00215ECBGet@@YAHXZ,0x00215ECB,"Interior fragment, not a function: the code before it branches here (je@0x00215EAB) with no int3 padding in between, so these 6 bytes are an arm of the preceding function. Frag audit 2026-09-23."
?Rva00215EE9Get@@YAHXZ,0x00215EE9,"Interior fragment, not a function: the code before it branches here (je@0x00215ED4) with no int3 padding in between, so these 3 bytes are an arm of the preceding function. Frag audit 2026-09-23."
?Rva00219837Get@@YAHXZ,0x00219837,"Interior fragment, not a function: the code before it branches here (je@0x00219830) with no int3 padding in between, so these 3 bytes are an arm of the preceding function. Frag audit 2026-09-23."
?Rva002221A6Get@@YAHXZ,0x002221A6,"Interior fragment, not a function: the code before it branches here (je@0x00222197) with no int3 padding in between, so these 3 bytes are an arm of the preceding function. Frag audit 2026-09-23."
?Rva00238F8EGet@@YA_NXZ,0x00238F8E,"Interior fragment, not a function: the code before it branches here (je@0x00238F80, jne@0x00238F89) with no int3 padding in between, so these 3 bytes are an arm of the preceding function. Frag audit 2026-09-23."
?Rva0023C59CGet@@YA_NXZ,0x0023C59C,"Interior fragment, not a function: the code before it branches here (jne@0x0023C591) with no int3 padding in between, so these 3 bytes are an arm of the preceding function. Frag audit 2026-09-23."
?Rva0023C6FAGet@@YA_NXZ,0x0023C6FA,"Interior fragment, not a function: the code before it branches here (je@0x0023C6D6, jne@0x0023C6E0, jne@0x0023C6F5) with no int3 padding in between, so these 3 bytes are an arm of the preceding function. Frag audit 2026-09-23."
?Rva0023C921Get@@YAHXZ,0x0023C921,"Interior fragment, not a function: the code before it branches here (je@0x0023C909, je@0x0023C91B) with no int3 padding in between, so these 3 bytes are an arm of the preceding function. Frag audit 2026-09-23."
?Rva0025DD45Get@@YAHXZ,0x0025DD45,"Interior fragment, not a function: the code before it branches here (je@0x0025DD2A) with no int3 padding in between, so these 3 bytes are an arm of the preceding function. Frag audit 2026-09-23."
?Rva0025DE73Get@@YAHXZ,0x0025DE73,"Interior fragment, not a function: the code before it branches here (je@0x0025DE61) with no int3 padding in between, so these 3 bytes are an arm of the preceding function. Frag audit 2026-09-23."
?Rva002632C4Get@@YAHXZ,0x002632C4,"Interior fragment, not a function: the code before it branches here (je@0x002632B8, je@0x002632BE) with no int3 padding in between, so these 3 bytes are an arm of the preceding function. Frag audit 2026-09-23."
?Rva002632DEGet@@YAHXZ,0x002632DE,"Interior fragment, not a function: the code before it branches here (je@0x002632CC, je@0x002632D2, jne@0x002632D8) with no int3 padding in between, so these 3 bytes are an arm of the preceding function. Frag audit 2026-09-23."
?Rva0026EF31Get@@YA_NXZ,0x0026EF31,"Interior fragment, not a function: the code before it branches here (je@0x0026EF25) with no int3 padding in between, so these 3 bytes are an arm of the preceding function. Frag audit 2026-09-23."
?Rva0027175CGet@@YAHXZ,0x0027175C,"Interior fragment, not a function: the code before it branches here (je@0x0027174D, je@0x00271756) with no int3 padding in between, so these 3 bytes are an arm of the preceding function. Frag audit 2026-09-23."
?Rva00271776Get@@YAHXZ,0x00271776,"Interior fragment, not a function: the code before it branches here (je@0x00271767, je@0x00271770) with no int3 padding in between, so these 3 bytes are an arm of the preceding function. Frag audit 2026-09-23."
?Rva0028AF94Get@@YAHXZ,0x0028AF94,"Interior fragment, not a function: the code before it branches here (je@0x0028AF8E) with no int3 padding in between, so these 3 bytes are an arm of the preceding function. Frag audit 2026-09-23."
?Rva0028AFCFGet@@YA_NXZ,0x0028AFCF,"Interior fragment, not a function: the code before it branches here (je@0x0028AFC2) with no int3 padding in between, so these 3 bytes are an arm of the preceding function. Frag audit 2026-09-23."
?Rva0028B13EGet@@YA_NXZ,0x0028B13E,"Interior fragment, not a function: the code before it branches here (jbe@0x0028B139) with no int3 padding in between, so these 3 bytes are an arm of the preceding function. Frag audit 2026-09-23."
?get@Rva0028B217DwordField@@QBEHXZ,0x0028B217,"Interior fragment, not a function: the code before it branches here (jbe@0x0028B212) with no int3 padding in between, so these 7 bytes are an arm of the preceding function. Frag audit 2026-09-23."
?Rva0028B3A3Get@@YAHXZ,0x0028B3A3,"Interior fragment, not a function: the code before it branches here (je@0x0028B395) with no int3 padding in between, so these 3 bytes are an arm of the preceding function. Frag audit 2026-09-23."
?get@Rva0028B51EDwordField@@QBEHXZ,0x0028B51E,"Interior fragment, not a function: the code before it branches here (je@0x0028B518) with no int3 padding in between, so these 7 bytes are an arm of the preceding function. Frag audit 2026-09-23."
?Rva0028B83FGet@@YAHXZ,0x0028B83F,"Interior fragment, not a function: the code before it branches here (je@0x0028B826, je@0x0028B830, je@0x0028B839) with no int3 padding in between, so these 3 bytes are an arm of the preceding function. Frag audit 2026-09-23."
?Rva0028B872Get@@YAHXZ,0x0028B872,"Interior fragment, not a function: the code before it branches here (je@0x0028B863, je@0x0028B86C) with no int3 padding in between, so these 3 bytes are an arm of the preceding function. Frag audit 2026-09-23."
?Rva0028B8A3Get@@YAHXZ,0x0028B8A3,"Interior fragment, not a function: the code before it branches here (je@0x0028B87D, je@0x0028B886, je@0x0028B88D, je@0x0028B89D) with no int3 padding in between, so these 3 bytes are an arm of the preceding function. Frag audit 2026-09-23."
?Rva0029A351Get@@YAHXZ,0x0029A351,"Interior fragment, not a function: the code before it branches here (je@0x0029A34C) with no int3 padding in between, so these 3 bytes are an arm of the preceding function. Frag audit 2026-09-23."
?Rva0029A35FGet@@YAHXZ,0x0029A35F,"Interior fragment, not a function: the code before it branches here (je@0x0029A359) with no int3 padding in between, so these 3 bytes are an arm of the preceding function. Frag audit 2026-09-23."
?Rva002AA254Get@@YAHXZ,0x002AA254,"Interior fragment, not a function: the code before it branches here (je@0x002AA24A) with no int3 padding in between, so these 3 bytes are an arm of the preceding function. Frag audit 2026-09-23."
?Rva002AA359Get@@YA_NXZ,0x002AA359,"Interior fragment, not a function: the code before it branches here (jp@0x002AA348) with no int3 padding in between, so these 3 bytes are an arm of the preceding function. Frag audit 2026-09-23."
?Rva002AAD99Get@@YAHXZ,0x002AAD99,"Interior fragment, not a function: the code before it branches here (je@0x002AAD92) with no int3 padding in between, so these 3 bytes are an arm of the preceding function. Frag audit 2026-09-23."
?Rva002B225DGet@@YAHXZ,0x002B225D,"Interior fragment, not a function: the code before it branches here (je@0x002B2257) with no int3 padding in between, so these 3 bytes are an arm of the preceding function. Frag audit 2026-09-23."
?Rva002B256BGet@@YAHXZ,0x002B256B,"Interior fragment, not a function: the code before it branches here (je@0x002B2556, je@0x002B2565) with no int3 padding in between, so these 3 bytes are an arm of the preceding function. Frag audit 2026-09-23."
?Rva002B2B58Get@@YA_NXZ,0x002B2B58,"Interior fragment, not a function: the code before it branches here (je@0x002B2B46, je@0x002B2B4F) with no int3 padding in between, so these 3 bytes are an arm of the preceding function. Frag audit 2026-09-23."
?Rva002B2CC3Get@@YAHXZ,0x002B2CC3,"Interior fragment, not a function: the code before it branches here (jl@0x002B2CAE, jge@0x002B2CBD) with no int3 padding in between, so these 3 bytes are an arm of the preceding function. Frag audit 2026-09-23."
?Rva002B3750Get@@YA_NXZ,0x002B3750,"Interior fragment, not a function: the code before it branches here (je@0x002B3747) with no int3 padding in between, so these 3 bytes are an arm of the preceding function. Frag audit 2026-09-23."
?Rva002C0A0CGet@@YAHXZ,0x002C0A0C,"Interior fragment, not a function: the code before it branches here (je@0x002C09E5, je@0x002C09EE) with no int3 padding in between, so these 3 bytes are an arm of the preceding function. Frag audit 2026-09-23."
?Rva002C5FD6Get@@YAHXZ,0x002C5FD6,"Interior fragment, not a function: the code before it branches here (je@0x002C5FD0) with no int3 padding in between, so these 3 bytes are an arm of the preceding function. Frag audit 2026-09-23."
?Rva002C7269Get@@YA_NXZ,0x002C7269,"Interior fragment, not a function: the code before it branches here (jne@0x002C725B) with no int3 padding in between, so these 3 bytes are an arm of the preceding function. Frag audit 2026-09-23."
?Rva002C7512Get@@YA_NXZ,0x002C7512,"Interior fragment, not a function: the code before it branches here (jne@0x002C7507) with no int3 padding in between, so these 3 bytes are an arm of the preceding function. Frag audit 2026-09-23."
?Rva002C7608Get@@YA_NXZ,0x002C7608,"Interior fragment, not a function: the code before it branches here (je@0x002C75FF) with no int3 padding in between, so these 3 bytes are an arm of the preceding function. Frag audit 2026-09-23."
?Rva002C959BGet@@YA_NXZ,0x002C959B,"Interior fragment, not a function: the code before it branches here (jb@0x002C9591, jae@0x002C9596) with no int3 padding in between, so these 3 bytes are an arm of the preceding function. Frag audit 2026-09-23."
?Rva002C96F4Get@@YA_NXZ,0x002C96F4,"Interior fragment, not a function: the code before it branches here (je@0x002C96E6, je@0x002C96EF) with no int3 padding in between, so these 3 bytes are an arm of the preceding function. Frag audit 2026-09-23."
?Rva002CEF27Get@@YA_NXZ,0x002CEF27,"Interior fragment, not a function: the code before it branches here (je@0x002CEF1B) with no int3 padding in between, so these 3 bytes are an arm of the preceding function. Frag audit 2026-09-23."
?Rva002D2553Get@@YAHXZ,0x002D2553,"Interior fragment, not a function: the code before it branches here (je@0x002D254D) with no int3 padding in between, so these 3 bytes are an arm of the preceding function. Frag audit 2026-09-23."
?Rva002D25B7Get@@YAHXZ,0x002D25B7,"Interior fragment, not a function: the code before it branches here (je@0x002D25B1) with no int3 padding in between, so these 3 bytes are an arm of the preceding function. Frag audit 2026-09-23."
?Rva002D2C31Get@@YAHXZ,0x002D2C31,"Interior fragment, not a function: the code before it branches here (je@0x002D2C25, jne@0x002D2C2B) with no int3 padding in between, so these 3 bytes are an arm of the preceding function. Frag audit 2026-09-23."
?Rva002D36F2Get@@YAHXZ,0x002D36F2,"Interior fragment, not a function: the code before it branches here (je@0x002D36E3, je@0x002D36EC) with no int3 padding in between, so these 3 bytes are an arm of the preceding function. Frag audit 2026-09-23."
?Rva002D6BFFGet@@YAHXZ,0x002D6BFF,"Interior fragment, not a function: the code before it branches here (je@0x002D6BF9) with no int3 padding in between, so these 3 bytes are an arm of the preceding function. Frag audit 2026-09-23."
?Rva002D76A3Get@@YA_NXZ,0x002D76A3,"Interior fragment, not a function: the code before it branches here (je@0x002D768C, je@0x002D7695, jne@0x002D76A0) with no int3 padding in between, so these 3 bytes are an arm of the preceding function. Frag audit 2026-09-23."
?Rva002D9580Get@@YAHXZ,0x002D9580,"Interior fragment, not a function: the code before it branches here (jne@0x002D957A) with no int3 padding in between, so these 3 bytes are an arm of the preceding function. Frag audit 2026-09-23."
?Rva002D95A9Get@@YAHXZ,0x002D95A9,"Interior fragment, not a function: the code before it branches here (jne@0x002D95A3) with no int3 padding in between, so these 3 bytes are an arm of the preceding function. Frag audit 2026-09-23."
?Rva002D95D2Get@@YAHXZ,0x002D95D2,"Interior fragment, not a function: the code before it branches here (jne@0x002D95CC) with no int3 padding in between, so these 3 bytes are an arm of the preceding function. Frag audit 2026-09-23."
?Rva002D9C2CGet@@YA_NXZ,0x002D9C2C,"Interior fragment, not a function: the code before it branches here (je@0x002D9C12, je@0x002D9C1C, je@0x002D9C21, jne@0x002D9C27) with no int3 padding in between, so these 3 bytes are an arm of the preceding function. Frag audit 2026-09-23."
?Rva002E6ADEGet@@YAHXZ,0x002E6ADE,"Interior fragment, not a function: the code before it branches here (je@0x002E6AD8) with no int3 padding in between, so these 3 bytes are an arm of the preceding function. Frag audit 2026-09-23."
?Rva002E6B03Get@@YAHXZ,0x002E6B03,"Interior fragment, not a function: the code before it branches here (je@0x002E6AF7) with no int3 padding in between, so these 3 bytes are an arm of the preceding function. Frag audit 2026-09-23."
?Rva002E6B16Get@@YAHXZ,0x002E6B16,"Interior fragment, not a function: the code before it branches here (je@0x002E6B0A) with no int3 padding in between, so these 3 bytes are an arm of the preceding function. Frag audit 2026-09-23."
?Rva002E6B3AGet@@YAHXZ,0x002E6B3A,"Interior fragment, not a function: the code before it branches here (je@0x002E6B34) with no int3 padding in between, so these 3 bytes are an arm of the preceding function. Frag audit 2026-09-23."
?Rva002E6C5DGet@@YAHXZ,0x002E6C5D,"Interior fragment, not a function: the code before it branches here (je@0x002E6C51) with no int3 padding in between, so these 3 bytes are an arm of the preceding function. Frag audit 2026-09-23."
?Rva002E6C8AGet@@YAHXZ,0x002E6C8A,"Interior fragment, not a function: the code before it branches here (je@0x002E6C7D, je@0x002E6C84) with no int3 padding in between, so these 3 bytes are an arm of the preceding function. Frag audit 2026-09-23."
?Rva002E6E9CGet@@YAHXZ,0x002E6E9C,"Interior fragment, not a function: the code before it branches here (jl@0x002E6E8F, jg@0x002E6E96) with no int3 padding in between, so these 3 bytes are an arm of the preceding function. Frag audit 2026-09-23."
?Rva00301B51Get@@YAHXZ,0x00301B51,"Interior fragment, not a function: the code before it branches here (jne@0x00301B32, je@0x00301B4B) with no int3 padding in between, so these 3 bytes are an arm of the preceding function. Frag audit 2026-09-23."
?Rva00306E3DGet@@YA_NXZ,0x00306E3D,"Interior fragment, not a function: the code before it branches here (je@0x00306E33) with no int3 padding in between, so these 3 bytes are an arm of the preceding function. Frag audit 2026-09-23."
?Rva0030B3CEGet@@YA_NXZ,0x0030B3CE,"Interior fragment, not a function: the code before it branches here (jp@0x0030B3AE, jp@0x0030B3BD) with no int3 padding in between, so these 3 bytes are an arm of the preceding function. Frag audit 2026-09-23."
?Rva0030BD05Get@@YAHXZ,0x0030BD05,"Interior fragment, not a function: the code before it branches here (jp@0x0030BCD2, jp@0x0030BCE1, jp@0x0030BCF0, jp@0x0030BCFF) with no int3 padding in between, so these 3 bytes are an arm of the preceding function. Frag audit 2026-09-23."
?Rva0030BF63Get@@YA_NXZ,0x0030BF63,"Interior fragment, not a function: the code before it branches here (jp@0x0030BF25, jp@0x0030BF34, jp@0x0030BF43, jp@0x0030BF52) with no int3 padding in between, so these 3 bytes are an arm of the preceding function. Frag audit 2026-09-23."
?get@Rva0030D657LeaField@@QBEPAXXZ,0x0030D657,"Interior fragment, not a function: the code before it branches here (je@0x0030D636) with no int3 padding in between, so these 4 bytes are an arm of the preceding function. Frag audit 2026-09-23."
?Rva003143B6Get@@YAHXZ,0x003143B6,"Interior fragment, not a function: the code before it branches here (je@0x00314361, je@0x00314366) with no int3 padding in between, so these 3 bytes are an arm of the preceding function. Frag audit 2026-09-23."
?Rva003182CAGet@@YA_NXZ,0x003182CA,"Interior fragment, not a function: the code before it branches here (je@0x003182C1) with no int3 padding in between, so these 3 bytes are an arm of the preceding function. Frag audit 2026-09-23."
?Rva003182DEGet@@YA_NXZ,0x003182DE,"Interior fragment, not a function: the code before it branches here (jl@0x003182D2, jge@0x003182D7) with no int3 padding in between, so these 3 bytes are an arm of the preceding function. Frag audit 2026-09-23."
?Rva00318BA2Get@@YA_NXZ,0x00318BA2,"Interior fragment, not a function: the code before it branches here (je@0x00318B9C) with no int3 padding in between, so these 3 bytes are an arm of the preceding function. Frag audit 2026-09-23."
?Rva00318D60Get@@YAHXZ,0x00318D60,"Interior fragment, not a function: the code before it branches here (je@0x00318D5A) with no int3 padding in between, so these 3 bytes are an arm of the preceding function. Frag audit 2026-09-23."
?Rva00318F61Get@@YA_NXZ,0x00318F61,"Interior fragment, not a function: the code before it branches here (je@0x00318F49) with no int3 padding in between, so these 3 bytes are an arm of the preceding function. Frag audit 2026-09-23."
?Rva00327DF3Get@@YAHXZ,0x00327DF3,"Interior fragment, not a function: the code before it branches here (je@0x00327DDE, je@0x00327DE7, je@0x00327DED) with no int3 padding in between, so these 3 bytes are an arm of the preceding function. Frag audit 2026-09-23."
?Rva00327E1FGet@@YA_NXZ,0x00327E1F,"Interior fragment, not a function: the code before it branches here (je@0x00327E19) with no int3 padding in between, so these 3 bytes are an arm of the preceding function. Frag audit 2026-09-23."
?Rva0033F259Get@@YAHXZ,0x0033F259,"Interior fragment, not a function: the code before it branches here (jnp@0x0033F253) with no int3 padding in between, so these 3 bytes are an arm of the preceding function. Frag audit 2026-09-23."
?Rva0033F514Get@@YAHXZ,0x0033F514,"Interior fragment, not a function: the code before it branches here (je@0x0033F509) with no int3 padding in between, so these 3 bytes are an arm of the preceding function. Frag audit 2026-09-23."
?Rva00340E5BGet@@YA_NXZ,0x00340E5B,"Interior fragment, not a function: the code before it branches here (je@0x00340E3E, jne@0x00340E56) with no int3 padding in between, so these 3 bytes are an arm of the preceding function. Frag audit 2026-09-23."
?Rva00341439Get@@YA_NXZ,0x00341439,"Interior fragment, not a function: the code before it branches here (je@0x00341424) with no int3 padding in between, so these 3 bytes are an arm of the preceding function. Frag audit 2026-09-23."
?Rva00342309Get@@YA_NXZ,0x00342309,"Interior fragment, not a function: the code before it branches here (je@0x003422F4) with no int3 padding in between, so these 3 bytes are an arm of the preceding function. Frag audit 2026-09-23."
?Rva003427A6Get@@YAHXZ,0x003427A6,"Interior fragment, not a function: the code before it branches here (jbe@0x003427A0) with no int3 padding in between, so these 3 bytes are an arm of the preceding function. Frag audit 2026-09-23."
?get@Rva0035AFDDDwordField@@QBEHXZ,0x0035AFDD,"Interior fragment, not a function: the code before it branches here (je@0x0035AFD7) with no int3 padding in between, so these 7 bytes are an arm of the preceding function. Frag audit 2026-09-23."
?Rva0035B161Get@@YA_NXZ,0x0035B161,"Interior fragment, not a function: the code before it branches here (je@0x0035B146, je@0x0035B14B, je@0x0035B150, je@0x0035B155) with no int3 padding in between, so these 3 bytes are an arm of the preceding function. Frag audit 2026-09-23."
?Rva0035B1C0Get@@YAHXZ,0x0035B1C0,"Interior fragment, not a function: the code before it branches here (jl@0x0035B1A6, jae@0x0035B1B8) with no int3 padding in between, so these 3 bytes are an arm of the preceding function. Frag audit 2026-09-23."
?Rva0035BEC4Get@@YA_NXZ,0x0035BEC4,"Interior fragment, not a function: the code before it branches here (je@0x0035BEAF, je@0x0035BEBE) with no int3 padding in between, so these 3 bytes are an arm of the preceding function. Frag audit 2026-09-23."
?Rva003626AAGet@@YAHXZ,0x003626AA,"Interior fragment, not a function: the code before it branches here (je@0x00362698, je@0x0036269E, jne@0x003626A4) with no int3 padding in between, so these 3 bytes are an arm of the preceding function. Frag audit 2026-09-23."
?Rva0036E0E0Get@@YA_NXZ,0x0036E0E0,"Interior fragment, not a function: the code before it branches here (jne@0x0036E0D5) with no int3 padding in between, so these 3 bytes are an arm of the preceding function. Frag audit 2026-09-23."
?Rva00377610Get@@YAHXZ,0x00377610,"Interior fragment, not a function: the code before it branches here (je@0x003775F9) with no int3 padding in between, so these 3 bytes are an arm of the preceding function. Frag audit 2026-09-23."
?Rva0037DC81Get@@YAHXZ,0x0037DC81,"Interior fragment, not a function: the code before it branches here (je@0x0037DC70) with no int3 padding in between, so these 3 bytes are an arm of the preceding function. Frag audit 2026-09-23."
?get@Rva003835D0LeaGetter@@QBEPAXXZ,0x003835D0,"Interior fragment, not a function: the code before it branches here (jne@0x003835A7, jne@0x003835B0) with no int3 padding in between, so these 7 bytes are an arm of the preceding function. Frag audit 2026-09-23."
?Rva00388834Get@@YA_NXZ,0x00388834,"Interior fragment, not a function: the code before it branches here (jne@0x00388829) with no int3 padding in between, so these 3 bytes are an arm of the preceding function. Frag audit 2026-09-23."
?Rva003889F3Get@@YA_NXZ,0x003889F3,"Interior fragment, not a function: the code before it branches here (je@0x003889ED) with no int3 padding in between, so these 3 bytes are an arm of the preceding function. Frag audit 2026-09-23."
?Rva00388A01Get@@YA_NXZ,0x00388A01,"Interior fragment, not a function: the code before it branches here (je@0x003889FB) with no int3 padding in between, so these 3 bytes are an arm of the preceding function. Frag audit 2026-09-23."
?Rva00388F36Get@@YAHXZ,0x00388F36,"Interior fragment, not a function: the code before it branches here (jne@0x00388F20, jne@0x00388F32) with no int3 padding in between, so these 3 bytes are an arm of the preceding function. Frag audit 2026-09-23."
?Rva00390554Get@@YA_NXZ,0x00390554,"Interior fragment, not a function: the code before it branches here (jne@0x00390542, jne@0x0039054F) with no int3 padding in between, so these 3 bytes are an arm of the preceding function. Frag audit 2026-09-23."
?Rva003956E5Get@@YAHXZ,0x003956E5,"Interior fragment, not a function: the code before it branches here (je@0x003956DC) with no int3 padding in between, so these 3 bytes are an arm of the preceding function. Frag audit 2026-09-23."
?Rva003B6A37Get@@YA_NXZ,0x003B6A37,"Interior fragment, not a function: the code before it branches here (je@0x003B6A2A) with no int3 padding in between, so these 3 bytes are an arm of the preceding function. Frag audit 2026-09-23."
?Rva003B6C8BGet@@YA_NXZ,0x003B6C8B,"Interior fragment, not a function: the code before it branches here (je@0x003B6C7E) with no int3 padding in between, so these 3 bytes are an arm of the preceding function. Frag audit 2026-09-23."
?Rva003ED3A7Get@@YA_NXZ,0x003ED3A7,"Interior fragment, not a function: the code before it branches here (jne@0x003ED39B) with no int3 padding in between, so these 3 bytes are an arm of the preceding function. Frag audit 2026-09-23."
?Rva003F3F94Get@@YAHXZ,0x003F3F94,"Interior fragment, not a function: the code before it branches here (je@0x003F3F89, je@0x003F3F8E) with no int3 padding in between, so these 3 bytes are an arm of the preceding function. Frag audit 2026-09-23."
?Rva003F804FGet@@YA_NXZ,0x003F804F,"Interior fragment, not a function: the code before it branches here (je@0x003F802F, jb@0x003F8037, je@0x003F804A) with no int3 padding in between, so these 3 bytes are an arm of the preceding function. Frag audit 2026-09-23."
?Rva003F8064Get@@YA_NXZ,0x003F8064,"Interior fragment, not a function: the code before it branches here (je@0x003F8057) with no int3 padding in between, so these 3 bytes are an arm of the preceding function. Frag audit 2026-09-23."
?Rva003FF1A4Get@@YA_NXZ,0x003FF1A4,"Interior fragment, not a function: the code before it branches here (je@0x003FF176, jne@0x003FF17F) with no int3 padding in between, so these 3 bytes are an arm of the preceding function. Frag audit 2026-09-23."
?Rva003FF1D7Get@@YA_NXZ,0x003FF1D7,"Interior fragment, not a function: the code before it branches here (jne@0x003FF1CC) with no int3 padding in between, so these 3 bytes are an arm of the preceding function. Frag audit 2026-09-23."
?get@Rva0040315ADwordField@@QBEHXZ,0x0040315A,"Interior fragment, not a function: the code before it branches here (jbe@0x0040314F) with no int3 padding in between, so these 4 bytes are an arm of the preceding function. Frag audit 2026-09-23."
?Rva00405B5DGet@@YA_NXZ,0x00405B5D,"Interior fragment, not a function: the code before it branches here (je@0x00405B15, je@0x00405B28) with no int3 padding in between, so these 3 bytes are an arm of the preceding function. Frag audit 2026-09-23."
?Rva00406E1FGet@@YAHXZ,0x00406E1F,"Interior fragment, not a function: the code before it branches here (jb@0x00406E19) with no int3 padding in between, so these 3 bytes are an arm of the preceding function. Frag audit 2026-09-23."
?Rva00407702Get@@YAHXZ,0x00407702,"Interior fragment, not a function: the code before it branches here (je@0x004076F3) with no int3 padding in between, so these 3 bytes are an arm of the preceding function. Frag audit 2026-09-23."
?get@Rva0040CA36DwordField@@QBEHXZ,0x0040CA36,"Interior fragment, not a function: the code before it branches here (jne@0x0040CA30) with no int3 padding in between, so these 4 bytes are an arm of the preceding function. Frag audit 2026-09-23."
?Rva004110D9Get@@YAHXZ,0x004110D9,"Interior fragment, not a function: the code before it branches here (je@0x004110D3) with no int3 padding in between, so these 3 bytes are an arm of the preceding function. Frag audit 2026-09-23."
?Rva00411128Get@@YAHXZ,0x00411128,"Interior fragment, not a function: the code before it branches here (je@0x00411122) with no int3 padding in between, so these 3 bytes are an arm of the preceding function. Frag audit 2026-09-23."
?Rva0041514AGet@@YA_NXZ,0x0041514A,"Interior fragment, not a function: the code before it branches here (je@0x00415141) with no int3 padding in between, so these 3 bytes are an arm of the preceding function. Frag audit 2026-09-23."
?Rva00418BF8Get@@YAHXZ,0x00418BF8,"Interior fragment, not a function: the code before it branches here (jl@0x00418BE9, jae@0x00418BEE) with no int3 padding in between, so these 3 bytes are an arm of the preceding function. Frag audit 2026-09-23."
?Rva0041B8B2Get@@YA_NXZ,0x0041B8B2,"Interior fragment, not a function: the code before it branches here (jle@0x0041B870, je@0x0041B874, je@0x0041B878, je@0x0041B883) with no int3 padding in between, so these 3 bytes are an arm of the preceding function. Frag audit 2026-09-23."
?Rva0041FE60Get@@YA_NXZ,0x0041FE60,"Interior fragment, not a function: the code before it branches here (je@0x0041FE37, jne@0x0041FE49, jne@0x0041FE5B) with no int3 padding in between, so these 3 bytes are an arm of the preceding function. Frag audit 2026-09-23."
?get@Rva00420109ByteField@@QBEEXZ,0x00420109,"Interior fragment, not a function: the code before it branches here (je@0x00420104) with no int3 padding in between, so these 7 bytes are an arm of the preceding function. Frag audit 2026-09-23."
?Rva0042638BGet@@YA_NXZ,0x0042638B,"Interior fragment, not a function: the code before it branches here (je@0x0042637F) with no int3 padding in between, so these 3 bytes are an arm of the preceding function. Frag audit 2026-09-23."
?Rva004291C5Get@@YA_NXZ,0x004291C5,"Interior fragment, not a function: the code before it branches here (je@0x004291A4, je@0x004291AB, je@0x004291B2, jle@0x004291C0) with no int3 padding in between, so these 3 bytes are an arm of the preceding function. Frag audit 2026-09-23."
?Rva004297B8Get@@YA_NXZ,0x004297B8,"Interior fragment, not a function: the code before it branches here (jne@0x004297AD) with no int3 padding in between, so these 3 bytes are an arm of the preceding function. Frag audit 2026-09-23."
?Rva0042D6D3Get@@YAHXZ,0x0042D6D3,"Interior fragment, not a function: the code before it branches here (je@0x0042D6CD) with no int3 padding in between, so these 3 bytes are an arm of the preceding function. Frag audit 2026-09-23."
?Rva0042D6E3Get@@YAHXZ,0x0042D6E3,"Interior fragment, not a function: the code before it branches here (je@0x0042D6DD) with no int3 padding in between, so these 3 bytes are an arm of the preceding function. Frag audit 2026-09-23."
?Rva0042E8BEGet@@YAHXZ,0x0042E8BE,"Interior fragment, not a function: the code before it branches here (je@0x0042E8AF, jne@0x0042E8B8) with no int3 padding in between, so these 3 bytes are an arm of the preceding function. Frag audit 2026-09-23."
?Rva004319EFGet@@YAHXZ,0x004319EF,"Interior fragment, not a function: the code before it branches here (je@0x004319E0, je@0x004319E9) with no int3 padding in between, so these 3 bytes are an arm of the preceding function. Frag audit 2026-09-23."
?Rva0043287BGet@@YAHXZ,0x0043287B,"Interior fragment, not a function: the code before it branches here (je@0x00432866, je@0x00432875) with no int3 padding in between, so these 3 bytes are an arm of the preceding function. Frag audit 2026-09-23."
?Rva00444506Get@@YAHXZ,0x00444506,"Interior fragment, not a function: the code before it branches here (je@0x004444F5) with no int3 padding in between, so these 3 bytes are an arm of the preceding function. Frag audit 2026-09-23."
?Rva0044E60AGet@@YA_NXZ,0x0044E60A,"Interior fragment, not a function: the code before it branches here (jne@0x0044E5EE, jne@0x0044E5FD, je@0x0044E605) with no int3 padding in between, so these 3 bytes are an arm of the preceding function. Frag audit 2026-09-23."
?Rva0044E630Get@@YA_NXZ,0x0044E630,"Interior fragment, not a function: the code before it branches here (jne@0x0044E614, jne@0x0044E623, je@0x0044E62B) with no int3 padding in between, so these 3 bytes are an arm of the preceding function. Frag audit 2026-09-23."
?Rva004524E2Get@@YAHXZ,0x004524E2,"Interior fragment, not a function: the code before it branches here (je@0x004524BB, je@0x004524C7, je@0x004524D1, je@0x004524DC) with no int3 padding in between, so these 3 bytes are an arm of the preceding function. Frag audit 2026-09-23."
?Rva0045314BGet@@YA_NXZ,0x0045314B,"Interior fragment, not a function: the code before it branches here (je@0x0045312F, je@0x00453135, jne@0x0045313B, je@0x00453146) with no int3 padding in between, so these 3 bytes are an arm of the preceding function. Frag audit 2026-09-23."
?Rva00462589Get@@YAHXZ,0x00462589,"Interior fragment, not a function: the code before it branches here (je@0x00462580) with no int3 padding in between, so these 3 bytes are an arm of the preceding function. Frag audit 2026-09-23."
?Rva004695FFGet@@YA_NXZ,0x004695FF,"Interior fragment, not a function: the code before it branches here (je@0x004695E7) with no int3 padding in between, so these 3 bytes are an arm of the preceding function. Frag audit 2026-09-23."
?Rva004697DEGet@@YAHXZ,0x004697DE,"Interior fragment, not a function: the code before it branches here (je@0x004697D5) with no int3 padding in between, so these 3 bytes are an arm of the preceding function. Frag audit 2026-09-23."
?Rva0047E4FCGet@@YAHXZ,0x0047E4FC,"Interior fragment, not a function: the code before it branches here (je@0x0047E4F3) with no int3 padding in between, so these 3 bytes are an arm of the preceding function. Frag audit 2026-09-23."
?Rva004A3A1DGet@@YAHXZ,0x004A3A1D,"Interior fragment, not a function: the code before it branches here (je@0x004A3A0E, je@0x004A3A17) with no int3 padding in between, so these 3 bytes are an arm of the preceding function. Frag audit 2026-09-23."
?Rva004A6AB2Get@@YA_NXZ,0x004A6AB2,"Interior fragment, not a function: the code before it branches here (je@0x004A6A86, jbe@0x004A6A9C, je@0x004A6AA6, jbe@0x004A6AA8) with no int3 padding in between, so these 3 bytes are an arm of the preceding function. Frag audit 2026-09-23."
?Rva004A9649Get@@YA_NXZ,0x004A9649,"Interior fragment, not a function: the code before it branches here (je@0x004A961F, jbe@0x004A9635, je@0x004A963F, jne@0x004A9644) with no int3 padding in between, so these 3 bytes are an arm of the preceding function. Frag audit 2026-09-23."
?Rva004A9911Get@@YAHXZ,0x004A9911,"Interior fragment, not a function: the code before it branches here (jne@0x004A98F2, jne@0x004A990B) with no int3 padding in between, so these 3 bytes are an arm of the preceding function. Frag audit 2026-09-23."
?Rva004AB4D5Get@@YA_NXZ,0x004AB4D5,"Interior fragment, not a function: the code before it branches here (je@0x004AB4BB, jne@0x004AB4C4) with no int3 padding in between, so these 3 bytes are an arm of the preceding function. Frag audit 2026-09-23."
?Rva004B0D49Get@@YAHXZ,0x004B0D49,"Interior fragment, not a function: the code before it branches here (je@0x004B0D2C, je@0x004B0D33) with no int3 padding in between, so these 3 bytes are an arm of the preceding function. Frag audit 2026-09-23."
?Rva004B0EE2Get@@YA_NXZ,0x004B0EE2,"Interior fragment, not a function: the code before it branches here (jne@0x004B0ED6) with no int3 padding in between, so these 3 bytes are an arm of the preceding function. Frag audit 2026-09-23."
?Rva004B0FB6Get@@YA_NXZ,0x004B0FB6,"Interior fragment, not a function: the code before it branches here (je@0x004B0FA8) with no int3 padding in between, so these 3 bytes are an arm of the preceding function. Frag audit 2026-09-23."
?Rva004B8B09Get@@YAHXZ,0x004B8B09,"Interior fragment, not a function: the code before it branches here (je@0x004B8AF5, je@0x004B8B03) with no int3 padding in between, so these 6 bytes are an arm of the preceding function. Frag audit 2026-09-23."
?Rva004C30D5Get@@YAHXZ,0x004C30D5,"Interior fragment, not a function: the code before it branches here (je@0x004C30C2) with no int3 padding in between, so these 3 bytes are an arm of the preceding function. Frag audit 2026-09-23."
?Rva004C576FGet@@YAHXZ,0x004C576F,"Interior fragment, not a function: the code before it branches here (je@0x004C5764, je@0x004C5769) with no int3 padding in between, so these 3 bytes are an arm of the preceding function. Frag audit 2026-09-23."
?Rva004D837AGet@@YA_NXZ,0x004D837A,"Interior fragment, not a function: the code before it branches here (je@0x004D836A, jbe@0x004D8375) with no int3 padding in between, so these 3 bytes are an arm of the preceding function. Frag audit 2026-09-23."
?Rva004D8DE7Get@@YAHXZ,0x004D8DE7,"Interior fragment, not a function: the code before it branches here (je@0x004D8DDD, je@0x004D8DE1) with no int3 padding in between, so these 3 bytes are an arm of the preceding function. Frag audit 2026-09-23."
?Rva004D95AFGet@@YA_NXZ,0x004D95AF,"Interior fragment, not a function: the code before it branches here (jne@0x004D9599, je@0x004D95A5, jne@0x004D95AA) with no int3 padding in between, so these 3 bytes are an arm of the preceding function. Frag audit 2026-09-23."
?Rva004DD655Get@@YAHXZ,0x004DD655,"Interior fragment, not a function: the code before it branches here (je@0x004DD642, je@0x004DD64F) with no int3 padding in between, so these 3 bytes are an arm of the preceding function. Frag audit 2026-09-23."
?Rva004E0602Get@@YAHXZ,0x004E0602,"Interior fragment, not a function: the code before it branches here (je@0x004E05F7) with no int3 padding in between, so these 3 bytes are an arm of the preceding function. Frag audit 2026-09-23."
?get@Rva004E062EDwordField@@QBEHXZ,0x004E062E,"Interior fragment, not a function: the code before it branches here (jne@0x004E0629) with no int3 padding in between, so these 4 bytes are an arm of the preceding function. Frag audit 2026-09-23."
?get@Rva004E063BDwordField@@QBEHXZ,0x004E063B,"Interior fragment, not a function: the code before it branches here (jne@0x004E0636) with no int3 padding in between, so these 4 bytes are an arm of the preceding function. Frag audit 2026-09-23."
?Rva004EABB6Get@@YA_NXZ,0x004EABB6,"Interior fragment, not a function: the code before it branches here (je@0x004EABA5) with no int3 padding in between, so these 3 bytes are an arm of the preceding function. Frag audit 2026-09-23."
?Rva004EABE7Get@@YAHXZ,0x004EABE7,"Interior fragment, not a function: the code before it branches here (jne@0x004EABCB, jne@0x004EABD1, je@0x004EABD8, je@0x004EABE1) with no int3 padding in between, so these 3 bytes are an arm of the preceding function. Frag audit 2026-09-23."
?Rva004F067EGet@@YA_NXZ,0x004F067E,"Interior fragment, not a function: the code before it branches here (je@0x004F065D, jg@0x004F066B, jle@0x004F0679) with no int3 padding in between, so these 3 bytes are an arm of the preceding function. Frag audit 2026-09-23."
?Rva004F06CAGet@@YA_NXZ,0x004F06CA,"Interior fragment, not a function: the code before it branches here (jne@0x004F06BE) with no int3 padding in between, so these 3 bytes are an arm of the preceding function. Frag audit 2026-09-23."
?Rva004F06E2Get@@YA_NXZ,0x004F06E2,"Interior fragment, not a function: the code before it branches here (jne@0x004F06D6) with no int3 padding in between, so these 3 bytes are an arm of the preceding function. Frag audit 2026-09-23."
?Rva0050DBE3Get@@YAHXZ,0x0050DBE3,"Interior fragment, not a function: the code before it branches here (jne@0x0050DBAF, jne@0x0050DBB6) with no int3 padding in between, so these 3 bytes are an arm of the preceding function. Frag audit 2026-09-23."
?Rva00513863Get@@YA_NXZ,0x00513863,"Interior fragment, not a function: the code before it branches here (je@0x0051383F, je@0x00513848, je@0x00513851) with no int3 padding in between, so these 3 bytes are an arm of the preceding function. Frag audit 2026-09-23."
?Rva00514B8AGet@@YA_NXZ,0x00514B8A,"Interior fragment, not a function: the code before it branches here (je@0x00514B6D, je@0x00514B76, jne@0x00514B85) with no int3 padding in between, so these 3 bytes are an arm of the preceding function. Frag audit 2026-09-23."
?Rva00523F1FGet@@YAHXZ,0x00523F1F,"Interior fragment, not a function: the code before it branches here (jne@0x00523F0B, jne@0x00523F1B) with no int3 padding in between, so these 3 bytes are an arm of the preceding function. Frag audit 2026-09-23."
?Rva0052B23AGet@@YAHXZ,0x0052B23A,"Interior fragment, not a function: the code before it branches here (je@0x0052B231) with no int3 padding in between, so these 3 bytes are an arm of the preceding function. Frag audit 2026-09-23."
?get@Rva0052BABDLeaField@@QBEPAXXZ,0x0052BABD,"Interior fragment, not a function: the code before it branches here (je@0x0052BAB7) with no int3 padding in between, so these 4 bytes are an arm of the preceding function. Frag audit 2026-09-23."
?Rva005312BBGet@@YAHXZ,0x005312BB,"Interior fragment, not a function: the code before it branches here (je@0x00531274, je@0x00531278, je@0x005312A1) with no int3 padding in between, so these 3 bytes are an arm of the preceding function. Frag audit 2026-09-23."
?Rva00538D14Get@@YAHXZ,0x00538D14,"Interior fragment, not a function: the code before it branches here (je@0x00538CF4, je@0x00538CFD, je@0x00538D07) with no int3 padding in between, so these 3 bytes are an arm of the preceding function. Frag audit 2026-09-23."
?Rva0053EC7AGet@@YA_NXZ,0x0053EC7A,"Interior fragment, not a function: the code before it branches here (jne@0x0053EC69) with no int3 padding in between, so these 3 bytes are an arm of the preceding function. Frag audit 2026-09-23."
?Rva00550623Get@@YA_NXZ,0x00550623,"Interior fragment, not a function: the code before it branches here (je@0x0055061D) with no int3 padding in between, so these 3 bytes are an arm of the preceding function. Frag audit 2026-09-23."
?Rva00559B61Get@@YA_NXZ,0x00559B61,"Interior fragment, not a function: the code before it branches here (je@0x00559B52, je@0x00559B57, je@0x00559B5C) with no int3 padding in between, so these 3 bytes are an arm of the preceding function. Frag audit 2026-09-23."
?get@Rva0055B0C8FloatField@@QBEMXZ,0x0055B0C8,"Interior fragment, not a function: the code before it branches here (jbe@0x0055B0C2) with no int3 padding in between, so these 4 bytes are an arm of the preceding function. Frag audit 2026-09-23."
?Rva0055C425Get@@YAHXZ,0x0055C425,"Interior fragment, not a function: the code before it branches here (jne@0x0055C41F) with no int3 padding in between, so these 3 bytes are an arm of the preceding function. Frag audit 2026-09-23."
?Rva0055D3F2Get@@YAHXZ,0x0055D3F2,"Interior fragment, not a function: the code before it branches here (jp@0x0055D3EC) with no int3 padding in between, so these 3 bytes are an arm of the preceding function. Frag audit 2026-09-23."
?Rva0056777FGet@@YAHXZ,0x0056777F,"Interior fragment, not a function: the code before it branches here (je@0x0056776E, je@0x00567779) with no int3 padding in between, so these 3 bytes are an arm of the preceding function. Frag audit 2026-09-23."
?Rva0056B8F1Get@@YA_NXZ,0x0056B8F1,"Interior fragment, not a function: the code before it branches here (je@0x0056B8E0) with no int3 padding in between, so these 3 bytes are an arm of the preceding function. Frag audit 2026-09-23."
?Rva0056DA35Get@@YAHXZ,0x0056DA35,"Interior fragment, not a function: the code before it branches here (jb@0x0056DA12, jbe@0x0056DA17, jbe@0x0056DA1C, jbe@0x0056DA26) with no int3 padding in between, so these 3 bytes are an arm of the preceding function. Frag audit 2026-09-23."
?Rva00579693Get@@YA_NXZ,0x00579693,"Interior fragment, not a function: the code before it branches here (jl@0x00579683, jge@0x00579688) with no int3 padding in between, so these 3 bytes are an arm of the preceding function. Frag audit 2026-09-23."
?Rva0057AAFDGet@@YAHXZ,0x0057AAFD,"Interior fragment, not a function: the code before it branches here (je@0x0057AAF7) with no int3 padding in between, so these 3 bytes are an arm of the preceding function. Frag audit 2026-09-23."
?Rva0057B990Get@@YAHXZ,0x0057B990,"Interior fragment, not a function: the code before it branches here (je@0x0057B981, je@0x0057B98A) with no int3 padding in between, so these 3 bytes are an arm of the preceding function. Frag audit 2026-09-23."
?Rva0058017FGet@@YA_NXZ,0x0058017F,"Interior fragment, not a function: the code before it branches here (je@0x00580176) with no int3 padding in between, so these 3 bytes are an arm of the preceding function. Frag audit 2026-09-23."
?Rva0059E10CGet@@YAHXZ,0x0059E10C,"Interior fragment, not a function: the code before it branches here (je@0x0059E103) with no int3 padding in between, so these 3 bytes are an arm of the preceding function. Frag audit 2026-09-23."
?Rva0059EF46Get@@YA_NXZ,0x0059EF46,"Interior fragment, not a function: the code before it branches here (je@0x0059EF3C, je@0x0059EF41) with no int3 padding in between, so these 3 bytes are an arm of the preceding function. Frag audit 2026-09-23."
?Rva0059F379Get@@YAHXZ,0x0059F379,"Interior fragment, not a function: the code before it branches here (je@0x0059F368) with no int3 padding in between, so these 3 bytes are an arm of the preceding function. Frag audit 2026-09-23."
?Rva005A671AGet@@YAHXZ,0x005A671A,"Interior fragment, not a function: the code before it branches here (je@0x005A670F, jne@0x005A6714) with no int3 padding in between, so these 3 bytes are an arm of the preceding function. Frag audit 2026-09-23."
?Rva005A678BGet@@YA_NXZ,0x005A678B,"Interior fragment, not a function: the code before it branches here (jl@0x005A6743, jg@0x005A6748, je@0x005A6751, je@0x005A675A) with no int3 padding in between, so these 3 bytes are an arm of the preceding function. Frag audit 2026-09-23."
?Rva005AD999Get@@YA_NXZ,0x005AD999,"Interior fragment, not a function: the code before it branches here (je@0x005AD98D) with no int3 padding in between, so these 3 bytes are an arm of the preceding function. Frag audit 2026-09-23."
?Rva005AFD40Get@@YA_NXZ,0x005AFD40,"Interior fragment, not a function: the code before it branches here (je@0x005AFD33) with no int3 padding in between, so these 3 bytes are an arm of the preceding function. Frag audit 2026-09-23."
?Rva005CCAC7Get@@YAHXZ,0x005CCAC7,"Interior fragment, not a function: the code before it branches here (je@0x005CCAB8, je@0x005CCAC1) with no int3 padding in between, so these 3 bytes are an arm of the preceding function. Frag audit 2026-09-23."
?Rva005DB21EGet@@YA_NXZ,0x005DB21E,"Interior fragment, not a function: the code before it branches here (je@0x005DB20D) with no int3 padding in between, so these 3 bytes are an arm of the preceding function. Frag audit 2026-09-23."
?Rva005E7604Get@@YAHXZ,0x005E7604,"Interior fragment, not a function: the code before it branches here (je@0x005E75FB) with no int3 padding in between, so these 3 bytes are an arm of the preceding function. Frag audit 2026-09-23."
?Rva005EB88CGet@@YAHXZ,0x005EB88C,"Interior fragment, not a function: the code before it branches here (je@0x005EB881, je@0x005EB886) with no int3 padding in between, so these 3 bytes are an arm of the preceding function. Frag audit 2026-09-23."
?Rva005EEA1DGet@@YAHXZ,0x005EEA1D,"Interior fragment, not a function: the code before it branches here (jne@0x005EE9F1, jp@0x005EEA00, jne@0x005EEA08, jp@0x005EEA17) with no int3 padding in between, so these 3 bytes are an arm of the preceding function. Frag audit 2026-09-23."
?Rva005F0233Get@@YAHXZ,0x005F0233,"Interior fragment, not a function: the code before it branches here (je@0x005F0229) with no int3 padding in between, so these 3 bytes are an arm of the preceding function. Frag audit 2026-09-23."
?Rva005F88F1Get@@YAHXZ,0x005F88F1,"Interior fragment, not a function: the code before it branches here (je@0x005F88DB, je@0x005F88E5) with no int3 padding in between, so these 3 bytes are an arm of the preceding function. Frag audit 2026-09-23."
?Rva006026D0Get@@YAHXZ,0x006026D0,"Interior fragment, not a function: the code before it branches here (je@0x006026C6) with no int3 padding in between, so these 3 bytes are an arm of the preceding function. Frag audit 2026-09-23."
?Rva00602820Get@@YAHXZ,0x00602820,"Interior fragment, not a function: the code before it branches here (je@0x00602816) with no int3 padding in between, so these 3 bytes are an arm of the preceding function. Frag audit 2026-09-23."
?Rva00602860Get@@YAHXZ,0x00602860,"Interior fragment, not a function: the code before it branches here (je@0x00602856) with no int3 padding in between, so these 3 bytes are an arm of the preceding function. Frag audit 2026-09-23."
?Rva0060B883Get@@YAHXZ,0x0060B883,"Interior fragment, not a function: the code before it branches here (jne@0x0060B875, jne@0x0060B87D) with no int3 padding in between, so these 3 bytes are an arm of the preceding function. Frag audit 2026-09-23."
?Rva00658147Get@@YAHXZ,0x00658147,"Interior fragment, not a function: the code before it branches here (je@0x0065811F) with no int3 padding in between, so these 3 bytes are an arm of the preceding function. Frag audit 2026-09-23."
?Rva0065E7CAGet@@YAHXZ,0x0065E7CA,"Interior fragment, not a function: the code before it branches here (je@0x0065E7AC) with no int3 padding in between, so these 3 bytes are an arm of the preceding function. Frag audit 2026-09-23."
?Rva0065EC9AGet@@YAHXZ,0x0065EC9A,"Interior fragment, not a function: the code before it branches here (je@0x0065EC7C) with no int3 padding in between, so these 3 bytes are an arm of the preceding function. Frag audit 2026-09-23."
?Rva00661618Get@@YAHXZ,0x00661618,"Interior fragment, not a function: the code before it branches here (je@0x00661612) with no int3 padding in between, so these 3 bytes are an arm of the preceding function. Frag audit 2026-09-23."
?Rva00661F63Get@@YAHXZ,0x00661F63,"Interior fragment, not a function: the code before it branches here (je@0x00661F55, jl@0x00661F5B) with no int3 padding in between, so these 3 bytes are an arm of the preceding function. Frag audit 2026-09-23."
?Rva006694AAGet@@YAHXZ,0x006694AA,"Interior fragment, not a function: the code before it branches here (je@0x0066948C) with no int3 padding in between, so these 3 bytes are an arm of the preceding function. Frag audit 2026-09-23."
?Rva0066CA0CGet@@YAHXZ,0x0066CA0C,"Interior fragment, not a function: the code before it branches here (je@0x0066CA03) with no int3 padding in between, so these 3 bytes are an arm of the preceding function. Frag audit 2026-09-23."
?Rva0068A793Get@@YA_NXZ,0x0068A793,"Interior fragment, not a function: the code before it branches here (je@0x0068A786, je@0x0068A78E) with no int3 padding in between, so these 3 bytes are an arm of the preceding function. Frag audit 2026-09-23."
?get@Rva006BD45DFloatField@@QBEMXZ,0x006BD45D,"Interior fragment, not a function: the code before it branches here (je@0x006BD454) with no int3 padding in between, so these 4 bytes are an arm of the preceding function. Frag audit 2026-09-23."
?Rva006C53A5Get@@YA_NXZ,0x006C53A5,"Interior fragment, not a function: the code before it branches here (jne@0x006C5398) with no int3 padding in between, so these 3 bytes are an arm of the preceding function. Frag audit 2026-09-23."
?Rva006C5FBAGet@@YAHXZ,0x006C5FBA,"Interior fragment, not a function: the code before it branches here (je@0x006C5FB4) with no int3 padding in between, so these 3 bytes are an arm of the preceding function. Frag audit 2026-09-23."
?Rva006C5FD3Get@@YAHXZ,0x006C5FD3,"Interior fragment, not a function: the code before it branches here (je@0x006C5FC4) with no int3 padding in between, so these 3 bytes are an arm of the preceding function. Frag audit 2026-09-23."
?Rva006C5FF3Get@@YAHXZ,0x006C5FF3,"Interior fragment, not a function: the code before it branches here (je@0x006C5FE4) with no int3 padding in between, so these 3 bytes are an arm of the preceding function. Frag audit 2026-09-23."
?Rva006C6490Get@@YAHXZ,0x006C6490,"Interior fragment, not a function: the code before it branches here (je@0x006C6474) with no int3 padding in between, so these 3 bytes are an arm of the preceding function. Frag audit 2026-09-23."
?Rva006C64F5Get@@YAHXZ,0x006C64F5,"Interior fragment, not a function: the code before it branches here (je@0x006C64E4) with no int3 padding in between, so these 3 bytes are an arm of the preceding function. Frag audit 2026-09-23."
?Rva006CD9DFGet@@YAHXZ,0x006CD9DF,"Interior fragment, not a function: the code before it branches here (je@0x006CD9CF) with no int3 padding in between, so these 3 bytes are an arm of the preceding function. Frag audit 2026-09-23."
?Rva006CE7C9Get@@YA_NXZ,0x006CE7C9,"Interior fragment, not a function: the code before it branches here (je@0x006CE7B2) with no int3 padding in between, so these 3 bytes are an arm of the preceding function. Frag audit 2026-09-23."
?Rva006D0439Get@@YA_NXZ,0x006D0439,"Interior fragment, not a function: the code before it branches here (je@0x006D0422) with no int3 padding in between, so these 3 bytes are an arm of the preceding function. Frag audit 2026-09-23."
?Rva006E0C46Get@@YA_NXZ,0x006E0C46,"Interior fragment, not a function: the code before it branches here (jnp@0x006E0C3A) with no int3 padding in between, so these 3 bytes are an arm of the preceding function. Frag audit 2026-09-23."
?Rva006FD2F9Get@@YAHXZ,0x006FD2F9,"Interior fragment, not a function: the code before it branches here (jle@0x006FD2D5, je@0x006FD2F6) with no int3 padding in between, so these 6 bytes are an arm of the preceding function. Frag audit 2026-09-23."
?Rva00740A5DGet@@YAHXZ,0x00740A5D,"Interior fragment, not a function: the code before it branches here (je@0x00740A4F) with no int3 padding in between, so these 3 bytes are an arm of the preceding function. Frag audit 2026-09-23."
?set@Rva0005159AWordSetter@@QAEXXZ,0x0005159A,"Interior fragment, not a function: the code before it branches here (je@0x0005156C, jl@0x00051576, jge@0x0005157B) with no int3 padding in between, so these 10 bytes are an arm of the preceding function. Frag audit 2026-09-23."
?apply@Rva0023D2F9DwordImmSetter@@QAEXXZ,0x0023D2F9,"Interior fragment, not a function: the code before it branches here (je@0x0023D2E9) with no int3 padding in between, so these 11 bytes are an arm of the preceding function. Frag audit 2026-09-23."
?apply@Rva0023D304DwordImmSetter@@QAEXXZ,0x0023D304,"Interior fragment, not a function: the code before it branches here (je@0x0023D2E6) with no int3 padding in between, so these 11 bytes are an arm of the preceding function. Frag audit 2026-09-23."
?apply@Rva0029A755DwordImmSetter@@QAEXXZ,0x0029A755,"Interior fragment, not a function: the code before it branches here (je@0x0029A745) with no int3 padding in between, so these 11 bytes are an arm of the preceding function. Frag audit 2026-09-23."
?get@Rva00373F29DwordField@@QBEHXZ,0x00373F29,"Interior fragment, not a function: the code before it branches here (jne@0x00373F24) with no int3 padding in between, so these 3 bytes are an arm of the preceding function. Frag audit 2026-09-23."
?apply@Rva00419502DwordImmSetter@@QAEXXZ,0x00419502,"Interior fragment, not a function: the code before it branches here (ja@0x004194F2) with no int3 padding in between, so these 8 bytes are an arm of the preceding function. Frag audit 2026-09-23."
?disable@Rva0048E6CAByteZeroSetter@@QAEXXZ,0x0048E6CA,"Interior fragment, not a function: the code before it branches here (je@0x0048E6BB, je@0x0048E6C0) with no int3 padding in between, so these 8 bytes are an arm of the preceding function. Frag audit 2026-09-23."
?disable@Rva0048E6F0ByteZeroSetter@@QAEXXZ,0x0048E6F0,"Interior fragment, not a function: the code before it branches here (je@0x0048E6E1, je@0x0048E6E6) with no int3 padding in between, so these 8 bytes are an arm of the preceding function. Frag audit 2026-09-23."
?Rva006F36DCGet@@YAHXZ,0x006F36DC,"Interior fragment, not a function: the code before it branches here (je@0x006F36BB, je@0x006F36D9) with no int3 padding in between, so these 6 bytes are an arm of the preceding function. Frag audit 2026-09-23."
??1AttackNugget@@MAE@XZ,0x004E1B72,"Misattributed: this body installs vtable 0x00C61DC4, but the class AttackNugget::parse builds uses 0x00BE0FF4. Renamed to ??1Rva004E1B72@@UAE@XZ."
??_GAttackNugget@@MAEPAXI@Z,0x004E1BA8,"Misattributed: this body installs vtable 0x00C61DC4, but the class AttackNugget::parse builds uses 0x00BE0FF4. Renamed to ??_GRva004E1B72@@UAEPAXI@Z."
??1CreateCrateDieModuleData@@UAE@XZ,0x0035CCCA,"Misattributed: this body installs vtable 0x00C16394, but the class the CreateCrateDie factory builds uses 0x00BF40A8. Renamed to ??1Rva0035CCCAModuleData@@UAE@XZ."
??_GCreateCrateDieModuleData@@UAEPAXI@Z,0x0035CF10,"Misattributed: this body installs vtable 0x00C16394, but the class the CreateCrateDie factory builds uses 0x00BF40A8. Renamed to ??_GRva0035CCCAModuleData@@UAEPAXI@Z."
?clearTeamsInQueue@AIPlayer@@IAEXXZ,0x00098A6F,"Refuted name: owning class reads CapsLock plus creates DirectInput devices (input class factory news 0xE28 not 0xA0); Unacquire plus Release is device teardown. Rowed as ?releaseDevices@Rva00098A6F@@QAEXXZ."
?get@Rva00270FFFAddImm32Field@@QBEHXZ,0x00270FFF,"Interior fragment, not a function: je@0x00270FF6 targets this address, null-arm of the enclosing conditional-load fn. Direct window-decode proof 2026-09-24."
?get@Rva0028AC5FZeroGetter@@QBEHXZ,0x0028AC5F,"Interior fragment, not a function: je@0x0028AC56 in ?rva0028AC4E@Object@@QBEPBURva0028AC4EEntry@@XZ targets this address as its null arm (xor eax,eax; ret). No REL32 call or DIR32 reference reaches 0x0028AC5F anywhere in the image; the enclosing 20B body at 0x0028AC4E is rowed instead."
?Rva00030F58Get@@YAHXZ,0x00030F58,Superseded by verified full GetLargeBinIndexFromChunkSize at 0x00030F10; six-byte block lies inside its Ghidra boundary and has no direct target callers
?Rva007EB810Get@@YAHXZ,0x006587A0,"Retyped, not wrong: the 6-byte getter (mov eax [0xE09FBC]; ret) returns the FESL diagnostic reporter that every caller calls ->fail/->log on; 40+ declarations in BFME2 and 39 of 45 in Open-BFME-1 type it Rva007EB810Diag *, only the BFME1 GlobalDwordGetters port said int. Re-landed as ?Rva007EB810Get@@YAPAURva007EB810Diag@@XZ at the same address so the callers link without int casts."
??_GCullSystemClass@@UAEPAXI@Z,0x00672490,"Caught by the DIR32 consistency check: this body stores vtable 0x00CE3F2C while ??0CullSystemClass@@QAE@XZ (0x00724550) stores 0x00CEFD60. 0x00CEFD60 is CullSystemClass's: slot 0 is 0x007245F0, cullsys.cpp's own deleting destructor (byte-identical to this unit's ??_G with 0x00CEFD60 in place), followed by __purecall slots for Zero Hour's pure Collect_Objects/Update_Culling. 0x00CE3F2C (four pure slots, one implemented) is another abstract class's; the row moves to 0x007245F0."
??0?$DynamicVectorClass@PAVRenderObjClass@@@@QAE@IPBQAVRenderObjClass@@@Z,0x001A3A00,"Caught by the DIR32 consistency check: this body installs vtables 0x00BD6C0C/0x00BD6C3C, whose slot 0 is the W3dAggregateSubobjectStruct* instantiation's deleting destructor, while Build_Subobject_List's inline DynamicVectorClass<RenderObjClass *> installs 0x00BD6C24/0x00BD6C54. The constructor that installs those is 0x001A3AE0 (rowed ??0?$DynamicVectorClass@PAD@@...: pointer instantiations fold under ICF), so the RenderObjClass constructor moves there as an ICF alias."
?setAngle@BuildListInfo@@QAEXM@Z,0x0065D7E0,"A gen-alias placeholder: BuildListInfo::setAngle's bytes (mov [ecx+0x24],arg; ret 4) repeated at this address, whose callers are FESL code that pins it as ?setError@Rva007E8810Message@@QAEXH@Z. That identity now holds the row (FeslMessageAccessors.cpp); setAngle keeps its own body in Player.cpp."
?Set_Z_Translation@Matrix3D@@QAEXM@Z,0x002B2210,"A gen-alias placeholder: Matrix3D::Set_Z_Translation's bytes (mov [ecx+0x2C],arg; ret 4) repeated at this address, whose GUI callers pin it as ?winSetUserData@GameWindow@@QAEXPAX@Z (GameWindow::m_userData at +0x2C, read by the rowed winGetUserData). That identity now holds the row (GameWindowStatusUserData.cpp)."
??$_Construct@VAsciiString@@V1@@_STL@@YAXPAVAsciiString@@ABV1@@Z,0x00142CC0,"Not AsciiString's body: retail has a second, complete vector<AsciiString> family where every verified call to these names in matched code lands (push_back 0x0002DBE6, 14 call sites and 0 here; _Construct 0x0002C485; _M_clear 0x0002CD53; __uninitialized_fill_n 0x0002C4D8; ~vector 0x0002CC70, 62 sites), and this family's element copies inline with the count at +4 of its buffer and releases through slot 0 of it, where AsciiString copies through StringBase<char>'s copy row at 0x000365F0 with the count at +0. The family at 0x00142CC0..0x001431AF is called only by itself and Rva001431B0: it is Rva00142DF0String's (the handle Rva001431B0Pop.cpp names), and is re-landed under that name in the next commit. The bodies matched only as type-agnostic shapes (several were placed by masked search)."
??$__uninitialized_copy@PAVAsciiString@@PAV1@@_STL@@YAPAVAsciiString@@PAV1@00ABU__false_type@0@@Z,0x00142CE0,"Not AsciiString's body: retail has a second, complete vector<AsciiString> family where every verified call to these names in matched code lands (push_back 0x0002DBE6, 14 call sites and 0 here; _Construct 0x0002C485; _M_clear 0x0002CD53; __uninitialized_fill_n 0x0002C4D8; ~vector 0x0002CC70, 62 sites), and this family's element copies inline with the count at +4 of its buffer and releases through slot 0 of it, where AsciiString copies through StringBase<char>'s copy row at 0x000365F0 with the count at +0. The family at 0x00142CC0..0x001431AF is called only by itself and Rva001431B0: it is Rva00142DF0String's (the handle Rva001431B0Pop.cpp names), and is re-landed under that name in the next commit. The bodies matched only as type-agnostic shapes (several were placed by masked search)."
??$__uninitialized_fill_n@PAVAsciiString@@IV1@@_STL@@YAPAVAsciiString@@PAV1@IABV1@ABU__false_type@0@@Z,0x00142D10,"Not AsciiString's body: retail has a second, complete vector<AsciiString> family where every verified call to these names in matched code lands (push_back 0x0002DBE6, 14 call sites and 0 here; _Construct 0x0002C485; _M_clear 0x0002CD53; __uninitialized_fill_n 0x0002C4D8; ~vector 0x0002CC70, 62 sites), and this family's element copies inline with the count at +4 of its buffer and releases through slot 0 of it, where AsciiString copies through StringBase<char>'s copy row at 0x000365F0 with the count at +0. The family at 0x00142CC0..0x001431AF is called only by itself and Rva001431B0: it is Rva00142DF0String's (the handle Rva001431B0Pop.cpp names), and is re-landed under that name in the next commit. The bodies matched only as type-agnostic shapes (several were placed by masked search)."
?_M_clear@?$vector@VAsciiString@@V?$allocator@VAsciiString@@@_STL@@@_STL@@IAEXXZ,0x00142EA0,"Not AsciiString's body: retail has a second, complete vector<AsciiString> family where every verified call to these names in matched code lands (push_back 0x0002DBE6, 14 call sites and 0 here; _Construct 0x0002C485; _M_clear 0x0002CD53; __uninitialized_fill_n 0x0002C4D8; ~vector 0x0002CC70, 62 sites), and this family's element copies inline with the count at +4 of its buffer and releases through slot 0 of it, where AsciiString copies through StringBase<char>'s copy row at 0x000365F0 with the count at +0. The family at 0x00142CC0..0x001431AF is called only by itself and Rva001431B0: it is Rva00142DF0String's (the handle Rva001431B0Pop.cpp names), and is re-landed under that name in the next commit. The bodies matched only as type-agnostic shapes (several were placed by masked search)."
?_M_insert_overflow@?$vector@VAsciiString@@V?$allocator@VAsciiString@@@_STL@@@_STL@@IAEXPAVAsciiString@@ABV3@ABU__false_type@2@I_N@Z,0x00143070,"Not AsciiString's body: retail has a second, complete vector<AsciiString> family where every verified call to these names in matched code lands (push_back 0x0002DBE6, 14 call sites and 0 here; _Construct 0x0002C485; _M_clear 0x0002CD53; __uninitialized_fill_n 0x0002C4D8; ~vector 0x0002CC70, 62 sites), and this family's element copies inline with the count at +4 of its buffer and releases through slot 0 of it, where AsciiString copies through StringBase<char>'s copy row at 0x000365F0 with the count at +0. The family at 0x00142CC0..0x001431AF is called only by itself and Rva001431B0: it is Rva00142DF0String's (the handle Rva001431B0Pop.cpp names), and is re-landed under that name in the next commit. The bodies matched only as type-agnostic shapes (several were placed by masked search)."
?push_back@?$vector@VAsciiString@@V?$allocator@VAsciiString@@@_STL@@@_STL@@QAEXABVAsciiString@@@Z,0x00143170,"Not AsciiString's body: retail has a second, complete vector<AsciiString> family where every verified call to these names in matched code lands (push_back 0x0002DBE6, 14 call sites and 0 here; _Construct 0x0002C485; _M_clear 0x0002CD53; __uninitialized_fill_n 0x0002C4D8; ~vector 0x0002CC70, 62 sites), and this family's element copies inline with the count at +4 of its buffer and releases through slot 0 of it, where AsciiString copies through StringBase<char>'s copy row at 0x000365F0 with the count at +0. The family at 0x00142CC0..0x001431AF is called only by itself and Rva001431B0: it is Rva00142DF0String's (the handle Rva001431B0Pop.cpp names), and is re-landed under that name in the next commit. The bodies matched only as type-agnostic shapes (several were placed by masked search)."
?rva001431B0@Rva001431B0@@QAEXVAsciiString@@@Z,0x001431B0,"Not AsciiString's body: retail has a second, complete vector<AsciiString> family where every verified call to these names in matched code lands (push_back 0x0002DBE6, 14 call sites and 0 here; _Construct 0x0002C485; _M_clear 0x0002CD53; __uninitialized_fill_n 0x0002C4D8; ~vector 0x0002CC70, 62 sites), and this family's element copies inline with the count at +4 of its buffer and releases through slot 0 of it, where AsciiString copies through StringBase<char>'s copy row at 0x000365F0 with the count at +0. The family at 0x00142CC0..0x001431AF is called only by itself and Rva001431B0: it is Rva00142DF0String's (the handle Rva001431B0Pop.cpp names), and is re-landed under that name in the next commit. The bodies matched only as type-agnostic shapes (several were placed by masked search)."
?apply@Rva0005C6317DwordImmSetter@@QAEXXZ,0x005C6317,Retire generic field-setter identity before separate destructor recovery: target deleting wrapper0x005C5990 calls this7B base-vptr cleanup; base table VA0xC74804 matches the donor abstract ProcessAnimateWindow interface. Replacement is BottomTimed destructor; no new coverage from this identity correction.
?insert_unique@?$_Rb_tree@URva0033C646Key@@U1@U?$_Identity@URva0033C646Key@@@_STL@@URva0033C646Less@@V?$allocator@URva0033C646Key@@@3@@_STL@@QAE?AU?$pair@U?$_Rb_tree_iterator@URva0033C646Key@@U?$_Nonconst_traits@URva0033C646Key@@@_STL@@@_STL@@_N@2@ABURva0033C646Key@@@Z,0x0033C176,"gen-alias placeholder superseded by the real identity of these bytes: ?insert_unique@?$_Rb_tree@URva00568FE4Key@@U1@U?$_Identity@URva00568FE4Key@@@_STL@@URva00568FE4Less@@V?$allocator@URva00568FE4Key@@@3@@_STL@@QAE?AU?$pair@U?$_Rb_tree_iterator@URva00568FE4Key@@U?$_Nonconst_traits@URva00568FE4Key@@@_STL@@@_STL@@_N@2@ABURva00568FE4Key@@@Z, byte-verified from Code/Libraries/Source/WWVegas/WWLib/stlport_rb_tree_10byte_key_568fe4_insert.cpp over the same 166-byte range. The gen-alias row carried only the synthetic Rva0033C646Key spelling with no object symbol; the real 0x0033C176 body belongs to the 10-byte-key tree's _M_insert_unique."
?get@Rva0002BAD5DwordField@@QBEHXZ,0x0002BAD5,"INI's separator getter, not an anonymous field read: the four seven-byte getters at 0x0002BAD5/0x0002BADC/0x0002BAE3/0x0002BAEA read +0x418/+0x41C/+0x420/+0x424, consecutive in the INI code and followed by a byte getter at +0x430; Zero Hour's INI.h declares getSeps/getSepsPercent/getSepsColon/getSepsQuote in that order on four consecutive members, and BFME2's matched INI parsers place m_sepsColon at +0x420. Re-landed under the INI names in the next commit."
?get@Rva0002BADCDwordField@@QBEHXZ,0x0002BADC,"INI's separator getter, not an anonymous field read: the four seven-byte getters at 0x0002BAD5/0x0002BADC/0x0002BAE3/0x0002BAEA read +0x418/+0x41C/+0x420/+0x424, consecutive in the INI code and followed by a byte getter at +0x430; Zero Hour's INI.h declares getSeps/getSepsPercent/getSepsColon/getSepsQuote in that order on four consecutive members, and BFME2's matched INI parsers place m_sepsColon at +0x420. Re-landed under the INI names in the next commit."
?get@Rva0002BAE3DwordField@@QBEHXZ,0x0002BAE3,"INI's separator getter, not an anonymous field read: the four seven-byte getters at 0x0002BAD5/0x0002BADC/0x0002BAE3/0x0002BAEA read +0x418/+0x41C/+0x420/+0x424, consecutive in the INI code and followed by a byte getter at +0x430; Zero Hour's INI.h declares getSeps/getSepsPercent/getSepsColon/getSepsQuote in that order on four consecutive members, and BFME2's matched INI parsers place m_sepsColon at +0x420. Re-landed under the INI names in the next commit."
?get@Rva0002BAEADwordField@@QBEHXZ,0x0002BAEA,"INI's separator getter, not an anonymous field read: the four seven-byte getters at 0x0002BAD5/0x0002BADC/0x0002BAE3/0x0002BAEA read +0x418/+0x41C/+0x420/+0x424, consecutive in the INI code and followed by a byte getter at +0x430; Zero Hour's INI.h declares getSeps/getSepsPercent/getSepsColon/getSepsQuote in that order on four consecutive members, and BFME2's matched INI parsers place m_sepsColon at +0x420. Re-landed under the INI names in the next commit."
?dup_00481faf@@YAXXZ,0x00481FAF,"The gen-alias row is not a target identity: retail bytes at 0x00481FAF load the float argument and store it at this+0x2C (ret 4); the verified Matrix3D::Set_Y_Translation row stores at +0x1C. Zero Hour and Open-BFME-1 matrix3d.h declare Set_Z_Translation as Row[2][3], matching +0x2C; JetAIUpdate.cpp emits the same-named Matrix3D inline with the same 14-byte body. The target/donor offset agreement supports Matrix3D::Set_Z_Translation. Re-landed under that name at the same address in the next commit."
?get@RvaB49A1PtrChaseField@@QBEHXZ,0x000B49A1,"Not an opaque pointer-chase field: target bytes load this+0x2C, then holder+0x0C; the verified MeshGeometryClass::Get_Vertex_Array row at 0x00709BE0 loads this+0x30, then holder+0x0C. Donor fact: Zero Hour meshgeometry.h declares get_polys() as Poly->Get_Array() and Get_Vertex_Array() as Vertex->Get_Array(), with Poly immediately before Vertex. Target offsets therefore identify Poly at +0x2C and Vertex at +0x30; Code/Libraries/Source/WWVegas/WW3D2/meshgeometry.cpp emits the 7-byte get_polys body at 0x000B49A1. Re-landed under get_polys in the next commit; the old getter macro is removed there."
?get@Rva0026FF1EDwordField@@QBEHXZ,0x0026FF1E,"Opaque Disp32 getter placeholder superseded by AIUpdateInterface::getCurLocomotor. Target-side matched routines identify AIUpdateInterface::m_curLocomotor at +0x1F0: isAircraftThatAdjustsDestination and getTreatAsAircraftForLocoDistToGoal inspect its Locomotor template; SlavedUpdate::endRepair obtains the AIUpdateInterface and clears Locomotor flags. Zero Hour's AIUpdate.h declares the non-const getCurLocomotor() returning m_curLocomotor. The 7-byte target body at 0x0026FF1E loads this+0x1F0; the alternative 0x00313D6C body reads +0x1B4 and is already called as GameWindow::winGetFont. Re-land under the supported AIUpdateInterface identity from the matched AIUpdate TU in the next commit."
?getMachineGoalObject@State@@QAEPAVObject@@XZ,0x005E69C8,"Not State::getMachineGoalObject: the body is `mov ecx,[ecx+0x20]; jmp 0x005E68C0`, and 0x005E68C0 is a framed function of 100+ bytes, not StateMachine::getGoalObject, which is the 15-byte `push [ecx+0x20]; mov ecx,TheGameLogic; call findObjectByID` at 0x004D7726 (the address AIDockState::onEnter's verified call reaches; a606e9478 pins it). The row verified only through the old pin getGoalObject -> 0x005E68C0, which was read from this row itself; with the corrected pin the full gate failed on it. Some other State forwarder; placed by shape only."
??0Rva000A7E7A@@QAE@XZ,0x000A7E7A,"Verification fails after retirement of the wrong Armor hashtable ctor pin at 0x000A7DF1. Caller must reach a distinct native ctor copy with its own EH operand, not the named Armor ctor at 0x00360B59. Original C++ banked as partial at reverse/attempts/0x000a7e7a.cpp; no valid callee identity established."
?ji_0062af4a@@YAXXZ,0x0062AF4A,Generated void/no-argument import placeholder replaced by typed stdcall12 C++ D3DXVec4Transform adapter _rva0062AF4AD3DXVec4Transform@12 at the same PE-proven6B thunk; no additional alias range
?ji_0062afc8@@YAXXZ,0x0062AFC8,Generated void/no-argument placeholder replaced by typed stdcall24 C++ D3DXVec3CatmullRom adapter _rva0062AFC8D3DXVec3CatmullRom@24 at the PE-proven6B thunk; no additional alias range
?lock@Rva00041004@@QAE_NH@Z,0x00041004,Retire nonvirtual declaration: actual BC16DC slot0 and ctor call select virtual bool lock(int). Exact32B will be restored under UAE symbol in coherent handle/critical-section repair; original names remain unknown.
??_GRva0040FE5@@UAEPAXI@Z,0x000411F2,Retire incompatible empty three-vptr MI owner: target28B scalar calls critical-section cleanup40FE5 with handle-base prefix and BC16DC three-slot dispatch. Same28B will be restored under actual Rva00041004 view; no new byte credit.
?rva00086B2C@Rva00086B2CArrayOwner@@QAEXHHMMHH@Z,0x00086B2C,Retire flat nonvirtual owner declaration: BC74F4 slot2 and owner8990C/89971 prove a derived virtual RET24 operation. Same153B will be restored in canonical owner view; no additional byte credit.
?rva00086CDA@Rva00086CDA@@QAEXXZ,0x00086CDA,Reconcile unchanged153B updater with canonical parent Rva00086761CameraMove: direct88F2E call preserves this and same zoom fields. Restore under shared-owner method; zero new byte credit.
?Rva006C8FE0Get@@YA_NPAUHKEY__@@UStr12@@1AAV?$basic_string@DV?$char_traits@D@_STL@@V?$allocator@D@2@@_STL@@@Z,0x006C8FE0,"Placeholder name for Zero Hour WWDownload getStringFromRegistry(HKEY, std::string, std::string, std::string&): the unmodified ZH body compiled in Code/Libraries/Source/WWVegas/WWDownload/registry.cpp reproduces all 323 bytes, beside its getUnsignedIntFromRegistry/setStringInRegistry siblings at 0x006C87B0-0x006C8B53; the Str12 by-value struct was the std::string parameter. Re-claimed under the real name in the same commit."
?rva002DAF2B@Rva002DAF2B@@QAEXHHVAsciiString@@@Z,0x002DAF2B,"Placeholder for Zero Hour TerrainRoadType::friend_setDamageToFXString (TerrainRoads.h accessor, out of line in BFME 2): the indexed slot is ZH's [BODYDAMAGETYPE_COUNT][MAX_BRIDGE_BODY_FX] AsciiString table at the retail offset, and the INI parsers parseTransitionToOCL/FX at 0x002DAFEC/0x002DB0DB (string-anchored: Transition/Damage/Repair/ToState/EffectNum/OCL|FX) call it for the matching transition. Re-claimed under the real name in Code/GameEngine/Source/GameClient/Terrain/TerrainRoads.cpp in the same commit."
?rva002DACF4@Rva002DACF4@@QAE?AVAsciiString@@HH@Z,0x002DACF4,"Placeholder for Zero Hour TerrainRoadType::getDamageToOCLString (TerrainRoads.h accessor, out of line in BFME 2): the indexed slot is ZH's [BODYDAMAGETYPE_COUNT][MAX_BRIDGE_BODY_FX] AsciiString table at the retail offset, and the INI parsers parseTransitionToOCL/FX at 0x002DAFEC/0x002DB0DB (string-anchored: Transition/Damage/Repair/ToState/EffectNum/OCL|FX) call it for the matching transition. Re-claimed under the real name in Code/GameEngine/Source/GameClient/Terrain/TerrainRoads.cpp in the same commit."
?rva002DAEED@Rva002DACF4@@QAEXHHVAsciiString@@@Z,0x002DAEED,"Placeholder for Zero Hour TerrainRoadType::friend_setDamageToOCLString (TerrainRoads.h accessor, out of line in BFME 2): the indexed slot is ZH's [BODYDAMAGETYPE_COUNT][MAX_BRIDGE_BODY_FX] AsciiString table at the retail offset, and the INI parsers parseTransitionToOCL/FX at 0x002DAFEC/0x002DB0DB (string-anchored: Transition/Damage/Repair/ToState/EffectNum/OCL|FX) call it for the matching transition. Re-claimed under the real name in Code/GameEngine/Source/GameClient/Terrain/TerrainRoads.cpp in the same commit."
?rva002DAF6C@Rva002DAF6C@@QAEXHHVAsciiString@@@Z,0x002DAF6C,"Placeholder for Zero Hour TerrainRoadType::friend_setRepairedToOCLString (TerrainRoads.h accessor, out of line in BFME 2): the indexed slot is ZH's [BODYDAMAGETYPE_COUNT][MAX_BRIDGE_BODY_FX] AsciiString table at the retail offset, and the INI parsers parseTransitionToOCL/FX at 0x002DAFEC/0x002DB0DB (string-anchored: Transition/Damage/Repair/ToState/EffectNum/OCL|FX) call it for the matching transition. Re-claimed under the real name in Code/GameEngine/Source/GameClient/Terrain/TerrainRoads.cpp in the same commit."
?get@Rva0010615FZeroGetter@@QBEHXZ,0x0010615F,"Over-claim: the 3-byte xor eax eax / ret is the null-data tail of DisplayString::getTextLength at 0x00106153 (its je lands here); no call, jmp or pointer in the image reaches 0x0010615F. Re-claimed inside the 15-byte getTextLength row in the same commit."
?bfmeGoBFF@BfmeThingBFF@@QAEXXZ,0x00358933,"Placeholder name for Zero Hour DisplayString::removeLastChar (m_textString.removeLastChar() then the virtual notifyTextChanged tail-jump): slot 21 of ??_7DisplayString 0x00C15338 and of W3DDisplayString 0x00BCF900, inside the DisplayString unit 0x00358933-0x00358A53. Re-claimed under the real name in Code/GameEngine/Source/GameClient/DisplayString.cpp in the same commit."
??1Rva00358946@@QAE@XZ,0x00358946,"Placeholder name for Zero Hour DisplayString::reset (m_textString.clear(); m_font = NULL): slot 5 of ??_7DisplayString 0x00C15338, called by the DisplayString dtor 0x00358994 and W3DDisplayString::reset; symbols.csv already pinned ?reset@DisplayString@@UAEXXZ here. Re-claimed under the real name in the same commit."
??0Rva0035897D@@QAE@XZ,0x0035897D,"Placeholder name for the Zero Hour DisplayString constructor: it installs ??_7DisplayString 0x00C15338 and zeroes m_textString/m_font/m_next/m_prev (+0x04..+0x10) exactly as ZH DisplayString::DisplayString. Re-claimed under the real name in the same commit."
?d_00886ac0@@YAPADPBD0PADP6AHH@Z@Z,0x006C92C0,"Placeholder free function for STLport's transform<char*,char*,int(*)(int)>: its only caller is FormatURLFromRegistry (0x006C9300), the WWDownload urlBuilder.cpp body that lower-cases the language with std::transform(begin, end, begin, tolower). Re-claimed as the template instantiation that unit emits in the next commit."
??1Rva006BCE40@@UAE@XZ,0x000638C4,"Placeholder name for the Zero Hour W3DRenderObjectSnapshot destructor: it installs the W3DRenderObjectSnapshot vftable 0x00BC59F4 (slot 2 returns the string W3DRenderObjectSnapshot), removes m_robj (+0x04) from the scene and releases it, then restores the Snapshot base vftable 0x00BBB554. Re-claimed under the real name in W3DGhostObjectScene.cpp in the same commit."
??_GRva00638C4@@UAEPAXI@Z,0x000638A8,"Placeholder name for the W3DRenderObjectSnapshot scalar deleting destructor, slot 0 of its vftable 0x00BC59F4 over the destructor at 0x000638C4. Re-claimed under the real name in W3DGhostObjectScene.cpp in the same commit."
?get@Rva000B19F8ZeroGetter@@QBEHXZ,0x000B19F8,"Over-claim: the 3-byte xor eax eax / ret is the false tail of Thing::isAboveTerrain at 0x000B19E5 (its jbe lands here); no call, jmp or pointer in the image reaches 0x000B19F8. Re-claimed inside the 22-byte isAboveTerrain row in the same commit."
?Cast_AABox@MeshGeometryClass@@QAE_NAAVAABoxCollisionTestClass@@@Z,0x0016D7E0,"Misnamed: the body at 0x0016D7E0 calls AABTreeClass::Intersect_OBBox_Recursive (0x00198730) and intersect_obbox_brute_force (0x0016CD30) and MeshClass::Intersect_AABox (0x0014B5E0) passes it an OBBoxIntersectionTestClass; the same bytes now carry ?Intersect_OBBox@MeshGeometryClass@@QAE_NAAVOBBoxIntersectionTestClass@@@Z."
?get@Rva00149A6CZeroGetter@@QBEHXZ,0x00149A6C,"Not a function: the xor eax,eax / ret is the null-Model tail of the MeshClass override at 0x00149A50 (vtable 0xBD35A8 slot 10), whose je lands on it; no call or data reference targets this address."
?get@Rva00149A8CZeroGetter@@QBEHXZ,0x00149A8C,"Not a function: the xor eax,eax / ret is the null-Model tail of the MeshClass override at 0x00149A70 (vtable 0xBD35A8 slot 11), whose je lands on it; no call or data reference targets this address."
?get@Rva0014A07FZeroGetter@@QBEHXZ,0x0014A07F,"Not a function: the xor eax,eax / ret is the null-Model tail of the MeshClass override at 0x0014A070 (vtable 0xBD35A8 slot 94), whose je lands on it; no call or data reference targets this address."
?get@Rva001499A5ZeroGetter@@QBEHXZ,0x001499A5,"Not a function: the xor eax,eax / ret is the null tail of MeshClass::Get_Material_Info at 0x00149980 (vtable 0xBD35A8 slot 85), whose two je branches land on it; no call or data reference targets this address."
?rva0035118A@Rva0035118A@@QAEXH@Z,0x0035118A,"Placeholder for AIExitState::onExit: slot 5 of vtable 0x00C115E8 whose slot-2 name getter returns AIExitState, the Zero Hour onExit body (m_entryToClear lookup then WANTS_NEITHER) plus a machine setGoalObject(NULL). Retired so the body lands under its name in AIExitStateMethods.cpp."
?bfmePrivateCommand1B@AIUpdateInterface@@MAEXPAXW4CommandSourceType@@@Z,0x00267DAD,"Misnamed: BFME1 numbering. BFME2 aiDoCommand (0x002673F6) dispatches command 0x02 to this body through AIUpdate vtable 0x00C47B98 slot 25, and its first argument is the position it hands to setGoalPositionClipped (0x00265667); the same bytes now carry ?bfmePrivateCommand02@AIUpdateInterface@@MAEXPBUCoord3D@@W4CommandSourceType@@@Z."
?get@Rva0065E7CAZeroGetter@@QBEHXZ,0x0065E7CA,"Not a function: the shared return tail of the row at 0x0065E7A0, whose own compiled body runs through it (45 B, tools/row_extent.py); no call, jump-table or data reference in game.dat targets this address."
?get@Rva0065EC9AZeroGetter@@QBEHXZ,0x0065EC9A,"Not a function: the shared return tail of the row at 0x0065EC70, whose own compiled body runs through it (45 B, tools/row_extent.py); no call, jump-table or data reference in game.dat targets this address."
?Rva004F10E3Get@@YA_NXZ,0x004F10E3,"Not a function: the shared return tail of the row at 0x004F10C2, whose own compiled body runs through it (36 B, tools/row_extent.py); no call, jump-table or data reference in game.dat targets this address."
?Rva004F19F3Get@@YA_NXZ,0x004F19F3,"Not a function: the shared return tail of the row at 0x004F19D3, whose own compiled body runs through it (35 B, tools/row_extent.py); no call, jump-table or data reference in game.dat targets this address."
?get@Rva002632DEZeroGetter@@QBEHXZ,0x002632DE,"Not a function: the shared return tail of the row at 0x002632C7, whose own compiled body runs through it (26 B, tools/row_extent.py); no call, jump-table or data reference in game.dat targets this address."
?get@Rva002632C4ZeroGetter@@QBEHXZ,0x002632C4,"Not a function: the shared return tail of the row at 0x002632B3, whose own compiled body runs through it (20 B, tools/row_extent.py); no call, jump-table or data reference in game.dat targets this address."
?get@Rva0004CACDOneGetter@@QBEHXZ,0x0004CACD,"Not a function: the shared return tail of the row at 0x0004CABD, whose own compiled body runs through it (20 B, tools/row_extent.py); no call, jump-table or data reference in game.dat targets this address."
?get@Rva00262126OneGetter@@QBEHXZ,0x00262126,"Not a function: the shared return tail of the row at 0x00262117, whose own compiled body runs through it (19 B, tools/row_extent.py); no call, jump-table or data reference in game.dat targets this address."
?Rva001F53FEGet@@YAHXZ,0x001F53FE,"Not a function: the shared return tail of the row at 0x001F53F0, whose own compiled body runs through it (17 B, tools/row_extent.py); no call, jump-table or data reference in game.dat targets this address."
?get@Rva002632C4ZeroGetter@@QBEHXZ,0x002632C4,"Over-claim: the 3-byte xor eax eax / ret is the false tail of ?rva002632B3@AIUpdateInterface@@QBEHXZ at 0x002632B3 (its je lands here); no call, jmp or pointer in the image reaches 0x002632C4. Re-claimed inside the 20-byte row in the same commit."
?get@Rva002632DEZeroGetter@@QBEHXZ,0x002632DE,"Over-claim: the 3-byte xor eax eax / ret is the false tail of ?rva002632C7@AIUpdateInterface@@QBEHXZ at 0x002632C7 (its je lands here); no call, jmp or pointer in the image reaches 0x002632DE. Re-claimed inside the 26-byte row in the same commit."
?get@Rva000B3809ZeroGetter@@QBEHXZ,0x000B3809,"Over-claim: the 3-byte xor eax eax / ret is the false tail of W3DModelDraw::isVisible at 0x000B37F0 (both of its je land here); no call, jmp or pointer in the image reaches 0x000B3809. Re-claimed inside the 28-byte row in the same commit."
?rva00511ADF@Rva00511ADF@@QAEXHPAD_N@Z,0x00511AD4,"Landed by the near-miss closer at 11 bytes, i.e. only the prologue verified: at its real 325-byte extent the body still differs (test eax,eax vs cmp eax,ebx after atoi, offset 0x7D). Retracted; the 0.99 body stays banked in reverse/attempts for the closer."
??0CollectionClass@@QAE@ABV0@@Z,0x00130C00,"Relabelled, not wrong bytes: vtable 0x00BD23C0, which this body installs or occupies, is LightClass's (slots 26/27 are the matched LightClass::Notify_Added 0x00130F00 / Notify_Removed 0x00130F20; its other installer 0x00130AC0 is LightClass(LightType); Clone allocates 0x120 = RenderObjClass 0xC4 + Zero Hour's LightClass members, which the copy constructor copies). Re-rowed under the LightClass name in LightClassCopyCtor.cpp in the same commit."
??1CollectionClass@@UAE@XZ,0x00130E80,"Relabelled, not wrong bytes: vtable 0x00BD23C0, which this body installs or occupies, is LightClass's (slots 26/27 are the matched LightClass::Notify_Added 0x00130F00 / Notify_Removed 0x00130F20; its other installer 0x00130AC0 is LightClass(LightType); Clone allocates 0x120 = RenderObjClass 0xC4 + Zero Hour's LightClass members, which the copy constructor copies). Re-rowed under the LightClass name in LightClassCopyCtor.cpp in the same commit."
?Clone@CollectionClass@@UBEPAVRenderObjClass@@XZ,0x00130EA0,"Relabelled, not wrong bytes: vtable 0x00BD23C0, which this body installs or occupies, is LightClass's (slots 26/27 are the matched LightClass::Notify_Added 0x00130F00 / Notify_Removed 0x00130F20; its other installer 0x00130AC0 is LightClass(LightType); Clone allocates 0x120 = RenderObjClass 0xC4 + Zero Hour's LightClass members, which the copy constructor copies). Re-rowed under the LightClass name in LightClassCopyCtor.cpp in the same commit."
??_GCollectionClass@@UAEPAXI@Z,0x00130FB0,"Relabelled, not wrong bytes: vtable 0x00BD23C0, which this body installs or occupies, is LightClass's (slots 26/27 are the matched LightClass::Notify_Added 0x00130F00 / Notify_Removed 0x00130F20; its other installer 0x00130AC0 is LightClass(LightType); Clone allocates 0x120 = RenderObjClass 0xC4 + Zero Hour's LightClass members, which the copy constructor copies). Re-rowed under the LightClass name in LightClassCopyCtor.cpp in the same commit."
?Rva006053AD@@YAXPAD@Z,0x006053AD,"Wrong signature: retail's only caller FilePathGate::allow 0x00600AE5 compares the returned eax with the path buffer and looks it up as the file name, so the body returns char *. The void spelling matched only because eax happens to hold the scan pointer; re-landed as ?Rva006053AD@@YAPADPAD@Z in the next commit."
?onObjectCreated@AIUpdateInterface@@UAEXXZ,0x002632EE,"Misnamed, not wrong bytes: onObjectCreated is AIUpdate vtable slot 5, which every AIUpdate vtable (0x00C47B98 and its eleven siblings) points at 0x002625C8, Zero Hour's body exactly (makeStateMachine via slot 150 then initDefaultState). No vtable holds 0x002632EE and 0x004501CD and 0x00492095 call it directly; re-rowed as ?rva002632EE@AIUpdateInterface@@QAEXXZ in the same commit."
?rva004C8DE2@HordeDispatchSpecialPower@@MAEHXZ,0x004C8DE2,"Misnamed, not wrong bytes: 0x004C8DE2 is slot 0 of the vtable 0x00C5E8DC that the matched CritterEmitterUpdate ctor 0x004C8D86 installs at +0x10 (UpdateModuleInterface), so it is CritterEmitterUpdate::update. The HordeDispatchSpecialPower slot-20 reading came from a candidate vtable at 0x00C5E88C that ran on past its end into CritterEmitterUpdate's vtables. Re-rowed as ?update@CritterEmitterUpdate@@UAE?AW4UpdateSleepTime@@XZ in CritterEmitterUpdateUpdate.cpp in the same commit."
??0RailedTransportDockUpdate@@QAE@PAVThing@@PBVModuleData@@@Z,0x004CC988,"Misnamed, not wrong bytes: the only caller of 0x004CC988 is the matched ?friend_newModuleInstance@DominateEnemySpecialPower (0x00252EAA: operator new 0x88 then this call), and the vtable 0x00C5F698 it installs holds the matched DominateEnemySpecialPower pool key 0x004CC9DF at slot 4; symbols.csv already pinned the address as ??0DominateEnemySpecialPower. Re-rowed under that name in DominateEnemySpecialPowerCtor.cpp in the same commit."
?Rva004D8D7CGet@@YAHXZ,0x004D8D7C,"Over-claim: the 3-byte xor eax eax / ret is the false tail of TurretAIRecenterTurretState::update at 0x004D8D25 (both of its je land here); no call, jmp or pointer in the image reaches 0x004D8D7C. Re-claimed inside the 90-byte row in the same commit."
??_GRva0098B8B@@UAEPAXI@Z,0x00098C90,"Relabelled, not wrong bytes: the class is DirectInputKeyboard (vtable 0x00BC8688, which fills the pure getCapsState/getKey slots of Keyboard's 0x00BE81F0 with GetKeyState(VK_CAPITAL) and the DirectInput getKey) and the body is Zero Hour's. Re-rowed as ??_GDirectInputKeyboard@@UAEPAXI@Z in Code/GameEngineDevice/Source/Win32Device/GameClient/Win32DIKeyboard.cpp in the same commit."
??1AISkirmishPlayer@@UAE@XZ,0x00098B8B,"Relabelled, not wrong bytes: vtable 0x00BE81F0 is Keyboard's and 0x00BC8688 DirectInputKeyboard's, not AIPlayer's/AISkirmishPlayer's (the real AIPlayer is the 0x00C62DC8 family at 0x004F....): 0x00BE81F0 slots 1/10/15 are the matched Keyboard::init/update/createStreamMessages, slots 14/16 are pure and 0x00BC8688 fills them with GetKeyState(VK_CAPITAL) and the DirectInput getKey; the class has the input frame at +0xE1C, the key-name table at +0x81C and the KEY_STATE word at +0x0C. Re-rowed as ??1DirectInputKeyboard@@UAE@XZ in Code/GameEngineDevice/Source/Win32Device/GameClient/Win32DIKeyboard.cpp in the same commit."
?releaseDevices@Rva00098A6F@@QAEXXZ,0x00098A6F,"Relabelled, not wrong bytes: the class is DirectInputKeyboard (vtable 0x00BC8688, which fills the pure getCapsState/getKey slots of Keyboard's 0x00BE81F0 with GetKeyState(VK_CAPITAL) and the DirectInput getKey) and the body is Zero Hour's. Re-rowed as ?closeKeyboard@DirectInputKeyboard@@IAEXXZ in Code/GameEngineDevice/Source/Win32Device/GameClient/Win32DIKeyboard.cpp in the same commit."
??1AIPlayer@@MAE@XZ,0x00232976,"Relabelled, not wrong bytes: vtable 0x00BE81F0 is Keyboard's and 0x00BC8688 DirectInputKeyboard's, not AIPlayer's/AISkirmishPlayer's (the real AIPlayer is the 0x00C62DC8 family at 0x004F....): 0x00BE81F0 slots 1/10/15 are the matched Keyboard::init/update/createStreamMessages, slots 14/16 are pure and 0x00BC8688 fills them with GetKeyState(VK_CAPITAL) and the DirectInput getKey; the class has the input frame at +0xE1C, the key-name table at +0x81C and the KEY_STATE word at +0x0C. Re-rowed as ??1Keyboard@@UAE@XZ in Code/GameEngine/Source/GameClient/Input/Keyboard.cpp in the same commit."
??_GAIPlayer@@MAEPAXI@Z,0x002329B7,"Relabelled, not wrong bytes: vtable 0x00BE81F0 is Keyboard's and 0x00BC8688 DirectInputKeyboard's, not AIPlayer's/AISkirmishPlayer's (the real AIPlayer is the 0x00C62DC8 family at 0x004F....): 0x00BE81F0 slots 1/10/15 are the matched Keyboard::init/update/createStreamMessages, slots 14/16 are pure and 0x00BC8688 fills them with GetKeyState(VK_CAPITAL) and the DirectInput getKey; the class has the input frame at +0xE1C, the key-name table at +0x81C and the KEY_STATE word at +0x0C. Re-rowed as ??_GKeyboard@@UAEPAXI@Z in Code/GameEngine/Source/GameClient/Input/Keyboard.cpp in the same commit."
??0AIPlayer@@QAE@XZ,0x00232920,"Relabelled, not wrong bytes: vtable 0x00BE81F0 is Keyboard's and 0x00BC8688 DirectInputKeyboard's, not AIPlayer's/AISkirmishPlayer's (the real AIPlayer is the 0x00C62DC8 family at 0x004F....): 0x00BE81F0 slots 1/10/15 are the matched Keyboard::init/update/createStreamMessages, slots 14/16 are pure and 0x00BC8688 fills them with GetKeyState(VK_CAPITAL) and the DirectInput getKey; the class has the input frame at +0xE1C, the key-name table at +0x81C and the KEY_STATE word at +0x0C. Re-rowed as ??0Keyboard@@QAE@XZ in Code/GameEngine/Source/GameClient/Input/Keyboard.cpp in the same commit."
?rva00232683@AIPlayer@@QAE_NXZ,0x00232683,"Relabelled, not wrong bytes: vtable 0x00BE81F0 is Keyboard's and 0x00BC8688 DirectInputKeyboard's, not AIPlayer's/AISkirmishPlayer's (the real AIPlayer is the 0x00C62DC8 family at 0x004F....): 0x00BE81F0 slots 1/10/15 are the matched Keyboard::init/update/createStreamMessages, slots 14/16 are pure and 0x00BC8688 fills them with GetKeyState(VK_CAPITAL) and the DirectInput getKey; the class has the input frame at +0xE1C, the key-name table at +0x81C and the KEY_STATE word at +0x0C. Re-rowed as ?isShift@Keyboard@@QAE_NXZ in Code/GameEngine/Source/GameClient/Input/Keyboard.cpp in the same commit."
?rva00098BD4@DirectInputKeyboard@@QAEXXZ,0x00098BD4,"Relabelled, not wrong bytes: the class is DirectInputKeyboard (vtable 0x00BC8688, which fills the pure getCapsState/getKey slots of Keyboard's 0x00BE81F0 with GetKeyState(VK_CAPITAL) and the DirectInput getKey) and the body is Zero Hour's. Re-rowed as ?openKeyboard@DirectInputKeyboard@@IAEXXZ in Code/GameEngine/Source/GameLogic/AI/DirectInputKeyboardOpen.cpp in the same commit."
??0AISkirmishPlayer@@QAE@XZ,0x00098B55,"Relabelled, not wrong bytes: vtable 0x00BE81F0 is Keyboard's and 0x00BC8688 DirectInputKeyboard's, not AIPlayer's/AISkirmishPlayer's (the real AIPlayer is the 0x00C62DC8 family at 0x004F....): 0x00BE81F0 slots 1/10/15 are the matched Keyboard::init/update/createStreamMessages, slots 14/16 are pure and 0x00BC8688 fills them with GetKeyState(VK_CAPITAL) and the DirectInput getKey; the class has the input frame at +0xE1C, the key-name table at +0x81C and the KEY_STATE word at +0x0C. Re-rowed as ??0DirectInputKeyboard@@QAE@XZ in Code/GameEngineDevice/Source/Win32Device/GameClient/Win32DIKeyboard.cpp in the same commit."
?rva0004C6D4@Rva004C743@@QAEPAVAISkirmishPlayer@@XZ,0x0004C6D4,"Relabelled, not wrong bytes: Rva004C743 is W3DGameClient (vtable 0x00BC4738, matched createFontLibrary at slot 40) and slot 44 news DirectInputKeyboard, Zero Hour's inline createKeyboard. Re-rowed as ?rva0004C6D4@Rva004C743@@QAEPAVKeyboard@@XZ (address name kept: W3DGameClient.cpp already emits the Zero Hour inline createKeyboard COMDAT) in Code/GameEngineDevice/Source/W3DDevice/GameClient/Rva0004C662Factory.cpp in the same commit."
?rva002326AE@AIPlayer@@QAEGEH@Z,0x002326AE,"Relabelled, not wrong bytes: vtable 0x00BE81F0 is Keyboard's and 0x00BC8688 DirectInputKeyboard's, not AIPlayer's/AISkirmishPlayer's (the real AIPlayer is the 0x00C62DC8 family at 0x004F....): 0x00BE81F0 slots 1/10/15 are the matched Keyboard::init/update/createStreamMessages, slots 14/16 are pure and 0x00BC8688 fills them with GetKeyState(VK_CAPITAL) and the DirectInput getKey; the class has the input frame at +0xE1C, the key-name table at +0x81C and the KEY_STATE word at +0x0C. Re-rowed as ?getPrintableKey@Keyboard@@QAEGEH@Z in Code/GameEngine/Source/GameClient/Input/KeyboardKeyAccessors.cpp in the same commit."
?rva002329D3@AIPlayer@@QAE_NXZ,0x002329D3,"Relabelled, not wrong bytes: vtable 0x00BE81F0 is Keyboard's and 0x00BC8688 DirectInputKeyboard's, not AIPlayer's/AISkirmishPlayer's (the real AIPlayer is the 0x00C62DC8 family at 0x004F....): 0x00BE81F0 slots 1/10/15 are the matched Keyboard::init/update/createStreamMessages, slots 14/16 are pure and 0x00BC8688 fills them with GetKeyState(VK_CAPITAL) and the DirectInput getKey; the class has the input frame at +0xE1C, the key-name table at +0x81C and the KEY_STATE word at +0x0C. Re-rowed as ?checkKeyRepeat@Keyboard@@IAE_NXZ in Code/GameEngine/Source/GameClient/Input/KeyboardCheckKeyRepeat.cpp in the same commit."
?rva00232643@AIPlayer@@QAE_NE@Z,0x00232643,"Relabelled, not wrong bytes: vtable 0x00BE81F0 is Keyboard's and 0x00BC8688 DirectInputKeyboard's, not AIPlayer's/AISkirmishPlayer's (the real AIPlayer is the 0x00C62DC8 family at 0x004F....): 0x00BE81F0 slots 1/10/15 are the matched Keyboard::init/update/createStreamMessages, slots 14/16 are pure and 0x00BC8688 fills them with GetKeyState(VK_CAPITAL) and the DirectInput getKey; the class has the input frame at +0xE1C, the key-name table at +0x81C and the KEY_STATE word at +0x0C. Re-rowed as ?rva00232643@Keyboard@@QAE_NE@Z in Code/GameEngine/Source/GameClient/Input/KeyboardKeyAccessors.cpp in the same commit."
?get@Rva0009FD8AZeroGetter@@QBEHXZ,0x0009FD8A,"Over-claim: the 3-byte xor eax eax / ret is the false tail of GameWindow slot 5 ?rva0009FD78@GameWindow@@UAEHXZ at 0x0009FD78 (its je at 0x0009FD80 lands here); no call, jmp or pointer in the image reaches 0x0009FD8A. Re-claimed inside the 21-byte row in the same commit."
?rva00483133@Rva00482E96@@QAE?AW4UpdateSleepTime@@XZ,0x00483133,"Address-named view of Zero Hour's PoisonedBehavior::update: slot 16 of the UpdateModuleInterface vtable 0x008497B4 at PoisonedBehavior+0x10, whose override MSVC compiles with this at that subobject (the view hand-adjusted by -0x10). Re-landed under ?update@PoisonedBehavior@@UAE?AW4UpdateSleepTime@@XZ in Behavior/PoisonedBehaviorUpdate.cpp over the same 152 bytes."
?firstWithNumeric@SimpleObjectIterator@@QAEPAVObject@@PAM@Z,0x00291C84,"Misidentified by a masked whole-.text shape search (push esi / call / push arg / call / ret 4 is generic). Retail 0x00291C84 calls 0x00291C20, which tests and clears Object status 0x33 on its this, then 0x0028D412, Object::setTransformMatrix (opens with Thing::setTransformMatrix on this; HordeContain slot 109 calls it on an Object). Neither is an iterator method. Re-rowed as ?rva00291C84@Object@@QAEXPBVMatrix3D@@@Z in Code/GameEngine/Source/GameLogic/Object/ObjectRefreshThenSetTransform.cpp in the same commit; the reset/nextWithNumeric pins read back from it are retired."
?rva00483111@Rva00482E96@@QAEXH@Z,0x00483111,"Address-named view of Zero Hour's PoisonedBehavior::onHealing: slot 1 of the DamageModuleInterface vtable 0x008497E8 at PoisonedBehavior+0x20 (slot 14 of the run from 0x008497B4), whose override MSVC compiles with this at that subobject (the view hand-adjusted by -0x20). Re-landed under ?onHealing@PoisonedBehavior@@UAEXPAVDamageInfo@@@Z in Behavior/PoisonedBehaviorUpdate.cpp over the same 34 bytes."
?rva001DBFEE@AudioManager@@QAE_NXZ,0x001DBFEE,"Class reconciliation: the global at 0x00DFDC14 is TheTransitionHandler (INI::parseWindowTransitions 0x001DC66F reads it and calls getNewGroup) and this predicate is GameWindowTransitionsHandler::isFinished, as the donor_sweep pin already named it. Re-rowed under ?isFinished@GameWindowTransitionsHandler@@QAE_NXZ in GameClient/GUI/GameWindowTransitionsHandlerState.cpp over the same 46 bytes."
?rva001DBE6E@AudioManager@@QAEXXZ,0x001DBE6E,"Class reconciliation: the class behind vftable 0x00BDBC30 (ctor 0x001DCBC3) is GameWindowTransitionsHandler, not AudioManager. Re-rowed under ?rva001DBE6E@GameWindowTransitionsHandler@@QAEXXZ in GameClient/GUI/GameWindowTransitionsHandlerState.cpp over the same 72 bytes."
?rva001DBFD1@AudioManager@@QAEXXZ,0x001DBFD1,"Class reconciliation: the class behind vftable 0x00BDBC30 (ctor 0x001DCBC3) is GameWindowTransitionsHandler, not AudioManager. Re-rowed under ?rva001DBFD1@GameWindowTransitionsHandler@@QAEXXZ in GameClient/GUI/GameWindowTransitionsHandlerState.cpp over the same 29 bytes."
??0AudioManager@@QAE@XZ,0x001DCBC3,"Class reconciliation: the object at TheTransitionHandler (0x00DFDC14; INI::parseWindowTransitions 0x001DC66F reads it) is GameWindowTransitionsHandler, not AudioManager. Re-rowed under ??0GameWindowTransitionsHandler@@QAE@XZ in GameClient/GUI/GameWindowTransitionsHandler.cpp over the same 124 bytes."
??_GAudioManager@@UAEPAXI@Z,0x001DC7C5,"Class reconciliation: the object at TheTransitionHandler (0x00DFDC14; INI::parseWindowTransitions 0x001DC66F reads it) is GameWindowTransitionsHandler, not AudioManager. Re-rowed under ??_GGameWindowTransitionsHandler@@UAEPAXI@Z in GameClient/GUI/GameWindowTransitionsHandler.cpp over the same 28 bytes."
??0Rva001DCBA4@@QAE@XZ,0x001DCBA4,"The GameWindowTransitionsHandler table at +0x0C now has its own type (WindowTransitionMap: hash_map<NameKeyType, Transition *(*)(), rts::hash, rts::equal_to>, value type carried from the Open-BFME 1 donor). This address-named wrapper is that hash_map's default ctor; re-rowed under its real name in GameClient/GUI/GameWindowTransitionsHandler.cpp over the same 31 bytes."
?dup_001dc636@@YAXXZ,0x001DC636,"The GameWindowTransitionsHandler table at +0x0C now has its own type (WindowTransitionMap: hash_map<NameKeyType, Transition *(*)(), rts::hash, rts::equal_to>, value type carried from the Open-BFME 1 donor). The gen-alias placeholder (an Armor hashtable dtor copy) is this table's own dtor instantiation; re-rowed under its real name in GameClient/GUI/GameWindowTransitionsHandler.cpp over the same 57 bytes."
?dup_001dcb64@@YAXXZ,0x001DCB64,"The GameWindowTransitionsHandler table at +0x0C now has its own type (WindowTransitionMap: hash_map<NameKeyType, Transition *(*)(), rts::hash, rts::equal_to>, value type carried from the Open-BFME 1 donor). The gen-alias placeholder (an Armor hashtable ctor copy) is this table's own ctor instantiation; re-rowed under its real name in GameClient/GUI/GameWindowTransitionsHandler.cpp over the same 64 bytes."
?rva001DC07E@Rva001DC07E@@QAEXXZ,0x001DC07E,"Class reconciliation: the receiver is TheTransitionHandler (0x00DFDC14), a GameWindowTransitionsHandler (critical section at +0x38, groups at +0x24..+0x30 as in its ctor 0x001DCBC3 and dtor 0x001DC6E4). Re-rowed under ?rva001DC07E@GameWindowTransitionsHandler@@QAEXXZ in GameClient/GUI/GameWindowTransitionsHandlerWait.cpp over the same 73 bytes."
?rva001DC5EC@Rva001DC07E@@QAEXXZ,0x001DC5EC,"Class reconciliation: the receiver is TheTransitionHandler (0x00DFDC14), a GameWindowTransitionsHandler (critical section at +0x38, groups at +0x24..+0x30 as in its ctor 0x001DCBC3 and dtor 0x001DC6E4). Re-rowed under ?rva001DC5EC@GameWindowTransitionsHandler@@QAEXXZ in GameClient/GUI/GameWindowTransitionsHandlerWait.cpp over the same 74 bytes."
?rva001DC57C@Rva001DC57C@@QAEXPAV?$list@HV?$allocator@H@_STL@@@_STL@@@Z,0x001DC57C,"Class reconciliation: the receiver is TheTransitionHandler (0x00DFDC14), a GameWindowTransitionsHandler (critical section at +0x38, groups at +0x24..+0x30 as in its ctor 0x001DCBC3 and dtor 0x001DC6E4). Re-rowed under ?rva001DC57C@GameWindowTransitionsHandler@@QAEXPAV?$list@HV?$allocator@H@_STL@@@_STL@@@Z in GameClient/GUI/GameWindowTransitionsHandlerCollect.cpp over the same 112 bytes."
??1Rva00546B29@@UAE@XZ,0x00546B29,"GroupOrder family reconciliation: the retail factory 0x00354EFC xfers a NameKeyType through 0x00149101 and news one of six classes keyed by the class-name caches at 0x00DD1FC8..0x00DD211C (strings SynchronizeGroupOrder, ChangeStanceGroupOrder, GarrisonObjectGroupOrder, AttackObjectGroupOrder, MoveToGroupOrder, MoveToFormationGroupOrder; ctors 0x00546982, 0x00546AEF, 0x00546C57, 0x00546F03, 0x005479C3, 0x00547FF2). Their shared base (ctor 0x005488C5, only those callers) is not SpecialPowerModuleData (that base is 0x004930A0). Re-rowed under ??1ChangeStanceGroupOrder@@UAE@XZ in GameLogic/AI/GroupOrderDerivedDtors.cpp over the same 11 bytes."
??1Rva00546CAD@@UAE@XZ,0x00546CAD,"GroupOrder family reconciliation: the retail factory 0x00354EFC xfers a NameKeyType through 0x00149101 and news one of six classes keyed by the class-name caches at 0x00DD1FC8..0x00DD211C (strings SynchronizeGroupOrder, ChangeStanceGroupOrder, GarrisonObjectGroupOrder, AttackObjectGroupOrder, MoveToGroupOrder, MoveToFormationGroupOrder; ctors 0x00546982, 0x00546AEF, 0x00546C57, 0x00546F03, 0x005479C3, 0x00547FF2). Their shared base (ctor 0x005488C5, only those callers) is not SpecialPowerModuleData (that base is 0x004930A0). Re-rowed under ??1GarrisonObjectGroupOrder@@UAE@XZ in GameLogic/AI/GroupOrderDerivedDtors.cpp over the same 11 bytes."
??1Rva00546F61@@UAE@XZ,0x00546F61,"GroupOrder family reconciliation: the retail factory 0x00354EFC xfers a NameKeyType through 0x00149101 and news one of six classes keyed by the class-name caches at 0x00DD1FC8..0x00DD211C (strings SynchronizeGroupOrder, ChangeStanceGroupOrder, GarrisonObjectGroupOrder, AttackObjectGroupOrder, MoveToGroupOrder, MoveToFormationGroupOrder; ctors 0x00546982, 0x00546AEF, 0x00546C57, 0x00546F03, 0x005479C3, 0x00547FF2). Their shared base (ctor 0x005488C5, only those callers) is not SpecialPowerModuleData (that base is 0x004930A0). Re-rowed under ??1AttackObjectGroupOrder@@UAE@XZ in GameLogic/AI/GroupOrderDerivedDtors.cpp over the same 11 bytes."
??_GRva00546B29@@UAEPAXI@Z,0x00546B75,"GroupOrder family reconciliation: the retail factory 0x00354EFC xfers a NameKeyType through 0x00149101 and news one of six classes keyed by the class-name caches at 0x00DD1FC8..0x00DD211C (strings SynchronizeGroupOrder, ChangeStanceGroupOrder, GarrisonObjectGroupOrder, AttackObjectGroupOrder, MoveToGroupOrder, MoveToFormationGroupOrder; ctors 0x00546982, 0x00546AEF, 0x00546C57, 0x00546F03, 0x005479C3, 0x00547FF2). Their shared base (ctor 0x005488C5, only those callers) is not SpecialPowerModuleData (that base is 0x004930A0). Re-rowed under ??_GChangeStanceGroupOrder@@UAEPAXI@Z in GameLogic/AI/GroupOrderDerivedDtors.cpp over the same 28 bytes."
??_GRva00546CAD@@UAEPAXI@Z,0x00546CF9,"GroupOrder family reconciliation: the retail factory 0x00354EFC xfers a NameKeyType through 0x00149101 and news one of six classes keyed by the class-name caches at 0x00DD1FC8..0x00DD211C (strings SynchronizeGroupOrder, ChangeStanceGroupOrder, GarrisonObjectGroupOrder, AttackObjectGroupOrder, MoveToGroupOrder, MoveToFormationGroupOrder; ctors 0x00546982, 0x00546AEF, 0x00546C57, 0x00546F03, 0x005479C3, 0x00547FF2). Their shared base (ctor 0x005488C5, only those callers) is not SpecialPowerModuleData (that base is 0x004930A0). Re-rowed under ??_GGarrisonObjectGroupOrder@@UAEPAXI@Z in GameLogic/AI/GroupOrderDerivedDtors.cpp over the same 28 bytes."
??_GRva00546F61@@UAEPAXI@Z,0x00546FAD,"GroupOrder family reconciliation: the retail factory 0x00354EFC xfers a NameKeyType through 0x00149101 and news one of six classes keyed by the class-name caches at 0x00DD1FC8..0x00DD211C (strings SynchronizeGroupOrder, ChangeStanceGroupOrder, GarrisonObjectGroupOrder, AttackObjectGroupOrder, MoveToGroupOrder, MoveToFormationGroupOrder; ctors 0x00546982, 0x00546AEF, 0x00546C57, 0x00546F03, 0x005479C3, 0x00547FF2). Their shared base (ctor 0x005488C5, only those callers) is not SpecialPowerModuleData (that base is 0x004930A0). Re-rowed under ??_GAttackObjectGroupOrder@@UAEPAXI@Z in GameLogic/AI/GroupOrderDerivedDtors.cpp over the same 28 bytes."
??0FireWeaponPowerModuleData@@QAE@XZ,0x00546AEF,"GroupOrder family reconciliation: the retail factory 0x00354EFC xfers a NameKeyType through 0x00149101 and news one of six classes keyed by the class-name caches at 0x00DD1FC8..0x00DD211C (strings SynchronizeGroupOrder, ChangeStanceGroupOrder, GarrisonObjectGroupOrder, AttackObjectGroupOrder, MoveToGroupOrder, MoveToFormationGroupOrder; ctors 0x00546982, 0x00546AEF, 0x00546C57, 0x00546F03, 0x005479C3, 0x00547FF2). Their shared base (ctor 0x005488C5, only those callers) is not SpecialPowerModuleData (that base is 0x004930A0). Re-rowed under ??0ChangeStanceGroupOrder@@QAE@XZ in GameLogic/AI/ChangeStanceGroupOrderCtor.cpp over the same 25 bytes."
??0FireWeaponPowerModuleData@@QAE@ABV0@@Z,0x00546B08,"GroupOrder family reconciliation: the retail factory 0x00354EFC xfers a NameKeyType through 0x00149101 and news one of six classes keyed by the class-name caches at 0x00DD1FC8..0x00DD211C (strings SynchronizeGroupOrder, ChangeStanceGroupOrder, GarrisonObjectGroupOrder, AttackObjectGroupOrder, MoveToGroupOrder, MoveToFormationGroupOrder; ctors 0x00546982, 0x00546AEF, 0x00546C57, 0x00546F03, 0x005479C3, 0x00547FF2). Their shared base (ctor 0x005488C5, only those callers) is not SpecialPowerModuleData (that base is 0x004930A0). Re-rowed under ??0ChangeStanceGroupOrder@@QAE@ABV0@@Z in GameLogic/AI/ChangeStanceGroupOrderCtor.cpp over the same 33 bytes."
??0SpecialPowerModuleData@@QAE@XZ,0x005488C5,"GroupOrder family reconciliation: the retail factory 0x00354EFC xfers a NameKeyType through 0x00149101 and news one of six classes keyed by the class-name caches at 0x00DD1FC8..0x00DD211C (strings SynchronizeGroupOrder, ChangeStanceGroupOrder, GarrisonObjectGroupOrder, AttackObjectGroupOrder, MoveToGroupOrder, MoveToFormationGroupOrder; ctors 0x00546982, 0x00546AEF, 0x00546C57, 0x00546F03, 0x005479C3, 0x00547FF2). Their shared base (ctor 0x005488C5, only those callers) is not SpecialPowerModuleData (that base is 0x004930A0). Re-rowed under ??0GroupOrder@@QAE@XZ in GameLogic/AI/GroupOrderCtor.cpp over the same 36 bytes."
??0SpecialPowerModuleData@@QAE@ABV0@@Z,0x005488E9,"GroupOrder family reconciliation: the retail factory 0x00354EFC xfers a NameKeyType through 0x00149101 and news one of six classes keyed by the class-name caches at 0x00DD1FC8..0x00DD211C (strings SynchronizeGroupOrder, ChangeStanceGroupOrder, GarrisonObjectGroupOrder, AttackObjectGroupOrder, MoveToGroupOrder, MoveToFormationGroupOrder; ctors 0x00546982, 0x00546AEF, 0x00546C57, 0x00546F03, 0x005479C3, 0x00547FF2). Their shared base (ctor 0x005488C5, only those callers) is not SpecialPowerModuleData (that base is 0x004930A0). Re-rowed under ??0GroupOrder@@QAE@ABV0@@Z in GameLogic/AI/GroupOrderCopyCtor.cpp over the same 95 bytes."
??1SpecialPowerModuleData@@UAE@XZ,0x00548948,"GroupOrder family reconciliation: the retail factory 0x00354EFC xfers a NameKeyType through 0x00149101 and news one of six classes keyed by the class-name caches at 0x00DD1FC8..0x00DD211C (strings SynchronizeGroupOrder, ChangeStanceGroupOrder, GarrisonObjectGroupOrder, AttackObjectGroupOrder, MoveToGroupOrder, MoveToFormationGroupOrder; ctors 0x00546982, 0x00546AEF, 0x00546C57, 0x00546F03, 0x005479C3, 0x00547FF2). Their shared base (ctor 0x005488C5, only those callers) is not SpecialPowerModuleData (that base is 0x004930A0). Re-rowed under ??1GroupOrder@@UAE@XZ in GameLogic/AI/GroupOrderDtor.cpp over the same 60 bytes."
??_GSpecialPowerModuleData@@UAEPAXI@Z,0x00548A09,"GroupOrder family reconciliation: the retail factory 0x00354EFC xfers a NameKeyType through 0x00149101 and news one of six classes keyed by the class-name caches at 0x00DD1FC8..0x00DD211C (strings SynchronizeGroupOrder, ChangeStanceGroupOrder, GarrisonObjectGroupOrder, AttackObjectGroupOrder, MoveToGroupOrder, MoveToFormationGroupOrder; ctors 0x00546982, 0x00546AEF, 0x00546C57, 0x00546F03, 0x005479C3, 0x00547FF2). Their shared base (ctor 0x005488C5, only those callers) is not SpecialPowerModuleData (that base is 0x004930A0). Re-rowed under ??_GGroupOrder@@UAEPAXI@Z in GameLogic/AI/GroupOrderDtor.cpp over the same 28 bytes."
?Rva00547070@Rva00546F61@@UAEPAUCoord3D@@H@Z,0x00547070,"GroupOrder family reconciliation: the retail factory 0x00354EFC xfers a NameKeyType through 0x00149101 and news one of six classes keyed by the class-name caches at 0x00DD1FC8..0x00DD211C (strings SynchronizeGroupOrder, ChangeStanceGroupOrder, GarrisonObjectGroupOrder, AttackObjectGroupOrder, MoveToGroupOrder, MoveToFormationGroupOrder; ctors 0x00546982, 0x00546AEF, 0x00546C57, 0x00546F03, 0x005479C3, 0x00547FF2). Their shared base (ctor 0x005488C5, only those callers) is not SpecialPowerModuleData (that base is 0x004930A0). Re-rowed under ?Rva00547070@AttackObjectGroupOrder@@UAEPAUCoord3D@@H@Z in GameLogic/AI/AttackObjectGroupOrderSlots.cpp over the same 41 bytes."
?Rva0054703E@Rva00546F61@@UAE_NH@Z,0x0054703E,"GroupOrder family reconciliation: the retail factory 0x00354EFC xfers a NameKeyType through 0x00149101 and news one of six classes keyed by the class-name caches at 0x00DD1FC8..0x00DD211C (strings SynchronizeGroupOrder, ChangeStanceGroupOrder, GarrisonObjectGroupOrder, AttackObjectGroupOrder, MoveToGroupOrder, MoveToFormationGroupOrder; ctors 0x00546982, 0x00546AEF, 0x00546C57, 0x00546F03, 0x005479C3, 0x00547FF2). Their shared base (ctor 0x005488C5, only those callers) is not SpecialPowerModuleData (that base is 0x004930A0). Re-rowed under ?Rva0054703E@AttackObjectGroupOrder@@UAE_NH@Z in GameLogic/AI/AttackObjectGroupOrderSlots.cpp over the same 50 bytes."
??0SpecialPowerModuleData@@QAE@PAVRva0036E346@@@Z,0x00548A25,"GroupOrder family reconciliation: the retail factory 0x00354EFC xfers a NameKeyType through 0x00149101 and news one of six classes keyed by the class-name caches at 0x00DD1FC8..0x00DD211C (strings SynchronizeGroupOrder, ChangeStanceGroupOrder, GarrisonObjectGroupOrder, AttackObjectGroupOrder, MoveToGroupOrder, MoveToFormationGroupOrder; ctors 0x00546982, 0x00546AEF, 0x00546C57, 0x00546F03, 0x005479C3, 0x00547FF2). Their shared base (ctor 0x005488C5, only those callers) is not SpecialPowerModuleData (that base is 0x004930A0). Re-rowed under ??0GroupOrder@@QAE@PAVRva0036E346@@@Z in GameLogic/AI/GroupOrderHolderCtor.cpp over the same 157 bytes."
?rva00547099@Rva00546F61@@UAE_NPAHPAX@Z,0x00547099,"GroupOrder family reconciliation: the retail factory 0x00354EFC xfers a NameKeyType through 0x00149101 and news one of six classes keyed by the class-name caches at 0x00DD1FC8..0x00DD211C (strings SynchronizeGroupOrder, ChangeStanceGroupOrder, GarrisonObjectGroupOrder, AttackObjectGroupOrder, MoveToGroupOrder, MoveToFormationGroupOrder; ctors 0x00546982, 0x00546AEF, 0x00546C57, 0x00546F03, 0x005479C3, 0x00547FF2). Their shared base (ctor 0x005488C5, only those callers) is not SpecialPowerModuleData (that base is 0x004930A0). Re-rowed under ?rva00547099@AttackObjectGroupOrder@@UAE_NPAHPAX@Z in GameLogic/AI/AttackObjectGroupOrderSlots.cpp over the same 95 bytes."
?xfer@SpecialPowerModuleData@@UAEXPAVXfer@@@Z,0x00548AC2,"GroupOrder family reconciliation: the retail factory 0x00354EFC xfers a NameKeyType through 0x00149101 and news one of six classes keyed by the class-name caches at 0x00DD1FC8..0x00DD211C (strings SynchronizeGroupOrder, ChangeStanceGroupOrder, GarrisonObjectGroupOrder, AttackObjectGroupOrder, MoveToGroupOrder, MoveToFormationGroupOrder; ctors 0x00546982, 0x00546AEF, 0x00546C57, 0x00546F03, 0x005479C3, 0x00547FF2). Their shared base (ctor 0x005488C5, only those callers) is not SpecialPowerModuleData (that base is 0x004930A0). Re-rowed under ?xfer@GroupOrder@@UAEXPAVXfer@@@Z in GameLogic/AI/GroupOrderXfer.cpp over the same 70 bytes."
?xfer@FireWeaponPowerModuleData@@UAEXPAVXfer@@@Z,0x00546B91,"GroupOrder family reconciliation: the retail factory 0x00354EFC xfers a NameKeyType through 0x00149101 and news one of six classes keyed by the class-name caches at 0x00DD1FC8..0x00DD211C (strings SynchronizeGroupOrder, ChangeStanceGroupOrder, GarrisonObjectGroupOrder, AttackObjectGroupOrder, MoveToGroupOrder, MoveToFormationGroupOrder; ctors 0x00546982, 0x00546AEF, 0x00546C57, 0x00546F03, 0x005479C3, 0x00547FF2). Their shared base (ctor 0x005488C5, only those callers) is not SpecialPowerModuleData (that base is 0x004930A0). Re-rowed under ?xfer@ChangeStanceGroupOrder@@UAEXPAVXfer@@@Z in GameLogic/AI/ChangeStanceGroupOrderXfer.cpp over the same 54 bytes."
?xfer@Rva00546CAD@@UAEXPAVXfer@@@Z,0x00546D15,"GroupOrder family reconciliation: the retail factory 0x00354EFC xfers a NameKeyType through 0x00149101 and news one of six classes keyed by the class-name caches at 0x00DD1FC8..0x00DD211C (strings SynchronizeGroupOrder, ChangeStanceGroupOrder, GarrisonObjectGroupOrder, AttackObjectGroupOrder, MoveToGroupOrder, MoveToFormationGroupOrder; ctors 0x00546982, 0x00546AEF, 0x00546C57, 0x00546F03, 0x005479C3, 0x00547FF2). Their shared base (ctor 0x005488C5, only those callers) is not SpecialPowerModuleData (that base is 0x004930A0). Re-rowed under ?xfer@GarrisonObjectGroupOrder@@UAEXPAVXfer@@@Z in GameLogic/AI/GarrisonObjectGroupOrderXfer.cpp over the same 65 bytes."
?xfer@Rva00546F61@@UAEXPAVXfer@@@Z,0x00546FC9,"GroupOrder family reconciliation: the retail factory 0x00354EFC xfers a NameKeyType through 0x00149101 and news one of six classes keyed by the class-name caches at 0x00DD1FC8..0x00DD211C (strings SynchronizeGroupOrder, ChangeStanceGroupOrder, GarrisonObjectGroupOrder, AttackObjectGroupOrder, MoveToGroupOrder, MoveToFormationGroupOrder; ctors 0x00546982, 0x00546AEF, 0x00546C57, 0x00546F03, 0x005479C3, 0x00547FF2). Their shared base (ctor 0x005488C5, only those callers) is not SpecialPowerModuleData (that base is 0x004930A0). Re-rowed under ?xfer@AttackObjectGroupOrder@@UAEXPAVXfer@@@Z in GameLogic/AI/AttackObjectGroupOrderXfer.cpp over the same 79 bytes."
??0Rva00546CAD@@QAE@XZ,0x00546C57,"GroupOrder family reconciliation: the retail factory 0x00354EFC xfers a NameKeyType through 0x00149101 and news one of six classes keyed by the class-name caches at 0x00DD1FC8..0x00DD211C (strings SynchronizeGroupOrder, ChangeStanceGroupOrder, GarrisonObjectGroupOrder, AttackObjectGroupOrder, MoveToGroupOrder, MoveToFormationGroupOrder; ctors 0x00546982, 0x00546AEF, 0x00546C57, 0x00546F03, 0x005479C3, 0x00547FF2). Their shared base (ctor 0x005488C5, only those callers) is not SpecialPowerModuleData (that base is 0x004930A0). Re-rowed under ??0GarrisonObjectGroupOrder@@QAE@XZ in GameLogic/AI/GarrisonObjectGroupOrderCtor.cpp over the same 40 bytes."
??0Rva00546F61@@QAE@XZ,0x00546F03,"GroupOrder family reconciliation: the retail factory 0x00354EFC xfers a NameKeyType through 0x00149101 and news one of six classes keyed by the class-name caches at 0x00DD1FC8..0x00DD211C (strings SynchronizeGroupOrder, ChangeStanceGroupOrder, GarrisonObjectGroupOrder, AttackObjectGroupOrder, MoveToGroupOrder, MoveToFormationGroupOrder; ctors 0x00546982, 0x00546AEF, 0x00546C57, 0x00546F03, 0x005479C3, 0x00547FF2). Their shared base (ctor 0x005488C5, only those callers) is not SpecialPowerModuleData (that base is 0x004930A0). Re-rowed under ??0AttackObjectGroupOrder@@QAE@XZ in GameLogic/AI/AttackObjectGroupOrderCtor.cpp over the same 44 bytes."
??0Rva00546C26@@QAE@PAVRva0036E346@@H@Z,0x00546C26,"GroupOrder family reconciliation: the retail factory 0x00354EFC xfers a NameKeyType through 0x00149101 and news one of six classes keyed by the class-name caches at 0x00DD1FC8..0x00DD211C (strings SynchronizeGroupOrder, ChangeStanceGroupOrder, GarrisonObjectGroupOrder, AttackObjectGroupOrder, MoveToGroupOrder, MoveToFormationGroupOrder; ctors 0x00546982, 0x00546AEF, 0x00546C57, 0x00546F03, 0x005479C3, 0x00547FF2). Their shared base (ctor 0x005488C5, only those callers) is not SpecialPowerModuleData (that base is 0x004930A0). Re-rowed under ??0GarrisonObjectGroupOrder@@QAE@PAVRva0036E346@@H@Z in GameLogic/AI/GarrisonObjectGroupOrderHolderCtor.cpp over the same 49 bytes."
??0Rva00546F61@@QAE@PAVRva0036E346@@H@Z,0x00546ECE,"GroupOrder family reconciliation: the retail factory 0x00354EFC xfers a NameKeyType through 0x00149101 and news one of six classes keyed by the class-name caches at 0x00DD1FC8..0x00DD211C (strings SynchronizeGroupOrder, ChangeStanceGroupOrder, GarrisonObjectGroupOrder, AttackObjectGroupOrder, MoveToGroupOrder, MoveToFormationGroupOrder; ctors 0x00546982, 0x00546AEF, 0x00546C57, 0x00546F03, 0x005479C3, 0x00547FF2). Their shared base (ctor 0x005488C5, only those callers) is not SpecialPowerModuleData (that base is 0x004930A0). Re-rowed under ??0AttackObjectGroupOrder@@QAE@PAVRva0036E346@@H@Z in GameLogic/AI/AttackObjectGroupOrderCtor.cpp over the same 53 bytes."
??0Rva00546982@@QAE@XZ,0x00546982,"GroupOrder family reconciliation: the retail factory 0x00354EFC xfers a NameKeyType through 0x00149101 and news one of six classes keyed by the class-name caches at 0x00DD1FC8..0x00DD211C (strings SynchronizeGroupOrder, ChangeStanceGroupOrder, GarrisonObjectGroupOrder, AttackObjectGroupOrder, MoveToGroupOrder, MoveToFormationGroupOrder; ctors 0x00546982, 0x00546AEF, 0x00546C57, 0x00546F03, 0x005479C3, 0x00547FF2). Their shared base (ctor 0x005488C5, only those callers) is not SpecialPowerModuleData (that base is 0x004930A0). Re-rowed under ??0SynchronizeGroupOrder@@QAE@XZ in GameLogic/AI/SynchronizeGroupOrderCtor.cpp over the same 59 bytes."
??0Rva00546982@@QAE@ABV0@@Z,0x005469BD,"GroupOrder family reconciliation: the retail factory 0x00354EFC xfers a NameKeyType through 0x00149101 and news one of six classes keyed by the class-name caches at 0x00DD1FC8..0x00DD211C (strings SynchronizeGroupOrder, ChangeStanceGroupOrder, GarrisonObjectGroupOrder, AttackObjectGroupOrder, MoveToGroupOrder, MoveToFormationGroupOrder; ctors 0x00546982, 0x00546AEF, 0x00546C57, 0x00546F03, 0x005479C3, 0x00547FF2). Their shared base (ctor 0x005488C5, only those callers) is not SpecialPowerModuleData (that base is 0x004930A0). Re-rowed under ??0SynchronizeGroupOrder@@QAE@ABV0@@Z in GameLogic/AI/SynchronizeGroupOrderCtor.cpp over the same 64 bytes."
?rva005469FD@Rva00546982@@QAEPAV1@XZ,0x005469FD,"GroupOrder family reconciliation: the retail factory 0x00354EFC xfers a NameKeyType through 0x00149101 and news one of six classes keyed by the class-name caches at 0x00DD1FC8..0x00DD211C (strings SynchronizeGroupOrder, ChangeStanceGroupOrder, GarrisonObjectGroupOrder, AttackObjectGroupOrder, MoveToGroupOrder, MoveToFormationGroupOrder; ctors 0x00546982, 0x00546AEF, 0x00546C57, 0x00546F03, 0x005479C3, 0x00547FF2). Their shared base (ctor 0x005488C5, only those callers) is not SpecialPowerModuleData (that base is 0x004930A0). Re-rowed under ?rva005469FD@SynchronizeGroupOrder@@QAEPAV1@XZ in GameLogic/AI/SynchronizeGroupOrderCtor.cpp over the same 55 bytes."
??0FireWeaponPowerModuleData@@QAE@PAVRva0036E346@@H@Z,0x00546AD0,"GroupOrder family reconciliation: the retail factory 0x00354EFC xfers a NameKeyType through 0x00149101 and news one of six classes keyed by the class-name caches at 0x00DD1FC8..0x00DD211C (strings SynchronizeGroupOrder, ChangeStanceGroupOrder, GarrisonObjectGroupOrder, AttackObjectGroupOrder, MoveToGroupOrder, MoveToFormationGroupOrder; ctors 0x00546982, 0x00546AEF, 0x00546C57, 0x00546F03, 0x005479C3, 0x00547FF2). Their shared base (ctor 0x005488C5, only those callers) is not SpecialPowerModuleData (that base is 0x004930A0). Re-rowed under ??0ChangeStanceGroupOrder@@QAE@PAVRva0036E346@@H@Z in GameLogic/AI/ChangeStanceGroupOrderHolderCtor.cpp over the same 31 bytes."
?rva00546DD4@Rva00546CAD@@QAEXW4ObjectID@@@Z,0x00546DD4,"GroupOrder family reconciliation: the retail factory 0x00354EFC xfers a NameKeyType through 0x00149101 and news one of six classes keyed by the class-name caches at 0x00DD1FC8..0x00DD211C (strings SynchronizeGroupOrder, ChangeStanceGroupOrder, GarrisonObjectGroupOrder, AttackObjectGroupOrder, MoveToGroupOrder, MoveToFormationGroupOrder; ctors 0x00546982, 0x00546AEF, 0x00546C57, 0x00546F03, 0x005479C3, 0x00547FF2). Their shared base (ctor 0x005488C5, only those callers) is not SpecialPowerModuleData (that base is 0x004930A0). Re-rowed under ?rva00546DD4@GarrisonObjectGroupOrder@@QAEXW4ObjectID@@@Z in GameLogic/AI/GarrisonObjectGroupOrderRva00546DD4.cpp over the same 90 bytes."
??0Rva00546CAD@@QAE@ABV0@@Z,0x00546C7F,"GroupOrder family reconciliation: the retail factory 0x00354EFC xfers a NameKeyType through 0x00149101 and news one of six classes keyed by the class-name caches at 0x00DD1FC8..0x00DD211C (strings SynchronizeGroupOrder, ChangeStanceGroupOrder, GarrisonObjectGroupOrder, AttackObjectGroupOrder, MoveToGroupOrder, MoveToFormationGroupOrder; ctors 0x00546982, 0x00546AEF, 0x00546C57, 0x00546F03, 0x005479C3, 0x00547FF2). Their shared base (ctor 0x005488C5, only those callers) is not SpecialPowerModuleData (that base is 0x004930A0). Re-rowed under ??0GarrisonObjectGroupOrder@@QAE@ABV0@@Z in GameLogic/AI/GarrisonObjectGroupOrderCtor.cpp over the same 46 bytes."
??0Rva00546F61@@QAE@ABV0@@Z,0x00546F2F,"GroupOrder family reconciliation: the retail factory 0x00354EFC xfers a NameKeyType through 0x00149101 and news one of six classes keyed by the class-name caches at 0x00DD1FC8..0x00DD211C (strings SynchronizeGroupOrder, ChangeStanceGroupOrder, GarrisonObjectGroupOrder, AttackObjectGroupOrder, MoveToGroupOrder, MoveToFormationGroupOrder; ctors 0x00546982, 0x00546AEF, 0x00546C57, 0x00546F03, 0x005479C3, 0x00547FF2). Their shared base (ctor 0x005488C5, only those callers) is not SpecialPowerModuleData (that base is 0x004930A0). Re-rowed under ??0AttackObjectGroupOrder@@QAE@ABV0@@Z in GameLogic/AI/AttackObjectGroupOrderCtor.cpp over the same 50 bytes."
??1Rva00546982@@UAE@XZ,0x005468E1,"GroupOrder family reconciliation: the retail factory 0x00354EFC xfers a NameKeyType through 0x00149101 and news one of six classes keyed by the class-name caches at 0x00DD1FC8..0x00DD211C (strings SynchronizeGroupOrder, ChangeStanceGroupOrder, GarrisonObjectGroupOrder, AttackObjectGroupOrder, MoveToGroupOrder, MoveToFormationGroupOrder; ctors 0x00546982, 0x00546AEF, 0x00546C57, 0x00546F03, 0x005479C3, 0x00547FF2). Their shared base (ctor 0x005488C5, only those callers) is not SpecialPowerModuleData (that base is 0x004930A0). Re-rowed under ??1SynchronizeGroupOrder@@UAE@XZ in GameLogic/AI/SynchronizeGroupOrderDtor.cpp over the same 59 bytes."
??_GRva00546982@@UAEPAXI@Z,0x00546966,"GroupOrder family reconciliation: the retail factory 0x00354EFC xfers a NameKeyType through 0x00149101 and news one of six classes keyed by the class-name caches at 0x00DD1FC8..0x00DD211C (strings SynchronizeGroupOrder, ChangeStanceGroupOrder, GarrisonObjectGroupOrder, AttackObjectGroupOrder, MoveToGroupOrder, MoveToFormationGroupOrder; ctors 0x00546982, 0x00546AEF, 0x00546C57, 0x00546F03, 0x005479C3, 0x00547FF2). Their shared base (ctor 0x005488C5, only those callers) is not SpecialPowerModuleData (that base is 0x004930A0). Re-rowed under ??_GSynchronizeGroupOrder@@UAEPAXI@Z in GameLogic/AI/SynchronizeGroupOrderDtor.cpp over the same 28 bytes."
?xfer@Rva00546982@@UAEXPAVXfer@@@Z,0x00546A34,"GroupOrder family reconciliation: the retail factory 0x00354EFC xfers a NameKeyType through 0x00149101 and news one of six classes keyed by the class-name caches at 0x00DD1FC8..0x00DD211C (strings SynchronizeGroupOrder, ChangeStanceGroupOrder, GarrisonObjectGroupOrder, AttackObjectGroupOrder, MoveToGroupOrder, MoveToFormationGroupOrder; ctors 0x00546982, 0x00546AEF, 0x00546C57, 0x00546F03, 0x005479C3, 0x00547FF2). Their shared base (ctor 0x005488C5, only those callers) is not SpecialPowerModuleData (that base is 0x004930A0). Re-rowed under ?xfer@SynchronizeGroupOrder@@UAEXPAVXfer@@@Z in GameLogic/AI/SynchronizeGroupOrderXfer.cpp over the same 68 bytes."
?rva00546A78@Rva00546982@@UAEXH@Z,0x00546A78,"GroupOrder family reconciliation: the retail factory 0x00354EFC xfers a NameKeyType through 0x00149101 and news one of six classes keyed by the class-name caches at 0x00DD1FC8..0x00DD211C (strings SynchronizeGroupOrder, ChangeStanceGroupOrder, GarrisonObjectGroupOrder, AttackObjectGroupOrder, MoveToGroupOrder, MoveToFormationGroupOrder; ctors 0x00546982, 0x00546AEF, 0x00546C57, 0x00546F03, 0x005479C3, 0x00547FF2). Their shared base (ctor 0x005488C5, only those callers) is not SpecialPowerModuleData (that base is 0x004930A0). Re-rowed under ?rva00546A78@SynchronizeGroupOrder@@UAEXH@Z in GameLogic/AI/SynchronizeGroupOrderSlot4.cpp over the same 72 bytes."
?rva004BCEDC@Rva004BCEDC@@QAEHXZ,0x004BCEDC,"Re-rowed as ?getLevelsToGain@VeterancyCrateCollide@@ABEHXZ in GameLogic/Object/Collide/CrateCollide/VeterancyCrateCollide.cpp over the same 20 bytes: it reads VeterancyCrateCollideModuleData +0x60 (AddsOwnerVeterancy) and its callers VeterancyCrateCollide::isValidToExecute 0x004BCEF0 and executeCrateBehavior 0x004BCFF0 keep edx live across the call, which cl 7.1 does only for a body compiled earlier in the same unit."
??0Rva004930A0@@QAE@XZ,0x004930A0,"Renamed to the real SpecialPowerModuleData base: ctor 0x004930A0 (359B) ends where the rowed ?buildFieldParse@SpecialPowerModuleData@@SAXAAVMultiIniFieldParse@@@Z at 0x00493207 starts, with the deleting dtor 0x00493333 and dtor 0x0049334F after it, and every SpecialPower module-data ctor (Defector, CashHack, OCL, Taint, CloudBreak...) calls it. Re-rowed under ??0SpecialPowerModuleData@@QAE@XZ over the same bytes. The former SpecialPowerModuleData rows at 0x005488C5.. are the GroupOrder base."
??1Rva004930A0@@UAE@XZ,0x0049334F,"Renamed to the real SpecialPowerModuleData base: ctor 0x004930A0 (359B) ends where the rowed ?buildFieldParse@SpecialPowerModuleData@@SAXAAVMultiIniFieldParse@@@Z at 0x00493207 starts, with the deleting dtor 0x00493333 and dtor 0x0049334F after it, and every SpecialPower module-data ctor (Defector, CashHack, OCL, Taint, CloudBreak...) calls it. Re-rowed under ??1SpecialPowerModuleData@@UAE@XZ over the same bytes. The former SpecialPowerModuleData rows at 0x005488C5.. are the GroupOrder base."
??_GRva004930A0@@UAEPAXI@Z,0x00493333,"Renamed to the real SpecialPowerModuleData base: ctor 0x004930A0 (359B) ends where the rowed ?buildFieldParse@SpecialPowerModuleData@@SAXAAVMultiIniFieldParse@@@Z at 0x00493207 starts, with the deleting dtor 0x00493333 and dtor 0x0049334F after it, and every SpecialPower module-data ctor (Defector, CashHack, OCL, Taint, CloudBreak...) calls it. Re-rowed under ??_GSpecialPowerModuleData@@UAEPAXI@Z over the same bytes. The former SpecialPowerModuleData rows at 0x005488C5.. are the GroupOrder base."
??1Rva0035CCCAModuleData@@UAE@XZ,0x0035CCCA,"CrateTemplate reconciliation: CrateSystem::newCrateTemplate 0x0035CF2C (its REL32 pinned by parseCrateTemplateDefinition) and newCrateTemplateOverride 0x0035CEA6 operator-new 0x44 bytes, construct them with 0x0035CC36 (vtable 0x00C16394, dtor 0x0035CCCA, deleting dtor 0x0035CF10) and copy a CrateTemplate in with 0x0035CE52; the member order (name +0x10, chance +0x14, veterancy +0x18, kindof mask +0x1C, science +0x38, crate list +0x3C, owned-by-maker +0x40) is Zero Hour's CrateTemplate. Re-rowed under ??1CrateTemplate@@MAE@XZ in GameLogic/System/CrateTemplateDtor.cpp over the same 89 bytes."
??_GRva0035CCCAModuleData@@UAEPAXI@Z,0x0035CF10,"CrateTemplate reconciliation: CrateSystem::newCrateTemplate 0x0035CF2C (its REL32 pinned by parseCrateTemplateDefinition) and newCrateTemplateOverride 0x0035CEA6 operator-new 0x44 bytes, construct them with 0x0035CC36 (vtable 0x00C16394, dtor 0x0035CCCA, deleting dtor 0x0035CF10) and copy a CrateTemplate in with 0x0035CE52; the member order (name +0x10, chance +0x14, veterancy +0x18, kindof mask +0x1C, science +0x38, crate list +0x3C, owned-by-maker +0x40) is Zero Hour's CrateTemplate. Re-rowed under ??_GCrateTemplate@@MAEPAXI@Z in GameLogic/System/CrateTemplateDtor.cpp over the same 28 bytes."
??4Rva0035CE52@@QAEAAV0@ABV0@@Z,0x0035CE52,"CrateTemplate reconciliation: CrateSystem::newCrateTemplate 0x0035CF2C (its REL32 pinned by parseCrateTemplateDefinition) and newCrateTemplateOverride 0x0035CEA6 operator-new 0x44 bytes, construct them with 0x0035CC36 (vtable 0x00C16394, dtor 0x0035CCCA, deleting dtor 0x0035CF10) and copy a CrateTemplate in with 0x0035CE52; the member order (name +0x10, chance +0x14, veterancy +0x18, kindof mask +0x1C, science +0x38, crate list +0x3C, owned-by-maker +0x40) is Zero Hour's CrateTemplate. Re-rowed under ??4CrateTemplate@@QAEAAV0@ABV0@@Z in GameLogic/System/CrateTemplateAssign.cpp over the same 84 bytes."
??0Rva0035CC36@@QAE@XZ,0x0035CC36,"CrateTemplate reconciliation: CrateSystem::newCrateTemplate 0x0035CF2C (its REL32 pinned by parseCrateTemplateDefinition) and newCrateTemplateOverride 0x0035CEA6 operator-new 0x44 bytes, construct them with 0x0035CC36 (vtable 0x00C16394, dtor 0x0035CCCA, deleting dtor 0x0035CF10) and copy a CrateTemplate in with 0x0035CE52; the member order (name +0x10, chance +0x14, veterancy +0x18, kindof mask +0x1C, science +0x38, crate list +0x3C, owned-by-maker +0x40) is Zero Hour's CrateTemplate. Re-rowed under ??0CrateTemplate@@QAE@XZ in GameLogic/System/CrateTemplateCtor.cpp over the same 148 bytes."
?Rva0035CEA6Create@@YGPAVRva0035CC36@@PAVRva0035CE52@@@Z,0x0035CEA6,"CrateTemplate reconciliation: CrateSystem::newCrateTemplate 0x0035CF2C (its REL32 pinned by parseCrateTemplateDefinition) and newCrateTemplateOverride 0x0035CEA6 operator-new 0x44 bytes, construct them with 0x0035CC36 (vtable 0x00C16394, dtor 0x0035CCCA, deleting dtor 0x0035CF10) and copy a CrateTemplate in with 0x0035CE52; the member order (name +0x10, chance +0x14, veterancy +0x18, kindof mask +0x1C, science +0x38, crate list +0x3C, owned-by-maker +0x40) is Zero Hour's CrateTemplate. Re-rowed under ?newCrateTemplateOverride@CrateSystem@@QAEPAVCrateTemplate@@PAV2@@Z in GameLogic/System/CrateSystemNewCrateTemplate.cpp over the same 106 bytes."
??0Rva0035CAD6@@QAE@XZ,0x0035CAD6,"CrateSystem reconciliation: the class with vtable 0x00C1635C (ctor 0x0035CAD6, sole caller 0x0022F5FD) keeps at +0x0C the template vector that CrateSystem::newCrateTemplate 0x0035CF2C appends to and friend_findCrateTemplate 0x0035CA2F searches; its slot 9 0x0035C9CF is Zero Hour's CrateSystem::reset (deleteOverrides then erase) and its dtor 0x0035CB07 deletes every template. The base it was given (BFME2NativeNetwork) is the SubsystemInterface ctor 0x001B4E63. Re-rowed under ??0CrateSystem@@QAE@XZ in GameLogic/System/CrateSystemLifetime.cpp over the same 49 bytes."
??_GRva0035CAD6@@UAEPAXI@Z,0x0035CBE2,"CrateSystem reconciliation: the class with vtable 0x00C1635C (ctor 0x0035CAD6, sole caller 0x0022F5FD) keeps at +0x0C the template vector that CrateSystem::newCrateTemplate 0x0035CF2C appends to and friend_findCrateTemplate 0x0035CA2F searches; its slot 9 0x0035C9CF is Zero Hour's CrateSystem::reset (deleteOverrides then erase) and its dtor 0x0035CB07 deletes every template. The base it was given (BFME2NativeNetwork) is the SubsystemInterface ctor 0x001B4E63. Re-rowed under ??_GCrateSystem@@UAEPAXI@Z in GameLogic/System/CrateSystemLifetime.cpp over the same 28 bytes."
?get@Rva0008BBDDZeroGetter@@QBEHXZ,0x0008BBDD,"Not a function: the three bytes (xor eax,eax / ret) are the false-path tail of the vtable 0x00BC7568 slot-122 body at 0x0008BBC7, whose two je jump to them; no vtable slot, call or pointer reaches 0x0008BBDD. The 25-byte body is claimed at 0x0008BBC7 instead."
??_G?$VectorClass@PAVRender2DClass@@@@UAEPAXI@Z,0x001A3B90,"Caught by DIR32 consistency: ??_7?$VectorClass@PAVRender2DClass@@@@6B@ resolved to 0x00BD6C24 here and 0x00BBB5AC in ??1PendingSurfaceStruct (0x0000290D), whose Renderers member is ZH's DynamicVectorClass<Render2DClass*> and which stores 0x00BBB5AC; that vtable's slots are VectorClass<int>'s (ICF folded the two pointer-sized instantiations). 0x00BD6C24 is the folded vtable of VectorClass<RendererDataStruct>/<SentenceDataStruct>, so the Render2DClass* name on this folded body is contradicted. The body stays matched under its RendererDataStruct/SentenceDataStruct rows."
?dup_001a3ab0@@YAXXZ,0x001A3AB0,"Caught by DIR32 consistency: ??_7?$VectorClass@PAVRender2DClass@@@@6B@ resolved to 0x00BD6C24 here and 0x00BBB5AC in ??1PendingSurfaceStruct (0x0000290D), whose Renderers member is ZH's DynamicVectorClass<Render2DClass*> and which stores 0x00BBB5AC; that vtable's slots are VectorClass<int>'s (ICF folded the two pointer-sized instantiations). 0x00BD6C24 is the folded vtable of VectorClass<RendererDataStruct>/<SentenceDataStruct>, so the Render2DClass* name on this folded body is contradicted. This alias (object-symbol ??1DynamicVectorClass<Render2DClass*>) stores 0x00BD6C24 too; retired until the body's real folded type is identified (45 B unclaimed)."
?get@Rva00262186CmpBoolField@@QBE_NXZ,0x00262186,"Interior true-branch block of the Ghidra 0x00262176/29-byte function; only entry is its internal short conditional jump. Retail has no external E8/E9 target, absolute VA 0x00662186 reference, export or separate Ghidra entry. Previous ret-delimited placement did not establish a body boundary. Retired before recovering the complete activity query."
?get@Rva00042FF5ZeroGetter@@QBEHXZ,0x00042FF5,"Three-byte false-return block inside Ghidra 0x00042FE4/20B; internal conditional branches from 0x00042FE9 and 0x00042FEF target it. No separate Ghidra entry, E8/E9 entry reference, absolute VA entry reference or export found. Ret-delimited getter placement did not establish an independent function; retired before the complete query."
?get@Rva0009FD8AZeroGetter@@QBEHXZ,0x0009FD8A,"Three-byte false-return block inside independently bounded callback 0x0009FD78/21B: table7C8C54 slot5 and24 rdata entry references; conditional branch9FD80 targets9FD8A. No separate Ghidra entry, E8/E9 or absolute VA entry references, export or pin. Ret-delimited getter was an interior fragment; retired before the complete body."
?forwardSentinel@@YAXXZ,0x006572B0,"Retail 0x006572B0 (20B) pushes ECX, stores -204 to a local and calls 0x00657050 without replacing ECX; 0x00657050 is the matched thiscall Rva007EA0A0Owner::notify (saves ECX to ESI, reads +0x250..+0x288, RET 4), and both arms of the callback 0x006611F0 move slot0's EAX into ECX before JMP 0x006572B0. The receiver is live, so the free-function claim and the stdcall ?helper@@YGXPAH@Z pin hid the ABI. Retired for the member Rva007EA0A0Owner::forwardSentinel, as BFME 1 corrected at 775a0370b7 (identity_evidence/007ea300-forwardSentinel-receiver.md)."
?get@Rva001E368BZeroGetter@@QBEHXZ,0x001E368B,"Interior false arm of Ghidra21B predicate001E3679: JL367E and JG3685 enter this tail. No Ghidra entry, direct E8/E9 or absolute VA entry refs. Prior deleted_rows fragment audit217 already rejected the same address under another name. Full predicate21 recovered separately from clean BF1 BoundedIndexPredicates1281192."
?get@Rva00215EE9ZeroGetter@@QBEHXZ,0x00215EE9,"Internal zero case of private-EAX switch00215ED1: JE215ED4 branches here. Predecessor45B StateName endsRET215ED0; complete mapper endsRET215EEB. No Ghidra start, direct E8/E9 or absolute VA entry refs; deleted_rows230 already rejected same fragment under another name. Whole BF1 Rva00581960Link1281192 reproduces complete27B mapper."
?get@Rva00176D69ZeroGetter@@QBEHXZ,0x00176D69,"Internal null arm of independently INT3-delimited12B getter176D60: JE176D64 reaches176D69; full body returns pointee word or0 and endsRET176D6B before INT3. No separate Ghidra entry, raw E8/E9 or absolute VA entry refs. Prior fragment audit deleted_rows206 already rejected same address. Clean BF1 SmallLeaves02@1281192/O1 reproduces full12B."
?get@Rva00658147ZeroGetter@@QBEHXZ,0x00658147,Internal null arm of the INT3-bounded 0x00658110/58 allocation/constructor wrapper: JE at0x0065811F reaches XOR-EAX/RET at0x00658147; no independent Ghidra start or E8/E9/JCC32/absolute-VA entry references. Same interior fragment was already retired under another synthetic name in the2026-09-23 audit.
?get@Rva001542C3ZeroGetter@@QBEHXZ,0x001542C3,Internal zero arm of INT3-bounded 0x001542A0/38 raw-word classifier: JB1542B5 and JA1542BB reach1542C3; no separateGhidra/E8/E9/JCC32/absoluteVA entry. Same fragment retired under another synthetic name in2026-09-23 audit.
?Rva001542BDGet@@YAHXZ,0x001542BD,Internal constant-one return arm of INT3-bounded 0x001542A0/38 classifier: JBE1542AF reaches1542BD while another range falls through; no separateGhidra/E8/E9/JCC32/absoluteVA entry. Source comment already identifies a branch target; fullbody includes both returns.
?get@Rva00021736ZeroGetter@@QBEHXZ,0x00021736,"Interior XOR-EAX/RET arm, not an established function entry. Prior2026-09-23 fragment retirement independently rechecked: JL@0x000216A5->0x00021736; JG@0x000216AE->0x00021736; JE@0x000216D9->0x00021736 No independent E8/E9 or absolute-VA entry references. Retire synthetic getter claim; original parent identity remains unresolved."
?get@Rva000310EBZeroGetter@@QBEHXZ,0x000310EB,"Interior XOR-EAX/RET arm, not an established function entry. Prior2026-09-23 fragment retirement independently rechecked: JNE@0x000310A1->0x000310EB; JE@0x000310DF->0x000310EB No independent E8/E9 or absolute-VA entry references. Retire synthetic getter claim; original parent identity remains unresolved."
?get@Rva00050D50ZeroGetter@@QBEHXZ,0x00050D50,"Interior XOR-EAX/RET arm, not an established function entry. Prior2026-09-23 fragment retirement independently rechecked: JE@0x00050D4A->0x00050D50 No independent E8/E9 or absolute-VA entry references. Retire synthetic getter claim; original parent identity remains unresolved."
?get@Rva00050D5DZeroGetter@@QBEHXZ,0x00050D5D,"Interior XOR-EAX/RET arm, not an established function entry. Prior2026-09-23 fragment retirement independently rechecked: JE@0x00050D57->0x00050D5D No independent E8/E9 or absolute-VA entry references. Retire synthetic getter claim; original parent identity remains unresolved."
?get@Rva00050DEDZeroGetter@@QBEHXZ,0x00050DED,"Interior XOR-EAX/RET arm, not an established function entry. Prior2026-09-23 fragment retirement independently rechecked: JE@0x00050DE7->0x00050DED No independent E8/E9 or absolute-VA entry references. Retire synthetic getter claim; original parent identity remains unresolved."
?get@Rva00075692ZeroGetter@@QBEHXZ,0x00075692,"Interior XOR-EAX/RET arm, not an established function entry. Prior2026-09-23 fragment retirement independently rechecked: JE@0x00075686->0x00075692 complete Ghidra parent0x00075655/64 contains JE@0x00075686 No independent E8/E9 or absolute-VA entry references. Retire synthetic getter claim; original parent identity remains unresolved."
?get@Rva0007B716ZeroGetter@@QBEHXZ,0x0007B716,"Interior XOR-EAX/RET arm, not an established function entry. Prior2026-09-23 fragment retirement independently rechecked: JBE@0x0007B710->0x0007B716 No independent E8/E9 or absolute-VA entry references. Retire synthetic getter claim; original parent identity remains unresolved."
?get@Rva0008BBDDZeroGetter@@QBEHXZ,0x0008BBDD,"Interior XOR-EAX/RET arm, not an established function entry. Prior2026-09-23 fragment retirement independently rechecked: JE@0x0008BBCE->0x0008BBDD; JE@0x0008BBD7->0x0008BBDD No independent E8/E9 or absolute-VA entry references. Retire synthetic getter claim; original parent identity remains unresolved."
?get@Rva00094BEFZeroGetter@@QBEHXZ,0x00094BEF,"Interior XOR-EAX/RET arm, not an established function entry. Prior2026-09-23 fragment retirement independently rechecked: JP@0x00094BE9->0x00094BEF No independent E8/E9 or absolute-VA entry references. Retire synthetic getter claim; original parent identity remains unresolved."
?get@Rva000B19F8ZeroGetter@@QBEHXZ,0x000B19F8,"Interior XOR-EAX/RET arm, not an established function entry. Prior2026-09-23 fragment retirement independently rechecked: JBE@0x000B19F2->0x000B19F8 complete Ghidra parent0x000B19E5/22 contains JBE@0x000B19F2 No independent E8/E9 or absolute-VA entry references. Retire synthetic getter claim; original parent identity remains unresolved."
?get@Rva000B2CE2ZeroGetter@@QBEHXZ,0x000B2CE2,"Interior XOR-EAX/RET arm, not an established function entry. Prior2026-09-23 fragment retirement independently rechecked: JE@0x000B2CD3->0x000B2CE2; JE@0x000B2CDC->0x000B2CE2 complete Ghidra parent0x000B2CBD/40 contains JE@0x000B2CD3/JE@0x000B2CDC No independent E8/E9 or absolute-VA entry references. Retire synthetic getter claim; original parent identity remains unresolved."
?get@Rva000B3148ZeroGetter@@QBEHXZ,0x000B3148,"Interior XOR-EAX/RET arm, not an established function entry. Prior2026-09-23 fragment retirement independently rechecked: JE@0x000B3140->0x000B3148 No independent E8/E9 or absolute-VA entry references. Retire synthetic getter claim; original parent identity remains unresolved."
?get@Rva000FBA47ZeroGetter@@QBEHXZ,0x000FBA47,"Interior XOR-EAX/RET arm, not an established function entry. Prior2026-09-23 fragment retirement independently rechecked: JE@0x000FBA2E->0x000FBA47; JE@0x000FBA37->0x000FBA47 No independent E8/E9 or absolute-VA entry references. Retire synthetic getter claim; original parent identity remains unresolved."
?get@Rva000FC943ZeroGetter@@QBEHXZ,0x000FC943,"Interior XOR-EAX/RET arm, not an established function entry. Prior2026-09-23 fragment retirement independently rechecked: JE@0x000FC92A->0x000FC943; JE@0x000FC933->0x000FC943 No independent E8/E9 or absolute-VA entry references. Retire synthetic getter claim; original parent identity remains unresolved."
?get@Rva00104076ZeroGetter@@QBEHXZ,0x00104076,"Interior XOR-EAX/RET arm, not an established function entry. Prior2026-09-23 fragment retirement independently rechecked: JP@0x00104061->0x00104076; JP@0x00104070->0x00104076 No independent E8/E9 or absolute-VA entry references. Retire synthetic getter claim; original parent identity remains unresolved."
?get@Rva0010615FZeroGetter@@QBEHXZ,0x0010615F,"Interior XOR-EAX/RET arm, not an established function entry. Prior2026-09-23 fragment retirement independently rechecked: JE@0x00106158->0x0010615F No independent E8/E9 or absolute-VA entry references. Retire synthetic getter claim; original parent identity remains unresolved."
?get@Rva001499A5ZeroGetter@@QBEHXZ,0x001499A5,"Interior XOR-EAX/RET arm, not an established function entry. Prior2026-09-23 fragment retirement independently rechecked: JE@0x00149988->0x001499A5; JE@0x00149992->0x001499A5 No independent E8/E9 or absolute-VA entry references. Retire synthetic getter claim; original parent identity remains unresolved."
?get@Rva00149A6CZeroGetter@@QBEHXZ,0x00149A6C,"Interior XOR-EAX/RET arm, not an established function entry. Prior2026-09-23 fragment retirement independently rechecked: JE@0x00149A57->0x00149A6C No independent E8/E9 or absolute-VA entry references. Retire synthetic getter claim; original parent identity remains unresolved."
?get@Rva00149A8CZeroGetter@@QBEHXZ,0x00149A8C,"Interior XOR-EAX/RET arm, not an established function entry. Prior2026-09-23 fragment retirement independently rechecked: JE@0x00149A77->0x00149A8C No independent E8/E9 or absolute-VA entry references. Retire synthetic getter claim; original parent identity remains unresolved."
?get@Rva0014A07FZeroGetter@@QBEHXZ,0x0014A07F,"Interior XOR-EAX/RET arm, not an established function entry. Prior2026-09-23 fragment retirement independently rechecked: JE@0x0014A078->0x0014A07F No independent E8/E9 or absolute-VA entry references. Retire synthetic getter claim; original parent identity remains unresolved."
?get@Rva0014A0C6ZeroGetter@@QBEHXZ,0x0014A0C6,"Interior XOR-EAX/RET arm, not an established function entry. Prior2026-09-23 fragment retirement independently rechecked: JE@0x0014A0B8->0x0014A0C6; JE@0x0014A0BE->0x0014A0C6 complete Ghidra parent0x0014A0B0/25 contains JE@0x0014A0B8/JE@0x0014A0BE No independent E8/E9 or absolute-VA entry references. Retire synthetic getter claim; original parent identity remains unresolved."
?get@Rva0016ABD1ZeroGetter@@QBEHXZ,0x0016ABD1,"Interior XOR-EAX/RET arm, not an established function entry. Prior2026-09-23 fragment retirement independently rechecked: JE@0x0016ABC5->0x0016ABD1; JLE@0x0016ABCB->0x0016ABD1 complete Ghidra parent0x0016ABC0/20 contains JE@0x0016ABC5/JLE@0x0016ABCB No independent E8/E9 or absolute-VA entry references. Retire synthetic getter claim; original parent identity remains unresolved."
?get@Rva0016ABF1ZeroGetter@@QBEHXZ,0x0016ABF1,"Interior XOR-EAX/RET arm, not an established function entry. Prior2026-09-23 fragment retirement independently rechecked: JE@0x0016ABE5->0x0016ABF1; JLE@0x0016ABEB->0x0016ABF1 complete Ghidra parent0x0016ABE0/20 contains JE@0x0016ABE5/JLE@0x0016ABEB No independent E8/E9 or absolute-VA entry references. Retire synthetic getter claim; original parent identity remains unresolved."
?get@Rva00179930ZeroGetter@@QBEHXZ,0x00179930,"Interior XOR-EAX/RET arm, not an established function entry. Prior2026-09-23 fragment retirement independently rechecked: JE@0x00179902->0x00179930 No independent E8/E9 or absolute-VA entry references. Retire synthetic getter claim; original parent identity remains unresolved."
?get@Rva0017EF80ZeroGetter@@QBEHXZ,0x0017EF80,"Interior XOR-EAX/RET arm, not an established function entry. Prior2026-09-23 fragment retirement independently rechecked: JE@0x0017EF52->0x0017EF80 No independent E8/E9 or absolute-VA entry references. Retire synthetic getter claim; original parent identity remains unresolved."
?get@Rva0017EFC0ZeroGetter@@QBEHXZ,0x0017EFC0,"Interior XOR-EAX/RET arm, not an established function entry. Prior2026-09-23 fragment retirement independently rechecked: JE@0x0017EF92->0x0017EFC0 No independent E8/E9 or absolute-VA entry references. Retire synthetic getter claim; original parent identity remains unresolved."
?get@Rva0017F000ZeroGetter@@QBEHXZ,0x0017F000,"Interior XOR-EAX/RET arm, not an established function entry. Prior2026-09-23 fragment retirement independently rechecked: JE@0x0017EFD2->0x0017F000 No independent E8/E9 entry references. Sole raw VA57F000 occurrence at fileA168FC is page-RVA header in a validated retained relocation-record stream (neighbor pages57E000/580000; blocksize172; HIGHLOW type3), not a program pointer. Retire synthetic getter claim; original parent identity remains unresolved."
?get@Rva0017FB0CZeroGetter@@QBEHXZ,0x0017FB0C,"Interior XOR-EAX/RET arm, not an established function entry. Prior2026-09-23 fragment retirement independently rechecked: JE@0x0017FB00->0x0017FB0C No independent E8/E9 or absolute-VA entry references. Retire synthetic getter claim; original parent identity remains unresolved."
?get@Rva00181242ZeroGetter@@QBEHXZ,0x00181242,"Interior XOR-EAX/RET arm, not an established function entry. Prior2026-09-23 fragment retirement independently rechecked: JNE@0x00181234->0x00181242; JNE@0x0018123A->0x00181242 No independent E8/E9 or absolute-VA entry references. Retire synthetic getter claim; original parent identity remains unresolved."
?get@Rva001D909EZeroGetter@@QBEHXZ,0x001D909E,"Interior XOR-EAX/RET arm, not an established function entry. Prior2026-09-23 fragment retirement independently rechecked: JE@0x001D9091->0x001D909E complete Ghidra parent0x001D9083/30 contains JE@0x001D9091 No independent E8/E9 or absolute-VA entry references. Retire synthetic getter claim; original parent identity remains unresolved."
?get@Rva001E35C7ZeroGetter@@QBEHXZ,0x001E35C7,"Interior XOR-EAX/RET arm, not an established function entry. Prior2026-09-23 fragment retirement independently rechecked: JE@0x001E35C1->0x001E35C7 No independent E8/E9 or absolute-VA entry references. Retire synthetic getter claim; original parent identity remains unresolved."
?get@Rva001E38B6ZeroGetter@@QBEHXZ,0x001E38B6,"Interior XOR-EAX/RET arm, not an established function entry. Prior2026-09-23 fragment retirement independently rechecked: JBE@0x001E38B0->0x001E38B6 complete Ghidra parent0x001E3896/35 contains JBE@0x001E38B0 No independent E8/E9 or absolute-VA entry references. Retire synthetic getter claim; original parent identity remains unresolved."
?get@Rva001E4012ZeroGetter@@QBEHXZ,0x001E4012,"Interior XOR-EAX/RET arm, not an established function entry. Prior2026-09-23 fragment retirement independently rechecked: JE@0x001E4009->0x001E4012 complete Ghidra parent0x001E3FFD/24 contains JE@0x001E4009 No independent E8/E9 or absolute-VA entry references. Retire synthetic getter claim; original parent identity remains unresolved."
?get@Rva001F376BZeroGetter@@QBEHXZ,0x001F376B,"Interior XOR-EAX/RET arm, not an established function entry. complete Ghidra parent0x001F3744/42 contains JP@0x001F3757/JP@0x001F3765 No independent E8/E9 or absolute-VA entry references. Retire synthetic getter claim; original parent identity remains unresolved."
?get@Rva00219837ZeroGetter@@QBEHXZ,0x00219837,"Interior XOR-EAX/RET arm, not an established function entry. Prior2026-09-23 fragment retirement independently rechecked: JE@0x00219830->0x00219837 No independent E8/E9 or absolute-VA entry references. Retire synthetic getter claim; original parent identity remains unresolved."
?get@Rva002221A6ZeroGetter@@QBEHXZ,0x002221A6,"Interior XOR-EAX/RET arm, not an established function entry. Prior2026-09-23 fragment retirement independently rechecked: JE@0x00222197->0x002221A6 complete Ghidra parent0x0022216E/59 contains JE@0x00222197 No independent E8/E9 or absolute-VA entry references. Retire synthetic getter claim; original parent identity remains unresolved."
?get@Rva0023C921ZeroGetter@@QBEHXZ,0x0023C921,"Interior XOR-EAX/RET arm, not an established function entry. Prior2026-09-23 fragment retirement independently rechecked: JE@0x0023C909->0x0023C921; JE@0x0023C91B->0x0023C921 complete Ghidra parent0x0023C902/34 contains JE@0x0023C909/JE@0x0023C91B No independent E8/E9 or absolute-VA entry references. Retire synthetic getter claim; original parent identity remains unresolved."
?get@Rva0025DD45ZeroGetter@@QBEHXZ,0x0025DD45,"Interior XOR-EAX/RET arm, not an established function entry. Prior2026-09-23 fragment retirement independently rechecked: JE@0x0025DD2A->0x0025DD45 No independent E8/E9 or absolute-VA entry references. Retire synthetic getter claim; original parent identity remains unresolved."
?get@Rva0025DE73ZeroGetter@@QBEHXZ,0x0025DE73,"Interior XOR-EAX/RET arm, not an established function entry. Prior2026-09-23 fragment retirement independently rechecked: JE@0x0025DE61->0x0025DE73 No independent E8/E9 or absolute-VA entry references. Retire synthetic getter claim; original parent identity remains unresolved."
?get@Rva002632C4ZeroGetter@@QBEHXZ,0x002632C4,"Interior XOR-EAX/RET arm, not an established function entry. Prior2026-09-23 fragment retirement independently rechecked: JE@0x002632B8->0x002632C4; JE@0x002632BE->0x002632C4 complete Ghidra parent0x002632B3/20 contains JE@0x002632B8/JE@0x002632BE No independent E8/E9 or absolute-VA entry references. Retire synthetic getter claim; original parent identity remains unresolved."
?get@Rva002632DEZeroGetter@@QBEHXZ,0x002632DE,"Interior XOR-EAX/RET arm, not an established function entry. Prior2026-09-23 fragment retirement independently rechecked: JE@0x002632CC->0x002632DE; JE@0x002632D2->0x002632DE; JNE@0x002632D8->0x002632DE complete Ghidra parent0x002632C7/26 contains JE@0x002632CC/JE@0x002632D2/JNE@0x002632D8 No independent E8/E9 or absolute-VA entry references. Retire synthetic getter claim; original parent identity remains unresolved."
?get@Rva0027175CZeroGetter@@QBEHXZ,0x0027175C,"Interior XOR-EAX/RET arm, not an established function entry. Prior2026-09-23 fragment retirement independently rechecked: JE@0x0027174D->0x0027175C; JE@0x00271756->0x0027175C complete Ghidra parent0x00271745/26 contains JE@0x0027174D/JE@0x00271756 No independent E8/E9 or absolute-VA entry references. Retire synthetic getter claim; original parent identity remains unresolved."
?get@Rva00271776ZeroGetter@@QBEHXZ,0x00271776,"Interior XOR-EAX/RET arm, not an established function entry. Prior2026-09-23 fragment retirement independently rechecked: JE@0x00271767->0x00271776; JE@0x00271770->0x00271776 No independent E8/E9 or absolute-VA entry references. Retire synthetic getter claim; original parent identity remains unresolved."
?get@Rva006026D0ZeroGetter@@QBEHXZ,0x006026D0,"Interior XOR-EAX/RET arm, not an established function entry. Prior2026-09-23 fragment retirement independently rechecked: JE@0x006026C6->0x006026D0 No independent E8/E9 or absolute-VA entry references. Retire synthetic getter claim; original parent identity remains unresolved."
?get@Rva00602820ZeroGetter@@QBEHXZ,0x00602820,"Interior XOR-EAX/RET arm, not an established function entry. Prior2026-09-23 fragment retirement independently rechecked: JE@0x00602816->0x00602820 complete Ghidra parent0x00602810/19 contains JE@0x00602816 No independent E8/E9 or absolute-VA entry references. Retire synthetic getter claim; original parent identity remains unresolved."
?get@Rva00602860ZeroGetter@@QBEHXZ,0x00602860,"Interior XOR-EAX/RET arm, not an established function entry. Prior2026-09-23 fragment retirement independently rechecked: JE@0x00602856->0x00602860 No independent E8/E9 or absolute-VA entry references. Retire synthetic getter claim; original parent identity remains unresolved."
?get@Rva0065E7CAZeroGetter@@QBEHXZ,0x0065E7CA,"Interior XOR-EAX/RET arm, not an established function entry. Prior2026-09-23 fragment retirement independently rechecked: JE@0x0065E7AC->0x0065E7CA complete Ghidra parent0x0065E7A0/45 contains JE@0x0065E7AC No independent E8/E9 or absolute-VA entry references. Retire synthetic getter claim; original parent identity remains unresolved."
?get@Rva0065EC9AZeroGetter@@QBEHXZ,0x0065EC9A,"Interior XOR-EAX/RET arm, not an established function entry. Prior2026-09-23 fragment retirement independently rechecked: JE@0x0065EC7C->0x0065EC9A complete Ghidra parent0x0065EC70/45 contains JE@0x0065EC7C No independent E8/E9 or absolute-VA entry references. Retire synthetic getter claim; original parent identity remains unresolved."
?get@Rva000B3809ZeroGetter@@QBEHXZ,0x000B3809,"Internal zero-return arm of complete native parent0x000B37F0/28: JE at0x000B37F4 and0x000B3803 reach0x000B3809. Parent follows priorRET4 at0x000B37ED; complete body endsRET0x000B380B before rowed next method0x000B380C/8. Independent parent-entry function pointers are in native .rdata at RVA0x007C6984,0x007CA124,0x007CBCD4,0x007CC054,0x007CC6E4,0x007CCC7C,0x007CDCF4, surrounded by actual code-address entries. Arm itself has no E8/E9 or absolute-VA entry refs. Original parent identity and virtual callback prototype remain unproved; retirement is a boundary correction, not parent recovery."
?get@Rva000B22C7OneGetter@@QBEHXZ,0x000B22C7,Internal true-return arm of complete predicate0x000B22B3/24: native JE0x000B22BB andJE0x000B22C2 reach0x000B22C7. Complete parent is independently called at0x000C5860 and0x000C5A1C with ECX loaded from receiver+58; callers consumeAL. Parent follows priorRET4 ending0x000B22B2 and endsRET0x000B22CA before next distinct SSE setter0x000B22CB. Arm has no Ghidra or E8/E9/absolute-VA entry reference. Historical shared true-tail annotation did not prove an independent entry. Whole BF1 S2TwoValueStateTests at5cc75ddd reproduces complete24B under local size optimization; original parent owner/name and state meaning remain unknown.
?Rva004D8D7CGet@@YAHXZ,0x004D8D7C,"Not a function: the 3-byte xor eax,eax/ret is the return-0 tail of TurretAIRecenterTurretState::update (0x004D8D25, 90B), whose je at 0x004D8D72 and 0x004D8D76 branch to it; the preceding ret is the other return path. The whole body is rowed and byte-verified."
?get@Rva00658147ZeroGetter@@QBEHXZ,0x00658147,"Not a function: the 3-byte xor eax,eax/ret is the null-allocation return path of rva00658110 (ServiceHubImpl factory, 0x00658110, 58B), whose je at 0x0065811F branches to it. The whole body is rowed and byte-verified."
?friend_newModuleData@DamageModule@@SAPAVModuleData@@PAVINI@@@Z,0x002541A3,"Contradicted by retail's ModuleFactory registration: the data factory at 0x002541A3 is registered for HordeAIUpdate and HordeWorkerAIUpdate (tools/check_module_registry.py), not DamageModule. The body is one of ~240 identical MAKE_STANDARD_MODULE_DATA_MACRO_ABC instantiations, so the masked byte match proved shape, not identity. Retired with its dedicated TU until it lands under HordeAIUpdate."
??_EShroudManagerImpl008FBA40Element@@QAEPAXI@Z,0x003A795A,"Caught by the DIR32 consistency check when merging upstream: this vector deleting destructor calls 0x0049B47C, the virtual mov-vptr/ret fold point, as the element destructor, while the matched ShroudManagerImpl008FBA40::configure (0x0073DBF0) reaches ??1ShroudManagerImpl008FBA40Element at the empty non-virtual ret 0x0069E440. The donor element class has no vtable, so its destructor cannot be the virtual fold point; the body at 0x003A795A belongs to the opaque class already pinned as ??1Rva003A795AVec@@UAE@XZ. Retired with its dedicated TU and its 0x0049B47C dtor pin."
?get@Rva00021736ZeroGetter@@QBEHXZ,0x00021736,"Not a function: a return-constant tail inside ___Extract_locale_name (upstream-rowed, byte-verified), which branches to it from 0x000216A5, 0x000216AE, 0x000216D9. Found when the parent and this fragment overlapped on upstream master."
?get@Rva00075692ZeroGetter@@QBEHXZ,0x00075692,"Not a function: a return-constant tail inside Rva00075655::setShader (upstream-rowed, byte-verified), which branches to it from 0x00075686. Found when the parent and this fragment overlapped on upstream master."
?get@Rva000B2CE2ZeroGetter@@QBEHXZ,0x000B2CE2,"Not a function: a return-constant tail inside Rva000B2CBDGet (upstream-rowed, byte-verified), which branches to it from 0x000B2CD3, 0x000B2CDC. Found when the parent and this fragment overlapped on upstream master."
?Rva001542BDGet@@YAHXZ,0x001542BD,"Not a function: a return-constant tail inside rva001542A0 (upstream-rowed, byte-verified), which branches to it from 0x001542AF. Found when the parent and this fragment overlapped on upstream master."
?get@Rva00176D69ZeroGetter@@QBEHXZ,0x00176D69,"Not a function: a return-constant tail inside Rva00176D60::get (upstream-rowed, byte-verified), which branches to it from 0x00176D64. Found when the parent and this fragment overlapped on upstream master."
?get@Rva001E38B6ZeroGetter@@QBEHXZ,0x001E38B6,"Not a function: a return-constant tail inside Rva001E3896Check (upstream-rowed, byte-verified), which branches to it from 0x001E38B0. Found when the parent and this fragment overlapped on upstream master."
?get@Rva001E4012ZeroGetter@@QBEHXZ,0x001E4012,"Not a function: a return-constant tail inside Rva001E3FFDGet (upstream-rowed, byte-verified), which branches to it from 0x001E4009. Found when the parent and this fragment overlapped on upstream master."
?get@Rva001F376BZeroGetter@@QBEHXZ,0x001F376B,"Not a function: a return-constant tail inside Rva001F3744IsZero (upstream-rowed, byte-verified), which branches to it from 0x001F3757, 0x001F3765. Found when the parent and this fragment overlapped on upstream master."
?get@Rva0027175CZeroGetter@@QBEHXZ,0x0027175C,"Not a function: a return-constant tail inside Drawable::rva00271745 (upstream-rowed, byte-verified), which branches to it from 0x0027174D, 0x00271756. Found when the parent and this fragment overlapped on upstream master."
?Rva0028B04AGet@@YAHXZ,0x0028B04A,"Not a function: the GameMakeColor(0, 0, 0, 255) return tail inside Object::getIndicatorColor 0x0028B026 (42B, byte-verified), which branches to it from 0x0028B038 and 0x0028B041. Retired when the complete parent was recovered."
?Rva0028B074Get@@YAHXZ,0x0028B074,"Not a function: the GameMakeColor(0, 0, 0, 255) return tail inside Object::getNightIndicatorColor 0x0028B050 (42B, byte-verified), which branches to it from 0x0028B062 and 0x0028B06B. Retired when the complete parent was recovered."
?test@Rva00729370BitPlane@@QBE_NHH@Z,0x0006AB49,Duplicate claim from the upstream merge: both sides landed the 79B body at 0x0006AB49 independently. Upstream's row ?test@Rva0006AB49BitPlane@@QBE_NHH@Z and its version of Code/GameEngine/Source/Common/Rva00729300BitPlanes.cpp (which no longer defines this name) won; this name stays pinned at the same address in symbols.csv as the body's second name.
??_GUpdateModule@@UAEPAXI@Z,0x004AF161,"Single-hit masked placement of the generic deleting-destructor shape. Retail 0x004AF161 sits in the RespawnUpdate cluster (ctor 0x004AF096, name getter 0x004AF15B, methods from 0x004AF182) and calls 0x004AF17D, a 5-byte jmp to 0x0024A797, which symbols.csv pins as ??1UpdateModule@@UAE@XZ: so it is RespawnUpdate's deleting destructor calling ~RespawnUpdate, not UpdateModule's, and the census judged every copy of this name wrong for that call. Its emitter BuildingBehaviorCtorThunk.cpp stopped emitting UpdateModule's vftable once ??0UpdateModule became defined only in UpdateModuleCtor.cpp; retired rather than repointed."
?get@Rva000CB0FCZeroGetter@@QBEHXZ,0x000CB0FC,"Retired as a false split: 33 C0 C3 are the zero-return arm reached by the internal JE at 0x000CB0F6. The complete 17B candidate starts at 0x000CB0EE after the prior RET8 and ends at rowed 0x000CB0FF; it branches internally to 0x000CB0FC."
?dup_0008257f@@YAXXZ,0x0008257F,"gen-alias placeholder from the fork's obj_sweep rel32 wave (StlportVectorInsertOverflowFamily.cpp's identical body); upstream then landed the real-named row vector<Rva00082BE6Element>::_M_insert_overflow for the same 178 bytes (StlportVectorOverflow0008257F.cpp), so the placeholder is retracted."
?dup_00082631@@YAXXZ,0x00082631,"gen-alias placeholder from the fork's obj_sweep rel32 wave (StlportVectorInsertOverflowFamily.cpp's identical body); upstream then landed the real-named row vector<Rva00082C1DElement>::_M_insert_overflow for the same 178 bytes (StlportVectorOverflow0008257F.cpp), so the placeholder is retracted."
?Get_Current_UV_Offset@LinearOffsetTextureMapperClass@@QAEXAAVVector2@@@Z,0x00709D33,"Interior suffix of AptScriptFunction2::GetConstantPool at0x709D30; PC vtable RVA0x8EE9F0 points to709D30 and original Redwood6 decorated method plus full21-byte raw donor correspondence prove the enclosing function;709D33 omits its first mov ecx,[ecx+30]. Single masked placement was not independent identity evidence."
?reserve@?$vector@W4ObjectID@@V?$allocator@W4ObjectID@@@_STL@@@_STL@@QAEXI@Z,0x005F122D,Identity repaired as address-named reserve in StlVectorReserveProviderRepairs.cpp; prior caller element spelling used a removed false helper pin; verified actual helper providers retained without inferring a caller type
?reserve@?$vector@HV?$allocator@H@_STL@@@_STL@@QAEXI@Z,0x00532844,Identity repaired as address-named reserve in StlVectorReserveProviderRepairs.cpp; prior caller element spelling used a removed false helper pin; verified actual helper providers retained without inferring a caller type
?reserve@?$vector@URva00081BAFRecord@@V?$allocator@URva00081BAFRecord@@@_STL@@@_STL@@QAEXI@Z,0x00081BAF,Identity repaired as address-named reserve in StlVectorReserveProviderRepairs.cpp; prior caller element spelling used a removed false helper pin; verified actual helper providers retained without inferring a caller type
?reserve@?$vector@URva00081C17Record@@V?$allocator@URva00081C17Record@@@_STL@@@_STL@@QAEXI@Z,0x00081C17,Identity repaired as address-named reserve in StlVectorReserveProviderRepairs.cpp; prior caller element spelling used a removed false helper pin; verified actual helper providers retained without inferring a caller type
?reserve@?$vector@URva004F7DF9Record@@V?$allocator@URva004F7DF9Record@@@_STL@@@_STL@@QAEXI@Z,0x004F7DF9,Identity repaired as address-named reserve in StlVectorReserveProviderRepairs.cpp; prior caller element spelling used a removed false helper pin; verified actual helper providers retained without inferring a caller type
?reserve@?$vector@URva004F830BRecord@@V?$allocator@URva004F830BRecord@@@_STL@@@_STL@@QAEXI@Z,0x004F830B,Identity repaired as address-named reserve in StlVectorReserveProviderRepairs.cpp; prior caller element spelling used a removed false helper pin; verified actual helper providers retained without inferring a caller type
?reserve@?$vector@URva00577F0FRecord@@V?$allocator@URva00577F0FRecord@@@_STL@@@_STL@@QAEXI@Z,0x00577F0F,Identity repaired as address-named reserve in StlVectorReserveProviderRepairs.cpp; prior caller element spelling used a removed false helper pin; verified actual helper providers retained without inferring a caller type
?reserve@?$vector@URva005E2896Record@@V?$allocator@URva005E2896Record@@@_STL@@@_STL@@QAEXI@Z,0x005E2896,Identity repaired as address-named reserve in StlVectorReserveProviderRepairs.cpp; prior caller element spelling used a removed false helper pin; verified actual helper providers retained without inferring a caller type
?reserve@?$vector@URva004EE55ERecord@@V?$allocator@URva004EE55ERecord@@@_STL@@@_STL@@QAEXI@Z,0x004EE55E,Identity repaired as address-named reserve in StlVectorReserveProviderRepairs.cpp; prior caller element spelling used a removed false helper pin; verified actual helper providers retained without inferring a caller type
?push_back@?$vector@UElem003AF8C0@@V?$allocator@UElem003AF8C0@@@_STL@@@_STL@@QAEXABUElem003AF8C0@@@Z,0x004EE9B1,Rehomed with the verified growth provider as push_back@Rva004EE6D0; replaces removed speculative donor-template helper pin with an actual call to the recovered body
?Rva00418F7DParse@@YAXPAVINI@@PAXPAURva00418F7DStore@@@Z,0x00418F7D,Stale three-argument callback spelling: Target FieldParse at VA C3A9A8 establishes the four-argument INIFieldParseProc ABI. The byte-verified four-argument Rva00418F7DParse row retains all160 bytes. Union rebase at the old ledger EOF resurrected this retired row; the current object defines only the corrected spelling.
?Rva002D9557Get@@YAHXZ,0x002D9557,"Not a function: the 33 C0 C3 zero-return tail is the jne target of AudioEventRTS::getObjectID (0x002D954D, 13 bytes: cmp [ecx+38],2; jne +4), which owns these bytes. Upstream cb8ad2bcf8 retired the row and its definition without a tombstone; recorded here so no older branch's union merge brings it back."
?Rva0040D3E8Get@@YGHH@Z,0x0040D3E8,Duplicate claim: the 23-byte body at 0x0040D3E8 is rowed as ?fwd@Rva0040D3E8Owner@@QAEXH@Z in RvaFindThenRunFamily.cpp (83767880d3); this single-row copy (c11ea64150) was retired and its name stays pinned at the address.
?Rva000B3EC4Get@@YA_NXZ,0x000B3EC4,"Interior fragment, not a function: the mov al 1 / ret at 0x000B3EC4 is the return-true arm of ModelConditionFlags::rva000B3EB3, whose jne at 0x000B3EB9 branches here; that row now covers it (20 B)."
?fwd@Rva0021BE42@@QAEHHH@Z,0x0021BE42,"Duplicate claim: the 32-byte body at 0x0021BE42 is also rowed in Rva0021BE42Chain.cpp (now CreateAHeroManager::CreateAHeroClass, named by WorldBuilder); this address-named copy in RvaFindOrMinusOneFamily.cpp was retired with its unit, and its unused run@Rva0021BDABSub pin went with it."
?fwd@Rva0021BE62@@QAEHHH@Z,0x0021BE62,"Duplicate claim: the 32-byte body at 0x0021BE62 is also rowed in Rva0021BE42Chain.cpp (now CreateAHeroManager::CreateAHeroClass, named by WorldBuilder); this address-named copy in RvaFindOrMinusOneFamily.cpp was retired with its unit, and its unused run@Rva0021BDD3Sub pin went with it."
?fwd@Rva0021BE82@@QAEHHH@Z,0x0021BE82,"Duplicate claim: the 32-byte body at 0x0021BE82 is also rowed in Rva0021BE42Chain.cpp (now CreateAHeroManager::CreateAHeroClass, named by WorldBuilder); this address-named copy in RvaFindOrMinusOneFamily.cpp was retired with its unit, and its unused run@Rva0021BDFBSub pin went with it."
?Rva0028A6E7@Rva28A6E7Node@@QAEXPAPAV1@@Z,0x0028A6E7,"Retired for re-identification, not refuted: the 29B list insert on the +0x328/+0x32C pair is Object::dlink_prependTo_TeamMemberList (Zero Hour GameCommon.h MAKE_DLINK). Its sole caller 0x0028A776 is Team::prependTo_TeamMemberList, which first tests dlink_isInList_TeamMemberList (0x0028A6C7) against the Team+0x38 head. The same bytes are re-claimed under the real name in the next commit."
?Rva0028A704@Rva28A6E7Node@@QAEXPAPAV1@@Z,0x0028A704,"Retired for re-identification, not refuted: the 75B list remove on the +0x328/+0x32C pair is Object::dlink_removeFrom_TeamMemberList (Zero Hour GameCommon.h MAKE_DLINK). Its sole caller 0x0028A796 is Team::removeFrom_TeamMemberList, which first tests dlink_isInList_TeamMemberList (0x0028A6C7) against the Team+0x38 head. The same bytes are re-claimed under the real name in the next commit."
?get@Rva0008550CZeroGetter@@QBEHXZ,0x0008550C,"Interior false arm of the 22B predicate 0x000854F9: its JBE at 0x00085506 enters this xor eax/ret tail after the fcomip against zero. The predicate starts right after the RET at 0x000854F8 that closes 0x000854EC and ends at the RET before the rowed byte getter 0x0008550F. No Ghidra entry and no direct E8/E9 or absolute-VA reference at 0x0008550C. Retired so the whole predicate can be claimed."
?bfmeFwdVMX@BfmeStrVMX@@QAEXPAUBfmeObjVMX@@@Z,0x0002B250,"Owner rename: the 57-byte body at 0x0002B250 is STLport 4.5.3 basic_string<char>::append(const basic_string&) (loads the argument's start/finish and calls the pinned char* forward-iterator append 0x0001B3E0, exactly the header body append(__s._M_start; __s._M_finish)); Thread_Function 0x0038EDD7 calls it on a WideCharStringToMultiByte temporary. BfmeStrVMX::bfmeFwdVMX was an inline-asm placeholder for it (BfmeConv1445.cpp). Re-rowed under the real name from real C++ in StlportNarrowAppendString.cpp in the same commit."
?GadgetSliderGetEnabledColor@@YAHPAVGameWindow@@@Z,0x006987C0,"gen-alias placeholder yields to the real row _peerIsConnected (GameSpy peerMain.c peerIsConnected, peerMainBlockingOperations.c): the 8 bytes at 0x006987C0 (load arg; return [arg+0x48]) sit in the peerMain run between 0x006987A0 and piConnectTitle 0x006987D0, so the kept body is the SDK's; GadgetSliderGetEnabledColor is a header inline with no out-of-line caller among matched rows."
?setIgnoreObstacleID@Pathfinder@@QAEXW4ObjectID@@@Z,0x003FF328,Retire generated alias when native GameEngine init identifies GameInfo::setSeed at this range; target writes time(0) to GameInfo +0x50; independently compiled real body now owns the range.
AllocProxyIntCtor_dupB,0x0014F3C4,Replaced by independently verified PlayerAITypeEntry allocation-proxy instantiation called by the native startup vector; generated integer-proxy alias retired; old integer calls retain their existing verified fold pin.
??0?$DynamicVectorClass@PAVFontCharsBuffer@@@@QAE@IPBQAVFontCharsBuffer@@@Z,0x00196770,"Caught by the DIR32 consistency check: this 94-byte DynamicVectorClass<T*> constructor shape is identical for every pointer instantiation, and the drift placement (exact-ambiguous, relocations masked) named the wrong one. Its body stores vftables 0x00BD4ECC (the ledger's VectorClass<float>) and 0x00BD5E70, while FontCharsClass::FontCharsClass 0x00157950 stores DynamicVectorClass<FontCharsBuffer*>'s vftable as 0x00BD3BE8 and render2dsentence's VectorClass<FontCharsBuffer*> dtor uses 0x00BD0D68. The true instantiation is unresolved, so retired rather than repointed."
?Rva000A4999Get@@YAXPAVObject@@PAXPAPAX2@Z,0x000A4999,"Misidentified: the body is BFME1's getButtonTextColors(window, instData, &textColor, &dropColor), not an Object module-pair fetch. Its callees are the rowed GameWindow text and text-border colour getters (ICF-folded with the Object accessors the old source named), it tests WIN_STATUS_ENABLED and WIN_STATE_HILITED, and both callers (drawButtonText 0x000A49F5 and the push-button count draw 0x000A52AE) pass a window, its instance data and two colour slots. Retracted so the body can be rowed under that identity in W3DPushButton.cpp."
?dup_00260664@@YAXXZ,0x00260664,gen-alias placeholder superseded by the independently identified and byte-verified real body ??$__uninitialized_copy@PBURva00260664Element@@PAU1@@_STL@@YAPAURva00260664Element@@PBU1@0PAU1@ABU__false_type@0@@Z at the same 38-byte range; the alias carried no target identity.
?dup_003814D3@@YAXXZ,0x003814D3,gen-alias placeholder superseded by the independently identified and byte-verified real body ??$__uninitialized_copy@PBURva003814D3Element@@PAU1@@_STL@@YAPAURva003814D3Element@@PBU1@0PAU1@ABU__false_type@0@@Z at the same 38-byte range; the alias carried no target identity.
?d_004c40ba@@YAXXZ,0x004C40BA,"Replaced by the verified WeaponChangeSpecialPowerModule::doSpecialPower C++ body; the generated dump placeholder is retired."
??0Rva001525FB@@QAE@XZ,0x001525FB,"Renamed: the 66-byte ctor is FXShaderSetup::FXShaderSetup, rowed from Code/Libraries/Source/WWVegas/WW3D2/fxshadersetup.cpp at the same range (vtable 0x00BD3B1C, Create 0x00152C47 calls it on its 0x34-byte allocation); the split unit Rva001525FBFinish.cpp is removed."
??4Rva00152CDA@@QAEAAV0@ABV0@@Z,0x00152CDA,"Renamed: the 66-byte assignment is FXShaderSetup::operator=, rowed from Code/Libraries/Source/WWVegas/WW3D2/fxshadersetup.cpp at the same range; its four-argument callee 0x0015288F is FXShaderSetup::InitializeShader(shader name, technique name, &parameters, LOD 4). The split unit Rva00152CDAAssignment.cpp and its ?apply@Rva00152CDA pin are removed."
??_GRva00152411@@UAEPAXI@Z,0x0015263D,"Renamed: the 28-byte scalar deleting destructor in slot 1 of vtable 0x00BD3B1C is FXShaderSetup's, emitted and rowed as ??_GFXShaderSetup@@MAEPAXI@Z from Code/Libraries/Source/WWVegas/WW3D2/fxshadersetup.cpp now that its destructor 0x00152411 is recovered there; the opaque Rva00152411 owner and its ??1Rva00152411 pin are removed from OpaqueScalarDeletingDtorsB03.cpp."
?Check@Rva0049D1B1@@UAE_NH@Z,0x0049CDF9,"Renamed: the 47-byte body is ProductionUpdate::isUpgradeInQueue (slot 6 of the ProductionUpdateInterface vftable 0x00C51478; it walks firstProduction/nextProduction in slots 21/22 for an upgrade entry, type 2, with the upgrade at +0x0C), rowed from Code/GameEngine/Source/GameLogic/Object/Update/ProductionUpdateQueue.cpp at the same range. The opaque Rva0049D1B1 view had read the slots on from the entry vftable 0x00C5146C. The split unit Rva0049D1B1Check.cpp is removed."
?rva00538661@Rva0053863EShape@@QBEMXZ,0x00538661,Duplicate synthetic owner retired: upstream owns the byte-verified getter as Rva0053863ESub in RvaAdjustCallEchoFamily.cpp (46a721477f).
?predicate@Rva001B2DF0@@QBEHXZ,0x004DEAB0,"Address-named placeholder from a masked placement of BFME 1's compiled predicate body. The 27 bytes are FiringTracker::calcTimeToSleep: FiringTracker::update (0x004DED3B, UpdateModuleInterface slot of vtable 0x00861530) tail-jumps to it and shotFired (0x004DEECB) passes its result to setWakeFrame; it tests the three FiringTracker wake frames (+0x3C cooldown, +0x40 force-reload, +0x54 stop-looping-sound) and returns UPDATE_SLEEP_FOREVER or UPDATE_SLEEP_NONE. Retracted so the next commit rows the body under its identity."
?poll@Rva0004E4BD@@QAEXXZ,0x0004E4BD,Duplicate reconstruction retired; retained ?rva0004E4BD@Rva0004E4BD@@QAEXXZ in Code/GameEngine/Source/Common/PinnedForwarders1830.cpp; same retail extent; October 5 double-row audit
?rva00057B27@Rva00057B27@@QAEHII@Z,0x00057B27,Duplicate reconstruction retired; retained ?fwd@Rva00057B27Owner@@QAEHHH@Z in Code/GameEngine/Source/Common/RvaCountNoteRunFamily.cpp; same retail extent; October 5 double-row audit
?rva00057D38@Rva00057D38@@QAEHII@Z,0x00057D38,Duplicate reconstruction retired; retained ?fwd@Rva00057D38Owner@@QAEHHH@Z in Code/GameEngine/Source/Common/RvaCountNoteRunFamily.cpp; same retail extent; October 5 double-row audit
?rva00058913@Rva00058913@@QAEXPAURva00058913Out@@I@Z,0x00058913,Duplicate reconstruction retired; retained ?rva00058913@Rva00057B27@@QAEXPAXI@Z in Code/GameEngine/Source/Common/Rva00057B27ReserveSet.cpp; same retail extent; October 5 double-row audit
?rva00068D43@Rva00068D43NullForwarder@@QAEXXZ,0x00068D43,Duplicate reconstruction retired; retained ?rva00068D43@Rva00068D43@@QAEXXZ in Code/GameEngine/Source/Common/PinnedForwarders1830.cpp; same retail extent; October 5 double-row audit
?fwd@Rva0007C2F0Owner@@QAEHHH@Z,0x0007C2F0,Duplicate reconstruction retired; retained ?erase@?$vector@URegion2D@@V?$allocator@URegion2D@@@_STL@@@_STL@@QAEPAURegion2D@@PAU3@0@Z in Code/Libraries/Source/WWVegas/WWLib/StlportVectorEraseNoDestroyFamily.cpp; same retail extent; October 5 double-row audit
?rva0007C2F0@Rva0007C2F0Host@@QAEPAURegion2D@@PAU2@0@Z,0x0007C2F0,Duplicate reconstruction retired; retained ?erase@?$vector@URegion2D@@V?$allocator@URegion2D@@@_STL@@@_STL@@QAEPAURegion2D@@PAU3@0@Z in Code/Libraries/Source/WWVegas/WWLib/StlportVectorEraseNoDestroyFamily.cpp; same retail extent; October 5 double-row audit
?fwd@Rva000A8AA6Owner@@QAEXI@Z,0x000A8AA6,Duplicate reconstruction retired; retained ?rva000A8AA6@Rva000A8AA6@@QAEXH@Z in Code/GameEngine/Source/Common/PinnedForwarders1830.cpp; same retail extent; October 5 double-row audit
?poll@Rva000A8AB4@@QAEXXZ,0x000A8AB4,Duplicate reconstruction retired; retained ?rva000A8AB4@Rva000A8AB4@@QAEXXZ in Code/GameEngine/Source/Common/PinnedForwarders1830.cpp; same retail extent; October 5 double-row audit
?poll@Rva000A8ACC@@QAEXXZ,0x000A8ACC,Duplicate reconstruction retired; retained ?rva000A8ACC@Rva000A8ACC@@QAEXXZ in Code/GameEngine/Source/Common/PinnedForwarders1830.cpp; same retail extent; October 5 double-row audit
?fwd@Rva000A8B23Owner@@QAEXI@Z,0x000A8B23,Duplicate reconstruction retired; retained ?rva000A8B23@Rva000A8B23@@QAEXH@Z in Code/GameEngine/Source/Common/PinnedForwarders1830.cpp; same retail extent; October 5 double-row audit
?rva000A8B4B@MilesStreamRef@@QAEXI@Z,0x000A8B4B,Duplicate reconstruction retired; retained ?rva000A8B4B@Rva000A8B4B@@QAEXH@Z in Code/GameEngine/Source/Common/PinnedForwarders1830.cpp; same retail extent; October 5 double-row audit
?fwd@Rva000A8C6EOwner@@QAEXI@Z,0x000A8C6E,Duplicate reconstruction retired; retained ?rva000A8C6E@Rva000A8C6E@@QAEXH@Z in Code/GameEngine/Source/Common/PinnedForwarders1830.cpp; same retail extent; October 5 double-row audit
?Rva000A9DF8FireA@@YAXPAVRva000A9DF8ObjA@@H@Z,0x000A9DF8,Duplicate reconstruction retired; retained ?Rva000A9DF8@@YAXPAXABVRva000AB3E2Element@@@Z in Code/GameEngine/Source/Common/RvaGuardedConstructTrio.cpp; same retail extent; October 5 double-row audit
?Rva000A9DF8FireB@@YAXPAVRva000A9DF8ObjB@@H@Z,0x000A9E0A,Duplicate reconstruction retired; retained ?Rva000A9E0A@@YAXPAXABVRva000AB419Element@@@Z in Code/GameEngine/Source/Common/RvaGuardedConstructTrio.cpp; same retail extent; October 5 double-row audit
?rva000E0536@Rva000E0536@@QAEHII@Z,0x000E0536,Duplicate reconstruction retired; retained ?fwd@Rva000E0536Owner@@QAEHHH@Z in Code/GameEngine/Source/Common/RvaCountNoteRunFamily.cpp; same retail extent; October 5 double-row audit
?step@Rva0010BA61@@QAEXXZ,0x0010BA61,Duplicate reconstruction retired; retained ?rva0010BA61@Rva0010BA61@@QAEXXZ in Code/GameEngine/Source/Common/Rva0010BA61.cpp; same retail extent; October 5 double-row audit
?rva0014F674@@YAPAXPAXI0H@Z,0x0014F674,Duplicate reconstruction retired; retained ??$__uninitialized_fill_n@PAURva001504A1Record@@IU1@@_STL@@YAPAURva001504A1Record@@PAU1@IABU1@ABU__false_type@0@@Z in Code/Libraries/Source/WWVegas/WWLib/VectorOverflowRva001504A1.cpp; same retail extent; October 5 double-row audit
?erase@?$vector@URva00173DF8Element@@V?$allocator@URva00173DF8Element@@@_STL@@@_STL@@QAEPAURva00173DF8Element@@PAU3@0@Z,0x00173DF8,Duplicate reconstruction retired; retained ?erase@?$vector@URva0017341BWords@@V?$allocator@URva0017341BWords@@@_STL@@@_STL@@QAEPAURva0017341BWords@@PAU3@0@Z in Code/Libraries/Source/WWVegas/WWLib/StlRangeEraseRva00173DF8.cpp; same retail extent; October 5 double-row audit
?fwd@Rva00173DF8Owner@@QAEHHH@Z,0x00173DF8,Duplicate reconstruction retired; retained ?erase@?$vector@URva0017341BWords@@V?$allocator@URva0017341BWords@@@_STL@@@_STL@@QAEPAURva0017341BWords@@PAU3@0@Z in Code/Libraries/Source/WWVegas/WWLib/StlRangeEraseRva00173DF8.cpp; same retail extent; October 5 double-row audit
?erase@?$vector@URva001741EBElement@@V?$allocator@URva001741EBElement@@@_STL@@@_STL@@QAEPAURva001741EBElement@@PAU3@0@Z,0x00173DF8,Duplicate reconstruction retired; retained ?erase@?$vector@URva0017341BWords@@V?$allocator@URva0017341BWords@@@_STL@@@_STL@@QAEPAURva0017341BWords@@PAU3@0@Z in Code/Libraries/Source/WWVegas/WWLib/StlRangeEraseRva00173DF8.cpp; same retail extent; October 5 double-row audit
?poll@Rva001EB72F@@QAEXXZ,0x001EB72F,Duplicate reconstruction retired; retained ?rva001EB72F@Rva001EB72F@@QAEXXZ in Code/GameEngine/Source/Common/PinnedForwarders1830.cpp; same retail extent; October 5 double-row audit
?poll@Rva001EB75C@@QAEXXZ,0x001EB75C,Duplicate reconstruction retired; retained ?rva001EB75C@Rva001EB75C@@QAEXXZ in Code/GameEngine/Source/Common/PinnedForwarders1830.cpp; same retail extent; October 5 double-row audit
?rva001EFC42@Rva001EFC42@@QAEXHHH@Z,0x001EFC42,Duplicate reconstruction retired; retained ??$_M_append_dispatch@PBG@?$basic_string@GV?$char_traits@G@_STL@@V?$allocator@G@2@@_STL@@AAEAAV01@PBG0ABU__false_type@1@@Z in Code/Libraries/Source/WWVegas/WWLib/stlport_wide_string_append_dispatch_O1.cpp; same retail extent; October 5 double-row audit
?fwd@Rva001FBC43@@QAEHHH@Z,0x001FBC43,Duplicate reconstruction retired; retained ?rva001FBC43@Rva001FBC43@@QAEXPAX0@Z in Code/GameEngine/Source/Common/Thing/Rva001FA836ForwardChain.cpp; same retail extent; October 5 double-row audit
?setup@Rva001FBC43@@QAEXPAX0@Z,0x001FBC43,Duplicate reconstruction retired; retained ?rva001FBC43@Rva001FBC43@@QAEXPAX0@Z in Code/GameEngine/Source/Common/Thing/Rva001FA836ForwardChain.cpp; same retail extent; October 5 double-row audit
??0Rva001FBF37@@QAE@XZ,0x001FBF37,Duplicate reconstruction retired; retained ??0ParticleSystemTemplateTail@FXParticleSystem@@QAE@XZ in Code/GameEngine/Source/GameLogic/Object/Rva001FA5A5Ctor.cpp; same retail extent; October 5 double-row audit
?fwd@Rva001FBFEA@@QAEHHH@Z,0x001FBFEA,Duplicate reconstruction retired; retained ?rva001FBFEA@Rva001FBFEA@@QAEXPAX0@Z in Code/GameEngine/Source/Common/Thing/Rva001FA836ForwardChain.cpp; same retail extent; October 5 double-row audit
?setup@Rva001FBFEA@@QAEXPAX0@Z,0x001FBFEA,Duplicate reconstruction retired; retained ?rva001FBFEA@Rva001FBFEA@@QAEXPAX0@Z in Code/GameEngine/Source/Common/Thing/Rva001FA836ForwardChain.cpp; same retail extent; October 5 double-row audit
?fwd@Rva001FC357@@QAEHHH@Z,0x001FC357,Duplicate reconstruction retired; retained ?rva001FC357@Rva001FC357@@QAEXPAX0@Z in Code/GameEngine/Source/Common/Thing/Rva001FA836ForwardChain.cpp; same retail extent; October 5 double-row audit
?setup@Rva001FC357@@QAEXPAX0@Z,0x001FC357,Duplicate reconstruction retired; retained ?rva001FC357@Rva001FC357@@QAEXPAX0@Z in Code/GameEngine/Source/Common/Thing/Rva001FA836ForwardChain.cpp; same retail extent; October 5 double-row audit
?fwd@Rva001FC451@@QAEHHH@Z,0x001FC451,Duplicate reconstruction retired; retained ?rva001FC451@Rva001FC451@@QAEXPAX0@Z in Code/GameEngine/Source/Common/Thing/Rva001FA836ForwardChain.cpp; same retail extent; October 5 double-row audit
?setup@Rva001FC451@@QAEXPAX0@Z,0x001FC451,Duplicate reconstruction retired; retained ?rva001FC451@Rva001FC451@@QAEXPAX0@Z in Code/GameEngine/Source/Common/Thing/Rva001FA836ForwardChain.cpp; same retail extent; October 5 double-row audit
?poll@Rva0020EB41@@QAEXXZ,0x0020EB41,Duplicate reconstruction retired; retained ?rva0020EB41@Rva0020EB41@@QAEXXZ in Code/GameEngine/Source/Common/PinnedForwarders1830.cpp; same retail extent; October 5 double-row audit
?Rva0021D2B6@@YAHHHH@Z,0x0021D2B6,Duplicate reconstruction retired; retained ??$__unguarded_insertion_sort@PAW4Rva0021B68DKey@@URva0021B68DCmp@@@_STL@@YAXPAW4Rva0021B68DKey@@0URva0021B68DCmp@@@Z in Code/Libraries/Source/WWVegas/WWLib/stlport_sort_rva0021b68d.cpp; same retail extent; October 5 double-row audit
?Rva0021E741@@YAHHHHH@Z,0x0021E741,Duplicate reconstruction retired; retained ??$partial_sort@PAW4Rva0021B68DKey@@URva0021B68DCmp@@@_STL@@YAXPAW4Rva0021B68DKey@@00URva0021B68DCmp@@@Z in Code/Libraries/Source/WWVegas/WWLib/stlport_sort_rva0021b68d.cpp; same retail extent; October 5 double-row audit
?rva00254008@Rva00254008@@QAEPAV1@I@Z,0x00254008,Duplicate reconstruction retired; retained ??_GRva00254024@@QAEPAXI@Z in Code/GameEngine/Source/Common/ThunkReachedDeletingDtors01.cpp; same retail extent; October 5 double-row audit
?fwd@Rva0029B16AOwner@@QAEXHH@Z,0x0029B16A,Duplicate reconstruction retired; retained ?rva0029B16A@Rva0029B16A@@QAEXHH@Z in Code/GameEngine/Source/Common/PinnedForwarders1830.cpp; same retail extent; October 5 double-row audit
?fwd@Rva002A9CDEOwner@@QAEXHH@Z,0x002A9CDE,Duplicate reconstruction retired; retained ?rva002A9CDE@Rva002A9CDE@@QAEXHH@Z in Code/GameEngine/Source/Common/PinnedForwarders1830.cpp; same retail extent; October 5 double-row audit
?fwd@Rva002A9CF0Owner@@QAEXH@Z,0x002A9CF0,Duplicate reconstruction retired; retained ?rva002A9CF0@Rva002A9CF0@@QAEXH@Z in Code/GameEngine/Source/Common/PinnedForwarders1830.cpp; same retail extent; October 5 double-row audit
?rva002A9DEC@Rva002A9BF2@@QAEXH@Z,0x002A9DEC,Duplicate reconstruction retired; retained ?rva002A9DEC@Rva002A9DEC@@QAEXH@Z in Code/GameEngine/Source/Common/PinnedForwarders1830.cpp; same retail extent; October 5 double-row audit
?Rva002B6351@@YAHHHH@Z,0x002B6351,Duplicate reconstruction retired; retained ??$__unguarded_insertion_sort@PAVRva004F6093Holder@@URva002BBC1CCmp@@@_STL@@YAXPAVRva004F6093Holder@@0URva002BBC1CCmp@@@Z in Code/Libraries/Source/WWVegas/WWLib/stlport_sort_rva002bbc1c.cpp; same retail extent; October 5 double-row audit
?Rva002B7485@@YAHHHH@Z,0x002B7485,Duplicate reconstruction retired; retained ??$pop_heap@PAVRva004F6093Holder@@URva002BBC1CCmp@@@_STL@@YAXPAVRva004F6093Holder@@0URva002BBC1CCmp@@@Z in Code/Libraries/Source/WWVegas/WWLib/stlport_sort_rva002bbc1c.cpp; same retail extent; October 5 double-row audit
?Rva002BAE0F@@YAHHHHH@Z,0x002BAE0F,Duplicate reconstruction retired; retained ??$partial_sort@PAVRva004F6093Holder@@URva002BBC1CCmp@@@_STL@@YAXPAVRva004F6093Holder@@00URva002BBC1CCmp@@@Z in Code/Libraries/Source/WWVegas/WWLib/stlport_sort_rva002bbc1c.cpp; same retail extent; October 5 double-row audit
??$__uninitialized_fill_n@PAURva002BAE2AElement@@IU1@@_STL@@YAPAURva002BAE2AElement@@PAU1@IABU1@ABU__false_type@0@@Z,0x002BB785,Duplicate reconstruction retired; retained ??$__uninitialized_fill_n@PAV?$vector@URva002BC339Value@@V?$allocator@URva002BC339Value@@@_STL@@@_STL@@IV12@@_STL@@YAPAV?$vector@URva002BC339Value@@V?$allocator@URva002BC339Value@@@_STL@@@0@PAV10@IABV10@ABU__false_type@0@@Z in Code/Libraries/Source/WWVegas/WWLib/stlport_nested_vector_uninitialized_fill_n_002bb785.cpp; same retail extent; October 5 double-row audit
?rva002BFCF5@Rva002BFCF5@@QAEXHH@Z,0x002BFCF5,Duplicate reconstruction retired; retained ?Rva002BFCF5@@YGXUVideoPair@@@Z in Code/GameEngine/Source/Common/RvaPairCopyCallFamily.cpp; same retail extent; October 5 double-row audit
?fwd@Rva002E2F39Owner@@QAEHH@Z,0x002E2F39,Duplicate reconstruction retired; retained ?rva002E2F39@Rva002E2F39@@QAEXABURva002E2D10Record@@@Z in Code/GameEngine/Source/Common/Rva002E2F39.cpp; same retail extent; October 5 double-row audit
?cleanup@Rva00330BDBMid@@QAEXXZ,0x00330BDB,Duplicate reconstruction retired; retained ?rva00330BDB@Rva00330BDB@@QBEMXZ in Code/GameEngine/Source/Common/Rva00330BDBForwarder.cpp; same retail extent; October 5 double-row audit
?fwd@Rva00330C0FOwner@@QAEHH@Z,0x00330C0F,Duplicate reconstruction retired; retained ?rva00330C0F@Rva00330C0F@@QAE?AURegion2D@@XZ in Code/GameEngine/Source/Common/Rva00330C0FForwarder.cpp; same retail extent; October 5 double-row audit
?Rva00331D67@@YAHHHH@Z,0x00331D67,Duplicate reconstruction retired; retained ??$__unguarded_insertion_sort@PAUS4SortElem12@@US4Cmp002E1690@@@_STL@@YAXPAUS4SortElem12@@0US4Cmp002E1690@@@Z in Code/Libraries/Source/WWVegas/WWLib/stlport_sort_s4sortelem12_003327c5.cpp; same retail extent; October 5 double-row audit
?erase@?$vector@URva00335C62Element@@V?$allocator@URva00335C62Element@@@_STL@@@_STL@@QAEPAURva00335C62Element@@PAU3@0@Z,0x00335C62,Duplicate reconstruction retired; retained ?erase@?$vector@UBfmeOpaqueRecord156@@V?$allocator@UBfmeOpaqueRecord156@@@_STL@@@_STL@@QAEPAUBfmeOpaqueRecord156@@PAU3@0@Z in Code/Libraries/Source/WWVegas/WWLib/StlportVectorErase38Family.cpp; same retail extent; October 5 double-row audit
?fwd@Rva00335C62Owner@@QAEHHH@Z,0x00335C62,Duplicate reconstruction retired; retained ?erase@?$vector@UBfmeOpaqueRecord156@@V?$allocator@UBfmeOpaqueRecord156@@@_STL@@@_STL@@QAEPAUBfmeOpaqueRecord156@@PAU3@0@Z in Code/Libraries/Source/WWVegas/WWLib/StlportVectorErase38Family.cpp; same retail extent; October 5 double-row audit
??$__push_heap@PAUS4SortElem20@@HU1@US4Cmp002EB8E0@@@_STL@@YAXPAUS4SortElem20@@HHU1@US4Cmp002EB8E0@@@Z,0x00337479,Duplicate reconstruction retired; retained ??$__push_heap@PAVRva003371B1@@HV1@URva00337C55Less@@@_STL@@YAXPAVRva003371B1@@HHV1@URva00337C55Less@@@Z in Code/Libraries/Source/WWVegas/WWLib/stlport_partial_sort_rva00337c55.cpp; same retail extent; October 5 double-row audit
??$__adjust_heap@PAUS4SortElem20@@HU1@US4Cmp002EB8E0@@@_STL@@YAXPAUS4SortElem20@@HHU1@US4Cmp002EB8E0@@@Z,0x0033758C,Duplicate reconstruction retired; retained ??$__adjust_heap@PAVRva003371B1@@HV1@URva00337C55Less@@@_STL@@YAXPAVRva003371B1@@HHV1@URva00337C55Less@@@Z in Code/Libraries/Source/WWVegas/WWLib/stlport_partial_sort_rva00337c55.cpp; same retail extent; October 5 double-row audit
??$__pop_heap@PAUS4SortElem20@@U1@US4Cmp002EB8E0@@H@_STL@@YAXPAUS4SortElem20@@00U1@US4Cmp002EB8E0@@PAH@Z,0x003376EA,Duplicate reconstruction retired; retained ??$__pop_heap@PAVRva003371B1@@V1@URva00337C55Less@@H@_STL@@YAXPAVRva003371B1@@00V1@URva00337C55Less@@PAH@Z in Code/Libraries/Source/WWVegas/WWLib/stlport_partial_sort_rva00337c55.cpp; same retail extent; October 5 double-row audit
?Rva00337C55@@YAHHHHH@Z,0x00337C55,Duplicate reconstruction retired; retained ??$partial_sort@PAVRva003371B1@@URva00337C55Less@@@_STL@@YAXPAVRva003371B1@@00URva00337C55Less@@@Z in Code/Libraries/Source/WWVegas/WWLib/stlport_partial_sort_rva00337c55.cpp; same retail extent; October 5 double-row audit
?step@Rva0033B1CD@@QAEXXZ,0x0033B1CD,Duplicate reconstruction retired; retained ?rva0033B1CD@Rva0033B1CD@@QAEXXZ in Code/GameEngine/Source/Common/Thing/Rva0033B1CDDtor.cpp; same retail extent; October 5 double-row audit
?method@Rva0033B1CD@@QAEXXZ,0x0033B1CD,Duplicate reconstruction retired; retained ?rva0033B1CD@Rva0033B1CD@@QAEXXZ in Code/GameEngine/Source/Common/Thing/Rva0033B1CDDtor.cpp; same retail extent; October 5 double-row audit
?rva003A37DC@Rva003A37DC@@QAEXHH@Z,0x003A37DC,Duplicate reconstruction retired; retained ?rva003A37DC@Rva000427195@@QAEXUVideoPair@@@Z in Code/GameEngine/Source/GameClient/GUI/ControlBar/ControlBarVideoMapErase.cpp; same retail extent; October 5 double-row audit
?Rva003B02A1@@YAHHHH@Z,0x003B02A1,Duplicate reconstruction retired; retained ??$pop_heap@PAURva003B02F4Entry@@URva003B02F4Greater@@@_STL@@YAXPAURva003B02F4Entry@@0URva003B02F4Greater@@@Z in Code/Libraries/Source/WWVegas/WWLib/stlport_priority_queue_rva003b02f4.cpp; same retail extent; October 5 double-row audit
??0Rva003B0835@@QAE@H@Z,0x003B0835,Duplicate reconstruction retired; retained ??0Rva003B0401@@QAE@ABVRvaSmartPtr12@@@Z in Code/GameEngine/Source/Common/Rva003BCtors0083.cpp; same retail extent; October 5 double-row audit
?Rva003C3AB0@@YAHHHH@Z,0x003C3AB0,Duplicate reconstruction retired; retained ??$__unguarded_insertion_sort@PAPAURva003C3AB0Item@@URva003C3AB0Cmp@@@_STL@@YAXPAPAURva003C3AB0Item@@0URva003C3AB0Cmp@@@Z in Code/Libraries/Source/WWVegas/WWLib/stlport_sort_rva003c3ab0.cpp; same retail extent; October 5 double-row audit
?rva003EF34A@Rva003EF34A@@QAEHII@Z,0x003EF34A,Duplicate reconstruction retired; retained ?fwd@Rva003EF34AOwner@@QAEHHH@Z in Code/GameEngine/Source/Common/RvaCountNoteRunFamily.cpp; same retail extent; October 5 double-row audit
?fwd@Rva0040FAFEOwner@@QAEXH@Z,0x0040FAFE,Duplicate reconstruction retired; retained ?Rva0040FAFEAdvance@@YGXH@Z in Code/GameEngine/Source/Common/Rva0040F7E5Advance.cpp; same retail extent; October 5 double-row audit
?init@Rva004152BCHost@@QAEHHH@Z,0x004152BC,Duplicate reconstruction retired; retained ?rva004152BC@Rva004152BC@@QAEPAV1@HH@Z in Code/GameEngine/Source/Common/Rva002F1C5FSelfLink.cpp; same retail extent; October 5 double-row audit
?Rva00433B96@@YAXPAPAURva00433B96Node@@PAU1@1ABVUnicodeString@@@Z,0x00433B96,Duplicate reconstruction retired; retained ??$__find@U?$_List_iterator@VUnicodeString@@U?$_Nonconst_traits@VUnicodeString@@@_STL@@@_STL@@VUnicodeString@@@_STL@@YA?AU?$_List_iterator@VUnicodeString@@U?$_Nonconst_traits@VUnicodeString@@@_STL@@@0@U10@0ABVUnicodeString@@ABUinput_iterator_tag@0@@Z in Code/Libraries/Source/WWVegas/WWLib/stlport_list_unicodestring_insert.cpp; same retail extent; October 5 double-row audit
?read@Rva004C7330Owner@@QAEPAV1@PAH@Z,0x004C7330,Duplicate reconstruction retired; retained ??0Rva004C734DElement@@QAE@ABU0@@Z in Code/Libraries/Source/WWVegas/WWLib/StlportElementCopyCtorsW3G15.cpp; same retail extent; October 5 double-row audit
?Rva000A9DF8FireC@@YAXPAVRva000A9DF8ObjC@@H@Z,0x004D9ACE,Duplicate reconstruction retired; retained ??$_Construct@VRva004D971D@@V1@@_STL@@YAXPAVRva004D971D@@ABV1@@Z in Code/Libraries/Source/WWVegas/WWLib/stlport_construct_rva004d971d.cpp; same retail extent; October 5 double-row audit
?Rva004D9ACE@@YAXPAXABVRva004D971D@@@Z,0x004D9ACE,Duplicate reconstruction retired; retained ??$_Construct@VRva004D971D@@V1@@_STL@@YAXPAVRva004D971D@@ABV1@@Z in Code/Libraries/Source/WWVegas/WWLib/stlport_construct_rva004d971d.cpp; same retail extent; October 5 double-row audit
?rva004E08A9@Rva004E08A9@@QAE_N_N@Z,0x004E08A9,Duplicate reconstruction retired; retained ?rva004E08A9@Rva004E0705@@QAE_N_N@Z in Code/GameEngine/Source/Common/Rva004E08A9Gate.cpp; same retail extent; October 5 double-row audit
?rva004E7392@Rva004E7277@@QAEPAXPAV1@@Z,0x004E7392,Duplicate reconstruction retired; retained ??0Rva004E7392@@QAE@ABU0@@Z in Code/GameEngine/Source/Common/Rva004E7392Copy.cpp; same retail extent; October 5 double-row audit
?rva004ED08A@Rva004ED08A@@QAEXXZ,0x004ED08A,Duplicate reconstruction retired; retained ?cohereTeams@AITactic@@QAEXXZ in Code/Libraries/Source/WWVegas/WW3D2/HLodRva004ECECD.cpp; same retail extent; October 5 double-row audit
?Rva004F786C@@YAHHHH@Z,0x004F786C,Duplicate reconstruction retired; retained ??$__unguarded_insertion_sort@PAURva004F6352@@URva004F6352Cmp@@@_STL@@YAXPAURva004F6352@@0URva004F6352Cmp@@@Z in Code/Libraries/Source/WWVegas/WWLib/stlport_rva004f6352_sort_entry.cpp; same retail extent; October 5 double-row audit
?Rva004F7E61@@YAHHHH@Z,0x004F7E61,Duplicate reconstruction retired; retained ??$pop_heap@PAURva004F6966@@URva004F81DBGreater@@@_STL@@YAXPAURva004F6966@@0URva004F81DBGreater@@@Z in Code/Libraries/Source/WWVegas/WWLib/stlport_pop_heap_rva004f7e61.cpp; same retail extent; October 5 double-row audit
?read@Rva004F802COwner@@QAEPAV1@PAH@Z,0x004F802C,Duplicate reconstruction retired; retained ??0Rva004F868AElement@@QAE@ABU0@@Z in Code/Libraries/Source/WWVegas/WWLib/StlportElementCopyCtorsW3G15.cpp; same retail extent; October 5 double-row audit
?Rva004F83F2@@YGXHHHH@Z,0x004F83F2,Duplicate reconstruction retired; retained ?rva004F83F2@@YGXHHHH@Z in Code/GameEngine/Source/Common/Rva004F8B89Stub.cpp; same retail extent; October 5 double-row audit
?Rva004F8B89@@YGXHHH@Z,0x004F8B89,Duplicate reconstruction retired; retained ?rva004F8B89@@YGXHHH@Z in Code/GameEngine/Source/Common/Rva004F8B89Stub.cpp; same retail extent; October 5 double-row audit
?rva004F9EF3@@YAXPAURva004F6352@@0URva004F6352Cmp@@@Z,0x004F9EF3,Duplicate reconstruction retired; retained ??$sort@PAURva004F6352@@URva004F6352Cmp@@@_STL@@YAXPAURva004F6352@@0URva004F6352Cmp@@@Z in Code/Libraries/Source/WWVegas/WWLib/stlport_rva004f6352_sort_entry.cpp; same retail extent; October 5 double-row audit
?rva004FC176@Rva004FC176NullForwarder@@QAEXH@Z,0x004FC176,Duplicate reconstruction retired; retained ?rva004FC176@Rva004FC176@@QAEXH@Z in Code/GameEngine/Source/Common/PinnedForwarders1830.cpp; same retail extent; October 5 double-row audit
?read@Rva00501DD4Owner@@QAEPAV1@PAH@Z,0x00501DD4,Duplicate reconstruction retired; retained ??0Rva00502082Element@@QAE@ABU0@@Z in Code/Libraries/Source/WWVegas/WWLib/StlportElementCopyCtorsW3G15.cpp; same retail extent; October 5 double-row audit
?read@Rva005020AFOwner@@QAEPAV1@PAH@Z,0x005020AF,Duplicate reconstruction retired; retained ??0Rva00502667Element@@QAE@ABU0@@Z in Code/Libraries/Source/WWVegas/WWLib/StlportElementCopyCtorsW3G15.cpp; same retail extent; October 5 double-row audit
?read@Rva00502909Owner@@QAEPAV1@PAH@Z,0x00502909,Duplicate reconstruction retired; retained ??0Rva00502C53Element@@QAE@ABU0@@Z in Code/Libraries/Source/WWVegas/WWLib/StlportElementCopyCtorsW3G15.cpp; same retail extent; October 5 double-row audit
?rva005258F8@Rva005258F8@@QAEXHH@Z,0x005258F8,Duplicate reconstruction retired; retained ?Rva005258F8@@YGXUVideoPair@@@Z in Code/GameEngine/Source/Common/RvaPairCopyCallFamily.cpp; same retail extent; October 5 double-row audit
?Rva005258F8@@YGXHH@Z,0x005258F8,Duplicate reconstruction retired; retained ?Rva005258F8@@YGXUVideoPair@@@Z in Code/GameEngine/Source/Common/RvaPairCopyCallFamily.cpp; same retail extent; October 5 double-row audit
?rva0052B7F8@Rva0052B7F8@@QAEHII@Z,0x0052B7F8,Duplicate reconstruction retired; retained ?fwd@Rva0052B7F8Owner@@QAEHHH@Z in Code/GameEngine/Source/Common/RvaCountNoteRunFamily.cpp; same retail extent; October 5 double-row audit
?Rva0052D6EBCopy@@YAPAVRva0056616B@@PAV1@00@Z,0x0052D6EB,Duplicate reconstruction retired; retained ??$__uninitialized_copy@PAURva0052D742Record@@PAU1@@_STL@@YAPAURva0052D742Record@@PAU1@00ABU__false_type@0@@Z in Code/Libraries/Source/WWVegas/WWLib/VectorOverflowRva0052D742.cpp; same retail extent; October 5 double-row audit
?Rva0052D71AFillN@@YAPAVRva0056616B@@PAV1@IABV1@@Z,0x0052D71A,Duplicate reconstruction retired; retained ??$__uninitialized_fill_n@PAURva0052D742Record@@IU1@@_STL@@YAPAURva0052D742Record@@PAU1@IABU1@ABU__false_type@0@@Z in Code/Libraries/Source/WWVegas/WWLib/VectorOverflowRva0052D742.cpp; same retail extent; October 5 double-row audit
?rva005412E2@Rva005412E2@@QAEPAXPAX@Z,0x005412E2,Duplicate reconstruction retired; retained ?erase@?$vector@URva0054107FRecord@@V?$allocator@URva0054107FRecord@@@_STL@@@_STL@@QAEPAURva0054107FRecord@@PAU3@@Z in Code/Libraries/Source/WWVegas/WWLib/Rva005412E2Erase.cpp; same retail extent; October 5 double-row audit
?fwd@Rva0054152DOwner@@QAEHHH@Z,0x0054152D,Duplicate reconstruction retired; retained ?erase@?$vector@URva0054107FRecord@@V?$allocator@URva0054107FRecord@@@_STL@@@_STL@@QAEPAURva0054107FRecord@@PAU3@0@Z in Code/Libraries/Source/WWVegas/WWLib/Rva0054152DErase.cpp; same retail extent; October 5 double-row audit
?fwd@Rva00541553Owner@@QAEHHH@Z,0x00541553,Duplicate reconstruction retired; retained ?erase@?$vector@VRva0054103E@@V?$allocator@VRva0054103E@@@_STL@@@_STL@@QAEPAVRva0054103E@@PAV3@0@Z in Code/Libraries/Source/WWVegas/WWLib/StlportVectorErase38Family.cpp; same retail extent; October 5 double-row audit
?read@Rva005564EBOwner@@QAEPAV1@PAH@Z,0x005564EB,Duplicate reconstruction retired; retained ??0Rva00557C90Element@@QAE@ABU0@@Z in Code/Libraries/Source/WWVegas/WWLib/StlportElementCopyCtorsW3G15.cpp; same retail extent; October 5 double-row audit
?_M_clear@?$vector@URva00577EF1Element@@V?$allocator@URva00577EF1Element@@@_STL@@@_STL@@IAEXXZ,0x00577EF1,Duplicate reconstruction retired; retained ?_M_clear@?$vector@URva002B9062Element@@V?$allocator@URva002B9062Element@@@_STL@@@_STL@@IAEXXZ in Code/Libraries/Source/WWVegas/WWLib/StlportVectorClearRva00577EF1.cpp; same retail extent; October 5 double-row audit
?step@Rva005962E7@@QAEXXZ,0x005962E7,Duplicate reconstruction retired; retained ?rva005962E7@Rva005962E7@@QAEXXZ in Code/GameEngine/Source/Common/Rva0010BA61Wrappers.cpp; same retail extent; October 5 double-row audit
?rva0059E0F7@@YAHH@Z,0x0059E0F7,Duplicate reconstruction retired; retained ?Rva0059E0F7@@YAII@Z in Code/GameEngine/Source/Common/RvaLookupFieldOrZeroFamily.cpp; same retail extent; October 5 double-row audit
?fwd@Rva005B129FOwner@@QAEHHH@Z,0x005B129F,Duplicate reconstruction retired; retained ?erase@Rva005B129FVector@@QAEPAURva005B09D8Record@@PAU2@0@Z in Code/Libraries/Source/WWVegas/WWLib/Rva005B09D8CopyPointers.cpp; same retail extent; October 5 double-row audit
?erase@?$vector@UBfmeStringRecord002CF4C6@@V?$allocator@UBfmeStringRecord002CF4C6@@@_STL@@@_STL@@QAEPAUBfmeStringRecord002CF4C6@@PAU3@0@Z,0x005B129F,Duplicate reconstruction retired; retained ?erase@Rva005B129FVector@@QAEPAURva005B09D8Record@@PAU2@0@Z in Code/Libraries/Source/WWVegas/WWLib/Rva005B09D8CopyPointers.cpp; same retail extent; October 5 double-row audit
?rva005B129F@Rva005B129FClass@@QAEHHH@Z,0x005B129F,Duplicate reconstruction retired; retained ?erase@Rva005B129FVector@@QAEPAURva005B09D8Record@@PAU2@0@Z in Code/Libraries/Source/WWVegas/WWLib/Rva005B09D8CopyPointers.cpp; same retail extent; October 5 double-row audit
?rva005C834A@Rva005C834AOwner@@QAEXHH@Z,0x005C834A,Duplicate reconstruction retired; retained ?method_005C834A@HostClass005C815B@@QAEXHH@Z in Code/GameEngine/Source/Common/HostClass005C815B.cpp; same retail extent; October 5 double-row audit
?rva005C839B@Rva005C839BOwner@@QAEXHH@Z,0x005C839B,Duplicate reconstruction retired; retained ?method_005C839B@HostClass005C815B@@QAEXHH@Z in Code/GameEngine/Source/Common/HostClass005C815B.cpp; same retail extent; October 5 double-row audit
?poll@Rva005CCB16@@QAEXXZ,0x005CCB16,Duplicate reconstruction retired; retained ?rva005CCB16@Rva005CCB16@@QAEXXZ in Code/GameEngine/Source/Common/PinnedForwarders1830.cpp; same retail extent; October 5 double-row audit
?step@Rva005CDDF0@@QAEXXZ,0x005CDDF0,Duplicate reconstruction retired; retained ?method@Rva005CDDF0@@QAEXXZ in Code/GameEngine/Source/Common/RvaFamily7TailPairs.cpp; same retail extent; October 5 double-row audit
?rva005CDDF0@Rva005CDDF0@@QAEXXZ,0x005CDDF0,Duplicate reconstruction retired; retained ?method@Rva005CDDF0@@QAEXXZ in Code/GameEngine/Source/Common/RvaFamily7TailPairs.cpp; same retail extent; October 5 double-row audit
?poll@Rva005D13D5@@QAEXXZ,0x005D13D5,Duplicate reconstruction retired; retained ?rva005D13D5@Rva005D13D5@@QAEXXZ in Code/GameEngine/Source/Common/PinnedForwarders1830.cpp; same retail extent; October 5 double-row audit
?step@Rva005D1516@@QAEXXZ,0x005D1516,Duplicate reconstruction retired; retained ?rva005D1516@Rva005D1516@@QAEXXZ in Code/GameEngine/Source/Common/Rva0010BA61Wrappers.cpp; same retail extent; October 5 double-row audit
?step@Rva005E1906@@QAEXXZ,0x005E1906,Duplicate reconstruction retired; retained ?rva005E1906@Rva005E1906@@QAEXXZ in Code/GameEngine/Source/Common/Rva0010BA61Wrappers.cpp; same retail extent; October 5 double-row audit
?step@Rva005E1917@@QAEXXZ,0x005E1917,Duplicate reconstruction retired; retained ?rva005E1917@Rva005E1917@@QAEXXZ in Code/GameEngine/Source/Common/Rva0010BA61Wrappers.cpp; same retail extent; October 5 double-row audit
?step@Rva005E1BC4@@QAEXXZ,0x005E1BC4,Duplicate reconstruction retired; retained ?rva005E1BC4@Rva005E1BC4@@QAEXXZ in Code/GameEngine/Source/Common/Rva0010BA61Wrappers.cpp; same retail extent; October 5 double-row audit
?step@Rva005E25DE@@QAEXXZ,0x005E25DE,Duplicate reconstruction retired; retained ?rva005E25DE@Rva005E25DE@@QAEXXZ in Code/GameEngine/Source/Common/Rva0010BA61Wrappers.cpp; same retail extent; October 5 double-row audit
?copyFrom@Rva005E35B5@@QAEPAV1@PBX@Z,0x005E35B5,Duplicate reconstruction retired; retained ??0Rva005E35B5@@QAE@ABV0@@Z in Code/GameEngine/Source/Common/Rva005E35B5Memcpy.cpp; same retail extent; October 5 double-row audit
?rva005E5884@Rva005E5884@@QAEHHH@Z,0x005E5884,Duplicate reconstruction retired; retained ?rva005E5884@Rva005E5884@@QAEHPAXH@Z in Code/GameEngine/Source/Common/Rva005E5884Method.cpp; same retail extent; October 5 double-row audit
?step@Rva005E590F@@QAEXXZ,0x005E590F,Duplicate reconstruction retired; retained ?rva005E590F@Rva005E590F@@QAEXXZ in Code/GameEngine/Source/Common/Rva0010BA61Wrappers.cpp; same retail extent; October 5 double-row audit
?step@Rva005E6BA3@@QAEXXZ,0x005E6BA3,Duplicate reconstruction retired; retained ?rva005E6BA3@Rva005E6BA3@@QAEXXZ in Code/GameEngine/Source/Common/Rva0010BA61Wrappers.cpp; same retail extent; October 5 double-row audit
?step@Rva005E6BB4@@QAEXXZ,0x005E6BB4,Duplicate reconstruction retired; retained ?rva005E6BB4@Rva005E6BB4@@QAEXXZ in Code/GameEngine/Source/Common/Rva0010BA61Wrappers.cpp; same retail extent; October 5 double-row audit
?copyFrom@Rva005EEEFF@@QAEPAV1@PBX@Z,0x005EEEFF,Duplicate reconstruction retired; retained ??0Rva005EEEFF@@QAE@ABV0@@Z in Code/GameEngine/Source/Common/Rva005E35B5Memcpy.cpp; same retail extent; October 5 double-row audit
?rva005F50A3@Rva005F50A3@@QAEXHHH@Z,0x005F50A3,Duplicate reconstruction retired; retained ??$_M_assign_dispatch@URva005E59FCKeyIterator@@@?$vector@HV?$allocator@H@_STL@@@_STL@@QAEXURva005E59FCKeyIterator@@0ABU__false_type@1@@Z in Code/Libraries/Source/WWVegas/WWLib/StlportTreeKeyRangeVector.cpp; same retail extent; October 5 double-row audit
?rva005F50D3@Rva005F50D3@@QAEXHH@Z,0x005F50D3,Duplicate reconstruction retired; retained ??$assign@URva005E59FCKeyIterator@@@?$vector@HV?$allocator@H@_STL@@@_STL@@QAEXURva005E59FCKeyIterator@@0@Z in Code/Libraries/Source/WWVegas/WWLib/StlportTreeKeyRangeVector.cpp; same retail extent; October 5 double-row audit
?copyFrom@Rva005F8F00@@QAEPAV1@PBX@Z,0x005F8F00,Duplicate reconstruction retired; retained ??0Rva005F8F00@@QAE@ABV0@@Z in Code/GameEngine/Source/Common/Rva005E35B5Memcpy.cpp; same retail extent; October 5 double-row audit
??$__copy_backward_ptrs@PAEPAE@_STL@@YAPAEPAE00ABU__true_type@0@@Z,0x002C17D6,Redundant helper claim; retained ??$__copy_backward_ptrs@PAPAXPAPAX@_STL@@YAPAPAXPAPAX00ABU__true_type@0@@Z; distinct target byte-vector instantiation identity unproven; October 5 double-row audit
?d_00282b26@@YAXXZ,0x00282B26,Generated dump placeholder replaced by the byte-verified 121-byte C++ walker in Rva00282B26.cpp.
?d_00283033@@YAXXZ,0x00283033,Generated dump placeholder replaced by the verified 78-byte pointer-key removal in Rva002833A3C5.cpp; retired again after the union merge.
?d_00375b7a@@YAXXZ,0x00375B7A,"gen-dump placeholder superseded by the real identity of these bytes: ?rva00375B7A@Rva00375AF7HeightQuery@@QAEMMM@Z, byte-verified from Code/GameEngine/Source/GameLogic/Map/Rva00375B7AHeightQuery.cpp over the same 133-byte range. The Code/gen_asm/d_00375af7.asm dump reproduces those bytes but carries no identity."
?d_002beecd@@YAXXZ,0x002BEECD,Generated placeholder replaced by the byte-verified 92-byte category and context C++ predicate in Rva002BEECD.cpp.
?d_0020f1f3@@YAXXZ,0x0020F1F3,Generated placeholder replaced by the byte-verified 139-byte string selection and child reset C++ body in Rva0020F1F3.cpp.
?d_002206f9@@YAXXZ,0x002206F9,Generated placeholder replaced by the byte-verified 82-byte bulk or per-entry dispatch C++ body in Rva002206F9.cpp.
?d_003fa781@@YAXXZ,0x003FA781,Replaced by verified low-byte state toggle Rva003FA835::rva003FA781
?d_002f70e5@@YAXXZ,0x002F70E5,Replaced by verified Rva002F70E5Info query callback
?d_002f600c@@YAXXZ,0x002F600C,Replaced by verified Rva002F600CInfo::cellCallback
?d_003bcb7a@@YAXXZ,0x003BCB7A,Replaced by verified command-bar slot action Rva003BCB7A
?d_003a38e9@@YAXXZ,0x003A38E9,Replaced by verified Team::rva003A38E9 mapped-state setter
?d_0030bea2@@YAXXZ,0x0030BEA2,Replaced by verified reflected point-pair walker Rva0030BEA2::rva0030BEA2
?d_00375b7a@@YAXXZ,0x00375B7A,Converted to real C++ terrain and polygon height query
?d_0035a292@@YAXXZ,0x0035A292,Converted to real C++ ID-list erase and native helper dispatch
?d_00375a73@@YAXXZ,0x00375A73,Converted to real C++ spline query initialization and position extraction
