# Duplicate definitions and divergent COMDATs, keyed (class, name). Shrink-only:
# written by tools/dup_defs.py --write-baseline, which never adds a key.
divergent	??$?0PAD@?$basic_string@DV?$char_traits@D@_STL@@V?$allocator@D@2@@_STL@@QAE@PAD0ABV?$allocator@D@1@@Z
divergent	??$?0PBD@?$basic_string@DV?$char_traits@D@_STL@@V?$allocator@D@2@@_STL@@QAE@PBD0ABV?$allocator@D@1@@Z
divergent	??$?0PBG@?$basic_string@GV?$char_traits@G@_STL@@V?$allocator@G@2@@_STL@@QAE@PBG0ABV?$allocator@G@1@@Z
divergent	??$?8$$CBHH@_STL@@YA_NABU?$pair@$$CBHH@0@0@Z
divergent	??$?8$$CBW4NameKeyType@@VDamageFX@@@_STL@@YA_NABU?$pair@$$CBW4NameKeyType@@VDamageFX@@@0@0@Z
divergent	??$?8PAVSightingInfo@@@_STL@@YA_NABU?$_Deque_iterator_base@PAVSightingInfo@@@0@0@Z
divergent	??$?8U?$pair@$$CBHH@_STL@@U?$_Nonconst_traits@U?$pair@$$CBHH@_STL@@@1@U21@HU?$hash@H@1@U?$_Select1st@U?$pair@$$CBHH@_STL@@@1@U?$equal_to@H@1@V?$allocator@U?$pair@$$CBHH@_STL@@@1@@_STL@@YA_NABU?$_Ht_iterator@U?$pair@$$CBHH@_STL@@U?$_Nonconst_traits@U?$pair@$$CBHH@_STL@@@2@HU?$hash@H@2@U?$_Select1st@U?$pair@$$CBHH@_STL@@@2@U?$equal_to@H@2@V?$allocator@U?$pair@$$CBHH@_STL@@@2@@0@0@Z
divergent	??$?8U?$pair@$$CBW4NameKeyType@@VDamageFX@@@_STL@@U?$_Nonconst_traits@U?$pair@$$CBW4NameKeyType@@VDamageFX@@@_STL@@@1@U21@W4NameKeyType@@U?$hash@W4NameKeyType@@@rts@@U?$_Select1st@U?$pair@$$CBW4NameKeyType@@VDamageFX@@@_STL@@@1@U?$equal_to@W4NameKeyType@@@5@V?$allocator@U?$pair@$$CBW4NameKeyType@@VDamageFX@@@_STL@@@1@@_STL@@YA_NABU?$_Ht_iterator@U?$pair@$$CBW4NameKeyType@@VDamageFX@@@_STL@@U?$_Nonconst_traits@U?$pair@$$CBW4NameKeyType@@VDamageFX@@@_STL@@@2@W4NameKeyType@@U?$hash@W4NameKeyType@@@rts@@U?$_Select1st@U?$pair@$$CBW4NameKeyType@@VDamageFX@@@_STL@@@2@U?$equal_to@W4NameKeyType@@@6@V?$allocator@U?$pair@$$CBW4NameKeyType@@VDamageFX@@@_STL@@@2@@0@0@Z
divergent	??$?8U?$pair@$$CBW4NameKeyType@@VFXList@@@_STL@@U?$_Nonconst_traits@U?$pair@$$CBW4NameKeyType@@VFXList@@@_STL@@@1@U21@W4NameKeyType@@U?$hash@W4NameKeyType@@@rts@@U?$_Select1st@U?$pair@$$CBW4NameKeyType@@VFXList@@@_STL@@@1@U?$equal_to@W4NameKeyType@@@5@V?$allocator@U?$pair@$$CBW4NameKeyType@@VFXList@@@_STL@@@1@@_STL@@YA_NABU?$_Ht_iterator@U?$pair@$$CBW4NameKeyType@@VFXList@@@_STL@@U?$_Nonconst_traits@U?$pair@$$CBW4NameKeyType@@VFXList@@@_STL@@@2@W4NameKeyType@@U?$hash@W4NameKeyType@@@rts@@U?$_Select1st@U?$pair@$$CBW4NameKeyType@@VFXList@@@_STL@@@2@U?$equal_to@W4NameKeyType@@@6@V?$allocator@U?$pair@$$CBW4NameKeyType@@VFXList@@@_STL@@@2@@0@0@Z
divergent	??$?9PAVLightPoint@@@_STL@@YA_NABU?$_Deque_iterator_base@PAVLightPoint@@@0@0@Z
divergent	??$?9U?$pair@$$CBHW4Relationship@@@_STL@@HU?$hash@H@1@U?$_Select1st@U?$pair@$$CBHW4Relationship@@@_STL@@@1@U?$equal_to@H@1@V?$allocator@U?$pair@$$CBHW4Relationship@@@_STL@@@1@@_STL@@YA_NABU?$_Hashtable_iterator@U?$pair@$$CBHW4Relationship@@@_STL@@HU?$hash@H@2@U?$_Select1st@U?$pair@$$CBHW4Relationship@@@_STL@@@2@U?$equal_to@H@2@V?$allocator@U?$pair@$$CBHW4Relationship@@@_STL@@@2@@0@0@Z
divergent	??$?9U?$pair@$$CBIW4Relationship@@@_STL@@IU?$hash@I@1@U?$_Select1st@U?$pair@$$CBIW4Relationship@@@_STL@@@1@U?$equal_to@I@1@V?$allocator@U?$pair@$$CBIW4Relationship@@@_STL@@@1@@_STL@@YA_NABU?$_Hashtable_iterator@U?$pair@$$CBIW4Relationship@@@_STL@@IU?$hash@I@2@U?$_Select1st@U?$pair@$$CBIW4Relationship@@@_STL@@@2@U?$equal_to@I@2@V?$allocator@U?$pair@$$CBIW4Relationship@@@_STL@@@2@@0@0@Z
divergent	??$?9UBfmeE8@@@_STL@@YA_NABU?$_Deque_iterator_base@UBfmeE8@@@0@0@Z
divergent	??$?MDV?$char_traits@D@_STL@@V?$allocator@D@1@@_STL@@YA_NABV?$basic_string@DV?$char_traits@D@_STL@@V?$allocator@D@2@@0@0@Z
divergent	??$Bound@M@@YAMMMM@Z
divergent	??$_Construct@H@_STL@@YAXPAH@Z
divergent	??$_Construct@PAURva001408C0Target@@PAU1@@_STL@@YAXPAPAURva001408C0Target@@ABQAU1@@Z
divergent	??$_Construct@PAVDrawable@@PAV1@@_STL@@YAXPAPAVDrawable@@ABQAV1@@Z
divergent	??$_Construct@PAVFXNugget@@PAV1@@_STL@@YAXPAPAVFXNugget@@ABQAV1@@Z
divergent	??$_Construct@PAVGameWindow@@PAV1@@_STL@@YAXPAPAVGameWindow@@ABQAV1@@Z
divergent	??$_Construct@PAVObject@@PAV1@@_STL@@YAXPAPAVObject@@ABQAV1@@Z
divergent	??$_Construct@PAVTeamPrototype@@PAV1@@_STL@@YAXPAPAVTeamPrototype@@ABQAV1@@Z
divergent	??$_Construct@PAXPAX@_STL@@YAXPAPAXABQAX@Z
divergent	??$_Construct@PBVModuleData@@PBV1@@_STL@@YAXPAPBVModuleData@@ABQBV1@@Z
divergent	??$_Construct@PBVObjectCreationList@@PBV1@@_STL@@YAXPAPBVObjectCreationList@@ABQBV1@@Z
divergent	??$_Construct@U?$pair@$$CBHUBfmePod20@@@_STL@@U12@@_STL@@YAXPAU?$pair@$$CBHUBfmePod20@@@0@ABU10@@Z
divergent	??$_Construct@U?$pair@$$CBHUBfmePod32@@@_STL@@U12@@_STL@@YAXPAU?$pair@$$CBHUBfmePod32@@@0@ABU10@@Z
divergent	??$_Construct@U?$pair@$$CBHUBfmePod60@@@_STL@@U12@@_STL@@YAXPAU?$pair@$$CBHUBfmePod60@@@0@ABU10@@Z
divergent	??$_Construct@U?$pair@$$CBHUBfmePod72@@@_STL@@U12@@_STL@@YAXPAU?$pair@$$CBHUBfmePod72@@@0@ABU10@@Z
divergent	??$_Construct@U?$pair@$$CBHVAsciiString@@@_STL@@U12@@_STL@@YAXPAU?$pair@$$CBHVAsciiString@@@0@ABU10@@Z
divergent	??$_Construct@U?$pair@$$CBJVLadderPref@@@_STL@@U12@@_STL@@YAXPAU?$pair@$$CBJVLadderPref@@@0@ABU10@@Z
divergent	??$_Construct@U?$pair@$$CBV?$BitFlags@$0HF@@@PBUModelConditionInfo@@@_STL@@U12@@_STL@@YAXPAU?$pair@$$CBV?$BitFlags@$0HF@@@PBUModelConditionInfo@@@0@ABU10@@Z
divergent	??$_Construct@U?$pair@$$CBVAsciiString@@D@_STL@@U12@@_STL@@YAXPAU?$pair@$$CBVAsciiString@@D@0@ABU10@@Z
divergent	??$_Construct@U?$pair@$$CBVAsciiString@@PAVThingTemplate@@@_STL@@U12@@_STL@@YAXPAU?$pair@$$CBVAsciiString@@PAVThingTemplate@@@0@ABU10@@Z
divergent	??$_Construct@U?$pair@$$CBVAsciiString@@PBVFXList@@@_STL@@U12@@_STL@@YAXPAU?$pair@$$CBVAsciiString@@PBVFXList@@@0@ABU10@@Z
divergent	??$_Construct@U?$pair@$$CBVAsciiString@@UCoord3D@@@_STL@@U12@@_STL@@YAXPAU?$pair@$$CBVAsciiString@@UCoord3D@@@0@ABU10@@Z
divergent	??$_Construct@U?$pair@$$CBVAsciiString@@UNoCaseTreeValue4@@@_STL@@U12@@_STL@@YAXPAU?$pair@$$CBVAsciiString@@UNoCaseTreeValue4@@@0@ABU10@@Z
divergent	??$_Construct@U?$pair@$$CBVAsciiString@@UTreeHintPayload001F8ACB@@@_STL@@U12@@_STL@@YAXPAU?$pair@$$CBVAsciiString@@UTreeHintPayload001F8ACB@@@0@ABU10@@Z
divergent	??$_Construct@U?$pair@$$CBVAsciiString@@V1@@_STL@@U12@@_STL@@YAXPAU?$pair@$$CBVAsciiString@@V1@@0@ABU10@@Z
divergent	??$_Construct@U?$pair@$$CBVAsciiString@@VAudioEventRTS@@@_STL@@U12@@_STL@@YAXPAU?$pair@$$CBVAsciiString@@VAudioEventRTS@@@0@ABU10@@Z
divergent	??$_Construct@U?$pair@$$CBVUnicodeString@@_N@_STL@@U12@@_STL@@YAXPAU?$pair@$$CBVUnicodeString@@_N@0@ABU10@@Z
divergent	??$_Construct@U?$pair@$$CBW4NameKeyType@@UPristineBoneInfo@@@_STL@@U12@@_STL@@YAXPAU?$pair@$$CBW4NameKeyType@@UPristineBoneInfo@@@0@ABU10@@Z
divergent	??$_Construct@UBfmeAssignRecord104@@U1@@_STL@@YAXPAUBfmeAssignRecord104@@ABU1@@Z
divergent	??$_Construct@UBfmeE8@@@_STL@@YAXPAUBfmeE8@@@Z
divergent	??$_Construct@UBfmePod104@@U1@@_STL@@YAXPAUBfmePod104@@ABU1@@Z
divergent	??$_Construct@UBfmePod12@@U1@@_STL@@YAXPAUBfmePod12@@ABU1@@Z
divergent	??$_Construct@UBfmePod172@@U1@@_STL@@YAXPAUBfmePod172@@ABU1@@Z
divergent	??$_Construct@UBfmePod216@@U1@@_STL@@YAXPAUBfmePod216@@ABU1@@Z
divergent	??$_Construct@UBfmePod248@@U1@@_STL@@YAXPAUBfmePod248@@ABU1@@Z
divergent	??$_Construct@UBfmePod252@@U1@@_STL@@YAXPAUBfmePod252@@ABU1@@Z
divergent	??$_Construct@UBfmePod264@@U1@@_STL@@YAXPAUBfmePod264@@ABU1@@Z
divergent	??$_Construct@UBfmePod340@@U1@@_STL@@YAXPAUBfmePod340@@ABU1@@Z
divergent	??$_Construct@UBfmePod52@@U1@@_STL@@YAXPAUBfmePod52@@ABU1@@Z
divergent	??$_Construct@UBfmePod80@@U1@@_STL@@YAXPAUBfmePod80@@ABU1@@Z
divergent	??$_Construct@UBfmePod88@@U1@@_STL@@YAXPAUBfmePod88@@ABU1@@Z
divergent	??$_Construct@UBfmeRecord001DD3BC@@U1@@_STL@@YAXPAUBfmeRecord001DD3BC@@ABU1@@Z
divergent	??$_Construct@UBfmeRecord0040B61A@@U1@@_STL@@YAXPAUBfmeRecord0040B61A@@ABU1@@Z
divergent	??$_Construct@UBfmeStringRecord001EA478@@U1@@_STL@@YAXPAUBfmeStringRecord001EA478@@ABU1@@Z
divergent	??$_Construct@UBfmeStringRecord0021A940@@U1@@_STL@@YAXPAUBfmeStringRecord0021A940@@ABU1@@Z
divergent	??$_Construct@UBfmeStringRecord00239B46@@U1@@_STL@@YAXPAUBfmeStringRecord00239B46@@ABU1@@Z
divergent	??$_Construct@UBfmeStringRecord002B4DC1@@U1@@_STL@@YAXPAUBfmeStringRecord002B4DC1@@ABU1@@Z
divergent	??$_Construct@UBfmeStringRecord00415F34@@U1@@_STL@@YAXPAUBfmeStringRecord00415F34@@ABU1@@Z
divergent	??$_Construct@UBfmeStringRecord00448113@@U1@@_STL@@YAXPAUBfmeStringRecord00448113@@ABU1@@Z
divergent	??$_Construct@UBfmeStringRecord004D05B8@@U1@@_STL@@YAXPAUBfmeStringRecord004D05B8@@ABU1@@Z
divergent	??$_Construct@UCameraMarker@@U1@@_STL@@YAXPAUCameraMarker@@ABU1@@Z
divergent	??$_Construct@UEvaMessageInfo@@U1@@_STL@@YAXPAUEvaMessageInfo@@ABU1@@Z
divergent	??$_Construct@UGen003AA0D0@@U1@@_STL@@YAXPAUGen003AA0D0@@ABU1@@Z
divergent	??$_Construct@UGen_t_00595870_p12cd@@U1@@_STL@@YAXPAUGen_t_00595870_p12cd@@ABU1@@Z
divergent	??$_Construct@UGeometryRecord@@U1@@_STL@@YAXPAUGeometryRecord@@ABU1@@Z
divergent	??$_Construct@UNugget@ModuleInfo@@U12@@_STL@@YAXPAUNugget@ModuleInfo@@ABU12@@Z
divergent	??$_Construct@UPrereqUnitRec@ProductionPrerequisite@@U12@@_STL@@YAXPAUPrereqUnitRec@ProductionPrerequisite@@ABU12@@Z
divergent	??$_Construct@URva00153729@@U1@@_STL@@YAXPAURva00153729@@ABU1@@Z
divergent	??$_Construct@URva002B72C9@@U1@@_STL@@YAXPAURva002B72C9@@ABU1@@Z
divergent	??$_Construct@URva00423A4A@@U1@@_STL@@YAXPAURva00423A4A@@ABU1@@Z
divergent	??$_Construct@URva0048130E@@U1@@_STL@@YAXPAURva0048130E@@ABU1@@Z
divergent	??$_Construct@URva004E3E5AElement@@U1@@_STL@@YAXPAURva004E3E5AElement@@ABU1@@Z
divergent	??$_Construct@URva005334A4Element@@U1@@_STL@@YAXPAURva005334A4Element@@ABU1@@Z
divergent	??$_Construct@URva005668E9Element@@U1@@_STL@@YAXPAURva005668E9Element@@ABU1@@Z
divergent	??$_Construct@URva005C8624Element@@U1@@_STL@@YAXPAURva005C8624Element@@ABU1@@Z
divergent	??$_Construct@UTreeKey00242F5E@@U1@@_STL@@YAXPAUTreeKey00242F5E@@ABU1@@Z
divergent	??$_Construct@UUpgrades@CashHackSpecialPowerModuleData@@U12@@_STL@@YAXPAUUpgrades@CashHackSpecialPowerModuleData@@ABU12@@Z
divergent	??$_Construct@UcrateCreationEntry@@@_STL@@YAXPAUcrateCreationEntry@@@Z
divergent	??$_Construct@V?$basic_string@DV?$char_traits@D@_STL@@V?$allocator@D@2@@_STL@@V12@@_STL@@YAXPAV?$basic_string@DV?$char_traits@D@_STL@@V?$allocator@D@2@@0@ABV10@@Z
divergent	??$_Construct@V?$vector@UBfmeE8@@V?$allocator@UBfmeE8@@@_STL@@@_STL@@V12@@_STL@@YAXPAV?$vector@UBfmeE8@@V?$allocator@UBfmeE8@@@_STL@@@0@ABV10@@Z
divergent	??$_Construct@VArmorTemplateSet@@V1@@_STL@@YAXPAVArmorTemplateSet@@ABV1@@Z
divergent	??$_Construct@VAsciiString@@V1@@_STL@@YAXPAVAsciiString@@ABV1@@Z
divergent	??$_Construct@VGeometryInfo@@V1@@_STL@@YAXPAVGeometryInfo@@ABV1@@Z
divergent	??$_Construct@VProductionPrerequisite@@V1@@_STL@@YAXPAVProductionPrerequisite@@ABV1@@Z
divergent	??$_Construct@VRva0040CB11Entry@@V1@@_STL@@YAXPAVRva0040CB11Entry@@ABV1@@Z
divergent	??$_Construct@VRva0052BDE6@@V1@@_STL@@YAXPAVRva0052BDE6@@ABV1@@Z
divergent	??$_Construct@VRva0052BE33@@V1@@_STL@@YAXPAVRva0052BE33@@ABV1@@Z
divergent	??$_Construct@VRva0052BEF0@@V1@@_STL@@YAXPAVRva0052BEF0@@ABV1@@Z
divergent	??$_Construct@VRva0054103E@@V1@@_STL@@YAXPAVRva0054103E@@ABV1@@Z
divergent	??$_Construct@VUnicodeString@@V1@@_STL@@YAXPAVUnicodeString@@ABV1@@Z
divergent	??$_Construct@VW3DAnimationInfo@@V1@@_STL@@YAXPAVW3DAnimationInfo@@ABV1@@Z
divergent	??$_Construct@VWeaponTemplateSet@@V1@@_STL@@YAXPAVWeaponTemplateSet@@ABV1@@Z
divergent	??$_Construct@W4ObjectID@@W41@@_STL@@YAXPAW4ObjectID@@ABW41@@Z
divergent	??$_Construct@W4ScienceType@@W41@@_STL@@YAXPAW4ScienceType@@ABW41@@Z
divergent	??$_Destroy@PAUBfmeAssignRecord104@@@_STL@@YAXPAUBfmeAssignRecord104@@0@Z
divergent	??$_Destroy@PAUBfmeAssignRecord44@@@_STL@@YAXPAUBfmeAssignRecord44@@0@Z
divergent	??$_Destroy@PAUBfmeObject476@@@_STL@@YAXPAUBfmeObject476@@0@Z
divergent	??$_Destroy@PAUBfmeObject544@@@_STL@@YAXPAUBfmeObject544@@0@Z
divergent	??$_Destroy@PAUBfmePod104@@@_STL@@YAXPAUBfmePod104@@0@Z
divergent	??$_Destroy@PAUBfmePod128@@@_STL@@YAXPAUBfmePod128@@0@Z
divergent	??$_Destroy@PAUBfmePod216@@@_STL@@YAXPAUBfmePod216@@0@Z
divergent	??$_Destroy@PAUBfmePod248@@@_STL@@YAXPAUBfmePod248@@0@Z
divergent	??$_Destroy@PAUBfmePod252@@@_STL@@YAXPAUBfmePod252@@0@Z
divergent	??$_Destroy@PAUBfmePod40@@@_STL@@YAXPAUBfmePod40@@0@Z
divergent	??$_Destroy@PAUBfmePod88@@@_STL@@YAXPAUBfmePod88@@0@Z
divergent	??$_Destroy@PAUBfmeRecord0040B61A@@@_STL@@YAXPAUBfmeRecord0040B61A@@0@Z
divergent	??$_Destroy@PAUBfmeStringRecord00395E75@@@_STL@@YAXPAUBfmeStringRecord00395E75@@0@Z
divergent	??$_Destroy@PAUBfmeStringRecord00466E64@@@_STL@@YAXPAUBfmeStringRecord00466E64@@0@Z
divergent	??$_Destroy@PAUBfmeVectorRecord000BDF17@@@_STL@@YAXPAUBfmeVectorRecord000BDF17@@0@Z
divergent	??$_Destroy@PAUCoord3D@@@_STL@@YAXPAUCoord3D@@0@Z
divergent	??$_Destroy@PAUEvaMessageInfo@@@_STL@@YAXPAUEvaMessageInfo@@0@Z
divergent	??$_Destroy@PAUGeometryShape@@@_STL@@YAXPAUGeometryShape@@0@Z
divergent	??$_Destroy@PAUMade002CC5E1DamageScalar@@@_STL@@YAXPAUMade002CC5E1DamageScalar@@0@Z
divergent	??$_Destroy@PAUNugget@ModuleInfo@@@_STL@@YAXPAUNugget@ModuleInfo@@0@Z
divergent	??$_Destroy@PAUQuantityModifier@@@_STL@@YAXPAUQuantityModifier@@0@Z
divergent	??$_Destroy@PAURva00082BE6Element@@@_STL@@YAXPAURva00082BE6Element@@0@Z
divergent	??$_Destroy@PAURva00082C1DElement@@@_STL@@YAXPAURva00082C1DElement@@0@Z
divergent	??$_Destroy@PAURva0008B689Element@@@_STL@@YAXPAURva0008B689Element@@0@Z
divergent	??$_Destroy@PAURva000BEDF0Record@@@_STL@@YAXPAURva000BEDF0Record@@0@Z
divergent	??$_Destroy@PAURva000C828CElement@@@_STL@@YAXPAURva000C828CElement@@0@Z
divergent	??$_Destroy@PAURva000CF83CElement@@@_STL@@YAXPAURva000CF83CElement@@0@Z
divergent	??$_Destroy@PAURva001504A1Record@@@_STL@@YAXPAURva001504A1Record@@0@Z
divergent	??$_Destroy@PAURva00153A27Element@@@_STL@@YAXPAURva00153A27Element@@0@Z
divergent	??$_Destroy@PAURva001DAAF2Element@@@_STL@@YAXPAURva001DAAF2Element@@0@Z
divergent	??$_Destroy@PAURva001DF3F1Element@@@_STL@@YAXPAURva001DF3F1Element@@0@Z
divergent	??$_Destroy@PAURva0020A227Element@@@_STL@@YAXPAURva0020A227Element@@0@Z
divergent	??$_Destroy@PAURva00260B88Element@@@_STL@@YAXPAURva00260B88Element@@0@Z
divergent	??$_Destroy@PAURva002898ACElement@@@_STL@@YAXPAURva002898ACElement@@0@Z
divergent	??$_Destroy@PAURva002B72C9@@@_STL@@YAXPAURva002B72C9@@0@Z
divergent	??$_Destroy@PAURva002B9062Element@@@_STL@@YAXPAURva002B9062Element@@0@Z
divergent	??$_Destroy@PAURva00308E2CElement@@@_STL@@YAXPAURva00308E2CElement@@0@Z
divergent	??$_Destroy@PAURva00318203Element@@@_STL@@YAXPAURva00318203Element@@0@Z
divergent	??$_Destroy@PAURva0032DC80Element@@@_STL@@YAXPAURva0032DC80Element@@0@Z
divergent	??$_Destroy@PAURva0032EA3FElement@@@_STL@@YAXPAURva0032EA3FElement@@0@Z
divergent	??$_Destroy@PAURva003328B6Element@@@_STL@@YAXPAURva003328B6Element@@0@Z
divergent	??$_Destroy@PAURva0033A23AElement@@@_STL@@YAXPAURva0033A23AElement@@0@Z
divergent	??$_Destroy@PAURva00395D77@@@_STL@@YAXPAURva00395D77@@0@Z
divergent	??$_Destroy@PAURva0039A48EElement@@@_STL@@YAXPAURva0039A48EElement@@0@Z
divergent	??$_Destroy@PAURva003F7B22Element@@@_STL@@YAXPAURva003F7B22Element@@0@Z
divergent	??$_Destroy@PAURva0040C0C7Element@@@_STL@@YAXPAURva0040C0C7Element@@0@Z
divergent	??$_Destroy@PAURva00413B16Element@@@_STL@@YAXPAURva00413B16Element@@0@Z
divergent	??$_Destroy@PAURva00414258Element@@@_STL@@YAXPAURva00414258Element@@0@Z
divergent	??$_Destroy@PAURva00414BA4Element@@@_STL@@YAXPAURva00414BA4Element@@0@Z
divergent	??$_Destroy@PAURva00414BDBElement@@@_STL@@YAXPAURva00414BDBElement@@0@Z
divergent	??$_Destroy@PAURva00475F2AElement@@@_STL@@YAXPAURva00475F2AElement@@0@Z
divergent	??$_Destroy@PAURva0048130E@@@_STL@@YAXPAURva0048130E@@0@Z
divergent	??$_Destroy@PAURva004C3F09Element@@@_STL@@YAXPAURva004C3F09Element@@0@Z
divergent	??$_Destroy@PAURva004DA181Element@@@_STL@@YAXPAURva004DA181Element@@0@Z
divergent	??$_Destroy@PAURva004F87BCElement@@@_STL@@YAXPAURva004F87BCElement@@0@Z
divergent	??$_Destroy@PAURva004F8D92Element@@@_STL@@YAXPAURva004F8D92Element@@0@Z
divergent	??$_Destroy@PAURva004F93B0Element@@@_STL@@YAXPAURva004F93B0Element@@0@Z
divergent	??$_Destroy@PAURva00501E3FElement@@@_STL@@YAXPAURva00501E3FElement@@0@Z
divergent	??$_Destroy@PAURva005668E9Element@@@_STL@@YAXPAURva005668E9Element@@0@Z
divergent	??$_Destroy@PAURva00578425Element@@@_STL@@YAXPAURva00578425Element@@0@Z
divergent	??$_Destroy@PAURva005E1E9BElement@@@_STL@@YAXPAURva005E1E9BElement@@0@Z
divergent	??$_Destroy@PAURva005E2B0EElement@@@_STL@@YAXPAURva005E2B0EElement@@0@Z
divergent	??$_Destroy@PAURva005E71C6Ref@@@_STL@@YAXPAURva005E71C6Ref@@0@Z
divergent	??$_Destroy@PAURva005EFD53Element@@@_STL@@YAXPAURva005EFD53Element@@0@Z
divergent	??$_Destroy@PAURva005F13E6Element@@@_STL@@YAXPAURva005F13E6Element@@0@Z
divergent	??$_Destroy@PAURva005FA197Element@@@_STL@@YAXPAURva005FA197Element@@0@Z
divergent	??$_Destroy@PAURva005FA1CEElement@@@_STL@@YAXPAURva005FA1CEElement@@0@Z
divergent	??$_Destroy@PAUTreeKey00242F5E@@@_STL@@YAXPAUTreeKey00242F5E@@0@Z
divergent	??$_Destroy@PAV?$vector@UBfmeE8@@V?$allocator@UBfmeE8@@@_STL@@@_STL@@@_STL@@YAXPAV?$vector@UBfmeE8@@V?$allocator@UBfmeE8@@@_STL@@@0@0@Z
divergent	??$_Destroy@PAVAsciiString@@@_STL@@YAXPAVAsciiString@@0@Z
divergent	??$_Destroy@PAVLivingWorldRegionConnection@@@_STL@@YAXPAVLivingWorldRegionConnection@@0@Z
divergent	??$_Destroy@PAVMoney@@@_STL@@YAXPAVMoney@@0@Z
divergent	??$_Destroy@PAVProductionPrerequisite@@@_STL@@YAXPAVProductionPrerequisite@@0@Z
divergent	??$_Destroy@PAVRva000BB491@@@_STL@@YAXPAVRva000BB491@@0@Z
divergent	??$_Destroy@PAVRva000BB4AC@@@_STL@@YAXPAVRva000BB4AC@@0@Z
divergent	??$_Destroy@PAVRva001EC349@@@_STL@@YAXPAVRva001EC349@@0@Z
divergent	??$_Destroy@PAVRva001ED0DE@@@_STL@@YAXPAVRva001ED0DE@@0@Z
divergent	??$_Destroy@PAVRva00403927@@@_STL@@YAXPAVRva00403927@@0@Z
divergent	??$_Destroy@PAVRva004E32F2@@@_STL@@YAXPAVRva004E32F2@@0@Z
divergent	??$_Destroy@PAVRva0052BDE6@@@_STL@@YAXPAVRva0052BDE6@@0@Z
divergent	??$_Destroy@PAVRva0052BE33@@@_STL@@YAXPAVRva0052BE33@@0@Z
divergent	??$_Destroy@PAVRva0052BEF0@@@_STL@@YAXPAVRva0052BEF0@@0@Z
divergent	??$_Destroy@PAVRva00568A20@@@_STL@@YAXPAVRva00568A20@@0@Z
divergent	??$_Destroy@PAVW3DAnimationInfo@@@_STL@@YAXPAVW3DAnimationInfo@@0@Z
divergent	??$_Destroy@U?$_Deque_iterator@UBfmeE8@@U?$_Nonconst_traits@UBfmeE8@@@_STL@@@_STL@@@_STL@@YAXU?$_Deque_iterator@UBfmeE8@@U?$_Nonconst_traits@UBfmeE8@@@_STL@@@0@0@Z
divergent	??$_Destroy@U?$pair@$$CBHVAsciiString@@@_STL@@@_STL@@YAXPAU?$pair@$$CBHVAsciiString@@@0@@Z
divergent	??$_Destroy@U?$pair@$$CBHVMultiplayerColorDefinition@@@_STL@@@_STL@@YAXPAU?$pair@$$CBHVMultiplayerColorDefinition@@@0@@Z
divergent	??$_Destroy@U?$pair@$$CBVAsciiString@@PAVThingTemplate@@@_STL@@@_STL@@YAXPAU?$pair@$$CBVAsciiString@@PAVThingTemplate@@@0@@Z
divergent	??$_Destroy@U?$pair@$$CBW4NameKeyType@@VFXList@@@_STL@@@_STL@@YAXPAU?$pair@$$CBW4NameKeyType@@VFXList@@@0@@Z
divergent	??$_Destroy@U?$pair@$$CBW4NameKeyType@@VModuleTemplate@ModuleFactory@@@_STL@@@_STL@@YAXPAU?$pair@$$CBW4NameKeyType@@VModuleTemplate@ModuleFactory@@@0@@Z
divergent	??$_Destroy@UBfmeAssignRecord104@@@_STL@@YAXPAUBfmeAssignRecord104@@@Z
divergent	??$_Destroy@UBfmeAssignRecord32@@@_STL@@YAXPAUBfmeAssignRecord32@@@Z
divergent	??$_Destroy@UBfmeContainerRecord00048139@@@_STL@@YAXPAUBfmeContainerRecord00048139@@@Z
divergent	??$_Destroy@UBfmeObject476@@@_STL@@YAXPAUBfmeObject476@@@Z
divergent	??$_Destroy@UBfmePod104@@@_STL@@YAXPAUBfmePod104@@@Z
divergent	??$_Destroy@UBfmePod128@@@_STL@@YAXPAUBfmePod128@@@Z
divergent	??$_Destroy@UBfmePod16@@@_STL@@YAXPAUBfmePod16@@@Z
divergent	??$_Destroy@UBfmePod216@@@_STL@@YAXPAUBfmePod216@@@Z
divergent	??$_Destroy@UBfmePod248@@@_STL@@YAXPAUBfmePod248@@@Z
divergent	??$_Destroy@UBfmePod252@@@_STL@@YAXPAUBfmePod252@@@Z
divergent	??$_Destroy@UBfmePod40@@@_STL@@YAXPAUBfmePod40@@@Z
divergent	??$_Destroy@UBfmePod88@@@_STL@@YAXPAUBfmePod88@@@Z
divergent	??$_Destroy@UBfmeRecord0040B61A@@@_STL@@YAXPAUBfmeRecord0040B61A@@@Z
divergent	??$_Destroy@UBfmeStringRecord002B4DC1@@@_STL@@YAXPAUBfmeStringRecord002B4DC1@@@Z
divergent	??$_Destroy@UBfmeStringRecord002CF550@@@_STL@@YAXPAUBfmeStringRecord002CF550@@@Z
divergent	??$_Destroy@UBfmeStringRecord00395E75@@@_STL@@YAXPAUBfmeStringRecord00395E75@@@Z
divergent	??$_Destroy@UBfmeStringRecord00466E64@@@_STL@@YAXPAUBfmeStringRecord00466E64@@@Z
divergent	??$_Destroy@UBfmeStringTailRecord144@@@_STL@@YAXPAUBfmeStringTailRecord144@@@Z
divergent	??$_Destroy@UCoord3D@@@_STL@@YAXPAUCoord3D@@@Z
divergent	??$_Destroy@UNugget@ModuleInfo@@@_STL@@YAXPAUNugget@ModuleInfo@@@Z
divergent	??$_Destroy@UPodPayload20@@@_STL@@YAXPAUPodPayload20@@@Z
divergent	??$_Destroy@URva00082BE6Element@@@_STL@@YAXPAURva00082BE6Element@@@Z
divergent	??$_Destroy@URva00082C1DElement@@@_STL@@YAXPAURva00082C1DElement@@@Z
divergent	??$_Destroy@URva0008B689Element@@@_STL@@YAXPAURva0008B689Element@@@Z
divergent	??$_Destroy@URva000CF83CElement@@@_STL@@YAXPAURva000CF83CElement@@@Z
divergent	??$_Destroy@URva001504A1Record@@@_STL@@YAXPAURva001504A1Record@@@Z
divergent	??$_Destroy@URva00153A27Element@@@_STL@@YAXPAURva00153A27Element@@@Z
divergent	??$_Destroy@URva001DAAF2Element@@@_STL@@YAXPAURva001DAAF2Element@@@Z
divergent	??$_Destroy@URva001DF3F1Element@@@_STL@@YAXPAURva001DF3F1Element@@@Z
divergent	??$_Destroy@URva0020A227Element@@@_STL@@YAXPAURva0020A227Element@@@Z
divergent	??$_Destroy@URva00260B88Element@@@_STL@@YAXPAURva00260B88Element@@@Z
divergent	??$_Destroy@URva002898ACElement@@@_STL@@YAXPAURva002898ACElement@@@Z
divergent	??$_Destroy@URva002B72C9@@@_STL@@YAXPAURva002B72C9@@@Z
divergent	??$_Destroy@URva002B9062Element@@@_STL@@YAXPAURva002B9062Element@@@Z
divergent	??$_Destroy@URva00308E2CElement@@@_STL@@YAXPAURva00308E2CElement@@@Z
divergent	??$_Destroy@URva00318203Element@@@_STL@@YAXPAURva00318203Element@@@Z
divergent	??$_Destroy@URva0032DC80Element@@@_STL@@YAXPAURva0032DC80Element@@@Z
divergent	??$_Destroy@URva0032EA3FElement@@@_STL@@YAXPAURva0032EA3FElement@@@Z
divergent	??$_Destroy@URva003328B6Element@@@_STL@@YAXPAURva003328B6Element@@@Z
divergent	??$_Destroy@URva0033A23AElement@@@_STL@@YAXPAURva0033A23AElement@@@Z
divergent	??$_Destroy@URva0039A48EElement@@@_STL@@YAXPAURva0039A48EElement@@@Z
divergent	??$_Destroy@URva003F7B22Element@@@_STL@@YAXPAURva003F7B22Element@@@Z
divergent	??$_Destroy@URva0040C0C7Element@@@_STL@@YAXPAURva0040C0C7Element@@@Z
divergent	??$_Destroy@URva0040DC56Element@@@_STL@@YAXPAURva0040DC56Element@@@Z
divergent	??$_Destroy@URva00413B16Element@@@_STL@@YAXPAURva00413B16Element@@@Z
divergent	??$_Destroy@URva00414258Element@@@_STL@@YAXPAURva00414258Element@@@Z
divergent	??$_Destroy@URva00414BA4Element@@@_STL@@YAXPAURva00414BA4Element@@@Z
divergent	??$_Destroy@URva00475F2AElement@@@_STL@@YAXPAURva00475F2AElement@@@Z
divergent	??$_Destroy@URva004C3F09Element@@@_STL@@YAXPAURva004C3F09Element@@@Z
divergent	??$_Destroy@URva004DA181Element@@@_STL@@YAXPAURva004DA181Element@@@Z
divergent	??$_Destroy@URva004F87BCElement@@@_STL@@YAXPAURva004F87BCElement@@@Z
divergent	??$_Destroy@URva004F8D92Element@@@_STL@@YAXPAURva004F8D92Element@@@Z
divergent	??$_Destroy@URva004F9018Element@@@_STL@@YAXPAURva004F9018Element@@@Z
divergent	??$_Destroy@URva004F93B0Element@@@_STL@@YAXPAURva004F93B0Element@@@Z
divergent	??$_Destroy@URva00501E3FElement@@@_STL@@YAXPAURva00501E3FElement@@@Z
divergent	??$_Destroy@URva005668E9Element@@@_STL@@YAXPAURva005668E9Element@@@Z
divergent	??$_Destroy@URva00578425Element@@@_STL@@YAXPAURva00578425Element@@@Z
divergent	??$_Destroy@URva005E1E9BElement@@@_STL@@YAXPAURva005E1E9BElement@@@Z
divergent	??$_Destroy@URva005E2B0EElement@@@_STL@@YAXPAURva005E2B0EElement@@@Z
divergent	??$_Destroy@URva005E71C6Ref@@@_STL@@YAXPAURva005E71C6Ref@@@Z
divergent	??$_Destroy@URva005EFD53Element@@@_STL@@YAXPAURva005EFD53Element@@@Z
divergent	??$_Destroy@URva005F13E6Element@@@_STL@@YAXPAURva005F13E6Element@@@Z
divergent	??$_Destroy@URva005FA197Element@@@_STL@@YAXPAURva005FA197Element@@@Z
divergent	??$_Destroy@URva005FA1CEElement@@@_STL@@YAXPAURva005FA1CEElement@@@Z
divergent	??$_Destroy@UTreeHintRef00217D4C@@@_STL@@YAXPAUTreeHintRef00217D4C@@@Z
divergent	??$_Destroy@UTreeKey00242F5E@@@_STL@@YAXPAUTreeKey00242F5E@@@Z
divergent	??$_Destroy@UcrateCreationEntry@@@_STL@@YAXPAUcrateCreationEntry@@@Z
divergent	??$_Destroy@V?$basic_string@DV?$char_traits@D@_STL@@V?$allocator@D@2@@_STL@@@_STL@@YAXPAV?$basic_string@DV?$char_traits@D@_STL@@V?$allocator@D@2@@0@@Z
divergent	??$_Destroy@V?$vector@UBfmeE8@@V?$allocator@UBfmeE8@@@_STL@@@_STL@@@_STL@@YAXPAV?$vector@UBfmeE8@@V?$allocator@UBfmeE8@@@_STL@@@0@@Z
divergent	??$_Destroy@VAsciiString@@@_STL@@YAXPAVAsciiString@@@Z
divergent	??$_Destroy@VBfmeStringTailRecord156@@@_STL@@YAXPAVBfmeStringTailRecord156@@@Z
divergent	??$_Destroy@VLivingWorldRegionConnection@@@_STL@@YAXPAVLivingWorldRegionConnection@@@Z
divergent	??$_Destroy@VRva000BB491@@@_STL@@YAXPAVRva000BB491@@@Z
divergent	??$_Destroy@VRva000BB4AC@@@_STL@@YAXPAVRva000BB4AC@@@Z
divergent	??$_Destroy@VRva0021F876@@@_STL@@YAXPAVRva0021F876@@@Z
divergent	??$_Destroy@VRva0036CA00Str@@@_STL@@YAXPAVRva0036CA00Str@@@Z
divergent	??$_Destroy@VRva00403927@@@_STL@@YAXPAVRva00403927@@@Z
divergent	??$_Destroy@VRva004E32F2@@@_STL@@YAXPAVRva004E32F2@@@Z
divergent	??$_Destroy@VRva0052BDE6@@@_STL@@YAXPAVRva0052BDE6@@@Z
divergent	??$_Destroy@VRva0052BE33@@@_STL@@YAXPAVRva0052BE33@@@Z
divergent	??$_Destroy@VRva0052BEF0@@@_STL@@YAXPAVRva0052BEF0@@@Z
divergent	??$_Destroy@VRva00568A20@@@_STL@@YAXPAVRva00568A20@@@Z
divergent	??$_Destroy@VRvaSmartPtr12@@@_STL@@YAXPAVRvaSmartPtr12@@@Z
divergent	??$_Destroy@VUnicodeString@@@_STL@@YAXPAVUnicodeString@@@Z
divergent	??$_Destroy@VW3DAnimationInfo@@@_STL@@YAXPAVW3DAnimationInfo@@@Z
divergent	??$_IsOKToMemCpy@DD@_STL@@YA?AU?$_OKToMemCpy@DD@0@PAD0@Z
divergent	??$_IsOKToMemCpy@EE@_STL@@YA?AU?$_OKToMemCpy@EE@0@PAE0@Z
divergent	??$_IsOKToMemCpy@GG@_STL@@YA?AU?$_OKToMemCpy@GG@0@PAG0@Z
divergent	??$_IsOKToMemCpy@HH@_STL@@YA?AU?$_OKToMemCpy@HH@0@PAH0@Z
divergent	??$_IsOKToMemCpy@II@_STL@@YA?AU?$_OKToMemCpy@II@0@PAI0@Z
divergent	??$_IsOKToMemCpy@PAUBfmeE8@@PAU1@@_STL@@YA?AU?$_OKToMemCpy@PAUBfmeE8@@PAU1@@0@PAPAUBfmeE8@@0@Z
divergent	??$_IsOKToMemCpy@PAVDrawable@@PAV1@@_STL@@YA?AU?$_OKToMemCpy@PAVDrawable@@PAV1@@0@PAPAVDrawable@@0@Z
divergent	??$_IsOKToMemCpy@PAXPAX@_STL@@YA?AU?$_OKToMemCpy@PAXPAX@0@PAPAX0@Z
divergent	??$_IsOKToMemCpy@U?$pair@W4ObjectID@@I@_STL@@U12@@_STL@@YA?AU?$_OKToMemCpy@U?$pair@W4ObjectID@@I@_STL@@U12@@0@PAU?$pair@W4ObjectID@@I@0@0@Z
divergent	??$_M_allocate_and_copy@PAH@?$vector@HV?$allocator@H@_STL@@@_STL@@IAEPAHIPAH0@Z
divergent	??$_M_allocate_and_copy@PAPAX@?$vector@PAXV?$allocator@PAX@_STL@@@_STL@@IAEPAPAXIPAPAX0@Z
divergent	??$_M_allocate_and_copy@PAPBVModuleData@@@?$vector@PBVModuleData@@V?$allocator@PBVModuleData@@@_STL@@@_STL@@IAEPAPBVModuleData@@IPAPBV2@0@Z
divergent	??$_M_allocate_and_copy@PAUBfmeE12@@@?$vector@UBfmeE12@@V?$allocator@UBfmeE12@@@_STL@@@_STL@@IAEPAUBfmeE12@@IPAU2@0@Z
divergent	??$_M_allocate_and_copy@PAUBfmeE16@@@?$vector@UBfmeE16@@V?$allocator@UBfmeE16@@@_STL@@@_STL@@IAEPAUBfmeE16@@IPAU2@0@Z
divergent	??$_M_allocate_and_copy@PAUBfmeObject872@@@?$vector@UBfmeObject872@@V?$allocator@UBfmeObject872@@@_STL@@@_STL@@IAEPAUBfmeObject872@@IPAU2@0@Z
divergent	??$_M_allocate_and_copy@PAUBfmePod104@@@?$vector@UBfmePod104@@V?$allocator@UBfmePod104@@@_STL@@@_STL@@IAEPAUBfmePod104@@IPAU2@0@Z
divergent	??$_M_allocate_and_copy@PAUBfmePod128@@@?$vector@UBfmePod128@@V?$allocator@UBfmePod128@@@_STL@@@_STL@@IAEPAUBfmePod128@@IPAU2@0@Z
divergent	??$_M_allocate_and_copy@PAUBfmePod172@@@?$vector@UBfmePod172@@V?$allocator@UBfmePod172@@@_STL@@@_STL@@IAEPAUBfmePod172@@IPAU2@0@Z
divergent	??$_M_allocate_and_copy@PAUBfmePod20@@@?$vector@UBfmePod20@@V?$allocator@UBfmePod20@@@_STL@@@_STL@@IAEPAUBfmePod20@@IPAU2@0@Z
divergent	??$_M_allocate_and_copy@PAUBfmePod24@@@?$vector@UBfmePod24@@V?$allocator@UBfmePod24@@@_STL@@@_STL@@IAEPAUBfmePod24@@IPAU2@0@Z
divergent	??$_M_allocate_and_copy@PAUBfmePod28@@@?$vector@UBfmePod28@@V?$allocator@UBfmePod28@@@_STL@@@_STL@@IAEPAUBfmePod28@@IPAU2@0@Z
divergent	??$_M_allocate_and_copy@PAUBfmePod32@@@?$vector@UBfmePod32@@V?$allocator@UBfmePod32@@@_STL@@@_STL@@IAEPAUBfmePod32@@IPAU2@0@Z
divergent	??$_M_allocate_and_copy@PAUBfmePod340@@@?$vector@UBfmePod340@@V?$allocator@UBfmePod340@@@_STL@@@_STL@@IAEPAUBfmePod340@@IPAU2@0@Z
divergent	??$_M_allocate_and_copy@PAUBfmePod36@@@?$vector@UBfmePod36@@V?$allocator@UBfmePod36@@@_STL@@@_STL@@IAEPAUBfmePod36@@IPAU2@0@Z
divergent	??$_M_allocate_and_copy@PAUBfmePod40@@@?$vector@UBfmePod40@@V?$allocator@UBfmePod40@@@_STL@@@_STL@@IAEPAUBfmePod40@@IPAU2@0@Z
divergent	??$_M_allocate_and_copy@PAUBfmePod44@@@?$vector@UBfmePod44@@V?$allocator@UBfmePod44@@@_STL@@@_STL@@IAEPAUBfmePod44@@IPAU2@0@Z
divergent	??$_M_allocate_and_copy@PAUBfmePod52@@@?$vector@UBfmePod52@@V?$allocator@UBfmePod52@@@_STL@@@_STL@@IAEPAUBfmePod52@@IPAU2@0@Z
divergent	??$_M_allocate_and_copy@PAUBfmePod68@@@?$vector@UBfmePod68@@V?$allocator@UBfmePod68@@@_STL@@@_STL@@IAEPAUBfmePod68@@IPAU2@0@Z
divergent	??$_M_allocate_and_copy@PAUBfmePod76@@@?$vector@UBfmePod76@@V?$allocator@UBfmePod76@@@_STL@@@_STL@@IAEPAUBfmePod76@@IPAU2@0@Z
divergent	??$_M_allocate_and_copy@PAUFlightDeckInfo@FlightDeckBehavior@@@?$vector@UFlightDeckInfo@FlightDeckBehavior@@V?$allocator@UFlightDeckInfo@FlightDeckBehavior@@@_STL@@@_STL@@IAEPAUFlightDeckInfo@FlightDeckBehavior@@IPAU23@0@Z
divergent	??$_M_allocate_and_copy@PAUGeometryRecord@@@?$vector@UGeometryRecord@@V?$allocator@UGeometryRecord@@@_STL@@@_STL@@IAEPAUGeometryRecord@@IPAU2@0@Z
divergent	??$_M_allocate_and_copy@PAUPrereqUnitRec@@@?$vector@UPrereqUnitRec@@V?$allocator@UPrereqUnitRec@@@_STL@@@_STL@@IAEPAUPrereqUnitRec@@IPAU2@0@Z
divergent	??$_M_allocate_and_copy@PAVAsciiString@@@?$vector@VAsciiString@@V?$allocator@VAsciiString@@@_STL@@@_STL@@IAEPAVAsciiString@@IPAV2@0@Z
divergent	??$_M_allocate_and_copy@PAW4ScienceType@@@?$vector@W4ScienceType@@V?$allocator@W4ScienceType@@@_STL@@@_STL@@IAEPAW4ScienceType@@IPAW42@0@Z
divergent	??$_M_allocate_and_copy@PBH@?$vector@HV?$allocator@H@_STL@@@_STL@@IAEPAHIPBH0@Z
divergent	??$_M_allocate_and_copy@PBI@?$vector@IV?$allocator@I@_STL@@@_STL@@IAEPAIIPBI0@Z
divergent	??$_M_allocate_and_copy@PBQAX@?$vector@PAXV?$allocator@PAX@_STL@@@_STL@@IAEPAPAXIPBQAX0@Z
divergent	??$_M_allocate_and_copy@PBUAngleFXInfo@@@?$vector@UAngleFXInfo@@V?$allocator@UAngleFXInfo@@@_STL@@@_STL@@IAEPAUAngleFXInfo@@IPBU2@0@Z
divergent	??$_M_allocate_and_copy@PBUBfmeE12@@@?$vector@UBfmeE12@@V?$allocator@UBfmeE12@@@_STL@@@_STL@@IAEPAUBfmeE12@@IPBU2@0@Z
divergent	??$_M_allocate_and_copy@PBUBfmeE16@@@?$vector@UBfmeE16@@V?$allocator@UBfmeE16@@@_STL@@@_STL@@IAEPAUBfmeE16@@IPBU2@0@Z
divergent	??$_M_allocate_and_copy@PBUBfmeE8@@@?$vector@UBfmeE8@@V?$allocator@UBfmeE8@@@_STL@@@_STL@@IAEPAUBfmeE8@@IPBU2@0@Z
divergent	??$_M_allocate_and_copy@PBUBfmeFixedObject260@@@?$vector@UBfmeFixedObject260@@V?$allocator@UBfmeFixedObject260@@@_STL@@@_STL@@IAEPAUBfmeFixedObject260@@IPBU2@0@Z
divergent	??$_M_allocate_and_copy@PBUBfmeObject872@@@?$vector@UBfmeObject872@@V?$allocator@UBfmeObject872@@@_STL@@@_STL@@IAEPAUBfmeObject872@@IPBU2@0@Z
divergent	??$_M_allocate_and_copy@PBUBfmePod104@@@?$vector@UBfmePod104@@V?$allocator@UBfmePod104@@@_STL@@@_STL@@IAEPAUBfmePod104@@IPBU2@0@Z
divergent	??$_M_allocate_and_copy@PBUBfmePod128@@@?$vector@UBfmePod128@@V?$allocator@UBfmePod128@@@_STL@@@_STL@@IAEPAUBfmePod128@@IPBU2@0@Z
divergent	??$_M_allocate_and_copy@PBUBfmePod172@@@?$vector@UBfmePod172@@V?$allocator@UBfmePod172@@@_STL@@@_STL@@IAEPAUBfmePod172@@IPBU2@0@Z
divergent	??$_M_allocate_and_copy@PBUBfmePod20@@@?$vector@UBfmePod20@@V?$allocator@UBfmePod20@@@_STL@@@_STL@@IAEPAUBfmePod20@@IPBU2@0@Z
divergent	??$_M_allocate_and_copy@PBUBfmePod24@@@?$vector@UBfmePod24@@V?$allocator@UBfmePod24@@@_STL@@@_STL@@IAEPAUBfmePod24@@IPBU2@0@Z
divergent	??$_M_allocate_and_copy@PBUBfmePod28@@@?$vector@UBfmePod28@@V?$allocator@UBfmePod28@@@_STL@@@_STL@@IAEPAUBfmePod28@@IPBU2@0@Z
divergent	??$_M_allocate_and_copy@PBUBfmePod32@@@?$vector@UBfmePod32@@V?$allocator@UBfmePod32@@@_STL@@@_STL@@IAEPAUBfmePod32@@IPBU2@0@Z
divergent	??$_M_allocate_and_copy@PBUBfmePod340@@@?$vector@UBfmePod340@@V?$allocator@UBfmePod340@@@_STL@@@_STL@@IAEPAUBfmePod340@@IPBU2@0@Z
divergent	??$_M_allocate_and_copy@PBUBfmePod36@@@?$vector@UBfmePod36@@V?$allocator@UBfmePod36@@@_STL@@@_STL@@IAEPAUBfmePod36@@IPBU2@0@Z
divergent	??$_M_allocate_and_copy@PBUBfmePod40@@@?$vector@UBfmePod40@@V?$allocator@UBfmePod40@@@_STL@@@_STL@@IAEPAUBfmePod40@@IPBU2@0@Z
divergent	??$_M_allocate_and_copy@PBUBfmePod44@@@?$vector@UBfmePod44@@V?$allocator@UBfmePod44@@@_STL@@@_STL@@IAEPAUBfmePod44@@IPBU2@0@Z
divergent	??$_M_allocate_and_copy@PBUBfmePod52@@@?$vector@UBfmePod52@@V?$allocator@UBfmePod52@@@_STL@@@_STL@@IAEPAUBfmePod52@@IPBU2@0@Z
divergent	??$_M_allocate_and_copy@PBUBfmePod68@@@?$vector@UBfmePod68@@V?$allocator@UBfmePod68@@@_STL@@@_STL@@IAEPAUBfmePod68@@IPBU2@0@Z
divergent	??$_M_allocate_and_copy@PBUBfmePod76@@@?$vector@UBfmePod76@@V?$allocator@UBfmePod76@@@_STL@@@_STL@@IAEPAUBfmePod76@@IPBU2@0@Z
divergent	??$_M_allocate_and_copy@PBUBfmePod8@@@?$vector@UBfmePod8@@V?$allocator@UBfmePod8@@@_STL@@@_STL@@IAEPAUBfmePod8@@IPBU2@0@Z
divergent	??$_M_allocate_and_copy@PBUCoord3D@@@?$vector@UCoord3D@@V?$allocator@UCoord3D@@@_STL@@@_STL@@IAEPAUCoord3D@@IPBU2@0@Z
divergent	??$_M_allocate_and_copy@PBUEvaMessageInfo@@@?$vector@UEvaMessageInfo@@V?$allocator@UEvaMessageInfo@@@_STL@@@_STL@@IAEPAUEvaMessageInfo@@IPBU2@0@Z
divergent	??$_M_allocate_and_copy@PBUGeometryRecord@@@?$vector@UGeometryRecord@@V?$allocator@UGeometryRecord@@@_STL@@@_STL@@IAEPAUGeometryRecord@@IPBU2@0@Z
divergent	??$_M_allocate_and_copy@PBUICoord2D@@@?$vector@UICoord2D@@V?$allocator@UICoord2D@@@_STL@@@_STL@@IAEPAUICoord2D@@IPBU2@0@Z
divergent	??$_M_allocate_and_copy@PBUNugget@ModuleInfo@@@?$vector@UNugget@ModuleInfo@@V?$allocator@UNugget@ModuleInfo@@@_STL@@@_STL@@IAEPAUNugget@ModuleInfo@@IPBU23@0@Z
divergent	??$_M_allocate_and_copy@PBUPrereqUnitRec@@@?$vector@UPrereqUnitRec@@V?$allocator@UPrereqUnitRec@@@_STL@@@_STL@@IAEPAUPrereqUnitRec@@IPBU2@0@Z
divergent	??$_M_allocate_and_copy@PBUPrereqUnitRec@ProductionPrerequisite@@@?$vector@UPrereqUnitRec@ProductionPrerequisite@@V?$allocator@UPrereqUnitRec@ProductionPrerequisite@@@_STL@@@_STL@@IAEPAUPrereqUnitRec@ProductionPrerequisite@@IPBU23@0@Z
divergent	??$_M_allocate_and_copy@PBVArmorTemplateSet@@@?$vector@VArmorTemplateSet@@V?$allocator@VArmorTemplateSet@@@_STL@@@_STL@@IAEPAVArmorTemplateSet@@IPBV2@0@Z
divergent	??$_M_allocate_and_copy@PBVProductionPrerequisite@@@?$vector@VProductionPrerequisite@@V?$allocator@VProductionPrerequisite@@@_STL@@@_STL@@IAEPAVProductionPrerequisite@@IPBV2@0@Z
divergent	??$_M_allocate_and_copy@PBVWeaponTemplateSet@@@?$vector@VWeaponTemplateSet@@V?$allocator@VWeaponTemplateSet@@@_STL@@@_STL@@IAEPAVWeaponTemplateSet@@IPBV2@0@Z
divergent	??$_M_append_dispatch@PAD@?$basic_string@DV?$char_traits@D@_STL@@V?$allocator@D@2@@_STL@@AAEAAV01@PAD0ABU__false_type@1@@Z
divergent	??$_M_append_dispatch@PBG@?$basic_string@GV?$char_traits@G@_STL@@V?$allocator@G@2@@_STL@@AAEAAV01@PBG0ABU__false_type@1@@Z
divergent	??$_M_assign_dispatch@PAD@?$basic_string@DV?$char_traits@D@_STL@@V?$allocator@D@2@@_STL@@AAEAAV01@PAD0ABU__false_type@1@@Z
divergent	??$_M_do_get_integer@V?$istreambuf_iterator@DV?$char_traits@D@_STL@@@_STL@@ID@_STL@@YA?AV?$istreambuf_iterator@DV?$char_traits@D@_STL@@@0@AAV10@0AAVios_base@0@AAHAAIPAD@Z
divergent	??$_M_do_get_integer@V?$istreambuf_iterator@GV?$char_traits@G@_STL@@@_STL@@IG@_STL@@YA?AV?$istreambuf_iterator@GV?$char_traits@G@_STL@@@0@AAV10@0AAVios_base@0@AAHAAIPAG@Z
divergent	??$_M_do_put_float@DV?$ostreambuf_iterator@DV?$char_traits@D@_STL@@@_STL@@N@_STL@@YA?AV?$ostreambuf_iterator@DV?$char_traits@D@_STL@@@0@V10@AAVios_base@0@DN@Z
divergent	??$_M_do_put_float@DV?$ostreambuf_iterator@DV?$char_traits@D@_STL@@@_STL@@O@_STL@@YA?AV?$ostreambuf_iterator@DV?$char_traits@D@_STL@@@0@V10@AAVios_base@0@DO@Z
divergent	??$_M_do_put_float@GV?$ostreambuf_iterator@GV?$char_traits@G@_STL@@@_STL@@N@_STL@@YA?AV?$ostreambuf_iterator@GV?$char_traits@G@_STL@@@0@V10@AAVios_base@0@GN@Z
divergent	??$_M_do_put_float@GV?$ostreambuf_iterator@GV?$char_traits@G@_STL@@@_STL@@O@_STL@@YA?AV?$ostreambuf_iterator@GV?$char_traits@G@_STL@@@0@V10@AAVios_base@0@GO@Z
divergent	??$_M_find@H@?$_Rb_tree@HU?$pair@$$CBHH@_STL@@U?$_Select1st@U?$pair@$$CBHH@_STL@@@2@U?$less@H@2@V?$allocator@U?$pair@$$CBHH@_STL@@@2@@_STL@@ABEPAU?$_Rb_tree_node@U?$pair@$$CBHH@_STL@@@1@ABH@Z
divergent	??$_M_find@H@?$hashtable@U?$pair@$$CBHW4Relationship@@@_STL@@HU?$hash@H@2@U?$_Select1st@U?$pair@$$CBHW4Relationship@@@_STL@@@2@U?$equal_to@H@2@V?$allocator@U?$pair@$$CBHW4Relationship@@@_STL@@@2@@_STL@@ABEPAU?$_Hashtable_node@U?$pair@$$CBHW4Relationship@@@_STL@@@1@ABH@Z
divergent	??$_M_find@I@?$hashtable@U?$pair@$$CBIW4Relationship@@@_STL@@IU?$hash@I@2@U?$_Select1st@U?$pair@$$CBIW4Relationship@@@_STL@@@2@U?$equal_to@I@2@V?$allocator@U?$pair@$$CBIW4Relationship@@@_STL@@@2@@_STL@@ABEPAU?$_Hashtable_node@U?$pair@$$CBIW4Relationship@@@_STL@@@1@ABI@Z
divergent	??$_M_find@V?$BitFlags@$0BB@@@@?$_Rb_tree@$$CBV?$BitFlags@$0BB@@@U?$pair@$$CBV?$BitFlags@$0BB@@@PBVWeaponTemplateSet@@@_STL@@U?$_Select1st@U?$pair@$$CBV?$BitFlags@$0BB@@@PBVWeaponTemplateSet@@@_STL@@@3@UMapHelper@?$SparseMatchFinder@VWeaponTemplateSet@@V?$BitFlags@$0BB@@@@@V?$allocator@U?$pair@$$CBV?$BitFlags@$0BB@@@PBVWeaponTemplateSet@@@_STL@@@3@@_STL@@ABEPAU?$_Rb_tree_node@U?$pair@$$CBV?$BitFlags@$0BB@@@PBVWeaponTemplateSet@@@_STL@@@1@ABV?$BitFlags@$0BB@@@@Z
divergent	??$_M_find@V?$BitFlags@$0HF@@@@?$_Rb_tree@$$CBV?$BitFlags@$0HF@@@U?$pair@$$CBV?$BitFlags@$0HF@@@PBUModelConditionInfo@@@_STL@@U?$_Select1st@U?$pair@$$CBV?$BitFlags@$0HF@@@PBUModelConditionInfo@@@_STL@@@3@UMapHelper@?$SparseMatchFinder@UModelConditionInfo@@V?$BitFlags@$0HF@@@@@V?$allocator@U?$pair@$$CBV?$BitFlags@$0HF@@@PBUModelConditionInfo@@@_STL@@@3@@_STL@@ABEPAU?$_Rb_tree_node@U?$pair@$$CBV?$BitFlags@$0HF@@@PBUModelConditionInfo@@@_STL@@@1@ABV?$BitFlags@$0HF@@@@Z
divergent	??$_M_find@VAsciiString@@@?$_Rb_tree@VAsciiString@@U?$pair@$$CBVAsciiString@@UCoord3D@@@_STL@@U?$_Select1st@U?$pair@$$CBVAsciiString@@UCoord3D@@@_STL@@@3@U?$less@VAsciiString@@@3@V?$allocator@U?$pair@$$CBVAsciiString@@UCoord3D@@@_STL@@@3@@_STL@@ABEPAU?$_Rb_tree_node@U?$pair@$$CBVAsciiString@@UCoord3D@@@_STL@@@1@ABVAsciiString@@@Z
divergent	??$_M_find@VAsciiString@@@?$_Rb_tree@VAsciiString@@U?$pair@$$CBVAsciiString@@VMapMetaData@@@_STL@@U?$_Select1st@U?$pair@$$CBVAsciiString@@VMapMetaData@@@_STL@@@3@U?$less@VAsciiString@@@3@V?$allocator@U?$pair@$$CBVAsciiString@@VMapMetaData@@@_STL@@@3@@_STL@@ABEPAU?$_Rb_tree_node@U?$pair@$$CBVAsciiString@@VMapMetaData@@@_STL@@@1@ABVAsciiString@@@Z
divergent	??$_M_find@VAsciiString@@@?$_Rb_tree@VAsciiString@@U?$pair@$$CBVAsciiString@@VPlayerInfo@@@_STL@@U?$_Select1st@U?$pair@$$CBVAsciiString@@VPlayerInfo@@@_STL@@@3@UAsciiComparator@@V?$allocator@U?$pair@$$CBVAsciiString@@VPlayerInfo@@@_STL@@@3@@_STL@@ABEPAU?$_Rb_tree_node@U?$pair@$$CBVAsciiString@@VPlayerInfo@@@_STL@@@1@ABVAsciiString@@@Z
divergent	??$_M_find@VAsciiString@@@?$hashtable@U?$pair@$$CBVAsciiString@@PAVThingTemplate@@@_STL@@VAsciiString@@U?$hash@VAsciiString@@@rts@@U?$_Select1st@U?$pair@$$CBVAsciiString@@PAVThingTemplate@@@_STL@@@2@U?$equal_to@VAsciiString@@@5@V?$allocator@U?$pair@$$CBVAsciiString@@PAVThingTemplate@@@_STL@@@2@@_STL@@ABEPAU?$_Hashtable_node@U?$pair@$$CBVAsciiString@@PAVThingTemplate@@@_STL@@@1@ABVAsciiString@@@Z
divergent	??$_M_find@W4LocomotorSetType@@@?$_Rb_tree@W4LocomotorSetType@@U?$pair@$$CBW4LocomotorSetType@@V?$vector@PBVLocomotorTemplate@@V?$allocator@PBVLocomotorTemplate@@@_STL@@@_STL@@@_STL@@U?$_Select1st@U?$pair@$$CBW4LocomotorSetType@@V?$vector@PBVLocomotorTemplate@@V?$allocator@PBVLocomotorTemplate@@@_STL@@@_STL@@@_STL@@@3@U?$less@W4LocomotorSetType@@@3@V?$allocator@U?$pair@$$CBW4LocomotorSetType@@V?$vector@PBVLocomotorTemplate@@V?$allocator@PBVLocomotorTemplate@@@_STL@@@_STL@@@_STL@@@3@@_STL@@ABEPAU?$_Rb_tree_node@U?$pair@$$CBW4LocomotorSetType@@V?$vector@PBVLocomotorTemplate@@V?$allocator@PBVLocomotorTemplate@@@_STL@@@_STL@@@_STL@@@1@ABW4LocomotorSetType@@@Z
divergent	??$_M_find@W4NameKeyType@@@?$_Rb_tree@W4NameKeyType@@U?$pair@$$CBW4NameKeyType@@UPristineBoneInfo@@@_STL@@U?$_Select1st@U?$pair@$$CBW4NameKeyType@@UPristineBoneInfo@@@_STL@@@3@U?$less@W4NameKeyType@@@3@V?$allocator@U?$pair@$$CBW4NameKeyType@@UPristineBoneInfo@@@_STL@@@3@@_STL@@ABEPAU?$_Rb_tree_node@U?$pair@$$CBW4NameKeyType@@UPristineBoneInfo@@@_STL@@@1@ABW4NameKeyType@@@Z
divergent	??$_M_find@W4NameKeyType@@@?$hashtable@U?$pair@$$CBW4NameKeyType@@VDamageFX@@@_STL@@W4NameKeyType@@U?$hash@W4NameKeyType@@@rts@@U?$_Select1st@U?$pair@$$CBW4NameKeyType@@VDamageFX@@@_STL@@@2@U?$equal_to@W4NameKeyType@@@5@V?$allocator@U?$pair@$$CBW4NameKeyType@@VDamageFX@@@_STL@@@2@@_STL@@ABEPAU?$_Hashtable_node@U?$pair@$$CBW4NameKeyType@@VDamageFX@@@_STL@@@1@ABW4NameKeyType@@@Z
divergent	??$_M_find@W4NameKeyType@@@?$hashtable@U?$pair@$$CBW4NameKeyType@@VFXList@@@_STL@@W4NameKeyType@@U?$hash@W4NameKeyType@@@rts@@U?$_Select1st@U?$pair@$$CBW4NameKeyType@@VFXList@@@_STL@@@2@U?$equal_to@W4NameKeyType@@@5@V?$allocator@U?$pair@$$CBW4NameKeyType@@VFXList@@@_STL@@@2@@_STL@@ABEPAU?$_Hashtable_node@U?$pair@$$CBW4NameKeyType@@VFXList@@@_STL@@@1@ABW4NameKeyType@@@Z
divergent	??$_M_get_base_or_zero@V?$istreambuf_iterator@DV?$char_traits@D@_STL@@@_STL@@D@_STL@@YAHAAV?$istreambuf_iterator@DV?$char_traits@D@_STL@@@0@0AAVios_base@0@PAD@Z
divergent	??$_M_get_base_or_zero@V?$istreambuf_iterator@GV?$char_traits@G@_STL@@@_STL@@G@_STL@@YAHAAV?$istreambuf_iterator@GV?$char_traits@G@_STL@@@0@0AAVios_base@0@PAG@Z
divergent	??$_M_init@DV?$char_traits@D@_STL@@@_STL@@YA_NAAV?$basic_ostream@DV?$char_traits@D@_STL@@@0@@Z
divergent	??$_M_initialize_dispatch@PBD@?$basic_string@DV?$char_traits@D@_STL@@V?$allocator@D@2@@_STL@@AAEXPBD0ABU__false_type@1@@Z
divergent	??$_M_insert_aux@U?$_Deque_iterator@PAXU?$_Const_traits@PAX@_STL@@@_STL@@@?$deque@PAXV?$allocator@PAX@_STL@@@_STL@@IAEXU?$_Deque_iterator@PAXU?$_Nonconst_traits@PAX@_STL@@@1@U?$_Deque_iterator@PAXU?$_Const_traits@PAX@_STL@@@1@1I@Z
divergent	??$_M_insert_aux@U?$_Deque_iterator@UBfmeE12@@U?$_Const_traits@UBfmeE12@@@_STL@@@_STL@@@?$deque@UBfmeE12@@V?$allocator@UBfmeE12@@@_STL@@@_STL@@IAEXU?$_Deque_iterator@UBfmeE12@@U?$_Nonconst_traits@UBfmeE12@@@_STL@@@1@U?$_Deque_iterator@UBfmeE12@@U?$_Const_traits@UBfmeE12@@@_STL@@@1@1I@Z
divergent	??$_M_insert_aux@U?$_Deque_iterator@UBfmeE8@@U?$_Const_traits@UBfmeE8@@@_STL@@@_STL@@@?$deque@UBfmeE8@@V?$allocator@UBfmeE8@@@_STL@@@_STL@@IAEXU?$_Deque_iterator@UBfmeE8@@U?$_Nonconst_traits@UBfmeE8@@@_STL@@@1@U?$_Deque_iterator@UBfmeE8@@U?$_Const_traits@UBfmeE8@@@_STL@@@1@1I@Z
divergent	??$_M_insert_aux@U?$_Deque_iterator@UBfmePod16@@U?$_Const_traits@UBfmePod16@@@_STL@@@_STL@@@?$deque@UBfmePod16@@V?$allocator@UBfmePod16@@@_STL@@@_STL@@IAEXU?$_Deque_iterator@UBfmePod16@@U?$_Nonconst_traits@UBfmePod16@@@_STL@@@1@U?$_Deque_iterator@UBfmePod16@@U?$_Const_traits@UBfmePod16@@@_STL@@@1@1I@Z
divergent	??$_M_insert_aux@U?$_Deque_iterator@UBfmePod20@@U?$_Const_traits@UBfmePod20@@@_STL@@@_STL@@@?$deque@UBfmePod20@@V?$allocator@UBfmePod20@@@_STL@@@_STL@@IAEXU?$_Deque_iterator@UBfmePod20@@U?$_Nonconst_traits@UBfmePod20@@@_STL@@@1@U?$_Deque_iterator@UBfmePod20@@U?$_Const_traits@UBfmePod20@@@_STL@@@1@1I@Z
divergent	??$_M_insert_aux@U?$_Deque_iterator@UBfmePod28@@U?$_Const_traits@UBfmePod28@@@_STL@@@_STL@@@?$deque@UBfmePod28@@V?$allocator@UBfmePod28@@@_STL@@@_STL@@IAEXU?$_Deque_iterator@UBfmePod28@@U?$_Nonconst_traits@UBfmePod28@@@_STL@@@1@U?$_Deque_iterator@UBfmePod28@@U?$_Const_traits@UBfmePod28@@@_STL@@@1@1I@Z
divergent	??$_M_insert_aux@U?$_Deque_iterator@UBfmePod492@@U?$_Const_traits@UBfmePod492@@@_STL@@@_STL@@@?$deque@UBfmePod492@@V?$allocator@UBfmePod492@@@_STL@@@_STL@@IAEXU?$_Deque_iterator@UBfmePod492@@U?$_Nonconst_traits@UBfmePod492@@@_STL@@@1@U?$_Deque_iterator@UBfmePod492@@U?$_Const_traits@UBfmePod492@@@_STL@@@1@1I@Z
divergent	??$_M_insert_aux@U?$_Deque_iterator@UBfmePod840@@U?$_Const_traits@UBfmePod840@@@_STL@@@_STL@@@?$deque@UBfmePod840@@V?$allocator@UBfmePod840@@@_STL@@@_STL@@IAEXU?$_Deque_iterator@UBfmePod840@@U?$_Nonconst_traits@UBfmePod840@@@_STL@@@1@U?$_Deque_iterator@UBfmePod840@@U?$_Const_traits@UBfmePod840@@@_STL@@@1@1I@Z
divergent	??$_M_insert_aux@U?$_Deque_iterator@VBuddyRequest@@U?$_Const_traits@VBuddyRequest@@@_STL@@@_STL@@@?$deque@VBuddyRequest@@V?$allocator@VBuddyRequest@@@_STL@@@_STL@@IAEXU?$_Deque_iterator@VBuddyRequest@@U?$_Nonconst_traits@VBuddyRequest@@@_STL@@@1@U?$_Deque_iterator@VBuddyRequest@@U?$_Const_traits@VBuddyRequest@@@_STL@@@1@1I@Z
divergent	??$_M_insert_dispatch@U?$_Deque_iterator@PAXU?$_Const_traits@PAX@_STL@@@_STL@@@?$deque@PAXV?$allocator@PAX@_STL@@@_STL@@QAEXU?$_Deque_iterator@PAXU?$_Nonconst_traits@PAX@_STL@@@1@U?$_Deque_iterator@PAXU?$_Const_traits@PAX@_STL@@@1@1ABU__false_type@1@@Z
divergent	??$_M_insert_dispatch@U?$_Deque_iterator@UBfmeE8@@U?$_Const_traits@UBfmeE8@@@_STL@@@_STL@@@?$deque@UBfmeE8@@V?$allocator@UBfmeE8@@@_STL@@@_STL@@QAEXU?$_Deque_iterator@UBfmeE8@@U?$_Nonconst_traits@UBfmeE8@@@_STL@@@1@U?$_Deque_iterator@UBfmeE8@@U?$_Const_traits@UBfmeE8@@@_STL@@@1@1ABU__false_type@1@@Z
divergent	??$_M_insert_dispatch@U?$_List_iterator@PAVFXNugget@@U?$_Const_traits@PAVFXNugget@@@_STL@@@_STL@@@?$list@PAVFXNugget@@V?$allocator@PAVFXNugget@@@_STL@@@_STL@@QAEXU?$_List_iterator@PAVFXNugget@@U?$_Nonconst_traits@PAVFXNugget@@@_STL@@@1@U?$_List_iterator@PAVFXNugget@@U?$_Const_traits@PAVFXNugget@@@_STL@@@1@1ABU__false_type@1@@Z
divergent	??$_M_put_num@DV?$char_traits@D@_STL@@J@_STL@@YAAAV?$basic_ostream@DV?$char_traits@D@_STL@@@0@AAV10@J@Z
divergent	??$_M_put_num@DV?$char_traits@D@_STL@@K@_STL@@YAAAV?$basic_ostream@DV?$char_traits@D@_STL@@@0@AAV10@K@Z
divergent	??$_M_put_num@DV?$char_traits@D@_STL@@N@_STL@@YAAAV?$basic_ostream@DV?$char_traits@D@_STL@@@0@AAV10@N@Z
divergent	??$_M_put_num@DV?$char_traits@D@_STL@@O@_STL@@YAAAV?$basic_ostream@DV?$char_traits@D@_STL@@@0@AAV10@O@Z
divergent	??$_M_put_num@DV?$char_traits@D@_STL@@PBX@_STL@@YAAAV?$basic_ostream@DV?$char_traits@D@_STL@@@0@AAV10@PBX@Z
divergent	??$_M_put_num@DV?$char_traits@D@_STL@@_J@_STL@@YAAAV?$basic_ostream@DV?$char_traits@D@_STL@@@0@AAV10@_J@Z
divergent	??$_M_put_num@DV?$char_traits@D@_STL@@_K@_STL@@YAAAV?$basic_ostream@DV?$char_traits@D@_STL@@@0@AAV10@_K@Z
divergent	??$_M_put_num@DV?$char_traits@D@_STL@@_N@_STL@@YAAAV?$basic_ostream@DV?$char_traits@D@_STL@@@0@AAV10@_N@Z
divergent	??$_M_range_initialize@PAD@?$basic_string@DV?$char_traits@D@_STL@@V?$allocator@D@2@@_STL@@AAEXPAD0ABUforward_iterator_tag@1@@Z
divergent	??$_M_range_initialize@PAG@?$basic_string@GV?$char_traits@G@_STL@@V?$allocator@G@2@@_STL@@AAEXPAG0ABUforward_iterator_tag@1@@Z
divergent	??$_M_range_initialize@PBD@?$basic_string@DV?$char_traits@D@_STL@@V?$allocator@D@2@@_STL@@AAEXPBD0@Z
divergent	??$_M_range_initialize@PBD@?$basic_string@DV?$char_traits@D@_STL@@V?$allocator@D@2@@_STL@@AAEXPBD0ABUforward_iterator_tag@1@@Z
divergent	??$_M_range_initialize@PBG@?$basic_string@GV?$char_traits@G@_STL@@V?$allocator@G@2@@_STL@@AAEXPBG0@Z
divergent	??$_M_range_initialize@PBG@?$basic_string@GV?$char_traits@G@_STL@@V?$allocator@G@2@@_STL@@AAEXPBG0ABUforward_iterator_tag@1@@Z
divergent	??$_M_read_float@V?$istreambuf_iterator@DV?$char_traits@D@_STL@@@_STL@@D@_STL@@YA_NAAV?$basic_string@DV?$char_traits@D@_STL@@V?$allocator@D@2@@0@AAV?$istreambuf_iterator@DV?$char_traits@D@_STL@@@0@1AAVios_base@0@PAD@Z
divergent	??$_M_read_float@V?$istreambuf_iterator@GV?$char_traits@G@_STL@@@_STL@@G@_STL@@YA_NAAV?$basic_string@DV?$char_traits@D@_STL@@V?$allocator@D@2@@0@AAV?$istreambuf_iterator@GV?$char_traits@G@_STL@@@0@1AAVios_base@0@PAG@Z
divergent	??$_S_merge@HV?$allocator@H@_STL@@U?$less@H@2@@_STL@@YAXAAV?$list@HV?$allocator@H@_STL@@@0@0U?$less@H@0@@Z
divergent	??$_S_merge@V?$basic_string@DV?$char_traits@D@_STL@@V?$allocator@D@2@@_STL@@V?$allocator@V?$basic_string@DV?$char_traits@D@_STL@@V?$allocator@D@2@@_STL@@@2@U?$less@V?$basic_string@DV?$char_traits@D@_STL@@V?$allocator@D@2@@_STL@@@2@@_STL@@YAXAAV?$list@V?$basic_string@DV?$char_traits@D@_STL@@V?$allocator@D@2@@_STL@@V?$allocator@V?$basic_string@DV?$char_traits@D@_STL@@V?$allocator@D@2@@_STL@@@2@@0@0U?$less@V?$basic_string@DV?$char_traits@D@_STL@@V?$allocator@D@2@@_STL@@@0@@Z
divergent	??$_S_sort@FV?$allocator@F@_STL@@U?$less@F@2@@_STL@@YAXAAV?$list@FV?$allocator@F@_STL@@@0@U?$less@F@0@@Z
divergent	??$_S_sort@HV?$allocator@H@_STL@@U?$less@H@2@@_STL@@YAXAAV?$list@HV?$allocator@H@_STL@@@0@U?$less@H@0@@Z
divergent	??$_S_sort@V?$basic_string@DV?$char_traits@D@_STL@@V?$allocator@D@2@@_STL@@V?$allocator@V?$basic_string@DV?$char_traits@D@_STL@@V?$allocator@D@2@@_STL@@@2@U?$less@V?$basic_string@DV?$char_traits@D@_STL@@V?$allocator@D@2@@_STL@@@2@@_STL@@YAXAAV?$list@V?$basic_string@DV?$char_traits@D@_STL@@V?$allocator@D@2@@_STL@@V?$allocator@V?$basic_string@DV?$char_traits@D@_STL@@V?$allocator@D@2@@_STL@@@2@@0@U?$less@V?$basic_string@DV?$char_traits@D@_STL@@V?$allocator@D@2@@_STL@@@0@@Z
divergent	??$_S_unique@HV?$allocator@H@_STL@@U?$equal_to@H@2@@_STL@@YAXAAV?$list@HV?$allocator@H@_STL@@@0@U?$equal_to@H@0@@Z
divergent	??$_S_unique@V?$basic_string@DV?$char_traits@D@_STL@@V?$allocator@D@2@@_STL@@V?$allocator@V?$basic_string@DV?$char_traits@D@_STL@@V?$allocator@D@2@@_STL@@@2@U?$equal_to@V?$basic_string@DV?$char_traits@D@_STL@@V?$allocator@D@2@@_STL@@@2@@_STL@@YAXAAV?$list@V?$basic_string@DV?$char_traits@D@_STL@@V?$allocator@D@2@@_STL@@V?$allocator@V?$basic_string@DV?$char_traits@D@_STL@@V?$allocator@D@2@@_STL@@@2@@0@U?$equal_to@V?$basic_string@DV?$char_traits@D@_STL@@V?$allocator@D@2@@_STL@@@0@@Z
divergent	??$_S_unique@VUnicodeString@@V?$allocator@VUnicodeString@@@_STL@@U?$equal_to@VUnicodeString@@@3@@_STL@@YAXAAV?$list@VUnicodeString@@V?$allocator@VUnicodeString@@@_STL@@@0@U?$equal_to@VUnicodeString@@@0@@Z
divergent	??$__adjust_heap@PAURva004F6966@@HU1@URva004F81DBGreater@@@_STL@@YAXPAURva004F6966@@HHU1@URva004F81DBGreater@@@Z
divergent	??$__adjust_heap@PAUS4SortElem8@@HU1@US4Cmp00575AA0@@@_STL@@YAXPAUS4SortElem8@@HHU1@US4Cmp00575AA0@@@Z
divergent	??$__adjust_heap@PAUTreeHintRef00217D4C@@HU1@URva004F9185Cmp@@@_STL@@YAXPAUTreeHintRef00217D4C@@HHU1@URva004F9185Cmp@@@Z
divergent	??$__adjust_heap@PAVRva004F6093Holder@@HV1@URva002BBC1CCmp@@@_STL@@YAXPAVRva004F6093Holder@@HHV1@URva002BBC1CCmp@@@Z
divergent	??$__advance@PBIH@_STL@@YAXAAPBIHABUrandom_access_iterator_tag@0@@Z
divergent	??$__advance@U?$_Deque_iterator@UBfmeE8@@U?$_Const_traits@UBfmeE8@@@_STL@@@_STL@@H@_STL@@YAXAAU?$_Deque_iterator@UBfmeE8@@U?$_Const_traits@UBfmeE8@@@_STL@@@0@HABUrandom_access_iterator_tag@0@@Z
divergent	??$__copy@PADV?$ostreambuf_iterator@DV?$char_traits@D@_STL@@@_STL@@H@_STL@@YA?AV?$ostreambuf_iterator@DV?$char_traits@D@_STL@@@0@PAD0V10@ABUrandom_access_iterator_tag@0@PAH@Z
divergent	??$__copy@PAUAngleFXInfo@@PAU1@H@_STL@@YAPAUAngleFXInfo@@PAU1@00ABUrandom_access_iterator_tag@0@PAH@Z
divergent	??$__copy@PAUBfmePod36@@PAU1@H@_STL@@YAPAUBfmePod36@@PAU1@00ABUrandom_access_iterator_tag@0@PAH@Z
divergent	??$__copy@PAUBfmeStringRecord00111ACF@@PAU1@H@_STL@@YAPAUBfmeStringRecord00111ACF@@PAU1@00ABUrandom_access_iterator_tag@0@PAH@Z
divergent	??$__copy@PAUCoord3D@@PAU1@H@_STL@@YAPAUCoord3D@@PAU1@00ABUrandom_access_iterator_tag@0@PAH@Z
divergent	??$__copy@PAUGeometryShape@@PAU1@H@_STL@@YAPAUGeometryShape@@PAU1@00ABUrandom_access_iterator_tag@0@PAH@Z
divergent	??$__copy@PAUICoord2D@@PAU1@H@_STL@@YAPAUICoord2D@@PAU1@00ABUrandom_access_iterator_tag@0@PAH@Z
divergent	??$__copy@PAUSegInfo@W3DRopeDraw@@PAU12@H@_STL@@YAPAUSegInfo@W3DRopeDraw@@PAU12@00ABUrandom_access_iterator_tag@0@PAH@Z
divergent	??$__copy@PAVProductionPrerequisite@@PAV1@H@_STL@@YAPAVProductionPrerequisite@@PAV1@00ABUrandom_access_iterator_tag@0@PAH@Z
divergent	??$__copy@PAW4ScienceType@@PAW41@H@_STL@@YAPAW4ScienceType@@PAW41@00ABUrandom_access_iterator_tag@0@PAH@Z
divergent	??$__copy@PBUAngleFXInfo@@PAU1@H@_STL@@YAPAUAngleFXInfo@@PBU1@0PAU1@ABUrandom_access_iterator_tag@0@PAH@Z
divergent	??$__copy@PBUBfmePod36@@PAU1@H@_STL@@YAPAUBfmePod36@@PBU1@0PAU1@ABUrandom_access_iterator_tag@0@PAH@Z
divergent	??$__copy@PBUBfmeStringRecord00111ACF@@PAU1@H@_STL@@YAPAUBfmeStringRecord00111ACF@@PBU1@0PAU1@ABUrandom_access_iterator_tag@0@PAH@Z
divergent	??$__copy@PBUBfmeStringRecord002CF5B1@@PAU1@H@_STL@@YAPAUBfmeStringRecord002CF5B1@@PBU1@0PAU1@ABUrandom_access_iterator_tag@0@PAH@Z
divergent	??$__copy@PBUCoord3D@@PAU1@H@_STL@@YAPAUCoord3D@@PBU1@0PAU1@ABUrandom_access_iterator_tag@0@PAH@Z
divergent	??$__copy@PBUEvaMessageInfo@@PAU1@H@_STL@@YAPAUEvaMessageInfo@@PBU1@0PAU1@ABUrandom_access_iterator_tag@0@PAH@Z
divergent	??$__copy@PBUGeometryShape@@PAU1@H@_STL@@YAPAUGeometryShape@@PBU1@0PAU1@ABUrandom_access_iterator_tag@0@PAH@Z
divergent	??$__copy@PBUICoord2D@@PAU1@H@_STL@@YAPAUICoord2D@@PBU1@0PAU1@ABUrandom_access_iterator_tag@0@PAH@Z
divergent	??$__copy@PBUNugget@ModuleInfo@@PAU12@H@_STL@@YAPAUNugget@ModuleInfo@@PBU12@0PAU12@ABUrandom_access_iterator_tag@0@PAH@Z
divergent	??$__copy@PBV?$basic_string@DV?$char_traits@D@_STL@@V?$allocator@D@2@@_STL@@PAV12@H@_STL@@YAPAV?$basic_string@DV?$char_traits@D@_STL@@V?$allocator@D@2@@0@PBV10@0PAV10@ABUrandom_access_iterator_tag@0@PAH@Z
divergent	??$__copy@PBVArmorTemplateSet@@PAV1@H@_STL@@YAPAVArmorTemplateSet@@PBV1@0PAV1@ABUrandom_access_iterator_tag@0@PAH@Z
divergent	??$__copy@PBVAsciiString@@PAV1@H@_STL@@YAPAVAsciiString@@PBV1@0PAV1@ABUrandom_access_iterator_tag@0@PAH@Z
divergent	??$__copy@PBVProductionPrerequisite@@PAV1@H@_STL@@YAPAVProductionPrerequisite@@PBV1@0PAV1@ABUrandom_access_iterator_tag@0@PAH@Z
divergent	??$__copy@PBVWeaponTemplateSet@@PAV1@H@_STL@@YAPAVWeaponTemplateSet@@PBV1@0PAV1@ABUrandom_access_iterator_tag@0@PAH@Z
divergent	??$__copy@U?$_Bit_iter@U_Bit_reference@_STL@@PAU12@@_STL@@U12@H@_STL@@YA?AU?$_Bit_iter@U_Bit_reference@_STL@@PAU12@@0@U10@00ABUrandom_access_iterator_tag@0@PAH@Z
divergent	??$__copy@U?$_Bit_iter@_NPB_N@_STL@@U?$_Bit_iter@U_Bit_reference@_STL@@PAU12@@2@H@_STL@@YA?AU?$_Bit_iter@U_Bit_reference@_STL@@PAU12@@0@U?$_Bit_iter@_NPB_N@0@0U10@ABUrandom_access_iterator_tag@0@PAH@Z
divergent	??$__copy@U?$_Deque_iterator@PAXU?$_Const_traits@PAX@_STL@@@_STL@@U?$_Deque_iterator@PAXU?$_Nonconst_traits@PAX@_STL@@@2@H@_STL@@YA?AU?$_Deque_iterator@PAXU?$_Nonconst_traits@PAX@_STL@@@0@U?$_Deque_iterator@PAXU?$_Const_traits@PAX@_STL@@@0@0U10@ABUrandom_access_iterator_tag@0@PAH@Z
divergent	??$__copy@U?$_Deque_iterator@PAXU?$_Nonconst_traits@PAX@_STL@@@_STL@@U12@H@_STL@@YA?AU?$_Deque_iterator@PAXU?$_Nonconst_traits@PAX@_STL@@@0@U10@00ABUrandom_access_iterator_tag@0@PAH@Z
divergent	??$__copy@U?$_Deque_iterator@UBfmeE8@@U?$_Const_traits@UBfmeE8@@@_STL@@@_STL@@U?$_Deque_iterator@UBfmeE8@@U?$_Nonconst_traits@UBfmeE8@@@_STL@@@2@H@_STL@@YA?AU?$_Deque_iterator@UBfmeE8@@U?$_Nonconst_traits@UBfmeE8@@@_STL@@@0@U?$_Deque_iterator@UBfmeE8@@U?$_Const_traits@UBfmeE8@@@_STL@@@0@0U10@ABUrandom_access_iterator_tag@0@PAH@Z
divergent	??$__copy@U?$_Deque_iterator@UBfmeE8@@U?$_Nonconst_traits@UBfmeE8@@@_STL@@@_STL@@U12@H@_STL@@YA?AU?$_Deque_iterator@UBfmeE8@@U?$_Nonconst_traits@UBfmeE8@@@_STL@@@0@U10@00ABUrandom_access_iterator_tag@0@PAH@Z
divergent	??$__copy_aux@PADPAD@_STL@@YAPADPAD00U__true_type@0@@Z
divergent	??$__copy_aux@PAEPAE@_STL@@YAPAEPAE00U__true_type@0@@Z
divergent	??$__copy_aux@PAGPAG@_STL@@YAPAGPAG00ABU__true_type@0@@Z
divergent	??$__copy_aux@PAGPAG@_STL@@YAPAGPAG00U__true_type@0@@Z
divergent	??$__copy_aux@PAPAUBfmeE8@@PAPAU1@@_STL@@YAPAPAUBfmeE8@@PAPAU1@00U__true_type@0@@Z
divergent	??$__copy_aux@PAPAVDrawable@@PAPAV1@@_STL@@YAPAPAVDrawable@@PAPAV1@00U__true_type@0@@Z
divergent	??$__copy_aux@PAPAXPAPAX@_STL@@YAPAPAXPAPAX00ABU__true_type@0@@Z
divergent	??$__copy_aux@PAPAXPAPAX@_STL@@YAPAPAXPAPAX00U__true_type@0@@Z
divergent	??$__copy_aux@PBHPAH@_STL@@YAPAHPBH0PAHABU__true_type@0@@Z
divergent	??$__copy_aux@U?$_Bit_iter@U_Bit_reference@_STL@@PAU12@@_STL@@U12@@_STL@@YA?AU?$_Bit_iter@U_Bit_reference@_STL@@PAU12@@0@U10@00U__false_type@0@@Z
divergent	??$__copy_aux@U?$_Bit_iter@_NPB_N@_STL@@U?$_Bit_iter@U_Bit_reference@_STL@@PAU12@@2@@_STL@@YA?AU?$_Bit_iter@U_Bit_reference@_STL@@PAU12@@0@U?$_Bit_iter@_NPB_N@0@0U10@U__false_type@0@@Z
divergent	??$__copy_aux@U?$_Deque_iterator@UBfmeE8@@U?$_Const_traits@UBfmeE8@@@_STL@@@_STL@@U?$_Deque_iterator@UBfmeE8@@U?$_Nonconst_traits@UBfmeE8@@@_STL@@@2@@_STL@@YA?AU?$_Deque_iterator@UBfmeE8@@U?$_Nonconst_traits@UBfmeE8@@@_STL@@@0@U?$_Deque_iterator@UBfmeE8@@U?$_Const_traits@UBfmeE8@@@_STL@@@0@0U10@U__false_type@0@@Z
divergent	??$__copy_aux@U?$_Deque_iterator@UBfmeE8@@U?$_Nonconst_traits@UBfmeE8@@@_STL@@@_STL@@U12@@_STL@@YA?AU?$_Deque_iterator@UBfmeE8@@U?$_Nonconst_traits@UBfmeE8@@@_STL@@@0@U10@00U__false_type@0@@Z
divergent	??$__copy_backward@PAU?$pair@W4ObjectID@@I@_STL@@PAU12@H@_STL@@YAPAU?$pair@W4ObjectID@@I@0@PAU10@00ABUrandom_access_iterator_tag@0@PAH@Z
divergent	??$__copy_backward@PAUAngleFXInfo@@PAU1@H@_STL@@YAPAUAngleFXInfo@@PAU1@00ABUrandom_access_iterator_tag@0@PAH@Z
divergent	??$__copy_backward@PAUBfmePod248@@PAU1@H@_STL@@YAPAUBfmePod248@@PAU1@00ABUrandom_access_iterator_tag@0@PAH@Z
divergent	??$__copy_backward@PAUBfmePod36@@PAU1@H@_STL@@YAPAUBfmePod36@@PAU1@00ABUrandom_access_iterator_tag@0@PAH@Z
divergent	??$__copy_backward@PAUCoord3D@@PAU1@H@_STL@@YAPAUCoord3D@@PAU1@00ABUrandom_access_iterator_tag@0@PAH@Z
divergent	??$__copy_backward@PAUGeometryShape@@PAU1@H@_STL@@YAPAUGeometryShape@@PAU1@00ABUrandom_access_iterator_tag@0@PAH@Z
divergent	??$__copy_backward@PAUICoord2D@@PAU1@H@_STL@@YAPAUICoord2D@@PAU1@00ABUrandom_access_iterator_tag@0@PAH@Z
divergent	??$__copy_backward@PAUS4SortElem8@@PAU1@H@_STL@@YAPAUS4SortElem8@@PAU1@00ABUrandom_access_iterator_tag@0@PAH@Z
divergent	??$__copy_backward@U?$_Bit_iter@U_Bit_reference@_STL@@PAU12@@_STL@@U12@H@_STL@@YA?AU?$_Bit_iter@U_Bit_reference@_STL@@PAU12@@0@U10@00ABUrandom_access_iterator_tag@0@PAH@Z
divergent	??$__copy_backward_aux@PAPAUBfmeE8@@PAPAU1@@_STL@@YAPAPAUBfmeE8@@PAPAU1@00ABU__true_type@0@@Z
divergent	??$__copy_backward_aux@PAU?$pair@W4ObjectID@@I@_STL@@PAU12@@_STL@@YAPAU?$pair@W4ObjectID@@I@0@PAU10@00ABU__true_type@0@@Z
divergent	??$__copy_backward_ptrs@PADPAD@_STL@@YAPADPAD00ABU__true_type@0@@Z
divergent	??$__copy_backward_ptrs@PAEPAE@_STL@@YAPAEPAE00ABU__true_type@0@@Z
divergent	??$__copy_backward_ptrs@PAGPAG@_STL@@YAPAGPAG00ABU__true_type@0@@Z
divergent	??$__copy_backward_ptrs@PAHPAH@_STL@@YAPAHPAH00ABU__true_type@0@@Z
divergent	??$__copy_backward_ptrs@PAPAUBfmeE8@@PAPAU1@@_STL@@YAPAPAUBfmeE8@@PAPAU1@00ABU__true_type@0@@Z
divergent	??$__copy_backward_ptrs@PAPAVDrawable@@PAPAV1@@_STL@@YAPAPAVDrawable@@PAPAV1@00ABU__true_type@0@@Z
divergent	??$__copy_backward_ptrs@PAU?$pair@W4ObjectID@@I@_STL@@PAU12@@_STL@@YAPAU?$pair@W4ObjectID@@I@0@PAU10@00ABU__false_type@0@@Z
divergent	??$__copy_backward_ptrs@PAUAngleFXInfo@@PAU1@@_STL@@YAPAUAngleFXInfo@@PAU1@00ABU__false_type@0@@Z
divergent	??$__copy_backward_ptrs@PAUBfmePod36@@PAU1@@_STL@@YAPAUBfmePod36@@PAU1@00ABU__false_type@0@@Z
divergent	??$__copy_backward_ptrs@PAUCoord3D@@PAU1@@_STL@@YAPAUCoord3D@@PAU1@00ABU__false_type@0@@Z
divergent	??$__copy_backward_ptrs@PAUICoord2D@@PAU1@@_STL@@YAPAUICoord2D@@PAU1@00ABU__false_type@0@@Z
divergent	??$__copy_float_and_fill@DV?$ostreambuf_iterator@DV?$char_traits@D@_STL@@@_STL@@@_STL@@YA?AV?$ostreambuf_iterator@DV?$char_traits@D@_STL@@@0@PBD0V10@HHDDD@Z
divergent	??$__copy_integer_and_fill@DV?$ostreambuf_iterator@DV?$char_traits@D@_STL@@@_STL@@@_STL@@YA?AV?$ostreambuf_iterator@DV?$char_traits@D@_STL@@@0@PBDHV10@HHDDD@Z
divergent	??$__copy_ptrs@PADPAD@_STL@@YAPADPAD00ABU__true_type@0@@Z
divergent	??$__copy_ptrs@PADPAD@_STL@@YAPADPAD00U__true_type@0@@Z
divergent	??$__copy_ptrs@PAEPAE@_STL@@YAPAEPAE00U__true_type@0@@Z
divergent	??$__copy_ptrs@PAGPAG@_STL@@YAPAGPAG00ABU__true_type@0@@Z
divergent	??$__copy_ptrs@PAGPAG@_STL@@YAPAGPAG00U__true_type@0@@Z
divergent	??$__copy_ptrs@PAPAUBfmeE8@@PAPAU1@@_STL@@YAPAPAUBfmeE8@@PAPAU1@00U__true_type@0@@Z
divergent	??$__copy_ptrs@PAPAVDrawable@@PAPAV1@@_STL@@YAPAPAVDrawable@@PAPAV1@00U__true_type@0@@Z
divergent	??$__copy_ptrs@PAPAXPAPAX@_STL@@YAPAPAXPAPAX00ABU__true_type@0@@Z
divergent	??$__copy_ptrs@PAPAXPAPAX@_STL@@YAPAPAXPAPAX00U__true_type@0@@Z
divergent	??$__copy_ptrs@PAUAngleFXInfo@@PAU1@@_STL@@YAPAUAngleFXInfo@@PAU1@00U__false_type@0@@Z
divergent	??$__copy_ptrs@PAUBfmePod36@@PAU1@@_STL@@YAPAUBfmePod36@@PAU1@00U__false_type@0@@Z
divergent	??$__copy_ptrs@PAUCoord3D@@PAU1@@_STL@@YAPAUCoord3D@@PAU1@00ABU__false_type@0@@Z
divergent	??$__copy_ptrs@PAUFXBoneInfo@@PAU1@@_STL@@YAPAUFXBoneInfo@@PAU1@00ABU__false_type@0@@Z
divergent	??$__copy_ptrs@PAUSegInfo@W3DRopeDraw@@PAU12@@_STL@@YAPAUSegInfo@W3DRopeDraw@@PAU12@00ABU__false_type@0@@Z
divergent	??$__copy_ptrs@PAVAsciiString@@PAV1@@_STL@@YAPAVAsciiString@@PAV1@00U__false_type@0@@Z
divergent	??$__copy_ptrs@PAW4ScienceType@@PAW41@@_STL@@YAPAW4ScienceType@@PAW41@00ABU__false_type@0@@Z
divergent	??$__copy_ptrs@PBHPAH@_STL@@YAPAHPBH0PAHABU__true_type@0@@Z
divergent	??$__copy_ptrs@PBUAngleFXInfo@@PAU1@@_STL@@YAPAUAngleFXInfo@@PBU1@0PAU1@U__false_type@0@@Z
divergent	??$__copy_ptrs@PBUBfmePod36@@PAU1@@_STL@@YAPAUBfmePod36@@PBU1@0PAU1@U__false_type@0@@Z
divergent	??$__copy_ptrs@PBUCoord3D@@PAU1@@_STL@@YAPAUCoord3D@@PBU1@0PAU1@U__false_type@0@@Z
divergent	??$__copy_ptrs@PBUICoord2D@@PAU1@@_STL@@YAPAUICoord2D@@PBU1@0PAU1@U__false_type@0@@Z
divergent	??$__copy_ptrs@PBVAsciiString@@PAV1@@_STL@@YAPAVAsciiString@@PBV1@0PAV1@ABU__false_type@0@@Z
divergent	??$__copy_ptrs@PBVAsciiString@@PAV1@@_STL@@YAPAVAsciiString@@PBV1@0PAV1@U__false_type@0@@Z
divergent	??$__default_constructed@H@_STL@@YAHPAH@Z
divergent	??$__default_constructed@UPristineBoneInfo@@@_STL@@YA?AUPristineBoneInfo@@PAU1@@Z
divergent	??$__default_constructed@VAsciiString@@@_STL@@YA?AVAsciiString@@PAV1@@Z
divergent	??$__default_constructed_aux@UPristineBoneInfo@@@_STL@@YA?AUPristineBoneInfo@@PAU1@ABU__false_type@0@@Z
divergent	??$__default_constructed_aux@VAsciiString@@@_STL@@YA?AVAsciiString@@PAV1@ABU__false_type@0@@Z
divergent	??$__default_constructed_aux@VLadderPref@@@_STL@@YA?AVLadderPref@@PAV1@ABU__false_type@0@@Z
divergent	??$__destroy@PAUBfmeAssignRecord104@@U1@@_STL@@YAXPAUBfmeAssignRecord104@@00@Z
divergent	??$__destroy@PAUBfmeAssignRecord172@@U1@@_STL@@YAXPAUBfmeAssignRecord172@@00@Z
divergent	??$__destroy@PAUBfmeAssignRecord32@@U1@@_STL@@YAXPAUBfmeAssignRecord32@@00@Z
divergent	??$__destroy@PAUBfmeAssignRecord44@@U1@@_STL@@YAXPAUBfmeAssignRecord44@@00@Z
divergent	??$__destroy@PAUBfmeContainerRecord00048139@@U1@@_STL@@YAXPAUBfmeContainerRecord00048139@@00@Z
divergent	??$__destroy@PAUBfmeObject476@@U1@@_STL@@YAXPAUBfmeObject476@@00@Z
divergent	??$__destroy@PAUBfmeObject544@@U1@@_STL@@YAXPAUBfmeObject544@@00@Z
divergent	??$__destroy@PAUBfmePod104@@U1@@_STL@@YAXPAUBfmePod104@@00@Z
divergent	??$__destroy@PAUBfmePod128@@U1@@_STL@@YAXPAUBfmePod128@@00@Z
divergent	??$__destroy@PAUBfmePod216@@U1@@_STL@@YAXPAUBfmePod216@@00@Z
divergent	??$__destroy@PAUBfmePod248@@U1@@_STL@@YAXPAUBfmePod248@@00@Z
divergent	??$__destroy@PAUBfmePod252@@U1@@_STL@@YAXPAUBfmePod252@@00@Z
divergent	??$__destroy@PAUBfmePod40@@U1@@_STL@@YAXPAUBfmePod40@@00@Z
divergent	??$__destroy@PAUBfmePod88@@U1@@_STL@@YAXPAUBfmePod88@@00@Z
divergent	??$__destroy@PAUBfmeRecord0040B61A@@U1@@_STL@@YAXPAUBfmeRecord0040B61A@@00@Z
divergent	??$__destroy@PAUBfmeStringHeadRecord160@@U1@@_STL@@YAXPAUBfmeStringHeadRecord160@@00@Z
divergent	??$__destroy@PAUBfmeStringHeadRecord184@@U1@@_STL@@YAXPAUBfmeStringHeadRecord184@@00@Z
divergent	??$__destroy@PAUBfmeStringRecord00395E75@@U1@@_STL@@YAXPAUBfmeStringRecord00395E75@@00@Z
divergent	??$__destroy@PAUBfmeStringRecord00466E64@@U1@@_STL@@YAXPAUBfmeStringRecord00466E64@@00@Z
divergent	??$__destroy@PAUBfmeStringRecord005D511F@@U1@@_STL@@YAXPAUBfmeStringRecord005D511F@@00@Z
divergent	??$__destroy@PAUBfmeStringTailRecord156@@U1@@_STL@@YAXPAUBfmeStringTailRecord156@@00@Z
divergent	??$__destroy@PAUBfmeVectorRecord000BDF17@@U1@@_STL@@YAXPAUBfmeVectorRecord000BDF17@@00@Z
divergent	??$__destroy@PAUCoord3D@@U1@@_STL@@YAXPAUCoord3D@@00@Z
divergent	??$__destroy@PAUEvaMessageInfo@@U1@@_STL@@YAXPAUEvaMessageInfo@@00@Z
divergent	??$__destroy@PAUGeometryShape@@U1@@_STL@@YAXPAUGeometryShape@@00@Z
divergent	??$__destroy@PAUMade002CC5E1DamageScalar@@U1@@_STL@@YAXPAUMade002CC5E1DamageScalar@@00@Z
divergent	??$__destroy@PAUNugget@ModuleInfo@@U12@@_STL@@YAXPAUNugget@ModuleInfo@@00@Z
divergent	??$__destroy@PAUOpaqueRefElement4@@U1@@_STL@@YAXPAUOpaqueRefElement4@@00@Z
divergent	??$__destroy@PAUPrereqUnitRec@ProductionPrerequisite@@U12@@_STL@@YAXPAUPrereqUnitRec@ProductionPrerequisite@@00@Z
divergent	??$__destroy@PAUQuantityModifier@@U1@@_STL@@YAXPAUQuantityModifier@@00@Z
divergent	??$__destroy@PAURva00082BE6Element@@U1@@_STL@@YAXPAURva00082BE6Element@@00@Z
divergent	??$__destroy@PAURva00082C1DElement@@U1@@_STL@@YAXPAURva00082C1DElement@@00@Z
divergent	??$__destroy@PAURva0008B689Element@@U1@@_STL@@YAXPAURva0008B689Element@@00@Z
divergent	??$__destroy@PAURva000BEDF0Record@@U1@@_STL@@YAXPAURva000BEDF0Record@@00@Z
divergent	??$__destroy@PAURva000C828CElement@@U1@@_STL@@YAXPAURva000C828CElement@@00@Z
divergent	??$__destroy@PAURva000CF83CElement@@U1@@_STL@@YAXPAURva000CF83CElement@@00@Z
divergent	??$__destroy@PAURva001504A1Record@@U1@@_STL@@YAXPAURva001504A1Record@@00@Z
divergent	??$__destroy@PAURva00153729@@U1@@_STL@@YAXPAURva00153729@@00@Z
divergent	??$__destroy@PAURva00153A27Element@@U1@@_STL@@YAXPAURva00153A27Element@@00@Z
divergent	??$__destroy@PAURva001DAAF2Element@@U1@@_STL@@YAXPAURva001DAAF2Element@@00@Z
divergent	??$__destroy@PAURva001DF3F1Element@@U1@@_STL@@YAXPAURva001DF3F1Element@@00@Z
divergent	??$__destroy@PAURva0020A227Element@@U1@@_STL@@YAXPAURva0020A227Element@@00@Z
divergent	??$__destroy@PAURva00260B88Element@@U1@@_STL@@YAXPAURva00260B88Element@@00@Z
divergent	??$__destroy@PAURva002898ACElement@@U1@@_STL@@YAXPAURva002898ACElement@@00@Z
divergent	??$__destroy@PAURva002B72C9@@U1@@_STL@@YAXPAURva002B72C9@@00@Z
divergent	??$__destroy@PAURva002B9062Element@@U1@@_STL@@YAXPAURva002B9062Element@@00@Z
divergent	??$__destroy@PAURva00308E2CElement@@U1@@_STL@@YAXPAURva00308E2CElement@@00@Z
divergent	??$__destroy@PAURva00318203Element@@U1@@_STL@@YAXPAURva00318203Element@@00@Z
divergent	??$__destroy@PAURva0032DC80Element@@U1@@_STL@@YAXPAURva0032DC80Element@@00@Z
divergent	??$__destroy@PAURva0032EA3FElement@@U1@@_STL@@YAXPAURva0032EA3FElement@@00@Z
divergent	??$__destroy@PAURva003328B6Element@@U1@@_STL@@YAXPAURva003328B6Element@@00@Z
divergent	??$__destroy@PAURva0033A23AElement@@U1@@_STL@@YAXPAURva0033A23AElement@@00@Z
divergent	??$__destroy@PAURva00395D77@@U1@@_STL@@YAXPAURva00395D77@@00@Z
divergent	??$__destroy@PAURva0039A48EElement@@U1@@_STL@@YAXPAURva0039A48EElement@@00@Z
divergent	??$__destroy@PAURva003F610FElement@@U1@@_STL@@YAXPAURva003F610FElement@@00@Z
divergent	??$__destroy@PAURva003F7B22Element@@U1@@_STL@@YAXPAURva003F7B22Element@@00@Z
divergent	??$__destroy@PAURva0040C0C7Element@@U1@@_STL@@YAXPAURva0040C0C7Element@@00@Z
divergent	??$__destroy@PAURva0040DC56Element@@U1@@_STL@@YAXPAURva0040DC56Element@@00@Z
divergent	??$__destroy@PAURva00413B16Element@@U1@@_STL@@YAXPAURva00413B16Element@@00@Z
divergent	??$__destroy@PAURva00414258Element@@U1@@_STL@@YAXPAURva00414258Element@@00@Z
divergent	??$__destroy@PAURva00414BA4Element@@U1@@_STL@@YAXPAURva00414BA4Element@@00@Z
divergent	??$__destroy@PAURva00414BDBElement@@U1@@_STL@@YAXPAURva00414BDBElement@@00@Z
divergent	??$__destroy@PAURva00475F2AElement@@U1@@_STL@@YAXPAURva00475F2AElement@@00@Z
divergent	??$__destroy@PAURva0048130E@@U1@@_STL@@YAXPAURva0048130E@@00@Z
divergent	??$__destroy@PAURva004C3F09Element@@U1@@_STL@@YAXPAURva004C3F09Element@@00@Z
divergent	??$__destroy@PAURva004DA181Element@@U1@@_STL@@YAXPAURva004DA181Element@@00@Z
divergent	??$__destroy@PAURva004F87BCElement@@U1@@_STL@@YAXPAURva004F87BCElement@@00@Z
divergent	??$__destroy@PAURva004F8D92Element@@U1@@_STL@@YAXPAURva004F8D92Element@@00@Z
divergent	??$__destroy@PAURva004F9018Element@@U1@@_STL@@YAXPAURva004F9018Element@@00@Z
divergent	??$__destroy@PAURva004F93B0Element@@U1@@_STL@@YAXPAURva004F93B0Element@@00@Z
divergent	??$__destroy@PAURva00501E3FElement@@U1@@_STL@@YAXPAURva00501E3FElement@@00@Z
divergent	??$__destroy@PAURva00520211Element@@U1@@_STL@@YAXPAURva00520211Element@@00@Z
divergent	??$__destroy@PAURva005668E9Element@@U1@@_STL@@YAXPAURva005668E9Element@@00@Z
divergent	??$__destroy@PAURva00578425Element@@U1@@_STL@@YAXPAURva00578425Element@@00@Z
divergent	??$__destroy@PAURva005E1E9BElement@@U1@@_STL@@YAXPAURva005E1E9BElement@@00@Z
divergent	??$__destroy@PAURva005E2B0EElement@@U1@@_STL@@YAXPAURva005E2B0EElement@@00@Z
divergent	??$__destroy@PAURva005E71C6Ref@@U1@@_STL@@YAXPAURva005E71C6Ref@@00@Z
divergent	??$__destroy@PAURva005EFD53Element@@U1@@_STL@@YAXPAURva005EFD53Element@@00@Z
divergent	??$__destroy@PAURva005F13E6Element@@U1@@_STL@@YAXPAURva005F13E6Element@@00@Z
divergent	??$__destroy@PAURva005FA197Element@@U1@@_STL@@YAXPAURva005FA197Element@@00@Z
divergent	??$__destroy@PAURva005FA1CEElement@@U1@@_STL@@YAXPAURva005FA1CEElement@@00@Z
divergent	??$__destroy@PAUTreeHintRef00217D4C@@U1@@_STL@@YAXPAUTreeHintRef00217D4C@@00@Z
divergent	??$__destroy@PAUTreeKey00242F5E@@U1@@_STL@@YAXPAUTreeKey00242F5E@@00@Z
divergent	??$__destroy@PAV?$vector@UBfmeE8@@V?$allocator@UBfmeE8@@@_STL@@@_STL@@V12@@_STL@@YAXPAV?$vector@UBfmeE8@@V?$allocator@UBfmeE8@@@_STL@@@0@00@Z
divergent	??$__destroy@PAVAsciiString@@V1@@_STL@@YAXPAVAsciiString@@00@Z
divergent	??$__destroy@PAVBfmeStringTailRecord156@@V1@@_STL@@YAXPAVBfmeStringTailRecord156@@00@Z
divergent	??$__destroy@PAVCameraMarker@@V1@@_STL@@YAXPAVCameraMarker@@00@Z
divergent	??$__destroy@PAVLivingWorldRegionConnection@@V1@@_STL@@YAXPAVLivingWorldRegionConnection@@00@Z
divergent	??$__destroy@PAVMoney@@V1@@_STL@@YAXPAVMoney@@00@Z
divergent	??$__destroy@PAVProductionPrerequisite@@V1@@_STL@@YAXPAVProductionPrerequisite@@00@Z
divergent	??$__destroy@PAVRva000BB491@@V1@@_STL@@YAXPAVRva000BB491@@00@Z
divergent	??$__destroy@PAVRva000BB4AC@@V1@@_STL@@YAXPAVRva000BB4AC@@00@Z
divergent	??$__destroy@PAVRva001EC349@@V1@@_STL@@YAXPAVRva001EC349@@00@Z
divergent	??$__destroy@PAVRva001ED0DE@@V1@@_STL@@YAXPAVRva001ED0DE@@00@Z
divergent	??$__destroy@PAVRva0021F876@@V1@@_STL@@YAXPAVRva0021F876@@00@Z
divergent	??$__destroy@PAVRva00297360Element@@V1@@_STL@@YAXPAVRva00297360Element@@00@Z
divergent	??$__destroy@PAVRva002A73B8@@V1@@_STL@@YAXPAVRva002A73B8@@00@Z
divergent	??$__destroy@PAVRva00403927@@V1@@_STL@@YAXPAVRva00403927@@00@Z
divergent	??$__destroy@PAVRva004E32F2@@V1@@_STL@@YAXPAVRva004E32F2@@00@Z
divergent	??$__destroy@PAVRva0052BDE6@@V1@@_STL@@YAXPAVRva0052BDE6@@00@Z
divergent	??$__destroy@PAVRva0052BE33@@V1@@_STL@@YAXPAVRva0052BE33@@00@Z
divergent	??$__destroy@PAVRva0052BEF0@@V1@@_STL@@YAXPAVRva0052BEF0@@00@Z
divergent	??$__destroy@PAVRva00568A20@@V1@@_STL@@YAXPAVRva00568A20@@00@Z
divergent	??$__destroy@PAVRvaSmartPtr12@@V1@@_STL@@YAXPAVRvaSmartPtr12@@00@Z
divergent	??$__destroy@PAVW3DAnimationInfo@@V1@@_STL@@YAXPAVW3DAnimationInfo@@00@Z
divergent	??$__destroy@U?$_Deque_iterator@UBfmeE8@@U?$_Nonconst_traits@UBfmeE8@@@_STL@@@_STL@@UBfmeE8@@@_STL@@YAXU?$_Deque_iterator@UBfmeE8@@U?$_Nonconst_traits@UBfmeE8@@@_STL@@@0@0PAUBfmeE8@@@Z
divergent	??$__destroy@U?$_Deque_iterator@UPodPayload20@@U?$_Nonconst_traits@UPodPayload20@@@_STL@@@_STL@@UPodPayload20@@@_STL@@YAXU?$_Deque_iterator@UPodPayload20@@U?$_Nonconst_traits@UPodPayload20@@@_STL@@@0@0PAUPodPayload20@@@Z
divergent	??$__destroy_aux@PAUBfmeAssignRecord104@@@_STL@@YAXPAUBfmeAssignRecord104@@0ABU__false_type@0@@Z
divergent	??$__destroy_aux@PAUBfmeAssignRecord172@@@_STL@@YAXPAUBfmeAssignRecord172@@0ABU__false_type@0@@Z
divergent	??$__destroy_aux@PAUBfmeAssignRecord32@@@_STL@@YAXPAUBfmeAssignRecord32@@0ABU__false_type@0@@Z
divergent	??$__destroy_aux@PAUBfmeAssignRecord44@@@_STL@@YAXPAUBfmeAssignRecord44@@0ABU__false_type@0@@Z
divergent	??$__destroy_aux@PAUBfmeContainerRecord00048139@@@_STL@@YAXPAUBfmeContainerRecord00048139@@0ABU__false_type@0@@Z
divergent	??$__destroy_aux@PAUBfmeObject476@@@_STL@@YAXPAUBfmeObject476@@0ABU__false_type@0@@Z
divergent	??$__destroy_aux@PAUBfmeObject544@@@_STL@@YAXPAUBfmeObject544@@0ABU__false_type@0@@Z
divergent	??$__destroy_aux@PAUBfmePod104@@@_STL@@YAXPAUBfmePod104@@0ABU__false_type@0@@Z
divergent	??$__destroy_aux@PAUBfmePod128@@@_STL@@YAXPAUBfmePod128@@0ABU__false_type@0@@Z
divergent	??$__destroy_aux@PAUBfmePod216@@@_STL@@YAXPAUBfmePod216@@0ABU__false_type@0@@Z
divergent	??$__destroy_aux@PAUBfmePod248@@@_STL@@YAXPAUBfmePod248@@0ABU__false_type@0@@Z
divergent	??$__destroy_aux@PAUBfmePod252@@@_STL@@YAXPAUBfmePod252@@0ABU__false_type@0@@Z
divergent	??$__destroy_aux@PAUBfmePod40@@@_STL@@YAXPAUBfmePod40@@0ABU__false_type@0@@Z
divergent	??$__destroy_aux@PAUBfmePod88@@@_STL@@YAXPAUBfmePod88@@0ABU__false_type@0@@Z
divergent	??$__destroy_aux@PAUBfmeRecord0040B61A@@@_STL@@YAXPAUBfmeRecord0040B61A@@0ABU__false_type@0@@Z
divergent	??$__destroy_aux@PAUBfmeStringRecord00395E75@@@_STL@@YAXPAUBfmeStringRecord00395E75@@0ABU__false_type@0@@Z
divergent	??$__destroy_aux@PAUBfmeStringRecord00466E64@@@_STL@@YAXPAUBfmeStringRecord00466E64@@0ABU__false_type@0@@Z
divergent	??$__destroy_aux@PAUBfmeStringRecord005D511F@@@_STL@@YAXPAUBfmeStringRecord005D511F@@0ABU__false_type@0@@Z
divergent	??$__destroy_aux@PAUBfmeStringTailRecord144@@@_STL@@YAXPAUBfmeStringTailRecord144@@0ABU__false_type@0@@Z
divergent	??$__destroy_aux@PAUBfmeVectorRecord000BDF17@@@_STL@@YAXPAUBfmeVectorRecord000BDF17@@0ABU__false_type@0@@Z
divergent	??$__destroy_aux@PAUCoord3D@@@_STL@@YAXPAUCoord3D@@0ABU__false_type@0@@Z
divergent	??$__destroy_aux@PAUEvaMessageInfo@@@_STL@@YAXPAUEvaMessageInfo@@0ABU__false_type@0@@Z
divergent	??$__destroy_aux@PAUGeometryShape@@@_STL@@YAXPAUGeometryShape@@0ABU__false_type@0@@Z
divergent	??$__destroy_aux@PAUMade002CC5E1DamageScalar@@@_STL@@YAXPAUMade002CC5E1DamageScalar@@0ABU__false_type@0@@Z
divergent	??$__destroy_aux@PAUNugget@ModuleInfo@@@_STL@@YAXPAUNugget@ModuleInfo@@0ABU__false_type@0@@Z
divergent	??$__destroy_aux@PAUPrereqUnitRec@ProductionPrerequisite@@@_STL@@YAXPAUPrereqUnitRec@ProductionPrerequisite@@0ABU__false_type@0@@Z
divergent	??$__destroy_aux@PAUQuantityModifier@@@_STL@@YAXPAUQuantityModifier@@0ABU__false_type@0@@Z
divergent	??$__destroy_aux@PAURva00082BE6Element@@@_STL@@YAXPAURva00082BE6Element@@0ABU__false_type@0@@Z
divergent	??$__destroy_aux@PAURva00082C1DElement@@@_STL@@YAXPAURva00082C1DElement@@0ABU__false_type@0@@Z
divergent	??$__destroy_aux@PAURva0008B689Element@@@_STL@@YAXPAURva0008B689Element@@0ABU__false_type@0@@Z
divergent	??$__destroy_aux@PAURva000BEDF0Record@@@_STL@@YAXPAURva000BEDF0Record@@0ABU__false_type@0@@Z
divergent	??$__destroy_aux@PAURva000C828CElement@@@_STL@@YAXPAURva000C828CElement@@0ABU__false_type@0@@Z
divergent	??$__destroy_aux@PAURva000CF83CElement@@@_STL@@YAXPAURva000CF83CElement@@0ABU__false_type@0@@Z
divergent	??$__destroy_aux@PAURva001504A1Record@@@_STL@@YAXPAURva001504A1Record@@0ABU__false_type@0@@Z
divergent	??$__destroy_aux@PAURva00153729@@@_STL@@YAXPAURva00153729@@0ABU__false_type@0@@Z
divergent	??$__destroy_aux@PAURva00153A27Element@@@_STL@@YAXPAURva00153A27Element@@0ABU__false_type@0@@Z
divergent	??$__destroy_aux@PAURva001DAAF2Element@@@_STL@@YAXPAURva001DAAF2Element@@0ABU__false_type@0@@Z
divergent	??$__destroy_aux@PAURva001DF3F1Element@@@_STL@@YAXPAURva001DF3F1Element@@0ABU__false_type@0@@Z
divergent	??$__destroy_aux@PAURva0020A227Element@@@_STL@@YAXPAURva0020A227Element@@0ABU__false_type@0@@Z
divergent	??$__destroy_aux@PAURva00260B88Element@@@_STL@@YAXPAURva00260B88Element@@0ABU__false_type@0@@Z
divergent	??$__destroy_aux@PAURva002898ACElement@@@_STL@@YAXPAURva002898ACElement@@0ABU__false_type@0@@Z
divergent	??$__destroy_aux@PAURva002B72C9@@@_STL@@YAXPAURva002B72C9@@0ABU__false_type@0@@Z
divergent	??$__destroy_aux@PAURva002B9062Element@@@_STL@@YAXPAURva002B9062Element@@0ABU__false_type@0@@Z
divergent	??$__destroy_aux@PAURva00308E2CElement@@@_STL@@YAXPAURva00308E2CElement@@0ABU__false_type@0@@Z
divergent	??$__destroy_aux@PAURva00318203Element@@@_STL@@YAXPAURva00318203Element@@0ABU__false_type@0@@Z
divergent	??$__destroy_aux@PAURva0032DC80Element@@@_STL@@YAXPAURva0032DC80Element@@0ABU__false_type@0@@Z
divergent	??$__destroy_aux@PAURva0032EA3FElement@@@_STL@@YAXPAURva0032EA3FElement@@0ABU__false_type@0@@Z
divergent	??$__destroy_aux@PAURva003328B6Element@@@_STL@@YAXPAURva003328B6Element@@0ABU__false_type@0@@Z
divergent	??$__destroy_aux@PAURva0033A23AElement@@@_STL@@YAXPAURva0033A23AElement@@0ABU__false_type@0@@Z
divergent	??$__destroy_aux@PAURva00395D77@@@_STL@@YAXPAURva00395D77@@0ABU__false_type@0@@Z
divergent	??$__destroy_aux@PAURva0039A48EElement@@@_STL@@YAXPAURva0039A48EElement@@0ABU__false_type@0@@Z
divergent	??$__destroy_aux@PAURva003F610FElement@@@_STL@@YAXPAURva003F610FElement@@0ABU__false_type@0@@Z
divergent	??$__destroy_aux@PAURva003F7B22Element@@@_STL@@YAXPAURva003F7B22Element@@0ABU__false_type@0@@Z
divergent	??$__destroy_aux@PAURva0040C0C7Element@@@_STL@@YAXPAURva0040C0C7Element@@0ABU__false_type@0@@Z
divergent	??$__destroy_aux@PAURva0040DC56Element@@@_STL@@YAXPAURva0040DC56Element@@0ABU__false_type@0@@Z
divergent	??$__destroy_aux@PAURva00413B16Element@@@_STL@@YAXPAURva00413B16Element@@0ABU__false_type@0@@Z
divergent	??$__destroy_aux@PAURva00414258Element@@@_STL@@YAXPAURva00414258Element@@0ABU__false_type@0@@Z
divergent	??$__destroy_aux@PAURva00414BA4Element@@@_STL@@YAXPAURva00414BA4Element@@0ABU__false_type@0@@Z
divergent	??$__destroy_aux@PAURva00414BDBElement@@@_STL@@YAXPAURva00414BDBElement@@0ABU__false_type@0@@Z
divergent	??$__destroy_aux@PAURva00475F2AElement@@@_STL@@YAXPAURva00475F2AElement@@0ABU__false_type@0@@Z
divergent	??$__destroy_aux@PAURva0048130E@@@_STL@@YAXPAURva0048130E@@0ABU__false_type@0@@Z
divergent	??$__destroy_aux@PAURva004C3F09Element@@@_STL@@YAXPAURva004C3F09Element@@0ABU__false_type@0@@Z
divergent	??$__destroy_aux@PAURva004DA181Element@@@_STL@@YAXPAURva004DA181Element@@0ABU__false_type@0@@Z
divergent	??$__destroy_aux@PAURva004F87BCElement@@@_STL@@YAXPAURva004F87BCElement@@0ABU__false_type@0@@Z
divergent	??$__destroy_aux@PAURva004F8D92Element@@@_STL@@YAXPAURva004F8D92Element@@0ABU__false_type@0@@Z
divergent	??$__destroy_aux@PAURva004F9018Element@@@_STL@@YAXPAURva004F9018Element@@0ABU__false_type@0@@Z
divergent	??$__destroy_aux@PAURva004F93B0Element@@@_STL@@YAXPAURva004F93B0Element@@0ABU__false_type@0@@Z
divergent	??$__destroy_aux@PAURva00501E3FElement@@@_STL@@YAXPAURva00501E3FElement@@0ABU__false_type@0@@Z
divergent	??$__destroy_aux@PAURva00520211Element@@@_STL@@YAXPAURva00520211Element@@0ABU__false_type@0@@Z
divergent	??$__destroy_aux@PAURva005668E9Element@@@_STL@@YAXPAURva005668E9Element@@0ABU__false_type@0@@Z
divergent	??$__destroy_aux@PAURva00578425Element@@@_STL@@YAXPAURva00578425Element@@0ABU__false_type@0@@Z
divergent	??$__destroy_aux@PAURva005E1E9BElement@@@_STL@@YAXPAURva005E1E9BElement@@0ABU__false_type@0@@Z
divergent	??$__destroy_aux@PAURva005E2B0EElement@@@_STL@@YAXPAURva005E2B0EElement@@0ABU__false_type@0@@Z
divergent	??$__destroy_aux@PAURva005E71C6Ref@@@_STL@@YAXPAURva005E71C6Ref@@0ABU__false_type@0@@Z
divergent	??$__destroy_aux@PAURva005EFD53Element@@@_STL@@YAXPAURva005EFD53Element@@0ABU__false_type@0@@Z
divergent	??$__destroy_aux@PAURva005F13E6Element@@@_STL@@YAXPAURva005F13E6Element@@0ABU__false_type@0@@Z
divergent	??$__destroy_aux@PAURva005FA197Element@@@_STL@@YAXPAURva005FA197Element@@0ABU__false_type@0@@Z
divergent	??$__destroy_aux@PAURva005FA1CEElement@@@_STL@@YAXPAURva005FA1CEElement@@0ABU__false_type@0@@Z
divergent	??$__destroy_aux@PAUTreeHintRef00217D4C@@@_STL@@YAXPAUTreeHintRef00217D4C@@0ABU__false_type@0@@Z
divergent	??$__destroy_aux@PAUTreeKey00242F5E@@@_STL@@YAXPAUTreeKey00242F5E@@0ABU__false_type@0@@Z
divergent	??$__destroy_aux@PAV?$vector@UBfmeE8@@V?$allocator@UBfmeE8@@@_STL@@@_STL@@@_STL@@YAXPAV?$vector@UBfmeE8@@V?$allocator@UBfmeE8@@@_STL@@@0@0ABU__false_type@0@@Z
divergent	??$__destroy_aux@PAVAsciiString@@@_STL@@YAXPAVAsciiString@@0ABU__false_type@0@@Z
divergent	??$__destroy_aux@PAVBfmeStringTailRecord156@@@_STL@@YAXPAVBfmeStringTailRecord156@@0ABU__false_type@0@@Z
divergent	??$__destroy_aux@PAVCameraMarker@@@_STL@@YAXPAVCameraMarker@@0ABU__false_type@0@@Z
divergent	??$__destroy_aux@PAVLivingWorldRegionConnection@@@_STL@@YAXPAVLivingWorldRegionConnection@@0ABU__false_type@0@@Z
divergent	??$__destroy_aux@PAVMoney@@@_STL@@YAXPAVMoney@@0ABU__false_type@0@@Z
divergent	??$__destroy_aux@PAVProductionPrerequisite@@@_STL@@YAXPAVProductionPrerequisite@@0ABU__false_type@0@@Z
divergent	??$__destroy_aux@PAVRva000BB491@@@_STL@@YAXPAVRva000BB491@@0ABU__false_type@0@@Z
divergent	??$__destroy_aux@PAVRva000BB4AC@@@_STL@@YAXPAVRva000BB4AC@@0ABU__false_type@0@@Z
divergent	??$__destroy_aux@PAVRva001EC349@@@_STL@@YAXPAVRva001EC349@@0ABU__false_type@0@@Z
divergent	??$__destroy_aux@PAVRva001ED0DE@@@_STL@@YAXPAVRva001ED0DE@@0ABU__false_type@0@@Z
divergent	??$__destroy_aux@PAVRva0021F876@@@_STL@@YAXPAVRva0021F876@@0ABU__false_type@0@@Z
divergent	??$__destroy_aux@PAVRva00297360Element@@@_STL@@YAXPAVRva00297360Element@@0ABU__false_type@0@@Z
divergent	??$__destroy_aux@PAVRva002A73B8@@@_STL@@YAXPAVRva002A73B8@@0ABU__false_type@0@@Z
divergent	??$__destroy_aux@PAVRva00403927@@@_STL@@YAXPAVRva00403927@@0ABU__false_type@0@@Z
divergent	??$__destroy_aux@PAVRva004E32F2@@@_STL@@YAXPAVRva004E32F2@@0ABU__false_type@0@@Z
divergent	??$__destroy_aux@PAVRva0052BDE6@@@_STL@@YAXPAVRva0052BDE6@@0ABU__false_type@0@@Z
divergent	??$__destroy_aux@PAVRva0052BE33@@@_STL@@YAXPAVRva0052BE33@@0ABU__false_type@0@@Z
divergent	??$__destroy_aux@PAVRva0052BEF0@@@_STL@@YAXPAVRva0052BEF0@@0ABU__false_type@0@@Z
divergent	??$__destroy_aux@PAVRva00568A20@@@_STL@@YAXPAVRva00568A20@@0ABU__false_type@0@@Z
divergent	??$__destroy_aux@PAVRvaSmartPtr12@@@_STL@@YAXPAVRvaSmartPtr12@@0ABU__false_type@0@@Z
divergent	??$__destroy_aux@PAVW3DAnimationInfo@@@_STL@@YAXPAVW3DAnimationInfo@@0ABU__false_type@0@@Z
divergent	??$__destroy_aux@U?$_Deque_iterator@UBfmeE8@@U?$_Nonconst_traits@UBfmeE8@@@_STL@@@_STL@@@_STL@@YAXU?$_Deque_iterator@UBfmeE8@@U?$_Nonconst_traits@UBfmeE8@@@_STL@@@0@0ABU__false_type@0@@Z
divergent	??$__destroy_aux@U?$_Deque_iterator@UBfmePod16@@U?$_Nonconst_traits@UBfmePod16@@@_STL@@@_STL@@@_STL@@YAXU?$_Deque_iterator@UBfmePod16@@U?$_Nonconst_traits@UBfmePod16@@@_STL@@@0@0ABU__false_type@0@@Z
divergent	??$__destroy_aux@U?$_Deque_iterator@UPodPayload20@@U?$_Nonconst_traits@UPodPayload20@@@_STL@@@_STL@@@_STL@@YAXU?$_Deque_iterator@UPodPayload20@@U?$_Nonconst_traits@UPodPayload20@@@_STL@@@0@0ABU__false_type@0@@Z
divergent	??$__distance@PAG@_STL@@YAHABQAG0ABUrandom_access_iterator_tag@0@@Z
divergent	??$__distance@PBD@_STL@@YAHABQBD0ABUrandom_access_iterator_tag@0@@Z
divergent	??$__distance@PBG@_STL@@YAHABQBG0ABUrandom_access_iterator_tag@0@@Z
divergent	??$__distance@PBI@_STL@@YAHABQBI0ABUrandom_access_iterator_tag@0@@Z
divergent	??$__distance@U?$_Deque_iterator@UBfmeE8@@U?$_Const_traits@UBfmeE8@@@_STL@@@_STL@@@_STL@@YAHABU?$_Deque_iterator@UBfmeE8@@U?$_Const_traits@UBfmeE8@@@_STL@@@0@0ABUrandom_access_iterator_tag@0@@Z
divergent	??$__distance@U?$_List_iterator@HU?$_Const_traits@H@_STL@@@_STL@@@_STL@@YAHABU?$_List_iterator@HU?$_Const_traits@H@_STL@@@0@0ABUinput_iterator_tag@0@@Z
divergent	??$__distance@U?$_List_iterator@PAVObject@@U?$_Const_traits@PAVObject@@@_STL@@@_STL@@@_STL@@YAHABU?$_List_iterator@PAVObject@@U?$_Const_traits@PAVObject@@@_STL@@@0@0ABUinput_iterator_tag@0@@Z
divergent	??$__distance@U?$_List_iterator@PAXU?$_Const_traits@PAX@_STL@@@_STL@@@_STL@@YAHABU?$_List_iterator@PAXU?$_Const_traits@PAX@_STL@@@0@0ABUinput_iterator_tag@0@@Z
divergent	??$__distance@U?$_List_iterator@VAsciiString@@U?$_Const_traits@VAsciiString@@@_STL@@@_STL@@@_STL@@YAHABU?$_List_iterator@VAsciiString@@U?$_Const_traits@VAsciiString@@@_STL@@@0@0ABUinput_iterator_tag@0@@Z
divergent	??$__distance@U?$_List_iterator@W4ObjectID@@U?$_Const_traits@W4ObjectID@@@_STL@@@_STL@@@_STL@@YAHABU?$_List_iterator@W4ObjectID@@U?$_Const_traits@W4ObjectID@@@_STL@@@0@0ABUinput_iterator_tag@0@@Z
divergent	??$__distance@U?$_Rb_tree_iterator@U?$pair@$$CBVAsciiString@@VMapMetaData@@@_STL@@U?$_Nonconst_traits@U?$pair@$$CBVAsciiString@@VMapMetaData@@@_STL@@@2@@_STL@@@_STL@@YAHABU?$_Rb_tree_iterator@U?$pair@$$CBVAsciiString@@VMapMetaData@@@_STL@@U?$_Nonconst_traits@U?$pair@$$CBVAsciiString@@VMapMetaData@@@_STL@@@2@@0@0ABUinput_iterator_tag@0@@Z
divergent	??$__find@PAVAsciiString@@V1@@_STL@@YAPAVAsciiString@@PAV1@0ABV1@ABUrandom_access_iterator_tag@0@@Z
divergent	??$__find@U?$_List_iterator@PAVObject@@U?$_Nonconst_traits@PAVObject@@@_STL@@@_STL@@PAVObject@@@_STL@@YA?AU?$_List_iterator@PAVObject@@U?$_Nonconst_traits@PAVObject@@@_STL@@@0@U10@0ABQAVObject@@ABUinput_iterator_tag@0@@Z
divergent	??$__find_if@PADU?$_Eq_char_bound@V?$char_traits@D@_STL@@@_STL@@@_STL@@YAPADPAD0U?$_Eq_char_bound@V?$char_traits@D@_STL@@@0@ABUrandom_access_iterator_tag@0@@Z
divergent	??$__find_if@V?$reverse_iterator@PBD@_STL@@U?$_Not_within_traits@V?$char_traits@D@_STL@@@2@@_STL@@YA?AV?$reverse_iterator@PBD@0@V10@0U?$_Not_within_traits@V?$char_traits@D@_STL@@@0@ABUrandom_access_iterator_tag@0@@Z
divergent	??$__get_decimal_integer@PADO@_STL@@YA_NAAPAD0AAO@Z
divergent	??$__get_decimal_integer@PAGO@_STL@@YA_NAAPAG0AAO@Z
divergent	??$__get_decimal_integer@V?$istreambuf_iterator@DV?$char_traits@D@_STL@@@_STL@@H@_STL@@YA_NAAV?$istreambuf_iterator@DV?$char_traits@D@_STL@@@0@0AAH@Z
divergent	??$__get_decimal_integer@V?$istreambuf_iterator@GV?$char_traits@G@_STL@@@_STL@@H@_STL@@YA_NAAV?$istreambuf_iterator@GV?$char_traits@G@_STL@@@0@0AAH@Z
divergent	??$__get_integer@V?$istreambuf_iterator@DV?$char_traits@D@_STL@@@_STL@@G@_STL@@YA_NAAV?$istreambuf_iterator@DV?$char_traits@D@_STL@@@0@0HAAGH_NDABV?$basic_string@DV?$char_traits@D@_STL@@V?$allocator@D@2@@0@ABU__false_type@0@@Z
divergent	??$__get_integer@V?$istreambuf_iterator@DV?$char_traits@D@_STL@@@_STL@@I@_STL@@YA_NAAV?$istreambuf_iterator@DV?$char_traits@D@_STL@@@0@0HAAIH_NDABV?$basic_string@DV?$char_traits@D@_STL@@V?$allocator@D@2@@0@ABU__false_type@0@@Z
divergent	??$__get_integer@V?$istreambuf_iterator@DV?$char_traits@D@_STL@@@_STL@@J@_STL@@YA_NAAV?$istreambuf_iterator@DV?$char_traits@D@_STL@@@0@0HAAJH_NDABV?$basic_string@DV?$char_traits@D@_STL@@V?$allocator@D@2@@0@ABU__true_type@0@@Z
divergent	??$__get_integer@V?$istreambuf_iterator@DV?$char_traits@D@_STL@@@_STL@@K@_STL@@YA_NAAV?$istreambuf_iterator@DV?$char_traits@D@_STL@@@0@0HAAKH_NDABV?$basic_string@DV?$char_traits@D@_STL@@V?$allocator@D@2@@0@ABU__false_type@0@@Z
divergent	??$__get_integer@V?$istreambuf_iterator@DV?$char_traits@D@_STL@@@_STL@@_J@_STL@@YA_NAAV?$istreambuf_iterator@DV?$char_traits@D@_STL@@@0@0HAA_JH_NDABV?$basic_string@DV?$char_traits@D@_STL@@V?$allocator@D@2@@0@ABU__true_type@0@@Z
divergent	??$__get_integer@V?$istreambuf_iterator@DV?$char_traits@D@_STL@@@_STL@@_K@_STL@@YA_NAAV?$istreambuf_iterator@DV?$char_traits@D@_STL@@@0@0HAA_KH_NDABV?$basic_string@DV?$char_traits@D@_STL@@V?$allocator@D@2@@0@ABU__false_type@0@@Z
divergent	??$__get_integer@V?$istreambuf_iterator@GV?$char_traits@G@_STL@@@_STL@@G@_STL@@YA_NAAV?$istreambuf_iterator@GV?$char_traits@G@_STL@@@0@0HAAGH_NDABV?$basic_string@DV?$char_traits@D@_STL@@V?$allocator@D@2@@0@ABU__false_type@0@@Z
divergent	??$__get_integer@V?$istreambuf_iterator@GV?$char_traits@G@_STL@@@_STL@@H@_STL@@YA_NAAV?$istreambuf_iterator@GV?$char_traits@G@_STL@@@0@0HAAHH_NDABV?$basic_string@DV?$char_traits@D@_STL@@V?$allocator@D@2@@0@ABU__false_type@0@@Z
divergent	??$__get_integer@V?$istreambuf_iterator@GV?$char_traits@G@_STL@@@_STL@@I@_STL@@YA_NAAV?$istreambuf_iterator@GV?$char_traits@G@_STL@@@0@0HAAIH_NDABV?$basic_string@DV?$char_traits@D@_STL@@V?$allocator@D@2@@0@ABU__false_type@0@@Z
divergent	??$__get_integer@V?$istreambuf_iterator@GV?$char_traits@G@_STL@@@_STL@@J@_STL@@YA_NAAV?$istreambuf_iterator@GV?$char_traits@G@_STL@@@0@0HAAJH_NDABV?$basic_string@DV?$char_traits@D@_STL@@V?$allocator@D@2@@0@ABU__true_type@0@@Z
divergent	??$__get_integer@V?$istreambuf_iterator@GV?$char_traits@G@_STL@@@_STL@@K@_STL@@YA_NAAV?$istreambuf_iterator@GV?$char_traits@G@_STL@@@0@0HAAKH_NDABV?$basic_string@DV?$char_traits@D@_STL@@V?$allocator@D@2@@0@ABU__false_type@0@@Z
divergent	??$__get_integer@V?$istreambuf_iterator@GV?$char_traits@G@_STL@@@_STL@@_J@_STL@@YA_NAAV?$istreambuf_iterator@GV?$char_traits@G@_STL@@@0@0HAA_JH_NDABV?$basic_string@DV?$char_traits@D@_STL@@V?$allocator@D@2@@0@ABU__true_type@0@@Z
divergent	??$__get_integer@V?$istreambuf_iterator@GV?$char_traits@G@_STL@@@_STL@@_K@_STL@@YA_NAAV?$istreambuf_iterator@GV?$char_traits@G@_STL@@@0@0HAA_KH_NDABV?$basic_string@DV?$char_traits@D@_STL@@V?$allocator@D@2@@0@ABU__false_type@0@@Z
divergent	??$__introsort_loop@PAHHHU?$greater@H@_STL@@@_STL@@YAXPAH00HU?$greater@H@0@@Z
divergent	??$__introsort_loop@PAHHHU?$less@H@_STL@@@_STL@@YAXPAH00HU?$less@H@0@@Z
divergent	??$__introsort_loop@PAHHHVRva00422CA8@@@_STL@@YAXPAH00HVRva00422CA8@@@Z
divergent	??$__linear_insert@PAHHU?$less@H@_STL@@@_STL@@YAXPAH0HU?$less@H@0@@Z
divergent	??$__linear_insert@PAUS4SortElem12@@U1@US4Cmp002E1690@@@_STL@@YAXPAUS4SortElem12@@0U1@US4Cmp002E1690@@@Z
divergent	??$__partial_sort@PAHHVRva00204BB8@@@_STL@@YAXPAH000VRva00204BB8@@@Z
divergent	??$__pop_heap@PAURva004F6966@@U1@URva004F81DBGreater@@H@_STL@@YAXPAURva004F6966@@00U1@URva004F81DBGreater@@PAH@Z
divergent	??$__pop_heap@PAUTreeHintRef00217D4C@@U1@URva004F9185Cmp@@H@_STL@@YAXPAUTreeHintRef00217D4C@@00U1@URva004F9185Cmp@@PAH@Z
divergent	??$__pop_heap@PAVRva004F6093Holder@@V1@URva002BBC1CCmp@@H@_STL@@YAXPAVRva004F6093Holder@@00V1@URva002BBC1CCmp@@PAH@Z
divergent	??$__push_heap@PAURva004F6966@@HU1@URva004F81DBGreater@@@_STL@@YAXPAURva004F6966@@HHU1@URva004F81DBGreater@@@Z
divergent	??$__push_heap@PAUS4SortElem8@@HU1@US4Cmp00575AA0@@@_STL@@YAXPAUS4SortElem8@@HHU1@US4Cmp00575AA0@@@Z
divergent	??$__push_heap@PAUTreeHintRef00217D4C@@HU1@URva004F9185Cmp@@@_STL@@YAXPAUTreeHintRef00217D4C@@HHU1@URva004F9185Cmp@@@Z
divergent	??$__put_float@V?$ostreambuf_iterator@DV?$char_traits@D@_STL@@@_STL@@@_STL@@YA?AV?$ostreambuf_iterator@DV?$char_traits@D@_STL@@@0@PAD0V10@AAVios_base@0@DDDABV?$basic_string@DV?$char_traits@D@_STL@@V?$allocator@D@2@@0@@Z
divergent	??$__put_float@V?$ostreambuf_iterator@GV?$char_traits@G@_STL@@@_STL@@@_STL@@YA?AV?$ostreambuf_iterator@GV?$char_traits@G@_STL@@@0@PAD0V10@AAVios_base@0@GGGABV?$basic_string@DV?$char_traits@D@_STL@@V?$allocator@D@2@@0@@Z
divergent	??$__put_integer@V?$ostreambuf_iterator@DV?$char_traits@D@_STL@@@_STL@@@_STL@@YA?AV?$ostreambuf_iterator@DV?$char_traits@D@_STL@@@0@PAD0V10@AAVios_base@0@HD@Z
divergent	??$__put_integer@V?$ostreambuf_iterator@GV?$char_traits@G@_STL@@@_STL@@@_STL@@YA?AV?$ostreambuf_iterator@GV?$char_traits@G@_STL@@@0@PAD0V10@AAVios_base@0@HG@Z
divergent	??$__stl_alloc_rebind@HH@_STL@@YAAAV?$allocator@H@0@AAV10@PBH@Z
divergent	??$__stl_alloc_rebind@II@_STL@@YAAAV?$allocator@I@0@AAV10@PBI@Z
divergent	??$__stl_alloc_rebind@PAVObjectCreationNugget@@PAV1@@_STL@@YAAAV?$allocator@PAVObjectCreationNugget@@@0@AAV10@PBQAVObjectCreationNugget@@@Z
divergent	??$__stl_alloc_rebind@PAXPAX@_STL@@YAAAV?$allocator@PAX@0@AAV10@PBQAX@Z
divergent	??$__stl_alloc_rebind@PBVModuleData@@PBV1@@_STL@@YAAAV?$allocator@PBVModuleData@@@0@AAV10@PBQBVModuleData@@@Z
divergent	??$__stl_alloc_rebind@U?$_List_node@H@_STL@@U12@@_STL@@YAAAV?$allocator@U?$_List_node@H@_STL@@@0@AAV10@PBU?$_List_node@H@0@@Z
divergent	??$__stl_alloc_rebind@U?$_List_node@PAX@_STL@@U12@@_STL@@YAAAV?$allocator@U?$_List_node@PAX@_STL@@@0@AAV10@PBU?$_List_node@PAX@0@@Z
divergent	??$__stl_alloc_rebind@U?$_List_node@VAsciiString@@@_STL@@U12@@_STL@@YAAAV?$allocator@U?$_List_node@VAsciiString@@@_STL@@@0@AAV10@PBU?$_List_node@VAsciiString@@@0@@Z
divergent	??$__stl_alloc_rebind@U?$_Rb_tree_node@H@_STL@@U12@@_STL@@YAAAV?$allocator@U?$_Rb_tree_node@H@_STL@@@0@AAV10@PBU?$_Rb_tree_node@H@0@@Z
divergent	??$__stl_alloc_rebind@U?$_Rb_tree_node@PAURva001408C0Target@@@_STL@@U12@@_STL@@YAAAV?$allocator@U?$_Rb_tree_node@PAURva001408C0Target@@@_STL@@@0@AAV10@PBU?$_Rb_tree_node@PAURva001408C0Target@@@0@@Z
divergent	??$__stl_alloc_rebind@U?$_Rb_tree_node@U?$pair@$$CBHPAX@_STL@@@_STL@@U12@@_STL@@YAAAV?$allocator@U?$_Rb_tree_node@U?$pair@$$CBHPAX@_STL@@@_STL@@@0@AAV10@PBU?$_Rb_tree_node@U?$pair@$$CBHPAX@_STL@@@0@@Z
divergent	??$__stl_alloc_rebind@U?$_Rb_tree_node@VAsciiString@@@_STL@@U12@@_STL@@YAAAV?$allocator@U?$_Rb_tree_node@VAsciiString@@@_STL@@@0@AAV10@PBU?$_Rb_tree_node@VAsciiString@@@0@@Z
divergent	??$__stl_alloc_rebind@UBfmeE16@@U1@@_STL@@YAAAV?$allocator@UBfmeE16@@@0@AAV10@PBUBfmeE16@@@Z
divergent	??$__stl_alloc_rebind@URva001504A1Record@@U1@@_STL@@YAAAV?$allocator@URva001504A1Record@@@0@AAV10@PBURva001504A1Record@@@Z
divergent	??$__stl_alloc_rebind@URva00B6CF1@@U1@@_STL@@YAAAV?$allocator@URva00B6CF1@@@0@AAV10@PBURva00B6CF1@@@Z
divergent	??$__stl_alloc_rebind@VAsciiString@@V1@@_STL@@YAAAV?$allocator@VAsciiString@@@0@AAV10@PBVAsciiString@@@Z
divergent	??$__stl_alloc_rebind@VRva00568A20@@V1@@_STL@@YAAAV?$allocator@VRva00568A20@@@0@AAV10@PBVRva00568A20@@@Z
divergent	??$__unguarded_linear_insert@PAUS4SortElem12@@U1@US4Cmp002E1690@@@_STL@@YAXPAUS4SortElem12@@U1@US4Cmp002E1690@@@Z
divergent	??$__unguarded_partition@PAUS4SortElem20@@U1@US4Cmp002EB8E0@@@_STL@@YAPAUS4SortElem20@@PAU1@0U1@US4Cmp002EB8E0@@@Z
divergent	??$__unguarded_partition@PAVRva0021915B@@V1@URva0021B753@@@_STL@@YAPAVRva0021915B@@PAV1@0V1@URva0021B753@@@Z
divergent	??$__uninitialized_copy@PADPAD@_STL@@YAPADPAD00ABU__true_type@0@@Z
divergent	??$__uninitialized_copy@PAEPAE@_STL@@YAPAEPAE00ABU__true_type@0@@Z
divergent	??$__uninitialized_copy@PAGPAG@_STL@@YAPAGPAG00ABU__true_type@0@@Z
divergent	??$__uninitialized_copy@PAHPAH@_STL@@YAPAHPAH00ABU__false_type@0@@Z
divergent	??$__uninitialized_copy@PAHPAH@_STL@@YAPAHPAH00ABU__true_type@0@@Z
divergent	??$__uninitialized_copy@PAIPAI@_STL@@YAPAIPAI00ABU__true_type@0@@Z
divergent	??$__uninitialized_copy@PAPAVDrawable@@PAPAV1@@_STL@@YAPAPAVDrawable@@PAPAV1@00ABU__true_type@0@@Z
divergent	??$__uninitialized_copy@PAPAXPAPAX@_STL@@YAPAPAXPAPAX00ABU__false_type@0@@Z
divergent	??$__uninitialized_copy@PAPAXPAPAX@_STL@@YAPAPAXPAPAX00ABU__true_type@0@@Z
divergent	??$__uninitialized_copy@PAUBfmeAssignRecord104@@PAU1@@_STL@@YAPAUBfmeAssignRecord104@@PAU1@00ABU__false_type@0@@Z
divergent	??$__uninitialized_copy@PAUBfmeRecordOwner900@@PAU1@@_STL@@YAPAUBfmeRecordOwner900@@PAU1@00ABU__false_type@0@@Z
divergent	??$__uninitialized_copy@PAUBfmeStringHeadRecord148@@PAU1@@_STL@@YAPAUBfmeStringHeadRecord148@@PAU1@00ABU__false_type@0@@Z
divergent	??$__uninitialized_copy@PAUBfmeStringHeadRecord160@@PAU1@@_STL@@YAPAUBfmeStringHeadRecord160@@PAU1@00ABU__false_type@0@@Z
divergent	??$__uninitialized_copy@PAUCoord3D@@PAU1@@_STL@@YAPAUCoord3D@@PAU1@00ABU__false_type@0@@Z
divergent	??$__uninitialized_copy@PAUGeometryRecord@@PAU1@@_STL@@YAPAUGeometryRecord@@PAU1@00ABU__false_type@0@@Z
divergent	??$__uninitialized_copy@PAUICoord2D@@PAU1@@_STL@@YAPAUICoord2D@@PAU1@00ABU__false_type@0@@Z
divergent	??$__uninitialized_copy@PAUNugget@ModuleInfo@@PAU12@@_STL@@YAPAUNugget@ModuleInfo@@PAU12@00ABU__false_type@0@@Z
divergent	??$__uninitialized_copy@PAURva0005A084Element@@PAU1@@_STL@@YAPAURva0005A084Element@@PAU1@00ABU__false_type@0@@Z
divergent	??$__uninitialized_copy@PAURva0040DC56Element@@PAU1@@_STL@@YAPAURva0040DC56Element@@PAU1@00ABU__false_type@0@@Z
divergent	??$__uninitialized_copy@PAV?$basic_string@DV?$char_traits@D@_STL@@V?$allocator@D@2@@_STL@@PAV12@@_STL@@YAPAV?$basic_string@DV?$char_traits@D@_STL@@V?$allocator@D@2@@0@PAV10@00ABU__false_type@0@@Z
divergent	??$__uninitialized_copy@PAVMoney@@PAV1@@_STL@@YAPAVMoney@@PAV1@00ABU__false_type@0@@Z
divergent	??$__uninitialized_copy@PAVProductionPrerequisite@@PAV1@@_STL@@YAPAVProductionPrerequisite@@PAV1@00ABU__false_type@0@@Z
divergent	??$__uninitialized_copy@PAVW3DAnimationInfo@@PAV1@@_STL@@YAPAVW3DAnimationInfo@@PAV1@00ABU__false_type@0@@Z
divergent	??$__uninitialized_copy@PBDPAD@_STL@@YAPADPBD0PADABU__true_type@0@@Z
divergent	??$__uninitialized_copy@PBHPAH@_STL@@YAPAHPBH0PAHABU__true_type@0@@Z
divergent	??$__uninitialized_copy@PBIPAI@_STL@@YAPAIPBI0PAIABU__true_type@0@@Z
divergent	??$__uninitialized_copy@PBQAXPAPAX@_STL@@YAPAPAXPBQAX0PAPAXABU__true_type@0@@Z
divergent	??$__uninitialized_copy@PBUBfmeAsciiScalarValue8@@PAU1@@_STL@@YAPAUBfmeAsciiScalarValue8@@PBU1@0PAU1@ABU__false_type@0@@Z
divergent	??$__uninitialized_copy@PBUBfmeFixedObject260@@PAU1@@_STL@@YAPAUBfmeFixedObject260@@PBU1@0PAU1@ABU__false_type@0@@Z
divergent	??$__uninitialized_copy@PBUBfmeRecord0040B61A@@PAU1@@_STL@@YAPAUBfmeRecord0040B61A@@PBU1@0PAU1@ABU__false_type@0@@Z
divergent	??$__uninitialized_copy@PBUCoord3D@@PAU1@@_STL@@YAPAUCoord3D@@PBU1@0PAU1@ABU__false_type@0@@Z
divergent	??$__uninitialized_copy@PBUEvaMessageInfo@@PAU1@@_STL@@YAPAUEvaMessageInfo@@PBU1@0PAU1@ABU__false_type@0@@Z
divergent	??$__uninitialized_copy@PBUGeometryRecord@@PAU1@@_STL@@YAPAUGeometryRecord@@PBU1@0PAU1@ABU__false_type@0@@Z
divergent	??$__uninitialized_copy@PBUICoord2D@@PAU1@@_STL@@YAPAUICoord2D@@PBU1@0PAU1@ABU__false_type@0@@Z
divergent	??$__uninitialized_copy@PBUNugget@ModuleInfo@@PAU12@@_STL@@YAPAUNugget@ModuleInfo@@PBU12@0PAU12@ABU__false_type@0@@Z
divergent	??$__uninitialized_copy@PBUPrereqUnitRec@ProductionPrerequisite@@PAU12@@_STL@@YAPAUPrereqUnitRec@ProductionPrerequisite@@PBU12@0PAU12@ABU__false_type@0@@Z
divergent	??$__uninitialized_copy@PBURva005668E9Element@@PAU1@@_STL@@YAPAURva005668E9Element@@PBU1@0PAU1@ABU__false_type@0@@Z
divergent	??$__uninitialized_copy@PBV?$basic_string@DV?$char_traits@D@_STL@@V?$allocator@D@2@@_STL@@PAV12@@_STL@@YAPAV?$basic_string@DV?$char_traits@D@_STL@@V?$allocator@D@2@@0@PBV10@0PAV10@ABU__false_type@0@@Z
divergent	??$__uninitialized_copy@PBV?$vector@UBfmeE8@@V?$allocator@UBfmeE8@@@_STL@@@_STL@@PAV12@@_STL@@YAPAV?$vector@UBfmeE8@@V?$allocator@UBfmeE8@@@_STL@@@0@PBV10@0PAV10@ABU__false_type@0@@Z
divergent	??$__uninitialized_copy@PBVArmorTemplateSet@@PAV1@@_STL@@YAPAVArmorTemplateSet@@PBV1@0PAV1@ABU__false_type@0@@Z
divergent	??$__uninitialized_copy@PBVProductionPrerequisite@@PAV1@@_STL@@YAPAVProductionPrerequisite@@PBV1@0PAV1@ABU__false_type@0@@Z
divergent	??$__uninitialized_copy@PBVWeaponTemplateSet@@PAV1@@_STL@@YAPAVWeaponTemplateSet@@PBV1@0PAV1@ABU__false_type@0@@Z
divergent	??$__uninitialized_copy@PBW4ObjectID@@PAW41@@_STL@@YAPAW4ObjectID@@PBW41@0PAW41@ABU__false_type@0@@Z
divergent	??$__uninitialized_copy@U?$_Deque_iterator@UBfmeE8@@U?$_Const_traits@UBfmeE8@@@_STL@@@_STL@@U?$_Deque_iterator@UBfmeE8@@U?$_Nonconst_traits@UBfmeE8@@@_STL@@@2@@_STL@@YA?AU?$_Deque_iterator@UBfmeE8@@U?$_Nonconst_traits@UBfmeE8@@@_STL@@@0@U?$_Deque_iterator@UBfmeE8@@U?$_Const_traits@UBfmeE8@@@_STL@@@0@0U10@ABU__false_type@0@@Z
divergent	??$__uninitialized_copy@U?$_Deque_iterator@UBfmeE8@@U?$_Nonconst_traits@UBfmeE8@@@_STL@@@_STL@@U12@@_STL@@YA?AU?$_Deque_iterator@UBfmeE8@@U?$_Nonconst_traits@UBfmeE8@@@_STL@@@0@U10@00ABU__false_type@0@@Z
divergent	??$__uninitialized_copy_copy@U?$_Deque_iterator@PAXU?$_Const_traits@PAX@_STL@@@_STL@@U?$_Deque_iterator@PAXU?$_Nonconst_traits@PAX@_STL@@@2@U32@@_STL@@YA?AU?$_Deque_iterator@PAXU?$_Nonconst_traits@PAX@_STL@@@0@U?$_Deque_iterator@PAXU?$_Const_traits@PAX@_STL@@@0@0U10@11U__true_type@0@@Z
divergent	??$__uninitialized_copy_copy@U?$_Deque_iterator@PAXU?$_Nonconst_traits@PAX@_STL@@@_STL@@U?$_Deque_iterator@PAXU?$_Const_traits@PAX@_STL@@@2@U12@@_STL@@YA?AU?$_Deque_iterator@PAXU?$_Nonconst_traits@PAX@_STL@@@0@U10@0U?$_Deque_iterator@PAXU?$_Const_traits@PAX@_STL@@@0@10U__true_type@0@@Z
divergent	??$__uninitialized_copy_copy@U?$_Deque_iterator@UBfmeE12@@U?$_Const_traits@UBfmeE12@@@_STL@@@_STL@@U?$_Deque_iterator@UBfmeE12@@U?$_Nonconst_traits@UBfmeE12@@@_STL@@@2@U32@@_STL@@YA?AU?$_Deque_iterator@UBfmeE12@@U?$_Nonconst_traits@UBfmeE12@@@_STL@@@0@U?$_Deque_iterator@UBfmeE12@@U?$_Const_traits@UBfmeE12@@@_STL@@@0@0U10@11U__false_type@0@@Z
divergent	??$__uninitialized_copy_copy@U?$_Deque_iterator@UBfmeE12@@U?$_Nonconst_traits@UBfmeE12@@@_STL@@@_STL@@U?$_Deque_iterator@UBfmeE12@@U?$_Const_traits@UBfmeE12@@@_STL@@@2@U12@@_STL@@YA?AU?$_Deque_iterator@UBfmeE12@@U?$_Nonconst_traits@UBfmeE12@@@_STL@@@0@U10@0U?$_Deque_iterator@UBfmeE12@@U?$_Const_traits@UBfmeE12@@@_STL@@@0@10U__false_type@0@@Z
divergent	??$__uninitialized_copy_copy@U?$_Deque_iterator@UBfmeE8@@U?$_Const_traits@UBfmeE8@@@_STL@@@_STL@@U?$_Deque_iterator@UBfmeE8@@U?$_Nonconst_traits@UBfmeE8@@@_STL@@@2@U32@@_STL@@YA?AU?$_Deque_iterator@UBfmeE8@@U?$_Nonconst_traits@UBfmeE8@@@_STL@@@0@U?$_Deque_iterator@UBfmeE8@@U?$_Const_traits@UBfmeE8@@@_STL@@@0@0U10@11U__false_type@0@@Z
divergent	??$__uninitialized_copy_copy@U?$_Deque_iterator@UBfmeE8@@U?$_Nonconst_traits@UBfmeE8@@@_STL@@@_STL@@U?$_Deque_iterator@UBfmeE8@@U?$_Const_traits@UBfmeE8@@@_STL@@@2@U12@@_STL@@YA?AU?$_Deque_iterator@UBfmeE8@@U?$_Nonconst_traits@UBfmeE8@@@_STL@@@0@U10@0U?$_Deque_iterator@UBfmeE8@@U?$_Const_traits@UBfmeE8@@@_STL@@@0@10U__false_type@0@@Z
divergent	??$__uninitialized_copy_copy@U?$_Deque_iterator@UBfmePod16@@U?$_Const_traits@UBfmePod16@@@_STL@@@_STL@@U?$_Deque_iterator@UBfmePod16@@U?$_Nonconst_traits@UBfmePod16@@@_STL@@@2@U32@@_STL@@YA?AU?$_Deque_iterator@UBfmePod16@@U?$_Nonconst_traits@UBfmePod16@@@_STL@@@0@U?$_Deque_iterator@UBfmePod16@@U?$_Const_traits@UBfmePod16@@@_STL@@@0@0U10@11U__false_type@0@@Z
divergent	??$__uninitialized_copy_copy@U?$_Deque_iterator@UBfmePod16@@U?$_Nonconst_traits@UBfmePod16@@@_STL@@@_STL@@U?$_Deque_iterator@UBfmePod16@@U?$_Const_traits@UBfmePod16@@@_STL@@@2@U12@@_STL@@YA?AU?$_Deque_iterator@UBfmePod16@@U?$_Nonconst_traits@UBfmePod16@@@_STL@@@0@U10@0U?$_Deque_iterator@UBfmePod16@@U?$_Const_traits@UBfmePod16@@@_STL@@@0@10U__false_type@0@@Z
divergent	??$__uninitialized_copy_copy@U?$_Deque_iterator@UBfmePod20@@U?$_Const_traits@UBfmePod20@@@_STL@@@_STL@@U?$_Deque_iterator@UBfmePod20@@U?$_Nonconst_traits@UBfmePod20@@@_STL@@@2@U32@@_STL@@YA?AU?$_Deque_iterator@UBfmePod20@@U?$_Nonconst_traits@UBfmePod20@@@_STL@@@0@U?$_Deque_iterator@UBfmePod20@@U?$_Const_traits@UBfmePod20@@@_STL@@@0@0U10@11U__false_type@0@@Z
divergent	??$__uninitialized_copy_copy@U?$_Deque_iterator@UBfmePod20@@U?$_Nonconst_traits@UBfmePod20@@@_STL@@@_STL@@U?$_Deque_iterator@UBfmePod20@@U?$_Const_traits@UBfmePod20@@@_STL@@@2@U12@@_STL@@YA?AU?$_Deque_iterator@UBfmePod20@@U?$_Nonconst_traits@UBfmePod20@@@_STL@@@0@U10@0U?$_Deque_iterator@UBfmePod20@@U?$_Const_traits@UBfmePod20@@@_STL@@@0@10U__false_type@0@@Z
divergent	??$__uninitialized_copy_copy@U?$_Deque_iterator@UBfmePod28@@U?$_Const_traits@UBfmePod28@@@_STL@@@_STL@@U?$_Deque_iterator@UBfmePod28@@U?$_Nonconst_traits@UBfmePod28@@@_STL@@@2@U32@@_STL@@YA?AU?$_Deque_iterator@UBfmePod28@@U?$_Nonconst_traits@UBfmePod28@@@_STL@@@0@U?$_Deque_iterator@UBfmePod28@@U?$_Const_traits@UBfmePod28@@@_STL@@@0@0U10@11U__false_type@0@@Z
divergent	??$__uninitialized_copy_copy@U?$_Deque_iterator@UBfmePod28@@U?$_Nonconst_traits@UBfmePod28@@@_STL@@@_STL@@U?$_Deque_iterator@UBfmePod28@@U?$_Const_traits@UBfmePod28@@@_STL@@@2@U12@@_STL@@YA?AU?$_Deque_iterator@UBfmePod28@@U?$_Nonconst_traits@UBfmePod28@@@_STL@@@0@U10@0U?$_Deque_iterator@UBfmePod28@@U?$_Const_traits@UBfmePod28@@@_STL@@@0@10U__false_type@0@@Z
divergent	??$__uninitialized_copy_copy@U?$_Deque_iterator@UBfmePod492@@U?$_Const_traits@UBfmePod492@@@_STL@@@_STL@@U?$_Deque_iterator@UBfmePod492@@U?$_Nonconst_traits@UBfmePod492@@@_STL@@@2@U32@@_STL@@YA?AU?$_Deque_iterator@UBfmePod492@@U?$_Nonconst_traits@UBfmePod492@@@_STL@@@0@U?$_Deque_iterator@UBfmePod492@@U?$_Const_traits@UBfmePod492@@@_STL@@@0@0U10@11U__false_type@0@@Z
divergent	??$__uninitialized_copy_copy@U?$_Deque_iterator@UBfmePod492@@U?$_Nonconst_traits@UBfmePod492@@@_STL@@@_STL@@U?$_Deque_iterator@UBfmePod492@@U?$_Const_traits@UBfmePod492@@@_STL@@@2@U12@@_STL@@YA?AU?$_Deque_iterator@UBfmePod492@@U?$_Nonconst_traits@UBfmePod492@@@_STL@@@0@U10@0U?$_Deque_iterator@UBfmePod492@@U?$_Const_traits@UBfmePod492@@@_STL@@@0@10U__false_type@0@@Z
divergent	??$__uninitialized_copy_copy@U?$_Deque_iterator@UBfmePod840@@U?$_Const_traits@UBfmePod840@@@_STL@@@_STL@@U?$_Deque_iterator@UBfmePod840@@U?$_Nonconst_traits@UBfmePod840@@@_STL@@@2@U32@@_STL@@YA?AU?$_Deque_iterator@UBfmePod840@@U?$_Nonconst_traits@UBfmePod840@@@_STL@@@0@U?$_Deque_iterator@UBfmePod840@@U?$_Const_traits@UBfmePod840@@@_STL@@@0@0U10@11U__false_type@0@@Z
divergent	??$__uninitialized_copy_copy@U?$_Deque_iterator@UBfmePod840@@U?$_Nonconst_traits@UBfmePod840@@@_STL@@@_STL@@U?$_Deque_iterator@UBfmePod840@@U?$_Const_traits@UBfmePod840@@@_STL@@@2@U12@@_STL@@YA?AU?$_Deque_iterator@UBfmePod840@@U?$_Nonconst_traits@UBfmePod840@@@_STL@@@0@U10@0U?$_Deque_iterator@UBfmePod840@@U?$_Const_traits@UBfmePod840@@@_STL@@@0@10U__false_type@0@@Z
divergent	??$__uninitialized_copy_copy@U?$_Deque_iterator@VBuddyRequest@@U?$_Const_traits@VBuddyRequest@@@_STL@@@_STL@@U?$_Deque_iterator@VBuddyRequest@@U?$_Nonconst_traits@VBuddyRequest@@@_STL@@@2@U32@@_STL@@YA?AU?$_Deque_iterator@VBuddyRequest@@U?$_Nonconst_traits@VBuddyRequest@@@_STL@@@0@U?$_Deque_iterator@VBuddyRequest@@U?$_Const_traits@VBuddyRequest@@@_STL@@@0@0U10@11U__false_type@0@@Z
divergent	??$__uninitialized_copy_copy@U?$_Deque_iterator@VBuddyRequest@@U?$_Nonconst_traits@VBuddyRequest@@@_STL@@@_STL@@U?$_Deque_iterator@VBuddyRequest@@U?$_Const_traits@VBuddyRequest@@@_STL@@@2@U12@@_STL@@YA?AU?$_Deque_iterator@VBuddyRequest@@U?$_Nonconst_traits@VBuddyRequest@@@_STL@@@0@U10@0U?$_Deque_iterator@VBuddyRequest@@U?$_Const_traits@VBuddyRequest@@@_STL@@@0@10U__false_type@0@@Z
divergent	??$__uninitialized_copy_fill@U?$_Deque_iterator@PAXU?$_Nonconst_traits@PAX@_STL@@@_STL@@U12@PAX@_STL@@YAXU?$_Deque_iterator@PAXU?$_Nonconst_traits@PAX@_STL@@@0@000ABQAX@Z
divergent	??$__uninitialized_copy_fill@U?$_Deque_iterator@UBfmeE12@@U?$_Nonconst_traits@UBfmeE12@@@_STL@@@_STL@@U12@UBfmeE12@@@_STL@@YAXU?$_Deque_iterator@UBfmeE12@@U?$_Nonconst_traits@UBfmeE12@@@_STL@@@0@000ABUBfmeE12@@@Z
divergent	??$__uninitialized_copy_fill@U?$_Deque_iterator@UBfmeE8@@U?$_Nonconst_traits@UBfmeE8@@@_STL@@@_STL@@U12@UBfmeE8@@@_STL@@YAXU?$_Deque_iterator@UBfmeE8@@U?$_Nonconst_traits@UBfmeE8@@@_STL@@@0@000ABUBfmeE8@@@Z
divergent	??$__uninitialized_copy_fill@U?$_Deque_iterator@UBfmePod16@@U?$_Nonconst_traits@UBfmePod16@@@_STL@@@_STL@@U12@UBfmePod16@@@_STL@@YAXU?$_Deque_iterator@UBfmePod16@@U?$_Nonconst_traits@UBfmePod16@@@_STL@@@0@000ABUBfmePod16@@@Z
divergent	??$__uninitialized_copy_fill@U?$_Deque_iterator@UBfmePod20@@U?$_Nonconst_traits@UBfmePod20@@@_STL@@@_STL@@U12@UBfmePod20@@@_STL@@YAXU?$_Deque_iterator@UBfmePod20@@U?$_Nonconst_traits@UBfmePod20@@@_STL@@@0@000ABUBfmePod20@@@Z
divergent	??$__uninitialized_copy_fill@U?$_Deque_iterator@UBfmePod28@@U?$_Nonconst_traits@UBfmePod28@@@_STL@@@_STL@@U12@UBfmePod28@@@_STL@@YAXU?$_Deque_iterator@UBfmePod28@@U?$_Nonconst_traits@UBfmePod28@@@_STL@@@0@000ABUBfmePod28@@@Z
divergent	??$__uninitialized_copy_fill@U?$_Deque_iterator@UBfmePod492@@U?$_Nonconst_traits@UBfmePod492@@@_STL@@@_STL@@U12@UBfmePod492@@@_STL@@YAXU?$_Deque_iterator@UBfmePod492@@U?$_Nonconst_traits@UBfmePod492@@@_STL@@@0@000ABUBfmePod492@@@Z
divergent	??$__uninitialized_copy_fill@U?$_Deque_iterator@UBfmePod840@@U?$_Nonconst_traits@UBfmePod840@@@_STL@@@_STL@@U12@UBfmePod840@@@_STL@@YAXU?$_Deque_iterator@UBfmePod840@@U?$_Nonconst_traits@UBfmePod840@@@_STL@@@0@000ABUBfmePod840@@@Z
divergent	??$__uninitialized_copy_fill@U?$_Deque_iterator@VBuddyRequest@@U?$_Nonconst_traits@VBuddyRequest@@@_STL@@@_STL@@U12@VBuddyRequest@@@_STL@@YAXU?$_Deque_iterator@VBuddyRequest@@U?$_Nonconst_traits@VBuddyRequest@@@_STL@@@0@000ABVBuddyRequest@@@Z
divergent	??$__uninitialized_fill@PAUBfmeE8@@U1@@_STL@@YAXPAUBfmeE8@@0ABU1@ABU__false_type@0@@Z
divergent	??$__uninitialized_fill@U?$_Deque_iterator@UBfmeE8@@U?$_Nonconst_traits@UBfmeE8@@@_STL@@@_STL@@UBfmeE8@@@_STL@@YAXU?$_Deque_iterator@UBfmeE8@@U?$_Nonconst_traits@UBfmeE8@@@_STL@@@0@0ABUBfmeE8@@ABU__false_type@0@@Z
divergent	??$__uninitialized_fill_copy@U?$_Deque_iterator@PAXU?$_Nonconst_traits@PAX@_STL@@@_STL@@PAXU12@@_STL@@YA?AU?$_Deque_iterator@PAXU?$_Nonconst_traits@PAX@_STL@@@0@U10@0ABQAX00@Z
divergent	??$__uninitialized_fill_copy@U?$_Deque_iterator@UBfmeE12@@U?$_Nonconst_traits@UBfmeE12@@@_STL@@@_STL@@UBfmeE12@@U12@@_STL@@YA?AU?$_Deque_iterator@UBfmeE12@@U?$_Nonconst_traits@UBfmeE12@@@_STL@@@0@U10@0ABUBfmeE12@@00@Z
divergent	??$__uninitialized_fill_copy@U?$_Deque_iterator@UBfmeE8@@U?$_Nonconst_traits@UBfmeE8@@@_STL@@@_STL@@UBfmeE8@@U12@@_STL@@YA?AU?$_Deque_iterator@UBfmeE8@@U?$_Nonconst_traits@UBfmeE8@@@_STL@@@0@U10@0ABUBfmeE8@@00@Z
divergent	??$__uninitialized_fill_copy@U?$_Deque_iterator@UBfmePod16@@U?$_Nonconst_traits@UBfmePod16@@@_STL@@@_STL@@UBfmePod16@@U12@@_STL@@YA?AU?$_Deque_iterator@UBfmePod16@@U?$_Nonconst_traits@UBfmePod16@@@_STL@@@0@U10@0ABUBfmePod16@@00@Z
divergent	??$__uninitialized_fill_copy@U?$_Deque_iterator@UBfmePod20@@U?$_Nonconst_traits@UBfmePod20@@@_STL@@@_STL@@UBfmePod20@@U12@@_STL@@YA?AU?$_Deque_iterator@UBfmePod20@@U?$_Nonconst_traits@UBfmePod20@@@_STL@@@0@U10@0ABUBfmePod20@@00@Z
divergent	??$__uninitialized_fill_copy@U?$_Deque_iterator@UBfmePod28@@U?$_Nonconst_traits@UBfmePod28@@@_STL@@@_STL@@UBfmePod28@@U12@@_STL@@YA?AU?$_Deque_iterator@UBfmePod28@@U?$_Nonconst_traits@UBfmePod28@@@_STL@@@0@U10@0ABUBfmePod28@@00@Z
divergent	??$__uninitialized_fill_copy@U?$_Deque_iterator@UBfmePod492@@U?$_Nonconst_traits@UBfmePod492@@@_STL@@@_STL@@UBfmePod492@@U12@@_STL@@YA?AU?$_Deque_iterator@UBfmePod492@@U?$_Nonconst_traits@UBfmePod492@@@_STL@@@0@U10@0ABUBfmePod492@@00@Z
divergent	??$__uninitialized_fill_copy@U?$_Deque_iterator@UBfmePod840@@U?$_Nonconst_traits@UBfmePod840@@@_STL@@@_STL@@UBfmePod840@@U12@@_STL@@YA?AU?$_Deque_iterator@UBfmePod840@@U?$_Nonconst_traits@UBfmePod840@@@_STL@@@0@U10@0ABUBfmePod840@@00@Z
divergent	??$__uninitialized_fill_copy@U?$_Deque_iterator@VBuddyRequest@@U?$_Nonconst_traits@VBuddyRequest@@@_STL@@@_STL@@VBuddyRequest@@U12@@_STL@@YA?AU?$_Deque_iterator@VBuddyRequest@@U?$_Nonconst_traits@VBuddyRequest@@@_STL@@@0@U10@0ABVBuddyRequest@@00@Z
divergent	??$__uninitialized_fill_n@PADID@_STL@@YAPADPADIABDABU__true_type@0@@Z
divergent	??$__uninitialized_fill_n@PAEIE@_STL@@YAPAEPAEIABEABU__true_type@0@@Z
divergent	??$__uninitialized_fill_n@PAGIG@_STL@@YAPAGPAGIABGABU__true_type@0@@Z
divergent	??$__uninitialized_fill_n@PAHIH@_STL@@YAPAHPAHIABHABU__false_type@0@@Z
divergent	??$__uninitialized_fill_n@PAHIH@_STL@@YAPAHPAHIABHABU__true_type@0@@Z
divergent	??$__uninitialized_fill_n@PAPAVDrawable@@IPAV1@@_STL@@YAPAPAVDrawable@@PAPAV1@IABQAV1@ABU__true_type@0@@Z
divergent	??$__uninitialized_fill_n@PAPAXIPAX@_STL@@YAPAPAXPAPAXIABQAXABU__false_type@0@@Z
divergent	??$__uninitialized_fill_n@PAPAXIPAX@_STL@@YAPAPAXPAPAXIABQAXABU__true_type@0@@Z
divergent	??$__uninitialized_fill_n@PAUBfmeRecordOwner900@@IU1@@_STL@@YAPAUBfmeRecordOwner900@@PAU1@IABU1@ABU__false_type@0@@Z
divergent	??$__uninitialized_fill_n@PAUBfmeStringHeadRecord148@@IU1@@_STL@@YAPAUBfmeStringHeadRecord148@@PAU1@IABU1@ABU__false_type@0@@Z
divergent	??$__uninitialized_fill_n@PAUBfmeStringHeadRecord160@@IU1@@_STL@@YAPAUBfmeStringHeadRecord160@@PAU1@IABU1@ABU__false_type@0@@Z
divergent	??$__uninitialized_fill_n@PAUCoord3D@@IU1@@_STL@@YAPAUCoord3D@@PAU1@IABU1@ABU__false_type@0@@Z
divergent	??$__uninitialized_fill_n@PAUFileInfoStruct@MixFileCreator@@IU12@@_STL@@YAPAUFileInfoStruct@MixFileCreator@@PAU12@IABU12@ABU__false_type@0@@Z
divergent	??$__uninitialized_fill_n@PAUFlightDeckInfo@FlightDeckBehavior@@IU12@@_STL@@YAPAUFlightDeckInfo@FlightDeckBehavior@@PAU12@IABU12@ABU__false_type@0@@Z
divergent	??$__uninitialized_fill_n@PAUGen003AA0D0@@IU1@@_STL@@YAPAUGen003AA0D0@@PAU1@IABU1@ABU__false_type@0@@Z
divergent	??$__uninitialized_fill_n@PAUGeometryRecord@@IU1@@_STL@@YAPAUGeometryRecord@@PAU1@IABU1@ABU__false_type@0@@Z
divergent	??$__uninitialized_fill_n@PAUICoord2D@@IU1@@_STL@@YAPAUICoord2D@@PAU1@IABU1@ABU__false_type@0@@Z
divergent	??$__uninitialized_fill_n@PAUNugget@ModuleInfo@@IU12@@_STL@@YAPAUNugget@ModuleInfo@@PAU12@IABU12@ABU__false_type@0@@Z
divergent	??$__uninitialized_fill_n@PAURva0005A084Element@@IU1@@_STL@@YAPAURva0005A084Element@@PAU1@IABU1@ABU__false_type@0@@Z
divergent	??$__uninitialized_fill_n@PAVMoney@@IV1@@_STL@@YAPAVMoney@@PAV1@IABV1@ABU__false_type@0@@Z
divergent	??$__uninitialized_fill_n@PAVProductionPrerequisite@@IV1@@_STL@@YAPAVProductionPrerequisite@@PAV1@IABV1@ABU__false_type@0@@Z
divergent	??$__uninitialized_fill_n@PAVW3DAnimationInfo@@IV1@@_STL@@YAPAVW3DAnimationInfo@@PAV1@IABV1@ABU__false_type@0@@Z
divergent	??$__write_decimal_backward@J@_STL@@YAPADPADJHABU__true_type@0@@Z
divergent	??$__write_decimal_backward@_J@_STL@@YAPADPAD_JHABU__true_type@0@@Z
divergent	??$__write_decimal_backward@_K@_STL@@YAPADPAD_KHABU__false_type@0@@Z
divergent	??$__write_integer_backward@J@_STL@@YAPADPADHJ@Z
divergent	??$__write_integer_backward@K@_STL@@YAPADPADHK@Z
divergent	??$__write_integer_backward@_J@_STL@@YAPADPADH_J@Z
divergent	??$__write_integer_backward@_K@_STL@@YAPADPADH_K@Z
divergent	??$advance@U?$_Deque_iterator@UBfmeE8@@U?$_Const_traits@UBfmeE8@@@_STL@@@_STL@@H@_STL@@YAXAAU?$_Deque_iterator@UBfmeE8@@U?$_Const_traits@UBfmeE8@@@_STL@@@0@H@Z
divergent	??$append@PAD@?$basic_string@DV?$char_traits@D@_STL@@V?$allocator@D@2@@_STL@@AAEAAV01@PAD0ABUforward_iterator_tag@1@@Z
divergent	??$append@PAD@?$basic_string@DV?$char_traits@D@_STL@@V?$allocator@D@2@@_STL@@QAEAAV01@PAD0@Z
divergent	??$append@PAG@?$basic_string@GV?$char_traits@G@_STL@@V?$allocator@G@2@@_STL@@AAEAAV01@PAG0ABUforward_iterator_tag@1@@Z
divergent	??$append@PBD@?$basic_string@DV?$char_traits@D@_STL@@V?$allocator@D@2@@_STL@@AAEAAV01@PBD0ABUforward_iterator_tag@1@@Z
divergent	??$append@PBG@?$basic_string@GV?$char_traits@G@_STL@@V?$allocator@G@2@@_STL@@AAEAAV01@PBG0ABUforward_iterator_tag@1@@Z
divergent	??$append@PBG@?$basic_string@GV?$char_traits@G@_STL@@V?$allocator@G@2@@_STL@@QAEAAV01@PBG0@Z
divergent	??$assign@PAD@?$basic_string@DV?$char_traits@D@_STL@@V?$allocator@D@2@@_STL@@QAEAAV01@PAD0@Z
divergent	??$bfmeMin@M@@YAABMABM0@Z
divergent	??$copy@PADPAD@_STL@@YAPADPAD00@Z
divergent	??$copy@PADV?$ostreambuf_iterator@DV?$char_traits@D@_STL@@@_STL@@@_STL@@YA?AV?$ostreambuf_iterator@DV?$char_traits@D@_STL@@@0@PAD0V10@@Z
divergent	??$copy@U?$_Bit_iter@U_Bit_reference@_STL@@PAU12@@_STL@@U12@@_STL@@YA?AU?$_Bit_iter@U_Bit_reference@_STL@@PAU12@@0@U10@00@Z
divergent	??$copy@U?$_Bit_iter@_NPB_N@_STL@@U?$_Bit_iter@U_Bit_reference@_STL@@PAU12@@2@@_STL@@YA?AU?$_Bit_iter@U_Bit_reference@_STL@@PAU12@@0@U?$_Bit_iter@_NPB_N@0@0U10@@Z
divergent	??$copy@U?$_Deque_iterator@PAXU?$_Const_traits@PAX@_STL@@@_STL@@U?$_Deque_iterator@PAXU?$_Nonconst_traits@PAX@_STL@@@2@@_STL@@YA?AU?$_Deque_iterator@PAXU?$_Nonconst_traits@PAX@_STL@@@0@U?$_Deque_iterator@PAXU?$_Const_traits@PAX@_STL@@@0@0U10@@Z
divergent	??$copy@U?$_Deque_iterator@PAXU?$_Nonconst_traits@PAX@_STL@@@_STL@@U12@@_STL@@YA?AU?$_Deque_iterator@PAXU?$_Nonconst_traits@PAX@_STL@@@0@U10@00@Z
divergent	??$copy@U?$_Deque_iterator@UBfmeE8@@U?$_Const_traits@UBfmeE8@@@_STL@@@_STL@@U?$_Deque_iterator@UBfmeE8@@U?$_Nonconst_traits@UBfmeE8@@@_STL@@@2@@_STL@@YA?AU?$_Deque_iterator@UBfmeE8@@U?$_Nonconst_traits@UBfmeE8@@@_STL@@@0@U?$_Deque_iterator@UBfmeE8@@U?$_Const_traits@UBfmeE8@@@_STL@@@0@0U10@@Z
divergent	??$copy@U?$_Deque_iterator@UBfmeE8@@U?$_Nonconst_traits@UBfmeE8@@@_STL@@@_STL@@U12@@_STL@@YA?AU?$_Deque_iterator@UBfmeE8@@U?$_Nonconst_traits@UBfmeE8@@@_STL@@@0@U10@00@Z
divergent	??$copy_backward@PAPAPAXPAPAPAX@_STL@@YAPAPAPAXPAPAPAX00@Z
divergent	??$copy_backward@U?$_Deque_iterator@PAXU?$_Nonconst_traits@PAX@_STL@@@_STL@@U12@@_STL@@YA?AU?$_Deque_iterator@PAXU?$_Nonconst_traits@PAX@_STL@@@0@U10@00@Z
divergent	??$copy_backward@U?$_Deque_iterator@UBfmeE12@@U?$_Nonconst_traits@UBfmeE12@@@_STL@@@_STL@@U12@@_STL@@YA?AU?$_Deque_iterator@UBfmeE12@@U?$_Nonconst_traits@UBfmeE12@@@_STL@@@0@U10@00@Z
divergent	??$copy_backward@U?$_Deque_iterator@UBfmeE8@@U?$_Nonconst_traits@UBfmeE8@@@_STL@@@_STL@@U12@@_STL@@YA?AU?$_Deque_iterator@UBfmeE8@@U?$_Nonconst_traits@UBfmeE8@@@_STL@@@0@U10@00@Z
divergent	??$copy_backward@U?$_Deque_iterator@UOpaqueRefElement4@@U?$_Nonconst_traits@UOpaqueRefElement4@@@_STL@@@_STL@@U12@@_STL@@YA?AU?$_Deque_iterator@UOpaqueRefElement4@@U?$_Nonconst_traits@UOpaqueRefElement4@@@_STL@@@0@U10@00@Z
divergent	??$distance@PAD@_STL@@YAHABQAD0@Z
divergent	??$distance@PAG@_STL@@YAHABQAG0@Z
divergent	??$distance@PBD@_STL@@YAHABQBD0@Z
divergent	??$distance@PBG@_STL@@YAHABQBG0@Z
divergent	??$distance@PBI@_STL@@YAHABQBI0@Z
divergent	??$distance@U?$_Deque_iterator@UBfmeE8@@U?$_Const_traits@UBfmeE8@@@_STL@@@_STL@@@_STL@@YAHABU?$_Deque_iterator@UBfmeE8@@U?$_Const_traits@UBfmeE8@@@_STL@@@0@0@Z
divergent	??$distance@U?$_List_iterator@HU?$_Const_traits@H@_STL@@@_STL@@@_STL@@YAHABU?$_List_iterator@HU?$_Const_traits@H@_STL@@@0@0@Z
divergent	??$distance@U?$_List_iterator@PAVObject@@U?$_Const_traits@PAVObject@@@_STL@@@_STL@@@_STL@@YAHABU?$_List_iterator@PAVObject@@U?$_Const_traits@PAVObject@@@_STL@@@0@0@Z
divergent	??$distance@U?$_List_iterator@PAXU?$_Const_traits@PAX@_STL@@@_STL@@@_STL@@YAHABU?$_List_iterator@PAXU?$_Const_traits@PAX@_STL@@@0@0@Z
divergent	??$distance@U?$_List_iterator@VAsciiString@@U?$_Const_traits@VAsciiString@@@_STL@@@_STL@@@_STL@@YAHABU?$_List_iterator@VAsciiString@@U?$_Const_traits@VAsciiString@@@_STL@@@0@0@Z
divergent	??$distance@U?$_List_iterator@W4ObjectID@@U?$_Const_traits@W4ObjectID@@@_STL@@@_STL@@@_STL@@YAHABU?$_List_iterator@W4ObjectID@@U?$_Const_traits@W4ObjectID@@@_STL@@@0@0@Z
divergent	??$distance@U?$_Rb_tree_iterator@U?$pair@$$CBHH@_STL@@U?$_Nonconst_traits@U?$pair@$$CBHH@_STL@@@2@@_STL@@@_STL@@YAHABU?$_Rb_tree_iterator@U?$pair@$$CBHH@_STL@@U?$_Nonconst_traits@U?$pair@$$CBHH@_STL@@@2@@0@0@Z
divergent	??$distance@U?$_Rb_tree_iterator@U?$pair@$$CBVAsciiString@@VMapMetaData@@@_STL@@U?$_Nonconst_traits@U?$pair@$$CBVAsciiString@@VMapMetaData@@@_STL@@@2@@_STL@@@_STL@@YAHABU?$_Rb_tree_iterator@U?$pair@$$CBVAsciiString@@VMapMetaData@@@_STL@@U?$_Nonconst_traits@U?$pair@$$CBVAsciiString@@VMapMetaData@@@_STL@@@2@@0@0@Z
divergent	??$fill@PAIH@_STL@@YAXPAI0ABH@Z
divergent	??$fill@PAPAVDrawable@@PAV1@@_STL@@YAXPAPAVDrawable@@0ABQAV1@@Z
divergent	??$fill@PAUGeometryShape@@U1@@_STL@@YAXPAUGeometryShape@@0ABU1@@Z
divergent	??$fill@PAUICoord2D@@U1@@_STL@@YAXPAUICoord2D@@0ABU1@@Z
divergent	??$fill@U?$_Bit_iter@U_Bit_reference@_STL@@PAU12@@_STL@@_N@_STL@@YAXU?$_Bit_iter@U_Bit_reference@_STL@@PAU12@@0@0AB_N@Z
divergent	??$fill@U?$_Deque_iterator@UBfmeE8@@U?$_Nonconst_traits@UBfmeE8@@@_STL@@@_STL@@UBfmeE8@@@_STL@@YAXU?$_Deque_iterator@UBfmeE8@@U?$_Nonconst_traits@UBfmeE8@@@_STL@@@0@0ABUBfmeE8@@@Z
divergent	??$fill_n@I@_STL@@YAPADPADIABD@Z
divergent	??$fill_n@I@_STL@@YAPAEPAEIABE@Z
divergent	??$fill_n@PAGIG@_STL@@YAPAGPAGIABG@Z
divergent	??$fill_n@PAPBVObjectCreationList@@IPBV1@@_STL@@YAPAPBVObjectCreationList@@PAPBV1@IABQBV1@@Z
divergent	??$fill_n@PAUAngleFXInfo@@IU1@@_STL@@YAPAUAngleFXInfo@@PAU1@IABU1@@Z
divergent	??$fill_n@PAUBfmePod36@@IU1@@_STL@@YAPAUBfmePod36@@PAU1@IABU1@@Z
divergent	??$fill_n@PAUBfmeStringRecord00111ACF@@IU1@@_STL@@YAPAUBfmeStringRecord00111ACF@@PAU1@IABU1@@Z
divergent	??$fill_n@PAUGeometryShape@@IU1@@_STL@@YAPAUGeometryShape@@PAU1@IABU1@@Z
divergent	??$fill_n@U?$_Bit_iter@U_Bit_reference@_STL@@PAU12@@_STL@@I_N@_STL@@YA?AU?$_Bit_iter@U_Bit_reference@_STL@@PAU12@@0@U10@IAB_N@Z
divergent	??$find@H@?$_Rb_tree@HU?$pair@$$CBHH@_STL@@U?$_Select1st@U?$pair@$$CBHH@_STL@@@2@U?$less@H@2@V?$allocator@U?$pair@$$CBHH@_STL@@@2@@_STL@@QAE?AU?$_Rb_tree_iterator@U?$pair@$$CBHH@_STL@@U?$_Nonconst_traits@U?$pair@$$CBHH@_STL@@@2@@1@ABH@Z
divergent	??$find@H@?$_Rb_tree@HU?$pair@$$CBHH@_STL@@U?$_Select1st@U?$pair@$$CBHH@_STL@@@2@U?$less@H@2@V?$allocator@U?$pair@$$CBHH@_STL@@@2@@_STL@@QBE?AU?$_Rb_tree_iterator@U?$pair@$$CBHH@_STL@@U?$_Const_traits@U?$pair@$$CBHH@_STL@@@2@@1@ABH@Z
divergent	??$find@H@?$_Rb_tree@HU?$pair@$$CBHVBuddyInfo@@@_STL@@U?$_Select1st@U?$pair@$$CBHVBuddyInfo@@@_STL@@@2@U?$less@H@2@V?$allocator@U?$pair@$$CBHVBuddyInfo@@@_STL@@@2@@_STL@@QAE?AU?$_Rb_tree_iterator@U?$pair@$$CBHVBuddyInfo@@@_STL@@U?$_Nonconst_traits@U?$pair@$$CBHVBuddyInfo@@@_STL@@@2@@1@ABH@Z
divergent	??$find@H@?$hashtable@U?$pair@$$CBHH@_STL@@HU?$hash@H@2@U?$_Select1st@U?$pair@$$CBHH@_STL@@@2@U?$equal_to@H@2@V?$allocator@U?$pair@$$CBHH@_STL@@@2@@_STL@@QBE?AU?$_Ht_iterator@U?$pair@$$CBHH@_STL@@U?$_Const_traits@U?$pair@$$CBHH@_STL@@@2@HU?$hash@H@2@U?$_Select1st@U?$pair@$$CBHH@_STL@@@2@U?$equal_to@H@2@V?$allocator@U?$pair@$$CBHH@_STL@@@2@@1@ABH@Z
divergent	??$find@H@?$hashtable@U?$pair@$$CBHW4Relationship@@@_STL@@HU?$hash@H@2@U?$_Select1st@U?$pair@$$CBHW4Relationship@@@_STL@@@2@U?$equal_to@H@2@V?$allocator@U?$pair@$$CBHW4Relationship@@@_STL@@@2@@_STL@@QAE?AU?$_Ht_iterator@U?$pair@$$CBHW4Relationship@@@_STL@@U?$_Nonconst_traits@U?$pair@$$CBHW4Relationship@@@_STL@@@2@HU?$hash@H@2@U?$_Select1st@U?$pair@$$CBHW4Relationship@@@_STL@@@2@U?$equal_to@H@2@V?$allocator@U?$pair@$$CBHW4Relationship@@@_STL@@@2@@1@ABH@Z
divergent	??$find@I@?$hashtable@U?$pair@$$CBIW4Relationship@@@_STL@@IU?$hash@I@2@U?$_Select1st@U?$pair@$$CBIW4Relationship@@@_STL@@@2@U?$equal_to@I@2@V?$allocator@U?$pair@$$CBIW4Relationship@@@_STL@@@2@@_STL@@QAE?AU?$_Ht_iterator@U?$pair@$$CBIW4Relationship@@@_STL@@U?$_Nonconst_traits@U?$pair@$$CBIW4Relationship@@@_STL@@@2@IU?$hash@I@2@U?$_Select1st@U?$pair@$$CBIW4Relationship@@@_STL@@@2@U?$equal_to@I@2@V?$allocator@U?$pair@$$CBIW4Relationship@@@_STL@@@2@@1@ABI@Z
divergent	??$find@PAVAsciiString@@V1@@_STL@@YAPAVAsciiString@@PAV1@0ABV1@@Z
divergent	??$find@U?$_List_iterator@PAVObject@@U?$_Nonconst_traits@PAVObject@@@_STL@@@_STL@@PAVObject@@@_STL@@YA?AU?$_List_iterator@PAVObject@@U?$_Nonconst_traits@PAVObject@@@_STL@@@0@U10@0ABQAVObject@@@Z
divergent	??$find@V?$BitFlags@$0HF@@@@?$_Rb_tree@$$CBV?$BitFlags@$0HF@@@U?$pair@$$CBV?$BitFlags@$0HF@@@PBUModelConditionInfo@@@_STL@@U?$_Select1st@U?$pair@$$CBV?$BitFlags@$0HF@@@PBUModelConditionInfo@@@_STL@@@3@UMapHelper@?$SparseMatchFinder@UModelConditionInfo@@V?$BitFlags@$0HF@@@@@V?$allocator@U?$pair@$$CBV?$BitFlags@$0HF@@@PBUModelConditionInfo@@@_STL@@@3@@_STL@@QAE?AU?$_Rb_tree_iterator@U?$pair@$$CBV?$BitFlags@$0HF@@@PBUModelConditionInfo@@@_STL@@U?$_Nonconst_traits@U?$pair@$$CBV?$BitFlags@$0HF@@@PBUModelConditionInfo@@@_STL@@@2@@1@ABV?$BitFlags@$0HF@@@@Z
divergent	??$find@VAsciiString@@@?$_Rb_tree@VAsciiString@@U?$pair@$$CBVAsciiString@@UCoord3D@@@_STL@@U?$_Select1st@U?$pair@$$CBVAsciiString@@UCoord3D@@@_STL@@@3@U?$less@VAsciiString@@@3@V?$allocator@U?$pair@$$CBVAsciiString@@UCoord3D@@@_STL@@@3@@_STL@@QAE?AU?$_Rb_tree_iterator@U?$pair@$$CBVAsciiString@@UCoord3D@@@_STL@@U?$_Nonconst_traits@U?$pair@$$CBVAsciiString@@UCoord3D@@@_STL@@@2@@1@ABVAsciiString@@@Z
divergent	??$find@VAsciiString@@@?$_Rb_tree@VAsciiString@@U?$pair@$$CBVAsciiString@@V1@@_STL@@U?$_Select1st@U?$pair@$$CBVAsciiString@@V1@@_STL@@@3@U?$less@VAsciiString@@@3@V?$allocator@U?$pair@$$CBVAsciiString@@V1@@_STL@@@3@@_STL@@QAE?AU?$_Rb_tree_iterator@U?$pair@$$CBVAsciiString@@V1@@_STL@@U?$_Nonconst_traits@U?$pair@$$CBVAsciiString@@V1@@_STL@@@2@@1@ABVAsciiString@@@Z
divergent	??$find@VAsciiString@@@?$_Rb_tree@VAsciiString@@U?$pair@$$CBVAsciiString@@VMapMetaData@@@_STL@@U?$_Select1st@U?$pair@$$CBVAsciiString@@VMapMetaData@@@_STL@@@3@U?$less@VAsciiString@@@3@V?$allocator@U?$pair@$$CBVAsciiString@@VMapMetaData@@@_STL@@@3@@_STL@@QAE?AU?$_Rb_tree_iterator@U?$pair@$$CBVAsciiString@@VMapMetaData@@@_STL@@U?$_Nonconst_traits@U?$pair@$$CBVAsciiString@@VMapMetaData@@@_STL@@@2@@1@ABVAsciiString@@@Z
divergent	??$find@VAsciiString@@@?$_Rb_tree@VAsciiString@@U?$pair@$$CBVAsciiString@@VPlayerInfo@@@_STL@@U?$_Select1st@U?$pair@$$CBVAsciiString@@VPlayerInfo@@@_STL@@@3@UAsciiComparator@@V?$allocator@U?$pair@$$CBVAsciiString@@VPlayerInfo@@@_STL@@@3@@_STL@@QAE?AU?$_Rb_tree_iterator@U?$pair@$$CBVAsciiString@@VPlayerInfo@@@_STL@@U?$_Nonconst_traits@U?$pair@$$CBVAsciiString@@VPlayerInfo@@@_STL@@@2@@1@ABVAsciiString@@@Z
divergent	??$find@VAsciiString@@@?$_Rb_tree@VAsciiString@@V1@U?$_Identity@VAsciiString@@@_STL@@U?$less@VAsciiString@@@3@V?$allocator@VAsciiString@@@3@@_STL@@QBE?AU?$_Rb_tree_iterator@VAsciiString@@U?$_Const_traits@VAsciiString@@@_STL@@@1@ABVAsciiString@@@Z
divergent	??$find@VAsciiString@@@?$set@VAsciiString@@U?$less@VAsciiString@@@_STL@@V?$allocator@VAsciiString@@@3@@_STL@@QBE?AU?$_Rb_tree_iterator@VAsciiString@@U?$_Const_traits@VAsciiString@@@_STL@@@1@ABVAsciiString@@@Z
divergent	??$find@W4LocomotorSetType@@@?$_Rb_tree@W4LocomotorSetType@@U?$pair@$$CBW4LocomotorSetType@@V?$vector@PBVLocomotorTemplate@@V?$allocator@PBVLocomotorTemplate@@@_STL@@@_STL@@@_STL@@U?$_Select1st@U?$pair@$$CBW4LocomotorSetType@@V?$vector@PBVLocomotorTemplate@@V?$allocator@PBVLocomotorTemplate@@@_STL@@@_STL@@@_STL@@@3@U?$less@W4LocomotorSetType@@@3@V?$allocator@U?$pair@$$CBW4LocomotorSetType@@V?$vector@PBVLocomotorTemplate@@V?$allocator@PBVLocomotorTemplate@@@_STL@@@_STL@@@_STL@@@3@@_STL@@QBE?AU?$_Rb_tree_iterator@U?$pair@$$CBW4LocomotorSetType@@V?$vector@PBVLocomotorTemplate@@V?$allocator@PBVLocomotorTemplate@@@_STL@@@_STL@@@_STL@@U?$_Const_traits@U?$pair@$$CBW4LocomotorSetType@@V?$vector@PBVLocomotorTemplate@@V?$allocator@PBVLocomotorTemplate@@@_STL@@@_STL@@@_STL@@@2@@1@ABW4LocomotorSetType@@@Z
divergent	??$find@W4NameKeyType@@@?$_Rb_tree@W4NameKeyType@@U?$pair@$$CBW4NameKeyType@@UPristineBoneInfo@@@_STL@@U?$_Select1st@U?$pair@$$CBW4NameKeyType@@UPristineBoneInfo@@@_STL@@@3@U?$less@W4NameKeyType@@@3@V?$allocator@U?$pair@$$CBW4NameKeyType@@UPristineBoneInfo@@@_STL@@@3@@_STL@@QAE?AU?$_Rb_tree_iterator@U?$pair@$$CBW4NameKeyType@@UPristineBoneInfo@@@_STL@@U?$_Nonconst_traits@U?$pair@$$CBW4NameKeyType@@UPristineBoneInfo@@@_STL@@@2@@1@ABW4NameKeyType@@@Z
divergent	??$find@W4NameKeyType@@@?$hashtable@U?$pair@$$CBW4NameKeyType@@VDamageFX@@@_STL@@W4NameKeyType@@U?$hash@W4NameKeyType@@@rts@@U?$_Select1st@U?$pair@$$CBW4NameKeyType@@VDamageFX@@@_STL@@@2@U?$equal_to@W4NameKeyType@@@5@V?$allocator@U?$pair@$$CBW4NameKeyType@@VDamageFX@@@_STL@@@2@@_STL@@QAE?AU?$_Ht_iterator@U?$pair@$$CBW4NameKeyType@@VDamageFX@@@_STL@@U?$_Nonconst_traits@U?$pair@$$CBW4NameKeyType@@VDamageFX@@@_STL@@@2@W4NameKeyType@@U?$hash@W4NameKeyType@@@rts@@U?$_Select1st@U?$pair@$$CBW4NameKeyType@@VDamageFX@@@_STL@@@2@U?$equal_to@W4NameKeyType@@@6@V?$allocator@U?$pair@$$CBW4NameKeyType@@VDamageFX@@@_STL@@@2@@1@ABW4NameKeyType@@@Z
divergent	??$find@W4NameKeyType@@@?$hashtable@U?$pair@$$CBW4NameKeyType@@VDamageFX@@@_STL@@W4NameKeyType@@U?$hash@W4NameKeyType@@@rts@@U?$_Select1st@U?$pair@$$CBW4NameKeyType@@VDamageFX@@@_STL@@@2@U?$equal_to@W4NameKeyType@@@5@V?$allocator@U?$pair@$$CBW4NameKeyType@@VDamageFX@@@_STL@@@2@@_STL@@QBE?AU?$_Ht_iterator@U?$pair@$$CBW4NameKeyType@@VDamageFX@@@_STL@@U?$_Const_traits@U?$pair@$$CBW4NameKeyType@@VDamageFX@@@_STL@@@2@W4NameKeyType@@U?$hash@W4NameKeyType@@@rts@@U?$_Select1st@U?$pair@$$CBW4NameKeyType@@VDamageFX@@@_STL@@@2@U?$equal_to@W4NameKeyType@@@6@V?$allocator@U?$pair@$$CBW4NameKeyType@@VDamageFX@@@_STL@@@2@@1@ABW4NameKeyType@@@Z
divergent	??$find@W4NameKeyType@@@?$hashtable@U?$pair@$$CBW4NameKeyType@@VFXList@@@_STL@@W4NameKeyType@@U?$hash@W4NameKeyType@@@rts@@U?$_Select1st@U?$pair@$$CBW4NameKeyType@@VFXList@@@_STL@@@2@U?$equal_to@W4NameKeyType@@@5@V?$allocator@U?$pair@$$CBW4NameKeyType@@VFXList@@@_STL@@@2@@_STL@@QAE?AU?$_Ht_iterator@U?$pair@$$CBW4NameKeyType@@VFXList@@@_STL@@U?$_Nonconst_traits@U?$pair@$$CBW4NameKeyType@@VFXList@@@_STL@@@2@W4NameKeyType@@U?$hash@W4NameKeyType@@@rts@@U?$_Select1st@U?$pair@$$CBW4NameKeyType@@VFXList@@@_STL@@@2@U?$equal_to@W4NameKeyType@@@6@V?$allocator@U?$pair@$$CBW4NameKeyType@@VFXList@@@_STL@@@2@@1@ABW4NameKeyType@@@Z
divergent	??$find_if@PADU?$_Eq_char_bound@V?$char_traits@D@_STL@@@_STL@@@_STL@@YAPADPAD0U?$_Eq_char_bound@V?$char_traits@D@_STL@@@0@@Z
divergent	??$find_if@V?$reverse_iterator@PBD@_STL@@U?$_Not_within_traits@V?$char_traits@D@_STL@@@2@@_STL@@YA?AV?$reverse_iterator@PBD@0@V10@0U?$_Not_within_traits@V?$char_traits@D@_STL@@@0@@Z
divergent	??$insert@U?$_Deque_iterator@PAXU?$_Const_traits@PAX@_STL@@@_STL@@@?$deque@PAXV?$allocator@PAX@_STL@@@_STL@@IAEXU?$_Deque_iterator@PAXU?$_Nonconst_traits@PAX@_STL@@@1@U?$_Deque_iterator@PAXU?$_Const_traits@PAX@_STL@@@1@1ABUforward_iterator_tag@1@@Z
divergent	??$insert@U?$_Deque_iterator@PAXU?$_Const_traits@PAX@_STL@@@_STL@@@?$deque@PAXV?$allocator@PAX@_STL@@@_STL@@QAEXU?$_Deque_iterator@PAXU?$_Nonconst_traits@PAX@_STL@@@1@U?$_Deque_iterator@PAXU?$_Const_traits@PAX@_STL@@@1@1@Z
divergent	??$insert@U?$_Deque_iterator@UBfmeE12@@U?$_Const_traits@UBfmeE12@@@_STL@@@_STL@@@?$deque@UBfmeE12@@V?$allocator@UBfmeE12@@@_STL@@@_STL@@IAEXU?$_Deque_iterator@UBfmeE12@@U?$_Nonconst_traits@UBfmeE12@@@_STL@@@1@U?$_Deque_iterator@UBfmeE12@@U?$_Const_traits@UBfmeE12@@@_STL@@@1@1ABUforward_iterator_tag@1@@Z
divergent	??$insert@U?$_Deque_iterator@UBfmeE8@@U?$_Const_traits@UBfmeE8@@@_STL@@@_STL@@@?$deque@UBfmeE8@@V?$allocator@UBfmeE8@@@_STL@@@_STL@@IAEXU?$_Deque_iterator@UBfmeE8@@U?$_Nonconst_traits@UBfmeE8@@@_STL@@@1@U?$_Deque_iterator@UBfmeE8@@U?$_Const_traits@UBfmeE8@@@_STL@@@1@1ABUforward_iterator_tag@1@@Z
divergent	??$insert@U?$_Deque_iterator@UBfmeE8@@U?$_Const_traits@UBfmeE8@@@_STL@@@_STL@@@?$deque@UBfmeE8@@V?$allocator@UBfmeE8@@@_STL@@@_STL@@QAEXU?$_Deque_iterator@UBfmeE8@@U?$_Nonconst_traits@UBfmeE8@@@_STL@@@1@U?$_Deque_iterator@UBfmeE8@@U?$_Const_traits@UBfmeE8@@@_STL@@@1@1@Z
divergent	??$insert@U?$_Deque_iterator@UBfmePod16@@U?$_Const_traits@UBfmePod16@@@_STL@@@_STL@@@?$deque@UBfmePod16@@V?$allocator@UBfmePod16@@@_STL@@@_STL@@IAEXU?$_Deque_iterator@UBfmePod16@@U?$_Nonconst_traits@UBfmePod16@@@_STL@@@1@U?$_Deque_iterator@UBfmePod16@@U?$_Const_traits@UBfmePod16@@@_STL@@@1@1ABUforward_iterator_tag@1@@Z
divergent	??$insert@U?$_Deque_iterator@UBfmePod20@@U?$_Const_traits@UBfmePod20@@@_STL@@@_STL@@@?$deque@UBfmePod20@@V?$allocator@UBfmePod20@@@_STL@@@_STL@@IAEXU?$_Deque_iterator@UBfmePod20@@U?$_Nonconst_traits@UBfmePod20@@@_STL@@@1@U?$_Deque_iterator@UBfmePod20@@U?$_Const_traits@UBfmePod20@@@_STL@@@1@1ABUforward_iterator_tag@1@@Z
divergent	??$insert@U?$_Deque_iterator@UBfmePod28@@U?$_Const_traits@UBfmePod28@@@_STL@@@_STL@@@?$deque@UBfmePod28@@V?$allocator@UBfmePod28@@@_STL@@@_STL@@IAEXU?$_Deque_iterator@UBfmePod28@@U?$_Nonconst_traits@UBfmePod28@@@_STL@@@1@U?$_Deque_iterator@UBfmePod28@@U?$_Const_traits@UBfmePod28@@@_STL@@@1@1ABUforward_iterator_tag@1@@Z
divergent	??$insert@U?$_Deque_iterator@UBfmePod492@@U?$_Const_traits@UBfmePod492@@@_STL@@@_STL@@@?$deque@UBfmePod492@@V?$allocator@UBfmePod492@@@_STL@@@_STL@@IAEXU?$_Deque_iterator@UBfmePod492@@U?$_Nonconst_traits@UBfmePod492@@@_STL@@@1@U?$_Deque_iterator@UBfmePod492@@U?$_Const_traits@UBfmePod492@@@_STL@@@1@1ABUforward_iterator_tag@1@@Z
divergent	??$insert@U?$_Deque_iterator@UBfmePod840@@U?$_Const_traits@UBfmePod840@@@_STL@@@_STL@@@?$deque@UBfmePod840@@V?$allocator@UBfmePod840@@@_STL@@@_STL@@IAEXU?$_Deque_iterator@UBfmePod840@@U?$_Nonconst_traits@UBfmePod840@@@_STL@@@1@U?$_Deque_iterator@UBfmePod840@@U?$_Const_traits@UBfmePod840@@@_STL@@@1@1ABUforward_iterator_tag@1@@Z
divergent	??$insert@U?$_Deque_iterator@VBuddyRequest@@U?$_Const_traits@VBuddyRequest@@@_STL@@@_STL@@@?$deque@VBuddyRequest@@V?$allocator@VBuddyRequest@@@_STL@@@_STL@@IAEXU?$_Deque_iterator@VBuddyRequest@@U?$_Nonconst_traits@VBuddyRequest@@@_STL@@@1@U?$_Deque_iterator@VBuddyRequest@@U?$_Const_traits@VBuddyRequest@@@_STL@@@1@1ABUforward_iterator_tag@1@@Z
divergent	??$insert@U?$_List_iterator@PAVFXNugget@@U?$_Const_traits@PAVFXNugget@@@_STL@@@_STL@@@?$list@PAVFXNugget@@V?$allocator@PAVFXNugget@@@_STL@@@_STL@@QAEXU?$_List_iterator@PAVFXNugget@@U?$_Nonconst_traits@PAVFXNugget@@@_STL@@@1@U?$_List_iterator@PAVFXNugget@@U?$_Const_traits@PAVFXNugget@@@_STL@@@1@1@Z
divergent	??$iter_swap@PAU?$pair@W4ObjectID@@I@_STL@@PAU12@@_STL@@YAXPAU?$pair@W4ObjectID@@I@0@0@Z
divergent	??$iter_swap@PAUS4SortElem8@@PAU1@@_STL@@YAXPAUS4SortElem8@@0@Z
divergent	??$max@M@@YAMMM@Z
divergent	??$min@M@@YAMMM@Z
divergent	??$mismatch@V?$istreambuf_iterator@DV?$char_traits@D@_STL@@@_STL@@PAD@_STL@@YA?AU?$pair@V?$istreambuf_iterator@DV?$char_traits@D@_STL@@@_STL@@PAD@0@V?$istreambuf_iterator@DV?$char_traits@D@_STL@@@0@0PAD@Z
divergent	??$mismatch@V?$istreambuf_iterator@GV?$char_traits@G@_STL@@@_STL@@PAG@_STL@@YA?AU?$pair@V?$istreambuf_iterator@GV?$char_traits@G@_STL@@@_STL@@PAG@0@V?$istreambuf_iterator@GV?$char_traits@G@_STL@@@0@0PAG@Z
divergent	??$sort_heap@PAHU?$greater@H@_STL@@@_STL@@YAXPAH0U?$greater@H@0@@Z
divergent	??$sort_heap@PAHU?$less@H@_STL@@@_STL@@YAXPAH0U?$less@H@0@@Z
divergent	??$swap@U?$_Deque_iterator@UBfmeE8@@U?$_Nonconst_traits@UBfmeE8@@@_STL@@@_STL@@@_STL@@YAXAAU?$_Deque_iterator@UBfmeE8@@U?$_Nonconst_traits@UBfmeE8@@@_STL@@@0@0@Z
divergent	??$swap@V?$_STLP_alloc_proxy@IPAXV?$allocator@PAX@_STL@@@_STL@@@_STL@@YAXAAV?$_STLP_alloc_proxy@IPAXV?$allocator@PAX@_STL@@@0@0@Z
divergent	??$swap@V?$_STLP_alloc_proxy@IU?$_Hashtable_node@U?$pair@$$CBW4NameKeyType@@VDamageFX@@@_STL@@@_STL@@V?$allocator@U?$_Hashtable_node@U?$pair@$$CBW4NameKeyType@@VDamageFX@@@_STL@@@_STL@@@2@@_STL@@@_STL@@YAXAAV?$_STLP_alloc_proxy@IU?$_Hashtable_node@U?$pair@$$CBW4NameKeyType@@VDamageFX@@@_STL@@@_STL@@V?$allocator@U?$_Hashtable_node@U?$pair@$$CBW4NameKeyType@@VDamageFX@@@_STL@@@_STL@@@2@@0@0@Z
divergent	??$swap@V?$_STLP_alloc_proxy@IUBfmeE8@@V?$allocator@UBfmeE8@@@_STL@@@_STL@@@_STL@@YAXAAV?$_STLP_alloc_proxy@IUBfmeE8@@V?$allocator@UBfmeE8@@@_STL@@@0@0@Z
divergent	??$swap@V?$_STLP_alloc_proxy@PADDV?$allocator@D@_STL@@@_STL@@@_STL@@YAXAAV?$_STLP_alloc_proxy@PADDV?$allocator@D@_STL@@@0@0@Z
divergent	??$swap@V?$_STLP_alloc_proxy@PAGGV?$allocator@G@_STL@@@_STL@@@_STL@@YAXAAV?$_STLP_alloc_proxy@PAGGV?$allocator@G@_STL@@@0@0@Z
divergent	??$swap@V?$_STLP_alloc_proxy@PAHHV?$allocator@H@_STL@@@_STL@@@_STL@@YAXAAV?$_STLP_alloc_proxy@PAHHV?$allocator@H@_STL@@@0@0@Z
divergent	??$swap@V?$_STLP_alloc_proxy@PAIIV?$allocator@I@_STL@@@_STL@@@_STL@@YAXAAV?$_STLP_alloc_proxy@PAIIV?$allocator@I@_STL@@@0@0@Z
divergent	??$swap@V?$_STLP_alloc_proxy@PAPAPAXPAPAXV?$allocator@PAPAX@_STL@@@_STL@@@_STL@@YAXAAV?$_STLP_alloc_proxy@PAPAPAXPAPAXV?$allocator@PAPAX@_STL@@@0@0@Z
divergent	??$swap@V?$_STLP_alloc_proxy@PAPAUBfmeE8@@PAU1@V?$allocator@PAUBfmeE8@@@_STL@@@_STL@@@_STL@@YAXAAV?$_STLP_alloc_proxy@PAPAUBfmeE8@@PAU1@V?$allocator@PAUBfmeE8@@@_STL@@@0@0@Z
divergent	??$swap@V?$_STLP_alloc_proxy@PAU?$_List_node@H@_STL@@U12@V?$allocator@U?$_List_node@H@_STL@@@2@@_STL@@@_STL@@YAXAAV?$_STLP_alloc_proxy@PAU?$_List_node@H@_STL@@U12@V?$allocator@U?$_List_node@H@_STL@@@2@@0@0@Z
divergent	??$swap@V?$_STLP_alloc_proxy@PAU?$_List_node@V?$basic_string@DV?$char_traits@D@_STL@@V?$allocator@D@2@@_STL@@@_STL@@U12@V?$allocator@U?$_List_node@V?$basic_string@DV?$char_traits@D@_STL@@V?$allocator@D@2@@_STL@@@_STL@@@2@@_STL@@@_STL@@YAXAAV?$_STLP_alloc_proxy@PAU?$_List_node@V?$basic_string@DV?$char_traits@D@_STL@@V?$allocator@D@2@@_STL@@@_STL@@U12@V?$allocator@U?$_List_node@V?$basic_string@DV?$char_traits@D@_STL@@V?$allocator@D@2@@_STL@@@_STL@@@2@@0@0@Z
divergent	??$swap@V?$_STLP_alloc_proxy@PAU?$_Rb_tree_node@U?$pair@$$CBHH@_STL@@@_STL@@U12@V?$allocator@U?$_Rb_tree_node@U?$pair@$$CBHH@_STL@@@_STL@@@2@@_STL@@@_STL@@YAXAAV?$_STLP_alloc_proxy@PAU?$_Rb_tree_node@U?$pair@$$CBHH@_STL@@@_STL@@U12@V?$allocator@U?$_Rb_tree_node@U?$pair@$$CBHH@_STL@@@_STL@@@2@@0@0@Z
divergent	??$swap@V?$_STLP_alloc_proxy@PAUBfmePod36@@U1@V?$allocator@UBfmePod36@@@_STL@@@_STL@@@_STL@@YAXAAV?$_STLP_alloc_proxy@PAUBfmePod36@@U1@V?$allocator@UBfmePod36@@@_STL@@@0@0@Z
divergent	??$uninitialized_copy@PADPAD@_STL@@YAPADPAD00@Z
divergent	??$uninitialized_copy@PAGPAG@_STL@@YAPAGPAG00@Z
divergent	??$uninitialized_copy@U?$_Deque_iterator@PAXU?$_Const_traits@PAX@_STL@@@_STL@@U?$_Deque_iterator@PAXU?$_Nonconst_traits@PAX@_STL@@@2@@_STL@@YA?AU?$_Deque_iterator@PAXU?$_Nonconst_traits@PAX@_STL@@@0@U?$_Deque_iterator@PAXU?$_Const_traits@PAX@_STL@@@0@0U10@@Z
divergent	??$uninitialized_copy@U?$_Deque_iterator@PAXU?$_Nonconst_traits@PAX@_STL@@@_STL@@U12@@_STL@@YA?AU?$_Deque_iterator@PAXU?$_Nonconst_traits@PAX@_STL@@@0@U10@00@Z
divergent	??$uninitialized_copy@U?$_Deque_iterator@UBfmeE8@@U?$_Const_traits@UBfmeE8@@@_STL@@@_STL@@U?$_Deque_iterator@UBfmeE8@@U?$_Nonconst_traits@UBfmeE8@@@_STL@@@2@@_STL@@YA?AU?$_Deque_iterator@UBfmeE8@@U?$_Nonconst_traits@UBfmeE8@@@_STL@@@0@U?$_Deque_iterator@UBfmeE8@@U?$_Const_traits@UBfmeE8@@@_STL@@@0@0U10@@Z
divergent	??$uninitialized_copy@U?$_Deque_iterator@UBfmeE8@@U?$_Nonconst_traits@UBfmeE8@@@_STL@@@_STL@@U12@@_STL@@YA?AU?$_Deque_iterator@UBfmeE8@@U?$_Nonconst_traits@UBfmeE8@@@_STL@@@0@U10@00@Z
divergent	??$uninitialized_fill@PAUBfmeE8@@U1@@_STL@@YAXPAUBfmeE8@@0ABU1@@Z
divergent	??$uninitialized_fill@U?$_Deque_iterator@PAXU?$_Nonconst_traits@PAX@_STL@@@_STL@@PAX@_STL@@YAXU?$_Deque_iterator@PAXU?$_Nonconst_traits@PAX@_STL@@@0@0ABQAX@Z
divergent	??$uninitialized_fill@U?$_Deque_iterator@UBfmeE8@@U?$_Nonconst_traits@UBfmeE8@@@_STL@@@_STL@@UBfmeE8@@@_STL@@YAXU?$_Deque_iterator@UBfmeE8@@U?$_Nonconst_traits@UBfmeE8@@@_STL@@@0@0ABUBfmeE8@@@Z
divergent	??$uninitialized_fill_n@PADID@_STL@@YAPADPADIABD@Z
divergent	??$uninitialized_fill_n@PAEIE@_STL@@YAPAEPAEIABE@Z
divergent	??$uninitialized_fill_n@PAGIG@_STL@@YAPAGPAGIABG@Z
divergent	??$uninitialized_fill_n@PAHIH@_STL@@YAPAHPAHIABH@Z
divergent	??$uninitialized_fill_n@PAPAVDrawable@@IPAV1@@_STL@@YAPAPAVDrawable@@PAPAV1@IABQAV1@@Z
divergent	??$uninitialized_fill_n@PAPAXIPAX@_STL@@YAPAPAXPAPAXIABQAX@Z
divergent	??$uninitialized_fill_n@PAUAngleFXInfo@@IU1@@_STL@@YAPAUAngleFXInfo@@PAU1@IABU1@@Z
divergent	??$uninitialized_fill_n@PAUICoord2D@@IU1@@_STL@@YAPAUICoord2D@@PAU1@IABU1@@Z
divergent	??$uninitialized_fill_n@PAV?$vector@IV?$allocator@I@_STL@@@_STL@@IV12@@_STL@@YAPAV?$vector@IV?$allocator@I@_STL@@@0@PAV10@IABV10@@Z
divergent	??0?$BitFlags@$0BB@@@QAE@XZ
divergent	??0?$BitFlags@$0CN@@@QAE@W4BogusInitType@0@H@Z
divergent	??0?$BitFlags@$0HE@@@QAE@W4BogusInitType@0@H@Z
divergent	??0?$BitFlags@$0HE@@@QAE@XZ
divergent	??0?$BitFlags@$0HF@@@QAE@W4BogusInitType@0@H@Z
divergent	??0?$BitFlags@$0HF@@@QAE@W4BogusInitType@0@HH@Z
divergent	??0?$BitFlags@$0HF@@@QAE@XZ
divergent	??0?$BitFlags@$0IA@@@QAE@XZ
divergent	??0?$BitFlags@$0L@@@QAE@XZ
divergent	??0?$BitFlags@$0N@@@QAE@W4BogusInitType@0@HHHH@Z
divergent	??0?$CategoryModuleTemplate@$00@FXParticleSystem@@QAE@XZ
divergent	??0?$CategoryModuleTemplate@$01@FXParticleSystem@@QAE@XZ
divergent	??0?$CategoryModuleTemplate@$02@FXParticleSystem@@QAE@ABV01@@Z
divergent	??0?$CategoryModuleTemplate@$02@FXParticleSystem@@QAE@XZ
divergent	??0?$CategoryModuleTemplate@$03@FXParticleSystem@@QAE@XZ
divergent	??0?$CategoryModuleTemplate@$04@FXParticleSystem@@QAE@XZ
divergent	??0?$CategoryModuleTemplate@$05@FXParticleSystem@@QAE@XZ
divergent	??0?$CategoryModuleTemplate@$06@FXParticleSystem@@QAE@XZ
divergent	??0?$CategoryModuleTemplate@$0A@@FXParticleSystem@@QAE@XZ
divergent	??0?$CategoryModuleTemplateBase@$00@FXParticleSystem@@QAE@XZ
divergent	??0?$CategoryModuleTemplateBase@$01@FXParticleSystem@@QAE@XZ
divergent	??0?$CategoryModuleTemplateBase@$02@FXParticleSystem@@QAE@ABV01@@Z
divergent	??0?$CategoryModuleTemplateBase@$02@FXParticleSystem@@QAE@XZ
divergent	??0?$CategoryModuleTemplateBase@$03@FXParticleSystem@@QAE@XZ
divergent	??0?$CategoryModuleTemplateBase@$04@FXParticleSystem@@QAE@XZ
divergent	??0?$CategoryModuleTemplateBase@$05@FXParticleSystem@@QAE@XZ
divergent	??0?$CategoryModuleTemplateBase@$06@FXParticleSystem@@QAE@XZ
divergent	??0?$CategoryModuleTemplateBase@$0A@@FXParticleSystem@@QAE@XZ
divergent	??0?$ConcreteModuleTemplate@V?$DefaultModuleTag@$06@FXParticleSystem@@@FXParticleSystem@@QAE@ABV01@@Z
divergent	??0?$ConcreteModuleTemplate@V?$DefaultModuleTag@$06@FXParticleSystem@@@FXParticleSystem@@QAE@XZ
divergent	??0?$ConcreteModuleTemplate@V?$ModuleTag@$04$E?BOX_EMISSION_VOLUME_MODULE_KEY@FXParticleSystem@@3QBDB$E?BOX_EMISSION_VOLUME_MODULE_NAME@2@3QBDBVBoxEmissionVolumeModule@2@VBoxEmissionVolumeModuleTemplate@2@V?$DefaultParticleModule@$04@2@@FXParticleSystem@@@FXParticleSystem@@QAE@XZ
divergent	??0?$ConcreteModuleTemplate@V?$ModuleTag@$04$E?CYLINDER_EMISSION_VOLUME_MODULE_KEY@FXParticleSystem@@3QBDB$E?CYLINDER_EMISSION_VOLUME_MODULE_NAME@2@3QBDBVCylinderEmissionVolumeModule@2@VCylinderEmissionVolumeModuleTemplate@2@V?$DefaultParticleModule@$04@2@@FXParticleSystem@@@FXParticleSystem@@QAE@XZ
divergent	??0?$ConcreteModuleTemplate@V?$ModuleTag@$04$E?LINE_EMISSION_VOLUME_MODULE_KEY@FXParticleSystem@@3QBDB$E?LINE_EMISSION_VOLUME_MODULE_NAME@2@3QBDBVLineEmissionVolumeModule@2@VLineEmissionVolumeModuleTemplate@2@V?$DefaultParticleModule@$04@2@@FXParticleSystem@@@FXParticleSystem@@QAE@XZ
divergent	??0?$ConcreteModuleTemplate@V?$ModuleTag@$05$E?GPU_DRAW_MODULE_KEY@FXParticleSystem@@3QBDB$E?GPU_DRAW_MODULE_NAME@2@3QBDBVGpuDrawModule@2@VGpuDrawModuleTemplate@2@V?$DefaultParticleModule@$05@2@@FXParticleSystem@@@FXParticleSystem@@QAE@ABV01@@Z
divergent	??0?$ConcreteModuleTemplate@V?$ModuleTag@$05$E?GPU_DRAW_MODULE_KEY@FXParticleSystem@@3QBDB$E?GPU_DRAW_MODULE_NAME@2@3QBDBVGpuDrawModule@2@VGpuDrawModuleTemplate@2@V?$DefaultParticleModule@$05@2@@FXParticleSystem@@@FXParticleSystem@@QAE@XZ
divergent	??0?$ConcreteModuleTemplate@V?$ModuleTag@$05$E?RENDEROBJECT_DRAW_MODULE_KEY@FXParticleSystem@@3QBDB$E?RENDEROBJECT_DRAW_MODULE_NAME@2@3QBDBVRenderObjectDrawModule@2@VRenderObjectDrawModuleTemplate@2@V?$DefaultParticleModule@$05@2@@FXParticleSystem@@@FXParticleSystem@@QAE@ABV01@@Z
divergent	??0?$ConcreteModuleTemplate@V?$ModuleTag@$05$E?RENDEROBJECT_DRAW_MODULE_KEY@FXParticleSystem@@3QBDB$E?RENDEROBJECT_DRAW_MODULE_NAME@2@3QBDBVRenderObjectDrawModule@2@VRenderObjectDrawModuleTemplate@2@V?$DefaultParticleModule@$05@2@@FXParticleSystem@@@FXParticleSystem@@QAE@XZ
divergent	??0?$DLINK_ITERATOR@VObject@@@@QAE@PAVObject@@P81@BEPAV1@XZ@Z
divergent	??0?$DLINK_ITERATOR@VTeam@@@@QAE@PAVTeam@@P81@BEPAV1@XZ@Z
divergent	??0?$DefaultModuleTemplate@$06@FXParticleSystem@@QAE@XZ
divergent	??0?$DynamicVectorClass@M@@QAE@IPBM@Z
divergent	??0?$DynamicVectorClass@PAVHAnimComboDataClass@@@@QAE@IPBQAVHAnimComboDataClass@@@Z
divergent	??0?$DynamicVectorClass@VBfmeHandleCX@@@@QAE@IPBVBfmeHandleCX@@@Z
divergent	??0?$RefCountPtr@VTextureClass@@@@QAE@ABV0@@Z
divergent	??0?$RefCountPtr@VTextureClass@@@@QAE@XZ
divergent	??0?$RefMultiListClass@VRenderObjClass@@@@QAE@XZ
divergent	??0?$ShareBufferClass@I@@QAE@ABV0@@Z
divergent	??0?$ShareBufferClass@I@@QAE@HPBDH@Z
divergent	??0?$ShareBufferClass@PAVVertexMaterialClass@@@@QAE@ABV0@@Z
divergent	??0?$ShareBufferClass@VShaderClass@@@@QAE@ABV0@@Z
divergent	??0?$ShareBufferClass@VVector2@@@@QAE@ABV0@@Z
divergent	??0?$ShareBufferClass@VVector2@@@@QAE@HPBDH@Z
divergent	??0?$SimpleDynVecClass@VVector3@@@@QAE@H@Z
divergent	??0?$SimpleVecClass@VVector3@@@@QAE@H@Z
divergent	??0?$StringBase@D@@AAE@XZ
divergent	??0?$StringBase@D@@QAE@XZ
divergent	??0?$VectorClass@M@@QAE@HPBM@Z
divergent	??0?$VectorClass@PAVHAnimComboDataClass@@@@QAE@HPBQAVHAnimComboDataClass@@@Z
divergent	??0?$VectorClass@VStringClass@@@@QAE@HPBVStringClass@@@Z
divergent	??0?$VectorClass@VVector3@@@@QAE@HPBVVector3@@@Z
divergent	??0?$_Base_bitset@$00@_STL@@QAE@XZ
divergent	??0?$_Base_bitset@$01@_STL@@QAE@XZ
divergent	??0?$_Base_bitset@$03@_STL@@QAE@XZ
divergent	??0?$_Bit_iter@U_Bit_reference@_STL@@PAU12@@_STL@@QAE@PAII@Z
divergent	??0?$_Bit_iter@_NPB_N@_STL@@QAE@PAII@Z
divergent	??0?$_Deque_base@PAXV?$allocator@PAX@_STL@@@_STL@@QAE@ABV?$allocator@PAX@1@I@Z
divergent	??0?$_Deque_base@UBfmeE8@@V?$allocator@UBfmeE8@@@_STL@@@_STL@@QAE@ABV?$allocator@UBfmeE8@@@1@I@Z
divergent	??0?$_Deque_iterator@UBfmeE8@@U?$_Const_traits@UBfmeE8@@@_STL@@@_STL@@QAE@ABU?$_Deque_iterator@UBfmeE8@@U?$_Nonconst_traits@UBfmeE8@@@_STL@@@1@@Z
divergent	??0?$_Deque_iterator@UBfmeE8@@U?$_Nonconst_traits@UBfmeE8@@@_STL@@@_STL@@QAE@ABU01@@Z
divergent	??0?$_Deque_iterator@UBfmeE8@@U?$_Nonconst_traits@UBfmeE8@@@_STL@@@_STL@@QAE@PAUBfmeE8@@PAPAU2@@Z
divergent	??0?$_Deque_iterator@UPodPayload20@@U?$_Nonconst_traits@UPodPayload20@@@_STL@@@_STL@@QAE@ABU01@@Z
divergent	??0?$_Hashtable_iterator@U?$pair@$$CBHW4Relationship@@@_STL@@HU?$hash@H@2@U?$_Select1st@U?$pair@$$CBHW4Relationship@@@_STL@@@2@U?$equal_to@H@2@V?$allocator@U?$pair@$$CBHW4Relationship@@@_STL@@@2@@_STL@@QAE@PAU?$_Hashtable_node@U?$pair@$$CBHW4Relationship@@@_STL@@@1@PAV?$hashtable@U?$pair@$$CBHW4Relationship@@@_STL@@HU?$hash@H@2@U?$_Select1st@U?$pair@$$CBHW4Relationship@@@_STL@@@2@U?$equal_to@H@2@V?$allocator@U?$pair@$$CBHW4Relationship@@@_STL@@@2@@1@@Z
divergent	??0?$_Hashtable_iterator@U?$pair@$$CBIW4Relationship@@@_STL@@IU?$hash@I@2@U?$_Select1st@U?$pair@$$CBIW4Relationship@@@_STL@@@2@U?$equal_to@I@2@V?$allocator@U?$pair@$$CBIW4Relationship@@@_STL@@@2@@_STL@@QAE@PAU?$_Hashtable_node@U?$pair@$$CBIW4Relationship@@@_STL@@@1@PAV?$hashtable@U?$pair@$$CBIW4Relationship@@@_STL@@IU?$hash@I@2@U?$_Select1st@U?$pair@$$CBIW4Relationship@@@_STL@@@2@U?$equal_to@I@2@V?$allocator@U?$pair@$$CBIW4Relationship@@@_STL@@@2@@1@@Z
divergent	??0?$_Hashtable_iterator@U?$pair@$$CBW4NameKeyType@@VDamageFX@@@_STL@@W4NameKeyType@@U?$hash@W4NameKeyType@@@rts@@U?$_Select1st@U?$pair@$$CBW4NameKeyType@@VDamageFX@@@_STL@@@2@U?$equal_to@W4NameKeyType@@@5@V?$allocator@U?$pair@$$CBW4NameKeyType@@VDamageFX@@@_STL@@@2@@_STL@@QAE@PAU?$_Hashtable_node@U?$pair@$$CBW4NameKeyType@@VDamageFX@@@_STL@@@1@PAV?$hashtable@U?$pair@$$CBW4NameKeyType@@VDamageFX@@@_STL@@W4NameKeyType@@U?$hash@W4NameKeyType@@@rts@@U?$_Select1st@U?$pair@$$CBW4NameKeyType@@VDamageFX@@@_STL@@@2@U?$equal_to@W4NameKeyType@@@5@V?$allocator@U?$pair@$$CBW4NameKeyType@@VDamageFX@@@_STL@@@2@@1@@Z
divergent	??0?$_Hashtable_iterator@U?$pair@$$CBW4NameKeyType@@VFXList@@@_STL@@W4NameKeyType@@U?$hash@W4NameKeyType@@@rts@@U?$_Select1st@U?$pair@$$CBW4NameKeyType@@VFXList@@@_STL@@@2@U?$equal_to@W4NameKeyType@@@5@V?$allocator@U?$pair@$$CBW4NameKeyType@@VFXList@@@_STL@@@2@@_STL@@QAE@PAU?$_Hashtable_node@U?$pair@$$CBW4NameKeyType@@VFXList@@@_STL@@@1@PAV?$hashtable@U?$pair@$$CBW4NameKeyType@@VFXList@@@_STL@@W4NameKeyType@@U?$hash@W4NameKeyType@@@rts@@U?$_Select1st@U?$pair@$$CBW4NameKeyType@@VFXList@@@_STL@@@2@U?$equal_to@W4NameKeyType@@@5@V?$allocator@U?$pair@$$CBW4NameKeyType@@VFXList@@@_STL@@@2@@1@@Z
divergent	??0?$_Ht_iterator@U?$pair@$$CBHW4Relationship@@@_STL@@U?$_Nonconst_traits@U?$pair@$$CBHW4Relationship@@@_STL@@@2@HU?$hash@H@2@U?$_Select1st@U?$pair@$$CBHW4Relationship@@@_STL@@@2@U?$equal_to@H@2@V?$allocator@U?$pair@$$CBHW4Relationship@@@_STL@@@2@@_STL@@QAE@PBU?$_Hashtable_node@U?$pair@$$CBHW4Relationship@@@_STL@@@1@PBV?$hashtable@U?$pair@$$CBHW4Relationship@@@_STL@@HU?$hash@H@2@U?$_Select1st@U?$pair@$$CBHW4Relationship@@@_STL@@@2@U?$equal_to@H@2@V?$allocator@U?$pair@$$CBHW4Relationship@@@_STL@@@2@@1@@Z
divergent	??0?$_Ht_iterator@U?$pair@$$CBIW4Relationship@@@_STL@@U?$_Nonconst_traits@U?$pair@$$CBIW4Relationship@@@_STL@@@2@IU?$hash@I@2@U?$_Select1st@U?$pair@$$CBIW4Relationship@@@_STL@@@2@U?$equal_to@I@2@V?$allocator@U?$pair@$$CBIW4Relationship@@@_STL@@@2@@_STL@@QAE@PBU?$_Hashtable_node@U?$pair@$$CBIW4Relationship@@@_STL@@@1@PBV?$hashtable@U?$pair@$$CBIW4Relationship@@@_STL@@IU?$hash@I@2@U?$_Select1st@U?$pair@$$CBIW4Relationship@@@_STL@@@2@U?$equal_to@I@2@V?$allocator@U?$pair@$$CBIW4Relationship@@@_STL@@@2@@1@@Z
divergent	??0?$_Ht_iterator@U?$pair@$$CBW4NameKeyType@@VDamageFX@@@_STL@@U?$_Const_traits@U?$pair@$$CBW4NameKeyType@@VDamageFX@@@_STL@@@2@W4NameKeyType@@U?$hash@W4NameKeyType@@@rts@@U?$_Select1st@U?$pair@$$CBW4NameKeyType@@VDamageFX@@@_STL@@@2@U?$equal_to@W4NameKeyType@@@6@V?$allocator@U?$pair@$$CBW4NameKeyType@@VDamageFX@@@_STL@@@2@@_STL@@QAE@PBU?$_Hashtable_node@U?$pair@$$CBW4NameKeyType@@VDamageFX@@@_STL@@@1@PBV?$hashtable@U?$pair@$$CBW4NameKeyType@@VDamageFX@@@_STL@@W4NameKeyType@@U?$hash@W4NameKeyType@@@rts@@U?$_Select1st@U?$pair@$$CBW4NameKeyType@@VDamageFX@@@_STL@@@2@U?$equal_to@W4NameKeyType@@@5@V?$allocator@U?$pair@$$CBW4NameKeyType@@VDamageFX@@@_STL@@@2@@1@@Z
divergent	??0?$_Ht_iterator@U?$pair@$$CBW4NameKeyType@@VDamageFX@@@_STL@@U?$_Nonconst_traits@U?$pair@$$CBW4NameKeyType@@VDamageFX@@@_STL@@@2@W4NameKeyType@@U?$hash@W4NameKeyType@@@rts@@U?$_Select1st@U?$pair@$$CBW4NameKeyType@@VDamageFX@@@_STL@@@2@U?$equal_to@W4NameKeyType@@@6@V?$allocator@U?$pair@$$CBW4NameKeyType@@VDamageFX@@@_STL@@@2@@_STL@@QAE@PBU?$_Hashtable_node@U?$pair@$$CBW4NameKeyType@@VDamageFX@@@_STL@@@1@PBV?$hashtable@U?$pair@$$CBW4NameKeyType@@VDamageFX@@@_STL@@W4NameKeyType@@U?$hash@W4NameKeyType@@@rts@@U?$_Select1st@U?$pair@$$CBW4NameKeyType@@VDamageFX@@@_STL@@@2@U?$equal_to@W4NameKeyType@@@5@V?$allocator@U?$pair@$$CBW4NameKeyType@@VDamageFX@@@_STL@@@2@@1@@Z
divergent	??0?$_Ht_iterator@U?$pair@$$CBW4NameKeyType@@VFXList@@@_STL@@U?$_Nonconst_traits@U?$pair@$$CBW4NameKeyType@@VFXList@@@_STL@@@2@W4NameKeyType@@U?$hash@W4NameKeyType@@@rts@@U?$_Select1st@U?$pair@$$CBW4NameKeyType@@VFXList@@@_STL@@@2@U?$equal_to@W4NameKeyType@@@6@V?$allocator@U?$pair@$$CBW4NameKeyType@@VFXList@@@_STL@@@2@@_STL@@QAE@PBU?$_Hashtable_node@U?$pair@$$CBW4NameKeyType@@VFXList@@@_STL@@@1@PBV?$hashtable@U?$pair@$$CBW4NameKeyType@@VFXList@@@_STL@@W4NameKeyType@@U?$hash@W4NameKeyType@@@rts@@U?$_Select1st@U?$pair@$$CBW4NameKeyType@@VFXList@@@_STL@@@2@U?$equal_to@W4NameKeyType@@@5@V?$allocator@U?$pair@$$CBW4NameKeyType@@VFXList@@@_STL@@@2@@1@@Z
divergent	??0?$_List_base@PAVDrawable@@V?$allocator@PAVDrawable@@@_STL@@@_STL@@QAE@ABV?$allocator@PAVDrawable@@@1@@Z
divergent	??0?$_List_base@PAVFXNugget@@V?$allocator@PAVFXNugget@@@_STL@@@_STL@@QAE@ABV?$allocator@PAVFXNugget@@@1@@Z
divergent	??0?$_List_base@PAVObject@@V?$allocator@PAVObject@@@_STL@@@_STL@@QAE@ABV?$allocator@PAVObject@@@1@@Z
divergent	??0?$_List_base@UcrateCreationEntry@@V?$allocator@UcrateCreationEntry@@@_STL@@@_STL@@QAE@ABV?$allocator@UcrateCreationEntry@@@1@@Z
divergent	??0?$_List_base@V?$basic_string@DV?$char_traits@D@_STL@@V?$allocator@D@2@@_STL@@V?$allocator@V?$basic_string@DV?$char_traits@D@_STL@@V?$allocator@D@2@@_STL@@@2@@_STL@@QAE@ABV?$allocator@V?$basic_string@DV?$char_traits@D@_STL@@V?$allocator@D@2@@_STL@@@1@@Z
divergent	??0?$_List_base@VAsciiString@@V?$allocator@VAsciiString@@@_STL@@@_STL@@QAE@ABV?$allocator@VAsciiString@@@1@@Z
divergent	??0?$_List_base@VQueuedDownload@@V?$allocator@VQueuedDownload@@@_STL@@@_STL@@QAE@ABV?$allocator@VQueuedDownload@@@1@@Z
divergent	??0?$_List_base@VUnicodeString@@V?$allocator@VUnicodeString@@@_STL@@@_STL@@QAE@ABV?$allocator@VUnicodeString@@@1@@Z
divergent	??0?$_List_base@W4ObjectID@@V?$allocator@W4ObjectID@@@_STL@@@_STL@@QAE@ABV?$allocator@W4ObjectID@@@1@@Z
divergent	??0?$_List_iterator@HU?$_Nonconst_traits@H@_STL@@@_STL@@QAE@ABU01@@Z
divergent	??0?$_List_iterator@HU?$_Nonconst_traits@H@_STL@@@_STL@@QAE@PAU?$_List_node@H@1@@Z
divergent	??0?$_List_iterator@PAVDrawable@@U?$_Const_traits@PAVDrawable@@@_STL@@@_STL@@QAE@ABU?$_List_iterator@PAVDrawable@@U?$_Nonconst_traits@PAVDrawable@@@_STL@@@1@@Z
divergent	??0?$_List_iterator@PAVFXNugget@@U?$_Nonconst_traits@PAVFXNugget@@@_STL@@@_STL@@QAE@ABU01@@Z
divergent	??0?$_List_iterator@PAVObject@@U?$_Const_traits@PAVObject@@@_STL@@@_STL@@QAE@ABU?$_List_iterator@PAVObject@@U?$_Nonconst_traits@PAVObject@@@_STL@@@1@@Z
divergent	??0?$_List_iterator@PAVObject@@U?$_Nonconst_traits@PAVObject@@@_STL@@@_STL@@QAE@ABU01@@Z
divergent	??0?$_List_iterator@PAVTeamPrototype@@U?$_Nonconst_traits@PAVTeamPrototype@@@_STL@@@_STL@@QAE@ABU01@@Z
divergent	??0?$_List_iterator@PAXU?$_Const_traits@PAX@_STL@@@_STL@@QAE@PAU?$_List_node@PAX@1@@Z
divergent	??0?$_List_iterator@PAXU?$_Nonconst_traits@PAX@_STL@@@_STL@@QAE@PAU?$_List_node@PAX@1@@Z
divergent	??0?$_List_iterator@UCoord3D@@U?$_Nonconst_traits@UCoord3D@@@_STL@@@_STL@@QAE@ABU01@@Z
divergent	??0?$_List_iterator@V?$basic_string@DV?$char_traits@D@_STL@@V?$allocator@D@2@@_STL@@U?$_Nonconst_traits@V?$basic_string@DV?$char_traits@D@_STL@@V?$allocator@D@2@@_STL@@@2@@_STL@@QAE@ABU01@@Z
divergent	??0?$_Rb_tree@HHU?$_Identity@H@_STL@@U?$less@H@2@V?$allocator@H@2@@_STL@@QAE@ABU?$less@H@1@ABV?$allocator@H@1@@Z
divergent	??0?$_Rb_tree@HU?$pair@$$CBHH@_STL@@U?$_Select1st@U?$pair@$$CBHH@_STL@@@2@U?$less@H@2@V?$allocator@U?$pair@$$CBHH@_STL@@@2@@_STL@@QAE@ABU?$less@H@1@ABV?$allocator@U?$pair@$$CBHH@_STL@@@1@@Z
divergent	??0?$_Rb_tree@HU?$pair@$$CBHH@_STL@@U?$_Select1st@U?$pair@$$CBHH@_STL@@@2@U?$less@H@2@V?$allocator@U?$pair@$$CBHH@_STL@@@2@@_STL@@QAE@ABV01@@Z
divergent	??0?$_Rb_tree@VAsciiString@@U?$pair@$$CBVAsciiString@@UCoord3D@@@_STL@@U?$_Select1st@U?$pair@$$CBVAsciiString@@UCoord3D@@@_STL@@@3@U?$less@VAsciiString@@@3@V?$allocator@U?$pair@$$CBVAsciiString@@UCoord3D@@@_STL@@@3@@_STL@@QAE@ABV01@@Z
divergent	??0?$_Rb_tree@VAsciiString@@U?$pair@$$CBVAsciiString@@VDetailedArchivedDirectoryInfo@@@_STL@@U?$_Select1st@U?$pair@$$CBVAsciiString@@VDetailedArchivedDirectoryInfo@@@_STL@@@3@U?$less@VAsciiString@@@3@V?$allocator@U?$pair@$$CBVAsciiString@@VDetailedArchivedDirectoryInfo@@@_STL@@@3@@_STL@@QAE@ABU?$less@VAsciiString@@@1@ABV?$allocator@U?$pair@$$CBVAsciiString@@VDetailedArchivedDirectoryInfo@@@_STL@@@1@@Z
divergent	??0?$_Rb_tree@W4LocomotorSetType@@U?$pair@$$CBW4LocomotorSetType@@V?$vector@PBVLocomotorTemplate@@V?$allocator@PBVLocomotorTemplate@@@_STL@@@_STL@@@_STL@@U?$_Select1st@U?$pair@$$CBW4LocomotorSetType@@V?$vector@PBVLocomotorTemplate@@V?$allocator@PBVLocomotorTemplate@@@_STL@@@_STL@@@_STL@@@3@U?$less@W4LocomotorSetType@@@3@V?$allocator@U?$pair@$$CBW4LocomotorSetType@@V?$vector@PBVLocomotorTemplate@@V?$allocator@PBVLocomotorTemplate@@@_STL@@@_STL@@@_STL@@@3@@_STL@@QAE@ABU?$less@W4LocomotorSetType@@@1@ABV?$allocator@U?$pair@$$CBW4LocomotorSetType@@V?$vector@PBVLocomotorTemplate@@V?$allocator@PBVLocomotorTemplate@@@_STL@@@_STL@@@_STL@@@1@@Z
divergent	??0?$_Rb_tree@W4NameKeyType@@U?$pair@$$CBW4NameKeyType@@UPristineBoneInfo@@@_STL@@U?$_Select1st@U?$pair@$$CBW4NameKeyType@@UPristineBoneInfo@@@_STL@@@3@U?$less@W4NameKeyType@@@3@V?$allocator@U?$pair@$$CBW4NameKeyType@@UPristineBoneInfo@@@_STL@@@3@@_STL@@QAE@ABU?$less@W4NameKeyType@@@1@ABV?$allocator@U?$pair@$$CBW4NameKeyType@@UPristineBoneInfo@@@_STL@@@1@@Z
divergent	??0?$_Rb_tree@W4NameKeyType@@U?$pair@$$CBW4NameKeyType@@UPristineBoneInfo@@@_STL@@U?$_Select1st@U?$pair@$$CBW4NameKeyType@@UPristineBoneInfo@@@_STL@@@3@U?$less@W4NameKeyType@@@3@V?$allocator@U?$pair@$$CBW4NameKeyType@@UPristineBoneInfo@@@_STL@@@3@@_STL@@QAE@ABV01@@Z
divergent	??0?$_Rb_tree@W4NameKeyType@@U?$pair@$$CBW4NameKeyType@@VModuleTemplate@ModuleFactory@@@_STL@@U?$_Select1st@U?$pair@$$CBW4NameKeyType@@VModuleTemplate@ModuleFactory@@@_STL@@@3@U?$less@W4NameKeyType@@@3@V?$allocator@U?$pair@$$CBW4NameKeyType@@VModuleTemplate@ModuleFactory@@@_STL@@@3@@_STL@@QAE@ABV01@@Z
divergent	??0?$_Rb_tree_base@HV?$allocator@H@_STL@@@_STL@@QAE@ABV?$allocator@H@1@@Z
divergent	??0?$_Rb_tree_base@U?$pair@$$CBGH@_STL@@V?$allocator@U?$pair@$$CBGH@_STL@@@2@@_STL@@QAE@ABV?$allocator@U?$pair@$$CBGH@_STL@@@1@@Z
divergent	??0?$_Rb_tree_base@U?$pair@$$CBHH@_STL@@V?$allocator@U?$pair@$$CBHH@_STL@@@2@@_STL@@QAE@ABV?$allocator@U?$pair@$$CBHH@_STL@@@1@@Z
divergent	??0?$_Rb_tree_base@U?$pair@$$CBHUBfmePod24@@@_STL@@V?$allocator@U?$pair@$$CBHUBfmePod24@@@_STL@@@2@@_STL@@QAE@ABV?$allocator@U?$pair@$$CBHUBfmePod24@@@_STL@@@1@@Z
divergent	??0?$_Rb_tree_base@U?$pair@$$CBHUBfmePod52@@@_STL@@V?$allocator@U?$pair@$$CBHUBfmePod52@@@_STL@@@2@@_STL@@QAE@ABV?$allocator@U?$pair@$$CBHUBfmePod52@@@_STL@@@1@@Z
divergent	??0?$_Rb_tree_base@U?$pair@$$CBHUBfmePod8@@@_STL@@V?$allocator@U?$pair@$$CBHUBfmePod8@@@_STL@@@2@@_STL@@QAE@ABV?$allocator@U?$pair@$$CBHUBfmePod8@@@_STL@@@1@@Z
divergent	??0?$_Rb_tree_base@U?$pair@$$CBHVAsciiString@@@_STL@@V?$allocator@U?$pair@$$CBHVAsciiString@@@_STL@@@2@@_STL@@QAE@ABV?$allocator@U?$pair@$$CBHVAsciiString@@@_STL@@@1@@Z
divergent	??0?$_Rb_tree_base@U?$pair@$$CBVAsciiString@@UCoord3D@@@_STL@@V?$allocator@U?$pair@$$CBVAsciiString@@UCoord3D@@@_STL@@@2@@_STL@@QAE@ABV?$allocator@U?$pair@$$CBVAsciiString@@UCoord3D@@@_STL@@@1@@Z
divergent	??0?$_Rb_tree_base@U?$pair@$$CBVAsciiString@@UTreeHintPayload001F8ACB@@@_STL@@V?$allocator@U?$pair@$$CBVAsciiString@@UTreeHintPayload001F8ACB@@@_STL@@@2@@_STL@@QAE@ABV?$allocator@U?$pair@$$CBVAsciiString@@UTreeHintPayload001F8ACB@@@_STL@@@1@@Z
divergent	??0?$_Rb_tree_base@U?$pair@$$CBVAsciiString@@V1@@_STL@@V?$allocator@U?$pair@$$CBVAsciiString@@V1@@_STL@@@2@@_STL@@QAE@ABV?$allocator@U?$pair@$$CBVAsciiString@@V1@@_STL@@@1@@Z
divergent	??0?$_Rb_tree_base@U?$pair@$$CBVAsciiString@@VDetailedArchivedDirectoryInfo@@@_STL@@V?$allocator@U?$pair@$$CBVAsciiString@@VDetailedArchivedDirectoryInfo@@@_STL@@@2@@_STL@@QAE@ABV?$allocator@U?$pair@$$CBVAsciiString@@VDetailedArchivedDirectoryInfo@@@_STL@@@1@@Z
divergent	??0?$_Rb_tree_base@U?$pair@$$CBW4LocomotorSetType@@V?$vector@PBVLocomotorTemplate@@V?$allocator@PBVLocomotorTemplate@@@_STL@@@_STL@@@_STL@@V?$allocator@U?$pair@$$CBW4LocomotorSetType@@V?$vector@PBVLocomotorTemplate@@V?$allocator@PBVLocomotorTemplate@@@_STL@@@_STL@@@_STL@@@2@@_STL@@QAE@ABV?$allocator@U?$pair@$$CBW4LocomotorSetType@@V?$vector@PBVLocomotorTemplate@@V?$allocator@PBVLocomotorTemplate@@@_STL@@@_STL@@@_STL@@@1@@Z
divergent	??0?$_Rb_tree_base@U?$pair@$$CBW4NameKeyType@@UPristineBoneInfo@@@_STL@@V?$allocator@U?$pair@$$CBW4NameKeyType@@UPristineBoneInfo@@@_STL@@@2@@_STL@@QAE@ABV?$allocator@U?$pair@$$CBW4NameKeyType@@UPristineBoneInfo@@@_STL@@@1@@Z
divergent	??0?$_Rb_tree_base@U?$pair@$$CBW4ScienceType@@_N@_STL@@V?$allocator@U?$pair@$$CBW4ScienceType@@_N@_STL@@@2@@_STL@@QAE@ABV?$allocator@U?$pair@$$CBW4ScienceType@@_N@_STL@@@1@@Z
divergent	??0?$_Rb_tree_base@VAsciiString@@V?$allocator@VAsciiString@@@_STL@@@_STL@@QAE@ABV?$allocator@VAsciiString@@@1@@Z
divergent	??0?$_Rb_tree_iterator@HU?$_Nonconst_traits@H@_STL@@@_STL@@QAE@ABU01@@Z
divergent	??0?$_Rb_tree_iterator@HU?$_Nonconst_traits@H@_STL@@@_STL@@QAE@PAU?$_Rb_tree_node@H@1@@Z
divergent	??0?$_Rb_tree_iterator@PAURva001408C0Target@@U?$_Nonconst_traits@PAURva001408C0Target@@@_STL@@@_STL@@QAE@ABU01@@Z
divergent	??0?$_Rb_tree_iterator@PAURva001408C0Target@@U?$_Nonconst_traits@PAURva001408C0Target@@@_STL@@@_STL@@QAE@PAU?$_Rb_tree_node@PAURva001408C0Target@@@1@@Z
divergent	??0?$_Rb_tree_iterator@U?$pair@$$CBGE@_STL@@U?$_Nonconst_traits@U?$pair@$$CBGE@_STL@@@2@@_STL@@QAE@ABU01@@Z
divergent	??0?$_Rb_tree_iterator@U?$pair@$$CBGH@_STL@@U?$_Nonconst_traits@U?$pair@$$CBGH@_STL@@@2@@_STL@@QAE@ABU01@@Z
divergent	??0?$_Rb_tree_iterator@U?$pair@$$CBHH@_STL@@U?$_Nonconst_traits@U?$pair@$$CBHH@_STL@@@2@@_STL@@QAE@ABU01@@Z
divergent	??0?$_Rb_tree_iterator@U?$pair@$$CBHH@_STL@@U?$_Nonconst_traits@U?$pair@$$CBHH@_STL@@@2@@_STL@@QAE@PAU?$_Rb_tree_node@U?$pair@$$CBHH@_STL@@@1@@Z
divergent	??0?$_Rb_tree_iterator@U?$pair@$$CBHPAX@_STL@@U?$_Nonconst_traits@U?$pair@$$CBHPAX@_STL@@@2@@_STL@@QAE@ABU01@@Z
divergent	??0?$_Rb_tree_iterator@U?$pair@$$CBHPAX@_STL@@U?$_Nonconst_traits@U?$pair@$$CBHPAX@_STL@@@2@@_STL@@QAE@PAU?$_Rb_tree_node@U?$pair@$$CBHPAX@_STL@@@1@@Z
divergent	??0?$_Rb_tree_iterator@U?$pair@$$CBV?$BitFlags@$0HF@@@PBUModelConditionInfo@@@_STL@@U?$_Const_traits@U?$pair@$$CBV?$BitFlags@$0HF@@@PBUModelConditionInfo@@@_STL@@@2@@_STL@@QAE@ABU?$_Rb_tree_iterator@U?$pair@$$CBV?$BitFlags@$0HF@@@PBUModelConditionInfo@@@_STL@@U?$_Nonconst_traits@U?$pair@$$CBV?$BitFlags@$0HF@@@PBUModelConditionInfo@@@_STL@@@2@@1@@Z
divergent	??0?$_Rb_tree_iterator@U?$pair@$$CBV?$BitFlags@$0HF@@@PBUModelConditionInfo@@@_STL@@U?$_Nonconst_traits@U?$pair@$$CBV?$BitFlags@$0HF@@@PBUModelConditionInfo@@@_STL@@@2@@_STL@@QAE@ABU01@@Z
divergent	??0?$_Rb_tree_iterator@U?$pair@$$CBVAsciiString@@UNoCaseTreeValue4@@@_STL@@U?$_Nonconst_traits@U?$pair@$$CBVAsciiString@@UNoCaseTreeValue4@@@_STL@@@2@@_STL@@QAE@ABU01@@Z
divergent	??0?$_Rb_tree_iterator@U?$pair@$$CBVAsciiString@@V1@@_STL@@U?$_Const_traits@U?$pair@$$CBVAsciiString@@V1@@_STL@@@2@@_STL@@QAE@ABU?$_Rb_tree_iterator@U?$pair@$$CBVAsciiString@@V1@@_STL@@U?$_Nonconst_traits@U?$pair@$$CBVAsciiString@@V1@@_STL@@@2@@1@@Z
divergent	??0?$_Rb_tree_iterator@U?$pair@$$CBVAsciiString@@V1@@_STL@@U?$_Nonconst_traits@U?$pair@$$CBVAsciiString@@V1@@_STL@@@2@@_STL@@QAE@ABU01@@Z
divergent	??0?$_Rb_tree_iterator@U?$pair@$$CBVAsciiString@@VMapMetaData@@@_STL@@U?$_Nonconst_traits@U?$pair@$$CBVAsciiString@@VMapMetaData@@@_STL@@@2@@_STL@@QAE@ABU01@@Z
divergent	??0?$_Rb_tree_iterator@U?$pair@$$CBVUnicodeString@@_N@_STL@@U?$_Nonconst_traits@U?$pair@$$CBVUnicodeString@@_N@_STL@@@2@@_STL@@QAE@ABU01@@Z
divergent	??0?$_Rb_tree_iterator@U?$pair@$$CBVUnicodeString@@_N@_STL@@U?$_Nonconst_traits@U?$pair@$$CBVUnicodeString@@_N@_STL@@@2@@_STL@@QAE@PAU?$_Rb_tree_node@U?$pair@$$CBVUnicodeString@@_N@_STL@@@1@@Z
divergent	??0?$_Rb_tree_iterator@U?$pair@$$CBW4NameKeyType@@UPristineBoneInfo@@@_STL@@U?$_Nonconst_traits@U?$pair@$$CBW4NameKeyType@@UPristineBoneInfo@@@_STL@@@2@@_STL@@QAE@ABU01@@Z
divergent	??0?$_Rb_tree_iterator@VAsciiString@@U?$_Const_traits@VAsciiString@@@_STL@@@_STL@@QAE@ABU?$_Rb_tree_iterator@VAsciiString@@U?$_Nonconst_traits@VAsciiString@@@_STL@@@1@@Z
divergent	??0?$_Rb_tree_iterator@VAsciiString@@U?$_Nonconst_traits@VAsciiString@@@_STL@@@_STL@@QAE@ABU01@@Z
divergent	??0?$_Rb_tree_iterator@VAsciiString@@U?$_Nonconst_traits@VAsciiString@@@_STL@@@_STL@@QAE@PAU?$_Rb_tree_node@VAsciiString@@@1@@Z
divergent	??0?$_Rb_tree_iterator@VUnicodeString@@U?$_Nonconst_traits@VUnicodeString@@@_STL@@@_STL@@QAE@ABU01@@Z
divergent	??0?$_STLP_alloc_proxy@IU?$_Hashtable_node@U?$pair@$$CBW4NameKeyType@@VDamageFX@@@_STL@@@_STL@@V?$allocator@U?$_Hashtable_node@U?$pair@$$CBW4NameKeyType@@VDamageFX@@@_STL@@@_STL@@@2@@_STL@@QAE@ABV01@@Z
divergent	??0?$_STLP_alloc_proxy@IUBfmeE8@@V?$allocator@UBfmeE8@@@_STL@@@_STL@@QAE@ABV01@@Z
divergent	??0?$_STLP_alloc_proxy@PADDV?$allocator@D@_STL@@@_STL@@QAE@ABV01@@Z
divergent	??0?$_STLP_alloc_proxy@PAGGV?$allocator@G@_STL@@@_STL@@QAE@ABV01@@Z
divergent	??0?$_STLP_alloc_proxy@PAHHV?$allocator@H@_STL@@@_STL@@QAE@ABV01@@Z
divergent	??0?$_STLP_alloc_proxy@PAHHV?$allocator@H@_STL@@@_STL@@QAE@ABV?$allocator@H@1@PAH@Z
divergent	??0?$_STLP_alloc_proxy@PAIIV?$allocator@I@_STL@@@_STL@@QAE@ABV01@@Z
divergent	??0?$_STLP_alloc_proxy@PAPAUBfmeE8@@PAU1@V?$allocator@PAUBfmeE8@@@_STL@@@_STL@@QAE@ABV01@@Z
divergent	??0?$_STLP_alloc_proxy@PAPAVObjectCreationNugget@@PAV1@V?$allocator@PAVObjectCreationNugget@@@_STL@@@_STL@@QAE@ABV?$allocator@PAVObjectCreationNugget@@@1@PAPAVObjectCreationNugget@@@Z
divergent	??0?$_STLP_alloc_proxy@PAPAXPAXV?$allocator@PAX@_STL@@@_STL@@QAE@ABV01@@Z
divergent	??0?$_STLP_alloc_proxy@PAU?$_List_node@H@_STL@@U12@V?$allocator@U?$_List_node@H@_STL@@@2@@_STL@@QAE@ABV01@@Z
divergent	??0?$_STLP_alloc_proxy@PAU?$_List_node@V?$basic_string@DV?$char_traits@D@_STL@@V?$allocator@D@2@@_STL@@@_STL@@U12@V?$allocator@U?$_List_node@V?$basic_string@DV?$char_traits@D@_STL@@V?$allocator@D@2@@_STL@@@_STL@@@2@@_STL@@QAE@ABV01@@Z
divergent	??0?$_STLP_alloc_proxy@PAU?$_List_node@VAsciiString@@@_STL@@U12@V?$allocator@U?$_List_node@VAsciiString@@@_STL@@@2@@_STL@@QAE@ABV?$allocator@U?$_List_node@VAsciiString@@@_STL@@@1@PAU?$_List_node@VAsciiString@@@1@@Z
divergent	??0?$_STLP_alloc_proxy@PAU?$_Rb_tree_node@U?$pair@$$CBHH@_STL@@@_STL@@U12@V?$allocator@U?$_Rb_tree_node@U?$pair@$$CBHH@_STL@@@_STL@@@2@@_STL@@QAE@ABV01@@Z
divergent	??0?$_STLP_alloc_proxy@PAUBfmePod36@@U1@V?$allocator@UBfmePod36@@@_STL@@@_STL@@QAE@ABV01@@Z
divergent	??0?$_STLP_alloc_proxy@PAVAsciiString@@V1@V?$allocator@VAsciiString@@@_STL@@@_STL@@QAE@ABV?$allocator@VAsciiString@@@1@PAVAsciiString@@@Z
divergent	??0?$_String_base@GV?$allocator@G@_STL@@@_STL@@QAE@ABV?$allocator@G@1@@Z
divergent	??0?$_Vector_base@HV?$allocator@H@_STL@@@_STL@@QAE@ABV?$allocator@H@1@@Z
divergent	??0?$_Vector_base@HV?$allocator@H@_STL@@@_STL@@QAE@IABV?$allocator@H@1@@Z
divergent	??0?$_Vector_base@IV?$allocator@I@_STL@@@_STL@@QAE@IABV?$allocator@I@1@@Z
divergent	??0?$_Vector_base@PAVObject@@V?$allocator@PAVObject@@@_STL@@@_STL@@QAE@ABV?$allocator@PAVObject@@@1@@Z
divergent	??0?$_Vector_base@PAVObjectCreationNugget@@V?$allocator@PAVObjectCreationNugget@@@_STL@@@_STL@@QAE@ABV?$allocator@PAVObjectCreationNugget@@@1@@Z
divergent	??0?$_Vector_base@PAXV?$allocator@PAX@_STL@@@_STL@@QAE@ABV?$allocator@PAX@1@@Z
divergent	??0?$_Vector_base@PAXV?$allocator@PAX@_STL@@@_STL@@QAE@IABV?$allocator@PAX@1@@Z
divergent	??0?$_Vector_base@UAngleFXInfo@@V?$allocator@UAngleFXInfo@@@_STL@@@_STL@@QAE@ABV?$allocator@UAngleFXInfo@@@1@@Z
divergent	??0?$_Vector_base@UBfmeE12@@V?$allocator@UBfmeE12@@@_STL@@@_STL@@QAE@IABV?$allocator@UBfmeE12@@@1@@Z
divergent	??0?$_Vector_base@UBfmeE8@@V?$allocator@UBfmeE8@@@_STL@@@_STL@@QAE@IABV?$allocator@UBfmeE8@@@1@@Z
divergent	??0?$_Vector_base@UBfmePod20@@V?$allocator@UBfmePod20@@@_STL@@@_STL@@QAE@IABV?$allocator@UBfmePod20@@@1@@Z
divergent	??0?$_Vector_base@UBfmePod24@@V?$allocator@UBfmePod24@@@_STL@@@_STL@@QAE@IABV?$allocator@UBfmePod24@@@1@@Z
divergent	??0?$_Vector_base@UBfmePod36@@V?$allocator@UBfmePod36@@@_STL@@@_STL@@QAE@ABV?$allocator@UBfmePod36@@@1@@Z
divergent	??0?$_Vector_base@UBfmePod36@@V?$allocator@UBfmePod36@@@_STL@@@_STL@@QAE@IABV?$allocator@UBfmePod36@@@1@@Z
divergent	??0?$_Vector_base@UBfmePod40@@V?$allocator@UBfmePod40@@@_STL@@@_STL@@QAE@IABV?$allocator@UBfmePod40@@@1@@Z
divergent	??0?$_Vector_base@UBfmePod48@@V?$allocator@UBfmePod48@@@_STL@@@_STL@@QAE@IABV?$allocator@UBfmePod48@@@1@@Z
divergent	??0?$_Vector_base@UBfmePod68@@V?$allocator@UBfmePod68@@@_STL@@@_STL@@QAE@IABV?$allocator@UBfmePod68@@@1@@Z
divergent	??0?$_Vector_base@UBfmeRecord0040B61A@@V?$allocator@UBfmeRecord0040B61A@@@_STL@@@_STL@@QAE@IABV?$allocator@UBfmeRecord0040B61A@@@1@@Z
divergent	??0?$_Vector_base@UBfmeStringRecord000B9534@@V?$allocator@UBfmeStringRecord000B9534@@@_STL@@@_STL@@QAE@IABV?$allocator@UBfmeStringRecord000B9534@@@1@@Z
divergent	??0?$_Vector_base@UCoord3D@@V?$allocator@UCoord3D@@@_STL@@@_STL@@QAE@ABV?$allocator@UCoord3D@@@1@@Z
divergent	??0?$_Vector_base@UCoord3D@@V?$allocator@UCoord3D@@@_STL@@@_STL@@QAE@IABV?$allocator@UCoord3D@@@1@@Z
divergent	??0?$_Vector_base@UGeometryShape@@V?$allocator@UGeometryShape@@@_STL@@@_STL@@QAE@IABV?$allocator@UGeometryShape@@@1@@Z
divergent	??0?$_Vector_base@UICoord2D@@V?$allocator@UICoord2D@@@_STL@@@_STL@@QAE@ABV?$allocator@UICoord2D@@@1@@Z
divergent	??0?$_Vector_base@UPrereqUnitRec@ProductionPrerequisite@@V?$allocator@UPrereqUnitRec@ProductionPrerequisite@@@_STL@@@_STL@@QAE@IABV?$allocator@UPrereqUnitRec@ProductionPrerequisite@@@1@@Z
divergent	??0?$_Vector_base@URva0007BB16Record@@V?$allocator@URva0007BB16Record@@@_STL@@@_STL@@QAE@IABV?$allocator@URva0007BB16Record@@@1@@Z
divergent	??0?$_Vector_base@URva00423A4A@@V?$allocator@URva00423A4A@@@_STL@@@_STL@@QAE@IABV?$allocator@URva00423A4A@@@1@@Z
divergent	??0?$_Vector_base@URva00540295Element@@V?$allocator@URva00540295Element@@@_STL@@@_STL@@QAE@IABV?$allocator@URva00540295Element@@@1@@Z
divergent	??0?$_Vector_base@V?$vector@UBfmeE8@@V?$allocator@UBfmeE8@@@_STL@@@_STL@@V?$allocator@V?$vector@UBfmeE8@@V?$allocator@UBfmeE8@@@_STL@@@_STL@@@2@@_STL@@QAE@IABV?$allocator@V?$vector@UBfmeE8@@V?$allocator@UBfmeE8@@@_STL@@@_STL@@@1@@Z
divergent	??0?$_Vector_base@VAsciiString@@V?$allocator@VAsciiString@@@_STL@@@_STL@@QAE@ABV?$allocator@VAsciiString@@@1@@Z
divergent	??0?$_Vector_base@VAsciiString@@V?$allocator@VAsciiString@@@_STL@@@_STL@@QAE@IABV?$allocator@VAsciiString@@@1@@Z
divergent	??0?$_Vector_base@VBfmeStringTailRecord156@@V?$allocator@VBfmeStringTailRecord156@@@_STL@@@_STL@@QAE@IABV?$allocator@VBfmeStringTailRecord156@@@1@@Z
divergent	??0?$_Vector_base@VRva0054103E@@V?$allocator@VRva0054103E@@@_STL@@@_STL@@QAE@IABV?$allocator@VRva0054103E@@@1@@Z
divergent	??0?$_Vector_base@W4ObjectID@@V?$allocator@W4ObjectID@@@_STL@@@_STL@@QAE@ABV?$allocator@W4ObjectID@@@1@@Z
divergent	??0?$_Vector_base@W4ObjectID@@V?$allocator@W4ObjectID@@@_STL@@@_STL@@QAE@IABV?$allocator@W4ObjectID@@@1@@Z
divergent	??0?$_Vector_base@W4ScienceType@@V?$allocator@W4ScienceType@@@_STL@@@_STL@@QAE@ABV?$allocator@W4ScienceType@@@1@@Z
divergent	??0?$basic_filebuf@DV?$char_traits@D@_STL@@@_STL@@QAE@XZ
divergent	??0?$basic_filebuf@GV?$char_traits@G@_STL@@@_STL@@QAE@XZ
divergent	??0?$basic_fstream@DV?$char_traits@D@_STL@@@_STL@@QAE@PBDH@Z
divergent	??0?$basic_fstream@GV?$char_traits@G@_STL@@@_STL@@QAE@PBDH@Z
divergent	??0?$basic_ifstream@DV?$char_traits@D@_STL@@@_STL@@QAE@HH@Z
divergent	??0?$basic_ifstream@DV?$char_traits@D@_STL@@@_STL@@QAE@PBDH@Z
divergent	??0?$basic_ifstream@DV?$char_traits@D@_STL@@@_STL@@QAE@PBDHJ@Z
divergent	??0?$basic_ifstream@DV?$char_traits@D@_STL@@@_STL@@QAE@XZ
divergent	??0?$basic_ifstream@GV?$char_traits@G@_STL@@@_STL@@QAE@PBDH@Z
divergent	??0?$basic_ofstream@DV?$char_traits@D@_STL@@@_STL@@QAE@HH@Z
divergent	??0?$basic_ofstream@DV?$char_traits@D@_STL@@@_STL@@QAE@PBDH@Z
divergent	??0?$basic_ofstream@DV?$char_traits@D@_STL@@@_STL@@QAE@PBDHJ@Z
divergent	??0?$basic_ofstream@DV?$char_traits@D@_STL@@@_STL@@QAE@XZ
divergent	??0?$basic_ofstream@GV?$char_traits@G@_STL@@@_STL@@QAE@PBDH@Z
divergent	??0?$basic_ostream@DV?$char_traits@D@_STL@@@_STL@@QAE@PAV?$basic_streambuf@DV?$char_traits@D@_STL@@@1@@Z
divergent	??0?$basic_ostringstream@DV?$char_traits@D@_STL@@V?$allocator@D@2@@_STL@@QAE@ABV?$basic_string@DV?$char_traits@D@_STL@@V?$allocator@D@2@@1@H@Z
divergent	??0?$basic_ostringstream@DV?$char_traits@D@_STL@@V?$allocator@D@2@@_STL@@QAE@H@Z
divergent	??0?$basic_streambuf@DV?$char_traits@D@_STL@@@_STL@@IAE@XZ
divergent	??0?$basic_streambuf@GV?$char_traits@G@_STL@@@_STL@@IAE@XZ
divergent	??0?$basic_string@DV?$char_traits@D@_STL@@V?$allocator@D@2@@_STL@@QAE@ABV01@@Z
divergent	??0?$basic_string@DV?$char_traits@D@_STL@@V?$allocator@D@2@@_STL@@QAE@ABV01@IIABV?$allocator@D@1@@Z
divergent	??0?$basic_string@DV?$char_traits@D@_STL@@V?$allocator@D@2@@_STL@@QAE@ABV?$allocator@D@1@@Z
divergent	??0?$basic_string@DV?$char_traits@D@_STL@@V?$allocator@D@2@@_STL@@QAE@IDABV?$allocator@D@1@@Z
divergent	??0?$basic_string@DV?$char_traits@D@_STL@@V?$allocator@D@2@@_STL@@QAE@PBDABV?$allocator@D@1@@Z
divergent	??0?$basic_string@DV?$char_traits@D@_STL@@V?$allocator@D@2@@_STL@@QAE@PBDIABV?$allocator@D@1@@Z
divergent	??0?$basic_string@DV?$char_traits@D@_STL@@V?$allocator@D@2@@_STL@@QAE@U_String_reserve_t@1@IABV?$allocator@D@1@@Z
divergent	??0?$basic_string@DV?$char_traits@D@_STL@@V?$allocator@D@2@@_STL@@QAE@XZ
divergent	??0?$basic_string@GV?$char_traits@G@_STL@@V?$allocator@G@2@@_STL@@QAE@ABV01@@Z
divergent	??0?$basic_string@GV?$char_traits@G@_STL@@V?$allocator@G@2@@_STL@@QAE@PBGABV?$allocator@G@1@@Z
divergent	??0?$basic_string@GV?$char_traits@G@_STL@@V?$allocator@G@2@@_STL@@QAE@XZ
divergent	??0?$basic_stringbuf@DV?$char_traits@D@_STL@@V?$allocator@D@2@@_STL@@QAE@ABV?$basic_string@DV?$char_traits@D@_STL@@V?$allocator@D@2@@1@H@Z
divergent	??0?$basic_stringbuf@DV?$char_traits@D@_STL@@V?$allocator@D@2@@_STL@@QAE@H@Z
divergent	??0?$bitset@$0BB@@_STL@@QAE@XZ
divergent	??0?$bitset@$0CN@@_STL@@QAE@XZ
divergent	??0?$bitset@$0HE@@_STL@@QAE@XZ
divergent	??0?$bitset@$0HF@@_STL@@QAE@XZ
divergent	??0?$bitset@$0IA@@_STL@@QAE@XZ
divergent	??0?$deque@PAXV?$allocator@PAX@_STL@@@_STL@@QAE@ABV01@@Z
divergent	??0?$deque@PAXV?$allocator@PAX@_STL@@@_STL@@QAE@ABV?$allocator@PAX@1@@Z
divergent	??0?$deque@PAXV?$allocator@PAX@_STL@@@_STL@@QAE@I@Z
divergent	??0?$deque@PAXV?$allocator@PAX@_STL@@@_STL@@QAE@IABQAXABV?$allocator@PAX@1@@Z
divergent	??0?$deque@UBfmeE12@@V?$allocator@UBfmeE12@@@_STL@@@_STL@@QAE@ABV01@@Z
divergent	??0?$deque@UBfmeE12@@V?$allocator@UBfmeE12@@@_STL@@@_STL@@QAE@I@Z
divergent	??0?$deque@UBfmeE12@@V?$allocator@UBfmeE12@@@_STL@@@_STL@@QAE@IABUBfmeE12@@ABV?$allocator@UBfmeE12@@@1@@Z
divergent	??0?$deque@UBfmeE8@@V?$allocator@UBfmeE8@@@_STL@@@_STL@@QAE@ABV01@@Z
divergent	??0?$deque@UBfmeE8@@V?$allocator@UBfmeE8@@@_STL@@@_STL@@QAE@ABV?$allocator@UBfmeE8@@@1@@Z
divergent	??0?$deque@UBfmeE8@@V?$allocator@UBfmeE8@@@_STL@@@_STL@@QAE@I@Z
divergent	??0?$deque@UBfmeE8@@V?$allocator@UBfmeE8@@@_STL@@@_STL@@QAE@IABUBfmeE8@@ABV?$allocator@UBfmeE8@@@1@@Z
divergent	??0?$deque@UBfmePod16@@V?$allocator@UBfmePod16@@@_STL@@@_STL@@QAE@ABV01@@Z
divergent	??0?$deque@UBfmePod16@@V?$allocator@UBfmePod16@@@_STL@@@_STL@@QAE@I@Z
divergent	??0?$deque@UBfmePod16@@V?$allocator@UBfmePod16@@@_STL@@@_STL@@QAE@IABUBfmePod16@@ABV?$allocator@UBfmePod16@@@1@@Z
divergent	??0?$deque@UBfmePod20@@V?$allocator@UBfmePod20@@@_STL@@@_STL@@QAE@ABV01@@Z
divergent	??0?$deque@UBfmePod20@@V?$allocator@UBfmePod20@@@_STL@@@_STL@@QAE@I@Z
divergent	??0?$deque@UBfmePod20@@V?$allocator@UBfmePod20@@@_STL@@@_STL@@QAE@IABUBfmePod20@@ABV?$allocator@UBfmePod20@@@1@@Z
divergent	??0?$deque@UBfmePod28@@V?$allocator@UBfmePod28@@@_STL@@@_STL@@QAE@ABV01@@Z
divergent	??0?$deque@UBfmePod28@@V?$allocator@UBfmePod28@@@_STL@@@_STL@@QAE@I@Z
divergent	??0?$deque@UBfmePod28@@V?$allocator@UBfmePod28@@@_STL@@@_STL@@QAE@IABUBfmePod28@@ABV?$allocator@UBfmePod28@@@1@@Z
divergent	??0?$deque@UBfmePod492@@V?$allocator@UBfmePod492@@@_STL@@@_STL@@QAE@ABV01@@Z
divergent	??0?$deque@UBfmePod492@@V?$allocator@UBfmePod492@@@_STL@@@_STL@@QAE@I@Z
divergent	??0?$deque@UBfmePod492@@V?$allocator@UBfmePod492@@@_STL@@@_STL@@QAE@IABUBfmePod492@@ABV?$allocator@UBfmePod492@@@1@@Z
divergent	??0?$deque@UBfmePod840@@V?$allocator@UBfmePod840@@@_STL@@@_STL@@QAE@ABV01@@Z
divergent	??0?$deque@UBfmePod840@@V?$allocator@UBfmePod840@@@_STL@@@_STL@@QAE@I@Z
divergent	??0?$deque@UBfmePod840@@V?$allocator@UBfmePod840@@@_STL@@@_STL@@QAE@IABUBfmePod840@@ABV?$allocator@UBfmePod840@@@1@@Z
divergent	??0?$deque@VBuddyRequest@@V?$allocator@VBuddyRequest@@@_STL@@@_STL@@QAE@ABV01@@Z
divergent	??0?$deque@VBuddyRequest@@V?$allocator@VBuddyRequest@@@_STL@@@_STL@@QAE@I@Z
divergent	??0?$deque@VBuddyRequest@@V?$allocator@VBuddyRequest@@@_STL@@@_STL@@QAE@IABVBuddyRequest@@ABV?$allocator@VBuddyRequest@@@1@@Z
divergent	??0?$hash_map@W4NameKeyType@@VDamageFX@@U?$hash@W4NameKeyType@@@rts@@U?$equal_to@W4NameKeyType@@@4@V?$allocator@U?$pair@$$CBW4NameKeyType@@VDamageFX@@@_STL@@@_STL@@@_STL@@QAE@I@Z
divergent	??0?$hash_map@W4NameKeyType@@VDamageFX@@U?$hash@W4NameKeyType@@@rts@@U?$equal_to@W4NameKeyType@@@4@V?$allocator@U?$pair@$$CBW4NameKeyType@@VDamageFX@@@_STL@@@_STL@@@_STL@@QAE@IABU?$hash@W4NameKeyType@@@rts@@@Z
divergent	??0?$hash_map@W4NameKeyType@@VDamageFX@@U?$hash@W4NameKeyType@@@rts@@U?$equal_to@W4NameKeyType@@@4@V?$allocator@U?$pair@$$CBW4NameKeyType@@VDamageFX@@@_STL@@@_STL@@@_STL@@QAE@IABU?$hash@W4NameKeyType@@@rts@@ABU?$equal_to@W4NameKeyType@@@3@ABV?$allocator@U?$pair@$$CBW4NameKeyType@@VDamageFX@@@_STL@@@1@@Z
divergent	??0?$hashtable@U?$pair@$$CBVAsciiString@@PAVThingTemplate@@@_STL@@VAsciiString@@U?$hash@VAsciiString@@@rts@@U?$_Select1st@U?$pair@$$CBVAsciiString@@PAVThingTemplate@@@_STL@@@2@U?$equal_to@VAsciiString@@@5@V?$allocator@U?$pair@$$CBVAsciiString@@PAVThingTemplate@@@_STL@@@2@@_STL@@QAE@IABU?$hash@VAsciiString@@@rts@@ABU?$equal_to@VAsciiString@@@3@ABV?$allocator@U?$pair@$$CBVAsciiString@@PAVThingTemplate@@@_STL@@@1@@Z
divergent	??0?$hashtable@U?$pair@$$CBW4NameKeyType@@VDamageFX@@@_STL@@W4NameKeyType@@U?$hash@W4NameKeyType@@@rts@@U?$_Select1st@U?$pair@$$CBW4NameKeyType@@VDamageFX@@@_STL@@@2@U?$equal_to@W4NameKeyType@@@5@V?$allocator@U?$pair@$$CBW4NameKeyType@@VDamageFX@@@_STL@@@2@@_STL@@QAE@IABU?$hash@W4NameKeyType@@@rts@@ABU?$equal_to@W4NameKeyType@@@3@ABV?$allocator@U?$pair@$$CBW4NameKeyType@@VDamageFX@@@_STL@@@1@@Z
divergent	??0?$list@HV?$allocator@H@_STL@@@_STL@@QAE@ABV01@@Z
divergent	??0?$list@HV?$allocator@H@_STL@@@_STL@@QAE@ABV?$allocator@H@1@@Z
divergent	??0?$list@HV?$allocator@H@_STL@@@_STL@@QAE@I@Z
divergent	??0?$list@HV?$allocator@H@_STL@@@_STL@@QAE@IABHABV?$allocator@H@1@@Z
divergent	??0?$list@PAVDrawable@@V?$allocator@PAVDrawable@@@_STL@@@_STL@@QAE@ABV?$allocator@PAVDrawable@@@1@@Z
divergent	??0?$list@PAVFXNugget@@V?$allocator@PAVFXNugget@@@_STL@@@_STL@@QAE@ABV01@@Z
divergent	??0?$list@PAVObject@@V?$allocator@PAVObject@@@_STL@@@_STL@@QAE@ABV?$allocator@PAVObject@@@1@@Z
divergent	??0?$list@UBfmeStringRecord002B4DC1@@V?$allocator@UBfmeStringRecord002B4DC1@@@_STL@@@_STL@@QAE@I@Z
divergent	??0?$list@UCoord3D@@V?$allocator@UCoord3D@@@_STL@@@_STL@@QAE@ABV01@@Z
divergent	??0?$list@UCoord3D@@V?$allocator@UCoord3D@@@_STL@@@_STL@@QAE@ABV?$allocator@UCoord3D@@@1@@Z
divergent	??0?$list@UcrateCreationEntry@@V?$allocator@UcrateCreationEntry@@@_STL@@@_STL@@QAE@I@Z
divergent	??0?$list@V?$basic_string@DV?$char_traits@D@_STL@@V?$allocator@D@2@@_STL@@V?$allocator@V?$basic_string@DV?$char_traits@D@_STL@@V?$allocator@D@2@@_STL@@@2@@_STL@@QAE@ABV?$allocator@V?$basic_string@DV?$char_traits@D@_STL@@V?$allocator@D@2@@_STL@@@1@@Z
divergent	??0?$list@VAsciiString@@V?$allocator@VAsciiString@@@_STL@@@_STL@@QAE@ABV?$allocator@VAsciiString@@@1@@Z
divergent	??0?$list@VAsciiString@@V?$allocator@VAsciiString@@@_STL@@@_STL@@QAE@I@Z
divergent	??0?$list@W4ObjectID@@V?$allocator@W4ObjectID@@@_STL@@@_STL@@QAE@ABV?$allocator@W4ObjectID@@@1@@Z
divergent	??0?$map@HHU?$less@H@_STL@@V?$allocator@U?$pair@$$CBHH@_STL@@@2@@_STL@@QAE@ABU?$less@H@1@ABV?$allocator@U?$pair@$$CBHH@_STL@@@1@@Z
divergent	??0?$map@HHU?$less@H@_STL@@V?$allocator@U?$pair@$$CBHH@_STL@@@2@@_STL@@QAE@ABV01@@Z
divergent	??0?$map@HHU?$less@H@_STL@@V?$allocator@U?$pair@$$CBHH@_STL@@@2@@_STL@@QAE@XZ
divergent	??0?$map@VAsciiString@@VDetailedArchivedDirectoryInfo@@U?$less@VAsciiString@@@_STL@@V?$allocator@U?$pair@$$CBVAsciiString@@VDetailedArchivedDirectoryInfo@@@_STL@@@4@@_STL@@QAE@XZ
divergent	??0?$map@W4NameKeyType@@UPristineBoneInfo@@U?$less@W4NameKeyType@@@_STL@@V?$allocator@U?$pair@$$CBW4NameKeyType@@UPristineBoneInfo@@@_STL@@@4@@_STL@@QAE@ABV01@@Z
divergent	??0?$map@W4NameKeyType@@UPristineBoneInfo@@U?$less@W4NameKeyType@@@_STL@@V?$allocator@U?$pair@$$CBW4NameKeyType@@UPristineBoneInfo@@@_STL@@@4@@_STL@@QAE@XZ
divergent	??0?$pair@$$CBHH@_STL@@QAE@ABH0@Z
divergent	??0?$pair@$$CBHH@_STL@@QAE@ABU01@@Z
divergent	??0?$pair@$$CBHUBfmePod20@@@_STL@@QAE@ABU01@@Z
divergent	??0?$pair@$$CBHUBfmePod32@@@_STL@@QAE@ABU01@@Z
divergent	??0?$pair@$$CBHUBfmePod60@@@_STL@@QAE@ABU01@@Z
divergent	??0?$pair@$$CBHUBfmePod72@@@_STL@@QAE@ABHABUBfmePod72@@@Z
divergent	??0?$pair@$$CBHUBfmePod72@@@_STL@@QAE@ABU01@@Z
divergent	??0?$pair@$$CBHVAsciiString@@@_STL@@QAE@ABU01@@Z
divergent	??0?$pair@$$CBHW4Relationship@@@_STL@@QAE@ABHABW4Relationship@@@Z
divergent	??0?$pair@$$CBIW4Relationship@@@_STL@@QAE@ABIABW4Relationship@@@Z
divergent	??0?$pair@$$CBJVLadderPref@@@_STL@@QAE@ABU01@@Z
divergent	??0?$pair@$$CBUGen_p12pod@@H@_STL@@QAE@ABU01@@Z
divergent	??0?$pair@$$CBV?$BitFlags@$0HF@@@PBUModelConditionInfo@@@_STL@@QAE@ABU01@@Z
divergent	??0?$pair@$$CBV?$BitFlags@$0HF@@@PBUModelConditionInfo@@@_STL@@QAE@ABV?$BitFlags@$0HF@@@ABQBUModelConditionInfo@@@Z
divergent	??0?$pair@$$CBVAsciiString@@D@_STL@@QAE@ABU01@@Z
divergent	??0?$pair@$$CBVAsciiString@@PAVThingTemplate@@@_STL@@QAE@ABU01@@Z
divergent	??0?$pair@$$CBVAsciiString@@PBVFXList@@@_STL@@QAE@ABU01@@Z
divergent	??0?$pair@$$CBVAsciiString@@UCoord3D@@@_STL@@QAE@ABU01@@Z
divergent	??0?$pair@$$CBVAsciiString@@UNoCaseTreeValue4@@@_STL@@QAE@ABU01@@Z
divergent	??0?$pair@$$CBVAsciiString@@UTreeHintPayload003012F0@@@_STL@@QAE@ABU01@@Z
divergent	??0?$pair@$$CBVAsciiString@@UTreeHintRef00217D4C@@@_STL@@QAE@ABU01@@Z
divergent	??0?$pair@$$CBVAsciiString@@V1@@_STL@@QAE@ABU01@@Z
divergent	??0?$pair@$$CBVAsciiString@@V1@@_STL@@QAE@ABVAsciiString@@0@Z
divergent	??0?$pair@$$CBVAsciiString@@VAudioEventRTS@@@_STL@@QAE@ABU01@@Z
divergent	??0?$pair@$$CBVAsciiString@@VMapMetaData@@@_STL@@QAE@ABVAsciiString@@ABVMapMetaData@@@Z
divergent	??0?$pair@$$CBVUnicodeString@@_N@_STL@@QAE@ABVUnicodeString@@AB_N@Z
divergent	??0?$pair@$$CBW4NameKeyType@@UPristineBoneInfo@@@_STL@@QAE@ABU01@@Z
divergent	??0?$pair@$$CBW4NameKeyType@@UPristineBoneInfo@@@_STL@@QAE@ABW4NameKeyType@@ABUPristineBoneInfo@@@Z
divergent	??0?$pair@$$CBW4NameKeyType@@VFXList@@@_STL@@QAE@ABU01@@Z
divergent	??0?$pair@$$CBW4NameKeyType@@VFXList@@@_STL@@QAE@ABW4NameKeyType@@ABVFXList@@@Z
divergent	??0?$pair@U?$_Rb_tree_iterator@HU?$_Const_traits@H@_STL@@@_STL@@_N@_STL@@QAE@ABU?$_Rb_tree_iterator@HU?$_Const_traits@H@_STL@@@1@AB_N@Z
divergent	??0?$pair@U?$_Rb_tree_iterator@HU?$_Nonconst_traits@H@_STL@@@_STL@@_N@_STL@@QAE@ABU?$_Rb_tree_iterator@HU?$_Nonconst_traits@H@_STL@@@1@AB_N@Z
divergent	??0?$pair@U?$_Rb_tree_iterator@PAURva001408C0Target@@U?$_Const_traits@PAURva001408C0Target@@@_STL@@@_STL@@_N@_STL@@QAE@ABU?$_Rb_tree_iterator@PAURva001408C0Target@@U?$_Const_traits@PAURva001408C0Target@@@_STL@@@1@AB_N@Z
divergent	??0?$pair@U?$_Rb_tree_iterator@PAURva001408C0Target@@U?$_Nonconst_traits@PAURva001408C0Target@@@_STL@@@_STL@@_N@_STL@@QAE@ABU?$_Rb_tree_iterator@PAURva001408C0Target@@U?$_Nonconst_traits@PAURva001408C0Target@@@_STL@@@1@AB_N@Z
divergent	??0?$pair@U?$_Rb_tree_iterator@U?$pair@$$CBGE@_STL@@U?$_Nonconst_traits@U?$pair@$$CBGE@_STL@@@2@@_STL@@_N@_STL@@QAE@ABU?$_Rb_tree_iterator@U?$pair@$$CBGE@_STL@@U?$_Nonconst_traits@U?$pair@$$CBGE@_STL@@@2@@1@AB_N@Z
divergent	??0?$pair@U?$_Rb_tree_iterator@U?$pair@$$CBGH@_STL@@U?$_Nonconst_traits@U?$pair@$$CBGH@_STL@@@2@@_STL@@_N@_STL@@QAE@ABU?$_Rb_tree_iterator@U?$pair@$$CBGH@_STL@@U?$_Nonconst_traits@U?$pair@$$CBGH@_STL@@@2@@1@AB_N@Z
divergent	??0?$pair@U?$_Rb_tree_iterator@U?$pair@$$CBHH@_STL@@U?$_Const_traits@U?$pair@$$CBHH@_STL@@@2@@_STL@@U12@@_STL@@QAE@ABU?$_Rb_tree_iterator@U?$pair@$$CBHH@_STL@@U?$_Const_traits@U?$pair@$$CBHH@_STL@@@2@@1@0@Z
divergent	??0?$pair@U?$_Rb_tree_iterator@U?$pair@$$CBHH@_STL@@U?$_Nonconst_traits@U?$pair@$$CBHH@_STL@@@2@@_STL@@U12@@_STL@@QAE@ABU?$_Rb_tree_iterator@U?$pair@$$CBHH@_STL@@U?$_Nonconst_traits@U?$pair@$$CBHH@_STL@@@2@@1@0@Z
divergent	??0?$pair@U?$_Rb_tree_iterator@U?$pair@$$CBV?$BitFlags@$0HF@@@PBUModelConditionInfo@@@_STL@@U?$_Nonconst_traits@U?$pair@$$CBV?$BitFlags@$0HF@@@PBUModelConditionInfo@@@_STL@@@2@@_STL@@_N@_STL@@QAE@ABU?$_Rb_tree_iterator@U?$pair@$$CBV?$BitFlags@$0HF@@@PBUModelConditionInfo@@@_STL@@U?$_Nonconst_traits@U?$pair@$$CBV?$BitFlags@$0HF@@@PBUModelConditionInfo@@@_STL@@@2@@1@AB_N@Z
divergent	??0?$pair@U?$_Rb_tree_iterator@U?$pair@$$CBVAsciiString@@UNoCaseTreeValue4@@@_STL@@U?$_Nonconst_traits@U?$pair@$$CBVAsciiString@@UNoCaseTreeValue4@@@_STL@@@2@@_STL@@_N@_STL@@QAE@ABU?$_Rb_tree_iterator@U?$pair@$$CBVAsciiString@@UNoCaseTreeValue4@@@_STL@@U?$_Nonconst_traits@U?$pair@$$CBVAsciiString@@UNoCaseTreeValue4@@@_STL@@@2@@1@AB_N@Z
divergent	??0?$pair@U?$_Rb_tree_iterator@U?$pair@$$CBVAsciiString@@V1@@_STL@@U?$_Nonconst_traits@U?$pair@$$CBVAsciiString@@V1@@_STL@@@2@@_STL@@_N@_STL@@QAE@ABU?$_Rb_tree_iterator@U?$pair@$$CBVAsciiString@@V1@@_STL@@U?$_Nonconst_traits@U?$pair@$$CBVAsciiString@@V1@@_STL@@@2@@1@AB_N@Z
divergent	??0?$pair@U?$_Rb_tree_iterator@U?$pair@$$CBVAsciiString@@VMapMetaData@@@_STL@@U?$_Nonconst_traits@U?$pair@$$CBVAsciiString@@VMapMetaData@@@_STL@@@2@@_STL@@U12@@_STL@@QAE@ABU?$_Rb_tree_iterator@U?$pair@$$CBVAsciiString@@VMapMetaData@@@_STL@@U?$_Nonconst_traits@U?$pair@$$CBVAsciiString@@VMapMetaData@@@_STL@@@2@@1@0@Z
divergent	??0?$pair@U?$_Rb_tree_iterator@U?$pair@$$CBVUnicodeString@@_N@_STL@@U?$_Nonconst_traits@U?$pair@$$CBVUnicodeString@@_N@_STL@@@2@@_STL@@_N@_STL@@QAE@ABU?$_Rb_tree_iterator@U?$pair@$$CBVUnicodeString@@_N@_STL@@U?$_Nonconst_traits@U?$pair@$$CBVUnicodeString@@_N@_STL@@@2@@1@AB_N@Z
divergent	??0?$pair@U?$_Rb_tree_iterator@U?$pair@$$CBW4NameKeyType@@UPristineBoneInfo@@@_STL@@U?$_Nonconst_traits@U?$pair@$$CBW4NameKeyType@@UPristineBoneInfo@@@_STL@@@2@@_STL@@_N@_STL@@QAE@ABU?$_Rb_tree_iterator@U?$pair@$$CBW4NameKeyType@@UPristineBoneInfo@@@_STL@@U?$_Nonconst_traits@U?$pair@$$CBW4NameKeyType@@UPristineBoneInfo@@@_STL@@@2@@1@AB_N@Z
divergent	??0?$pair@U?$_Rb_tree_iterator@VAsciiString@@U?$_Const_traits@VAsciiString@@@_STL@@@_STL@@_N@_STL@@QAE@ABU?$_Rb_tree_iterator@VAsciiString@@U?$_Const_traits@VAsciiString@@@_STL@@@1@AB_N@Z
divergent	??0?$pair@U?$_Rb_tree_iterator@VAsciiString@@U?$_Nonconst_traits@VAsciiString@@@_STL@@@_STL@@_N@_STL@@QAE@ABU?$_Rb_tree_iterator@VAsciiString@@U?$_Nonconst_traits@VAsciiString@@@_STL@@@1@AB_N@Z
divergent	??0?$pair@U?$_Rb_tree_iterator@VUnicodeString@@U?$_Const_traits@VUnicodeString@@@_STL@@@_STL@@_N@_STL@@QAE@ABU?$_Rb_tree_iterator@VUnicodeString@@U?$_Const_traits@VUnicodeString@@@_STL@@@1@AB_N@Z
divergent	??0?$pair@U?$_Rb_tree_iterator@VUnicodeString@@U?$_Nonconst_traits@VUnicodeString@@@_STL@@@_STL@@_N@_STL@@QAE@ABU?$_Rb_tree_iterator@VUnicodeString@@U?$_Nonconst_traits@VUnicodeString@@@_STL@@@1@AB_N@Z
divergent	??0?$pair@VAsciiString@@V1@@_STL@@QAE@ABU01@@Z
divergent	??0?$reverse_iterator@U?$_Bit_iter@U_Bit_reference@_STL@@PAU12@@_STL@@@_STL@@QAE@U?$_Bit_iter@U_Bit_reference@_STL@@PAU12@@1@@Z
divergent	??0?$reverse_iterator@U?$_Bit_iter@_NPB_N@_STL@@@_STL@@QAE@U?$_Bit_iter@_NPB_N@1@@Z
divergent	??0?$reverse_iterator@U?$_Deque_iterator@UBfmeE8@@U?$_Const_traits@UBfmeE8@@@_STL@@@_STL@@@_STL@@QAE@U?$_Deque_iterator@UBfmeE8@@U?$_Const_traits@UBfmeE8@@@_STL@@@1@@Z
divergent	??0?$reverse_iterator@U?$_Deque_iterator@UBfmeE8@@U?$_Nonconst_traits@UBfmeE8@@@_STL@@@_STL@@@_STL@@QAE@U?$_Deque_iterator@UBfmeE8@@U?$_Nonconst_traits@UBfmeE8@@@_STL@@@1@@Z
divergent	??0?$set@HU?$less@H@_STL@@V?$allocator@H@2@@_STL@@QAE@XZ
divergent	??0?$vector@HV?$allocator@H@_STL@@@_STL@@QAE@ABV01@@Z
divergent	??0?$vector@HV?$allocator@H@_STL@@@_STL@@QAE@ABV?$allocator@H@1@@Z
divergent	??0?$vector@HV?$allocator@H@_STL@@@_STL@@QAE@I@Z
divergent	??0?$vector@HV?$allocator@H@_STL@@@_STL@@QAE@IABHABV?$allocator@H@1@@Z
divergent	??0?$vector@IV?$allocator@I@_STL@@@_STL@@QAE@ABV01@@Z
divergent	??0?$vector@PAVObject@@V?$allocator@PAVObject@@@_STL@@@_STL@@QAE@ABV?$allocator@PAVObject@@@1@@Z
divergent	??0?$vector@PAVObjectCreationNugget@@V?$allocator@PAVObjectCreationNugget@@@_STL@@@_STL@@QAE@ABV?$allocator@PAVObjectCreationNugget@@@1@@Z
divergent	??0?$vector@PAXV?$allocator@PAX@_STL@@@_STL@@QAE@ABV01@@Z
divergent	??0?$vector@PAXV?$allocator@PAX@_STL@@@_STL@@QAE@I@Z
divergent	??0?$vector@PAXV?$allocator@PAX@_STL@@@_STL@@QAE@IABQAXABV?$allocator@PAX@1@@Z
divergent	??0?$vector@PBVLocomotorTemplate@@V?$allocator@PBVLocomotorTemplate@@@_STL@@@_STL@@QAE@ABV01@@Z
divergent	??0?$vector@UAngleFXInfo@@V?$allocator@UAngleFXInfo@@@_STL@@@_STL@@QAE@ABV01@@Z
divergent	??0?$vector@UAngleFXInfo@@V?$allocator@UAngleFXInfo@@@_STL@@@_STL@@QAE@ABV?$allocator@UAngleFXInfo@@@1@@Z
divergent	??0?$vector@UAngleFXInfo@@V?$allocator@UAngleFXInfo@@@_STL@@@_STL@@QAE@I@Z
divergent	??0?$vector@UAngleFXInfo@@V?$allocator@UAngleFXInfo@@@_STL@@@_STL@@QAE@IABUAngleFXInfo@@ABV?$allocator@UAngleFXInfo@@@1@@Z
divergent	??0?$vector@UBfmeE12@@V?$allocator@UBfmeE12@@@_STL@@@_STL@@QAE@ABV01@@Z
divergent	??0?$vector@UBfmeE12@@V?$allocator@UBfmeE12@@@_STL@@@_STL@@QAE@I@Z
divergent	??0?$vector@UBfmeE12@@V?$allocator@UBfmeE12@@@_STL@@@_STL@@QAE@IABUBfmeE12@@ABV?$allocator@UBfmeE12@@@1@@Z
divergent	??0?$vector@UBfmeE16@@@_STL@@QAE@XZ
divergent	??0?$vector@UBfmeE16@@V?$allocator@UBfmeE16@@@_STL@@@_STL@@QAE@ABV01@@Z
divergent	??0?$vector@UBfmeE16@@V?$allocator@UBfmeE16@@@_STL@@@_STL@@QAE@I@Z
divergent	??0?$vector@UBfmeE16@@V?$allocator@UBfmeE16@@@_STL@@@_STL@@QAE@IABUBfmeE16@@ABV?$allocator@UBfmeE16@@@1@@Z
divergent	??0?$vector@UBfmeE8@@V?$allocator@UBfmeE8@@@_STL@@@_STL@@QAE@ABV01@@Z
divergent	??0?$vector@UBfmeE8@@V?$allocator@UBfmeE8@@@_STL@@@_STL@@QAE@I@Z
divergent	??0?$vector@UBfmeE8@@V?$allocator@UBfmeE8@@@_STL@@@_STL@@QAE@IABUBfmeE8@@ABV?$allocator@UBfmeE8@@@1@@Z
divergent	??0?$vector@UBfmeObject872@@V?$allocator@UBfmeObject872@@@_STL@@@_STL@@QAE@ABV01@@Z
divergent	??0?$vector@UBfmeObject872@@V?$allocator@UBfmeObject872@@@_STL@@@_STL@@QAE@I@Z
divergent	??0?$vector@UBfmeObject872@@V?$allocator@UBfmeObject872@@@_STL@@@_STL@@QAE@IABUBfmeObject872@@ABV?$allocator@UBfmeObject872@@@1@@Z
divergent	??0?$vector@UBfmePod104@@V?$allocator@UBfmePod104@@@_STL@@@_STL@@QAE@ABV01@@Z
divergent	??0?$vector@UBfmePod104@@V?$allocator@UBfmePod104@@@_STL@@@_STL@@QAE@I@Z
divergent	??0?$vector@UBfmePod104@@V?$allocator@UBfmePod104@@@_STL@@@_STL@@QAE@IABUBfmePod104@@ABV?$allocator@UBfmePod104@@@1@@Z
divergent	??0?$vector@UBfmePod128@@V?$allocator@UBfmePod128@@@_STL@@@_STL@@QAE@ABV01@@Z
divergent	??0?$vector@UBfmePod128@@V?$allocator@UBfmePod128@@@_STL@@@_STL@@QAE@I@Z
divergent	??0?$vector@UBfmePod128@@V?$allocator@UBfmePod128@@@_STL@@@_STL@@QAE@IABUBfmePod128@@ABV?$allocator@UBfmePod128@@@1@@Z
divergent	??0?$vector@UBfmePod172@@V?$allocator@UBfmePod172@@@_STL@@@_STL@@QAE@ABV01@@Z
divergent	??0?$vector@UBfmePod172@@V?$allocator@UBfmePod172@@@_STL@@@_STL@@QAE@I@Z
divergent	??0?$vector@UBfmePod172@@V?$allocator@UBfmePod172@@@_STL@@@_STL@@QAE@IABUBfmePod172@@ABV?$allocator@UBfmePod172@@@1@@Z
divergent	??0?$vector@UBfmePod20@@V?$allocator@UBfmePod20@@@_STL@@@_STL@@QAE@ABV01@@Z
divergent	??0?$vector@UBfmePod20@@V?$allocator@UBfmePod20@@@_STL@@@_STL@@QAE@I@Z
divergent	??0?$vector@UBfmePod20@@V?$allocator@UBfmePod20@@@_STL@@@_STL@@QAE@IABUBfmePod20@@ABV?$allocator@UBfmePod20@@@1@@Z
divergent	??0?$vector@UBfmePod24@@V?$allocator@UBfmePod24@@@_STL@@@_STL@@QAE@ABV01@@Z
divergent	??0?$vector@UBfmePod24@@V?$allocator@UBfmePod24@@@_STL@@@_STL@@QAE@I@Z
divergent	??0?$vector@UBfmePod24@@V?$allocator@UBfmePod24@@@_STL@@@_STL@@QAE@IABUBfmePod24@@ABV?$allocator@UBfmePod24@@@1@@Z
divergent	??0?$vector@UBfmePod28@@V?$allocator@UBfmePod28@@@_STL@@@_STL@@QAE@ABV01@@Z
divergent	??0?$vector@UBfmePod28@@V?$allocator@UBfmePod28@@@_STL@@@_STL@@QAE@I@Z
divergent	??0?$vector@UBfmePod28@@V?$allocator@UBfmePod28@@@_STL@@@_STL@@QAE@IABUBfmePod28@@ABV?$allocator@UBfmePod28@@@1@@Z
divergent	??0?$vector@UBfmePod32@@V?$allocator@UBfmePod32@@@_STL@@@_STL@@QAE@ABV01@@Z
divergent	??0?$vector@UBfmePod32@@V?$allocator@UBfmePod32@@@_STL@@@_STL@@QAE@I@Z
divergent	??0?$vector@UBfmePod32@@V?$allocator@UBfmePod32@@@_STL@@@_STL@@QAE@IABUBfmePod32@@ABV?$allocator@UBfmePod32@@@1@@Z
divergent	??0?$vector@UBfmePod340@@V?$allocator@UBfmePod340@@@_STL@@@_STL@@QAE@ABV01@@Z
divergent	??0?$vector@UBfmePod340@@V?$allocator@UBfmePod340@@@_STL@@@_STL@@QAE@I@Z
divergent	??0?$vector@UBfmePod340@@V?$allocator@UBfmePod340@@@_STL@@@_STL@@QAE@IABUBfmePod340@@ABV?$allocator@UBfmePod340@@@1@@Z
divergent	??0?$vector@UBfmePod36@@V?$allocator@UBfmePod36@@@_STL@@@_STL@@QAE@ABV01@@Z
divergent	??0?$vector@UBfmePod36@@V?$allocator@UBfmePod36@@@_STL@@@_STL@@QAE@ABV?$allocator@UBfmePod36@@@1@@Z
divergent	??0?$vector@UBfmePod36@@V?$allocator@UBfmePod36@@@_STL@@@_STL@@QAE@I@Z
divergent	??0?$vector@UBfmePod36@@V?$allocator@UBfmePod36@@@_STL@@@_STL@@QAE@IABUBfmePod36@@ABV?$allocator@UBfmePod36@@@1@@Z
divergent	??0?$vector@UBfmePod40@@V?$allocator@UBfmePod40@@@_STL@@@_STL@@QAE@ABV01@@Z
divergent	??0?$vector@UBfmePod40@@V?$allocator@UBfmePod40@@@_STL@@@_STL@@QAE@I@Z
divergent	??0?$vector@UBfmePod40@@V?$allocator@UBfmePod40@@@_STL@@@_STL@@QAE@IABUBfmePod40@@ABV?$allocator@UBfmePod40@@@1@@Z
divergent	??0?$vector@UBfmePod44@@V?$allocator@UBfmePod44@@@_STL@@@_STL@@QAE@ABV01@@Z
divergent	??0?$vector@UBfmePod44@@V?$allocator@UBfmePod44@@@_STL@@@_STL@@QAE@I@Z
divergent	??0?$vector@UBfmePod44@@V?$allocator@UBfmePod44@@@_STL@@@_STL@@QAE@IABUBfmePod44@@ABV?$allocator@UBfmePod44@@@1@@Z
divergent	??0?$vector@UBfmePod52@@V?$allocator@UBfmePod52@@@_STL@@@_STL@@QAE@ABV01@@Z
divergent	??0?$vector@UBfmePod52@@V?$allocator@UBfmePod52@@@_STL@@@_STL@@QAE@I@Z
divergent	??0?$vector@UBfmePod52@@V?$allocator@UBfmePod52@@@_STL@@@_STL@@QAE@IABUBfmePod52@@ABV?$allocator@UBfmePod52@@@1@@Z
divergent	??0?$vector@UBfmePod68@@V?$allocator@UBfmePod68@@@_STL@@@_STL@@QAE@ABV01@@Z
divergent	??0?$vector@UBfmePod68@@V?$allocator@UBfmePod68@@@_STL@@@_STL@@QAE@I@Z
divergent	??0?$vector@UBfmePod68@@V?$allocator@UBfmePod68@@@_STL@@@_STL@@QAE@IABUBfmePod68@@ABV?$allocator@UBfmePod68@@@1@@Z
divergent	??0?$vector@UBfmePod76@@V?$allocator@UBfmePod76@@@_STL@@@_STL@@QAE@ABV01@@Z
divergent	??0?$vector@UBfmePod76@@V?$allocator@UBfmePod76@@@_STL@@@_STL@@QAE@I@Z
divergent	??0?$vector@UBfmePod76@@V?$allocator@UBfmePod76@@@_STL@@@_STL@@QAE@IABUBfmePod76@@ABV?$allocator@UBfmePod76@@@1@@Z
divergent	??0?$vector@UBfmePod88@@V?$allocator@UBfmePod88@@@_STL@@@_STL@@QAE@ABV01@@Z
divergent	??0?$vector@UBfmeRecord0040B61A@@V?$allocator@UBfmeRecord0040B61A@@@_STL@@@_STL@@QAE@ABV01@@Z
divergent	??0?$vector@UBfmeStringRecord00111ACF@@V?$allocator@UBfmeStringRecord00111ACF@@@_STL@@@_STL@@QAE@I@Z
divergent	??0?$vector@UCoord3D@@V?$allocator@UCoord3D@@@_STL@@@_STL@@QAE@ABV?$allocator@UCoord3D@@@1@@Z
divergent	??0?$vector@UGen003AA0D0@@V?$allocator@UGen003AA0D0@@@_STL@@@_STL@@QAE@I@Z
divergent	??0?$vector@UGeometryRecord@@V?$allocator@UGeometryRecord@@@_STL@@@_STL@@QAE@I@Z
divergent	??0?$vector@UGeometryShape@@V?$allocator@UGeometryShape@@@_STL@@@_STL@@QAE@ABV01@@Z
divergent	??0?$vector@UGeometryShape@@V?$allocator@UGeometryShape@@@_STL@@@_STL@@QAE@I@Z
divergent	??0?$vector@UGeometryShape@@V?$allocator@UGeometryShape@@@_STL@@@_STL@@QAE@IABUGeometryShape@@ABV?$allocator@UGeometryShape@@@1@@Z
divergent	??0?$vector@UICoord2D@@V?$allocator@UICoord2D@@@_STL@@@_STL@@QAE@ABV?$allocator@UICoord2D@@@1@@Z
divergent	??0?$vector@UPrereqUnitRec@@V?$allocator@UPrereqUnitRec@@@_STL@@@_STL@@QAE@ABV01@@Z
divergent	??0?$vector@UPrereqUnitRec@@V?$allocator@UPrereqUnitRec@@@_STL@@@_STL@@QAE@I@Z
divergent	??0?$vector@UPrereqUnitRec@@V?$allocator@UPrereqUnitRec@@@_STL@@@_STL@@QAE@IABUPrereqUnitRec@@ABV?$allocator@UPrereqUnitRec@@@1@@Z
divergent	??0?$vector@UPrereqUnitRec@ProductionPrerequisite@@V?$allocator@UPrereqUnitRec@ProductionPrerequisite@@@_STL@@@_STL@@QAE@ABV01@@Z
divergent	??0?$vector@URva00423A4A@@V?$allocator@URva00423A4A@@@_STL@@@_STL@@QAE@ABV01@@Z
divergent	??0?$vector@URva0048130E@@V?$allocator@URva0048130E@@@_STL@@@_STL@@QAE@ABV01@@Z
divergent	??0?$vector@URva0048130E@@V?$allocator@URva0048130E@@@_STL@@@_STL@@QAE@IABURva0048130E@@ABV?$allocator@URva0048130E@@@1@@Z
divergent	??0?$vector@UTreeKey00242F5E@@V?$allocator@UTreeKey00242F5E@@@_STL@@@_STL@@QAE@ABV01@@Z
divergent	??0?$vector@V?$basic_string@DV?$char_traits@D@_STL@@V?$allocator@D@2@@_STL@@V?$allocator@V?$basic_string@DV?$char_traits@D@_STL@@V?$allocator@D@2@@_STL@@@2@@_STL@@QAE@ABV01@@Z
divergent	??0?$vector@V?$basic_string@DV?$char_traits@D@_STL@@V?$allocator@D@2@@_STL@@V?$allocator@V?$basic_string@DV?$char_traits@D@_STL@@V?$allocator@D@2@@_STL@@@2@@_STL@@QAE@IABV?$basic_string@DV?$char_traits@D@_STL@@V?$allocator@D@2@@1@ABV?$allocator@V?$basic_string@DV?$char_traits@D@_STL@@V?$allocator@D@2@@_STL@@@1@@Z
divergent	??0?$vector@V?$vector@UBfmeE8@@V?$allocator@UBfmeE8@@@_STL@@@_STL@@V?$allocator@V?$vector@UBfmeE8@@V?$allocator@UBfmeE8@@@_STL@@@_STL@@@2@@_STL@@QAE@ABV01@@Z
divergent	??0?$vector@VAsciiString@@V?$allocator@VAsciiString@@@_STL@@@_STL@@QAE@ABV01@@Z
divergent	??0?$vector@VAsciiString@@V?$allocator@VAsciiString@@@_STL@@@_STL@@QAE@ABV?$allocator@VAsciiString@@@1@@Z
divergent	??0?$vector@VRva0040CB11Entry@@V?$allocator@VRva0040CB11Entry@@@_STL@@@_STL@@QAE@ABV01@@Z
divergent	??0?$vector@W4ObjectID@@V?$allocator@W4ObjectID@@@_STL@@@_STL@@QAE@ABV01@@Z
divergent	??0?$vector@W4ObjectID@@V?$allocator@W4ObjectID@@@_STL@@@_STL@@QAE@ABV?$allocator@W4ObjectID@@@1@@Z
divergent	??0?$vector@W4ScienceType@@V?$allocator@W4ScienceType@@@_STL@@@_STL@@QAE@ABV?$allocator@W4ScienceType@@@1@@Z
divergent	??0?$vector@_NV?$allocator@_N@_STL@@@_STL@@QAE@ABV01@@Z
divergent	??0?$vector@_NV?$allocator@_N@_STL@@@_STL@@QAE@ABV?$allocator@_N@1@@Z
divergent	??0?$vector@_NV?$allocator@_N@_STL@@@_STL@@QAE@I@Z
divergent	??0?$vector@_NV?$allocator@_N@_STL@@@_STL@@QAE@I_NABV?$allocator@_N@1@@Z
divergent	??0AABTreeLinkClass@@QAE@PAVAABTreeCullSystemClass@@@Z
divergent	??0AABoxClass@@QAE@ABVMinMaxAABoxClass@@@Z
divergent	??0AICommandParmsStorage@@QAE@XZ
divergent	??0ApplyRandomForceNugget@@QAE@XZ
divergent	??0AssistedTargetingUpdateModuleData@@QAE@XZ
divergent	??0AttackNugget@@QAE@XZ
divergent	??0AutoDepositUpdateModuleData@@QAE@XZ
divergent	??0AutoHealBehaviorModuleData@@QAE@XZ
divergent	??0BFME2ParticleTextureHandle@@QAE@PAVTextureClass@@@Z
divergent	??0BFME2WideConcatPair@@QAE@ABVUnicodeString@@0@Z
divergent	??0BehaviorModuleData@@QAE@XZ
divergent	??0BfmeEventPositionView@@QAE@MMM@Z
divergent	??0BfmeParserRegistrationVE@@QAE@PAVDataChunkInput@@PAVAsciiString@@1@Z
divergent	??0BfmeResetShaderRef@@QAE@XZ
divergent	??0BfmeResetTextureRef@@QAE@XZ
divergent	??0BfmeStringRecord000B94D2@@QAE@ABU0@@Z
divergent	??0BfmeStringRecord00111ACF@@QAE@ABU0@@Z
divergent	??0BfmeStringRecord002CF4C6@@QAE@ABU0@@Z
divergent	??0BridgeOCLInfo@@QAE@XZ
divergent	??0CaveContainModuleData@@QAE@XZ
divergent	??0CollideModule@@QAE@PAVThing@@PBVModuleData@@@Z
divergent	??0CommandSetUpgradeModuleData@@QAE@XZ
divergent	??0CreateCrateDieModuleData@@QAE@XZ
divergent	??0CreateModuleData@@QAE@XZ
divergent	??0CrushDieModuleData@@QAE@XZ
divergent	??0DamageInfo@@QAE@XZ
divergent	??0DamageInfoInput@@QAE@XZ
divergent	??0DamageInfoOutput@@QAE@XZ
divergent	??0DamageModule@@QAE@PAVThing@@PBVModuleData@@@Z
divergent	??0DataChunkInfo@@QAE@XZ
divergent	??0DefaultAlphaModuleInfo@FXParticleSystem@@QAE@ABV01@@Z
divergent	??0DefaultProductionExitUpdateModuleData@@QAE@XZ
divergent	??0DeletionUpdateModuleData@@QAE@XZ
divergent	??0DeliverPayloadData@@QAE@ABV0@@Z
divergent	??0DeliverPayloadData@@QAE@XZ
divergent	??0DeployStyleAIUpdateModuleData@@QAE@XZ
divergent	??0DieModule@@QAE@PAVThing@@PBVModuleData@@@Z
divergent	??0DieModuleData@@QAE@XZ
divergent	??0DoCommandUpgradeModuleData@@QAE@XZ
divergent	??0DrawModule@@QAE@PAVThing@@PBVModuleData@@@Z
divergent	??0DynamicAudioEventRTS@@QAE@ABV0@@Z
divergent	??0EmissionVolumeInfo@FXParticleSystem@@QAE@ABV01@@Z
divergent	??0Exception@DllHandle@@QAE@ABV01@@Z
divergent	??0FXListAtBonePosFXNugget@@QAE@XZ
divergent	??0FadeAndDieOrnamentUpdateModuleData@@QAE@XZ
divergent	??0FastCriticalSectionClass@@QAE@XZ
divergent	??0FileInfoStruct@MixFileCreator@@QAE@XZ
divergent	??0FindPositionOptions@@QAE@XZ
divergent	??0FireWeaponCollideModuleData@@QAE@XZ
divergent	??0FireWeaponWhenDamagedBehaviorModuleData@@QAE@XZ
divergent	??0FireWeaponWhenDeadBehaviorModuleData@@QAE@XZ
divergent	??0FrustumClass@@QAE@XZ
divergent	??0GDIFileStream@@QAE@PAVFile@@@Z
divergent	??0GameSlot@@QAE@ABV0@@Z
divergent	??0GeometryInfo@@QAE@ABV0@@Z
divergent	??0GeometryInfo@@QAE@W4GeometryType@@_NMMM@Z
divergent	??0GeometryShape@@QAE@ABU0@@Z
divergent	??0GridTextureMapperClass@@QAE@ABV0@@Z
divergent	??0HAnimClass@@QAE@XZ
divergent	??0HijackerUpdateModuleData@@QAE@XZ
divergent	??0LadderPref@@QAE@ABV0@@Z
divergent	??0LaserUpdate@@QAE@PAVThing@@PBVModuleData@@@Z
divergent	??0LifetimeUpdateModuleData@@QAE@XZ
divergent	??0LightPulseFXNugget@@QAE@XZ
divergent	??0LineSegment@?7??RenderStreak@StreakRendererClass@@QAEXAAVRenderInfoClass@@ABVMatrix3D@@IPAVVector3@@PAVVector4@@PAMABVSphereClass@@PAI@Z@QAE@XZ
divergent	??0LoadFailure@DllHandle@@QAE@ABV01@@Z
divergent	??0LockClass@FastCriticalSectionClass@@QAE@AAV1@@Z
divergent	??0MapMetaData@@QAE@ABV0@@Z
divergent	??0Material_Override@RenderObjClass@@QAE@XZ
divergent	??0Matrix3@@QAE@ABV0@@Z
divergent	??0Matrix3@@QAE@ABVVector3@@00@Z
divergent	??0Matrix3@@QAE@XZ
divergent	??0Matrix3D@@QAE@ABV0@@Z
divergent	??0Matrix3D@@QAE@ABVVector3@@@Z
divergent	??0Matrix3D@@QAE@ABVVector3@@M@Z
divergent	??0Matrix3D@@QAE@MMMMMMMMMMMM@Z
divergent	??0Matrix3D@@QAE@XZ
divergent	??0Matrix3D@@QAE@_N@Z
divergent	??0Matrix3x3@@QAE@_N@Z
divergent	??0Matrix4@@QAE@ABVMatrix3D@@@Z
divergent	??0Matrix4@@QAE@ABVVector4@@000@Z
divergent	??0Matrix4@@QAE@XZ
divergent	??0Matrix4@@QAE@_N@Z
divergent	??0ModuleData@@QAE@XZ
divergent	??0ModuleDataBase@@QAE@XZ
divergent	??0Money@@QAE@ABV0@@Z
divergent	??0Money@@QAE@XZ
divergent	??0MoneyCrateCollideModuleData@@QAE@XZ
divergent	??0MouseThreadClass@@QAE@XZ
divergent	??0MultiListObjectClass@@QAE@XZ
divergent	??0Nugget@ModuleInfo@@QAE@ABU01@@Z
divergent	??0Null3DObjClass@@QAE@PBD@Z
divergent	??0OBBoxClass@@QAE@ABVVector3@@0@Z
divergent	??0Overridable@@QAE@XZ
divergent	??0Parameter@@QAE@W4ParameterType@0@H@Z
divergent	??0ParticleSystemFXNugget@@QAE@XZ
divergent	??0PartitionFilter@@QAE@XZ
divergent	??0PartitionFilterAcceptByKindOf@@QAE@ABV?$BitFlags@$0HE@@@0@Z
divergent	??0PartitionFilterSameMapStatus@@QAE@PBVObject@@@Z
divergent	??0PeerRequest@@QAE@XZ
divergent	??0PendingSurfaceStruct@Render2DSentenceClass@@QAE@XZ
divergent	??0PrereqUnitRec@ProductionPrerequisite@@QAE@ABU01@@Z
divergent	??0PristineBoneInfo@@QAE@ABU0@@Z
divergent	??0PristineBoneInfo@@QAE@XZ
divergent	??0ProductionPrerequisite@@QAE@ABV0@@Z
divergent	??0ProxyClass@@QAE@XZ
divergent	??0RadarUpgradeModuleData@@QAE@XZ
divergent	??0RadiusDecalTemplate@@QAE@ABV0@@Z
divergent	??0RayCollisionTestClass@@QAE@ABV0@ABVMatrix3D@@@Z
divergent	??0RayCollisionTestClass@@QAE@ABVLineSegClass@@PAUCastResultStruct@@H_N2@Z
divergent	??0RayEffectFXNugget@@QAE@XZ
divergent	??0RefCountClass@@QAE@XZ
divergent	??0RenderStateStruct@@QAE@XZ
divergent	??0Rva00253487Base@@QAE@XZ
divergent	??0Rva00261409Filter@@QAE@PAVPlayer@@_NH@Z
divergent	??0Rva006D6360Base@@QAE@HH@Z
divergent	??0Rva00808CB0LanGameEntry@@QAE@XZ
divergent	??0SalvageCrateCollideModuleData@@QAE@XZ
divergent	??0ShaderClass@@QAE@ABV0@@Z
divergent	??0SlavedUpdateModuleData@@QAE@XZ
divergent	??0SortingNodeStruct@@QAE@XZ
divergent	??0SpawnBehaviorModuleData@@QAE@XZ
divergent	??0SpawnPointProductionExitUpdateModuleData@@QAE@XZ
divergent	??0SpawnUnitBehaviorModuleData@@QAE@XZ
divergent	??0SpecialPowerCompletionDieModuleData@@QAE@XZ
divergent	??0SphericalEmissionVelocityInfo@FXParticleSystem@@QAE@XZ
divergent	??0SphericalEmissionVelocityModuleTemplate@FXParticleSystem@@QAE@XZ
divergent	??0StateConditionInfo@@QAE@P6A_NPAVState@@PAX@ZI1@Z
divergent	??0StaticNameKey@@QAE@PBD@Z
divergent	??0StatusBitsUpgradeModuleData@@QAE@XZ
divergent	??0StealthDetectorUpdateModuleData@@QAE@XZ
divergent	??0StringClass@@QAE@ABV0@_N@Z
divergent	??0StringClass@@QAE@H_N@Z
divergent	??0StringClass@@QAE@PBD_N@Z
divergent	??0StructureBodyModuleData@@QAE@XZ
divergent	??0StructureCollapseUpdateModuleData@@QAE@XZ
divergent	??0StructureToppleUpdateModuleData@@QAE@XZ
divergent	??0SubObjectsUpgradeModuleData@@QAE@XZ
divergent	??0SupplyTruckAIUpdateModuleData@@QAE@XZ
divergent	??0TextureMapperClass@@QAE@ABV0@@Z
divergent	??0TextureVector@@QAE@XZ
divergent	??0Textures_Material_And_Shader_Booking_Struct@@QAE@XZ
divergent	??0TreeKey00242F5E@@QAE@ABU0@@Z
divergent	??0TunnelContainModuleData@@QAE@XZ
divergent	??0UVBufferClass@@QAE@HPBD@Z
divergent	??0UnitCrateCollideModuleData@@QAE@XZ
divergent	??0UpdateModuleData@@QAE@XZ
divergent	??0UpgradeDieModuleData@@QAE@XZ
divergent	??0UpgradeMux@@QAE@XZ
divergent	??0Vector4@@QAE@ABV0@@Z
divergent	??0Vector4@@QAE@MMMM@Z
divergent	??0Vertex_Split_Table@@QAE@PAVMeshModelClass@@@Z
divergent	??0VeterancyCrateCollideModuleData@@QAE@XZ
divergent	??0ViewShakeFXNugget@@QAE@XZ
divergent	??0WeaponBarrelInfo@ModelConditionInfo@@QAE@XZ
divergent	??0WorkerAIUpdateModuleData@@QAE@XZ
divergent	??0_Bit_iterator_base@_STL@@QAE@PAII@Z
divergent	??0_Bit_iterator_base@_STL@@QAE@XZ
divergent	??0_Bit_reference@_STL@@QAE@PAII@Z
divergent	??0_List_iterator_base@_STL@@QAE@PAU_List_node_base@1@@Z
divergent	??0crateCreationEntry@@QAE@ABU0@@Z
divergent	??0crateCreationEntry@@QAE@XZ
divergent	??0edgeInfo@TerrainTracksRenderObjClass@@QAE@XZ
divergent	??0locale@_STL@@QAE@XZ
divergent	??0sentry@?$basic_ostream@DV?$char_traits@D@_STL@@@_STL@@AAE@ABV012@@Z
divergent	??0sentry@?$basic_ostream@DV?$char_traits@D@_STL@@@_STL@@QAE@AAV12@@Z
divergent	??1?$CategoryModuleTemplate@$00@FXParticleSystem@@UAE@XZ
divergent	??1?$CategoryModuleTemplate@$01@FXParticleSystem@@UAE@XZ
divergent	??1?$CategoryModuleTemplate@$02@FXParticleSystem@@UAE@XZ
divergent	??1?$CategoryModuleTemplate@$03@FXParticleSystem@@UAE@XZ
divergent	??1?$CategoryModuleTemplate@$04@FXParticleSystem@@UAE@XZ
divergent	??1?$CategoryModuleTemplate@$05@FXParticleSystem@@UAE@XZ
divergent	??1?$CategoryModuleTemplate@$06@FXParticleSystem@@UAE@XZ
divergent	??1?$CategoryModuleTemplate@$07@FXParticleSystem@@UAE@XZ
divergent	??1?$CategoryModuleTemplate@$0A@@FXParticleSystem@@UAE@XZ
divergent	??1?$CategoryModuleTemplateBase@$00@FXParticleSystem@@UAE@XZ
divergent	??1?$CategoryModuleTemplateBase@$01@FXParticleSystem@@UAE@XZ
divergent	??1?$CategoryModuleTemplateBase@$02@FXParticleSystem@@UAE@XZ
divergent	??1?$CategoryModuleTemplateBase@$03@FXParticleSystem@@UAE@XZ
divergent	??1?$CategoryModuleTemplateBase@$04@FXParticleSystem@@UAE@XZ
divergent	??1?$CategoryModuleTemplateBase@$05@FXParticleSystem@@UAE@XZ
divergent	??1?$CategoryModuleTemplateBase@$0A@@FXParticleSystem@@UAE@XZ
divergent	??1?$DefaultModuleTemplate@$00@FXParticleSystem@@UAE@XZ
divergent	??1?$DefaultModuleTemplate@$01@FXParticleSystem@@UAE@XZ
divergent	??1?$DefaultModuleTemplate@$02@FXParticleSystem@@UAE@XZ
divergent	??1?$DefaultModuleTemplate@$05@FXParticleSystem@@UAE@XZ
divergent	??1?$DefaultModuleTemplate@$0A@@FXParticleSystem@@UAE@XZ
divergent	??1?$DynamicVectorClass@PAVRender2DClass@@@@UAE@XZ
divergent	??1?$DynamicVectorClass@VStringClass@@@@UAE@XZ
divergent	??1?$ObjectPoolClass@VHAnimComboDataClass@@$0BAA@@@QAE@XZ
divergent	??1?$RefMultiListClass@VRenderObjClass@@@@UAE@XZ
divergent	??1?$ShareBufferClass@D@@UAE@XZ
divergent	??1?$ShareBufferClass@G@@UAE@XZ
divergent	??1?$ShareBufferClass@I@@UAE@XZ
divergent	??1?$ShareBufferClass@K@@UAE@XZ
divergent	??1?$ShareBufferClass@PAVVertexMaterialClass@@@@UAE@XZ
divergent	??1?$ShareBufferClass@VVector2@@@@UAE@XZ
divergent	??1?$ShareBufferClass@VVector3@@@@UAE@XZ
divergent	??1?$SimpleDynVecClass@M@@UAE@XZ
divergent	??1?$SimpleDynVecClass@VVector3@@@@UAE@XZ
divergent	??1?$SimpleDynVecClass@VVector4@@@@UAE@XZ
divergent	??1?$SimpleVecClass@M@@UAE@XZ
divergent	??1?$SimpleVecClass@VVector3@@@@UAE@XZ
divergent	??1?$VectorClass@H@@UAE@XZ
divergent	??1?$VectorClass@PAVRender2DClass@@@@UAE@XZ
divergent	??1?$VectorClass@VProxyClass@@@@UAE@XZ
divergent	??1?$VectorClass@VStringClass@@@@UAE@XZ
divergent	??1?$_Bvector_base@V?$allocator@_N@_STL@@@_STL@@QAE@XZ
divergent	??1?$_Deque_base@PAVSightingInfo@@V?$allocator@PAVSightingInfo@@@_STL@@@_STL@@QAE@XZ
divergent	??1?$_Deque_base@PAXV?$allocator@PAX@_STL@@@_STL@@QAE@XZ
divergent	??1?$_Deque_base@UBfmeE8@@V?$allocator@UBfmeE8@@@_STL@@@_STL@@QAE@XZ
divergent	??1?$_Deque_base@UBfmeOpaqueOwnedRecord492@@V?$allocator@UBfmeOpaqueOwnedRecord492@@@_STL@@@_STL@@QAE@XZ
divergent	??1?$_Deque_base@UBfmeOpaqueOwnedRecord840@@V?$allocator@UBfmeOpaqueOwnedRecord840@@@_STL@@@_STL@@QAE@XZ
divergent	??1?$_Deque_base@VBuddyRequest@@V?$allocator@VBuddyRequest@@@_STL@@@_STL@@QAE@XZ
divergent	??1?$_Deque_base@VBuddyResponse@@V?$allocator@VBuddyResponse@@@_STL@@@_STL@@QAE@XZ
divergent	??1?$_List_base@PAVDrawable@@V?$allocator@PAVDrawable@@@_STL@@@_STL@@QAE@XZ
divergent	??1?$_List_base@PAVFXNugget@@V?$allocator@PAVFXNugget@@@_STL@@@_STL@@QAE@XZ
divergent	??1?$_List_base@PAVObject@@V?$allocator@PAVObject@@@_STL@@@_STL@@QAE@XZ
divergent	??1?$_List_base@UBfmePod8@@V?$allocator@UBfmePod8@@@_STL@@@_STL@@QAE@XZ
divergent	??1?$_List_base@UCoord3D@@V?$allocator@UCoord3D@@@_STL@@@_STL@@QAE@XZ
divergent	??1?$_List_base@V?$basic_string@DV?$char_traits@D@_STL@@V?$allocator@D@2@@_STL@@V?$allocator@V?$basic_string@DV?$char_traits@D@_STL@@V?$allocator@D@2@@_STL@@@2@@_STL@@QAE@XZ
divergent	??1?$_List_base@W4ObjectID@@V?$allocator@W4ObjectID@@@_STL@@@_STL@@QAE@XZ
divergent	??1?$_Node_Alloc_Lock@$00$0A@@_STL@@QAE@XZ
divergent	??1?$_Rb_tree@GU?$pair@$$CBGH@_STL@@U?$_Select1st@U?$pair@$$CBGH@_STL@@@2@U?$less@G@2@V?$allocator@U?$pair@$$CBGH@_STL@@@2@@_STL@@QAE@XZ
divergent	??1?$_Rb_tree@HHU?$_Identity@H@_STL@@U?$less@H@2@V?$allocator@H@2@@_STL@@QAE@XZ
divergent	??1?$_Rb_tree@HU?$pair@$$CBHH@_STL@@U?$_Select1st@U?$pair@$$CBHH@_STL@@@2@U?$less@H@2@V?$allocator@U?$pair@$$CBHH@_STL@@@2@@_STL@@QAE@XZ
divergent	??1?$_Rb_tree@HU?$pair@$$CBHI@_STL@@U?$_Select1st@U?$pair@$$CBHI@_STL@@@2@U?$less@H@2@V?$allocator@U?$pair@$$CBHI@_STL@@@2@@_STL@@QAE@XZ
divergent	??1?$_Rb_tree@HU?$pair@$$CBHPAX@_STL@@U?$_Select1st@U?$pair@$$CBHPAX@_STL@@@2@U?$less@H@2@V?$allocator@U?$pair@$$CBHPAX@_STL@@@2@@_STL@@QAE@XZ
divergent	??1?$_Rb_tree@HU?$pair@$$CBHUBfmePod24@@@_STL@@U?$_Select1st@U?$pair@$$CBHUBfmePod24@@@_STL@@@2@U?$less@H@2@V?$allocator@U?$pair@$$CBHUBfmePod24@@@_STL@@@2@@_STL@@QAE@XZ
divergent	??1?$_Rb_tree@HU?$pair@$$CBHUBfmePod52@@@_STL@@U?$_Select1st@U?$pair@$$CBHUBfmePod52@@@_STL@@@2@U?$less@H@2@V?$allocator@U?$pair@$$CBHUBfmePod52@@@_STL@@@2@@_STL@@QAE@XZ
divergent	??1?$_Rb_tree@HU?$pair@$$CBHURva00462D35Mapped@@@_STL@@U?$_Select1st@U?$pair@$$CBHURva00462D35Mapped@@@_STL@@@2@U?$less@H@2@V?$allocator@U?$pair@$$CBHURva00462D35Mapped@@@_STL@@@2@@_STL@@QAE@XZ
divergent	??1?$_Rb_tree@HU?$pair@$$CBHURva004D1B38Mapped@@@_STL@@U?$_Select1st@U?$pair@$$CBHURva004D1B38Mapped@@@_STL@@@2@U?$less@H@2@V?$allocator@U?$pair@$$CBHURva004D1B38Mapped@@@_STL@@@2@@_STL@@QAE@XZ
divergent	??1?$_Rb_tree@HU?$pair@$$CBHV?$vector@IV?$allocator@I@_STL@@@_STL@@@_STL@@U?$_Select1st@U?$pair@$$CBHV?$vector@IV?$allocator@I@_STL@@@_STL@@@_STL@@@2@U?$less@H@2@V?$allocator@U?$pair@$$CBHV?$vector@IV?$allocator@I@_STL@@@_STL@@@_STL@@@2@@_STL@@QAE@XZ
divergent	??1?$_Rb_tree@HU?$pair@$$CBHVMultiplayerColorDefinition@@@_STL@@U?$_Select1st@U?$pair@$$CBHVMultiplayerColorDefinition@@@_STL@@@2@U?$less@H@2@V?$allocator@U?$pair@$$CBHVMultiplayerColorDefinition@@@_STL@@@2@@_STL@@QAE@XZ
divergent	??1?$_Rb_tree@IU?$pair@$$CBIPAX@_STL@@U?$_Select1st@U?$pair@$$CBIPAX@_STL@@@2@U?$less@I@2@V?$allocator@U?$pair@$$CBIPAX@_STL@@@2@@_STL@@QAE@XZ
divergent	??1?$_Rb_tree@JU?$pair@$$CBJVLadderPref@@@_STL@@U?$_Select1st@U?$pair@$$CBJVLadderPref@@@_STL@@@2@U?$less@J@2@V?$allocator@U?$pair@$$CBJVLadderPref@@@_STL@@@2@@_STL@@QAE@XZ
divergent	??1?$_Rb_tree@UBfmeStringRecord002CF550@@U1@U?$_Identity@UBfmeStringRecord002CF550@@@_STL@@U?$less@UBfmeStringRecord002CF550@@@3@V?$allocator@UBfmeStringRecord002CF550@@@3@@_STL@@QAE@XZ
divergent	??1?$_Rb_tree@URva0027EA49@@U1@U?$_Identity@URva0027EA49@@@_STL@@U?$less@URva0027EA49@@@3@V?$allocator@URva0027EA49@@@3@@_STL@@QAE@XZ
divergent	??1?$_Rb_tree@VAsciiString@@U?$pair@$$CBVAsciiString@@UCoord3D@@@_STL@@U?$_Select1st@U?$pair@$$CBVAsciiString@@UCoord3D@@@_STL@@@3@U?$less@VAsciiString@@@3@V?$allocator@U?$pair@$$CBVAsciiString@@UCoord3D@@@_STL@@@3@@_STL@@QAE@XZ
divergent	??1?$_Rb_tree@VAsciiString@@U?$pair@$$CBVAsciiString@@UTreeHintRef00221D6B@@@_STL@@U?$_Select1st@U?$pair@$$CBVAsciiString@@UTreeHintRef00221D6B@@@_STL@@@3@U?$less@VAsciiString@@@3@V?$allocator@U?$pair@$$CBVAsciiString@@UTreeHintRef00221D6B@@@_STL@@@3@@_STL@@QAE@XZ
divergent	??1?$_Rb_tree@VAsciiString@@U?$pair@$$CBVAsciiString@@UTreeHintRef0051030C@@@_STL@@U?$_Select1st@U?$pair@$$CBVAsciiString@@UTreeHintRef0051030C@@@_STL@@@3@U?$less@VAsciiString@@@3@V?$allocator@U?$pair@$$CBVAsciiString@@UTreeHintRef0051030C@@@_STL@@@3@@_STL@@QAE@XZ
divergent	??1?$_Rb_tree@VAsciiString@@U?$pair@$$CBVAsciiString@@V1@@_STL@@U?$_Select1st@U?$pair@$$CBVAsciiString@@V1@@_STL@@@3@U?$less@VAsciiString@@@3@V?$allocator@U?$pair@$$CBVAsciiString@@V1@@_STL@@@3@@_STL@@QAE@XZ
divergent	??1?$_Rb_tree@VAsciiString@@U?$pair@$$CBVAsciiString@@V?$list@VAsciiString@@V?$allocator@VAsciiString@@@_STL@@@_STL@@@_STL@@U?$_Select1st@U?$pair@$$CBVAsciiString@@V?$list@VAsciiString@@V?$allocator@VAsciiString@@@_STL@@@_STL@@@_STL@@@3@U?$less@VAsciiString@@@3@V?$allocator@U?$pair@$$CBVAsciiString@@V?$list@VAsciiString@@V?$allocator@VAsciiString@@@_STL@@@_STL@@@_STL@@@3@@_STL@@QAE@XZ
divergent	??1?$_Rb_tree@VAsciiString@@U?$pair@$$CBVAsciiString@@VArchivedFileInfo@@@_STL@@U?$_Select1st@U?$pair@$$CBVAsciiString@@VArchivedFileInfo@@@_STL@@@3@U?$less@VAsciiString@@@3@V?$allocator@U?$pair@$$CBVAsciiString@@VArchivedFileInfo@@@_STL@@@3@@_STL@@QAE@XZ
divergent	??1?$_Rb_tree@VAsciiString@@U?$pair@$$CBVAsciiString@@VDetailedArchivedDirectoryInfo@@@_STL@@U?$_Select1st@U?$pair@$$CBVAsciiString@@VDetailedArchivedDirectoryInfo@@@_STL@@@3@U?$less@VAsciiString@@@3@V?$allocator@U?$pair@$$CBVAsciiString@@VDetailedArchivedDirectoryInfo@@@_STL@@@3@@_STL@@QAE@XZ
divergent	??1?$_Rb_tree@VAsciiString@@U?$pair@$$CBVAsciiString@@VPlayerInfo@@@_STL@@U?$_Select1st@U?$pair@$$CBVAsciiString@@VPlayerInfo@@@_STL@@@3@UAsciiComparator@@V?$allocator@U?$pair@$$CBVAsciiString@@VPlayerInfo@@@_STL@@@3@@_STL@@QAE@XZ
divergent	??1?$_Rb_tree@VAsciiString@@V1@U?$_Identity@VAsciiString@@@_STL@@U?$less@VAsciiString@@@3@V?$allocator@VAsciiString@@@3@@_STL@@QAE@XZ
divergent	??1?$_Rb_tree@W4LocomotorSetType@@U?$pair@$$CBW4LocomotorSetType@@V?$vector@PBVLocomotorTemplate@@V?$allocator@PBVLocomotorTemplate@@@_STL@@@_STL@@@_STL@@U?$_Select1st@U?$pair@$$CBW4LocomotorSetType@@V?$vector@PBVLocomotorTemplate@@V?$allocator@PBVLocomotorTemplate@@@_STL@@@_STL@@@_STL@@@3@U?$less@W4LocomotorSetType@@@3@V?$allocator@U?$pair@$$CBW4LocomotorSetType@@V?$vector@PBVLocomotorTemplate@@V?$allocator@PBVLocomotorTemplate@@@_STL@@@_STL@@@_STL@@@3@@_STL@@QAE@XZ
divergent	??1?$_Rb_tree@W4NameKeyType@@U?$pair@$$CBW4NameKeyType@@UPristineBoneInfo@@@_STL@@U?$_Select1st@U?$pair@$$CBW4NameKeyType@@UPristineBoneInfo@@@_STL@@@3@U?$less@W4NameKeyType@@@3@V?$allocator@U?$pair@$$CBW4NameKeyType@@UPristineBoneInfo@@@_STL@@@3@@_STL@@QAE@XZ
divergent	??1?$_Rb_tree@W4NameKeyType@@U?$pair@$$CBW4NameKeyType@@VModuleTemplate@ModuleFactory@@@_STL@@U?$_Select1st@U?$pair@$$CBW4NameKeyType@@VModuleTemplate@ModuleFactory@@@_STL@@@3@U?$less@W4NameKeyType@@@3@V?$allocator@U?$pair@$$CBW4NameKeyType@@VModuleTemplate@ModuleFactory@@@_STL@@@3@@_STL@@QAE@XZ
divergent	??1?$_Rb_tree@W4ScienceType@@U?$pair@$$CBW4ScienceType@@_N@_STL@@U?$_Select1st@U?$pair@$$CBW4ScienceType@@_N@_STL@@@3@U?$less@W4ScienceType@@@3@V?$allocator@U?$pair@$$CBW4ScienceType@@_N@_STL@@@3@@_STL@@QAE@XZ
divergent	??1?$_Rb_tree_base@U?$pair@$$CBGH@_STL@@V?$allocator@U?$pair@$$CBGH@_STL@@@2@@_STL@@QAE@XZ
divergent	??1?$_Rb_tree_base@U?$pair@$$CBHI@_STL@@V?$allocator@U?$pair@$$CBHI@_STL@@@2@@_STL@@QAE@XZ
divergent	??1?$_Rb_tree_base@U?$pair@$$CBHPAX@_STL@@V?$allocator@U?$pair@$$CBHPAX@_STL@@@2@@_STL@@QAE@XZ
divergent	??1?$_Rb_tree_base@U?$pair@$$CBHUBfmePod24@@@_STL@@V?$allocator@U?$pair@$$CBHUBfmePod24@@@_STL@@@2@@_STL@@QAE@XZ
divergent	??1?$_Rb_tree_base@U?$pair@$$CBHUBfmePod52@@@_STL@@V?$allocator@U?$pair@$$CBHUBfmePod52@@@_STL@@@2@@_STL@@QAE@XZ
divergent	??1?$_Rb_tree_base@U?$pair@$$CBHURva00462D35Mapped@@@_STL@@V?$allocator@U?$pair@$$CBHURva00462D35Mapped@@@_STL@@@2@@_STL@@QAE@XZ
divergent	??1?$_Rb_tree_base@U?$pair@$$CBHVAsciiString@@@_STL@@V?$allocator@U?$pair@$$CBHVAsciiString@@@_STL@@@2@@_STL@@QAE@XZ
divergent	??1?$_Rb_tree_base@U?$pair@$$CBIPAX@_STL@@V?$allocator@U?$pair@$$CBIPAX@_STL@@@2@@_STL@@QAE@XZ
divergent	??1?$_Rb_tree_base@U?$pair@$$CBJVLadderPref@@@_STL@@V?$allocator@U?$pair@$$CBJVLadderPref@@@_STL@@@2@@_STL@@QAE@XZ
divergent	??1?$_Rb_tree_base@U?$pair@$$CBVAsciiString@@UCoord3D@@@_STL@@V?$allocator@U?$pair@$$CBVAsciiString@@UCoord3D@@@_STL@@@2@@_STL@@QAE@XZ
divergent	??1?$_Rb_tree_base@U?$pair@$$CBVAsciiString@@UTreeHintRef00221D6B@@@_STL@@V?$allocator@U?$pair@$$CBVAsciiString@@UTreeHintRef00221D6B@@@_STL@@@2@@_STL@@QAE@XZ
divergent	??1?$_Rb_tree_base@U?$pair@$$CBVAsciiString@@V1@@_STL@@V?$allocator@U?$pair@$$CBVAsciiString@@V1@@_STL@@@2@@_STL@@QAE@XZ
divergent	??1?$_Rb_tree_base@U?$pair@$$CBVAsciiString@@V?$list@VAsciiString@@V?$allocator@VAsciiString@@@_STL@@@_STL@@@_STL@@V?$allocator@U?$pair@$$CBVAsciiString@@V?$list@VAsciiString@@V?$allocator@VAsciiString@@@_STL@@@_STL@@@_STL@@@2@@_STL@@QAE@XZ
divergent	??1?$_Rb_tree_base@U?$pair@$$CBW4NameKeyType@@VModuleTemplate@ModuleFactory@@@_STL@@V?$allocator@U?$pair@$$CBW4NameKeyType@@VModuleTemplate@ModuleFactory@@@_STL@@@2@@_STL@@QAE@XZ
divergent	??1?$_Rb_tree_base@U?$pair@$$CBW4ScienceType@@_N@_STL@@V?$allocator@U?$pair@$$CBW4ScienceType@@_N@_STL@@@2@@_STL@@QAE@XZ
divergent	??1?$_Rb_tree_base@VAsciiString@@V?$allocator@VAsciiString@@@_STL@@@_STL@@QAE@XZ
divergent	??1?$_STLP_alloc_proxy@IPAXV?$allocator@PAX@_STL@@@_STL@@QAE@XZ
divergent	??1?$_STLP_alloc_proxy@PAIIV?$allocator@I@_STL@@@_STL@@QAE@XZ
divergent	??1?$_STLP_alloc_proxy@PAPAPAXPAPAXV?$allocator@PAPAX@_STL@@@_STL@@QAE@XZ
divergent	??1?$_STLP_alloc_proxy@PAPAXPAXV?$allocator@PAX@_STL@@@_STL@@QAE@XZ
divergent	??1?$_String_base@DV?$allocator@D@_STL@@@_STL@@QAE@XZ
divergent	??1?$_String_base@GV?$allocator@G@_STL@@@_STL@@QAE@XZ
divergent	??1?$_Vector_base@HV?$allocator@H@_STL@@@_STL@@QAE@XZ
divergent	??1?$_Vector_base@IV?$allocator@I@_STL@@@_STL@@QAE@XZ
divergent	??1?$_Vector_base@PAUBfmeExpLevelDraw@@V?$allocator@PAUBfmeExpLevelDraw@@@_STL@@@_STL@@QAE@XZ
divergent	??1?$_Vector_base@PAUBfmeMorphCondition@@V?$allocator@PAUBfmeMorphCondition@@@_STL@@@_STL@@QAE@XZ
divergent	??1?$_Vector_base@PAVObject@@V?$allocator@PAVObject@@@_STL@@@_STL@@QAE@XZ
divergent	??1?$_Vector_base@PAVObjectCreationNugget@@V?$allocator@PAVObjectCreationNugget@@@_STL@@@_STL@@QAE@XZ
divergent	??1?$_Vector_base@PAXV?$allocator@PAX@_STL@@@_STL@@QAE@XZ
divergent	??1?$_Vector_base@PBVLocomotorTemplate@@V?$allocator@PBVLocomotorTemplate@@@_STL@@@_STL@@QAE@XZ
divergent	??1?$_Vector_base@PBVObjectCreationList@@V?$allocator@PBVObjectCreationList@@@_STL@@@_STL@@QAE@XZ
divergent	??1?$_Vector_base@UAngleFXInfo@@V?$allocator@UAngleFXInfo@@@_STL@@@_STL@@QAE@XZ
divergent	??1?$_Vector_base@UBfmeE16@@V?$allocator@UBfmeE16@@@_STL@@@_STL@@QAE@XZ
divergent	??1?$_Vector_base@UBfmeE8@@V?$allocator@UBfmeE8@@@_STL@@@_STL@@QAE@XZ
divergent	??1?$_Vector_base@UBfmeObject544@@V?$allocator@UBfmeObject544@@@_STL@@@_STL@@QAE@XZ
divergent	??1?$_Vector_base@UBfmePod88@@V?$allocator@UBfmePod88@@@_STL@@@_STL@@QAE@XZ
divergent	??1?$_Vector_base@UBfmeRecord0040B61A@@V?$allocator@UBfmeRecord0040B61A@@@_STL@@@_STL@@QAE@XZ
divergent	??1?$_Vector_base@UBfmeStringHeadRecord160@@V?$allocator@UBfmeStringHeadRecord160@@@_STL@@@_STL@@QAE@XZ
divergent	??1?$_Vector_base@UBfmeStringRecord000331962@@V?$allocator@UBfmeStringRecord000331962@@@_STL@@@_STL@@QAE@XZ
divergent	??1?$_Vector_base@UCoord3D@@V?$allocator@UCoord3D@@@_STL@@@_STL@@QAE@XZ
divergent	??1?$_Vector_base@UFXBoneInfo@@V?$allocator@UFXBoneInfo@@@_STL@@@_STL@@QAE@XZ
divergent	??1?$_Vector_base@UGen003AA0D0@@V?$allocator@UGen003AA0D0@@@_STL@@@_STL@@QAE@XZ
divergent	??1?$_Vector_base@UGeometryRecord@@V?$allocator@UGeometryRecord@@@_STL@@@_STL@@QAE@XZ
divergent	??1?$_Vector_base@UGeometryShape@@V?$allocator@UGeometryShape@@@_STL@@@_STL@@QAE@XZ
divergent	??1?$_Vector_base@UHorzLine@@V?$allocator@UHorzLine@@@_STL@@@_STL@@QAE@XZ
divergent	??1?$_Vector_base@UICoord2D@@V?$allocator@UICoord2D@@@_STL@@@_STL@@QAE@XZ
divergent	??1?$_Vector_base@UMade002CC5E1DamageScalar@@V?$allocator@UMade002CC5E1DamageScalar@@@_STL@@@_STL@@QAE@XZ
divergent	??1?$_Vector_base@UOCLUpgradePair@@V?$allocator@UOCLUpgradePair@@@_STL@@@_STL@@QAE@XZ
divergent	??1?$_Vector_base@UPrereqUnitRec@ProductionPrerequisite@@V?$allocator@UPrereqUnitRec@ProductionPrerequisite@@@_STL@@@_STL@@QAE@XZ
divergent	??1?$_Vector_base@UQuantityModifier@@V?$allocator@UQuantityModifier@@@_STL@@@_STL@@QAE@XZ
divergent	??1?$_Vector_base@URva00395D77@@V?$allocator@URva00395D77@@@_STL@@@_STL@@QAE@XZ
divergent	??1?$_Vector_base@URva00B6CF1@@V?$allocator@URva00B6CF1@@@_STL@@@_STL@@QAE@XZ
divergent	??1?$_Vector_base@URvaPair0039973B@@V?$allocator@URvaPair0039973B@@@_STL@@@_STL@@QAE@XZ
divergent	??1?$_Vector_base@USegInfo@W3DRopeDraw@@V?$allocator@USegInfo@W3DRopeDraw@@@_STL@@@_STL@@QAE@XZ
divergent	??1?$_Vector_base@VAsciiString@@V?$allocator@VAsciiString@@@_STL@@@_STL@@QAE@XZ
divergent	??1?$_Vector_base@VRva00297360Element@@V?$allocator@VRva00297360Element@@@_STL@@@_STL@@QAE@XZ
divergent	??1?$_Vector_base@W4ObjectID@@V?$allocator@W4ObjectID@@@_STL@@@_STL@@QAE@XZ
divergent	??1?$_Vector_base@W4ParticleSystemID@@V?$allocator@W4ParticleSystemID@@@_STL@@@_STL@@QAE@XZ
divergent	??1?$_Vector_base@W4ScienceType@@V?$allocator@W4ScienceType@@@_STL@@@_STL@@QAE@XZ
divergent	??1?$allocator@I@_STL@@QAE@XZ
divergent	??1?$allocator@PAX@_STL@@QAE@XZ
divergent	??1?$basic_filebuf@DV?$char_traits@D@_STL@@@_STL@@UAE@XZ
divergent	??1?$basic_filebuf@GV?$char_traits@G@_STL@@@_STL@@UAE@XZ
divergent	??1?$basic_ifstream@DV?$char_traits@D@_STL@@@_STL@@UAE@XZ
divergent	??1?$basic_ifstream@GV?$char_traits@G@_STL@@@_STL@@UAE@XZ
divergent	??1?$basic_ofstream@DV?$char_traits@D@_STL@@@_STL@@UAE@XZ
divergent	??1?$basic_ofstream@GV?$char_traits@G@_STL@@@_STL@@UAE@XZ
divergent	??1?$basic_ostream@DV?$char_traits@D@_STL@@@_STL@@UAE@XZ
divergent	??1?$basic_ostringstream@DV?$char_traits@D@_STL@@V?$allocator@D@2@@_STL@@UAE@XZ
divergent	??1?$basic_string@GV?$char_traits@G@_STL@@V?$allocator@G@2@@_STL@@QAE@XZ
divergent	??1?$basic_stringbuf@DV?$char_traits@D@_STL@@V?$allocator@D@2@@_STL@@UAE@XZ
divergent	??1?$deque@PAVSightingInfo@@V?$allocator@PAVSightingInfo@@@_STL@@@_STL@@QAE@XZ
divergent	??1?$deque@PAXV?$allocator@PAX@_STL@@@_STL@@QAE@XZ
divergent	??1?$deque@UBfmeE8@@V?$allocator@UBfmeE8@@@_STL@@@_STL@@QAE@XZ
divergent	??1?$deque@UBfmePod16@@V?$allocator@UBfmePod16@@@_STL@@@_STL@@QAE@XZ
divergent	??1?$deque@V?$deque@UBfmeWordValue4@@V?$allocator@UBfmeWordValue4@@@_STL@@@_STL@@V?$allocator@V?$deque@UBfmeWordValue4@@V?$allocator@UBfmeWordValue4@@@_STL@@@_STL@@@2@@_STL@@QAE@XZ
divergent	??1?$hashtable@U?$pair@$$CBHH@_STL@@HU?$hash@H@2@U?$_Select1st@U?$pair@$$CBHH@_STL@@@2@U?$equal_to@H@2@V?$allocator@U?$pair@$$CBHH@_STL@@@2@@_STL@@QAE@XZ
divergent	??1?$hashtable@U?$pair@$$CBVAsciiString@@PAVThingTemplate@@@_STL@@VAsciiString@@U?$hash@VAsciiString@@@rts@@U?$_Select1st@U?$pair@$$CBVAsciiString@@PAVThingTemplate@@@_STL@@@2@U?$equal_to@VAsciiString@@@5@V?$allocator@U?$pair@$$CBVAsciiString@@PAVThingTemplate@@@_STL@@@2@@_STL@@QAE@XZ
divergent	??1?$hashtable@U?$pair@$$CBVAsciiString@@V1@@_STL@@VAsciiString@@U?$hash@VAsciiString@@@rts@@U?$_Select1st@U?$pair@$$CBVAsciiString@@V1@@_STL@@@2@U?$equal_to@VAsciiString@@@2@V?$allocator@U?$pair@$$CBVAsciiString@@V1@@_STL@@@2@@_STL@@QAE@XZ
divergent	??1?$hashtable@U?$pair@$$CBW4NameKeyType@@VArmorTemplate@@@_STL@@W4NameKeyType@@U?$hash@W4NameKeyType@@@rts@@U?$_Select1st@U?$pair@$$CBW4NameKeyType@@VArmorTemplate@@@_STL@@@2@U?$equal_to@W4NameKeyType@@@Rva002D0C71Twin@@V?$allocator@U?$pair@$$CBW4NameKeyType@@VArmorTemplate@@@_STL@@@2@@_STL@@QAE@XZ
divergent	??1?$hashtable@U?$pair@$$CBW4NameKeyType@@VDamageFX@@@_STL@@W4NameKeyType@@U?$hash@W4NameKeyType@@@rts@@U?$_Select1st@U?$pair@$$CBW4NameKeyType@@VDamageFX@@@_STL@@@2@U?$equal_to@W4NameKeyType@@@5@V?$allocator@U?$pair@$$CBW4NameKeyType@@VDamageFX@@@_STL@@@2@@_STL@@QAE@XZ
divergent	??1?$hashtable@U?$pair@QBVGameWindow@@PAVWindowVideo@@@_STL@@PBVGameWindow@@UhashConstGameWindowPtr@WindowVideoManager@@U?$_Select1st@U?$pair@QBVGameWindow@@PAVWindowVideo@@@_STL@@@2@U?$equal_to@PBVGameWindow@@@2@V?$allocator@U?$pair@QBVGameWindow@@PAVWindowVideo@@@_STL@@@2@@_STL@@QAE@XZ
divergent	??1?$list@V?$basic_string@DV?$char_traits@D@_STL@@V?$allocator@D@2@@_STL@@V?$allocator@V?$basic_string@DV?$char_traits@D@_STL@@V?$allocator@D@2@@_STL@@@2@@_STL@@QAE@XZ
divergent	??1?$pair@$$CBVAsciiString@@PBVFXList@@@_STL@@QAE@XZ
divergent	??1?$pair@$$CBVAsciiString@@UTreeHintRef0051030C@@@_STL@@QAE@XZ
divergent	??1?$pair@$$CBVAsciiString@@V1@@_STL@@QAE@XZ
divergent	??1?$pair@$$CBVAsciiString@@VArchivedFileInfo@@@_STL@@QAE@XZ
divergent	??1?$pair@$$CBVAsciiString@@VAudioEventRTS@@@_STL@@QAE@XZ
divergent	??1?$pair@$$CBVAsciiString@@VDetailedArchivedDirectoryInfo@@@_STL@@QAE@XZ
divergent	??1?$pair@$$CBVAsciiString@@VMapMetaData@@@_STL@@QAE@XZ
divergent	??1?$pair@$$CBVAsciiString@@_N@_STL@@QAE@XZ
divergent	??1?$time_get@DV?$istreambuf_iterator@DV?$char_traits@D@_STL@@@_STL@@@_STL@@MAE@XZ
divergent	??1?$time_get@GV?$istreambuf_iterator@GV?$char_traits@G@_STL@@@_STL@@@_STL@@MAE@XZ
divergent	??1?$time_put@DV?$ostreambuf_iterator@DV?$char_traits@D@_STL@@@_STL@@@_STL@@MAE@XZ
divergent	??1?$time_put@GV?$ostreambuf_iterator@GV?$char_traits@G@_STL@@@_STL@@@_STL@@MAE@XZ
divergent	??1?$vector@HV?$allocator@H@_STL@@@_STL@@QAE@XZ
divergent	??1?$vector@IV?$allocator@I@_STL@@@_STL@@QAE@XZ
divergent	??1?$vector@PAUBfmeExpLevelDraw@@V?$allocator@PAUBfmeExpLevelDraw@@@_STL@@@_STL@@QAE@XZ
divergent	??1?$vector@PAUBfmeMorphCondition@@V?$allocator@PAUBfmeMorphCondition@@@_STL@@@_STL@@QAE@XZ
divergent	??1?$vector@PAVObject@@V?$allocator@PAVObject@@@_STL@@@_STL@@QAE@XZ
divergent	??1?$vector@PAVObjectCreationNugget@@V?$allocator@PAVObjectCreationNugget@@@_STL@@@_STL@@QAE@XZ
divergent	??1?$vector@PAXV?$allocator@PAX@_STL@@@_STL@@QAE@XZ
divergent	??1?$vector@PBVLocomotorTemplate@@V?$allocator@PBVLocomotorTemplate@@@_STL@@@_STL@@QAE@XZ
divergent	??1?$vector@PBVObjectCreationList@@V?$allocator@PBVObjectCreationList@@@_STL@@@_STL@@QAE@XZ
divergent	??1?$vector@UAngleFXInfo@@V?$allocator@UAngleFXInfo@@@_STL@@@_STL@@QAE@XZ
divergent	??1?$vector@UBfmeAssignRecord104@@V?$allocator@UBfmeAssignRecord104@@@_STL@@@_STL@@QAE@XZ
divergent	??1?$vector@UBfmeAssignRecord172@@V?$allocator@UBfmeAssignRecord172@@@_STL@@@_STL@@QAE@XZ
divergent	??1?$vector@UBfmeAssignRecord32@@V?$allocator@UBfmeAssignRecord32@@@_STL@@@_STL@@QAE@XZ
divergent	??1?$vector@UBfmeAssignRecord44@@V?$allocator@UBfmeAssignRecord44@@@_STL@@@_STL@@QAE@XZ
divergent	??1?$vector@UBfmeE16@@V?$allocator@UBfmeE16@@@_STL@@@_STL@@QAE@XZ
divergent	??1?$vector@UBfmeE8@@V?$allocator@UBfmeE8@@@_STL@@@_STL@@QAE@XZ
divergent	??1?$vector@UBfmeObject476@@V?$allocator@UBfmeObject476@@@_STL@@@_STL@@QAE@XZ
divergent	??1?$vector@UBfmeObject544@@V?$allocator@UBfmeObject544@@@_STL@@@_STL@@QAE@XZ
divergent	??1?$vector@UBfmePod216@@V?$allocator@UBfmePod216@@@_STL@@@_STL@@QAE@XZ
divergent	??1?$vector@UBfmePod248@@V?$allocator@UBfmePod248@@@_STL@@@_STL@@QAE@XZ
divergent	??1?$vector@UBfmePod252@@V?$allocator@UBfmePod252@@@_STL@@@_STL@@QAE@XZ
divergent	??1?$vector@UBfmeRecord0040B61A@@V?$allocator@UBfmeRecord0040B61A@@@_STL@@@_STL@@QAE@XZ
divergent	??1?$vector@UBfmeStringHeadRecord160@@V?$allocator@UBfmeStringHeadRecord160@@@_STL@@@_STL@@QAE@XZ
divergent	??1?$vector@UBfmeStringRecord000331962@@V?$allocator@UBfmeStringRecord000331962@@@_STL@@@_STL@@QAE@XZ
divergent	??1?$vector@UBfmeStringTailRecord156@@V?$allocator@UBfmeStringTailRecord156@@@_STL@@@_STL@@QAE@XZ
divergent	??1?$vector@UCoord3D@@V?$allocator@UCoord3D@@@_STL@@@_STL@@QAE@XZ
divergent	??1?$vector@UFXBoneInfo@@V?$allocator@UFXBoneInfo@@@_STL@@@_STL@@QAE@XZ
divergent	??1?$vector@UGeometryRecord@@V?$allocator@UGeometryRecord@@@_STL@@@_STL@@QAE@XZ
divergent	??1?$vector@UGeometryShape@@V?$allocator@UGeometryShape@@@_STL@@@_STL@@QAE@XZ
divergent	??1?$vector@UHorzLine@@V?$allocator@UHorzLine@@@_STL@@@_STL@@QAE@XZ
divergent	??1?$vector@UICoord2D@@V?$allocator@UICoord2D@@@_STL@@@_STL@@QAE@XZ
divergent	??1?$vector@UMade002CC5E1DamageScalar@@V?$allocator@UMade002CC5E1DamageScalar@@@_STL@@@_STL@@QAE@XZ
divergent	??1?$vector@UOCLUpgradePair@@V?$allocator@UOCLUpgradePair@@@_STL@@@_STL@@QAE@XZ
divergent	??1?$vector@UPrereqUnitRec@ProductionPrerequisite@@V?$allocator@UPrereqUnitRec@ProductionPrerequisite@@@_STL@@@_STL@@QAE@XZ
divergent	??1?$vector@UQuantityModifier@@V?$allocator@UQuantityModifier@@@_STL@@@_STL@@QAE@XZ
divergent	??1?$vector@URva001D28F0Element@@V?$allocator@URva001D28F0Element@@@_STL@@@_STL@@QAE@XZ
divergent	??1?$vector@URva00395D77@@V?$allocator@URva00395D77@@@_STL@@@_STL@@QAE@XZ
divergent	??1?$vector@URva00414BDBElement@@V?$allocator@URva00414BDBElement@@@_STL@@@_STL@@QAE@XZ
divergent	??1?$vector@URva00B6CF1@@V?$allocator@URva00B6CF1@@@_STL@@@_STL@@QAE@XZ
divergent	??1?$vector@URvaPair0039973B@@V?$allocator@URvaPair0039973B@@@_STL@@@_STL@@QAE@XZ
divergent	??1?$vector@USegInfo@W3DRopeDraw@@V?$allocator@USegInfo@W3DRopeDraw@@@_STL@@@_STL@@QAE@XZ
divergent	??1?$vector@VAsciiString@@V?$allocator@VAsciiString@@@_STL@@@_STL@@QAE@XZ
divergent	??1?$vector@VBfmeStringTailRecord156@@V?$allocator@VBfmeStringTailRecord156@@@_STL@@@_STL@@QAE@XZ
divergent	??1?$vector@VCameraMarker@@V?$allocator@VCameraMarker@@@_STL@@@_STL@@QAE@XZ
divergent	??1?$vector@VProductionPrerequisite@@V?$allocator@VProductionPrerequisite@@@_STL@@@_STL@@QAE@XZ
divergent	??1?$vector@VRva001EC349@@V?$allocator@VRva001EC349@@@_STL@@@_STL@@QAE@XZ
divergent	??1?$vector@VRva001ED0DE@@V?$allocator@VRva001ED0DE@@@_STL@@@_STL@@QAE@XZ
divergent	??1?$vector@VRva00297360Element@@V?$allocator@VRva00297360Element@@@_STL@@@_STL@@QAE@XZ
divergent	??1?$vector@VUnicodeString@@V?$allocator@VUnicodeString@@@_STL@@@_STL@@QAE@XZ
divergent	??1?$vector@W4ObjectID@@V?$allocator@W4ObjectID@@@_STL@@@_STL@@QAE@XZ
divergent	??1?$vector@W4ParticleSystemID@@V?$allocator@W4ParticleSystemID@@@_STL@@@_STL@@QAE@XZ
divergent	??1?$vector@W4ScienceType@@V?$allocator@W4ScienceType@@@_STL@@@_STL@@QAE@XZ
divergent	??1?$vector@_NV?$allocator@_N@_STL@@@_STL@@QAE@XZ
divergent	??1AICommandParmsStorage@@QAE@XZ
divergent	??1AttackNugget@@UAE@XZ
divergent	??1Base003F8ED6@@UAE@XZ
divergent	??1BehaviorModule@@MAE@XZ
divergent	??1BehaviorModule@@UAE@XZ
divergent	??1BfmePairEL@@QAE@XZ
divergent	??1BfmeResetShaderRef@@QAE@XZ
divergent	??1BfmeStringRecord000331962@@QAE@XZ
divergent	??1BfmeStringRecord000B757D@@QAE@XZ
divergent	??1BfmeStringRecord000B94D2@@QAE@XZ
divergent	??1BfmeStringRecord000B950F@@QAE@XZ
divergent	??1BfmeStringRecord00111ACF@@QAE@XZ
divergent	??1BfmeStringRecord00426A5B@@QAE@XZ
divergent	??1BfmeStringRecord005DDD40@@QAE@XZ
divergent	??1BoxEmissionVolumeInfo@FXParticleSystem@@UAE@XZ
divergent	??1BoxEmissionVolumeModuleTemplate@FXParticleSystem@@UAE@XZ
divergent	??1BridgeOCLInfo@@QAE@XZ
divergent	??1Buffer@@QAE@XZ
divergent	??1BufferPipe@@UAE@XZ
divergent	??1BufferStraw@@UAE@XZ
divergent	??1ButterflyDrawModuleTemplate@FXParticleSystem@@UAE@XZ
divergent	??1CDownload@@QAE@XZ
divergent	??1CommandSetUpgradeModuleData@@UAE@XZ
divergent	??1CylinderEmissionVolumeInfo@FXParticleSystem@@UAE@XZ
divergent	??1CylinderEmissionVolumeModuleTemplate@FXParticleSystem@@UAE@XZ
divergent	??1CylindricalEmissionVelocityInfo@FXParticleSystem@@UAE@XZ
divergent	??1CylindricalEmissionVelocityModuleTemplate@FXParticleSystem@@UAE@XZ
divergent	??1DX8PolygonRendererClass@@UAE@XZ
divergent	??1DamageInfo@@QAE@XZ
divergent	??1DelayedLuaEventUpdate@@UAE@XZ
divergent	??1DeliverPayloadData@@QAE@XZ
divergent	??1DetailedArchivedDirectoryInfo@@QAE@XZ
divergent	??1DrawModule@@MAE@XZ
divergent	??1DynamicAudioEventRTS@@MAE@XZ
divergent	??1FileInfoStruct@MixFileCreator@@QAE@XZ
divergent	??1FiringTracker@@UAE@XZ
divergent	??1FlammableUpdateModuleData@@UAE@XZ
divergent	??1FreePtr@@QAE@XZ
divergent	??1GenBase009EB7D0@@UAE@XZ
divergent	??1GenericObjectCreationNugget@@MAE@XZ
divergent	??1GeometryInfo@@UAE@XZ
divergent	??1GeometryRecord@@QAE@XZ
divergent	??1GeometryShape@@QAE@XZ
divergent	??1HelixContainModuleData@@UAE@XZ
divergent	??1HemisphericalEmissionVelocityModuleTemplate@FXParticleSystem@@UAE@XZ
divergent	??1HierarchyPrototypeRef@@QAE@XZ
divergent	??1LadderPref@@QAE@XZ
divergent	??1LifeEventModuleTemplate@FXParticleSystem@@UAE@XZ
divergent	??1LightningDrawModuleTemplate@FXParticleSystem@@UAE@XZ
divergent	??1LightningEmissionInfo@FXParticleSystem@@UAE@XZ
divergent	??1LightningEmissionModuleTemplate@FXParticleSystem@@UAE@XZ
divergent	??1LineEmissionVolumeInfo@FXParticleSystem@@UAE@XZ
divergent	??1LineEmissionVolumeModuleTemplate@FXParticleSystem@@UAE@XZ
divergent	??1Made002CC5E1DamageScalar@@QAE@XZ
divergent	??1MapMetaData@@QAE@XZ
divergent	??1MaterialPassClass@@UAE@XZ
divergent	??1MemoryPoolObjectHolder@@QAE@XZ
divergent	??1MouseThreadClass@@UAE@XZ
divergent	??1NetCommandMsg@@MAE@XZ
divergent	??1Nugget@ModuleInfo@@QAE@XZ
divergent	??1ObjectModule@@UAE@XZ
divergent	??1OilSpillUpdate@@UAE@XZ
divergent	??1OrthoEmissionVelocityInfo@FXParticleSystem@@UAE@XZ
divergent	??1OrthoEmissionVelocityModuleTemplate@FXParticleSystem@@UAE@XZ
divergent	??1OutwardEmissionVelocityInfo@FXParticleSystem@@UAE@XZ
divergent	??1OutwardEmissionVelocityModuleTemplate@FXParticleSystem@@UAE@XZ
divergent	??1PSPlayerStats@@QAE@XZ
divergent	??1PSRequest@@QAE@XZ
divergent	??1Parameter@@QAE@XZ
divergent	??1ParticleModule005F2CA0@@UAE@XZ
divergent	??1PeerRequest@@QAE@XZ
divergent	??1PendingSurfaceStruct@Render2DSentenceClass@@QAE@XZ
divergent	??1PointEmissionVolumeModuleTemplate@FXParticleSystem@@UAE@XZ
divergent	??1QuadDrawModuleTemplate@FXParticleSystem@@UAE@XZ
divergent	??1RefPtr@@QAE@XZ
divergent	??1RenderObjClass@@UAE@XZ
divergent	??1RenderObjectUpdateModuleTemplate@FXParticleSystem@@UAE@XZ
divergent	??1RenderStateStruct@@QAE@XZ
divergent	??1RunwayInfo@FlightDeckBehavior@@QAE@XZ
divergent	??1Rva0014CD63@@UAE@XZ
divergent	??1Rva00180B94_Prototype@@UAE@XZ
divergent	??1Rva001FDB55@@UAE@XZ
divergent	??1Rva0020453CHolderBase@@QAE@XZ
divergent	??1Rva00220CD4@@UAE@XZ
divergent	??1Rva00221C15Base@@QAE@XZ
divergent	??1Rva002CEC0A@@UAE@XZ
divergent	??1Rva00423A4A@@QAE@XZ
divergent	??1Rva00427611@@UAE@XZ
divergent	??1Rva004CA13@@UAE@XZ
divergent	??1Rva004D58DE@@UAE@XZ
divergent	??1Rva004D64F5@@UAE@XZ
divergent	??1Rva004E18A2@@UAE@XZ
divergent	??1Rva004E32F2@@UAE@XZ
divergent	??1Rva004FA830@@UAE@XZ
divergent	??1Rva00628FD@@UAE@XZ
divergent	??1Rva008FCA3@@UAE@XZ
divergent	??1Rva0090034@@UAE@XZ
divergent	??1Rva0090088@@UAE@XZ
divergent	??1Rva009519B@@UAE@XZ
divergent	??1Rva0098477@@UAE@XZ
divergent	??1Rva00985E4@@UAE@XZ
divergent	??1Rva00AAD26@@UAE@XZ
divergent	??1Rva00AB15D@@UAE@XZ
divergent	??1Rva00B6971@@UAE@XZ
divergent	??1Rva00B6DD2@@UAE@XZ
divergent	??1RvaBase@@UAE@XZ
divergent	??1S4SortElem20@@QAE@XZ
divergent	??1Shell@@UAE@XZ
divergent	??1SlowDeathBehaviorModuleData@@UAE@XZ
divergent	??1SortingNodeStruct@@QAE@XZ
divergent	??1SpawnBehavior@@UAE@XZ
divergent	??1SpecialAbilityUpdateModuleData@@UAE@XZ
divergent	??1SphereEmissionVolumeInfo@FXParticleSystem@@UAE@XZ
divergent	??1SphereEmissionVolumeModuleTemplate@FXParticleSystem@@UAE@XZ
divergent	??1SphericalEmissionVelocityInfo@FXParticleSystem@@UAE@XZ
divergent	??1SphericalEmissionVelocityModuleTemplate@FXParticleSystem@@UAE@XZ
divergent	??1State@@MAE@XZ
divergent	??1StatusBitsUpgradeModuleData@@UAE@XZ
divergent	??1StealthDetectorUpdateModuleData@@UAE@XZ
divergent	??1StreakDrawModuleTemplate@FXParticleSystem@@UAE@XZ
divergent	??1StructureCollapseUpdateModuleData@@UAE@XZ
divergent	??1SupplyTruckAIUpdateModuleData@@UAE@XZ
divergent	??1TerrainCollisionModuleTemplate@FXParticleSystem@@UAE@XZ
divergent	??1TerrainFireEmissionInfo@FXParticleSystem@@UAE@XZ
divergent	??1TerrainFireEmissionModuleTemplate@FXParticleSystem@@UAE@XZ
divergent	??1TexBufferClass@@UAE@XZ
divergent	??1TextureRef@@QAE@XZ
divergent	??1TextureStatisticsStructWide@@QAE@XZ
divergent	??1TimeAndLocationInfo@@QAE@XZ
divergent	??1TranslatorData@MessageStream@@QAE@XZ
divergent	??1TreeKey00242F5E@@QAE@XZ
divergent	??1TunnelContainModuleData@@UAE@XZ
divergent	??1UpdateModule@@MAE@XZ
divergent	??1UpdateModule@@UAE@XZ
divergent	??1UpdateModuleData@@UAE@XZ
divergent	??1UpgradeDieModuleData@@UAE@XZ
divergent	??1UpgradeModuleData@@UAE@XZ
divergent	??1VideoPlayer@@UAE@XZ
divergent	??1WeaponModeSpecialPowerUpdateBase@@UAE@XZ
divergent	??1_Time_Info@_STL@@QAE@XZ
divergent	??1_bstr_t@@QAE@XZ
divergent	??1bad_alloc@std@@UAE@XZ
divergent	??1sentry@?$basic_ostream@DV?$char_traits@D@_STL@@@_STL@@QAE@XZ
divergent	??2DynamicAudioEventRTS@@SAPAXIW4DynamicAudioEventRTSMagicEnum@0@@Z
divergent	??2Image@@SAPAXIW4ImageMagicEnum@0@@Z
divergent	??2NetDisconnectPlayerCommandMsg@@SAPAXIW4NetDisconnectPlayerCommandMsgMagicEnum@0@@Z
divergent	??3?$AutoPoolClass@VAABTreeLinkClass@@$0BAA@@@SAXPAX@Z
divergent	??3?$AutoPoolClass@VMatPassTaskClass@@$0BAA@@@SAXPAX@Z
divergent	??3Drawable@@SAXPAXW4DrawableMagicEnum@0@@Z
divergent	??3DynamicAudioEventRTS@@SAXPAXW4DynamicAudioEventRTSMagicEnum@0@@Z
divergent	??3Image@@SAXPAXW4ImageMagicEnum@0@@Z
divergent	??3NetDisconnectPlayerCommandMsg@@SAXPAXW4NetDisconnectPlayerCommandMsgMagicEnum@0@@Z
divergent	??3Path@@SAXPAXW4PathMagicEnum@0@@Z
divergent	??3Rva0070A840@@SAXPAXI@Z
divergent	??4?$PrimitiveAnimationChannelClass@M@@QAEABV0@ABV0@@Z
divergent	??4?$PrimitiveAnimationChannelClass@VVector3@@@@QAEABV0@ABV0@@Z
divergent	??4?$RefCountPtrWide@VTextureClassWide@@@@QAEABV0@ABV0@@Z
divergent	??4?$SparseMatchFinder@VArmorTemplateSet@@V?$BitFlags@$0L@@@@@QAEAAV0@ABV0@@Z
divergent	??4?$SparseMatchFinder@VWeaponTemplateSet@@V?$BitFlags@$0BB@@@@@QAEAAV0@ABV0@@Z
divergent	??4?$VectorClass@VProxyClass@@@@QAEAAV0@ABV0@@Z
divergent	??4?$_Rb_tree@$$CBV?$BitFlags@$0BB@@@U?$pair@$$CBV?$BitFlags@$0BB@@@PBVWeaponTemplateSet@@@_STL@@U?$_Select1st@U?$pair@$$CBV?$BitFlags@$0BB@@@PBVWeaponTemplateSet@@@_STL@@@3@UMapHelper@?$SparseMatchFinder@VWeaponTemplateSet@@V?$BitFlags@$0BB@@@@@V?$allocator@U?$pair@$$CBV?$BitFlags@$0BB@@@PBVWeaponTemplateSet@@@_STL@@@3@@_STL@@QAEAAV01@ABV01@@Z
divergent	??4?$_Rb_tree@$$CBV?$BitFlags@$0L@@@U?$pair@$$CBV?$BitFlags@$0L@@@PBVArmorTemplateSet@@@_STL@@U?$_Select1st@U?$pair@$$CBV?$BitFlags@$0L@@@PBVArmorTemplateSet@@@_STL@@@3@UMapHelper@?$SparseMatchFinder@VArmorTemplateSet@@V?$BitFlags@$0L@@@@@V?$allocator@U?$pair@$$CBV?$BitFlags@$0L@@@PBVArmorTemplateSet@@@_STL@@@3@@_STL@@QAEAAV01@ABV01@@Z
divergent	??4?$_Rb_tree@HU?$pair@$$CBHH@_STL@@U?$_Select1st@U?$pair@$$CBHH@_STL@@@2@U?$less@H@2@V?$allocator@U?$pair@$$CBHH@_STL@@@2@@_STL@@QAEAAV01@ABV01@@Z
divergent	??4?$_Rb_tree@VAsciiString@@U?$pair@$$CBVAsciiString@@PBVFXList@@@_STL@@U?$_Select1st@U?$pair@$$CBVAsciiString@@PBVFXList@@@_STL@@@3@U?$less@VAsciiString@@@3@V?$allocator@U?$pair@$$CBVAsciiString@@PBVFXList@@@_STL@@@3@@_STL@@QAEAAV01@ABV01@@Z
divergent	??4?$_Rb_tree@VAsciiString@@U?$pair@$$CBVAsciiString@@VAudioEventRTS@@@_STL@@U?$_Select1st@U?$pair@$$CBVAsciiString@@VAudioEventRTS@@@_STL@@@3@U?$less@VAsciiString@@@3@V?$allocator@U?$pair@$$CBVAsciiString@@VAudioEventRTS@@@_STL@@@3@@_STL@@QAEAAV01@ABV01@@Z
divergent	??4?$_Rb_tree@W4NameKeyType@@U?$pair@$$CBW4NameKeyType@@UPristineBoneInfo@@@_STL@@U?$_Select1st@U?$pair@$$CBW4NameKeyType@@UPristineBoneInfo@@@_STL@@@3@U?$less@W4NameKeyType@@@3@V?$allocator@U?$pair@$$CBW4NameKeyType@@UPristineBoneInfo@@@_STL@@@3@@_STL@@QAEAAV01@ABV01@@Z
divergent	??4?$basic_string@DV?$char_traits@D@_STL@@V?$allocator@D@2@@_STL@@QAEAAV01@ABV01@@Z
divergent	??4?$basic_string@GV?$char_traits@G@_STL@@V?$allocator@G@2@@_STL@@QAEAAV01@ABV01@@Z
divergent	??4?$basic_string@GV?$char_traits@G@_STL@@V?$allocator@G@2@@_STL@@QAEAAV01@PBG@Z
divergent	??4?$deque@PAXV?$allocator@PAX@_STL@@@_STL@@QAEAAV01@ABV01@@Z
divergent	??4?$deque@UBfmeE8@@V?$allocator@UBfmeE8@@@_STL@@@_STL@@QAEAAV01@ABV01@@Z
divergent	??4?$map@$$CBV?$BitFlags@$0BB@@@PBVWeaponTemplateSet@@UMapHelper@?$SparseMatchFinder@VWeaponTemplateSet@@V?$BitFlags@$0BB@@@@@V?$allocator@U?$pair@$$CBV?$BitFlags@$0BB@@@PBVWeaponTemplateSet@@@_STL@@@_STL@@@_STL@@QAEAAV01@ABV01@@Z
divergent	??4?$map@$$CBV?$BitFlags@$0L@@@PBVArmorTemplateSet@@UMapHelper@?$SparseMatchFinder@VArmorTemplateSet@@V?$BitFlags@$0L@@@@@V?$allocator@U?$pair@$$CBV?$BitFlags@$0L@@@PBVArmorTemplateSet@@@_STL@@@_STL@@@_STL@@QAEAAV01@ABV01@@Z
divergent	??4?$map@HHU?$less@H@_STL@@V?$allocator@U?$pair@$$CBHH@_STL@@@2@@_STL@@QAEAAV01@ABV01@@Z
divergent	??4?$map@VAsciiString@@PBVFXList@@U?$less@VAsciiString@@@_STL@@V?$allocator@U?$pair@$$CBVAsciiString@@PBVFXList@@@_STL@@@4@@_STL@@QAEAAV01@ABV01@@Z
divergent	??4?$map@VAsciiString@@VAudioEventRTS@@U?$less@VAsciiString@@@_STL@@V?$allocator@U?$pair@$$CBVAsciiString@@VAudioEventRTS@@@_STL@@@4@@_STL@@QAEAAV01@ABV01@@Z
divergent	??4?$map@W4NameKeyType@@UPristineBoneInfo@@U?$less@W4NameKeyType@@@_STL@@V?$allocator@U?$pair@$$CBW4NameKeyType@@UPristineBoneInfo@@@_STL@@@4@@_STL@@QAEAAV01@ABV01@@Z
divergent	??4?$ostreambuf_iterator@DV?$char_traits@D@_STL@@@_STL@@QAEAAV01@D@Z
divergent	??4?$vector@HV?$allocator@H@_STL@@@_STL@@QAEAAV01@ABV01@@Z
divergent	??4?$vector@IV?$allocator@I@_STL@@@_STL@@QAEAAV01@ABV01@@Z
divergent	??4?$vector@PAXV?$allocator@PAX@_STL@@@_STL@@QAEAAV01@ABV01@@Z
divergent	??4?$vector@UAngleFXInfo@@V?$allocator@UAngleFXInfo@@@_STL@@@_STL@@QAEAAV01@ABV01@@Z
divergent	??4?$vector@UBfmeAsciiScalarValue8@@V?$allocator@UBfmeAsciiScalarValue8@@@_STL@@@_STL@@QAEAAV01@ABV01@@Z
divergent	??4?$vector@UBfmeContainerRecord002CF46E@@V?$allocator@UBfmeContainerRecord002CF46E@@@_STL@@@_STL@@QAEAAV01@ABV01@@Z
divergent	??4?$vector@UBfmeE12@@V?$allocator@UBfmeE12@@@_STL@@@_STL@@QAEAAV01@ABV01@@Z
divergent	??4?$vector@UBfmeE16@@V?$allocator@UBfmeE16@@@_STL@@@_STL@@QAEAAV01@ABV01@@Z
divergent	??4?$vector@UBfmePod20@@V?$allocator@UBfmePod20@@@_STL@@@_STL@@QAEAAV01@ABV01@@Z
divergent	??4?$vector@UBfmePod24@@V?$allocator@UBfmePod24@@@_STL@@@_STL@@QAEAAV01@ABV01@@Z
divergent	??4?$vector@UBfmePod36@@V?$allocator@UBfmePod36@@@_STL@@@_STL@@QAEAAV01@ABV01@@Z
divergent	??4?$vector@UBfmePod40@@V?$allocator@UBfmePod40@@@_STL@@@_STL@@QAEAAV01@ABV01@@Z
divergent	??4?$vector@UBfmePod44@@V?$allocator@UBfmePod44@@@_STL@@@_STL@@QAEAAV01@ABV01@@Z
divergent	??4?$vector@UBfmePod68@@V?$allocator@UBfmePod68@@@_STL@@@_STL@@QAEAAV01@ABV01@@Z
divergent	??4?$vector@UBfmeRecord0040B61A@@V?$allocator@UBfmeRecord0040B61A@@@_STL@@@_STL@@QAEAAV01@ABV01@@Z
divergent	??4?$vector@UBfmeStringRecord000B94D2@@V?$allocator@UBfmeStringRecord000B94D2@@@_STL@@@_STL@@QAEAAV01@ABV01@@Z
divergent	??4?$vector@UBfmeStringRecord000B950F@@V?$allocator@UBfmeStringRecord000B950F@@@_STL@@@_STL@@QAEAAV01@ABV01@@Z
divergent	??4?$vector@UBfmeStringRecord000B9534@@V?$allocator@UBfmeStringRecord000B9534@@@_STL@@@_STL@@QAEAAV01@ABV01@@Z
divergent	??4?$vector@UBfmeStringRecord002CF4C6@@V?$allocator@UBfmeStringRecord002CF4C6@@@_STL@@@_STL@@QAEAAV01@ABV01@@Z
divergent	??4?$vector@UBfmeStringRecord002CF5B1@@V?$allocator@UBfmeStringRecord002CF5B1@@@_STL@@@_STL@@QAEAAV01@ABV01@@Z
divergent	??4?$vector@UCoord3D@@V?$allocator@UCoord3D@@@_STL@@@_STL@@QAEAAV01@ABV01@@Z
divergent	??4?$vector@UFileInfoStruct@MixFileCreator@@V?$allocator@UFileInfoStruct@MixFileCreator@@@_STL@@@_STL@@QAEAAV01@ABV01@@Z
divergent	??4?$vector@UGeometryShape@@V?$allocator@UGeometryShape@@@_STL@@@_STL@@QAEAAV01@ABV01@@Z
divergent	??4?$vector@UICoord2D@@V?$allocator@UICoord2D@@@_STL@@@_STL@@QAEAAV01@ABV01@@Z
divergent	??4?$vector@UNugget@ModuleInfo@@V?$allocator@UNugget@ModuleInfo@@@_STL@@@_STL@@QAEAAV01@ABV01@@Z
divergent	??4?$vector@UPrereqUnitRec@@V?$allocator@UPrereqUnitRec@@@_STL@@@_STL@@QAEAAV01@ABV01@@Z
divergent	??4?$vector@UPrereqUnitRec@ProductionPrerequisite@@V?$allocator@UPrereqUnitRec@ProductionPrerequisite@@@_STL@@@_STL@@QAEAAV01@ABV01@@Z
divergent	??4?$vector@URva0007BB16Record@@V?$allocator@URva0007BB16Record@@@_STL@@@_STL@@QAEAAV01@ABV01@@Z
divergent	??4?$vector@VArmorTemplateSet@@V?$allocator@VArmorTemplateSet@@@_STL@@@_STL@@QAEAAV01@ABV01@@Z
divergent	??4?$vector@VAsciiString@@V?$allocator@VAsciiString@@@_STL@@@_STL@@QAEAAV01@ABV01@@Z
divergent	??4?$vector@VProductionPrerequisite@@V?$allocator@VProductionPrerequisite@@@_STL@@@_STL@@QAEAAV01@ABV01@@Z
divergent	??4?$vector@VRva000BB491@@V?$allocator@VRva000BB491@@@_STL@@@_STL@@QAEAAV01@ABV01@@Z
divergent	??4?$vector@VRva000BB4AC@@V?$allocator@VRva000BB4AC@@@_STL@@@_STL@@QAEAAV01@ABV01@@Z
divergent	??4?$vector@VWeaponTemplateSet@@V?$allocator@VWeaponTemplateSet@@@_STL@@@_STL@@QAEAAV01@ABV01@@Z
divergent	??4?$vector@W4ScienceType@@V?$allocator@W4ScienceType@@@_STL@@@_STL@@QAEAAV01@ABV01@@Z
divergent	??4?$vector@_NV?$allocator@_N@_STL@@@_STL@@QAEAAV01@ABV01@@Z
divergent	??4AudioArray@@QAEAAV0@ABV0@@Z
divergent	??4BFME2ParticleTextureHandle@@QAEAAV0@ABV0@@Z
divergent	??4BfmeHandleCX@@QAEAAV0@ABV0@@Z
divergent	??4BoneNameSlot@@QAEXABVAsciiString@@@Z
divergent	??4DamageInfo@@QAEAAV0@ABV0@@Z
divergent	??4DamageInfoInput@@QAEAAV0@ABV0@@Z
divergent	??4FileInfoStruct@MixFileCreator@@QAEAAU01@ABU01@@Z
divergent	??4FrustumClass@@QAEAAV0@ABV0@@Z
divergent	??4GameSlot@@QAEAAV0@ABV0@@Z
divergent	??4LifeEventModuleTemplate@FXParticleSystem@@QAEAAV01@ABV01@@Z
divergent	??4ModuleInfo@@QAEAAV0@ABV0@@Z
divergent	??4Money@@QAEAAV0@ABV0@@Z
divergent	??4Nugget@ModuleInfo@@QAEAAU01@ABU01@@Z
divergent	??4PeerResponse@@QAEAAV0@ABV0@@Z
divergent	??4PendingSurfaceStruct@Render2DSentenceClass@@QAEAAU01@ABU01@@Z
divergent	??4RenderStateStruct@@QAEAAU0@ABU0@@Z
divergent	??4StringClass@@QAEABV0@ABV0@@Z
divergent	??4StringClass@@QAEABV0@PBD@Z
divergent	??4TerrainCollisionModuleTemplate@FXParticleSystem@@QAEAAV01@ABV01@@Z
divergent	??4TextureStatisticsStruct@@QAEAAU0@ABU0@@Z
divergent	??4TextureStatisticsStructWide@@QAEAAU0@ABU0@@Z
divergent	??4ThingTemplate@@QAEAAV0@ABV0@@Z
divergent	??4_Bit_reference@_STL@@QAEAAU01@ABU01@@Z
divergent	??4_Bit_reference@_STL@@QAEAAU01@_N@Z
divergent	??4crateCreationEntry@@QAEAAU0@ABU0@@Z
divergent	??6?$basic_ostream@DV?$char_traits@D@_STL@@@_STL@@QAEAAV01@E@Z
divergent	??6?$basic_ostream@DV?$char_traits@D@_STL@@@_STL@@QAEAAV01@F@Z
divergent	??6?$basic_ostream@DV?$char_traits@D@_STL@@@_STL@@QAEAAV01@G@Z
divergent	??6?$basic_ostream@DV?$char_traits@D@_STL@@@_STL@@QAEAAV01@H@Z
divergent	??6?$basic_ostream@DV?$char_traits@D@_STL@@@_STL@@QAEAAV01@I@Z
divergent	??6?$basic_ostream@DV?$char_traits@D@_STL@@@_STL@@QAEAAV01@J@Z
divergent	??6?$basic_ostream@DV?$char_traits@D@_STL@@@_STL@@QAEAAV01@K@Z
divergent	??6?$basic_ostream@DV?$char_traits@D@_STL@@@_STL@@QAEAAV01@M@Z
divergent	??6?$basic_ostream@DV?$char_traits@D@_STL@@@_STL@@QAEAAV01@N@Z
divergent	??6?$basic_ostream@DV?$char_traits@D@_STL@@@_STL@@QAEAAV01@O@Z
divergent	??6?$basic_ostream@DV?$char_traits@D@_STL@@@_STL@@QAEAAV01@P6AAAV01@AAV01@@Z@Z
divergent	??6?$basic_ostream@DV?$char_traits@D@_STL@@@_STL@@QAEAAV01@P6AAAV?$basic_ios@DV?$char_traits@D@_STL@@@1@AAV21@@Z@Z
divergent	??6?$basic_ostream@DV?$char_traits@D@_STL@@@_STL@@QAEAAV01@P6AAAVios_base@1@AAV21@@Z@Z
divergent	??6?$basic_ostream@DV?$char_traits@D@_STL@@@_STL@@QAEAAV01@PAV?$basic_streambuf@DV?$char_traits@D@_STL@@@1@@Z
divergent	??6?$basic_ostream@DV?$char_traits@D@_STL@@@_STL@@QAEAAV01@PBX@Z
divergent	??6?$basic_ostream@DV?$char_traits@D@_STL@@@_STL@@QAEAAV01@_J@Z
divergent	??6?$basic_ostream@DV?$char_traits@D@_STL@@@_STL@@QAEAAV01@_K@Z
divergent	??6?$basic_ostream@DV?$char_traits@D@_STL@@@_STL@@QAEAAV01@_N@Z
divergent	??8?$RefCountPtrWide@VTextureClassWide@@@@QBE_NABV0@@Z
divergent	??8?$VectorClass@M@@UBE_NABV0@@Z
divergent	??8?$VectorClass@PAVHAnimComboDataClass@@@@UBE_NABV0@@Z
divergent	??8?$VectorClass@PAVRender2DClass@@@@UBE_NABV0@@Z
divergent	??8?$VectorClass@UWeightInfoStruct@NamedPivotMapClass@@@@UBE_NABV0@@Z
divergent	??8?$VectorClass@VProxyClass@@@@UBE_NABV0@@Z
divergent	??8@YA_NABVMatrix3D@@0@Z
divergent	??8@YA_NABVVector3@@0@Z
divergent	??8TextureStatisticsStructWide@@QBE_NABU0@@Z
divergent	??8_STL@@YA_NABU_Bit_iterator_base@0@0@Z
divergent	??9_Rb_tree_base_iterator@_STL@@QBE_NABU01@@Z
divergent	??9_STL@@YA_NABU_Bit_iterator_base@0@0@Z
divergent	??A?$SimpleDynVecClass@VKeyClass@?$PrimitiveAnimationChannelClass@VVector3@@@@@@QAEAAVKeyClass@?$PrimitiveAnimationChannelClass@VVector3@@@@H@Z
divergent	??A?$SimpleDynVecClass@VKeyClass@?$PrimitiveAnimationChannelClass@VVector3@@@@@@QBEABVKeyClass@?$PrimitiveAnimationChannelClass@VVector3@@@@H@Z
divergent	??A?$SimpleDynVecClass@VVector3@@@@QBEABVVector3@@H@Z
divergent	??A?$SimpleVecClass@VVector3@@@@QAEAAVVector3@@H@Z
divergent	??A?$VectorClass@UTextureStatisticsStruct@@@@QAEAAUTextureStatisticsStruct@@H@Z
divergent	??A?$VectorClass@VKeyClass@Curve3DClass@@@@QAEAAVKeyClass@Curve3DClass@@H@Z
divergent	??A?$VectorClass@VProxyClass@@@@QAEAAVProxyClass@@H@Z
divergent	??A?$VectorClass@VProxyClass@@@@QBEABVProxyClass@@H@Z
divergent	??A?$_Deque_iterator@UBfmeE8@@U?$_Nonconst_traits@UBfmeE8@@@_STL@@@_STL@@QBEAAUBfmeE8@@H@Z
divergent	??A?$deque@PAXV?$allocator@PAX@_STL@@@_STL@@QAEAAPAXI@Z
divergent	??A?$deque@PAXV?$allocator@PAX@_STL@@@_STL@@QBEABQAXI@Z
divergent	??A?$deque@UBfmeE8@@V?$allocator@UBfmeE8@@@_STL@@@_STL@@QAEAAUBfmeE8@@I@Z
divergent	??A?$deque@UBfmeE8@@V?$allocator@UBfmeE8@@@_STL@@@_STL@@QBEABUBfmeE8@@I@Z
divergent	??A?$hash_map@HV?$list@UBfmePod264@@V?$allocator@UBfmePod264@@@_STL@@@_STL@@U?$hash@H@2@U?$equal_to@H@2@V?$allocator@U?$pair@$$CBHV?$list@UBfmePod264@@V?$allocator@UBfmePod264@@@_STL@@@_STL@@@_STL@@@2@@_STL@@QAEAAV?$list@UBfmePod264@@V?$allocator@UBfmePod264@@@_STL@@@1@ABH@Z
divergent	??A?$hash_map@HV?$vector@W4ScienceType@@V?$allocator@W4ScienceType@@@_STL@@@_STL@@U?$hash@H@2@U?$equal_to@H@2@V?$allocator@U?$pair@$$CBHV?$vector@W4ScienceType@@V?$allocator@W4ScienceType@@@_STL@@@_STL@@@_STL@@@2@@_STL@@QAEAAV?$vector@W4ScienceType@@V?$allocator@W4ScienceType@@@_STL@@@1@ABH@Z
divergent	??A?$hash_map@HW4Relationship@@U?$hash@H@_STL@@U?$equal_to@H@3@V?$allocator@U?$pair@$$CBHW4Relationship@@@_STL@@@3@@_STL@@QAEAAW4Relationship@@ABH@Z
divergent	??A?$hash_map@IW4Relationship@@U?$hash@I@_STL@@U?$equal_to@I@3@V?$allocator@U?$pair@$$CBIW4Relationship@@@_STL@@@3@@_STL@@QAEAAW4Relationship@@ABI@Z
divergent	??A?$hash_map@W4NameKeyType@@VArmorTemplate@@U?$hash@W4NameKeyType@@@rts@@U?$equal_to@W4NameKeyType@@@4@V?$allocator@U?$pair@$$CBW4NameKeyType@@VArmorTemplate@@@_STL@@@_STL@@@_STL@@QAEAAVArmorTemplate@@ABW4NameKeyType@@@Z
divergent	??A?$hash_map@W4NameKeyType@@VDamageFX@@U?$hash@W4NameKeyType@@@rts@@U?$equal_to@W4NameKeyType@@@4@V?$allocator@U?$pair@$$CBW4NameKeyType@@VDamageFX@@@_STL@@@_STL@@@_STL@@QAEAAVDamageFX@@ABW4NameKeyType@@@Z
divergent	??A?$hash_map@W4NameKeyType@@VFXList@@U?$hash@W4NameKeyType@@@rts@@U?$equal_to@W4NameKeyType@@@4@V?$allocator@U?$pair@$$CBW4NameKeyType@@VFXList@@@_STL@@@_STL@@@_STL@@QAEAAVFXList@@ABW4NameKeyType@@@Z
divergent	??A?$map@$$CBV?$BitFlags@$0HF@@@PBUModelConditionInfo@@UMapHelper@?$SparseMatchFinder@UModelConditionInfo@@V?$BitFlags@$0HF@@@@@V?$allocator@U?$pair@$$CBV?$BitFlags@$0HF@@@PBUModelConditionInfo@@@_STL@@@_STL@@@_STL@@QAEAAPBUModelConditionInfo@@ABV?$BitFlags@$0HF@@@@Z
divergent	??A?$map@HHU?$less@H@_STL@@V?$allocator@U?$pair@$$CBHH@_STL@@@2@@_STL@@QAEAAHABH@Z
divergent	??A?$map@JVLadderPref@@U?$less@J@_STL@@V?$allocator@U?$pair@$$CBJVLadderPref@@@_STL@@@3@@_STL@@QAEAAVLadderPref@@ABJ@Z
divergent	??A?$map@V?$basic_string@DV?$char_traits@D@_STL@@V?$allocator@D@2@@_STL@@IU?$less@V?$basic_string@DV?$char_traits@D@_STL@@V?$allocator@D@2@@_STL@@@2@V?$allocator@U?$pair@$$CBV?$basic_string@DV?$char_traits@D@_STL@@V?$allocator@D@2@@_STL@@I@_STL@@@2@@_STL@@QAEAAIABV?$basic_string@DV?$char_traits@D@_STL@@V?$allocator@D@2@@1@@Z
divergent	??A?$map@VAsciiString@@UTreeHintPayload001F8ACB@@U?$less@VAsciiString@@@_STL@@V?$allocator@U?$pair@$$CBVAsciiString@@UTreeHintPayload001F8ACB@@@_STL@@@4@@_STL@@QAEAAUTreeHintPayload001F8ACB@@ABVAsciiString@@@Z
divergent	??A?$map@VAsciiString@@V1@U?$less@VAsciiString@@@_STL@@V?$allocator@U?$pair@$$CBVAsciiString@@V1@@_STL@@@3@@_STL@@QAEAAVAsciiString@@ABV2@@Z
divergent	??A?$map@VAsciiString@@V?$list@VAsciiString@@V?$allocator@VAsciiString@@@_STL@@@_STL@@U?$less@VAsciiString@@@3@V?$allocator@U?$pair@$$CBVAsciiString@@V?$list@VAsciiString@@V?$allocator@VAsciiString@@@_STL@@@_STL@@@_STL@@@3@@_STL@@QAEAAV?$list@VAsciiString@@V?$allocator@VAsciiString@@@_STL@@@1@ABVAsciiString@@@Z
divergent	??A?$map@VUnicodeString@@_NUUnicodeStringLessThan@@V?$allocator@U?$pair@$$CBVUnicodeString@@_N@_STL@@@_STL@@@_STL@@QAEAA_NABVUnicodeString@@@Z
divergent	??A?$map@W4NameKeyType@@UPristineBoneInfo@@U?$less@W4NameKeyType@@@_STL@@V?$allocator@U?$pair@$$CBW4NameKeyType@@UPristineBoneInfo@@@_STL@@@4@@_STL@@QAEAAUPristineBoneInfo@@ABW4NameKeyType@@@Z
divergent	??A?$vector@PAXV?$allocator@PAX@_STL@@@_STL@@QBEABQAXI@Z
divergent	??A?$vector@UBfmeAssignRecord36@@V?$allocator@UBfmeAssignRecord36@@@_STL@@@_STL@@QAEAAUBfmeAssignRecord36@@I@Z
divergent	??A?$vector@UBfmeE12@@V?$allocator@UBfmeE12@@@_STL@@@_STL@@QAEAAUBfmeE12@@I@Z
divergent	??A?$vector@UBfmeE12@@V?$allocator@UBfmeE12@@@_STL@@@_STL@@QBEABUBfmeE12@@I@Z
divergent	??A?$vector@UBfmePod20@@V?$allocator@UBfmePod20@@@_STL@@@_STL@@QAEAAUBfmePod20@@I@Z
divergent	??A?$vector@UBfmePod20@@V?$allocator@UBfmePod20@@@_STL@@@_STL@@QBEABUBfmePod20@@I@Z
divergent	??A?$vector@UBfmePod24@@V?$allocator@UBfmePod24@@@_STL@@@_STL@@QAEAAUBfmePod24@@I@Z
divergent	??A?$vector@UBfmePod24@@V?$allocator@UBfmePod24@@@_STL@@@_STL@@QBEABUBfmePod24@@I@Z
divergent	??A?$vector@UBfmePod40@@V?$allocator@UBfmePod40@@@_STL@@@_STL@@QAEAAUBfmePod40@@I@Z
divergent	??A?$vector@UBfmePod40@@V?$allocator@UBfmePod40@@@_STL@@@_STL@@QBEABUBfmePod40@@I@Z
divergent	??A?$vector@UBfmeStringRecord000331962@@V?$allocator@UBfmeStringRecord000331962@@@_STL@@@_STL@@QAEAAUBfmeStringRecord000331962@@I@Z
divergent	??A?$vector@UBfmeStringRecord000B9534@@V?$allocator@UBfmeStringRecord000B9534@@@_STL@@@_STL@@QAEAAUBfmeStringRecord000B9534@@I@Z
divergent	??A?$vector@UBfmeStringRecord000B9534@@V?$allocator@UBfmeStringRecord000B9534@@@_STL@@@_STL@@QBEABUBfmeStringRecord000B9534@@I@Z
divergent	??A?$vector@UBfmeStringRecord00404BF3@@V?$allocator@UBfmeStringRecord00404BF3@@@_STL@@@_STL@@QAEAAUBfmeStringRecord00404BF3@@I@Z
divergent	??A?$vector@UGen_p48cd@@V?$allocator@UGen_p48cd@@@_STL@@@_STL@@QAEAAUGen_p48cd@@I@Z
divergent	??A?$vector@UGeometryShape@@V?$allocator@UGeometryShape@@@_STL@@@_STL@@QAEAAUGeometryShape@@I@Z
divergent	??A?$vector@UGeometryShape@@V?$allocator@UGeometryShape@@@_STL@@@_STL@@QBEABUGeometryShape@@I@Z
divergent	??A?$vector@UPrereqUnitRec@@V?$allocator@UPrereqUnitRec@@@_STL@@@_STL@@QAEAAUPrereqUnitRec@@I@Z
divergent	??A?$vector@UPrereqUnitRec@@V?$allocator@UPrereqUnitRec@@@_STL@@@_STL@@QBEABUPrereqUnitRec@@I@Z
divergent	??A?$vector@UPrereqUnitRec@ProductionPrerequisite@@V?$allocator@UPrereqUnitRec@ProductionPrerequisite@@@_STL@@@_STL@@QAEAAUPrereqUnitRec@ProductionPrerequisite@@I@Z
divergent	??A?$vector@UPrereqUnitRec@ProductionPrerequisite@@V?$allocator@UPrereqUnitRec@ProductionPrerequisite@@@_STL@@@_STL@@QBEABUPrereqUnitRec@ProductionPrerequisite@@I@Z
divergent	??A?$vector@VProductionPrerequisite@@V?$allocator@VProductionPrerequisite@@@_STL@@@_STL@@QAEAAVProductionPrerequisite@@I@Z
divergent	??A?$vector@VProductionPrerequisite@@V?$allocator@VProductionPrerequisite@@@_STL@@@_STL@@QBEABVProductionPrerequisite@@I@Z
divergent	??A?$vector@_NV?$allocator@_N@_STL@@@_STL@@QAE?AU_Bit_reference@1@I@Z
divergent	??A?$vector@_NV?$allocator@_N@_STL@@@_STL@@QBE_NI@Z
divergent	??AMatrix3@@QAEAAVVector3@@H@Z
divergent	??AVector4@@QAEAAMH@Z
divergent	??AVector4@@QBEABMH@Z
divergent	??BRva00959410Ptr@@QBE_NXZ
divergent	??CRva00959410Ptr@@QBEPAVRva00958D30@@XZ
divergent	??D?$_Bit_iter@U_Bit_reference@_STL@@PAU12@@_STL@@QBE?AU_Bit_reference@1@XZ
divergent	??D?$_Bit_iter@_NPB_N@_STL@@QBE_NXZ
divergent	??D?$istreambuf_iterator@GV?$char_traits@G@_STL@@@_STL@@QBEGXZ
divergent	??D@YA?AVVector3@@ABV0@M@Z
divergent	??D@YA?AVVector3@@ABVMatrix3@@ABV0@@Z
divergent	??D@YA?AVVector4@@MABV0@@Z
divergent	??E?$_Bit_iter@U_Bit_reference@_STL@@PAU12@@_STL@@QAE?AU01@H@Z
divergent	??E?$_Bit_iter@U_Bit_reference@_STL@@PAU12@@_STL@@QAEAAU01@XZ
divergent	??E?$_Bit_iter@_NPB_N@_STL@@QAEAAU01@XZ
divergent	??E?$_Deque_iterator@UBfmeE8@@U?$_Const_traits@UBfmeE8@@@_STL@@@_STL@@QAEAAU01@XZ
divergent	??E?$_Deque_iterator@UBfmeE8@@U?$_Nonconst_traits@UBfmeE8@@@_STL@@@_STL@@QAEAAU01@XZ
divergent	??E?$_Deque_iterator@UPodPayload20@@U?$_Nonconst_traits@UPodPayload20@@@_STL@@@_STL@@QAEAAU01@XZ
divergent	??E?$_List_iterator@HU?$_Const_traits@H@_STL@@@_STL@@QAEAAU01@XZ
divergent	??E?$_List_iterator@PAVDrawable@@U?$_Const_traits@PAVDrawable@@@_STL@@@_STL@@QAEAAU01@XZ
divergent	??E?$_List_iterator@PAVFXNugget@@U?$_Const_traits@PAVFXNugget@@@_STL@@@_STL@@QAEAAU01@XZ
divergent	??E?$_List_iterator@PAVObject@@U?$_Const_traits@PAVObject@@@_STL@@@_STL@@QAEAAU01@XZ
divergent	??E?$_List_iterator@PAVObject@@U?$_Nonconst_traits@PAVObject@@@_STL@@@_STL@@QAEAAU01@XZ
divergent	??E?$_List_iterator@PAVTeamPrototype@@U?$_Nonconst_traits@PAVTeamPrototype@@@_STL@@@_STL@@QAEAAU01@XZ
divergent	??E?$_List_iterator@UCoord3D@@U?$_Const_traits@UCoord3D@@@_STL@@@_STL@@QAEAAU01@XZ
divergent	??E?$_List_iterator@V?$basic_string@DV?$char_traits@D@_STL@@V?$allocator@D@2@@_STL@@U?$_Nonconst_traits@V?$basic_string@DV?$char_traits@D@_STL@@V?$allocator@D@2@@_STL@@@2@@_STL@@QAEAAU01@XZ
divergent	??E?$_List_iterator@VAsciiString@@U?$_Const_traits@VAsciiString@@@_STL@@@_STL@@QAEAAU01@XZ
divergent	??E?$_List_iterator@W4ObjectID@@U?$_Const_traits@W4ObjectID@@@_STL@@@_STL@@QAEAAU01@XZ
divergent	??E?$_List_iterator@W4ObjectID@@U?$_Nonconst_traits@W4ObjectID@@@_STL@@@_STL@@QAEAAU01@XZ
divergent	??E?$_Rb_tree_iterator@PAURva001408C0Target@@U?$_Const_traits@PAURva001408C0Target@@@_STL@@@_STL@@QAEAAU01@XZ
divergent	??E?$_Rb_tree_iterator@U?$pair@$$CBGE@_STL@@U?$_Nonconst_traits@U?$pair@$$CBGE@_STL@@@2@@_STL@@QAEAAU01@XZ
divergent	??E?$_Rb_tree_iterator@U?$pair@$$CBGH@_STL@@U?$_Nonconst_traits@U?$pair@$$CBGH@_STL@@@2@@_STL@@QAEAAU01@XZ
divergent	??E?$_Rb_tree_iterator@U?$pair@$$CBGVAsciiString@@@_STL@@U?$_Nonconst_traits@U?$pair@$$CBGVAsciiString@@@_STL@@@2@@_STL@@QAEAAU01@XZ
divergent	??E?$_Rb_tree_iterator@U?$pair@$$CBHVMultiplayerColorDefinition@@@_STL@@U?$_Nonconst_traits@U?$pair@$$CBHVMultiplayerColorDefinition@@@_STL@@@2@@_STL@@QAEAAU01@XZ
divergent	??E?$_Rb_tree_iterator@U?$pair@$$CBV?$BitFlags@$0HF@@@PBUModelConditionInfo@@@_STL@@U?$_Nonconst_traits@U?$pair@$$CBV?$BitFlags@$0HF@@@PBUModelConditionInfo@@@_STL@@@2@@_STL@@QAEAAU01@XZ
divergent	??E?$_Rb_tree_iterator@U?$pair@$$CBVAsciiString@@V1@@_STL@@U?$_Nonconst_traits@U?$pair@$$CBVAsciiString@@V1@@_STL@@@2@@_STL@@QAEAAU01@XZ
divergent	??E?$_Rb_tree_iterator@U?$pair@$$CBVAsciiString@@VMapMetaData@@@_STL@@U?$_Nonconst_traits@U?$pair@$$CBVAsciiString@@VMapMetaData@@@_STL@@@2@@_STL@@QAE?AU01@H@Z
divergent	??E?$_Rb_tree_iterator@U?$pair@$$CBVAsciiString@@VMapMetaData@@@_STL@@U?$_Nonconst_traits@U?$pair@$$CBVAsciiString@@VMapMetaData@@@_STL@@@2@@_STL@@QAEAAU01@XZ
divergent	??E?$_Rb_tree_iterator@U?$pair@$$CBVAsciiString@@_N@_STL@@U?$_Nonconst_traits@U?$pair@$$CBVAsciiString@@_N@_STL@@@2@@_STL@@QAEAAU01@XZ
divergent	??E?$_Rb_tree_iterator@U?$pair@$$CBVUnicodeString@@_N@_STL@@U?$_Nonconst_traits@U?$pair@$$CBVUnicodeString@@_N@_STL@@@2@@_STL@@QAEAAU01@XZ
divergent	??E?$_Rb_tree_iterator@U?$pair@$$CBW4NameKeyType@@UPristineBoneInfo@@@_STL@@U?$_Nonconst_traits@U?$pair@$$CBW4NameKeyType@@UPristineBoneInfo@@@_STL@@@2@@_STL@@QAEAAU01@XZ
divergent	??F?$_Bit_iter@U_Bit_reference@_STL@@PAU12@@_STL@@QAEAAU01@XZ
divergent	??F?$_Deque_iterator@UBfmeE8@@U?$_Const_traits@UBfmeE8@@@_STL@@@_STL@@QAEAAU01@XZ
divergent	??F?$_Deque_iterator@UBfmeE8@@U?$_Nonconst_traits@UBfmeE8@@@_STL@@@_STL@@QAEAAU01@XZ
divergent	??F?$_List_iterator@HU?$_Nonconst_traits@H@_STL@@@_STL@@QAEAAU01@XZ
divergent	??F?$_List_iterator@PAVObject@@U?$_Const_traits@PAVObject@@@_STL@@@_STL@@QAEAAU01@XZ
divergent	??F?$_List_iterator@PAVObject@@U?$_Nonconst_traits@PAVObject@@@_STL@@@_STL@@QAEAAU01@XZ
divergent	??F?$_Rb_tree_iterator@HU?$_Nonconst_traits@H@_STL@@@_STL@@QAEAAU01@XZ
divergent	??F?$_Rb_tree_iterator@PAURva001408C0Target@@U?$_Nonconst_traits@PAURva001408C0Target@@@_STL@@@_STL@@QAEAAU01@XZ
divergent	??F?$_Rb_tree_iterator@U?$pair@$$CBGE@_STL@@U?$_Nonconst_traits@U?$pair@$$CBGE@_STL@@@2@@_STL@@QAEAAU01@XZ
divergent	??F?$_Rb_tree_iterator@U?$pair@$$CBGH@_STL@@U?$_Nonconst_traits@U?$pair@$$CBGH@_STL@@@2@@_STL@@QAEAAU01@XZ
divergent	??F?$_Rb_tree_iterator@U?$pair@$$CBHUBfmePod52@@@_STL@@U?$_Nonconst_traits@U?$pair@$$CBHUBfmePod52@@@_STL@@@2@@_STL@@QAEAAU01@XZ
divergent	??F?$_Rb_tree_iterator@U?$pair@$$CBV?$BitFlags@$0HF@@@PBUModelConditionInfo@@@_STL@@U?$_Nonconst_traits@U?$pair@$$CBV?$BitFlags@$0HF@@@PBUModelConditionInfo@@@_STL@@@2@@_STL@@QAEAAU01@XZ
divergent	??F?$_Rb_tree_iterator@U?$pair@$$CBVAsciiString@@UNoCaseTreeValue4@@@_STL@@U?$_Nonconst_traits@U?$pair@$$CBVAsciiString@@UNoCaseTreeValue4@@@_STL@@@2@@_STL@@QAEAAU01@XZ
divergent	??F?$_Rb_tree_iterator@U?$pair@$$CBVAsciiString@@V1@@_STL@@U?$_Nonconst_traits@U?$pair@$$CBVAsciiString@@V1@@_STL@@@2@@_STL@@QAEAAU01@XZ
divergent	??F?$_Rb_tree_iterator@U?$pair@$$CBVUnicodeString@@_N@_STL@@U?$_Nonconst_traits@U?$pair@$$CBVUnicodeString@@_N@_STL@@@2@@_STL@@QAEAAU01@XZ
divergent	??F?$_Rb_tree_iterator@U?$pair@$$CBW4NameKeyType@@UPristineBoneInfo@@@_STL@@U?$_Nonconst_traits@U?$pair@$$CBW4NameKeyType@@UPristineBoneInfo@@@_STL@@@2@@_STL@@QAEAAU01@XZ
divergent	??F?$_Rb_tree_iterator@VAsciiString@@U?$_Nonconst_traits@VAsciiString@@@_STL@@@_STL@@QAEAAU01@XZ
divergent	??F?$_Rb_tree_iterator@VUnicodeString@@U?$_Nonconst_traits@VUnicodeString@@@_STL@@@_STL@@QAEAAU01@XZ
divergent	??G?$_Bit_iter@U_Bit_reference@_STL@@PAU12@@_STL@@QBE?AU01@H@Z
divergent	??G?$_Bit_iter@U_Bit_reference@_STL@@PAU12@@_STL@@QBEHABU01@@Z
divergent	??G?$_Bit_iter@_NPB_N@_STL@@QBE?AU01@H@Z
divergent	??G?$_Bit_iter@_NPB_N@_STL@@QBEHABU01@@Z
divergent	??G?$_Deque_iterator@PAVSightingInfo@@U?$_Nonconst_traits@PAVSightingInfo@@@_STL@@@_STL@@QBEHABU01@@Z
divergent	??G?$_Deque_iterator@UBfmeE8@@U?$_Const_traits@UBfmeE8@@@_STL@@@_STL@@QBEHABU01@@Z
divergent	??G?$_Deque_iterator@UBfmeE8@@U?$_Nonconst_traits@UBfmeE8@@@_STL@@@_STL@@QBEHABU01@@Z
divergent	??G@YA?AVVector3@@ABV0@0@Z
divergent	??H?$_Bit_iter@U_Bit_reference@_STL@@PAU12@@_STL@@QBE?AU01@H@Z
divergent	??H?$_Bit_iter@_NPB_N@_STL@@QBE?AU01@H@Z
divergent	??H?$_Deque_iterator@UBfmeE8@@U?$_Nonconst_traits@UBfmeE8@@@_STL@@@_STL@@QBE?AU01@H@Z
divergent	??H@YA?AUBFME2WideConcatPair@@ABVUnicodeString@@0@Z
divergent	??H@YA?AVVector3@@ABV0@0@Z
divergent	??M@YA_NABUBfmePod20@@0@Z
divergent	??R?$_Identity@H@_STL@@QBEABHABH@Z
divergent	??R?$_Identity@PAURva001408C0Target@@@_STL@@QBEABQAURva001408C0Target@@ABQAU2@@Z
divergent	??R?$_Identity@VAsciiString@@@_STL@@QBEABVAsciiString@@ABV2@@Z
divergent	??R?$_Select1st@U?$pair@$$CBHH@_STL@@@_STL@@QBEABHABU?$pair@$$CBHH@1@@Z
divergent	??R?$_Select1st@U?$pair@$$CBVUnicodeString@@_N@_STL@@@_STL@@QBEABVUnicodeString@@ABU?$pair@$$CBVUnicodeString@@_N@1@@Z
divergent	??R?$equal_to@V?$basic_string@DV?$char_traits@D@_STL@@V?$allocator@D@2@@_STL@@@_STL@@QBE_NABV?$basic_string@DV?$char_traits@D@_STL@@V?$allocator@D@2@@1@0@Z
divergent	??R?$equal_to@VAsciiString@@@rts@@QBE_NABVAsciiString@@0@Z
divergent	??R?$equal_to@VUnicodeString@@@_STL@@QBE_NABVUnicodeString@@0@Z
divergent	??R?$hash@VAsciiString@@@rts@@QBEIABVAsciiString@@@Z
divergent	??R?$hash@VAsciiString@@@rts@@QBEIVAsciiString@@@Z
divergent	??R?$less@E@_STL@@QBE_NABE0@Z
divergent	??R?$less@G@_STL@@QBE_NABG0@Z
divergent	??R?$less@PAURva001408C0Target@@@_STL@@QBE_NABQAURva001408C0Target@@0@Z
divergent	??R?$less@UBfmePod20@@@_STL@@QBE_NABUBfmePod20@@0@Z
divergent	??R?$less@V?$basic_string@DV?$char_traits@D@_STL@@V?$allocator@D@2@@_STL@@@_STL@@QBE_NABV?$basic_string@DV?$char_traits@D@_STL@@V?$allocator@D@2@@1@0@Z
divergent	??R?$less@VAsciiString@@@_STL@@QBE_NABVAsciiString@@0@Z
divergent	??R?$less@VUnicodeString@@@_STL@@QBE_NABVUnicodeString@@0@Z
divergent	??R?$less@W4LocomotorSetType@@@_STL@@QBE_NABW4LocomotorSetType@@0@Z
divergent	??R?$less@W4NameKeyType@@@_STL@@QBE_NABW4NameKeyType@@0@Z
divergent	??RBfmeStringNoCaseLess@@QBE_NABVAsciiString@@0@Z
divergent	??RMapHelper@?$SparseMatchFinder@UModelConditionInfo@@V?$BitFlags@$0HF@@@@@QBE_NABV?$BitFlags@$0HF@@@0@Z
divergent	??RMapHelper@?$SparseMatchFinder@VWeaponTemplateSet@@V?$BitFlags@$0BB@@@@@QBE_NABV?$BitFlags@$0BB@@@0@Z
divergent	??RUnicodeStringLessThan@@QBE_NVUnicodeString@@0@Z
divergent	??Rvalue_compare@?$map@HHU?$less@H@_STL@@V?$allocator@U?$pair@$$CBHH@_STL@@@2@@_STL@@QBE_NABU?$pair@$$CBHH@2@0@Z
divergent	??XVector3@@QAEAAV0@M@Z
divergent	??Y?$_Bit_iter@U_Bit_reference@_STL@@PAU12@@_STL@@QAEAAU01@H@Z
divergent	??Y?$_Bit_iter@_NPB_N@_STL@@QAEAAU01@H@Z
divergent	??Y?$_Deque_iterator@UBfmeE8@@U?$_Nonconst_traits@UBfmeE8@@@_STL@@@_STL@@QAEAAU01@H@Z
divergent	??YVector3@@QAEAAV0@ABV0@@Z
divergent	??Z?$_Bit_iter@U_Bit_reference@_STL@@PAU12@@_STL@@QAEAAU01@H@Z
divergent	??Z?$_Bit_iter@_NPB_N@_STL@@QAEAAU01@H@Z
divergent	??ZVector3@@QAEAAV0@ABV0@@Z
divergent	??_0Vector3@@QAEAAV0@M@Z
divergent	??_4?$bitset@$0CN@@_STL@@QAEAAV01@ABV01@@Z
divergent	??_4?$bitset@$0HE@@_STL@@QAEAAV01@ABV01@@Z
divergent	??_4?$bitset@$0HF@@_STL@@QAEAAV01@ABV01@@Z
divergent	??_4?$bitset@$0IA@@_STL@@QAEAAV01@ABV01@@Z
divergent	??_5?$bitset@$0IA@@_STL@@QAEAAV01@ABV01@@Z
divergent	??_D?$basic_ostream@DV?$char_traits@D@_STL@@@_STL@@QAEXXZ
divergent	??_E?$RefCountPtr@VTextureClass@@@@QAEPAXI@Z
divergent	??_EFileInfoStruct@MixFileCreator@@QAEPAXI@Z
divergent	??_EProxyClass@@QAEPAXI@Z
divergent	??_EStringClass@@QAEPAXI@Z
divergent	??_EWeightInfoStruct@NamedPivotMapClass@@QAEPAXI@Z
divergent	??_G?$CategoryModuleTemplate@$00@FXParticleSystem@@UAEPAXI@Z
divergent	??_G?$CategoryModuleTemplate@$01@FXParticleSystem@@UAEPAXI@Z
divergent	??_G?$CategoryModuleTemplate@$02@FXParticleSystem@@UAEPAXI@Z
divergent	??_G?$CategoryModuleTemplate@$03@FXParticleSystem@@UAEPAXI@Z
divergent	??_G?$CategoryModuleTemplate@$04@FXParticleSystem@@UAEPAXI@Z
divergent	??_G?$CategoryModuleTemplate@$05@FXParticleSystem@@UAEPAXI@Z
divergent	??_G?$CategoryModuleTemplate@$0A@@FXParticleSystem@@UAEPAXI@Z
divergent	??_G?$CategoryModuleTemplateBase@$00@FXParticleSystem@@UAEPAXI@Z
divergent	??_G?$CategoryModuleTemplateBase@$01@FXParticleSystem@@UAEPAXI@Z
divergent	??_G?$CategoryModuleTemplateBase@$02@FXParticleSystem@@UAEPAXI@Z
divergent	??_G?$CategoryModuleTemplateBase@$03@FXParticleSystem@@UAEPAXI@Z
divergent	??_G?$CategoryModuleTemplateBase@$04@FXParticleSystem@@UAEPAXI@Z
divergent	??_G?$CategoryModuleTemplateBase@$05@FXParticleSystem@@UAEPAXI@Z
divergent	??_G?$CategoryModuleTemplateBase@$0A@@FXParticleSystem@@UAEPAXI@Z
divergent	??_G?$ConcreteModuleTemplate@UOrthoEmissionVelocityModuleTag@FXParticleSystem@@@FXParticleSystem@@UAEPAXI@Z
divergent	??_G?$ConcreteModuleTemplate@V?$DefaultModuleTag@$00@FXParticleSystem@@@FXParticleSystem@@UAEPAXI@Z
divergent	??_G?$ConcreteModuleTemplate@V?$DefaultModuleTag@$01@FXParticleSystem@@@FXParticleSystem@@UAEPAXI@Z
divergent	??_G?$ConcreteModuleTemplate@V?$DefaultModuleTag@$02@FXParticleSystem@@@FXParticleSystem@@UAEPAXI@Z
divergent	??_G?$ConcreteModuleTemplate@V?$DefaultModuleTag@$05@FXParticleSystem@@@FXParticleSystem@@UAEPAXI@Z
divergent	??_G?$ConcreteModuleTemplate@V?$DefaultModuleTag@$06@FXParticleSystem@@@FXParticleSystem@@UAEPAXI@Z
divergent	??_G?$ConcreteModuleTemplate@V?$DefaultModuleTag@$0A@@FXParticleSystem@@@FXParticleSystem@@UAEPAXI@Z
divergent	??_G?$ConcreteModuleTemplate@V?$ModuleTag@$01$E?RENDEROBJECT_UPDATE_MODULE_KEY@FXParticleSystem@@3QBDB$E?RENDEROBJECT_UPDATE_MODULE_NAME@2@3QBDBVRenderObjectUpdateModule@2@VRenderObjectUpdateModuleTemplate@2@V?$DefaultParticleModule@$01@2@@FXParticleSystem@@@FXParticleSystem@@UAEPAXI@Z
divergent	??_G?$ConcreteModuleTemplate@V?$ModuleTag@$01$E?RENDEROBJECT_UPDATE_MODULE_KEY@FXParticleSystem@@3QBDB$E?RENDEROBJECT_UPDATE_MODULE_NAME@2@3QBDBVRenderObjectUpdateModule@2@VRenderObjectUpdateModuleTemplate@2@VRenderObjectParticleUpdateModule@2@@FXParticleSystem@@@FXParticleSystem@@UAEPAXI@Z
divergent	??_G?$ConcreteModuleTemplate@V?$ModuleTag@$03$E?CYLINDRICAL_EMISSION_VELOCITY_MODULE_KEY@FXParticleSystem@@3QBDB$E?CYLINDRICAL_EMISSION_VELOCITY_MODULE_NAME@2@3QBDBVCylindricalEmissionVelocityModule@2@VCylindricalEmissionVelocityModuleTemplate@2@V?$DefaultParticleModule@$03@2@@FXParticleSystem@@@FXParticleSystem@@UAEPAXI@Z
divergent	??_G?$ConcreteModuleTemplate@V?$ModuleTag@$03$E?HEMISPHERICAL_EMISSION_VELOCITY_MODULE_KEY@FXParticleSystem@@3QBDB$E?HEMISPHERICAL_EMISSION_VELOCITY_MODULE_NAME@2@3QBDBVHemisphericalEmissionVelocityModule@2@VHemisphericalEmissionVelocityModuleTemplate@2@V?$DefaultParticleModule@$03@2@@FXParticleSystem@@@FXParticleSystem@@UAEPAXI@Z
divergent	??_G?$ConcreteModuleTemplate@V?$ModuleTag@$03$E?OUTWARD_EMISSION_VELOCITY_MODULE_KEY@FXParticleSystem@@3QBDB$E?OUTWARD_EMISSION_VELOCITY_MODULE_NAME@2@3QBDBVOutwardEmissionVelocityModule@2@VOutwardEmissionVelocityModuleTemplate@2@V?$DefaultParticleModule@$03@2@@FXParticleSystem@@@FXParticleSystem@@UAEPAXI@Z
divergent	??_G?$ConcreteModuleTemplate@V?$ModuleTag@$03$E?SPHERICAL_EMISSION_VELOCITY_MODULE_KEY@FXParticleSystem@@3QBDB$E?SPHERICAL_EMISSION_VELOCITY_MODULE_NAME@2@3QBDBVSphericalEmissionVelocityModule@2@VSphericalEmissionVelocityModuleTemplate@2@V?$DefaultParticleModule@$03@2@@FXParticleSystem@@@FXParticleSystem@@UAEPAXI@Z
divergent	??_G?$ConcreteModuleTemplate@V?$ModuleTag@$04$E?LIGHTNING_EMISSION_MODULE_KEY@FXParticleSystem@@3QBDB$E?LIGHTNING_EMISSION_MODULE_NAME@2@3QBDBVLightningEmissionModule@2@VLightningEmissionModuleTemplate@2@V?$DefaultParticleModule@$04@2@@FXParticleSystem@@@FXParticleSystem@@UAEPAXI@Z
divergent	??_G?$ConcreteModuleTemplate@V?$ModuleTag@$04$E?TERRAIN_FIRE_EMISSION_MODULE_KEY@FXParticleSystem@@3QBDB$E?TERRAIN_FIRE_EMISSION_MODULE_NAME@2@3QBDBVTerrainFireEmissionModule@2@VTerrainFireEmissionModuleTemplate@2@V?$DefaultParticleModule@$04@2@@FXParticleSystem@@@FXParticleSystem@@UAEPAXI@Z
divergent	??_G?$ConcreteModuleTemplate@V?$ModuleTag@$05$E?BUTTERFLY_DRAW_MODULE_KEY@FXParticleSystem@@3QBDB$E?BUTTERFLY_DRAW_MODULE_NAME@2@3QBDBVButterflyDrawModule@2@VButterflyDrawModuleTemplate@2@V?$DefaultParticleModule@$05@2@@FXParticleSystem@@@FXParticleSystem@@UAEPAXI@Z
divergent	??_G?$ConcreteModuleTemplate@V?$ModuleTag@$05$E?GPU_DRAW_MODULE_KEY@FXParticleSystem@@3QBDB$E?GPU_DRAW_MODULE_NAME@2@3QBDBVGpuDrawModule@2@VGpuDrawModuleTemplate@2@V?$DefaultParticleModule@$05@2@@FXParticleSystem@@@FXParticleSystem@@UAEPAXI@Z
divergent	??_G?$ConcreteModuleTemplate@V?$ModuleTag@$05$E?LIGHTNING_DRAW_MODULE_KEY@FXParticleSystem@@3QBDB$E?LIGHTNING_DRAW_MODULE_NAME@2@3QBDBVLightningDrawModule@2@VLightningDrawModuleTemplate@2@V?$DefaultParticleModule@$05@2@@FXParticleSystem@@@FXParticleSystem@@UAEPAXI@Z
divergent	??_G?$ConcreteModuleTemplate@V?$ModuleTag@$05$E?QUAD_DRAW_MODULE_KEY@FXParticleSystem@@3QBDB$E?QUAD_DRAW_MODULE_NAME@2@3QBDBVQuadDrawModule@2@VQuadDrawModuleTemplate@2@V?$DefaultParticleModule@$05@2@@FXParticleSystem@@@FXParticleSystem@@UAEPAXI@Z
divergent	??_G?$ConcreteModuleTemplate@V?$ModuleTag@$05$E?RENDEROBJECT_DRAW_MODULE_KEY@FXParticleSystem@@3QBDB$E?RENDEROBJECT_DRAW_MODULE_NAME@2@3QBDBVRenderObjectDrawModule@2@VRenderObjectDrawModuleTemplate@2@V?$DefaultParticleModule@$05@2@@FXParticleSystem@@@FXParticleSystem@@UAEPAXI@Z
divergent	??_G?$ConcreteModuleTemplate@V?$ModuleTag@$05$E?STREAK_DRAW_MODULE_KEY@FXParticleSystem@@3QBDB$E?STREAK_DRAW_MODULE_NAME@2@3QBDBVStreakDrawModule@2@VStreakDrawModuleTemplate@2@V?$DefaultParticleModule@$05@2@@FXParticleSystem@@@FXParticleSystem@@UAEPAXI@Z
divergent	??_G?$ConcreteModuleTemplate@V?$ModuleTag@$07$E?LIFE_EVENT_MODULE_KEY@FXParticleSystem@@3QBDB$E?LIFE_EVENT_MODULE_NAME@2@3QBDBVLifeEventModule@2@VLifeEventModuleTemplate@2@VParticleLifeEventModule@2@@FXParticleSystem@@@FXParticleSystem@@UAEPAXI@Z
divergent	??_G?$RefMultiListClass@VRenderObjClass@@@@UAEPAXI@Z
divergent	??_G?$ShareBufferClass@I@@UAEPAXI@Z
divergent	??_G?$ShareBufferClass@VVector2@@@@UAEPAXI@Z
divergent	??_G?$SimpleDynVecClass@M@@UAEPAXI@Z
divergent	??_G?$SimpleDynVecClass@VVector3@@@@UAEPAXI@Z
divergent	??_G?$SimpleVecClass@M@@UAEPAXI@Z
divergent	??_G?$SimpleVecClass@VVector3@@@@UAEPAXI@Z
divergent	??_G?$VectorClass@E@@UAEPAXI@Z
divergent	??_G?$VectorClass@H@@UAEPAXI@Z
divergent	??_G?$VectorClass@M@@UAEPAXI@Z
divergent	??_G?$VectorClass@PAVHAnimComboDataClass@@@@UAEPAXI@Z
divergent	??_G?$VectorClass@PAVRender2DClass@@@@UAEPAXI@Z
divergent	??_G?$VectorClass@UPendingSurfaceStruct@Render2DSentenceClass@@@@UAEPAXI@Z
divergent	??_G?$VectorClass@UTextureStatisticsStruct@@@@UAEPAXI@Z
divergent	??_G?$VectorClass@UWeightInfoStruct@NamedPivotMapClass@@@@UAEPAXI@Z
divergent	??_G?$VectorClass@VProxyClass@@@@UAEPAXI@Z
divergent	??_G?$VectorClass@VStringClass@@@@UAEPAXI@Z
divergent	??_G?$VectorClassWide@UTextureStatisticsStructWide@@@@UAEPAXI@Z
divergent	??_G?$basic_istream@DV?$char_traits@D@_STL@@@_STL@@UAEPAXI@Z
divergent	??_G?$basic_istream@GV?$char_traits@G@_STL@@@_STL@@UAEPAXI@Z
divergent	??_G?$basic_ostream@DV?$char_traits@D@_STL@@@_STL@@UAEPAXI@Z
divergent	??_G?$basic_ostream@GV?$char_traits@G@_STL@@@_STL@@UAEPAXI@Z
divergent	??_G?$basic_ostringstream@DV?$char_traits@D@_STL@@V?$allocator@D@2@@_STL@@UAEPAXI@Z
divergent	??_G?$basic_string@DV?$char_traits@D@_STL@@V?$allocator@D@2@@_STL@@QAEPAXI@Z
divergent	??_G?$basic_stringbuf@DV?$char_traits@D@_STL@@V?$allocator@D@2@@_STL@@UAEPAXI@Z
divergent	??_G?$pair@$$CBVAsciiString@@PBVFXList@@@_STL@@QAEPAXI@Z
divergent	??_G?$pair@$$CBVAsciiString@@UCoord3D@@@_STL@@QAEPAXI@Z
divergent	??_G?$pair@$$CBVAsciiString@@VArchivedFileInfo@@@_STL@@QAEPAXI@Z
divergent	??_G?$pair@$$CBVAsciiString@@VAudioEventRTS@@@_STL@@QAEPAXI@Z
divergent	??_G?$pair@$$CBVAsciiString@@VDetailedArchivedDirectoryInfo@@@_STL@@QAEPAXI@Z
divergent	??_G?$pair@$$CBVAsciiString@@VMapMetaData@@@_STL@@QAEPAXI@Z
divergent	??_G?$pair@$$CBVAsciiString@@_N@_STL@@QAEPAXI@Z
divergent	??_G?$pair@$$CBVUnicodeString@@_N@_STL@@QAEPAXI@Z
divergent	??_G?$pair@$$CBW4LocomotorSetType@@V?$vector@PBVLocomotorTemplate@@V?$allocator@PBVLocomotorTemplate@@@_STL@@@_STL@@@_STL@@QAEPAXI@Z
divergent	??_G?$vector@UBfmeE8@@V?$allocator@UBfmeE8@@@_STL@@@_STL@@QAEPAXI@Z
divergent	??_GAABTreeLinkClass@@UAEPAXI@Z
divergent	??_GAIUpdateInterface@@MAEPAXI@Z
divergent	??_GAIUpdateModuleData@@UAEPAXI@Z
divergent	??_GAnim2D@@MAEPAXI@Z
divergent	??_GBFME2MotionChannel@@UAEPAXI@Z
divergent	??_GBaseUpgradeModuleData@@UAEPAXI@Z
divergent	??_GBehaviorModuleData@@UAEPAXI@Z
divergent	??_GBfmeContainerRecord00048139@@QAEPAXI@Z
divergent	??_GBitmap@Gdiplus@@UAEPAXI@Z
divergent	??_GBridgeBehaviorModuleData@@UAEPAXI@Z
divergent	??_GCftp@@UAEPAXI@Z
divergent	??_GCreateObjectDieModuleData@@UAEPAXI@Z
divergent	??_GCullLinkClass@@UAEPAXI@Z
divergent	??_GDamageFieldUpdateModuleData@@UAEPAXI@Z
divergent	??_GDebugIOInterface@@MAEPAXI@Z
divergent	??_GDefaultAlphaModuleInfo@FXParticleSystem@@UAEPAXI@Z
divergent	??_GDefaultColorModuleInfo@FXParticleSystem@@UAEPAXI@Z
divergent	??_GDefaultDrawModuleInfo@FXParticleSystem@@UAEPAXI@Z
divergent	??_GDefaultPhysicsModuleInfo@FXParticleSystem@@UAEPAXI@Z
divergent	??_GDefaultUpdateModuleInfo@FXParticleSystem@@UAEPAXI@Z
divergent	??_GDieModule@@MAEPAXI@Z
divergent	??_GDrawModule@@MAEPAXI@Z
divergent	??_GDynamicAudioEventRTS@@MAEPAXI@Z
divergent	??_GEmissionVelocityInfo@FXParticleSystem@@UAEPAXI@Z
divergent	??_GEmissionVolumeInfo@FXParticleSystem@@UAEPAXI@Z
divergent	??_GFXList@@UAEPAXI@Z
divergent	??_GFileClass@@UAEPAXI@Z
divergent	??_GFileFactoryClass@@UAEPAXI@Z
divergent	??_GGenericMultiListClass@@UAEPAXI@Z
divergent	??_GHAnimComboDataClass@@QAEPAXI@Z
divergent	??_GHLodDefClass@@QAEPAXI@Z
divergent	??_GHTreeClass@@QAEPAXI@Z
divergent	??_GHashableClass@@UAEPAXI@Z
divergent	??_GLightningDrawModuleInfo@FXParticleSystem@@UAEPAXI@Z
divergent	??_GLineEmissionVolumeInfo@FXParticleSystem@@UAEPAXI@Z
divergent	??_GLinearCurve1DClass@@UAEPAXI@Z
divergent	??_GMatPassTaskClass@@QAEPAXI@Z
divergent	??_GModuleData@@UAEPAXI@Z
divergent	??_GModuleTemplate@FXParticleSystem@@UAEPAXI@Z
divergent	??_GMultiListObjectClass@@UAEPAXI@Z
divergent	??_GNetCommandMsg@@MAEPAXI@Z
divergent	??_GObjectCreationNugget@@UAEPAXI@Z
divergent	??_GObjectTracker@@UAEPAXI@Z
divergent	??_GOilSpillUpdateModuleData@@UAEPAXI@Z
divergent	??_GParameter@@QAEPAXI@Z
divergent	??_GPersistClass@@UAEPAXI@Z
divergent	??_GPlayer@@UAEPAXI@Z
divergent	??_GPlayerRelationMap@@MAEPAXI@Z
divergent	??_GPostLoadableClass@@UAEPAXI@Z
divergent	??_GRefCountClass@@MAEPAXI@Z
divergent	??_GRenderObjectUpdateModuleInfo@FXParticleSystem@@UAEPAXI@Z
divergent	??_GRespawnBodyModuleData@@UAEPAXI@Z
divergent	??_GRva000421C8@@UAEPAXI@Z
divergent	??_GRva00180EA0@@UAEPAXI@Z
divergent	??_GRva001DA2D5Base@@UAEPAXI@Z
divergent	??_GRva001ED41BBase0@@UAEPAXI@Z
divergent	??_GRva0026119DFilter@@UAEPAXI@Z
divergent	??_GRva00261409Filter@@UAEPAXI@Z
divergent	??_GRva002B72C9@@QAEPAXI@Z
divergent	??_GRva0030A120@@UAEPAXI@Z
divergent	??_GRva0030D346@@UAEPAXI@Z
divergent	??_GRva0044EF5E@@UAEPAXI@Z
divergent	??_GRva0045EF90Base@@UAEPAXI@Z
divergent	??_GRva004D6208@@MAEPAXI@Z
divergent	??_GRva004D62A9@@UAEPAXI@Z
divergent	??_GRva004E61C8@@UAEPAXI@Z
divergent	??_GRva0052BE33@@QAEPAXI@Z
divergent	??_GRva005668E9Element@@QAEPAXI@Z
divergent	??_GRva00567960Base@@UAEPAXI@Z
divergent	??_GRva00568A20@@QAEPAXI@Z
divergent	??_GRva00575125Second@@UAEPAXI@Z
divergent	??_GRva006560E0@@UAEPAXI@Z
divergent	??_GRva0065D1D0@@UAEPAXI@Z
divergent	??_GRva0065E7D0@@UAEPAXI@Z
divergent	??_GRva006CBF40@@UAEPAXI@Z
divergent	??_GRva006D6D20@@UAEPAXI@Z
divergent	??_GRva006D8510@@UAEPAXI@Z
divergent	??_GRva006D86F0@@UAEPAXI@Z
divergent	??_GRva006D88B0@@UAEPAXI@Z
divergent	??_GRva006DA560@@UAEPAXI@Z
divergent	??_GRva006DE350@@UAEPAXI@Z
divergent	??_GRva006ED2A0@@UAEPAXI@Z
divergent	??_GRva006ED2A0Base@@UAEPAXI@Z
divergent	??_GRva006F8460@@UAEPAXI@Z
divergent	??_GRva006F8D70@@UAEPAXI@Z
divergent	??_GRva006FB9B0@@UAEPAXI@Z
divergent	??_GRva006FBA10@@UAEPAXI@Z
divergent	??_GRva006FBDB0@@QAEPAXI@Z
divergent	??_GRva0070A840@@QAEPAXI@Z
divergent	??_GRva00802680Owner@@UAEPAXI@Z
divergent	??_GRva00808CB0LanGameEntry@@UAEPAXI@Z
divergent	??_GRva008A2C80@@UAEPAXI@Z
divergent	??_GSnapshot@FXParticleSystem@@UAEPAXI@Z
divergent	??_GSpellRechargeModifierUpgradeModuleData@@UAEPAXI@Z
divergent	??_GSphericalEmissionVelocityInfo@FXParticleSystem@@UAEPAXI@Z
divergent	??_GSubObjectsUpgradeModuleData@@UAEPAXI@Z
divergent	??_GSupplyTruckAIUpdateModuleData@@UAEPAXI@Z
divergent	??_GTerrainResourceModuleDataBase@@UAEPAXI@Z
divergent	??_GTranslatorData@MessageStream@@QAEPAXI@Z
divergent	??_GTransport@@QAEPAXI@Z
divergent	??_GUVBufferClass@@UAEPAXI@Z
divergent	??_GUnitCrateCollideModuleData@@UAEPAXI@Z
divergent	??_GUpdateModuleData@@UAEPAXI@Z
divergent	??_GVector3Randomizer@@UAEPAXI@Z
divergent	??_GVideoPlayer@@UAEPAXI@Z
divergent	??_GW3DModelDrawModuleData@@UAEPAXI@Z
divergent	??_GW3DRopeDraw@@MAEPAXI@Z
divergent	??_GW3DSmudgeManager@@UAEPAXI@Z
divergent	??_GW3DVideoBuffer@@UAEPAXI@Z
divergent	??_GWeapon@@MAEPAXI@Z
divergent	??_GXfer@@UAEPAXI@Z
divergent	??_G__Named_exception@_STL@@UAEPAXI@Z
divergent	??_Gdomain_error@_STL@@UAEPAXI@Z
divergent	??_Gfacet@locale@_STL@@MAEPAXI@Z
divergent	??_Ginvalid_argument@_STL@@UAEPAXI@Z
divergent	??_Glength_error@_STL@@UAEPAXI@Z
divergent	??_Glogic_error@_STL@@UAEPAXI@Z
divergent	??_Gout_of_range@_STL@@UAEPAXI@Z
divergent	??_Goverflow_error@_STL@@UAEPAXI@Z
divergent	??_Grange_error@_STL@@UAEPAXI@Z
divergent	??_Gruntime_error@_STL@@UAEPAXI@Z
divergent	??_Gunderflow_error@_STL@@UAEPAXI@Z
divergent	??_I@YGXPAXIHP6EX0@Z@Z
divergent	?Acos@WWMath@@SAMM@Z
divergent	?Add@?$DynamicVectorClass@M@@QAE_NABM@Z
divergent	?Add@?$DynamicVectorClass@PAVHAnimComboDataClass@@@@QAE_NABQAVHAnimComboDataClass@@@Z
divergent	?Add@?$DynamicVectorClass@UPendingSurfaceStruct@Render2DSentenceClass@@@@QAE_NABUPendingSurfaceStruct@Render2DSentenceClass@@@Z
divergent	?Add@?$DynamicVectorClass@UTextureStatisticsStruct@@@@QAE_NABUTextureStatisticsStruct@@@Z
divergent	?Add@?$DynamicVectorClass@UWeightInfoStruct@NamedPivotMapClass@@@@QAE_NABUWeightInfoStruct@NamedPivotMapClass@@@Z
divergent	?Add@?$DynamicVectorClassWide@UTextureStatisticsStructWide@@@@QAE_NABUTextureStatisticsStructWide@@@Z
divergent	?Add@?$RefMultiListClass@VRenderObjClass@@@@QAE_NPAVRenderObjClass@@_N@Z
divergent	?Add@?$SimpleDynVecClass@M@@QAE_NABMH@Z
divergent	?Add@?$SimpleDynVecClass@VKeyClass@?$PrimitiveAnimationChannelClass@VVector3@@@@@@QAE_NABVKeyClass@?$PrimitiveAnimationChannelClass@VVector3@@@@H@Z
divergent	?Add@?$SimpleDynVecClass@VVector3@@@@QAE_NABVVector3@@H@Z
divergent	?Add_Box@MinMaxAABoxClass@@QAEXABVAABoxClass@@@Z
divergent	?Add_Ref@RefCountClass@@QAEXXZ
divergent	?Add_Ref@RefCountClass@@QBEXXZ
divergent	?Add_Ref@TextureClass@@QAEXXZ
divergent	?Add_Sphere@SphereClass@@QAEXABV1@@Z
divergent	?Add_Tail@?$RefMultiListClass@VRenderObjClass@@@@QAE_NPAVRenderObjClass@@_N@Z
divergent	?Adjust_X_Translation@Matrix3D@@QAEXM@Z
divergent	?Adjust_Y_Translation@Matrix3D@@QAEXM@Z
divergent	?Adjust_Z_Translation@Matrix3D@@QAEXM@Z
divergent	?Allocate_Object_Memory@?$ObjectPoolClass@VAABTreeLinkClass@@$0BAA@@@QAEPAVAABTreeLinkClass@@XZ
divergent	?Allocate_Object_Memory@?$ObjectPoolClass@VGridLinkClass@@$0BAA@@@QAEPAVGridLinkClass@@XZ
divergent	?Allocate_Object_Memory@?$ObjectPoolClass@VHAnimComboDataClass@@$0BAA@@@QAEPAVHAnimComboDataClass@@XZ
divergent	?Allocate_Object_Memory@?$ObjectPoolClass@VMatPassTaskClass@@$0BAA@@@QAEPAVMatPassTaskClass@@XZ
divergent	?Allocate_Object_Memory@?$ObjectPoolClass@VMultiListNodeClass@@$0BAA@@@QAEPAVMultiListNodeClass@@XZ
divergent	?Build_Matrix3D@@YAAAVMatrix3D@@ABVQuaternion@@AAV1@@Z
divergent	?Cap_Absolute_To@Vector3@@QAEXABV1@@Z
divergent	?Clamp@WWMath@@SAMMMM@Z
divergent	?Clamp_Color@DX8Wrapper@@SAXAAVVector4@@@Z
divergent	?Clear@?$DynamicVectorClass@VStringClass@@@@UAEXXZ
divergent	?Clear@?$RefCountPtr@VTextureClass@@@@QAEXXZ
divergent	?Clear@?$VectorClass@VProxyClass@@@@UAEXXZ
divergent	?Clear@?$VectorClass@VStringClass@@@@UAEXXZ
divergent	?Compare_No_Case@StringClass@@QBEHPBD@Z
divergent	?Compute_Axis_Aligned_Extent@OBBoxClass@@QBEXPAVVector3@@@Z
divergent	?Compute_Intersection@PlaneClass@@QBE_NABVVector3@@0PAM@Z
divergent	?Compute_Normal@TriClass@@QAEXXZ
divergent	?Convert_Color@DX8Wrapper@@SA?AVVector4@@I@Z
divergent	?Convert_Color@DX8Wrapper@@SAIABVVector3@@M@Z
divergent	?Convert_Color@DX8Wrapper@@SAIABVVector4@@@Z
divergent	?Convert_Color_Clamp@DX8Wrapper@@SAIABVVector4@@@Z
divergent	?CreateInstance@?$_com_ptr_t@V?$_com_IIID@UIFEBrowserEngine2@@$1?_GUID_ee883b17_0778_4b18_a12b_e44c0d298412@@3U__s_GUID@@B@@@@QAEJABU_GUID@@PAUIUnknown@@K@Z
divergent	?Cross_Product@Vector3@@SAXABV1@0PAV1@@Z
divergent	?Delete@?$DynamicVectorClass@PAVHAnimComboDataClass@@@@QAE_NABQAVHAnimComboDataClass@@@Z
divergent	?Delete@?$DynamicVectorClass@PAVHAnimComboDataClass@@@@QAE_NH@Z
divergent	?Delete_All@?$SimpleDynVecClass@VKeyClass@?$PrimitiveAnimationChannelClass@M@@@@QAEX_N@Z
divergent	?Delete_All@?$SimpleDynVecClass@VKeyClass@?$PrimitiveAnimationChannelClass@VVector3@@@@@@QAEX_N@Z
divergent	?Delete_All@?$SimpleDynVecClass@VVector4@@@@QAEX_N@Z
divergent	?Evaluate@?$LERPAnimationChannelClass@M@@UAEMM@Z
divergent	?Evaluate@?$LERPAnimationChannelClass@VVector3@@@@UAE?AVVector3@@M@Z
divergent	?Fast_Sin@WWMath@@SAMM@Z
divergent	?First@?$HashTemplateIterator@VStringClass@@PAVTextureClass@@@@QAEXXZ
divergent	?First@GenericMultiListIterator@@QAEXXZ
divergent	?Float_To_Int_Floor@WWMath@@SAHABM@Z
divergent	?Floor@WWMath@@SAMM@Z
divergent	?Free_Object_Memory@?$ObjectPoolClass@VAABTreeLinkClass@@$0BAA@@@QAEXPAVAABTreeLinkClass@@@Z
divergent	?Free_Object_Memory@?$ObjectPoolClass@VHAnimComboDataClass@@$0BAA@@@QAEXPAVHAnimComboDataClass@@@Z
divergent	?GadgetSliderSetPosition@@YAXPAVGameWindow@@H@Z
divergent	?Get@SysTimeClass@@QAEKXZ
divergent	?GetFrameEntry@Debug@@AAEPAUFrameHashEntry@1@IIPBDH@Z
divergent	?GetIID@?$_com_ptr_t@V?$_com_IIID@UIFEBrowserEngine2@@$1?_GUID_ee883b17_0778_4b18_a12b_e44c0d298412@@3U__s_GUID@@B@@@@SAABU_GUID@@XZ
divergent	?Get_Bone_Transform@RenderObjClass@@UAEABVMatrix3D@@H@Z
divergent	?Get_Bone_Transform@RenderObjClass@@UAEABVMatrix3D@@PBD@Z
divergent	?Get_Color_Array@MeshMatDescClass@@QAEPAIH_N@Z
divergent	?Get_Color_Array@MeshModelClass@@QAEPAIH_N@Z
divergent	?Get_Container@RenderObjClass@@QBEPAV1@XZ
divergent	?Get_Flag@LightClass@@QBEHW4FlagsType@1@@Z
divergent	?Get_Flag@MeshGeometryClass@@QAEHW4FlagsType@1@@Z
divergent	?Get_Full_Path@TextureBaseClass@@QBEABVStringClass@@XZ
divergent	?Get_HAnim@HAnimComboDataClass@@QBEPAVHAnimClass@@XZ
divergent	?Get_Intensity@LightClass@@QBEMXZ
divergent	?Get_Key@?$PrimitiveAnimationChannelClass@VVector3@@@@QBEABVKeyClass@1@H@Z
divergent	?Get_LOD_Count@RenderObjClass@@UBEHXZ
divergent	?Get_Light_Diffuse@LightEnvironmentClass@@QBEABVVector3@@H@Z
divergent	?Get_Light_Direction@LightEnvironmentClass@@QBEABVVector3@@H@Z
divergent	?Get_Max_Textures_Per_Pass@DX8Caps@@QBEHXZ
divergent	?Get_Merge_Abort_Factor@SegLineRendererClass@@QBEMXZ
divergent	?Get_Native_Screen_Size@RenderObjClass@@UBEMXZ
divergent	?Get_Obj_Space_Bounding_Box@CompositeRenderObjClass@@UBEXAAVAABoxClass@@@Z
divergent	?Get_Obj_Space_Bounding_Sphere@CompositeRenderObjClass@@UBEXAAVSphereClass@@@Z
divergent	?Get_ObjectScale@RenderObjClass@@QBE?BMXZ
divergent	?Get_Pass_Count@MeshModelClass@@QBEHXZ
divergent	?Get_Pivot_Map@HAnimComboDataClass@@QBEPAVPivotMapClass@@XZ
divergent	?Get_Poly_Surface_Type@MeshGeometryClass@@QBEEH@Z
divergent	?Get_Polygon_Array@MeshGeometryClass@@QAEPBVVector3i16@@XZ
divergent	?Get_Polygon_Count@MeshGeometryClass@@QBEHXZ
divergent	?Get_Polygon_Count@MeshModelClass@@QBEHXZ
divergent	?Get_Render_State@DX8Wrapper@@SAXAAURenderStateStruct@@@Z
divergent	?Get_Shader@MeshModelClass@@QBE?AVShaderClass@@HH@Z
divergent	?Get_Single_Shader@MeshMatDescClass@@QBE?AVShaderClass@@H@Z
divergent	?Get_Single_Shader@MeshModelClass@@QBE?AVShaderClass@@H@Z
divergent	?Get_Texture_Mapping_Mode@StreakRendererClass@@QBE?AW4TextureMapMode@1@XZ
divergent	?Get_Texture_Tile_Factor@SegLineRendererClass@@QBEMXZ
divergent	?Get_Texturing@ShaderClass@@QBE?AW4TexturingType@1@XZ
divergent	?Get_Transform@DX8Wrapper@@SAXW4_D3DTRANSFORMSTATETYPE@@AAVMatrix4@@@Z
divergent	?Get_Transform@HTreeClass@@QBEABVMatrix3D@@H@Z
divergent	?Get_Translation@Matrix3D@@QBE?AVVector3@@XZ
divergent	?Get_Translation@Matrix3D@@QBEXPAVVector3@@@Z
divergent	?Get_UV_Array@MeshMatDescClass@@QAEPAVVector2@@HH@Z
divergent	?Get_UV_Array_By_Index@MeshMatDescClass@@QAEPAVVector2@@H_N@Z
divergent	?Get_UV_Array_By_Index@MeshModelClass@@QAEPBVVector2@@H@Z
divergent	?Get_Vector@MotionChannelClass@@QBEXHPAM@Z
divergent	?Get_Vector_As_Quat@MotionChannelClass@@QBEXHAAVQuaternion@@@Z
divergent	?Get_Vertex_Array@MeshGeometryClass@@QAEPAVVector3@@XZ
divergent	?Get_Vertex_Count@MeshGeometryClass@@QBEHXZ
divergent	?Get_Vertex_Material@MaterialInfoClass@@QAEPAVVertexMaterialClass@@H@Z
divergent	?Get_X_Vector@Matrix3D@@QBE?AVVector3@@XZ
divergent	?Get_Z_Vector@Matrix3D@@QBEXPAVVector3@@@Z
divergent	?HSV_To_RGB@@YAXAAVVector3@@ABV1@@Z
divergent	?Has_Material_Array@MeshMatDescClass@@QBE_NH@Z
divergent	?Has_Material_Array@MeshModelClass@@QBE_NH@Z
divergent	?Has_Material_Data@MeshMatDescClass@@QAE_NH@Z
divergent	?Has_Shader_Array@MeshMatDescClass@@QBE_NH@Z
divergent	?Has_Shader_Array@MeshModelClass@@QBE_NH@Z
divergent	?Has_Shader_Data@MeshMatDescClass@@QAE_NH@Z
divergent	?Has_Texture_Array@MeshMatDescClass@@QBE_NHH@Z
divergent	?Has_Texture_Array@MeshModelClass@@QBE_NHH@Z
divergent	?Has_UV@MeshMatDescClass@@QAE_NHH@Z
divergent	?Head@?$DLListClass@VSortingNodeStruct@@@@QAEPAVSortingNodeStruct@@XZ
divergent	?ID@?$DynamicVectorClass@M@@UAEHABM@Z
divergent	?ID@?$DynamicVectorClass@M@@UAEHPBM@Z
divergent	?ID@?$DynamicVectorClass@PAVHAnimComboDataClass@@@@UAEHABQAVHAnimComboDataClass@@@Z
divergent	?ID@?$DynamicVectorClass@PAVHAnimComboDataClass@@@@UAEHPBQAVHAnimComboDataClass@@@Z
divergent	?ID@?$VectorClass@M@@UAEHABM@Z
divergent	?ID@?$VectorClass@M@@UAEHPBM@Z
divergent	?ID@?$VectorClass@PAVHAnimComboDataClass@@@@UAEHABQAVHAnimComboDataClass@@@Z
divergent	?ID@?$VectorClass@PAVHAnimComboDataClass@@@@UAEHPBQAVHAnimComboDataClass@@@Z
divergent	?ID@?$VectorClass@PAVRender2DClass@@@@UAEHABQAVRender2DClass@@@Z
divergent	?ID@?$VectorClass@PAVRender2DClass@@@@UAEHPBQAVRender2DClass@@@Z
divergent	?ID@?$VectorClass@UWeightInfoStruct@NamedPivotMapClass@@@@UAEHABUWeightInfoStruct@NamedPivotMapClass@@@Z
divergent	?ID@?$VectorClass@UWeightInfoStruct@NamedPivotMapClass@@@@UAEHPBUWeightInfoStruct@NamedPivotMapClass@@@Z
divergent	?ID@?$VectorClass@VProxyClass@@@@UAEHABVProxyClass@@@Z
divergent	?ID@?$VectorClass@VProxyClass@@@@UAEHPBVProxyClass@@@Z
divergent	?ID@?$VectorClassWide@UTextureStatisticsStructWide@@@@UAEHABUTextureStatisticsStructWide@@@Z
divergent	?In_Front@PlaneClass@@QBE_NABVVector3@@@Z
divergent	?Init@AABoxClass@@QAEXABVMinMaxAABoxClass@@@Z
divergent	?Init@Matrix4@@QAEXABVMatrix3D@@@Z
divergent	?Init@MinMaxAABoxClass@@QAEXABVAABoxClass@@@Z
divergent	?Init_Min_Max@AABoxClass@@QAEXABVVector3@@0@Z
divergent	?Invalidate@ShaderClass@@SAXXZ
divergent	?Inverse_Rotate_Vector@Matrix3D@@SAXABV1@ABVVector3@@PAV2@@Z
divergent	?Is_Disabled_By_Debugger@MeshClass@@QBE_NXZ
divergent	?Is_Done@?$HashTemplateIterator@VStringClass@@PAVTextureClass@@@@QBE_NXZ
divergent	?Is_Empty@StringClass@@QBE_NXZ
divergent	?Is_Merge_Intersections@StreakRendererClass@@QBEHXZ
divergent	?Is_Not_Hidden_At_All@RenderObjClass@@UAEHXZ
divergent	?Is_Really_Visible@RenderObjClass@@UAEHXZ
divergent	?Is_Sorting_Disabled@StreakRendererClass@@QBEHXZ
divergent	?Is_Texturing_Enabled@WW3D@@SA_NXZ
divergent	?Is_Visible@RenderObjClass@@UBEHXZ
divergent	?Lerp@Vector3@@SAXABV1@0MPAV1@@Z
divergent	?Load_Variables@?$PrimitiveAnimationChannelClass@M@@IAEXAAVChunkLoadClass@@@Z
divergent	?Load_Variables@?$PrimitiveAnimationChannelClass@VVector3@@@@IAEXAAVChunkLoadClass@@@Z
divergent	?Make_Identity@Matrix3@@QAEXXZ
divergent	?NAMEKEY@@YA?AW4NameKeyType@@ABVAsciiString@@@Z
divergent	?NAMEKEY@@YA?AW4NameKeyType@@PBD@Z
divergent	?Next@?$HashTemplateIterator@VStringClass@@PAVTextureClass@@@@QAEXXZ
divergent	?Next@GenericMultiListIterator@@QAEXXZ
divergent	?Normalized_Cross_Product@Vector3@@SAXABV1@0PAV1@@Z
divergent	?Overlap_Test@CollisionMath@@SA?AW4OverlapType@1@ABVPlaneClass@@ABVVector3@@@Z
divergent	?Peek_Model@MeshClass@@QAEPAVMeshModelClass@@XZ
divergent	?Peek_Obj@?$RefMultiListIterator@VRenderObjClass@@@@QAEPAVRenderObjClass@@XZ
divergent	?Peek_Scene@RenderObjClass@@UAEPAVSceneClass@@XZ
divergent	?Peek_Shader@Vertex_Split_Table@@QAE?AVShaderClass@@II@Z
divergent	?Peek_Value@?$HashTemplateIterator@VStringClass@@PAVTextureClass@@@@QAEAAPAVTextureClass@@XZ
divergent	?Point_In_Triangle_2D@@YA_NABVVector3@@000HHAAE@Z
divergent	?Quick_Length@Vector3@@QBEMXZ
divergent	?RGB_To_HSV@@YAXAAVVector3@@ABV1@@Z
divergent	?Release_Head@?$RefMultiListClass@VRenderObjClass@@@@QAE_NXZ
divergent	?Release_Ref@IndexBufferClass@@QAEXXZ
divergent	?Release_Ref@RefCountClass@@QBEXXZ
divergent	?Release_Ref@VertexMaterialClass@@QAEXXZ
divergent	?Remove@?$RefMultiListClass@VRenderObjClass@@@@QAE_NPAVRenderObjClass@@@Z
divergent	?Render@DX8PolygonRendererClass@@QAEXH@Z
divergent	?Render_Sorted@DX8PolygonRendererClass@@QAEXHABVSphereClass@@@Z
divergent	?Reset@GridTextureMapperClass@@UAEXXZ
divergent	?Resize@?$SimpleDynVecClass@VVector3@@@@UAE_NH@Z
divergent	?Resize@?$SimpleVecClass@M@@UAE_NH@Z
divergent	?Resize@?$SimpleVecClass@VVector2@@@@UAE_NH@Z
divergent	?Resize@?$SimpleVecClass@VVector3@@@@UAE_NH@Z
divergent	?Resize@?$SimpleVecClass@VVector4@@@@UAE_NH@Z
divergent	?Resize@?$VectorClass@M@@UAE_NHPBM@Z
divergent	?Resize@?$VectorClass@PAVHAnimComboDataClass@@@@UAE_NHPBQAVHAnimComboDataClass@@@Z
divergent	?Resize@?$VectorClass@PAVRender2DClass@@@@UAE_NHPBQAVRender2DClass@@@Z
divergent	?Resize@?$VectorClass@UPendingSurfaceStruct@Render2DSentenceClass@@@@UAE_NHPBUPendingSurfaceStruct@Render2DSentenceClass@@@Z
divergent	?Resize@?$VectorClass@UTextureStatisticsStruct@@@@UAE_NHPBUTextureStatisticsStruct@@@Z
divergent	?Resize@?$VectorClass@UWeightInfoStruct@NamedPivotMapClass@@@@UAE_NHPBUWeightInfoStruct@NamedPivotMapClass@@@Z
divergent	?Resize@?$VectorClass@VModelNodeClass@HLodClass@@@@UAE_NHPBVModelNodeClass@HLodClass@@@Z
divergent	?Resize@?$VectorClass@VProxyClass@@@@UAE_NHPBVProxyClass@@@Z
divergent	?Resize@?$VectorClass@VShaderClass@@@@UAE_NHPBVShaderClass@@@Z
divergent	?Resize@?$VectorClass@VStringClass@@@@UAE_NHPBVStringClass@@@Z
divergent	?Resize@?$VectorClass@VVector2@@@@UAE_NHPBVVector2@@@Z
divergent	?Resize@?$VectorClass@VVector3@@@@UAE_NHPBVVector3@@@Z
divergent	?Resize@?$VectorClass@VVector4@@@@UAE_NHPBVVector4@@@Z
divergent	?Resize@?$VectorClassWide@UTextureStatisticsStructWide@@@@UAE_NHPBUTextureStatisticsStructWide@@@Z
divergent	?Rotate_Vector@Matrix3D@@SAXABV1@ABVVector3@@PAV2@@Z
divergent	?Rotate_Vector@Quaternion@@QBE?AVVector3@@ABV2@@Z
divergent	?Rotate_Y@Matrix3D@@QAEXM@Z
divergent	?Rotate_Z@Matrix3D@@QAEXM@Z
divergent	?Save@?$PrimitiveAnimationChannelClass@M@@UAEXAAVChunkSaveClass@@@Z
divergent	?Save@?$PrimitiveAnimationChannelClass@VVector3@@@@UAEXAAVChunkSaveClass@@@Z
divergent	?Set@Quaternion@@QAEXMMMM@Z
divergent	?Set@Vector3@@QAEXMMM@Z
divergent	?Set@Vector4@@QAEXMMMM@Z
divergent	?Set_Additive@RenderObjClass@@UAEXH@Z
divergent	?Set_Alpha@RenderObjClass@@UAEXH@Z
divergent	?Set_Ambient@LightClass@@QAEXABVVector3@@@Z
divergent	?Set_Animation_Hidden@RenderObjClass@@UAEXH@Z
divergent	?Set_Collision_Type@RenderObjClass@@UAEXH@Z
divergent	?Set_Color_Mask@ShaderClass@@QAEXW4ColorMaskType@1@@Z
divergent	?Set_Current_Subdivision_Level@StreakRendererClass@@QAEXI@Z
divergent	?Set_DX8_Render_State@DX8Wrapper@@SAXKI@Z
divergent	?Set_DX8_Texture@DX8Wrapper@@SAXIPAUIDirect3DBaseTexture8@@@Z
divergent	?Set_DX8_Texture_Stage_State@DX8Wrapper@@SAXIKI@Z
divergent	?Set_Depth_Compare@ShaderClass@@QAEXW4DepthCompareType@1@@Z
divergent	?Set_Depth_Mask@ShaderClass@@QAEXW4DepthMaskType@1@@Z
divergent	?Set_Diffuse@LightClass@@QAEXABVVector3@@@Z
divergent	?Set_Dirty_Bounds@DynamicMeshClass@@QAEXXZ
divergent	?Set_Dirty_Planes@DynamicMeshClass@@QAEXXZ
divergent	?Set_Disable_Sorting@StreakRendererClass@@QAEXH@Z
divergent	?Set_Dst_Blend_Func@ShaderClass@@QAEXW4DstBlendFuncType@1@@Z
divergent	?Set_End_Caps@StreakRendererClass@@QAEXH@Z
divergent	?Set_Flag@MeshGeometryClass@@QAEXW4FlagsType@1@_N@Z
divergent	?Set_Fog_Func@ShaderClass@@QAEXW4FogFuncType@1@@Z
divergent	?Set_Force_Visible@ParticleEmitterClass@@UAEXH@Z
divergent	?Set_Force_Visible@RenderObjClass@@UAEXH@Z
divergent	?Set_Freeze_Random@StreakRendererClass@@QAEXH@Z
divergent	?Set_Hidden@RenderObjClass@@UAEXH@Z
divergent	?Set_Index_Buffer_Index_Offset@DX8Wrapper@@SAXI@Z
divergent	?Set_Mapper@VertexMaterialClass@@QAEXPAVTextureMapperClass@@H@Z
divergent	?Set_Material@DX8Wrapper@@SAXPBVVertexMaterialClass@@@Z
divergent	?Set_Merge_Intersections@StreakRendererClass@@QAEXH@Z
divergent	?Set_Native_Screen_Size@RenderObjClass@@UAEXM@Z
divergent	?Set_Primary_Gradient@ShaderClass@@QAEXW4PriGradientType@1@@Z
divergent	?Set_Secondary_Gradient@ShaderClass@@QAEXW4SecGradientType@1@@Z
divergent	?Set_Shader@DX8Wrapper@@SAXABVShaderClass@@@Z
divergent	?Set_Specular@LightClass@@QAEXABVVector3@@@Z
divergent	?Set_Src_Blend_Func@ShaderClass@@QAEXW4SrcBlendFuncType@1@@Z
divergent	?Set_Sub_Object_Transforms_Dirty@RenderObjClass@@QAEX_N@Z
divergent	?Set_Texture@DX8Wrapper@@SAXIPAVTextureBaseClass@@@Z
divergent	?Set_Texture_Mapping_Mode@StreakRendererClass@@QAEXW4TextureMapMode@1@@Z
divergent	?Set_Transform@DX8Wrapper@@SAXW4_D3DTRANSFORMSTATETYPE@@ABVMatrix3D@@@Z
divergent	?Set_Transform@DX8Wrapper@@SAXW4_D3DTRANSFORMSTATETYPE@@ABVMatrix4@@@Z
divergent	?Set_Translucent@RenderObjClass@@UAEXH@Z
divergent	?Set_User_Data@RenderObjClass@@UAEXPAX_N@Z
divergent	?Set_Vertex_Shader_Constant@DX8Wrapper@@SAXHPBXH@Z
divergent	?Set_Viewport@CameraClass@@QAEXABVVector2@@0@Z
divergent	?Set_Visible@RenderObjClass@@UAEXHH@Z
divergent	?Set_Z_Translation@Matrix3D@@QAEXM@Z
divergent	?Shutdown@INIClass@@AAEXXZ
divergent	?TEST_DISABLEDMASK@@YA_NABV?$BitFlags@$0N@@@W4DisabledType@@@Z
divergent	?TEST_KINDOFMASK@@YA_NABV?$BitFlags@$0HE@@@W4KindOfType@@@Z
divergent	?TEST_KINDOFMASK_ANY@@YA_NABV?$BitFlags@$0HE@@@0@Z
divergent	?Transform@OBBoxClass@@SAXABVMatrix3D@@ABV1@PAV1@@Z
divergent	?Transform_Vector@Matrix3D@@SAXABV1@ABVVector3@@PAV2@@Z
divergent	?Translate@Matrix3D@@QAEXABVVector3@@@Z
divergent	?Transpose@Matrix4@@QBE?AV1@XZ
divergent	?Uninitialised_Grow@?$SimpleVecClass@M@@UAE_NH@Z
divergent	?Uninitialised_Grow@?$SimpleVecClass@VKeyClass@?$PrimitiveAnimationChannelClass@M@@@@UAE_NH@Z
divergent	?Uninitialised_Grow@?$SimpleVecClass@VKeyClass@?$PrimitiveAnimationChannelClass@VVector3@@@@@@UAE_NH@Z
divergent	?Uninitialised_Grow@?$SimpleVecClass@VVector3@@@@UAE_NH@Z
divergent	?Uninitialised_Grow@?$SimpleVecClass@VVector4@@@@UAE_NH@Z
divergent	?W3d_Shader_Reset@@YAXPAUW3dShaderStruct@@@Z
divergent	?_FILE_I_predecr@_STL@@YAAADPAU_iobuf@@@Z
divergent	?_FILE_O_bump@_STL@@YAXPAU_iobuf@@H@Z
divergent	?_FILE_O_next@_STL@@YAPADPBU_iobuf@@@Z
divergent	?_FILE_O_postincr@_STL@@YAAADPAU_iobuf@@@Z
divergent	?_FILE_O_set@_STL@@YAXPAU_iobuf@@PAD11@Z
divergent	?_Get_D3D_Device8@DX8Wrapper@@SAPAUIDirect3DDevice8@@XZ
divergent	?_M_advance@?$_Deque_iterator_base@PAX@_STL@@QAEXH@Z
divergent	?_M_advance@?$_Deque_iterator_base@UBfmePod20@@@_STL@@QAEXH@Z
divergent	?_M_advance@_Bit_iterator_base@_STL@@QAEXH@Z
divergent	?_M_allocate@?$__node_alloc@$00$0A@@_STL@@CAPAXI@Z
divergent	?_M_allocate_block@?$_String_base@DV?$allocator@D@_STL@@@_STL@@QAEXI@Z
divergent	?_M_allocate_block@?$_String_base@GV?$allocator@G@_STL@@@_STL@@QAEXI@Z
divergent	?_M_allocate_buffers@?$basic_filebuf@DV?$char_traits@D@_STL@@@_STL@@AAE_NPADH@Z
divergent	?_M_allocate_buffers@?$basic_filebuf@DV?$char_traits@D@_STL@@@_STL@@AAE_NXZ
divergent	?_M_allocate_buffers@?$basic_filebuf@GV?$char_traits@G@_STL@@@_STL@@AAE_NPAGH@Z
divergent	?_M_allocate_buffers@?$basic_filebuf@GV?$char_traits@G@_STL@@@_STL@@AAE_NXZ
divergent	?_M_append_buffer@?$basic_stringbuf@DV?$char_traits@D@_STL@@V?$allocator@D@2@@_STL@@ABEXXZ
divergent	?_M_bit_alloc@?$_Bvector_base@V?$allocator@_N@_STL@@@_STL@@IAEPAII@Z
divergent	?_M_bkt_num@?$hashtable@U?$pair@$$CBHH@_STL@@HU?$hash@H@2@U?$_Select1st@U?$pair@$$CBHH@_STL@@@2@U?$equal_to@H@2@V?$allocator@U?$pair@$$CBHH@_STL@@@2@@_STL@@ABEIABU?$pair@$$CBHH@2@@Z
divergent	?_M_bkt_num@?$hashtable@U?$pair@$$CBHW4Relationship@@@_STL@@HU?$hash@H@2@U?$_Select1st@U?$pair@$$CBHW4Relationship@@@_STL@@@2@U?$equal_to@H@2@V?$allocator@U?$pair@$$CBHW4Relationship@@@_STL@@@2@@_STL@@ABEIABU?$pair@$$CBHW4Relationship@@@2@@Z
divergent	?_M_bkt_num@?$hashtable@U?$pair@$$CBIW4Relationship@@@_STL@@IU?$hash@I@2@U?$_Select1st@U?$pair@$$CBIW4Relationship@@@_STL@@@2@U?$equal_to@I@2@V?$allocator@U?$pair@$$CBIW4Relationship@@@_STL@@@2@@_STL@@ABEIABU?$pair@$$CBIW4Relationship@@@2@@Z
divergent	?_M_bkt_num@?$hashtable@U?$pair@$$CBVAsciiString@@PAVThingTemplate@@@_STL@@VAsciiString@@U?$hash@VAsciiString@@@rts@@U?$_Select1st@U?$pair@$$CBVAsciiString@@PAVThingTemplate@@@_STL@@@2@U?$equal_to@VAsciiString@@@5@V?$allocator@U?$pair@$$CBVAsciiString@@PAVThingTemplate@@@_STL@@@2@@_STL@@ABEIABU?$pair@$$CBVAsciiString@@PAVThingTemplate@@@2@@Z
divergent	?_M_bkt_num@?$hashtable@U?$pair@$$CBVAsciiString@@PAVThingTemplate@@@_STL@@VAsciiString@@U?$hash@VAsciiString@@@rts@@U?$_Select1st@U?$pair@$$CBVAsciiString@@PAVThingTemplate@@@_STL@@@2@U?$equal_to@VAsciiString@@@5@V?$allocator@U?$pair@$$CBVAsciiString@@PAVThingTemplate@@@_STL@@@2@@_STL@@ABEIABU?$pair@$$CBVAsciiString@@PAVThingTemplate@@@2@I@Z
divergent	?_M_bkt_num@?$hashtable@U?$pair@$$CBW4NameKeyType@@VArmorTemplate@@@_STL@@W4NameKeyType@@U?$hash@W4NameKeyType@@@rts@@U?$_Select1st@U?$pair@$$CBW4NameKeyType@@VArmorTemplate@@@_STL@@@2@U?$equal_to@W4NameKeyType@@@5@V?$allocator@U?$pair@$$CBW4NameKeyType@@VArmorTemplate@@@_STL@@@2@@_STL@@ABEIABU?$pair@$$CBW4NameKeyType@@VArmorTemplate@@@2@@Z
divergent	?_M_bkt_num@?$hashtable@U?$pair@$$CBW4NameKeyType@@VArmorTemplate@@@_STL@@W4NameKeyType@@U?$hash@W4NameKeyType@@@rts@@U?$_Select1st@U?$pair@$$CBW4NameKeyType@@VArmorTemplate@@@_STL@@@2@U?$equal_to@W4NameKeyType@@@5@V?$allocator@U?$pair@$$CBW4NameKeyType@@VArmorTemplate@@@_STL@@@2@@_STL@@ABEIABU?$pair@$$CBW4NameKeyType@@VArmorTemplate@@@2@I@Z
divergent	?_M_bkt_num@?$hashtable@U?$pair@$$CBW4NameKeyType@@VDamageFX@@@_STL@@W4NameKeyType@@U?$hash@W4NameKeyType@@@rts@@U?$_Select1st@U?$pair@$$CBW4NameKeyType@@VDamageFX@@@_STL@@@2@U?$equal_to@W4NameKeyType@@@5@V?$allocator@U?$pair@$$CBW4NameKeyType@@VDamageFX@@@_STL@@@2@@_STL@@ABEIABU?$pair@$$CBW4NameKeyType@@VDamageFX@@@2@@Z
divergent	?_M_bkt_num@?$hashtable@U?$pair@$$CBW4NameKeyType@@VDamageFX@@@_STL@@W4NameKeyType@@U?$hash@W4NameKeyType@@@rts@@U?$_Select1st@U?$pair@$$CBW4NameKeyType@@VDamageFX@@@_STL@@@2@U?$equal_to@W4NameKeyType@@@5@V?$allocator@U?$pair@$$CBW4NameKeyType@@VDamageFX@@@_STL@@@2@@_STL@@ABEIABU?$pair@$$CBW4NameKeyType@@VDamageFX@@@2@I@Z
divergent	?_M_bkt_num@?$hashtable@U?$pair@QBVGameWindow@@PAVWindowVideo@@@_STL@@PBVGameWindow@@UhashConstGameWindowPtr@WindowVideoManager@@U?$_Select1st@U?$pair@QBVGameWindow@@PAVWindowVideo@@@_STL@@@2@U?$equal_to@PBVGameWindow@@@2@V?$allocator@U?$pair@QBVGameWindow@@PAVWindowVideo@@@_STL@@@2@@_STL@@ABEIABU?$pair@QBVGameWindow@@PAVWindowVideo@@@2@@Z
divergent	?_M_bkt_num_key@?$hashtable@U?$pair@$$CBHW4Relationship@@@_STL@@HU?$hash@H@2@U?$_Select1st@U?$pair@$$CBHW4Relationship@@@_STL@@@2@U?$equal_to@H@2@V?$allocator@U?$pair@$$CBHW4Relationship@@@_STL@@@2@@_STL@@ABEIABH@Z
divergent	?_M_bkt_num_key@?$hashtable@U?$pair@$$CBIW4Relationship@@@_STL@@IU?$hash@I@2@U?$_Select1st@U?$pair@$$CBIW4Relationship@@@_STL@@@2@U?$equal_to@I@2@V?$allocator@U?$pair@$$CBIW4Relationship@@@_STL@@@2@@_STL@@ABEIABI@Z
divergent	?_M_bkt_num_key@?$hashtable@U?$pair@$$CBVAsciiString@@PAVThingTemplate@@@_STL@@VAsciiString@@U?$hash@VAsciiString@@@rts@@U?$_Select1st@U?$pair@$$CBVAsciiString@@PAVThingTemplate@@@_STL@@@2@U?$equal_to@VAsciiString@@@5@V?$allocator@U?$pair@$$CBVAsciiString@@PAVThingTemplate@@@_STL@@@2@@_STL@@ABEIABVAsciiString@@@Z
divergent	?_M_bkt_num_key@?$hashtable@U?$pair@$$CBVAsciiString@@PAVThingTemplate@@@_STL@@VAsciiString@@U?$hash@VAsciiString@@@rts@@U?$_Select1st@U?$pair@$$CBVAsciiString@@PAVThingTemplate@@@_STL@@@2@U?$equal_to@VAsciiString@@@5@V?$allocator@U?$pair@$$CBVAsciiString@@PAVThingTemplate@@@_STL@@@2@@_STL@@ABEIABVAsciiString@@I@Z
divergent	?_M_bkt_num_key@?$hashtable@U?$pair@$$CBW4NameKeyType@@VArmorTemplate@@@_STL@@W4NameKeyType@@U?$hash@W4NameKeyType@@@rts@@U?$_Select1st@U?$pair@$$CBW4NameKeyType@@VArmorTemplate@@@_STL@@@2@U?$equal_to@W4NameKeyType@@@5@V?$allocator@U?$pair@$$CBW4NameKeyType@@VArmorTemplate@@@_STL@@@2@@_STL@@ABEIABW4NameKeyType@@@Z
divergent	?_M_bkt_num_key@?$hashtable@U?$pair@$$CBW4NameKeyType@@VArmorTemplate@@@_STL@@W4NameKeyType@@U?$hash@W4NameKeyType@@@rts@@U?$_Select1st@U?$pair@$$CBW4NameKeyType@@VArmorTemplate@@@_STL@@@2@U?$equal_to@W4NameKeyType@@@5@V?$allocator@U?$pair@$$CBW4NameKeyType@@VArmorTemplate@@@_STL@@@2@@_STL@@ABEIABW4NameKeyType@@I@Z
divergent	?_M_bkt_num_key@?$hashtable@U?$pair@$$CBW4NameKeyType@@VDamageFX@@@_STL@@W4NameKeyType@@U?$hash@W4NameKeyType@@@rts@@U?$_Select1st@U?$pair@$$CBW4NameKeyType@@VDamageFX@@@_STL@@@2@U?$equal_to@W4NameKeyType@@@5@V?$allocator@U?$pair@$$CBW4NameKeyType@@VDamageFX@@@_STL@@@2@@_STL@@ABEIABW4NameKeyType@@I@Z
divergent	?_M_bkt_num_key@?$hashtable@U?$pair@QBVGameWindow@@PAVWindowVideo@@@_STL@@PBVGameWindow@@UhashConstGameWindowPtr@WindowVideoManager@@U?$_Select1st@U?$pair@QBVGameWindow@@PAVWindowVideo@@@_STL@@@2@U?$equal_to@PBVGameWindow@@@2@V?$allocator@U?$pair@QBVGameWindow@@PAVWindowVideo@@@_STL@@@2@@_STL@@ABEIABQBVGameWindow@@@Z
divergent	?_M_bkt_num_key@?$hashtable@U?$pair@QBVGameWindow@@PAVWindowVideo@@@_STL@@PBVGameWindow@@UhashConstGameWindowPtr@WindowVideoManager@@U?$_Select1st@U?$pair@QBVGameWindow@@PAVWindowVideo@@@_STL@@@2@U?$equal_to@PBVGameWindow@@@2@V?$allocator@U?$pair@QBVGameWindow@@PAVWindowVideo@@@_STL@@@2@@_STL@@ABEIABQBVGameWindow@@I@Z
divergent	?_M_bump_up@_Bit_iterator_base@_STL@@QAEXXZ
divergent	?_M_clear@?$vector@HV?$allocator@H@_STL@@@_STL@@IAEXXZ
divergent	?_M_clear@?$vector@IV?$allocator@I@_STL@@@_STL@@IAEXXZ
divergent	?_M_clear@?$vector@JV?$allocator@J@_STL@@@_STL@@IAEXXZ
divergent	?_M_clear@?$vector@PAVObject@@V?$allocator@PAVObject@@@_STL@@@_STL@@IAEXXZ
divergent	?_M_clear@?$vector@PAVObjectCreationNugget@@V?$allocator@PAVObjectCreationNugget@@@_STL@@@_STL@@IAEXXZ
divergent	?_M_clear@?$vector@PAXV?$allocator@PAX@_STL@@@_STL@@IAEXXZ
divergent	?_M_clear@?$vector@PBVFXList@@V?$allocator@PBVFXList@@@_STL@@@_STL@@IAEXXZ
divergent	?_M_clear@?$vector@PBVModuleData@@V?$allocator@PBVModuleData@@@_STL@@@_STL@@IAEXXZ
divergent	?_M_clear@?$vector@PBVObjectCreationList@@V?$allocator@PBVObjectCreationList@@@_STL@@@_STL@@IAEXXZ
divergent	?_M_clear@?$vector@PBVWeaponTemplate@@V?$allocator@PBVWeaponTemplate@@@_STL@@@_STL@@IAEXXZ
divergent	?_M_clear@?$vector@UBfmeE16@@V?$allocator@UBfmeE16@@@_STL@@@_STL@@IAEXXZ
divergent	?_M_clear@?$vector@UBfmeE8@@V?$allocator@UBfmeE8@@@_STL@@@_STL@@IAEXXZ
divergent	?_M_clear@?$vector@UBfmePod104@@V?$allocator@UBfmePod104@@@_STL@@@_STL@@IAEXXZ
divergent	?_M_clear@?$vector@UBfmePod128@@V?$allocator@UBfmePod128@@@_STL@@@_STL@@IAEXXZ
divergent	?_M_clear@?$vector@UBfmePod20@@V?$allocator@UBfmePod20@@@_STL@@@_STL@@IAEXXZ
divergent	?_M_clear@?$vector@UBfmePod216@@V?$allocator@UBfmePod216@@@_STL@@@_STL@@IAEXXZ
divergent	?_M_clear@?$vector@UBfmePod248@@V?$allocator@UBfmePod248@@@_STL@@@_STL@@IAEXXZ
divergent	?_M_clear@?$vector@UBfmePod252@@V?$allocator@UBfmePod252@@@_STL@@@_STL@@IAEXXZ
divergent	?_M_clear@?$vector@UBfmePod36@@V?$allocator@UBfmePod36@@@_STL@@@_STL@@IAEXXZ
divergent	?_M_clear@?$vector@UBfmePod40@@V?$allocator@UBfmePod40@@@_STL@@@_STL@@IAEXXZ
divergent	?_M_clear@?$vector@UBfmePod52@@V?$allocator@UBfmePod52@@@_STL@@@_STL@@IAEXXZ
divergent	?_M_clear@?$vector@UBfmePod88@@V?$allocator@UBfmePod88@@@_STL@@@_STL@@IAEXXZ
divergent	?_M_clear@?$vector@UBfmeStringRecord00395E75@@V?$allocator@UBfmeStringRecord00395E75@@@_STL@@@_STL@@IAEXXZ
divergent	?_M_clear@?$vector@UBfmeStringRecord00404BF3@@V?$allocator@UBfmeStringRecord00404BF3@@@_STL@@@_STL@@IAEXXZ
divergent	?_M_clear@?$vector@UBfmeStringRecord00466E64@@V?$allocator@UBfmeStringRecord00466E64@@@_STL@@@_STL@@IAEXXZ
divergent	?_M_clear@?$vector@UCoord3D@@V?$allocator@UCoord3D@@@_STL@@@_STL@@IAEXXZ
divergent	?_M_clear@?$vector@UICoord2D@@V?$allocator@UICoord2D@@@_STL@@@_STL@@IAEXXZ
divergent	?_M_clear@?$vector@UNugget@ModuleInfo@@V?$allocator@UNugget@ModuleInfo@@@_STL@@@_STL@@IAEXXZ
divergent	?_M_clear@?$vector@URva00082BE6Element@@V?$allocator@URva00082BE6Element@@@_STL@@@_STL@@IAEXXZ
divergent	?_M_clear@?$vector@URva00082C1DElement@@V?$allocator@URva00082C1DElement@@@_STL@@@_STL@@IAEXXZ
divergent	?_M_clear@?$vector@URva0008B689Element@@V?$allocator@URva0008B689Element@@@_STL@@@_STL@@IAEXXZ
divergent	?_M_clear@?$vector@URva000CF83CElement@@V?$allocator@URva000CF83CElement@@@_STL@@@_STL@@IAEXXZ
divergent	?_M_clear@?$vector@URva001504A1Record@@V?$allocator@URva001504A1Record@@@_STL@@@_STL@@IAEXXZ
divergent	?_M_clear@?$vector@URva00153A27Element@@V?$allocator@URva00153A27Element@@@_STL@@@_STL@@IAEXXZ
divergent	?_M_clear@?$vector@URva001DAAF2Element@@V?$allocator@URva001DAAF2Element@@@_STL@@@_STL@@IAEXXZ
divergent	?_M_clear@?$vector@URva001DF3F1Element@@V?$allocator@URva001DF3F1Element@@@_STL@@@_STL@@IAEXXZ
divergent	?_M_clear@?$vector@URva0020A227Element@@V?$allocator@URva0020A227Element@@@_STL@@@_STL@@IAEXXZ
divergent	?_M_clear@?$vector@URva00260B88Element@@V?$allocator@URva00260B88Element@@@_STL@@@_STL@@IAEXXZ
divergent	?_M_clear@?$vector@URva002898ACElement@@V?$allocator@URva002898ACElement@@@_STL@@@_STL@@IAEXXZ
divergent	?_M_clear@?$vector@URva002B72C9@@V?$allocator@URva002B72C9@@@_STL@@@_STL@@IAEXXZ
divergent	?_M_clear@?$vector@URva00308E2CElement@@V?$allocator@URva00308E2CElement@@@_STL@@@_STL@@IAEXXZ
divergent	?_M_clear@?$vector@URva00318203Element@@V?$allocator@URva00318203Element@@@_STL@@@_STL@@IAEXXZ
divergent	?_M_clear@?$vector@URva0032DC80Element@@V?$allocator@URva0032DC80Element@@@_STL@@@_STL@@IAEXXZ
divergent	?_M_clear@?$vector@URva0032EA3FElement@@V?$allocator@URva0032EA3FElement@@@_STL@@@_STL@@IAEXXZ
divergent	?_M_clear@?$vector@URva003328B6Element@@V?$allocator@URva003328B6Element@@@_STL@@@_STL@@IAEXXZ
divergent	?_M_clear@?$vector@URva0033A23AElement@@V?$allocator@URva0033A23AElement@@@_STL@@@_STL@@IAEXXZ
divergent	?_M_clear@?$vector@URva0039A48EElement@@V?$allocator@URva0039A48EElement@@@_STL@@@_STL@@IAEXXZ
divergent	?_M_clear@?$vector@URva003F7B22Element@@V?$allocator@URva003F7B22Element@@@_STL@@@_STL@@IAEXXZ
divergent	?_M_clear@?$vector@URva0040C0C7Element@@V?$allocator@URva0040C0C7Element@@@_STL@@@_STL@@IAEXXZ
divergent	?_M_clear@?$vector@URva00414258Element@@V?$allocator@URva00414258Element@@@_STL@@@_STL@@IAEXXZ
divergent	?_M_clear@?$vector@URva00414BA4Element@@V?$allocator@URva00414BA4Element@@@_STL@@@_STL@@IAEXXZ
divergent	?_M_clear@?$vector@URva004C3F09Element@@V?$allocator@URva004C3F09Element@@@_STL@@@_STL@@IAEXXZ
divergent	?_M_clear@?$vector@URva004F87BCElement@@V?$allocator@URva004F87BCElement@@@_STL@@@_STL@@IAEXXZ
divergent	?_M_clear@?$vector@URva004F8D92Element@@V?$allocator@URva004F8D92Element@@@_STL@@@_STL@@IAEXXZ
divergent	?_M_clear@?$vector@URva004F93B0Element@@V?$allocator@URva004F93B0Element@@@_STL@@@_STL@@IAEXXZ
divergent	?_M_clear@?$vector@URva00501E3FElement@@V?$allocator@URva00501E3FElement@@@_STL@@@_STL@@IAEXXZ
divergent	?_M_clear@?$vector@URva005668E9Element@@V?$allocator@URva005668E9Element@@@_STL@@@_STL@@IAEXXZ
divergent	?_M_clear@?$vector@URva00578425Element@@V?$allocator@URva00578425Element@@@_STL@@@_STL@@IAEXXZ
divergent	?_M_clear@?$vector@URva005E1E9BElement@@V?$allocator@URva005E1E9BElement@@@_STL@@@_STL@@IAEXXZ
divergent	?_M_clear@?$vector@URva005E2B0EElement@@V?$allocator@URva005E2B0EElement@@@_STL@@@_STL@@IAEXXZ
divergent	?_M_clear@?$vector@URva005E71C6Ref@@V?$allocator@URva005E71C6Ref@@@_STL@@@_STL@@IAEXXZ
divergent	?_M_clear@?$vector@URva005EFD53Element@@V?$allocator@URva005EFD53Element@@@_STL@@@_STL@@IAEXXZ
divergent	?_M_clear@?$vector@URva005F13E6Element@@V?$allocator@URva005F13E6Element@@@_STL@@@_STL@@IAEXXZ
divergent	?_M_clear@?$vector@URva005FA197Element@@V?$allocator@URva005FA197Element@@@_STL@@@_STL@@IAEXXZ
divergent	?_M_clear@?$vector@URva005FA1CEElement@@V?$allocator@URva005FA1CEElement@@@_STL@@@_STL@@IAEXXZ
divergent	?_M_clear@?$vector@VArmorTemplateSet@@V?$allocator@VArmorTemplateSet@@@_STL@@@_STL@@IAEXXZ
divergent	?_M_clear@?$vector@VBfmeThingUBB@@V?$allocator@VBfmeThingUBB@@@_STL@@@_STL@@IAEXXZ
divergent	?_M_clear@?$vector@VLivingWorldRegionConnection@@V?$allocator@VLivingWorldRegionConnection@@@_STL@@@_STL@@IAEXXZ
divergent	?_M_clear@?$vector@VMoney@@V?$allocator@VMoney@@@_STL@@@_STL@@IAEXXZ
divergent	?_M_clear@?$vector@VRva000BB491@@V?$allocator@VRva000BB491@@@_STL@@@_STL@@IAEXXZ
divergent	?_M_clear@?$vector@VRva000BB4AC@@V?$allocator@VRva000BB4AC@@@_STL@@@_STL@@IAEXXZ
divergent	?_M_clear@?$vector@VRva004E32F2@@V?$allocator@VRva004E32F2@@@_STL@@@_STL@@IAEXXZ
divergent	?_M_clear@?$vector@VRva0052BE33@@V?$allocator@VRva0052BE33@@@_STL@@@_STL@@IAEXXZ
divergent	?_M_clear@?$vector@VRva0054000B@@V?$allocator@VRva0054000B@@@_STL@@@_STL@@IAEXXZ
divergent	?_M_clear@?$vector@VRva00568A20@@V?$allocator@VRva00568A20@@@_STL@@@_STL@@IAEXXZ
divergent	?_M_clear@?$vector@VW3DAnimationInfo@@V?$allocator@VW3DAnimationInfo@@@_STL@@@_STL@@IAEXXZ
divergent	?_M_clear@?$vector@VWeaponTemplateSet@@V?$allocator@VWeaponTemplateSet@@@_STL@@@_STL@@IAEXXZ
divergent	?_M_clear@?$vector@W4ObjectID@@V?$allocator@W4ObjectID@@@_STL@@@_STL@@IAEXXZ
divergent	?_M_clear@?$vector@W4ScienceType@@V?$allocator@W4ScienceType@@@_STL@@@_STL@@IAEXXZ
divergent	?_M_clone_node@?$_Rb_tree@$$CBV?$BitFlags@$0BB@@@U?$pair@$$CBV?$BitFlags@$0BB@@@PBVWeaponTemplateSet@@@_STL@@U?$_Select1st@U?$pair@$$CBV?$BitFlags@$0BB@@@PBVWeaponTemplateSet@@@_STL@@@3@UMapHelper@?$SparseMatchFinder@VWeaponTemplateSet@@V?$BitFlags@$0BB@@@@@V?$allocator@U?$pair@$$CBV?$BitFlags@$0BB@@@PBVWeaponTemplateSet@@@_STL@@@3@@_STL@@IAEPAU?$_Rb_tree_node@U?$pair@$$CBV?$BitFlags@$0BB@@@PBVWeaponTemplateSet@@@_STL@@@2@PAU32@@Z
divergent	?_M_clone_node@?$_Rb_tree@$$CBV?$BitFlags@$0L@@@U?$pair@$$CBV?$BitFlags@$0L@@@PBVArmorTemplateSet@@@_STL@@U?$_Select1st@U?$pair@$$CBV?$BitFlags@$0L@@@PBVArmorTemplateSet@@@_STL@@@3@UMapHelper@?$SparseMatchFinder@VArmorTemplateSet@@V?$BitFlags@$0L@@@@@V?$allocator@U?$pair@$$CBV?$BitFlags@$0L@@@PBVArmorTemplateSet@@@_STL@@@3@@_STL@@IAEPAU?$_Rb_tree_node@U?$pair@$$CBV?$BitFlags@$0L@@@PBVArmorTemplateSet@@@_STL@@@2@PAU32@@Z
divergent	?_M_clone_node@?$_Rb_tree@HU?$pair@$$CBHH@_STL@@U?$_Select1st@U?$pair@$$CBHH@_STL@@@2@U?$less@H@2@V?$allocator@U?$pair@$$CBHH@_STL@@@2@@_STL@@IAEPAU?$_Rb_tree_node@U?$pair@$$CBHH@_STL@@@2@PAU32@@Z
divergent	?_M_clone_node@?$_Rb_tree@HU?$pair@$$CBHVAsciiString@@@_STL@@U?$_Select1st@U?$pair@$$CBHVAsciiString@@@_STL@@@2@U?$less@H@2@V?$allocator@U?$pair@$$CBHVAsciiString@@@_STL@@@2@@_STL@@IAEPAU?$_Rb_tree_node@U?$pair@$$CBHVAsciiString@@@_STL@@@2@PAU32@@Z
divergent	?_M_clone_node@?$_Rb_tree@VAsciiString@@U?$pair@$$CBVAsciiString@@PBVFXList@@@_STL@@U?$_Select1st@U?$pair@$$CBVAsciiString@@PBVFXList@@@_STL@@@3@U?$less@VAsciiString@@@3@V?$allocator@U?$pair@$$CBVAsciiString@@PBVFXList@@@_STL@@@3@@_STL@@IAEPAU?$_Rb_tree_node@U?$pair@$$CBVAsciiString@@PBVFXList@@@_STL@@@2@PAU32@@Z
divergent	?_M_clone_node@?$_Rb_tree@VAsciiString@@U?$pair@$$CBVAsciiString@@UCoord3D@@@_STL@@U?$_Select1st@U?$pair@$$CBVAsciiString@@UCoord3D@@@_STL@@@3@U?$less@VAsciiString@@@3@V?$allocator@U?$pair@$$CBVAsciiString@@UCoord3D@@@_STL@@@3@@_STL@@IAEPAU?$_Rb_tree_node@U?$pair@$$CBVAsciiString@@UCoord3D@@@_STL@@@2@PAU32@@Z
divergent	?_M_clone_node@?$_Rb_tree@VAsciiString@@U?$pair@$$CBVAsciiString@@VAudioEventRTS@@@_STL@@U?$_Select1st@U?$pair@$$CBVAsciiString@@VAudioEventRTS@@@_STL@@@3@U?$less@VAsciiString@@@3@V?$allocator@U?$pair@$$CBVAsciiString@@VAudioEventRTS@@@_STL@@@3@@_STL@@IAEPAU?$_Rb_tree_node@U?$pair@$$CBVAsciiString@@VAudioEventRTS@@@_STL@@@2@PAU32@@Z
divergent	?_M_clone_node@?$_Rb_tree@W4NameKeyType@@U?$pair@$$CBW4NameKeyType@@UPristineBoneInfo@@@_STL@@U?$_Select1st@U?$pair@$$CBW4NameKeyType@@UPristineBoneInfo@@@_STL@@@3@U?$less@W4NameKeyType@@@3@V?$allocator@U?$pair@$$CBW4NameKeyType@@UPristineBoneInfo@@@_STL@@@3@@_STL@@IAEPAU?$_Rb_tree_node@U?$pair@$$CBW4NameKeyType@@UPristineBoneInfo@@@_STL@@@2@PAU32@@Z
divergent	?_M_compare@?$basic_string@DV?$char_traits@D@_STL@@V?$allocator@D@2@@_STL@@SAHPBD000@Z
divergent	?_M_copy@?$_Rb_tree@$$CBV?$BitFlags@$0BB@@@U?$pair@$$CBV?$BitFlags@$0BB@@@PBVWeaponTemplateSet@@@_STL@@U?$_Select1st@U?$pair@$$CBV?$BitFlags@$0BB@@@PBVWeaponTemplateSet@@@_STL@@@3@UMapHelper@?$SparseMatchFinder@VWeaponTemplateSet@@V?$BitFlags@$0BB@@@@@V?$allocator@U?$pair@$$CBV?$BitFlags@$0BB@@@PBVWeaponTemplateSet@@@_STL@@@3@@_STL@@AAEPAU?$_Rb_tree_node@U?$pair@$$CBV?$BitFlags@$0BB@@@PBVWeaponTemplateSet@@@_STL@@@2@PAU32@0@Z
divergent	?_M_copy@?$_Rb_tree@$$CBV?$BitFlags@$0L@@@U?$pair@$$CBV?$BitFlags@$0L@@@PBVArmorTemplateSet@@@_STL@@U?$_Select1st@U?$pair@$$CBV?$BitFlags@$0L@@@PBVArmorTemplateSet@@@_STL@@@3@UMapHelper@?$SparseMatchFinder@VArmorTemplateSet@@V?$BitFlags@$0L@@@@@V?$allocator@U?$pair@$$CBV?$BitFlags@$0L@@@PBVArmorTemplateSet@@@_STL@@@3@@_STL@@AAEPAU?$_Rb_tree_node@U?$pair@$$CBV?$BitFlags@$0L@@@PBVArmorTemplateSet@@@_STL@@@2@PAU32@0@Z
divergent	?_M_copy@?$_Rb_tree@HU?$pair@$$CBHH@_STL@@U?$_Select1st@U?$pair@$$CBHH@_STL@@@2@U?$less@H@2@V?$allocator@U?$pair@$$CBHH@_STL@@@2@@_STL@@AAEPAU?$_Rb_tree_node@U?$pair@$$CBHH@_STL@@@2@PAU32@0@Z
divergent	?_M_copy@?$_Rb_tree@HU?$pair@$$CBHUBfmePod52@@@_STL@@U?$_Select1st@U?$pair@$$CBHUBfmePod52@@@_STL@@@2@U?$less@H@2@V?$allocator@U?$pair@$$CBHUBfmePod52@@@_STL@@@2@@_STL@@AAEPAU?$_Rb_tree_node@U?$pair@$$CBHUBfmePod52@@@_STL@@@2@PAU32@0@Z
divergent	?_M_copy@?$_Rb_tree@HU?$pair@$$CBHUBfmePod8@@@_STL@@U?$_Select1st@U?$pair@$$CBHUBfmePod8@@@_STL@@@2@U?$less@H@2@V?$allocator@U?$pair@$$CBHUBfmePod8@@@_STL@@@2@@_STL@@AAEPAU?$_Rb_tree_node@U?$pair@$$CBHUBfmePod8@@@_STL@@@2@PAU32@0@Z
divergent	?_M_copy@?$_Rb_tree@HU?$pair@$$CBHV?$vector@IV?$allocator@I@_STL@@@_STL@@@_STL@@U?$_Select1st@U?$pair@$$CBHV?$vector@IV?$allocator@I@_STL@@@_STL@@@_STL@@@2@U?$less@H@2@V?$allocator@U?$pair@$$CBHV?$vector@IV?$allocator@I@_STL@@@_STL@@@_STL@@@2@@_STL@@AAEPAU?$_Rb_tree_node@U?$pair@$$CBHV?$vector@IV?$allocator@I@_STL@@@_STL@@@_STL@@@2@PAU32@0@Z
divergent	?_M_copy@?$_Rb_tree@JU?$pair@$$CBJVLadderPref@@@_STL@@U?$_Select1st@U?$pair@$$CBJVLadderPref@@@_STL@@@2@U?$less@J@2@V?$allocator@U?$pair@$$CBJVLadderPref@@@_STL@@@2@@_STL@@AAEPAU?$_Rb_tree_node@U?$pair@$$CBJVLadderPref@@@_STL@@@2@PAU32@0@Z
divergent	?_M_copy@?$_Rb_tree@VAsciiString@@U?$pair@$$CBVAsciiString@@PBVFXList@@@_STL@@U?$_Select1st@U?$pair@$$CBVAsciiString@@PBVFXList@@@_STL@@@3@U?$less@VAsciiString@@@3@V?$allocator@U?$pair@$$CBVAsciiString@@PBVFXList@@@_STL@@@3@@_STL@@AAEPAU?$_Rb_tree_node@U?$pair@$$CBVAsciiString@@PBVFXList@@@_STL@@@2@PAU32@0@Z
divergent	?_M_copy@?$_Rb_tree@VAsciiString@@U?$pair@$$CBVAsciiString@@UCoord3D@@@_STL@@U?$_Select1st@U?$pair@$$CBVAsciiString@@UCoord3D@@@_STL@@@3@U?$less@VAsciiString@@@3@V?$allocator@U?$pair@$$CBVAsciiString@@UCoord3D@@@_STL@@@3@@_STL@@AAEPAU?$_Rb_tree_node@U?$pair@$$CBVAsciiString@@UCoord3D@@@_STL@@@2@PAU32@0@Z
divergent	?_M_copy@?$_Rb_tree@VAsciiString@@U?$pair@$$CBVAsciiString@@UTreeHintPayload001F8ACB@@@_STL@@U?$_Select1st@U?$pair@$$CBVAsciiString@@UTreeHintPayload001F8ACB@@@_STL@@@3@U?$less@VAsciiString@@@3@V?$allocator@U?$pair@$$CBVAsciiString@@UTreeHintPayload001F8ACB@@@_STL@@@3@@_STL@@AAEPAU?$_Rb_tree_node@U?$pair@$$CBVAsciiString@@UTreeHintPayload001F8ACB@@@_STL@@@2@PAU32@0@Z
divergent	?_M_copy@?$_Rb_tree@VAsciiString@@U?$pair@$$CBVAsciiString@@VAudioEventRTS@@@_STL@@U?$_Select1st@U?$pair@$$CBVAsciiString@@VAudioEventRTS@@@_STL@@@3@U?$less@VAsciiString@@@3@V?$allocator@U?$pair@$$CBVAsciiString@@VAudioEventRTS@@@_STL@@@3@@_STL@@AAEPAU?$_Rb_tree_node@U?$pair@$$CBVAsciiString@@VAudioEventRTS@@@_STL@@@2@PAU32@0@Z
divergent	?_M_copy@?$_Rb_tree@W4LocomotorSetType@@U?$pair@$$CBW4LocomotorSetType@@V?$vector@PBVLocomotorTemplate@@V?$allocator@PBVLocomotorTemplate@@@_STL@@@_STL@@@_STL@@U?$_Select1st@U?$pair@$$CBW4LocomotorSetType@@V?$vector@PBVLocomotorTemplate@@V?$allocator@PBVLocomotorTemplate@@@_STL@@@_STL@@@_STL@@@3@U?$less@W4LocomotorSetType@@@3@V?$allocator@U?$pair@$$CBW4LocomotorSetType@@V?$vector@PBVLocomotorTemplate@@V?$allocator@PBVLocomotorTemplate@@@_STL@@@_STL@@@_STL@@@3@@_STL@@AAEPAU?$_Rb_tree_node@U?$pair@$$CBW4LocomotorSetType@@V?$vector@PBVLocomotorTemplate@@V?$allocator@PBVLocomotorTemplate@@@_STL@@@_STL@@@_STL@@@2@PAU32@0@Z
divergent	?_M_copy@?$_Rb_tree@W4NameKeyType@@U?$pair@$$CBW4NameKeyType@@UPristineBoneInfo@@@_STL@@U?$_Select1st@U?$pair@$$CBW4NameKeyType@@UPristineBoneInfo@@@_STL@@@3@U?$less@W4NameKeyType@@@3@V?$allocator@U?$pair@$$CBW4NameKeyType@@UPristineBoneInfo@@@_STL@@@3@@_STL@@AAEPAU?$_Rb_tree_node@U?$pair@$$CBW4NameKeyType@@UPristineBoneInfo@@@_STL@@@2@PAU32@0@Z
divergent	?_M_copy_buffered@?$basic_ostream@DV?$char_traits@D@_STL@@@_STL@@AAE_NPAV?$basic_streambuf@DV?$char_traits@D@_STL@@@2@0@Z
divergent	?_M_copy_unbuffered@?$basic_ostream@DV?$char_traits@D@_STL@@@_STL@@AAE_NPAV?$basic_streambuf@DV?$char_traits@D@_STL@@@2@0@Z
divergent	?_M_create_node@?$_Rb_tree@$$CBV?$BitFlags@$0BB@@@U?$pair@$$CBV?$BitFlags@$0BB@@@PBVWeaponTemplateSet@@@_STL@@U?$_Select1st@U?$pair@$$CBV?$BitFlags@$0BB@@@PBVWeaponTemplateSet@@@_STL@@@3@UMapHelper@?$SparseMatchFinder@VWeaponTemplateSet@@V?$BitFlags@$0BB@@@@@V?$allocator@U?$pair@$$CBV?$BitFlags@$0BB@@@PBVWeaponTemplateSet@@@_STL@@@3@@_STL@@IAEPAU?$_Rb_tree_node@U?$pair@$$CBV?$BitFlags@$0BB@@@PBVWeaponTemplateSet@@@_STL@@@2@ABU?$pair@$$CBV?$BitFlags@$0BB@@@PBVWeaponTemplateSet@@@2@@Z
divergent	?_M_create_node@?$_Rb_tree@$$CBV?$BitFlags@$0HF@@@U?$pair@$$CBV?$BitFlags@$0HF@@@PBUModelConditionInfo@@@_STL@@U?$_Select1st@U?$pair@$$CBV?$BitFlags@$0HF@@@PBUModelConditionInfo@@@_STL@@@3@UMapHelper@?$SparseMatchFinder@UModelConditionInfo@@V?$BitFlags@$0HF@@@@@V?$allocator@U?$pair@$$CBV?$BitFlags@$0HF@@@PBUModelConditionInfo@@@_STL@@@3@@_STL@@IAEPAU?$_Rb_tree_node@U?$pair@$$CBV?$BitFlags@$0HF@@@PBUModelConditionInfo@@@_STL@@@2@ABU?$pair@$$CBV?$BitFlags@$0HF@@@PBUModelConditionInfo@@@2@@Z
divergent	?_M_create_node@?$_Rb_tree@$$CBV?$BitFlags@$0L@@@U?$pair@$$CBV?$BitFlags@$0L@@@PBVArmorTemplateSet@@@_STL@@U?$_Select1st@U?$pair@$$CBV?$BitFlags@$0L@@@PBVArmorTemplateSet@@@_STL@@@3@UMapHelper@?$SparseMatchFinder@VArmorTemplateSet@@V?$BitFlags@$0L@@@@@V?$allocator@U?$pair@$$CBV?$BitFlags@$0L@@@PBVArmorTemplateSet@@@_STL@@@3@@_STL@@IAEPAU?$_Rb_tree_node@U?$pair@$$CBV?$BitFlags@$0L@@@PBVArmorTemplateSet@@@_STL@@@2@ABU?$pair@$$CBV?$BitFlags@$0L@@@PBVArmorTemplateSet@@@2@@Z
divergent	?_M_create_node@?$_Rb_tree@GU?$pair@$$CBGH@_STL@@U?$_Select1st@U?$pair@$$CBGH@_STL@@@2@UGen_lt_00940b40@@V?$allocator@U?$pair@$$CBGH@_STL@@@2@@_STL@@IAEPAU?$_Rb_tree_node@U?$pair@$$CBGH@_STL@@@2@ABU?$pair@$$CBGH@2@@Z
divergent	?_M_create_node@?$_Rb_tree@HU?$pair@$$CBHH@_STL@@U?$_Select1st@U?$pair@$$CBHH@_STL@@@2@U?$less@H@2@V?$allocator@U?$pair@$$CBHH@_STL@@@2@@_STL@@IAEPAU?$_Rb_tree_node@U?$pair@$$CBHH@_STL@@@2@ABU?$pair@$$CBHH@2@@Z
divergent	?_M_create_node@?$_Rb_tree@HU?$pair@$$CBHUBfmePod8@@@_STL@@U?$_Select1st@U?$pair@$$CBHUBfmePod8@@@_STL@@@2@U?$less@H@2@V?$allocator@U?$pair@$$CBHUBfmePod8@@@_STL@@@2@@_STL@@IAEPAU?$_Rb_tree_node@U?$pair@$$CBHUBfmePod8@@@_STL@@@2@ABU?$pair@$$CBHUBfmePod8@@@2@@Z
divergent	?_M_create_node@?$_Rb_tree@HU?$pair@$$CBHV?$vector@IV?$allocator@I@_STL@@@_STL@@@_STL@@U?$_Select1st@U?$pair@$$CBHV?$vector@IV?$allocator@I@_STL@@@_STL@@@_STL@@@2@U?$less@H@2@V?$allocator@U?$pair@$$CBHV?$vector@IV?$allocator@I@_STL@@@_STL@@@_STL@@@2@@_STL@@IAEPAU?$_Rb_tree_node@U?$pair@$$CBHV?$vector@IV?$allocator@I@_STL@@@_STL@@@_STL@@@2@ABU?$pair@$$CBHV?$vector@IV?$allocator@I@_STL@@@_STL@@@2@@Z
divergent	?_M_create_node@?$_Rb_tree@HU?$pair@$$CBHVAsciiString@@@_STL@@U?$_Select1st@U?$pair@$$CBHVAsciiString@@@_STL@@@2@U?$less@H@2@V?$allocator@U?$pair@$$CBHVAsciiString@@@_STL@@@2@@_STL@@IAEPAU?$_Rb_tree_node@U?$pair@$$CBHVAsciiString@@@_STL@@@2@ABU?$pair@$$CBHVAsciiString@@@2@@Z
divergent	?_M_create_node@?$_Rb_tree@HU?$pair@$$CBH_N@_STL@@U?$_Select1st@U?$pair@$$CBH_N@_STL@@@2@U?$less@H@2@V?$allocator@U?$pair@$$CBH_N@_STL@@@2@@_STL@@IAEPAU?$_Rb_tree_node@U?$pair@$$CBH_N@_STL@@@2@ABU?$pair@$$CBH_N@2@@Z
divergent	?_M_create_node@?$_Rb_tree@IU?$pair@$$CBIPAVImage@@@_STL@@U?$_Select1st@U?$pair@$$CBIPAVImage@@@_STL@@@2@U?$less@I@2@V?$allocator@U?$pair@$$CBIPAVImage@@@_STL@@@2@@_STL@@IAEPAU?$_Rb_tree_node@U?$pair@$$CBIPAVImage@@@_STL@@@2@ABU?$pair@$$CBIPAVImage@@@2@@Z
divergent	?_M_create_node@?$_Rb_tree@IU?$pair@$$CBI_N@_STL@@U?$_Select1st@U?$pair@$$CBI_N@_STL@@@2@U?$less@I@2@V?$allocator@U?$pair@$$CBI_N@_STL@@@2@@_STL@@IAEPAU?$_Rb_tree_node@U?$pair@$$CBI_N@_STL@@@2@ABU?$pair@$$CBI_N@2@@Z
divergent	?_M_create_node@?$_Rb_tree@JU?$pair@$$CBJVLadderPref@@@_STL@@U?$_Select1st@U?$pair@$$CBJVLadderPref@@@_STL@@@2@U?$less@J@2@V?$allocator@U?$pair@$$CBJVLadderPref@@@_STL@@@2@@_STL@@IAEPAU?$_Rb_tree_node@U?$pair@$$CBJVLadderPref@@@_STL@@@2@ABU?$pair@$$CBJVLadderPref@@@2@@Z
divergent	?_M_create_node@?$_Rb_tree@PAURva001408C0Target@@PAU1@U?$_Identity@PAURva001408C0Target@@@_STL@@U?$less@PAURva001408C0Target@@@3@V?$allocator@PAURva001408C0Target@@@3@@_STL@@IAEPAU?$_Rb_tree_node@PAURva001408C0Target@@@2@ABQAURva001408C0Target@@@Z
divergent	?_M_create_node@?$_Rb_tree@UGen_p12pod@@U?$pair@$$CBUGen_p12pod@@H@_STL@@U?$_Select1st@U?$pair@$$CBUGen_p12pod@@H@_STL@@@3@U?$less@UGen_p12pod@@@3@V?$allocator@U?$pair@$$CBUGen_p12pod@@H@_STL@@@3@@_STL@@IAEPAU?$_Rb_tree_node@U?$pair@$$CBUGen_p12pod@@H@_STL@@@2@ABU?$pair@$$CBUGen_p12pod@@H@2@@Z
divergent	?_M_create_node@?$_Rb_tree@URva0027EA49@@U1@U?$_Identity@URva0027EA49@@@_STL@@U?$less@URva0027EA49@@@3@V?$allocator@URva0027EA49@@@3@@_STL@@IAEPAU?$_Rb_tree_node@URva0027EA49@@@2@ABURva0027EA49@@@Z
divergent	?_M_create_node@?$_Rb_tree@VAsciiString@@U?$pair@$$CBVAsciiString@@PBVFXList@@@_STL@@U?$_Select1st@U?$pair@$$CBVAsciiString@@PBVFXList@@@_STL@@@3@U?$less@VAsciiString@@@3@V?$allocator@U?$pair@$$CBVAsciiString@@PBVFXList@@@_STL@@@3@@_STL@@IAEPAU?$_Rb_tree_node@U?$pair@$$CBVAsciiString@@PBVFXList@@@_STL@@@2@ABU?$pair@$$CBVAsciiString@@PBVFXList@@@2@@Z
divergent	?_M_create_node@?$_Rb_tree@VAsciiString@@U?$pair@$$CBVAsciiString@@UCoord3D@@@_STL@@U?$_Select1st@U?$pair@$$CBVAsciiString@@UCoord3D@@@_STL@@@3@U?$less@VAsciiString@@@3@V?$allocator@U?$pair@$$CBVAsciiString@@UCoord3D@@@_STL@@@3@@_STL@@IAEPAU?$_Rb_tree_node@U?$pair@$$CBVAsciiString@@UCoord3D@@@_STL@@@2@ABU?$pair@$$CBVAsciiString@@UCoord3D@@@2@@Z
divergent	?_M_create_node@?$_Rb_tree@VAsciiString@@U?$pair@$$CBVAsciiString@@UTreeHintPayload001F8ACB@@@_STL@@U?$_Select1st@U?$pair@$$CBVAsciiString@@UTreeHintPayload001F8ACB@@@_STL@@@3@U?$less@VAsciiString@@@3@V?$allocator@U?$pair@$$CBVAsciiString@@UTreeHintPayload001F8ACB@@@_STL@@@3@@_STL@@IAEPAU?$_Rb_tree_node@U?$pair@$$CBVAsciiString@@UTreeHintPayload001F8ACB@@@_STL@@@2@ABU?$pair@$$CBVAsciiString@@UTreeHintPayload001F8ACB@@@2@@Z
divergent	?_M_create_node@?$_Rb_tree@VAsciiString@@U?$pair@$$CBVAsciiString@@UTreeHintPayload00410B17@@@_STL@@U?$_Select1st@U?$pair@$$CBVAsciiString@@UTreeHintPayload00410B17@@@_STL@@@3@U?$less@VAsciiString@@@3@V?$allocator@U?$pair@$$CBVAsciiString@@UTreeHintPayload00410B17@@@_STL@@@3@@_STL@@IAEPAU?$_Rb_tree_node@U?$pair@$$CBVAsciiString@@UTreeHintPayload00410B17@@@_STL@@@2@ABU?$pair@$$CBVAsciiString@@UTreeHintPayload00410B17@@@2@@Z
divergent	?_M_create_node@?$_Rb_tree@VAsciiString@@U?$pair@$$CBVAsciiString@@UTreeHintPayload004E2257@@@_STL@@U?$_Select1st@U?$pair@$$CBVAsciiString@@UTreeHintPayload004E2257@@@_STL@@@3@U?$less@VAsciiString@@@3@V?$allocator@U?$pair@$$CBVAsciiString@@UTreeHintPayload004E2257@@@_STL@@@3@@_STL@@IAEPAU?$_Rb_tree_node@U?$pair@$$CBVAsciiString@@UTreeHintPayload004E2257@@@_STL@@@2@ABU?$pair@$$CBVAsciiString@@UTreeHintPayload004E2257@@@2@@Z
divergent	?_M_create_node@?$_Rb_tree@VAsciiString@@U?$pair@$$CBVAsciiString@@V?$list@VAsciiString@@V?$allocator@VAsciiString@@@_STL@@@_STL@@@_STL@@U?$_Select1st@U?$pair@$$CBVAsciiString@@V?$list@VAsciiString@@V?$allocator@VAsciiString@@@_STL@@@_STL@@@_STL@@@3@U?$less@VAsciiString@@@3@V?$allocator@U?$pair@$$CBVAsciiString@@V?$list@VAsciiString@@V?$allocator@VAsciiString@@@_STL@@@_STL@@@_STL@@@3@@_STL@@IAEPAU?$_Rb_tree_node@U?$pair@$$CBVAsciiString@@V?$list@VAsciiString@@V?$allocator@VAsciiString@@@_STL@@@_STL@@@_STL@@@2@ABU?$pair@$$CBVAsciiString@@V?$list@VAsciiString@@V?$allocator@VAsciiString@@@_STL@@@_STL@@@2@@Z
divergent	?_M_create_node@?$_Rb_tree@VAsciiString@@U?$pair@$$CBVAsciiString@@VAudioEventRTS@@@_STL@@U?$_Select1st@U?$pair@$$CBVAsciiString@@VAudioEventRTS@@@_STL@@@3@U?$less@VAsciiString@@@3@V?$allocator@U?$pair@$$CBVAsciiString@@VAudioEventRTS@@@_STL@@@3@@_STL@@IAEPAU?$_Rb_tree_node@U?$pair@$$CBVAsciiString@@VAudioEventRTS@@@_STL@@@2@ABU?$pair@$$CBVAsciiString@@VAudioEventRTS@@@2@@Z
divergent	?_M_create_node@?$_Rb_tree@VUnicodeString@@U?$pair@$$CBVUnicodeString@@_N@_STL@@U?$_Select1st@U?$pair@$$CBVUnicodeString@@_N@_STL@@@3@UUnicodeStringLessThan@@V?$allocator@U?$pair@$$CBVUnicodeString@@_N@_STL@@@3@@_STL@@IAEPAU?$_Rb_tree_node@U?$pair@$$CBVUnicodeString@@_N@_STL@@@2@ABU?$pair@$$CBVUnicodeString@@_N@2@@Z
divergent	?_M_create_node@?$_Rb_tree@VUnicodeString@@V1@U?$_Identity@VUnicodeString@@@_STL@@U?$less_than_nocase@VUnicodeString@@@rts@@V?$allocator@VUnicodeString@@@3@@_STL@@IAEPAU?$_Rb_tree_node@VUnicodeString@@@2@ABVUnicodeString@@@Z
divergent	?_M_create_node@?$_Rb_tree@W4LocomotorSetType@@U?$pair@$$CBW4LocomotorSetType@@V?$vector@PBVLocomotorTemplate@@V?$allocator@PBVLocomotorTemplate@@@_STL@@@_STL@@@_STL@@U?$_Select1st@U?$pair@$$CBW4LocomotorSetType@@V?$vector@PBVLocomotorTemplate@@V?$allocator@PBVLocomotorTemplate@@@_STL@@@_STL@@@_STL@@@3@U?$less@W4LocomotorSetType@@@3@V?$allocator@U?$pair@$$CBW4LocomotorSetType@@V?$vector@PBVLocomotorTemplate@@V?$allocator@PBVLocomotorTemplate@@@_STL@@@_STL@@@_STL@@@3@@_STL@@IAEPAU?$_Rb_tree_node@U?$pair@$$CBW4LocomotorSetType@@V?$vector@PBVLocomotorTemplate@@V?$allocator@PBVLocomotorTemplate@@@_STL@@@_STL@@@_STL@@@2@ABU?$pair@$$CBW4LocomotorSetType@@V?$vector@PBVLocomotorTemplate@@V?$allocator@PBVLocomotorTemplate@@@_STL@@@_STL@@@2@@Z
divergent	?_M_create_node@?$_Rb_tree@W4NameKeyType@@U?$pair@$$CBW4NameKeyType@@UPristineBoneInfo@@@_STL@@U?$_Select1st@U?$pair@$$CBW4NameKeyType@@UPristineBoneInfo@@@_STL@@@3@U?$less@W4NameKeyType@@@3@V?$allocator@U?$pair@$$CBW4NameKeyType@@UPristineBoneInfo@@@_STL@@@3@@_STL@@IAEPAU?$_Rb_tree_node@U?$pair@$$CBW4NameKeyType@@UPristineBoneInfo@@@_STL@@@2@ABU?$pair@$$CBW4NameKeyType@@UPristineBoneInfo@@@2@@Z
divergent	?_M_create_node@?$list@HV?$allocator@H@_STL@@@_STL@@IAEPAU?$_List_node@H@2@XZ
divergent	?_M_create_node@?$list@PAVDrawable@@V?$allocator@PAVDrawable@@@_STL@@@_STL@@IAEPAU?$_List_node@PAVDrawable@@@2@ABQAVDrawable@@@Z
divergent	?_M_create_node@?$list@PAVFXNugget@@V?$allocator@PAVFXNugget@@@_STL@@@_STL@@IAEPAU?$_List_node@PAVFXNugget@@@2@ABQAVFXNugget@@@Z
divergent	?_M_create_node@?$list@PAVObject@@V?$allocator@PAVObject@@@_STL@@@_STL@@IAEPAU?$_List_node@PAVObject@@@2@ABQAVObject@@@Z
divergent	?_M_create_node@?$list@PAVTeamPrototype@@V?$allocator@PAVTeamPrototype@@@_STL@@@_STL@@IAEPAU?$_List_node@PAVTeamPrototype@@@2@ABQAVTeamPrototype@@@Z
divergent	?_M_create_node@?$list@UBridgeFXInfo@@V?$allocator@UBridgeFXInfo@@@_STL@@@_STL@@IAEPAU?$_List_node@UBridgeFXInfo@@@2@ABUBridgeFXInfo@@@Z
divergent	?_M_create_node@?$list@UBridgeOCLInfo@@V?$allocator@UBridgeOCLInfo@@@_STL@@@_STL@@IAEPAU?$_List_node@UBridgeOCLInfo@@@2@ABUBridgeOCLInfo@@@Z
divergent	?_M_create_node@?$list@UCameraMarker@@V?$allocator@UCameraMarker@@@_STL@@@_STL@@IAEPAU?$_List_node@UCameraMarker@@@2@ABUCameraMarker@@@Z
divergent	?_M_create_node@?$list@UCoord3D@@V?$allocator@UCoord3D@@@_STL@@@_STL@@IAEPAU?$_List_node@UCoord3D@@@2@ABUCoord3D@@@Z
divergent	?_M_create_node@?$list@UcrateCreationEntry@@V?$allocator@UcrateCreationEntry@@@_STL@@@_STL@@IAEPAU?$_List_node@UcrateCreationEntry@@@2@ABUcrateCreationEntry@@@Z
divergent	?_M_create_node@?$list@UcrateCreationEntry@@V?$allocator@UcrateCreationEntry@@@_STL@@@_STL@@IAEPAU?$_List_node@UcrateCreationEntry@@@2@XZ
divergent	?_M_create_node@?$list@V?$basic_string@DV?$char_traits@D@_STL@@V?$allocator@D@2@@_STL@@V?$allocator@V?$basic_string@DV?$char_traits@D@_STL@@V?$allocator@D@2@@_STL@@@2@@_STL@@IAEPAU?$_List_node@V?$basic_string@DV?$char_traits@D@_STL@@V?$allocator@D@2@@_STL@@@2@ABV?$basic_string@DV?$char_traits@D@_STL@@V?$allocator@D@2@@2@@Z
divergent	?_M_create_node@?$list@VAsciiString@@V?$allocator@VAsciiString@@@_STL@@@_STL@@IAEPAU?$_List_node@VAsciiString@@@2@ABVAsciiString@@@Z
divergent	?_M_create_node@?$list@VUnicodeString@@V?$allocator@VUnicodeString@@@_STL@@@_STL@@IAEPAU?$_List_node@VUnicodeString@@@2@ABVUnicodeString@@@Z
divergent	?_M_create_node@?$list@W4ObjectID@@V?$allocator@W4ObjectID@@@_STL@@@_STL@@IAEPAU?$_List_node@W4ObjectID@@@2@ABW4ObjectID@@@Z
divergent	?_M_create_nodes@?$_Deque_base@PAXV?$allocator@PAX@_STL@@@_STL@@IAEXPAPAPAX0@Z
divergent	?_M_create_nodes@?$_Deque_base@UBfmeE12@@V?$allocator@UBfmeE12@@@_STL@@@_STL@@IAEXPAPAUBfmeE12@@0@Z
divergent	?_M_create_nodes@?$_Deque_base@UBfmeE8@@V?$allocator@UBfmeE8@@@_STL@@@_STL@@IAEXPAPAUBfmeE8@@0@Z
divergent	?_M_create_nodes@?$_Deque_base@UBfmeOpaqueOwnedRecord492@@V?$allocator@UBfmeOpaqueOwnedRecord492@@@_STL@@@_STL@@IAEXPAPAUBfmeOpaqueOwnedRecord492@@0@Z
divergent	?_M_create_nodes@?$_Deque_base@UBfmeOpaqueOwnedRecord840@@V?$allocator@UBfmeOpaqueOwnedRecord840@@@_STL@@@_STL@@IAEXPAPAUBfmeOpaqueOwnedRecord840@@0@Z
divergent	?_M_create_nodes@?$_Deque_base@VBuddyResponse@@V?$allocator@VBuddyResponse@@@_STL@@@_STL@@IAEXPAPAVBuddyResponse@@0@Z
divergent	?_M_deallocate@?$_Bvector_base@V?$allocator@_N@_STL@@@_STL@@IAEXXZ
divergent	?_M_deallocate@?$__node_alloc@$00$0A@@_STL@@CAXPAXI@Z
divergent	?_M_deallocate_block@?$_String_base@DV?$allocator@D@_STL@@@_STL@@QAEXXZ
divergent	?_M_deallocate_block@?$_String_base@GV?$allocator@G@_STL@@@_STL@@QAEXXZ
divergent	?_M_decrement@?$_Deque_iterator_base@PAX@_STL@@QAEXXZ
divergent	?_M_delete_node@?$hashtable@U?$pair@$$CBVAsciiString@@PAVThingTemplate@@@_STL@@VAsciiString@@U?$hash@VAsciiString@@@rts@@U?$_Select1st@U?$pair@$$CBVAsciiString@@PAVThingTemplate@@@_STL@@@2@U?$equal_to@VAsciiString@@@5@V?$allocator@U?$pair@$$CBVAsciiString@@PAVThingTemplate@@@_STL@@@2@@_STL@@AAEXPAU?$_Hashtable_node@U?$pair@$$CBVAsciiString@@PAVThingTemplate@@@_STL@@@2@@Z
divergent	?_M_delete_node@?$hashtable@U?$pair@$$CBVAsciiString@@URva004609B0Mapped@@@_STL@@VAsciiString@@U?$hash@VAsciiString@@@rts@@U?$_Select1st@U?$pair@$$CBVAsciiString@@URva004609B0Mapped@@@_STL@@@2@U?$equal_to@VAsciiString@@@2@V?$allocator@U?$pair@$$CBVAsciiString@@URva004609B0Mapped@@@_STL@@@2@@_STL@@AAEXPAU?$_Hashtable_node@U?$pair@$$CBVAsciiString@@URva004609B0Mapped@@@_STL@@@2@@Z
divergent	?_M_delete_node@?$hashtable@U?$pair@$$CBW4NameKeyType@@VArmorTemplate@@@_STL@@W4NameKeyType@@U?$hash@W4NameKeyType@@@rts@@U?$_Select1st@U?$pair@$$CBW4NameKeyType@@VArmorTemplate@@@_STL@@@2@U?$equal_to@W4NameKeyType@@@5@V?$allocator@U?$pair@$$CBW4NameKeyType@@VArmorTemplate@@@_STL@@@2@@_STL@@AAEXPAU?$_Hashtable_node@U?$pair@$$CBW4NameKeyType@@VArmorTemplate@@@_STL@@@2@@Z
divergent	?_M_delete_node@?$hashtable@U?$pair@$$CBW4NameKeyType@@VDamageFX@@@_STL@@W4NameKeyType@@U?$hash@W4NameKeyType@@@rts@@U?$_Select1st@U?$pair@$$CBW4NameKeyType@@VDamageFX@@@_STL@@@2@U?$equal_to@W4NameKeyType@@@5@V?$allocator@U?$pair@$$CBW4NameKeyType@@VDamageFX@@@_STL@@@2@@_STL@@AAEXPAU?$_Hashtable_node@U?$pair@$$CBW4NameKeyType@@VDamageFX@@@_STL@@@2@@Z
divergent	?_M_delete_node@?$hashtable@U?$pair@QBVGameWindow@@PAVWindowVideo@@@_STL@@PBVGameWindow@@UhashConstGameWindowPtr@WindowVideoManager@@U?$_Select1st@U?$pair@QBVGameWindow@@PAVWindowVideo@@@_STL@@@2@U?$equal_to@PBVGameWindow@@@2@V?$allocator@U?$pair@QBVGameWindow@@PAVWindowVideo@@@_STL@@@2@@_STL@@AAEXPAU?$_Hashtable_node@U?$pair@QBVGameWindow@@PAVWindowVideo@@@_STL@@@2@@Z
divergent	?_M_destroy_nodes@?$_Deque_base@PAXV?$allocator@PAX@_STL@@@_STL@@IAEXPAPAPAX0@Z
divergent	?_M_destroy_nodes@?$_Deque_base@UBfmeE8@@V?$allocator@UBfmeE8@@@_STL@@@_STL@@IAEXPAPAUBfmeE8@@0@Z
divergent	?_M_destroy_nodes@?$_Deque_base@UBfmeOpaqueOwnedRecord492@@V?$allocator@UBfmeOpaqueOwnedRecord492@@@_STL@@@_STL@@IAEXPAPAUBfmeOpaqueOwnedRecord492@@0@Z
divergent	?_M_destroy_nodes@?$_Deque_base@UBfmeOpaqueOwnedRecord840@@V?$allocator@UBfmeOpaqueOwnedRecord840@@@_STL@@@_STL@@IAEXPAPAUBfmeOpaqueOwnedRecord840@@0@Z
divergent	?_M_destroy_nodes@?$_Deque_base@VBuddyRequest@@V?$allocator@VBuddyRequest@@@_STL@@@_STL@@IAEXPAPAVBuddyRequest@@0@Z
divergent	?_M_destroy_nodes@?$_Deque_base@VBuddyResponse@@V?$allocator@VBuddyResponse@@@_STL@@@_STL@@IAEXPAPAVBuddyResponse@@0@Z
divergent	?_M_do_and@?$_Base_bitset@$01@_STL@@QAEXABU12@@Z
divergent	?_M_do_count@?$_Base_bitset@$00@_STL@@QBEIXZ
divergent	?_M_do_count@?$_Base_bitset@$03@_STL@@QBEIXZ
divergent	?_M_do_flip@?$_Base_bitset@$01@_STL@@QAEXXZ
divergent	?_M_do_flip@?$_Base_bitset@$03@_STL@@QAEXXZ
divergent	?_M_do_lock@?$_STLP_mutex_spin@$0A@@_STL@@SAXPCJ@Z
divergent	?_M_do_reset@?$_Base_bitset@$00@_STL@@QAEXXZ
divergent	?_M_do_reset@?$_Base_bitset@$01@_STL@@QAEXXZ
divergent	?_M_do_reset@?$_Base_bitset@$03@_STL@@QAEXXZ
divergent	?_M_do_sanitize@?$_Sanitize@$0BE@@_STL@@SAXAAK@Z
divergent	?_M_do_sanitize@?$_Sanitize@$0BF@@_STL@@SAXAAK@Z
divergent	?_M_do_sanitize@?$bitset@$0HE@@_STL@@AAEXXZ
divergent	?_M_do_sanitize@?$bitset@$0HF@@_STL@@AAEXXZ
divergent	?_M_empty_initialize@?$_Rb_tree@HHU?$_Identity@H@_STL@@U?$less@H@2@V?$allocator@H@2@@_STL@@AAEXXZ
divergent	?_M_empty_initialize@?$_Rb_tree@VAsciiString@@U?$pair@$$CBVAsciiString@@UCoord3D@@@_STL@@U?$_Select1st@U?$pair@$$CBVAsciiString@@UCoord3D@@@_STL@@@3@U?$less@VAsciiString@@@3@V?$allocator@U?$pair@$$CBVAsciiString@@UCoord3D@@@_STL@@@3@@_STL@@AAEXXZ
divergent	?_M_empty_initialize@?$_Rb_tree@VAsciiString@@U?$pair@$$CBVAsciiString@@VDetailedArchivedDirectoryInfo@@@_STL@@U?$_Select1st@U?$pair@$$CBVAsciiString@@VDetailedArchivedDirectoryInfo@@@_STL@@@3@U?$less@VAsciiString@@@3@V?$allocator@U?$pair@$$CBVAsciiString@@VDetailedArchivedDirectoryInfo@@@_STL@@@3@@_STL@@AAEXXZ
divergent	?_M_empty_initialize@?$_Rb_tree@W4LocomotorSetType@@U?$pair@$$CBW4LocomotorSetType@@V?$vector@PBVLocomotorTemplate@@V?$allocator@PBVLocomotorTemplate@@@_STL@@@_STL@@@_STL@@U?$_Select1st@U?$pair@$$CBW4LocomotorSetType@@V?$vector@PBVLocomotorTemplate@@V?$allocator@PBVLocomotorTemplate@@@_STL@@@_STL@@@_STL@@@3@U?$less@W4LocomotorSetType@@@3@V?$allocator@U?$pair@$$CBW4LocomotorSetType@@V?$vector@PBVLocomotorTemplate@@V?$allocator@PBVLocomotorTemplate@@@_STL@@@_STL@@@_STL@@@3@@_STL@@AAEXXZ
divergent	?_M_empty_initialize@?$_Rb_tree@W4NameKeyType@@U?$pair@$$CBW4NameKeyType@@UPristineBoneInfo@@@_STL@@U?$_Select1st@U?$pair@$$CBW4NameKeyType@@UPristineBoneInfo@@@_STL@@@3@U?$less@W4NameKeyType@@@3@V?$allocator@U?$pair@$$CBW4NameKeyType@@UPristineBoneInfo@@@_STL@@@3@@_STL@@AAEXXZ
divergent	?_M_equal@?$hashtable@U?$pair@$$CBHH@_STL@@HU?$hash@H@2@U?$_Select1st@U?$pair@$$CBHH@_STL@@@2@U?$equal_to@H@2@V?$allocator@U?$pair@$$CBHH@_STL@@@2@@_STL@@SA_NABV12@0@Z
divergent	?_M_equal@?$hashtable@U?$pair@$$CBW4NameKeyType@@VDamageFX@@@_STL@@W4NameKeyType@@U?$hash@W4NameKeyType@@@rts@@U?$_Select1st@U?$pair@$$CBW4NameKeyType@@VDamageFX@@@_STL@@@2@U?$equal_to@W4NameKeyType@@@5@V?$allocator@U?$pair@$$CBW4NameKeyType@@VDamageFX@@@_STL@@@2@@_STL@@SA_NABV12@0@Z
divergent	?_M_erase@?$_Rb_tree@$$CBV?$BitFlags@$0BB@@@U?$pair@$$CBV?$BitFlags@$0BB@@@PBVWeaponTemplateSet@@@_STL@@U?$_Select1st@U?$pair@$$CBV?$BitFlags@$0BB@@@PBVWeaponTemplateSet@@@_STL@@@3@UMapHelper@?$SparseMatchFinder@VWeaponTemplateSet@@V?$BitFlags@$0BB@@@@@V?$allocator@U?$pair@$$CBV?$BitFlags@$0BB@@@PBVWeaponTemplateSet@@@_STL@@@3@@_STL@@AAEXPAU?$_Rb_tree_node@U?$pair@$$CBV?$BitFlags@$0BB@@@PBVWeaponTemplateSet@@@_STL@@@2@@Z
divergent	?_M_erase@?$_Rb_tree@$$CBV?$BitFlags@$0L@@@U?$pair@$$CBV?$BitFlags@$0L@@@PBVArmorTemplateSet@@@_STL@@U?$_Select1st@U?$pair@$$CBV?$BitFlags@$0L@@@PBVArmorTemplateSet@@@_STL@@@3@UMapHelper@?$SparseMatchFinder@VArmorTemplateSet@@V?$BitFlags@$0L@@@@@V?$allocator@U?$pair@$$CBV?$BitFlags@$0L@@@PBVArmorTemplateSet@@@_STL@@@3@@_STL@@AAEXPAU?$_Rb_tree_node@U?$pair@$$CBV?$BitFlags@$0L@@@PBVArmorTemplateSet@@@_STL@@@2@@Z
divergent	?_M_erase@?$_Rb_tree@GU?$pair@$$CBGH@_STL@@U?$_Select1st@U?$pair@$$CBGH@_STL@@@2@U?$less@G@2@V?$allocator@U?$pair@$$CBGH@_STL@@@2@@_STL@@AAEXPAU?$_Rb_tree_node@U?$pair@$$CBGH@_STL@@@2@@Z
divergent	?_M_erase@?$_Rb_tree@HHU?$_Identity@H@_STL@@U?$less@H@2@V?$allocator@H@2@@_STL@@AAEXPAU?$_Rb_tree_node@H@2@@Z
divergent	?_M_erase@?$_Rb_tree@HU?$pair@$$CBHH@_STL@@U?$_Select1st@U?$pair@$$CBHH@_STL@@@2@U?$less@H@2@V?$allocator@U?$pair@$$CBHH@_STL@@@2@@_STL@@AAEXPAU?$_Rb_tree_node@U?$pair@$$CBHH@_STL@@@2@@Z
divergent	?_M_erase@?$_Rb_tree@HU?$pair@$$CBHI@_STL@@U?$_Select1st@U?$pair@$$CBHI@_STL@@@2@U?$less@H@2@V?$allocator@U?$pair@$$CBHI@_STL@@@2@@_STL@@AAEXPAU?$_Rb_tree_node@U?$pair@$$CBHI@_STL@@@2@@Z
divergent	?_M_erase@?$_Rb_tree@HU?$pair@$$CBHUBfmePod24@@@_STL@@U?$_Select1st@U?$pair@$$CBHUBfmePod24@@@_STL@@@2@U?$less@H@2@V?$allocator@U?$pair@$$CBHUBfmePod24@@@_STL@@@2@@_STL@@AAEXPAU?$_Rb_tree_node@U?$pair@$$CBHUBfmePod24@@@_STL@@@2@@Z
divergent	?_M_erase@?$_Rb_tree@HU?$pair@$$CBHVAsciiString@@@_STL@@U?$_Select1st@U?$pair@$$CBHVAsciiString@@@_STL@@@2@U?$less@H@2@V?$allocator@U?$pair@$$CBHVAsciiString@@@_STL@@@2@@_STL@@AAEXPAU?$_Rb_tree_node@U?$pair@$$CBHVAsciiString@@@_STL@@@2@@Z
divergent	?_M_erase@?$_Rb_tree@HU?$pair@$$CBHVMultiplayerColorDefinition@@@_STL@@U?$_Select1st@U?$pair@$$CBHVMultiplayerColorDefinition@@@_STL@@@2@U?$less@H@2@V?$allocator@U?$pair@$$CBHVMultiplayerColorDefinition@@@_STL@@@2@@_STL@@AAEXPAU?$_Rb_tree_node@U?$pair@$$CBHVMultiplayerColorDefinition@@@_STL@@@2@@Z
divergent	?_M_erase@?$_Rb_tree@VAsciiString@@U?$pair@$$CBVAsciiString@@PBVFXList@@@_STL@@U?$_Select1st@U?$pair@$$CBVAsciiString@@PBVFXList@@@_STL@@@3@U?$less@VAsciiString@@@3@V?$allocator@U?$pair@$$CBVAsciiString@@PBVFXList@@@_STL@@@3@@_STL@@AAEXPAU?$_Rb_tree_node@U?$pair@$$CBVAsciiString@@PBVFXList@@@_STL@@@2@@Z
divergent	?_M_erase@?$_Rb_tree@VAsciiString@@U?$pair@$$CBVAsciiString@@UCoord3D@@@_STL@@U?$_Select1st@U?$pair@$$CBVAsciiString@@UCoord3D@@@_STL@@@3@U?$less@VAsciiString@@@3@V?$allocator@U?$pair@$$CBVAsciiString@@UCoord3D@@@_STL@@@3@@_STL@@AAEXPAU?$_Rb_tree_node@U?$pair@$$CBVAsciiString@@UCoord3D@@@_STL@@@2@@Z
divergent	?_M_erase@?$_Rb_tree@VAsciiString@@U?$pair@$$CBVAsciiString@@V?$list@VAsciiString@@V?$allocator@VAsciiString@@@_STL@@@_STL@@@_STL@@U?$_Select1st@U?$pair@$$CBVAsciiString@@V?$list@VAsciiString@@V?$allocator@VAsciiString@@@_STL@@@_STL@@@_STL@@@3@U?$less@VAsciiString@@@3@V?$allocator@U?$pair@$$CBVAsciiString@@V?$list@VAsciiString@@V?$allocator@VAsciiString@@@_STL@@@_STL@@@_STL@@@3@@_STL@@AAEXPAU?$_Rb_tree_node@U?$pair@$$CBVAsciiString@@V?$list@VAsciiString@@V?$allocator@VAsciiString@@@_STL@@@_STL@@@_STL@@@2@@Z
divergent	?_M_erase@?$_Rb_tree@VAsciiString@@U?$pair@$$CBVAsciiString@@VArchivedFileInfo@@@_STL@@U?$_Select1st@U?$pair@$$CBVAsciiString@@VArchivedFileInfo@@@_STL@@@3@U?$less@VAsciiString@@@3@V?$allocator@U?$pair@$$CBVAsciiString@@VArchivedFileInfo@@@_STL@@@3@@_STL@@AAEXPAU?$_Rb_tree_node@U?$pair@$$CBVAsciiString@@VArchivedFileInfo@@@_STL@@@2@@Z
divergent	?_M_erase@?$_Rb_tree@VAsciiString@@U?$pair@$$CBVAsciiString@@VAudioEventRTS@@@_STL@@U?$_Select1st@U?$pair@$$CBVAsciiString@@VAudioEventRTS@@@_STL@@@3@U?$less@VAsciiString@@@3@V?$allocator@U?$pair@$$CBVAsciiString@@VAudioEventRTS@@@_STL@@@3@@_STL@@AAEXPAU?$_Rb_tree_node@U?$pair@$$CBVAsciiString@@VAudioEventRTS@@@_STL@@@2@@Z
divergent	?_M_erase@?$_Rb_tree@VAsciiString@@U?$pair@$$CBVAsciiString@@VDetailedArchivedDirectoryInfo@@@_STL@@U?$_Select1st@U?$pair@$$CBVAsciiString@@VDetailedArchivedDirectoryInfo@@@_STL@@@3@U?$less@VAsciiString@@@3@V?$allocator@U?$pair@$$CBVAsciiString@@VDetailedArchivedDirectoryInfo@@@_STL@@@3@@_STL@@AAEXPAU?$_Rb_tree_node@U?$pair@$$CBVAsciiString@@VDetailedArchivedDirectoryInfo@@@_STL@@@2@@Z
divergent	?_M_erase@?$_Rb_tree@VAsciiString@@U?$pair@$$CBVAsciiString@@VMapMetaData@@@_STL@@U?$_Select1st@U?$pair@$$CBVAsciiString@@VMapMetaData@@@_STL@@@3@U?$less@VAsciiString@@@3@V?$allocator@U?$pair@$$CBVAsciiString@@VMapMetaData@@@_STL@@@3@@_STL@@AAEXPAU?$_Rb_tree_node@U?$pair@$$CBVAsciiString@@VMapMetaData@@@_STL@@@2@@Z
divergent	?_M_erase@?$_Rb_tree@VAsciiString@@U?$pair@$$CBVAsciiString@@_N@_STL@@U?$_Select1st@U?$pair@$$CBVAsciiString@@_N@_STL@@@3@U?$less@VAsciiString@@@3@V?$allocator@U?$pair@$$CBVAsciiString@@_N@_STL@@@3@@_STL@@AAEXPAU?$_Rb_tree_node@U?$pair@$$CBVAsciiString@@_N@_STL@@@2@@Z
divergent	?_M_erase@?$_Rb_tree@VUnicodeString@@U?$pair@$$CBVUnicodeString@@_N@_STL@@U?$_Select1st@U?$pair@$$CBVUnicodeString@@_N@_STL@@@3@UUnicodeStringLessThan@@V?$allocator@U?$pair@$$CBVUnicodeString@@_N@_STL@@@3@@_STL@@AAEXPAU?$_Rb_tree_node@U?$pair@$$CBVUnicodeString@@_N@_STL@@@2@@Z
divergent	?_M_erase@?$_Rb_tree@W4LocomotorSetType@@U?$pair@$$CBW4LocomotorSetType@@V?$vector@PBVLocomotorTemplate@@V?$allocator@PBVLocomotorTemplate@@@_STL@@@_STL@@@_STL@@U?$_Select1st@U?$pair@$$CBW4LocomotorSetType@@V?$vector@PBVLocomotorTemplate@@V?$allocator@PBVLocomotorTemplate@@@_STL@@@_STL@@@_STL@@@3@U?$less@W4LocomotorSetType@@@3@V?$allocator@U?$pair@$$CBW4LocomotorSetType@@V?$vector@PBVLocomotorTemplate@@V?$allocator@PBVLocomotorTemplate@@@_STL@@@_STL@@@_STL@@@3@@_STL@@AAEXPAU?$_Rb_tree_node@U?$pair@$$CBW4LocomotorSetType@@V?$vector@PBVLocomotorTemplate@@V?$allocator@PBVLocomotorTemplate@@@_STL@@@_STL@@@_STL@@@2@@Z
divergent	?_M_erase@?$_Rb_tree@W4NameKeyType@@U?$pair@$$CBW4NameKeyType@@UPristineBoneInfo@@@_STL@@U?$_Select1st@U?$pair@$$CBW4NameKeyType@@UPristineBoneInfo@@@_STL@@@3@U?$less@W4NameKeyType@@@3@V?$allocator@U?$pair@$$CBW4NameKeyType@@UPristineBoneInfo@@@_STL@@@3@@_STL@@AAEXPAU?$_Rb_tree_node@U?$pair@$$CBW4NameKeyType@@UPristineBoneInfo@@@_STL@@@2@@Z
divergent	?_M_erase@?$_Rb_tree@W4NameKeyType@@U?$pair@$$CBW4NameKeyType@@VModuleTemplate@ModuleFactory@@@_STL@@U?$_Select1st@U?$pair@$$CBW4NameKeyType@@VModuleTemplate@ModuleFactory@@@_STL@@@3@U?$less@W4NameKeyType@@@3@V?$allocator@U?$pair@$$CBW4NameKeyType@@VModuleTemplate@ModuleFactory@@@_STL@@@3@@_STL@@AAEXPAU?$_Rb_tree_node@U?$pair@$$CBW4NameKeyType@@VModuleTemplate@ModuleFactory@@@_STL@@@2@@Z
divergent	?_M_erase@?$_Rb_tree@W4ScienceType@@U?$pair@$$CBW4ScienceType@@_N@_STL@@U?$_Select1st@U?$pair@$$CBW4ScienceType@@_N@_STL@@@3@U?$less@W4ScienceType@@@3@V?$allocator@U?$pair@$$CBW4ScienceType@@_N@_STL@@@3@@_STL@@AAEXPAU?$_Rb_tree_node@U?$pair@$$CBW4ScienceType@@_N@_STL@@@2@@Z
divergent	?_M_erase_bucket@?$hashtable@U?$pair@$$CBHH@_STL@@HU?$hash@H@2@U?$_Select1st@U?$pair@$$CBHH@_STL@@@2@U?$equal_to@H@2@V?$allocator@U?$pair@$$CBHH@_STL@@@2@@_STL@@AAEXIPAU?$_Hashtable_node@U?$pair@$$CBHH@_STL@@@2@0@Z
divergent	?_M_erase_bucket@?$hashtable@U?$pair@$$CBHH@_STL@@HU?$hash@H@2@U?$_Select1st@U?$pair@$$CBHH@_STL@@@2@U?$equal_to@H@2@V?$allocator@U?$pair@$$CBHH@_STL@@@2@@_STL@@AAEXIPAU?$_Hashtable_node@U?$pair@$$CBHH@_STL@@@2@@Z
divergent	?_M_fill_assign@?$deque@PAXV?$allocator@PAX@_STL@@@_STL@@QAEXIABQAX@Z
divergent	?_M_fill_assign@?$deque@UBfmeE8@@V?$allocator@UBfmeE8@@@_STL@@@_STL@@QAEXIABUBfmeE8@@@Z
divergent	?_M_fill_assign@?$list@HV?$allocator@H@_STL@@@_STL@@QAEXIABH@Z
divergent	?_M_fill_assign@?$vector@HV?$allocator@H@_STL@@@_STL@@QAEXIABH@Z
divergent	?_M_fill_assign@?$vector@PAXV?$allocator@PAX@_STL@@@_STL@@QAEXIABQAX@Z
divergent	?_M_fill_assign@?$vector@UAngleFXInfo@@V?$allocator@UAngleFXInfo@@@_STL@@@_STL@@QAEXIABUAngleFXInfo@@@Z
divergent	?_M_fill_assign@?$vector@UBfmeObject872@@V?$allocator@UBfmeObject872@@@_STL@@@_STL@@QAEXIABUBfmeObject872@@@Z
divergent	?_M_fill_assign@?$vector@UBfmePod36@@V?$allocator@UBfmePod36@@@_STL@@@_STL@@QAEXIABUBfmePod36@@@Z
divergent	?_M_fill_assign@?$vector@UBfmePod40@@V?$allocator@UBfmePod40@@@_STL@@@_STL@@QAEXIABUBfmePod40@@@Z
divergent	?_M_fill_assign@?$vector@UBfmePod44@@V?$allocator@UBfmePod44@@@_STL@@@_STL@@QAEXIABUBfmePod44@@@Z
divergent	?_M_fill_assign@?$vector@UBfmePod68@@V?$allocator@UBfmePod68@@@_STL@@@_STL@@QAEXIABUBfmePod68@@@Z
divergent	?_M_fill_assign@?$vector@UGeometryShape@@V?$allocator@UGeometryShape@@@_STL@@@_STL@@QAEXIABUGeometryShape@@@Z
divergent	?_M_fill_assign@?$vector@_NV?$allocator@_N@_STL@@@_STL@@QAEXI_N@Z
divergent	?_M_fill_initialize@?$deque@PAXV?$allocator@PAX@_STL@@@_STL@@IAEXABQAX@Z
divergent	?_M_fill_initialize@?$deque@UBfmeE12@@V?$allocator@UBfmeE12@@@_STL@@@_STL@@IAEXABUBfmeE12@@@Z
divergent	?_M_fill_initialize@?$deque@UBfmeE8@@V?$allocator@UBfmeE8@@@_STL@@@_STL@@IAEXABUBfmeE8@@@Z
divergent	?_M_fill_initialize@?$deque@UBfmePod16@@V?$allocator@UBfmePod16@@@_STL@@@_STL@@IAEXABUBfmePod16@@@Z
divergent	?_M_fill_initialize@?$deque@UBfmePod20@@V?$allocator@UBfmePod20@@@_STL@@@_STL@@IAEXABUBfmePod20@@@Z
divergent	?_M_fill_initialize@?$deque@UBfmePod28@@V?$allocator@UBfmePod28@@@_STL@@@_STL@@IAEXABUBfmePod28@@@Z
divergent	?_M_fill_initialize@?$deque@UBfmePod492@@V?$allocator@UBfmePod492@@@_STL@@@_STL@@IAEXABUBfmePod492@@@Z
divergent	?_M_fill_initialize@?$deque@UBfmePod840@@V?$allocator@UBfmePod840@@@_STL@@@_STL@@IAEXABUBfmePod840@@@Z
divergent	?_M_fill_initialize@?$deque@VBuddyRequest@@V?$allocator@VBuddyRequest@@@_STL@@@_STL@@IAEXABVBuddyRequest@@@Z
divergent	?_M_fill_insert@?$deque@PAXV?$allocator@PAX@_STL@@@_STL@@QAEXU?$_Deque_iterator@PAXU?$_Nonconst_traits@PAX@_STL@@@2@IABQAX@Z
divergent	?_M_fill_insert@?$deque@UBfmeE12@@V?$allocator@UBfmeE12@@@_STL@@@_STL@@QAEXU?$_Deque_iterator@UBfmeE12@@U?$_Nonconst_traits@UBfmeE12@@@_STL@@@2@IABUBfmeE12@@@Z
divergent	?_M_fill_insert@?$deque@UBfmeE8@@V?$allocator@UBfmeE8@@@_STL@@@_STL@@QAEXU?$_Deque_iterator@UBfmeE8@@U?$_Nonconst_traits@UBfmeE8@@@_STL@@@2@IABUBfmeE8@@@Z
divergent	?_M_fill_insert@?$deque@UBfmePod16@@V?$allocator@UBfmePod16@@@_STL@@@_STL@@QAEXU?$_Deque_iterator@UBfmePod16@@U?$_Nonconst_traits@UBfmePod16@@@_STL@@@2@IABUBfmePod16@@@Z
divergent	?_M_fill_insert@?$deque@UBfmePod20@@V?$allocator@UBfmePod20@@@_STL@@@_STL@@QAEXU?$_Deque_iterator@UBfmePod20@@U?$_Nonconst_traits@UBfmePod20@@@_STL@@@2@IABUBfmePod20@@@Z
divergent	?_M_fill_insert@?$deque@UBfmePod28@@V?$allocator@UBfmePod28@@@_STL@@@_STL@@QAEXU?$_Deque_iterator@UBfmePod28@@U?$_Nonconst_traits@UBfmePod28@@@_STL@@@2@IABUBfmePod28@@@Z
divergent	?_M_fill_insert@?$deque@UBfmePod492@@V?$allocator@UBfmePod492@@@_STL@@@_STL@@QAEXU?$_Deque_iterator@UBfmePod492@@U?$_Nonconst_traits@UBfmePod492@@@_STL@@@2@IABUBfmePod492@@@Z
divergent	?_M_fill_insert@?$deque@UBfmePod840@@V?$allocator@UBfmePod840@@@_STL@@@_STL@@QAEXU?$_Deque_iterator@UBfmePod840@@U?$_Nonconst_traits@UBfmePod840@@@_STL@@@2@IABUBfmePod840@@@Z
divergent	?_M_fill_insert@?$deque@VBuddyRequest@@V?$allocator@VBuddyRequest@@@_STL@@@_STL@@QAEXU?$_Deque_iterator@VBuddyRequest@@U?$_Nonconst_traits@VBuddyRequest@@@_STL@@@2@IABVBuddyRequest@@@Z
divergent	?_M_fill_insert@?$list@HV?$allocator@H@_STL@@@_STL@@QAEXU?$_List_iterator@HU?$_Nonconst_traits@H@_STL@@@2@IABH@Z
divergent	?_M_fill_insert@?$vector@EV?$allocator@E@_STL@@@_STL@@QAEXPAEIABE@Z
divergent	?_M_fill_insert@?$vector@HV?$allocator@H@_STL@@@_STL@@QAEXPAHIABH@Z
divergent	?_M_fill_insert@?$vector@PAXV?$allocator@PAX@_STL@@@_STL@@QAEXPAPAXIABQAX@Z
divergent	?_M_fill_insert@?$vector@UAngleFXInfo@@V?$allocator@UAngleFXInfo@@@_STL@@@_STL@@QAEXPAUAngleFXInfo@@IABU3@@Z
divergent	?_M_fill_insert@?$vector@UBfmeContainerRecord005FDEC7@@V?$allocator@UBfmeContainerRecord005FDEC7@@@_STL@@@_STL@@QAEXPAUBfmeContainerRecord005FDEC7@@IABU3@@Z
divergent	?_M_fill_insert@?$vector@UBfmeE12@@V?$allocator@UBfmeE12@@@_STL@@@_STL@@QAEXPAUBfmeE12@@IABU3@@Z
divergent	?_M_fill_insert@?$vector@UBfmeE16@@V?$allocator@UBfmeE16@@@_STL@@@_STL@@QAEXPAUBfmeE16@@IABU3@@Z
divergent	?_M_fill_insert@?$vector@UBfmeObject872@@V?$allocator@UBfmeObject872@@@_STL@@@_STL@@QAEXPAUBfmeObject872@@IABU3@@Z
divergent	?_M_fill_insert@?$vector@UBfmePod20@@V?$allocator@UBfmePod20@@@_STL@@@_STL@@QAEXPAUBfmePod20@@IABU3@@Z
divergent	?_M_fill_insert@?$vector@UBfmePod24@@V?$allocator@UBfmePod24@@@_STL@@@_STL@@QAEXPAUBfmePod24@@IABU3@@Z
divergent	?_M_fill_insert@?$vector@UBfmePod36@@V?$allocator@UBfmePod36@@@_STL@@@_STL@@QAEXPAUBfmePod36@@IABU3@@Z
divergent	?_M_fill_insert@?$vector@UBfmePod40@@V?$allocator@UBfmePod40@@@_STL@@@_STL@@QAEXPAUBfmePod40@@IABU3@@Z
divergent	?_M_fill_insert@?$vector@UBfmePod44@@V?$allocator@UBfmePod44@@@_STL@@@_STL@@QAEXPAUBfmePod44@@IABU3@@Z
divergent	?_M_fill_insert@?$vector@UBfmePod52@@V?$allocator@UBfmePod52@@@_STL@@@_STL@@QAEXPAUBfmePod52@@IABU3@@Z
divergent	?_M_fill_insert@?$vector@UBfmePod68@@V?$allocator@UBfmePod68@@@_STL@@@_STL@@QAEXPAUBfmePod68@@IABU3@@Z
divergent	?_M_fill_insert@?$vector@UBfmeStringRecord000B9534@@V?$allocator@UBfmeStringRecord000B9534@@@_STL@@@_STL@@QAEXPAUBfmeStringRecord000B9534@@IABU3@@Z
divergent	?_M_fill_insert@?$vector@UBfmeStringRecord005DDD40@@V?$allocator@UBfmeStringRecord005DDD40@@@_STL@@@_STL@@QAEXPAUBfmeStringRecord005DDD40@@IABU3@@Z
divergent	?_M_fill_insert@?$vector@UCoord3D@@V?$allocator@UCoord3D@@@_STL@@@_STL@@QAEXPAUCoord3D@@IABU3@@Z
divergent	?_M_fill_insert@?$vector@UGeometryShape@@V?$allocator@UGeometryShape@@@_STL@@@_STL@@QAEXPAUGeometryShape@@IABU3@@Z
divergent	?_M_fill_insert@?$vector@UICoord2D@@V?$allocator@UICoord2D@@@_STL@@@_STL@@QAEXPAUICoord2D@@IABU3@@Z
divergent	?_M_fill_insert@?$vector@UPrereqUnitRec@@V?$allocator@UPrereqUnitRec@@@_STL@@@_STL@@QAEXPAUPrereqUnitRec@@IABU3@@Z
divergent	?_M_fill_insert@?$vector@VAsciiString@@V?$allocator@VAsciiString@@@_STL@@@_STL@@QAEXPAVAsciiString@@IABV3@@Z
divergent	?_M_fill_insert@?$vector@_NV?$allocator@_N@_STL@@@_STL@@QAEXU?$_Bit_iter@U_Bit_reference@_STL@@PAU12@@2@I_N@Z
divergent	?_M_handle_exception@?$basic_ios@DV?$char_traits@D@_STL@@@_STL@@QAEXH@Z
divergent	?_M_incr@_List_iterator_base@_STL@@QAEXXZ
divergent	?_M_increment@?$_Deque_iterator_base@PAX@_STL@@QAEXXZ
divergent	?_M_initialize@?$vector@_NV?$allocator@_N@_STL@@@_STL@@IAEXI@Z
divergent	?_M_initialize_buckets@?$hashtable@U?$pair@$$CBVAsciiString@@PAVThingTemplate@@@_STL@@VAsciiString@@U?$hash@VAsciiString@@@rts@@U?$_Select1st@U?$pair@$$CBVAsciiString@@PAVThingTemplate@@@_STL@@@2@U?$equal_to@VAsciiString@@@5@V?$allocator@U?$pair@$$CBVAsciiString@@PAVThingTemplate@@@_STL@@@2@@_STL@@AAEXI@Z
divergent	?_M_initialize_buckets@?$hashtable@U?$pair@$$CBW4NameKeyType@@VDamageFX@@@_STL@@W4NameKeyType@@U?$hash@W4NameKeyType@@@rts@@U?$_Select1st@U?$pair@$$CBW4NameKeyType@@VDamageFX@@@_STL@@@2@U?$equal_to@W4NameKeyType@@@5@V?$allocator@U?$pair@$$CBW4NameKeyType@@VDamageFX@@@_STL@@@2@@_STL@@AAEXI@Z
divergent	?_M_initialize_map@?$_Deque_base@PAVSightingInfo@@V?$allocator@PAVSightingInfo@@@_STL@@@_STL@@IAEXI@Z
divergent	?_M_initialize_map@?$_Deque_base@PAXV?$allocator@PAX@_STL@@@_STL@@IAEXI@Z
divergent	?_M_initialize_map@?$_Deque_base@UBfmeE12@@V?$allocator@UBfmeE12@@@_STL@@@_STL@@IAEXI@Z
divergent	?_M_initialize_map@?$_Deque_base@UBfmeE8@@V?$allocator@UBfmeE8@@@_STL@@@_STL@@IAEXI@Z
divergent	?_M_initialize_map@?$_Deque_base@UBfmeOpaqueOwnedRecord492@@V?$allocator@UBfmeOpaqueOwnedRecord492@@@_STL@@@_STL@@IAEXI@Z
divergent	?_M_initialize_map@?$_Deque_base@UBfmeOpaqueOwnedRecord840@@V?$allocator@UBfmeOpaqueOwnedRecord840@@@_STL@@@_STL@@IAEXI@Z
divergent	?_M_initialize_map@?$_Deque_base@UBfmePod20@@V?$allocator@UBfmePod20@@@_STL@@@_STL@@IAEXI@Z
divergent	?_M_input_error@?$basic_filebuf@DV?$char_traits@D@_STL@@@_STL@@AAEHXZ
divergent	?_M_insert@?$_Rb_tree@$$CBV?$BitFlags@$0HF@@@U?$pair@$$CBV?$BitFlags@$0HF@@@PBUModelConditionInfo@@@_STL@@U?$_Select1st@U?$pair@$$CBV?$BitFlags@$0HF@@@PBUModelConditionInfo@@@_STL@@@3@UMapHelper@?$SparseMatchFinder@UModelConditionInfo@@V?$BitFlags@$0HF@@@@@V?$allocator@U?$pair@$$CBV?$BitFlags@$0HF@@@PBUModelConditionInfo@@@_STL@@@3@@_STL@@AAE?AU?$_Rb_tree_iterator@U?$pair@$$CBV?$BitFlags@$0HF@@@PBUModelConditionInfo@@@_STL@@U?$_Nonconst_traits@U?$pair@$$CBV?$BitFlags@$0HF@@@PBUModelConditionInfo@@@_STL@@@2@@2@PAU_Rb_tree_node_base@2@0ABU?$pair@$$CBV?$BitFlags@$0HF@@@PBUModelConditionInfo@@@2@0@Z
divergent	?_M_insert@?$_Rb_tree@HU?$pair@$$CBHH@_STL@@U?$_Select1st@U?$pair@$$CBHH@_STL@@@2@U?$less@H@2@V?$allocator@U?$pair@$$CBHH@_STL@@@2@@_STL@@AAE?AU?$_Rb_tree_iterator@U?$pair@$$CBHH@_STL@@U?$_Nonconst_traits@U?$pair@$$CBHH@_STL@@@2@@2@PAU_Rb_tree_node_base@2@0ABU?$pair@$$CBHH@2@0@Z
divergent	?_M_insert@?$_Rb_tree@PAURva001408C0Target@@PAU1@U?$_Identity@PAURva001408C0Target@@@_STL@@U?$less@PAURva001408C0Target@@@3@V?$allocator@PAURva001408C0Target@@@3@@_STL@@AAE?AU?$_Rb_tree_iterator@PAURva001408C0Target@@U?$_Nonconst_traits@PAURva001408C0Target@@@_STL@@@2@PAU_Rb_tree_node_base@2@0ABQAURva001408C0Target@@0@Z
divergent	?_M_insert@?$_Rb_tree@UGen_p12pod@@U?$pair@$$CBUGen_p12pod@@H@_STL@@U?$_Select1st@U?$pair@$$CBUGen_p12pod@@H@_STL@@@3@U?$less@UGen_p12pod@@@3@V?$allocator@U?$pair@$$CBUGen_p12pod@@H@_STL@@@3@@_STL@@AAE?AU?$_Rb_tree_iterator@U?$pair@$$CBUGen_p12pod@@H@_STL@@U?$_Nonconst_traits@U?$pair@$$CBUGen_p12pod@@H@_STL@@@2@@2@PAU_Rb_tree_node_base@2@0ABU?$pair@$$CBUGen_p12pod@@H@2@0@Z
divergent	?_M_insert@?$_Rb_tree@VAsciiString@@U?$pair@$$CBVAsciiString@@UNoCaseTreeValue4@@@_STL@@U?$_Select1st@U?$pair@$$CBVAsciiString@@UNoCaseTreeValue4@@@_STL@@@3@UBfmeStringNoCaseLess@@V?$allocator@U?$pair@$$CBVAsciiString@@UNoCaseTreeValue4@@@_STL@@@3@@_STL@@AAE?AU?$_Rb_tree_iterator@U?$pair@$$CBVAsciiString@@UNoCaseTreeValue4@@@_STL@@U?$_Nonconst_traits@U?$pair@$$CBVAsciiString@@UNoCaseTreeValue4@@@_STL@@@2@@2@PAU_Rb_tree_node_base@2@0ABU?$pair@$$CBVAsciiString@@UNoCaseTreeValue4@@@2@0@Z
divergent	?_M_insert@?$_Rb_tree@VUnicodeString@@U?$pair@$$CBVUnicodeString@@_N@_STL@@U?$_Select1st@U?$pair@$$CBVUnicodeString@@_N@_STL@@@3@UUnicodeStringLessThan@@V?$allocator@U?$pair@$$CBVUnicodeString@@_N@_STL@@@3@@_STL@@AAE?AU?$_Rb_tree_iterator@U?$pair@$$CBVUnicodeString@@_N@_STL@@U?$_Nonconst_traits@U?$pair@$$CBVUnicodeString@@_N@_STL@@@2@@2@PAU_Rb_tree_node_base@2@0ABU?$pair@$$CBVUnicodeString@@_N@2@0@Z
divergent	?_M_insert@?$_Rb_tree@VUnicodeString@@V1@U?$_Identity@VUnicodeString@@@_STL@@U?$less_than_nocase@VUnicodeString@@@rts@@V?$allocator@VUnicodeString@@@3@@_STL@@AAE?AU?$_Rb_tree_iterator@VUnicodeString@@U?$_Nonconst_traits@VUnicodeString@@@_STL@@@2@PAU_Rb_tree_node_base@2@0ABVUnicodeString@@0@Z
divergent	?_M_insert@?$_Rb_tree@W4NameKeyType@@U?$pair@$$CBW4NameKeyType@@UPristineBoneInfo@@@_STL@@U?$_Select1st@U?$pair@$$CBW4NameKeyType@@UPristineBoneInfo@@@_STL@@@3@U?$less@W4NameKeyType@@@3@V?$allocator@U?$pair@$$CBW4NameKeyType@@UPristineBoneInfo@@@_STL@@@3@@_STL@@AAE?AU?$_Rb_tree_iterator@U?$pair@$$CBW4NameKeyType@@UPristineBoneInfo@@@_STL@@U?$_Nonconst_traits@U?$pair@$$CBW4NameKeyType@@UPristineBoneInfo@@@_STL@@@2@@2@PAU_Rb_tree_node_base@2@0ABU?$pair@$$CBW4NameKeyType@@UPristineBoneInfo@@@2@0@Z
divergent	?_M_insert@?$hashtable@U?$pair@$$CBHH@_STL@@HU?$hash@H@2@U?$_Select1st@U?$pair@$$CBHH@_STL@@@2@U?$equal_to@H@2@V?$allocator@U?$pair@$$CBHH@_STL@@@2@@_STL@@QAEAAU?$pair@$$CBHH@2@ABU32@@Z
divergent	?_M_insert@?$hashtable@U?$pair@$$CBHW4Relationship@@@_STL@@HU?$hash@H@2@U?$_Select1st@U?$pair@$$CBHW4Relationship@@@_STL@@@2@U?$equal_to@H@2@V?$allocator@U?$pair@$$CBHW4Relationship@@@_STL@@@2@@_STL@@QAEAAU?$pair@$$CBHW4Relationship@@@2@ABU32@@Z
divergent	?_M_insert@?$hashtable@U?$pair@$$CBIW4Relationship@@@_STL@@IU?$hash@I@2@U?$_Select1st@U?$pair@$$CBIW4Relationship@@@_STL@@@2@U?$equal_to@I@2@V?$allocator@U?$pair@$$CBIW4Relationship@@@_STL@@@2@@_STL@@QAEAAU?$pair@$$CBIW4Relationship@@@2@ABU32@@Z
divergent	?_M_insert@?$hashtable@U?$pair@$$CBVAsciiString@@PAVThingTemplate@@@_STL@@VAsciiString@@U?$hash@VAsciiString@@@rts@@U?$_Select1st@U?$pair@$$CBVAsciiString@@PAVThingTemplate@@@_STL@@@2@U?$equal_to@VAsciiString@@@5@V?$allocator@U?$pair@$$CBVAsciiString@@PAVThingTemplate@@@_STL@@@2@@_STL@@QAEAAU?$pair@$$CBVAsciiString@@PAVThingTemplate@@@2@ABU32@@Z
divergent	?_M_insert@?$hashtable@U?$pair@$$CBW4NameKeyType@@VArmorTemplate@@@_STL@@W4NameKeyType@@U?$hash@W4NameKeyType@@@rts@@U?$_Select1st@U?$pair@$$CBW4NameKeyType@@VArmorTemplate@@@_STL@@@2@U?$equal_to@W4NameKeyType@@@5@V?$allocator@U?$pair@$$CBW4NameKeyType@@VArmorTemplate@@@_STL@@@2@@_STL@@QAEAAU?$pair@$$CBW4NameKeyType@@VArmorTemplate@@@2@ABU32@@Z
divergent	?_M_insert@?$hashtable@U?$pair@$$CBW4NameKeyType@@VDamageFX@@@_STL@@W4NameKeyType@@U?$hash@W4NameKeyType@@@rts@@U?$_Select1st@U?$pair@$$CBW4NameKeyType@@VDamageFX@@@_STL@@@2@U?$equal_to@W4NameKeyType@@@5@V?$allocator@U?$pair@$$CBW4NameKeyType@@VDamageFX@@@_STL@@@2@@_STL@@QAEAAU?$pair@$$CBW4NameKeyType@@VDamageFX@@@2@ABU32@@Z
divergent	?_M_insert@?$hashtable@U?$pair@$$CBW4NameKeyType@@VFXList@@@_STL@@W4NameKeyType@@U?$hash@W4NameKeyType@@@rts@@U?$_Select1st@U?$pair@$$CBW4NameKeyType@@VFXList@@@_STL@@@2@U?$equal_to@W4NameKeyType@@@5@V?$allocator@U?$pair@$$CBW4NameKeyType@@VFXList@@@_STL@@@2@@_STL@@QAEAAU?$pair@$$CBW4NameKeyType@@VFXList@@@2@ABU32@@Z
divergent	?_M_insert_aux@?$basic_string@DV?$char_traits@D@_STL@@V?$allocator@D@2@@_STL@@AAEPADPADD@Z
divergent	?_M_insert_aux@?$basic_string@GV?$char_traits@G@_STL@@V?$allocator@G@2@@_STL@@AAEPAGPAGG@Z
divergent	?_M_insert_aux@?$deque@PAXV?$allocator@PAX@_STL@@@_STL@@IAE?AU?$_Deque_iterator@PAXU?$_Nonconst_traits@PAX@_STL@@@2@U32@@Z
divergent	?_M_insert_aux@?$deque@PAXV?$allocator@PAX@_STL@@@_STL@@IAE?AU?$_Deque_iterator@PAXU?$_Nonconst_traits@PAX@_STL@@@2@U32@ABQAX@Z
divergent	?_M_insert_aux@?$deque@PAXV?$allocator@PAX@_STL@@@_STL@@IAEXU?$_Deque_iterator@PAXU?$_Nonconst_traits@PAX@_STL@@@2@IABQAX@Z
divergent	?_M_insert_aux@?$deque@UBfmeE12@@V?$allocator@UBfmeE12@@@_STL@@@_STL@@IAEXU?$_Deque_iterator@UBfmeE12@@U?$_Nonconst_traits@UBfmeE12@@@_STL@@@2@IABUBfmeE12@@@Z
divergent	?_M_insert_aux@?$deque@UBfmeE8@@V?$allocator@UBfmeE8@@@_STL@@@_STL@@IAE?AU?$_Deque_iterator@UBfmeE8@@U?$_Nonconst_traits@UBfmeE8@@@_STL@@@2@U32@@Z
divergent	?_M_insert_aux@?$deque@UBfmeE8@@V?$allocator@UBfmeE8@@@_STL@@@_STL@@IAE?AU?$_Deque_iterator@UBfmeE8@@U?$_Nonconst_traits@UBfmeE8@@@_STL@@@2@U32@ABUBfmeE8@@@Z
divergent	?_M_insert_aux@?$deque@UBfmeE8@@V?$allocator@UBfmeE8@@@_STL@@@_STL@@IAEXU?$_Deque_iterator@UBfmeE8@@U?$_Nonconst_traits@UBfmeE8@@@_STL@@@2@IABUBfmeE8@@@Z
divergent	?_M_insert_aux@?$deque@UBfmePod16@@V?$allocator@UBfmePod16@@@_STL@@@_STL@@IAEXU?$_Deque_iterator@UBfmePod16@@U?$_Nonconst_traits@UBfmePod16@@@_STL@@@2@IABUBfmePod16@@@Z
divergent	?_M_insert_aux@?$deque@UBfmePod20@@V?$allocator@UBfmePod20@@@_STL@@@_STL@@IAEXU?$_Deque_iterator@UBfmePod20@@U?$_Nonconst_traits@UBfmePod20@@@_STL@@@2@IABUBfmePod20@@@Z
divergent	?_M_insert_aux@?$deque@UBfmePod28@@V?$allocator@UBfmePod28@@@_STL@@@_STL@@IAEXU?$_Deque_iterator@UBfmePod28@@U?$_Nonconst_traits@UBfmePod28@@@_STL@@@2@IABUBfmePod28@@@Z
divergent	?_M_insert_aux@?$deque@UBfmePod492@@V?$allocator@UBfmePod492@@@_STL@@@_STL@@IAEXU?$_Deque_iterator@UBfmePod492@@U?$_Nonconst_traits@UBfmePod492@@@_STL@@@2@IABUBfmePod492@@@Z
divergent	?_M_insert_aux@?$deque@UBfmePod840@@V?$allocator@UBfmePod840@@@_STL@@@_STL@@IAEXU?$_Deque_iterator@UBfmePod840@@U?$_Nonconst_traits@UBfmePod840@@@_STL@@@2@IABUBfmePod840@@@Z
divergent	?_M_insert_aux@?$deque@VBuddyRequest@@V?$allocator@VBuddyRequest@@@_STL@@@_STL@@IAEXU?$_Deque_iterator@VBuddyRequest@@U?$_Nonconst_traits@VBuddyRequest@@@_STL@@@2@IABVBuddyRequest@@@Z
divergent	?_M_insert_aux@?$vector@_NV?$allocator@_N@_STL@@@_STL@@IAEXU?$_Bit_iter@U_Bit_reference@_STL@@PAU12@@2@_N@Z
divergent	?_M_insert_aux_prepare@?$deque@PAXV?$allocator@PAX@_STL@@@_STL@@IAE?AU?$_Deque_iterator@PAXU?$_Nonconst_traits@PAX@_STL@@@2@U32@@Z
divergent	?_M_insert_aux_prepare@?$deque@UBfmeE8@@V?$allocator@UBfmeE8@@@_STL@@@_STL@@IAE?AU?$_Deque_iterator@UBfmeE8@@U?$_Nonconst_traits@UBfmeE8@@@_STL@@@2@U32@@Z
divergent	?_M_insert_overflow@?$vector@EV?$allocator@E@_STL@@@_STL@@IAEXPAEABEABU__true_type@2@I_N@Z
divergent	?_M_insert_overflow@?$vector@HV?$allocator@H@_STL@@@_STL@@IAEXPAHABHABU__false_type@2@I_N@Z
divergent	?_M_insert_overflow@?$vector@HV?$allocator@H@_STL@@@_STL@@IAEXPAHABHABU__true_type@2@I_N@Z
divergent	?_M_insert_overflow@?$vector@JV?$allocator@J@_STL@@@_STL@@IAEXPAJABJABU__true_type@2@I_N@Z
divergent	?_M_insert_overflow@?$vector@PAVDrawable@@V?$allocator@PAVDrawable@@@_STL@@@_STL@@IAEXPAPAVDrawable@@ABQAV3@ABU__true_type@2@I_N@Z
divergent	?_M_insert_overflow@?$vector@PAVObject@@V?$allocator@PAVObject@@@_STL@@@_STL@@IAEXPAPAVObject@@ABQAV3@ABU__true_type@2@I_N@Z
divergent	?_M_insert_overflow@?$vector@PAVObjectCreationNugget@@V?$allocator@PAVObjectCreationNugget@@@_STL@@@_STL@@IAEXPAPAVObjectCreationNugget@@ABQAV3@ABU__true_type@2@I_N@Z
divergent	?_M_insert_overflow@?$vector@PAXV?$allocator@PAX@_STL@@@_STL@@IAEXPAPAXABQAXABU__false_type@2@I_N@Z
divergent	?_M_insert_overflow@?$vector@PAXV?$allocator@PAX@_STL@@@_STL@@IAEXPAPAXABQAXABU__true_type@2@I_N@Z
divergent	?_M_insert_overflow@?$vector@PBVFXList@@V?$allocator@PBVFXList@@@_STL@@@_STL@@IAEXPAPBVFXList@@ABQBV3@ABU__true_type@2@I_N@Z
divergent	?_M_insert_overflow@?$vector@PBVObjectCreationList@@V?$allocator@PBVObjectCreationList@@@_STL@@@_STL@@IAEXPAPBVObjectCreationList@@ABQBV3@ABU__true_type@2@I_N@Z
divergent	?_M_insert_overflow@?$vector@PBVWeaponTemplate@@V?$allocator@PBVWeaponTemplate@@@_STL@@@_STL@@IAEXPAPBVWeaponTemplate@@ABQBV3@ABU__true_type@2@I_N@Z
divergent	?_M_insert_overflow@?$vector@UAngleFXInfo@@V?$allocator@UAngleFXInfo@@@_STL@@@_STL@@IAEXPAUAngleFXInfo@@ABU3@ABU__false_type@2@I_N@Z
divergent	?_M_insert_overflow@?$vector@UAngleFXInfo@@V?$allocator@UAngleFXInfo@@@_STL@@@_STL@@IAEXPAUAngleFXInfo@@ABU3@ABU__true_type@2@I_N@Z
divergent	?_M_insert_overflow@?$vector@UAnimSet@GenericObjectCreationNugget@@V?$allocator@UAnimSet@GenericObjectCreationNugget@@@_STL@@@_STL@@IAEXPAUAnimSet@GenericObjectCreationNugget@@ABU34@ABU__false_type@2@I_N@Z
divergent	?_M_insert_overflow@?$vector@UBfmeContainerRecord005FDEC7@@V?$allocator@UBfmeContainerRecord005FDEC7@@@_STL@@@_STL@@IAEXPAUBfmeContainerRecord005FDEC7@@ABU3@ABU__false_type@2@I_N@Z
divergent	?_M_insert_overflow@?$vector@UBfmeE12@@V?$allocator@UBfmeE12@@@_STL@@@_STL@@IAEXPAUBfmeE12@@ABU3@ABU__false_type@2@I_N@Z
divergent	?_M_insert_overflow@?$vector@UBfmeE12@@V?$allocator@UBfmeE12@@@_STL@@@_STL@@IAEXPAUBfmeE12@@ABU3@ABU__true_type@2@I_N@Z
divergent	?_M_insert_overflow@?$vector@UBfmeE16@@V?$allocator@UBfmeE16@@@_STL@@@_STL@@IAEXPAUBfmeE16@@ABU3@ABU__false_type@2@I_N@Z
divergent	?_M_insert_overflow@?$vector@UBfmeObject872@@V?$allocator@UBfmeObject872@@@_STL@@@_STL@@IAEXPAUBfmeObject872@@ABU3@ABU__false_type@2@I_N@Z
divergent	?_M_insert_overflow@?$vector@UBfmePod104@@V?$allocator@UBfmePod104@@@_STL@@@_STL@@IAEXPAUBfmePod104@@ABU3@ABU__false_type@2@I_N@Z
divergent	?_M_insert_overflow@?$vector@UBfmePod128@@V?$allocator@UBfmePod128@@@_STL@@@_STL@@IAEXPAUBfmePod128@@ABU3@ABU__false_type@2@I_N@Z
divergent	?_M_insert_overflow@?$vector@UBfmePod172@@V?$allocator@UBfmePod172@@@_STL@@@_STL@@IAEXPAUBfmePod172@@ABU3@ABU__false_type@2@I_N@Z
divergent	?_M_insert_overflow@?$vector@UBfmePod20@@V?$allocator@UBfmePod20@@@_STL@@@_STL@@IAEXPAUBfmePod20@@ABU3@ABU__false_type@2@I_N@Z
divergent	?_M_insert_overflow@?$vector@UBfmePod20@@V?$allocator@UBfmePod20@@@_STL@@@_STL@@IAEXPAUBfmePod20@@ABU3@ABU__true_type@2@I_N@Z
divergent	?_M_insert_overflow@?$vector@UBfmePod216@@V?$allocator@UBfmePod216@@@_STL@@@_STL@@IAEXPAUBfmePod216@@ABU3@ABU__false_type@2@I_N@Z
divergent	?_M_insert_overflow@?$vector@UBfmePod248@@V?$allocator@UBfmePod248@@@_STL@@@_STL@@IAEXPAUBfmePod248@@ABU3@ABU__false_type@2@I_N@Z
divergent	?_M_insert_overflow@?$vector@UBfmePod24@@V?$allocator@UBfmePod24@@@_STL@@@_STL@@IAEXPAUBfmePod24@@ABU3@ABU__false_type@2@I_N@Z
divergent	?_M_insert_overflow@?$vector@UBfmePod24@@V?$allocator@UBfmePod24@@@_STL@@@_STL@@IAEXPAUBfmePod24@@ABU3@ABU__true_type@2@I_N@Z
divergent	?_M_insert_overflow@?$vector@UBfmePod252@@V?$allocator@UBfmePod252@@@_STL@@@_STL@@IAEXPAUBfmePod252@@ABU3@ABU__false_type@2@I_N@Z
divergent	?_M_insert_overflow@?$vector@UBfmePod28@@V?$allocator@UBfmePod28@@@_STL@@@_STL@@IAEXPAUBfmePod28@@ABU3@ABU__false_type@2@I_N@Z
divergent	?_M_insert_overflow@?$vector@UBfmePod32@@V?$allocator@UBfmePod32@@@_STL@@@_STL@@IAEXPAUBfmePod32@@ABU3@ABU__false_type@2@I_N@Z
divergent	?_M_insert_overflow@?$vector@UBfmePod340@@V?$allocator@UBfmePod340@@@_STL@@@_STL@@IAEXPAUBfmePod340@@ABU3@ABU__false_type@2@I_N@Z
divergent	?_M_insert_overflow@?$vector@UBfmePod36@@V?$allocator@UBfmePod36@@@_STL@@@_STL@@IAEXPAUBfmePod36@@ABU3@ABU__false_type@2@I_N@Z
divergent	?_M_insert_overflow@?$vector@UBfmePod36@@V?$allocator@UBfmePod36@@@_STL@@@_STL@@IAEXPAUBfmePod36@@ABU3@ABU__true_type@2@I_N@Z
divergent	?_M_insert_overflow@?$vector@UBfmePod40@@V?$allocator@UBfmePod40@@@_STL@@@_STL@@IAEXPAUBfmePod40@@ABU3@ABU__false_type@2@I_N@Z
divergent	?_M_insert_overflow@?$vector@UBfmePod40@@V?$allocator@UBfmePod40@@@_STL@@@_STL@@IAEXPAUBfmePod40@@ABU3@ABU__true_type@2@I_N@Z
divergent	?_M_insert_overflow@?$vector@UBfmePod44@@V?$allocator@UBfmePod44@@@_STL@@@_STL@@IAEXPAUBfmePod44@@ABU3@ABU__false_type@2@I_N@Z
divergent	?_M_insert_overflow@?$vector@UBfmePod44@@V?$allocator@UBfmePod44@@@_STL@@@_STL@@IAEXPAUBfmePod44@@ABU3@ABU__true_type@2@I_N@Z
divergent	?_M_insert_overflow@?$vector@UBfmePod52@@V?$allocator@UBfmePod52@@@_STL@@@_STL@@IAEXPAUBfmePod52@@ABU3@ABU__false_type@2@I_N@Z
divergent	?_M_insert_overflow@?$vector@UBfmePod68@@V?$allocator@UBfmePod68@@@_STL@@@_STL@@IAEXPAUBfmePod68@@ABU3@ABU__false_type@2@I_N@Z
divergent	?_M_insert_overflow@?$vector@UBfmePod68@@V?$allocator@UBfmePod68@@@_STL@@@_STL@@IAEXPAUBfmePod68@@ABU3@ABU__true_type@2@I_N@Z
divergent	?_M_insert_overflow@?$vector@UBfmePod76@@V?$allocator@UBfmePod76@@@_STL@@@_STL@@IAEXPAUBfmePod76@@ABU3@ABU__false_type@2@I_N@Z
divergent	?_M_insert_overflow@?$vector@UBfmePod88@@V?$allocator@UBfmePod88@@@_STL@@@_STL@@IAEXPAUBfmePod88@@ABU3@ABU__false_type@2@I_N@Z
divergent	?_M_insert_overflow@?$vector@UBfmeRecordOwner900@@V?$allocator@UBfmeRecordOwner900@@@_STL@@@_STL@@IAEXPAUBfmeRecordOwner900@@ABU3@ABU__false_type@2@I_N@Z
divergent	?_M_insert_overflow@?$vector@UBfmeStringHeadRecord148@@V?$allocator@UBfmeStringHeadRecord148@@@_STL@@@_STL@@IAEXPAUBfmeStringHeadRecord148@@ABU3@ABU__false_type@2@I_N@Z
divergent	?_M_insert_overflow@?$vector@UBfmeStringHeadRecord160@@V?$allocator@UBfmeStringHeadRecord160@@@_STL@@@_STL@@IAEXPAUBfmeStringHeadRecord160@@ABU3@ABU__false_type@2@I_N@Z
divergent	?_M_insert_overflow@?$vector@UBfmeStringRecord000331962@@V?$allocator@UBfmeStringRecord000331962@@@_STL@@@_STL@@IAEXPAUBfmeStringRecord000331962@@ABU3@ABU__false_type@2@I_N@Z
divergent	?_M_insert_overflow@?$vector@UBfmeStringRecord000B950F@@V?$allocator@UBfmeStringRecord000B950F@@@_STL@@@_STL@@IAEXPAUBfmeStringRecord000B950F@@ABU3@ABU__false_type@2@I_N@Z
divergent	?_M_insert_overflow@?$vector@UBfmeStringRecord000B9534@@V?$allocator@UBfmeStringRecord000B9534@@@_STL@@@_STL@@IAEXPAUBfmeStringRecord000B9534@@ABU3@ABU__false_type@2@I_N@Z
divergent	?_M_insert_overflow@?$vector@UBfmeStringRecord000B9534@@V?$allocator@UBfmeStringRecord000B9534@@@_STL@@@_STL@@IAEXPAUBfmeStringRecord000B9534@@ABU3@ABU__true_type@2@I_N@Z
divergent	?_M_insert_overflow@?$vector@UBfmeStringRecord00568CE0@@V?$allocator@UBfmeStringRecord00568CE0@@@_STL@@@_STL@@IAEXPAUBfmeStringRecord00568CE0@@ABU3@ABU__false_type@2@I_N@Z
divergent	?_M_insert_overflow@?$vector@UCoord3D@@V?$allocator@UCoord3D@@@_STL@@@_STL@@IAEXPAUCoord3D@@ABU3@ABU__false_type@2@I_N@Z
divergent	?_M_insert_overflow@?$vector@UFileInfoStruct@MixFileCreator@@V?$allocator@UFileInfoStruct@MixFileCreator@@@_STL@@@_STL@@IAEXPAUFileInfoStruct@MixFileCreator@@ABU34@ABU__false_type@2@I_N@Z
divergent	?_M_insert_overflow@?$vector@UFlightDeckInfo@FlightDeckBehavior@@V?$allocator@UFlightDeckInfo@FlightDeckBehavior@@@_STL@@@_STL@@IAEXPAUFlightDeckInfo@FlightDeckBehavior@@ABU34@ABU__false_type@2@I_N@Z
divergent	?_M_insert_overflow@?$vector@UGeometryRecord@@V?$allocator@UGeometryRecord@@@_STL@@@_STL@@IAEXPAUGeometryRecord@@ABU3@ABU__false_type@2@I_N@Z
divergent	?_M_insert_overflow@?$vector@UGeometryShape@@V?$allocator@UGeometryShape@@@_STL@@@_STL@@IAEXPAUGeometryShape@@ABU3@ABU__true_type@2@I_N@Z
divergent	?_M_insert_overflow@?$vector@UNugget@ModuleInfo@@V?$allocator@UNugget@ModuleInfo@@@_STL@@@_STL@@IAEXPAUNugget@ModuleInfo@@ABU34@ABU__false_type@2@I_N@Z
divergent	?_M_insert_overflow@?$vector@UPrereqUnitRec@@V?$allocator@UPrereqUnitRec@@@_STL@@@_STL@@IAEXPAUPrereqUnitRec@@ABU3@ABU__true_type@2@I_N@Z
divergent	?_M_insert_overflow@?$vector@UPrereqUnitRec@ProductionPrerequisite@@V?$allocator@UPrereqUnitRec@ProductionPrerequisite@@@_STL@@@_STL@@IAEXPAUPrereqUnitRec@ProductionPrerequisite@@ABU34@ABU__false_type@2@I_N@Z
divergent	?_M_insert_overflow@?$vector@URva0005A084Element@@V?$allocator@URva0005A084Element@@@_STL@@@_STL@@IAEXPAURva0005A084Element@@ABU3@ABU__false_type@2@I_N@Z
divergent	?_M_insert_overflow@?$vector@URva0007BB16Record@@V?$allocator@URva0007BB16Record@@@_STL@@@_STL@@IAEXPAURva0007BB16Record@@ABU3@ABU__false_type@2@I_N@Z
divergent	?_M_insert_overflow@?$vector@URva00082BE6Element@@V?$allocator@URva00082BE6Element@@@_STL@@@_STL@@IAEXPAURva00082BE6Element@@ABU3@ABU__false_type@2@I_N@Z
divergent	?_M_insert_overflow@?$vector@URva00082C1DElement@@V?$allocator@URva00082C1DElement@@@_STL@@@_STL@@IAEXPAURva00082C1DElement@@ABU3@ABU__false_type@2@I_N@Z
divergent	?_M_insert_overflow@?$vector@URva0008B689Element@@V?$allocator@URva0008B689Element@@@_STL@@@_STL@@IAEXPAURva0008B689Element@@ABU3@ABU__false_type@2@I_N@Z
divergent	?_M_insert_overflow@?$vector@URva0008DE1CElement@@V?$allocator@URva0008DE1CElement@@@_STL@@@_STL@@IAEXPAURva0008DE1CElement@@ABU3@ABU__false_type@2@I_N@Z
divergent	?_M_insert_overflow@?$vector@URva000AB3E2Element@@V?$allocator@URva000AB3E2Element@@@_STL@@@_STL@@IAEXPAURva000AB3E2Element@@ABU3@ABU__false_type@2@I_N@Z
divergent	?_M_insert_overflow@?$vector@URva000AB419Element@@V?$allocator@URva000AB419Element@@@_STL@@@_STL@@IAEXPAURva000AB419Element@@ABU3@ABU__false_type@2@I_N@Z
divergent	?_M_insert_overflow@?$vector@URva001741EBElement@@V?$allocator@URva001741EBElement@@@_STL@@@_STL@@IAEXPAURva001741EBElement@@ABU3@ABU__false_type@2@I_N@Z
divergent	?_M_insert_overflow@?$vector@URva00287F76Element@@V?$allocator@URva00287F76Element@@@_STL@@@_STL@@IAEXPAURva00287F76Element@@ABU3@ABU__false_type@2@I_N@Z
divergent	?_M_insert_overflow@?$vector@URva00336AECElement@@V?$allocator@URva00336AECElement@@@_STL@@@_STL@@IAEXPAURva00336AECElement@@ABU3@ABU__false_type@2@I_N@Z
divergent	?_M_insert_overflow@?$vector@URva0040C0C7Element@@V?$allocator@URva0040C0C7Element@@@_STL@@@_STL@@IAEXPAURva0040C0C7Element@@ABU3@ABU__false_type@2@I_N@Z
divergent	?_M_insert_overflow@?$vector@URva004E3E5AElement@@V?$allocator@URva004E3E5AElement@@@_STL@@@_STL@@IAEXPAURva004E3E5AElement@@ABU3@ABU__false_type@2@I_N@Z
divergent	?_M_insert_overflow@?$vector@URva005334A4Element@@V?$allocator@URva005334A4Element@@@_STL@@@_STL@@IAEXPAURva005334A4Element@@ABU3@ABU__false_type@2@I_N@Z
divergent	?_M_insert_overflow@?$vector@URva005C8624Element@@V?$allocator@URva005C8624Element@@@_STL@@@_STL@@IAEXPAURva005C8624Element@@ABU3@ABU__false_type@2@I_N@Z
divergent	?_M_insert_overflow@?$vector@URva00601A3AElement@@V?$allocator@URva00601A3AElement@@@_STL@@@_STL@@IAEXPAURva00601A3AElement@@ABU3@ABU__false_type@2@I_N@Z
divergent	?_M_insert_overflow@?$vector@V?$basic_string@DV?$char_traits@D@_STL@@V?$allocator@D@2@@_STL@@V?$allocator@V?$basic_string@DV?$char_traits@D@_STL@@V?$allocator@D@2@@_STL@@@2@@_STL@@IAEXPAV?$basic_string@DV?$char_traits@D@_STL@@V?$allocator@D@2@@2@ABV32@ABU__false_type@2@I_N@Z
divergent	?_M_insert_overflow@?$vector@VMoney@@V?$allocator@VMoney@@@_STL@@@_STL@@IAEXPAVMoney@@ABV3@ABU__false_type@2@I_N@Z
divergent	?_M_insert_overflow@?$vector@VProductionPrerequisite@@V?$allocator@VProductionPrerequisite@@@_STL@@@_STL@@IAEXPAVProductionPrerequisite@@ABV3@ABU__false_type@2@I_N@Z
divergent	?_M_insert_overflow@?$vector@VRva004E32F2@@V?$allocator@VRva004E32F2@@@_STL@@@_STL@@IAEXPAVRva004E32F2@@ABV3@ABU__false_type@2@I_N@Z
divergent	?_M_insert_overflow@?$vector@VW3DAnimationInfo@@V?$allocator@VW3DAnimationInfo@@@_STL@@@_STL@@IAEXPAVW3DAnimationInfo@@ABV3@ABU__false_type@2@I_N@Z
divergent	?_M_insert_overflow@?$vector@W4ObjectID@@V?$allocator@W4ObjectID@@@_STL@@@_STL@@IAEXPAW4ObjectID@@ABW43@ABU__false_type@2@I_N@Z
divergent	?_M_insert_overflow@?$vector@W4ParticleSystemID@@V?$allocator@W4ParticleSystemID@@@_STL@@@_STL@@IAEXPAW4ParticleSystemID@@ABW43@ABU__false_type@2@I_N@Z
divergent	?_M_is_any@?$_Base_bitset@$00@_STL@@QBE_NXZ
divergent	?_M_is_any@?$_Base_bitset@$01@_STL@@QBE_NXZ
divergent	?_M_is_equal@?$_Base_bitset@$03@_STL@@QBE_NABU12@@Z
divergent	?_M_lower_bound@?$_Rb_tree@$$CBV?$BitFlags@$0HF@@@U?$pair@$$CBV?$BitFlags@$0HF@@@PBUModelConditionInfo@@@_STL@@U?$_Select1st@U?$pair@$$CBV?$BitFlags@$0HF@@@PBUModelConditionInfo@@@_STL@@@3@UMapHelper@?$SparseMatchFinder@UModelConditionInfo@@V?$BitFlags@$0HF@@@@@V?$allocator@U?$pair@$$CBV?$BitFlags@$0HF@@@PBUModelConditionInfo@@@_STL@@@3@@_STL@@ABEPAU?$_Rb_tree_node@U?$pair@$$CBV?$BitFlags@$0HF@@@PBUModelConditionInfo@@@_STL@@@2@ABV?$BitFlags@$0HF@@@@Z
divergent	?_M_lower_bound@?$_Rb_tree@HU?$pair@$$CBHH@_STL@@U?$_Select1st@U?$pair@$$CBHH@_STL@@@2@U?$less@H@2@V?$allocator@U?$pair@$$CBHH@_STL@@@2@@_STL@@ABEPAU?$_Rb_tree_node@U?$pair@$$CBHH@_STL@@@2@ABH@Z
divergent	?_M_lower_bound@?$_Rb_tree@VAsciiString@@U?$pair@$$CBVAsciiString@@VMapMetaData@@@_STL@@U?$_Select1st@U?$pair@$$CBVAsciiString@@VMapMetaData@@@_STL@@@3@U?$less@VAsciiString@@@3@V?$allocator@U?$pair@$$CBVAsciiString@@VMapMetaData@@@_STL@@@3@@_STL@@ABEPAU?$_Rb_tree_node@U?$pair@$$CBVAsciiString@@VMapMetaData@@@_STL@@@2@ABVAsciiString@@@Z
divergent	?_M_lower_bound@?$_Rb_tree@VUnicodeString@@U?$pair@$$CBVUnicodeString@@_N@_STL@@U?$_Select1st@U?$pair@$$CBVUnicodeString@@_N@_STL@@@3@UUnicodeStringLessThan@@V?$allocator@U?$pair@$$CBVUnicodeString@@_N@_STL@@@3@@_STL@@ABEPAU?$_Rb_tree_node@U?$pair@$$CBVUnicodeString@@_N@_STL@@@2@ABVUnicodeString@@@Z
divergent	?_M_lower_bound@?$_Rb_tree@W4NameKeyType@@U?$pair@$$CBW4NameKeyType@@UPristineBoneInfo@@@_STL@@U?$_Select1st@U?$pair@$$CBW4NameKeyType@@UPristineBoneInfo@@@_STL@@@3@U?$less@W4NameKeyType@@@3@V?$allocator@U?$pair@$$CBW4NameKeyType@@UPristineBoneInfo@@@_STL@@@3@@_STL@@ABEPAU?$_Rb_tree_node@U?$pair@$$CBW4NameKeyType@@UPristineBoneInfo@@@_STL@@@2@ABW4NameKeyType@@@Z
divergent	?_M_new_elements_at_back@?$deque@PAXV?$allocator@PAX@_STL@@@_STL@@IAEXI@Z
divergent	?_M_new_elements_at_back@?$deque@UBfmeE12@@V?$allocator@UBfmeE12@@@_STL@@@_STL@@IAEXI@Z
divergent	?_M_new_elements_at_back@?$deque@UBfmeE8@@V?$allocator@UBfmeE8@@@_STL@@@_STL@@IAEXI@Z
divergent	?_M_new_elements_at_back@?$deque@UBfmePod16@@V?$allocator@UBfmePod16@@@_STL@@@_STL@@IAEXI@Z
divergent	?_M_new_elements_at_back@?$deque@UBfmePod20@@V?$allocator@UBfmePod20@@@_STL@@@_STL@@IAEXI@Z
divergent	?_M_new_elements_at_back@?$deque@UBfmePod28@@V?$allocator@UBfmePod28@@@_STL@@@_STL@@IAEXI@Z
divergent	?_M_new_elements_at_back@?$deque@UBfmePod492@@V?$allocator@UBfmePod492@@@_STL@@@_STL@@IAEXI@Z
divergent	?_M_new_elements_at_back@?$deque@UBfmePod840@@V?$allocator@UBfmePod840@@@_STL@@@_STL@@IAEXI@Z
divergent	?_M_new_elements_at_back@?$deque@VBuddyRequest@@V?$allocator@VBuddyRequest@@@_STL@@@_STL@@IAEXI@Z
divergent	?_M_new_elements_at_front@?$deque@PAXV?$allocator@PAX@_STL@@@_STL@@IAEXI@Z
divergent	?_M_new_elements_at_front@?$deque@UBfmeE12@@V?$allocator@UBfmeE12@@@_STL@@@_STL@@IAEXI@Z
divergent	?_M_new_elements_at_front@?$deque@UBfmeE8@@V?$allocator@UBfmeE8@@@_STL@@@_STL@@IAEXI@Z
divergent	?_M_new_elements_at_front@?$deque@UBfmePod16@@V?$allocator@UBfmePod16@@@_STL@@@_STL@@IAEXI@Z
divergent	?_M_new_elements_at_front@?$deque@UBfmePod20@@V?$allocator@UBfmePod20@@@_STL@@@_STL@@IAEXI@Z
divergent	?_M_new_elements_at_front@?$deque@UBfmePod28@@V?$allocator@UBfmePod28@@@_STL@@@_STL@@IAEXI@Z
divergent	?_M_new_elements_at_front@?$deque@UBfmePod492@@V?$allocator@UBfmePod492@@@_STL@@@_STL@@IAEXI@Z
divergent	?_M_new_elements_at_front@?$deque@UBfmePod840@@V?$allocator@UBfmePod840@@@_STL@@@_STL@@IAEXI@Z
divergent	?_M_new_elements_at_front@?$deque@VBuddyRequest@@V?$allocator@VBuddyRequest@@@_STL@@@_STL@@IAEXI@Z
divergent	?_M_new_node@?$hashtable@U?$pair@$$CBHH@_STL@@HU?$hash@H@2@U?$_Select1st@U?$pair@$$CBHH@_STL@@@2@U?$equal_to@H@2@V?$allocator@U?$pair@$$CBHH@_STL@@@2@@_STL@@AAEPAU?$_Hashtable_node@U?$pair@$$CBHH@_STL@@@2@ABU?$pair@$$CBHH@2@@Z
divergent	?_M_new_node@?$hashtable@U?$pair@$$CBHW4Relationship@@@_STL@@HU?$hash@H@2@U?$_Select1st@U?$pair@$$CBHW4Relationship@@@_STL@@@2@U?$equal_to@H@2@V?$allocator@U?$pair@$$CBHW4Relationship@@@_STL@@@2@@_STL@@AAEPAU?$_Hashtable_node@U?$pair@$$CBHW4Relationship@@@_STL@@@2@ABU?$pair@$$CBHW4Relationship@@@2@@Z
divergent	?_M_new_node@?$hashtable@U?$pair@$$CBIW4Relationship@@@_STL@@IU?$hash@I@2@U?$_Select1st@U?$pair@$$CBIW4Relationship@@@_STL@@@2@U?$equal_to@I@2@V?$allocator@U?$pair@$$CBIW4Relationship@@@_STL@@@2@@_STL@@AAEPAU?$_Hashtable_node@U?$pair@$$CBIW4Relationship@@@_STL@@@2@ABU?$pair@$$CBIW4Relationship@@@2@@Z
divergent	?_M_new_node@?$hashtable@U?$pair@$$CBVAsciiString@@PAVThingTemplate@@@_STL@@VAsciiString@@U?$hash@VAsciiString@@@rts@@U?$_Select1st@U?$pair@$$CBVAsciiString@@PAVThingTemplate@@@_STL@@@2@U?$equal_to@VAsciiString@@@5@V?$allocator@U?$pair@$$CBVAsciiString@@PAVThingTemplate@@@_STL@@@2@@_STL@@AAEPAU?$_Hashtable_node@U?$pair@$$CBVAsciiString@@PAVThingTemplate@@@_STL@@@2@ABU?$pair@$$CBVAsciiString@@PAVThingTemplate@@@2@@Z
divergent	?_M_new_node@?$hashtable@U?$pair@$$CBW4NameKeyType@@VArmorTemplate@@@_STL@@W4NameKeyType@@U?$hash@W4NameKeyType@@@rts@@U?$_Select1st@U?$pair@$$CBW4NameKeyType@@VArmorTemplate@@@_STL@@@2@U?$equal_to@W4NameKeyType@@@5@V?$allocator@U?$pair@$$CBW4NameKeyType@@VArmorTemplate@@@_STL@@@2@@_STL@@AAEPAU?$_Hashtable_node@U?$pair@$$CBW4NameKeyType@@VArmorTemplate@@@_STL@@@2@ABU?$pair@$$CBW4NameKeyType@@VArmorTemplate@@@2@@Z
divergent	?_M_next_size@?$hashtable@U?$pair@$$CBHW4Relationship@@@_STL@@HU?$hash@H@2@U?$_Select1st@U?$pair@$$CBHW4Relationship@@@_STL@@@2@U?$equal_to@H@2@V?$allocator@U?$pair@$$CBHW4Relationship@@@_STL@@@2@@_STL@@ABEII@Z
divergent	?_M_next_size@?$hashtable@U?$pair@$$CBIW4Relationship@@@_STL@@IU?$hash@I@2@U?$_Select1st@U?$pair@$$CBIW4Relationship@@@_STL@@@2@U?$equal_to@I@2@V?$allocator@U?$pair@$$CBIW4Relationship@@@_STL@@@2@@_STL@@ABEII@Z
divergent	?_M_next_size@?$hashtable@U?$pair@$$CBVAsciiString@@PAVThingTemplate@@@_STL@@VAsciiString@@U?$hash@VAsciiString@@@rts@@U?$_Select1st@U?$pair@$$CBVAsciiString@@PAVThingTemplate@@@_STL@@@2@U?$equal_to@VAsciiString@@@5@V?$allocator@U?$pair@$$CBVAsciiString@@PAVThingTemplate@@@_STL@@@2@@_STL@@ABEII@Z
divergent	?_M_next_size@?$hashtable@U?$pair@$$CBW4NameKeyType@@VDamageFX@@@_STL@@W4NameKeyType@@U?$hash@W4NameKeyType@@@rts@@U?$_Select1st@U?$pair@$$CBW4NameKeyType@@VDamageFX@@@_STL@@@2@U?$equal_to@W4NameKeyType@@@5@V?$allocator@U?$pair@$$CBW4NameKeyType@@VDamageFX@@@_STL@@@2@@_STL@@ABEII@Z
divergent	?_M_next_size@?$hashtable@U?$pair@$$CBW4NameKeyType@@VFXList@@@_STL@@W4NameKeyType@@U?$hash@W4NameKeyType@@@rts@@U?$_Select1st@U?$pair@$$CBW4NameKeyType@@VFXList@@@_STL@@@2@U?$equal_to@W4NameKeyType@@@5@V?$allocator@U?$pair@$$CBW4NameKeyType@@VFXList@@@_STL@@@2@@_STL@@ABEII@Z
divergent	?_M_pop_back_aux@?$deque@PAXV?$allocator@PAX@_STL@@@_STL@@IAEXXZ
divergent	?_M_pop_back_aux@?$deque@UBfmeE8@@V?$allocator@UBfmeE8@@@_STL@@@_STL@@IAEXXZ
divergent	?_M_pop_front_aux@?$deque@PAXV?$allocator@PAX@_STL@@@_STL@@IAEXXZ
divergent	?_M_pop_front_aux@?$deque@UBfmeE8@@V?$allocator@UBfmeE8@@@_STL@@@_STL@@IAEXXZ
divergent	?_M_push_back_aux@?$deque@PAXV?$allocator@PAX@_STL@@@_STL@@IAEXXZ
divergent	?_M_push_back_aux@?$deque@UBfmeE8@@V?$allocator@UBfmeE8@@@_STL@@@_STL@@IAEXXZ
divergent	?_M_push_back_aux_v@?$deque@PAVSightingInfo@@V?$allocator@PAVSightingInfo@@@_STL@@@_STL@@IAEXABQAVSightingInfo@@@Z
divergent	?_M_push_back_aux_v@?$deque@PAXV?$allocator@PAX@_STL@@@_STL@@IAEXABQAX@Z
divergent	?_M_push_back_aux_v@?$deque@UBfmeE8@@V?$allocator@UBfmeE8@@@_STL@@@_STL@@IAEXABUBfmeE8@@@Z
divergent	?_M_push_back_aux_v@?$deque@UBfmeNarrowRecord0054FEF1@@V?$allocator@UBfmeNarrowRecord0054FEF1@@@_STL@@@_STL@@IAEXABUBfmeNarrowRecord0054FEF1@@@Z
divergent	?_M_push_back_aux_v@?$deque@UBfmeOpaqueOwnedRecord492@@V?$allocator@UBfmeOpaqueOwnedRecord492@@@_STL@@@_STL@@IAEXABUBfmeOpaqueOwnedRecord492@@@Z
divergent	?_M_push_back_aux_v@?$deque@UBfmeOpaqueOwnedRecord840@@V?$allocator@UBfmeOpaqueOwnedRecord840@@@_STL@@@_STL@@IAEXABUBfmeOpaqueOwnedRecord840@@@Z
divergent	?_M_push_back_aux_v@?$deque@UGen_t_00595870_p12cd@@V?$allocator@UGen_t_00595870_p12cd@@@_STL@@@_STL@@IAEXABUGen_t_00595870_p12cd@@@Z
divergent	?_M_push_back_aux_v@?$deque@V?$deque@UBfmeWordValue4@@V?$allocator@UBfmeWordValue4@@@_STL@@@_STL@@V?$allocator@V?$deque@UBfmeWordValue4@@V?$allocator@UBfmeWordValue4@@@_STL@@@_STL@@@2@@_STL@@IAEXABV?$deque@UBfmeWordValue4@@V?$allocator@UBfmeWordValue4@@@_STL@@@2@@Z
divergent	?_M_push_back_aux_v@?$deque@V?$deque@V?$deque@UBfmeWordValue4@@V?$allocator@UBfmeWordValue4@@@_STL@@@_STL@@V?$allocator@V?$deque@UBfmeWordValue4@@V?$allocator@UBfmeWordValue4@@@_STL@@@_STL@@@2@@_STL@@V?$allocator@V?$deque@V?$deque@UBfmeWordValue4@@V?$allocator@UBfmeWordValue4@@@_STL@@@_STL@@V?$allocator@V?$deque@UBfmeWordValue4@@V?$allocator@UBfmeWordValue4@@@_STL@@@_STL@@@2@@_STL@@@2@@_STL@@IAEXABV?$deque@V?$deque@UBfmeWordValue4@@V?$allocator@UBfmeWordValue4@@@_STL@@@_STL@@V?$allocator@V?$deque@UBfmeWordValue4@@V?$allocator@UBfmeWordValue4@@@_STL@@@_STL@@@2@@2@@Z
divergent	?_M_push_back_aux_v@?$deque@VBuddyResponse@@V?$allocator@VBuddyResponse@@@_STL@@@_STL@@IAEXABVBuddyResponse@@@Z
divergent	?_M_push_front_aux@?$deque@PAXV?$allocator@PAX@_STL@@@_STL@@IAEXXZ
divergent	?_M_push_front_aux@?$deque@UBfmeE8@@V?$allocator@UBfmeE8@@@_STL@@@_STL@@IAEXXZ
divergent	?_M_push_front_aux_v@?$deque@PAXV?$allocator@PAX@_STL@@@_STL@@IAEXABQAX@Z
divergent	?_M_push_front_aux_v@?$deque@UBfmeE8@@V?$allocator@UBfmeE8@@@_STL@@@_STL@@IAEXABUBfmeE8@@@Z
divergent	?_M_put_char@?$basic_ostream@DV?$char_traits@D@_STL@@@_STL@@QAEXD@Z
divergent	?_M_put_nowiden@?$basic_ostream@DV?$char_traits@D@_STL@@@_STL@@QAEXPBD@Z
divergent	?_M_put_widen@?$basic_ostream@DV?$char_traits@D@_STL@@@_STL@@QAEXPBD@Z
divergent	?_M_put_widen_aux@?$basic_ostream@DV?$char_traits@D@_STL@@@_STL@@QAE_NPBDH@Z
divergent	?_M_range_check@?$deque@PAXV?$allocator@PAX@_STL@@@_STL@@QBEXI@Z
divergent	?_M_range_check@?$deque@UBfmeE8@@V?$allocator@UBfmeE8@@@_STL@@@_STL@@QBEXI@Z
divergent	?_M_range_check@?$vector@HV?$allocator@H@_STL@@@_STL@@IBEXI@Z
divergent	?_M_range_check@?$vector@PAXV?$allocator@PAX@_STL@@@_STL@@IBEXI@Z
divergent	?_M_range_check@?$vector@UAngleFXInfo@@V?$allocator@UAngleFXInfo@@@_STL@@@_STL@@IBEXI@Z
divergent	?_M_range_check@?$vector@UBfmePod36@@V?$allocator@UBfmePod36@@@_STL@@@_STL@@IBEXI@Z
divergent	?_M_range_check@?$vector@_NV?$allocator@_N@_STL@@@_STL@@QBEXI@Z
divergent	?_M_reallocate_map@?$deque@PAVSightingInfo@@V?$allocator@PAVSightingInfo@@@_STL@@@_STL@@IAEXI_N@Z
divergent	?_M_reallocate_map@?$deque@PAXV?$allocator@PAX@_STL@@@_STL@@IAEXI_N@Z
divergent	?_M_reserve_elements_at_back@?$deque@PAXV?$allocator@PAX@_STL@@@_STL@@IAE?AU?$_Deque_iterator@PAXU?$_Nonconst_traits@PAX@_STL@@@2@I@Z
divergent	?_M_reserve_elements_at_back@?$deque@UBfmeE8@@V?$allocator@UBfmeE8@@@_STL@@@_STL@@IAE?AU?$_Deque_iterator@UBfmeE8@@U?$_Nonconst_traits@UBfmeE8@@@_STL@@@2@I@Z
divergent	?_M_reserve_elements_at_front@?$deque@PAXV?$allocator@PAX@_STL@@@_STL@@IAE?AU?$_Deque_iterator@PAXU?$_Nonconst_traits@PAX@_STL@@@2@I@Z
divergent	?_M_reserve_elements_at_front@?$deque@UBfmeE8@@V?$allocator@UBfmeE8@@@_STL@@@_STL@@IAE?AU?$_Deque_iterator@UBfmeE8@@U?$_Nonconst_traits@UBfmeE8@@@_STL@@@2@I@Z
divergent	?_M_reserve_map_at_back@?$deque@PAVSightingInfo@@V?$allocator@PAVSightingInfo@@@_STL@@@_STL@@IAEXI@Z
divergent	?_M_reserve_map_at_back@?$deque@PAXV?$allocator@PAX@_STL@@@_STL@@IAEXI@Z
divergent	?_M_reserve_map_at_back@?$deque@VBuddyResponse@@V?$allocator@VBuddyResponse@@@_STL@@@_STL@@IAEXI@Z
divergent	?_M_reserve_map_at_front@?$deque@PAXV?$allocator@PAX@_STL@@@_STL@@IAEXI@Z
divergent	?_M_reserve_map_at_front@?$deque@UBfmeE8@@V?$allocator@UBfmeE8@@@_STL@@@_STL@@IAEXI@Z
divergent	?_M_seek_init@?$basic_filebuf@GV?$char_traits@G@_STL@@@_STL@@AAE_N_N@Z
divergent	?_M_seek_return@?$basic_filebuf@DV?$char_traits@D@_STL@@@_STL@@AAE?AV?$fpos@H@2@JH@Z
divergent	?_M_seek_return@?$basic_filebuf@GV?$char_traits@G@_STL@@@_STL@@AAE?AV?$fpos@H@2@JH@Z
divergent	?_M_set@?$vector@EV?$allocator@E@_STL@@@_STL@@IAEXPAE00@Z
divergent	?_M_set@?$vector@HV?$allocator@H@_STL@@@_STL@@IAEXPAH00@Z
divergent	?_M_set@?$vector@PAVDrawable@@V?$allocator@PAVDrawable@@@_STL@@@_STL@@IAEXPAPAVDrawable@@00@Z
divergent	?_M_set@?$vector@PBVModuleData@@V?$allocator@PBVModuleData@@@_STL@@@_STL@@IAEXPAPBVModuleData@@00@Z
divergent	?_M_set@?$vector@PBVObjectCreationList@@V?$allocator@PBVObjectCreationList@@@_STL@@@_STL@@IAEXPAPBVObjectCreationList@@00@Z
divergent	?_M_set@?$vector@UBfmePod36@@V?$allocator@UBfmePod36@@@_STL@@@_STL@@IAEXPAUBfmePod36@@00@Z
divergent	?_M_set@?$vector@UCoord3D@@V?$allocator@UCoord3D@@@_STL@@@_STL@@IAEXPAUCoord3D@@00@Z
divergent	?_M_set@?$vector@UICoord2D@@V?$allocator@UICoord2D@@@_STL@@@_STL@@IAEXPAUICoord2D@@00@Z
divergent	?_M_set@?$vector@UNugget@ModuleInfo@@V?$allocator@UNugget@ModuleInfo@@@_STL@@@_STL@@IAEXPAUNugget@ModuleInfo@@00@Z
divergent	?_M_set@?$vector@URva001504A1Record@@V?$allocator@URva001504A1Record@@@_STL@@@_STL@@IAEXPAURva001504A1Record@@00@Z
divergent	?_M_set@?$vector@VAsciiString@@V?$allocator@VAsciiString@@@_STL@@@_STL@@IAEXPAVAsciiString@@00@Z
divergent	?_M_set@?$vector@VRva00568A20@@V?$allocator@VRva00568A20@@@_STL@@@_STL@@IAEXPAVRva00568A20@@00@Z
divergent	?_M_set@?$vector@VW3DAnimationInfo@@V?$allocator@VW3DAnimationInfo@@@_STL@@@_STL@@IAEXPAVW3DAnimationInfo@@00@Z
divergent	?_M_set@?$vector@W4ScienceType@@V?$allocator@W4ScienceType@@@_STL@@@_STL@@IAEXPAW4ScienceType@@00@Z
divergent	?_M_set_node@?$_Deque_iterator_base@PAVLightPoint@@@_STL@@QAEXPAPAPAVLightPoint@@@Z
divergent	?_M_set_ptrs@?$basic_stringbuf@DV?$char_traits@D@_STL@@V?$allocator@D@2@@_STL@@AAEXXZ
divergent	?_M_setup_codecvt@?$basic_filebuf@DV?$char_traits@D@_STL@@@_STL@@AAEXABVlocale@2@@Z
divergent	?_M_setup_codecvt@?$basic_filebuf@GV?$char_traits@G@_STL@@@_STL@@AAEXABVlocale@2@@Z
divergent	?_M_subtract@?$_Deque_iterator_base@PAVSightingInfo@@@_STL@@QBEHABU12@@Z
divergent	?_M_subtract@?$_Deque_iterator_base@PAX@_STL@@QBEHABU12@@Z
divergent	?_M_subtract@?$_Deque_iterator_base@UBfmePod20@@@_STL@@QBEHABU12@@Z
divergent	?_M_switch_to_input_mode@?$basic_filebuf@GV?$char_traits@G@_STL@@@_STL@@AAE_NXZ
divergent	?_M_switch_to_output_mode@?$basic_filebuf@DV?$char_traits@D@_STL@@@_STL@@AAE_NXZ
divergent	?_M_switch_to_output_mode@?$basic_filebuf@GV?$char_traits@G@_STL@@@_STL@@AAE_NXZ
divergent	?_M_terminate_string_aux@?$basic_string@GV?$char_traits@G@_STL@@V?$allocator@G@2@@_STL@@AAEXABU__true_type@2@@Z
divergent	?_M_throw_length_error@?$_String_base@DV?$allocator@D@_STL@@@_STL@@QBEXXZ
divergent	?_M_throw_out_of_range@?$_String_base@DV?$allocator@D@_STL@@@_STL@@QBEXXZ
divergent	?_M_underflow_aux@?$basic_filebuf@DV?$char_traits@D@_STL@@@_STL@@AAEHXZ
divergent	?_M_underflow_aux@?$basic_filebuf@GV?$char_traits@G@_STL@@@_STL@@AAEGXZ
divergent	?_M_upper_bound@?$_Rb_tree@HU?$pair@$$CBHH@_STL@@U?$_Select1st@U?$pair@$$CBHH@_STL@@@2@U?$less@H@2@V?$allocator@U?$pair@$$CBHH@_STL@@@2@@_STL@@ABEPAU?$_Rb_tree_node@U?$pair@$$CBHH@_STL@@@2@ABH@Z
divergent	?_M_upper_bound@?$_Rb_tree@VAsciiString@@U?$pair@$$CBVAsciiString@@VMapMetaData@@@_STL@@U?$_Select1st@U?$pair@$$CBVAsciiString@@VMapMetaData@@@_STL@@@3@U?$less@VAsciiString@@@3@V?$allocator@U?$pair@$$CBVAsciiString@@VMapMetaData@@@_STL@@@3@@_STL@@ABEPAU?$_Rb_tree_node@U?$pair@$$CBVAsciiString@@VMapMetaData@@@_STL@@@2@ABVAsciiString@@@Z
divergent	?_M_xsputnc@?$basic_stringbuf@DV?$char_traits@D@_STL@@V?$allocator@D@2@@_STL@@MAEHDH@Z
divergent	?_Ret@?$_BothPtrType@PADPAD@_STL@@SA?AU__true_type@2@XZ
divergent	?_Ret@?$_BothPtrType@PAEPAE@_STL@@SA?AU__true_type@2@XZ
divergent	?_Ret@?$_BothPtrType@PAGPAG@_STL@@SA?AU__true_type@2@XZ
divergent	?_Ret@?$_BothPtrType@PAHPAH@_STL@@SA?AU__true_type@2@XZ
divergent	?_Ret@?$_BothPtrType@PAPAUBfmeE8@@PAPAU1@@_STL@@SA?AU__true_type@2@XZ
divergent	?_Ret@?$_BothPtrType@PAPAVDrawable@@PAPAV1@@_STL@@SA?AU__true_type@2@XZ
divergent	?_Ret@?$_BothPtrType@PAPAXPAPAX@_STL@@SA?AU__true_type@2@XZ
divergent	?_Ret@?$_BothPtrType@PAU?$pair@W4ObjectID@@I@_STL@@PAU12@@_STL@@SA?AU__true_type@2@XZ
divergent	?_Ret@?$_BothPtrType@PBDPAD@_STL@@SA?AU__true_type@2@XZ
divergent	?_Ret@?$_BothPtrType@PBHPAH@_STL@@SA?AU__true_type@2@XZ
divergent	?_Ret@?$_BothPtrType@PBQAXPAPAX@_STL@@SA?AU__true_type@2@XZ
divergent	?_Ret@?$_BothPtrType@U?$_Bit_iter@U_Bit_reference@_STL@@PAU12@@_STL@@U12@@_STL@@SA?AU__false_type@2@XZ
divergent	?_Ret@?$_BothPtrType@U?$_Bit_iter@_NPB_N@_STL@@U?$_Bit_iter@U_Bit_reference@_STL@@PAU12@@2@@_STL@@SA?AU__false_type@2@XZ
divergent	?_Ret@?$_BothPtrType@U?$_Deque_iterator@UBfmeE8@@U?$_Const_traits@UBfmeE8@@@_STL@@@_STL@@U?$_Deque_iterator@UBfmeE8@@U?$_Nonconst_traits@UBfmeE8@@@_STL@@@2@@_STL@@SA?AU__false_type@2@XZ
divergent	?_Ret@?$_BothPtrType@U?$_Deque_iterator@UBfmeE8@@U?$_Nonconst_traits@UBfmeE8@@@_STL@@@_STL@@U12@@_STL@@SA?AU__false_type@2@XZ
divergent	?_Ret@?$_OKToMemCpy@DD@_STL@@SA?AU__true_type@2@XZ
divergent	?_Ret@?$_OKToMemCpy@EE@_STL@@SA?AU__true_type@2@XZ
divergent	?_Ret@?$_OKToMemCpy@GG@_STL@@SA?AU__true_type@2@XZ
divergent	?_Ret@?$_OKToMemCpy@HH@_STL@@SA?AU__true_type@2@XZ
divergent	?_Ret@?$_OKToMemCpy@II@_STL@@SA?AU__true_type@2@XZ
divergent	?_Ret@?$_OKToMemCpy@PAUBfmeE8@@PAU1@@_STL@@SA?AU__true_type@2@XZ
divergent	?_Ret@?$_OKToMemCpy@PAVDrawable@@PAV1@@_STL@@SA?AU__true_type@2@XZ
divergent	?_Ret@?$_OKToMemCpy@PAXPAX@_STL@@SA?AU__true_type@2@XZ
divergent	?_Ret@?$_OKToMemCpy@U?$pair@W4ObjectID@@I@_STL@@U12@@_STL@@SA?AU__false_type@2@XZ
divergent	?_S_key@?$_Rb_tree@HHU?$_Identity@H@_STL@@U?$less@H@2@V?$allocator@H@2@@_STL@@KAABHPAU?$_Rb_tree_node@H@2@@Z
divergent	?_S_key@?$_Rb_tree@HHU?$_Identity@H@_STL@@U?$less@H@2@V?$allocator@H@2@@_STL@@KAABHPAU_Rb_tree_node_base@2@@Z
divergent	?_S_key@?$_Rb_tree@HU?$pair@$$CBHH@_STL@@U?$_Select1st@U?$pair@$$CBHH@_STL@@@2@U?$less@H@2@V?$allocator@U?$pair@$$CBHH@_STL@@@2@@_STL@@KAABHPAU?$_Rb_tree_node@U?$pair@$$CBHH@_STL@@@2@@Z
divergent	?_S_key@?$_Rb_tree@PAURva001408C0Target@@PAU1@U?$_Identity@PAURva001408C0Target@@@_STL@@U?$less@PAURva001408C0Target@@@3@V?$allocator@PAURva001408C0Target@@@3@@_STL@@KAABQAURva001408C0Target@@PAU?$_Rb_tree_node@PAURva001408C0Target@@@2@@Z
divergent	?_S_key@?$_Rb_tree@PAURva001408C0Target@@PAU1@U?$_Identity@PAURva001408C0Target@@@_STL@@U?$less@PAURva001408C0Target@@@3@V?$allocator@PAURva001408C0Target@@@3@@_STL@@KAABQAURva001408C0Target@@PAU_Rb_tree_node_base@2@@Z
divergent	?_S_key@?$_Rb_tree@VAsciiString@@V1@U?$_Identity@VAsciiString@@@_STL@@U?$less@VAsciiString@@@3@V?$allocator@VAsciiString@@@3@@_STL@@KAABVAsciiString@@PAU?$_Rb_tree_node@VAsciiString@@@2@@Z
divergent	?_S_key@?$_Rb_tree@VAsciiString@@V1@U?$_Identity@VAsciiString@@@_STL@@U?$less@VAsciiString@@@3@V?$allocator@VAsciiString@@@3@@_STL@@KAABVAsciiString@@PAU_Rb_tree_node_base@2@@Z
divergent	?_S_key@?$_Rb_tree@VUnicodeString@@U?$pair@$$CBVUnicodeString@@_N@_STL@@U?$_Select1st@U?$pair@$$CBVUnicodeString@@_N@_STL@@@3@UUnicodeStringLessThan@@V?$allocator@U?$pair@$$CBVUnicodeString@@_N@_STL@@@3@@_STL@@KAABVUnicodeString@@PAU?$_Rb_tree_node@U?$pair@$$CBVUnicodeString@@_N@_STL@@@2@@Z
divergent	?_S_left@?$_Rb_tree@HHU?$_Identity@H@_STL@@U?$less@H@2@V?$allocator@H@2@@_STL@@KAAAPAU?$_Rb_tree_node@H@2@PAU32@@Z
divergent	?_S_left@?$_Rb_tree@PAURva001408C0Target@@PAU1@U?$_Identity@PAURva001408C0Target@@@_STL@@U?$less@PAURva001408C0Target@@@3@V?$allocator@PAURva001408C0Target@@@3@@_STL@@KAAAPAU?$_Rb_tree_node@PAURva001408C0Target@@@2@PAU32@@Z
divergent	?_S_left@?$_Rb_tree@VAsciiString@@V1@U?$_Identity@VAsciiString@@@_STL@@U?$less@VAsciiString@@@3@V?$allocator@VAsciiString@@@3@@_STL@@KAAAPAU?$_Rb_tree_node@VAsciiString@@@2@PAU32@@Z
divergent	?_S_left@?$_Rb_tree@VUnicodeString@@U?$pair@$$CBVUnicodeString@@_N@_STL@@U?$_Select1st@U?$pair@$$CBVUnicodeString@@_N@_STL@@@3@UUnicodeStringLessThan@@V?$allocator@U?$pair@$$CBVUnicodeString@@_N@_STL@@@3@@_STL@@KAAAPAU?$_Rb_tree_node@U?$pair@$$CBVUnicodeString@@_N@_STL@@@2@PAU32@@Z
divergent	?_S_maskbit@?$_Base_bitset@$00@_STL@@SAKI@Z
divergent	?_S_maskbit@?$_Base_bitset@$01@_STL@@SAKI@Z
divergent	?_S_maximum@?$_Rb_tree@$$CBV?$BitFlags@$0BB@@@U?$pair@$$CBV?$BitFlags@$0BB@@@PBVWeaponTemplateSet@@@_STL@@U?$_Select1st@U?$pair@$$CBV?$BitFlags@$0BB@@@PBVWeaponTemplateSet@@@_STL@@@3@UMapHelper@?$SparseMatchFinder@VWeaponTemplateSet@@V?$BitFlags@$0BB@@@@@V?$allocator@U?$pair@$$CBV?$BitFlags@$0BB@@@PBVWeaponTemplateSet@@@_STL@@@3@@_STL@@KAPAU?$_Rb_tree_node@U?$pair@$$CBV?$BitFlags@$0BB@@@PBVWeaponTemplateSet@@@_STL@@@2@PAU32@@Z
divergent	?_S_maximum@?$_Rb_tree@$$CBV?$BitFlags@$0L@@@U?$pair@$$CBV?$BitFlags@$0L@@@PBVArmorTemplateSet@@@_STL@@U?$_Select1st@U?$pair@$$CBV?$BitFlags@$0L@@@PBVArmorTemplateSet@@@_STL@@@3@UMapHelper@?$SparseMatchFinder@VArmorTemplateSet@@V?$BitFlags@$0L@@@@@V?$allocator@U?$pair@$$CBV?$BitFlags@$0L@@@PBVArmorTemplateSet@@@_STL@@@3@@_STL@@KAPAU?$_Rb_tree_node@U?$pair@$$CBV?$BitFlags@$0L@@@PBVArmorTemplateSet@@@_STL@@@2@PAU32@@Z
divergent	?_S_maximum@?$_Rb_tree@HU?$pair@$$CBHH@_STL@@U?$_Select1st@U?$pair@$$CBHH@_STL@@@2@U?$less@H@2@V?$allocator@U?$pair@$$CBHH@_STL@@@2@@_STL@@KAPAU?$_Rb_tree_node@U?$pair@$$CBHH@_STL@@@2@PAU32@@Z
divergent	?_S_maximum@?$_Rb_tree@VAsciiString@@U?$pair@$$CBVAsciiString@@PBVFXList@@@_STL@@U?$_Select1st@U?$pair@$$CBVAsciiString@@PBVFXList@@@_STL@@@3@U?$less@VAsciiString@@@3@V?$allocator@U?$pair@$$CBVAsciiString@@PBVFXList@@@_STL@@@3@@_STL@@KAPAU?$_Rb_tree_node@U?$pair@$$CBVAsciiString@@PBVFXList@@@_STL@@@2@PAU32@@Z
divergent	?_S_maximum@?$_Rb_tree@VAsciiString@@U?$pair@$$CBVAsciiString@@UCoord3D@@@_STL@@U?$_Select1st@U?$pair@$$CBVAsciiString@@UCoord3D@@@_STL@@@3@U?$less@VAsciiString@@@3@V?$allocator@U?$pair@$$CBVAsciiString@@UCoord3D@@@_STL@@@3@@_STL@@KAPAU?$_Rb_tree_node@U?$pair@$$CBVAsciiString@@UCoord3D@@@_STL@@@2@PAU32@@Z
divergent	?_S_maximum@?$_Rb_tree@VAsciiString@@U?$pair@$$CBVAsciiString@@VAudioEventRTS@@@_STL@@U?$_Select1st@U?$pair@$$CBVAsciiString@@VAudioEventRTS@@@_STL@@@3@U?$less@VAsciiString@@@3@V?$allocator@U?$pair@$$CBVAsciiString@@VAudioEventRTS@@@_STL@@@3@@_STL@@KAPAU?$_Rb_tree_node@U?$pair@$$CBVAsciiString@@VAudioEventRTS@@@_STL@@@2@PAU32@@Z
divergent	?_S_maximum@?$_Rb_tree@W4NameKeyType@@U?$pair@$$CBW4NameKeyType@@UPristineBoneInfo@@@_STL@@U?$_Select1st@U?$pair@$$CBW4NameKeyType@@UPristineBoneInfo@@@_STL@@@3@U?$less@W4NameKeyType@@@3@V?$allocator@U?$pair@$$CBW4NameKeyType@@UPristineBoneInfo@@@_STL@@@3@@_STL@@KAPAU?$_Rb_tree_node@U?$pair@$$CBW4NameKeyType@@UPristineBoneInfo@@@_STL@@@2@PAU32@@Z
divergent	?_S_minimum@?$_Rb_tree@$$CBV?$BitFlags@$0BB@@@U?$pair@$$CBV?$BitFlags@$0BB@@@PBVWeaponTemplateSet@@@_STL@@U?$_Select1st@U?$pair@$$CBV?$BitFlags@$0BB@@@PBVWeaponTemplateSet@@@_STL@@@3@UMapHelper@?$SparseMatchFinder@VWeaponTemplateSet@@V?$BitFlags@$0BB@@@@@V?$allocator@U?$pair@$$CBV?$BitFlags@$0BB@@@PBVWeaponTemplateSet@@@_STL@@@3@@_STL@@KAPAU?$_Rb_tree_node@U?$pair@$$CBV?$BitFlags@$0BB@@@PBVWeaponTemplateSet@@@_STL@@@2@PAU32@@Z
divergent	?_S_minimum@?$_Rb_tree@$$CBV?$BitFlags@$0L@@@U?$pair@$$CBV?$BitFlags@$0L@@@PBVArmorTemplateSet@@@_STL@@U?$_Select1st@U?$pair@$$CBV?$BitFlags@$0L@@@PBVArmorTemplateSet@@@_STL@@@3@UMapHelper@?$SparseMatchFinder@VArmorTemplateSet@@V?$BitFlags@$0L@@@@@V?$allocator@U?$pair@$$CBV?$BitFlags@$0L@@@PBVArmorTemplateSet@@@_STL@@@3@@_STL@@KAPAU?$_Rb_tree_node@U?$pair@$$CBV?$BitFlags@$0L@@@PBVArmorTemplateSet@@@_STL@@@2@PAU32@@Z
divergent	?_S_minimum@?$_Rb_tree@HU?$pair@$$CBHH@_STL@@U?$_Select1st@U?$pair@$$CBHH@_STL@@@2@U?$less@H@2@V?$allocator@U?$pair@$$CBHH@_STL@@@2@@_STL@@KAPAU?$_Rb_tree_node@U?$pair@$$CBHH@_STL@@@2@PAU32@@Z
divergent	?_S_minimum@?$_Rb_tree@VAsciiString@@U?$pair@$$CBVAsciiString@@PBVFXList@@@_STL@@U?$_Select1st@U?$pair@$$CBVAsciiString@@PBVFXList@@@_STL@@@3@U?$less@VAsciiString@@@3@V?$allocator@U?$pair@$$CBVAsciiString@@PBVFXList@@@_STL@@@3@@_STL@@KAPAU?$_Rb_tree_node@U?$pair@$$CBVAsciiString@@PBVFXList@@@_STL@@@2@PAU32@@Z
divergent	?_S_minimum@?$_Rb_tree@VAsciiString@@U?$pair@$$CBVAsciiString@@UCoord3D@@@_STL@@U?$_Select1st@U?$pair@$$CBVAsciiString@@UCoord3D@@@_STL@@@3@U?$less@VAsciiString@@@3@V?$allocator@U?$pair@$$CBVAsciiString@@UCoord3D@@@_STL@@@3@@_STL@@KAPAU?$_Rb_tree_node@U?$pair@$$CBVAsciiString@@UCoord3D@@@_STL@@@2@PAU32@@Z
divergent	?_S_minimum@?$_Rb_tree@VAsciiString@@U?$pair@$$CBVAsciiString@@VAudioEventRTS@@@_STL@@U?$_Select1st@U?$pair@$$CBVAsciiString@@VAudioEventRTS@@@_STL@@@3@U?$less@VAsciiString@@@3@V?$allocator@U?$pair@$$CBVAsciiString@@VAudioEventRTS@@@_STL@@@3@@_STL@@KAPAU?$_Rb_tree_node@U?$pair@$$CBVAsciiString@@VAudioEventRTS@@@_STL@@@2@PAU32@@Z
divergent	?_S_minimum@?$_Rb_tree@W4NameKeyType@@U?$pair@$$CBW4NameKeyType@@UPristineBoneInfo@@@_STL@@U?$_Select1st@U?$pair@$$CBW4NameKeyType@@UPristineBoneInfo@@@_STL@@@3@U?$less@W4NameKeyType@@@3@V?$allocator@U?$pair@$$CBW4NameKeyType@@UPristineBoneInfo@@@_STL@@@3@@_STL@@KAPAU?$_Rb_tree_node@U?$pair@$$CBW4NameKeyType@@UPristineBoneInfo@@@_STL@@@2@PAU32@@Z
divergent	?_S_parent@?$_Rb_tree@HHU?$_Identity@H@_STL@@U?$less@H@2@V?$allocator@H@2@@_STL@@KAAAPAU?$_Rb_tree_node@H@2@PAU32@@Z
divergent	?_S_parent@?$_Rb_tree@PAURva001408C0Target@@PAU1@U?$_Identity@PAURva001408C0Target@@@_STL@@U?$less@PAURva001408C0Target@@@3@V?$allocator@PAURva001408C0Target@@@3@@_STL@@KAAAPAU?$_Rb_tree_node@PAURva001408C0Target@@@2@PAU32@@Z
divergent	?_S_parent@?$_Rb_tree@VAsciiString@@V1@U?$_Identity@VAsciiString@@@_STL@@U?$less@VAsciiString@@@3@V?$allocator@VAsciiString@@@3@@_STL@@KAAAPAU?$_Rb_tree_node@VAsciiString@@@2@PAU32@@Z
divergent	?_S_refill@?$__node_alloc@$00$0A@@_STL@@CAPAXI@Z
divergent	?_S_right@?$_Rb_tree@HHU?$_Identity@H@_STL@@U?$less@H@2@V?$allocator@H@2@@_STL@@KAAAPAU?$_Rb_tree_node@H@2@PAU32@@Z
divergent	?_S_right@?$_Rb_tree@PAURva001408C0Target@@PAU1@U?$_Identity@PAURva001408C0Target@@@_STL@@U?$less@PAURva001408C0Target@@@3@V?$allocator@PAURva001408C0Target@@@3@@_STL@@KAAAPAU?$_Rb_tree_node@PAURva001408C0Target@@@2@PAU32@@Z
divergent	?_S_right@?$_Rb_tree@VAsciiString@@V1@U?$_Identity@VAsciiString@@@_STL@@U?$less@VAsciiString@@@3@V?$allocator@VAsciiString@@@3@@_STL@@KAAAPAU?$_Rb_tree_node@VAsciiString@@@2@PAU32@@Z
divergent	?_S_right@?$_Rb_tree@VAsciiString@@V1@U?$_Identity@VAsciiString@@@_STL@@U?$less@VAsciiString@@@3@V?$allocator@VAsciiString@@@3@@_STL@@KAAAPAU?$_Rb_tree_node@VAsciiString@@@2@PAU_Rb_tree_node_base@2@@Z
divergent	?_S_right@?$_Rb_tree@VUnicodeString@@U?$pair@$$CBVUnicodeString@@_N@_STL@@U?$_Select1st@U?$pair@$$CBVUnicodeString@@_N@_STL@@@3@UUnicodeStringLessThan@@V?$allocator@U?$pair@$$CBVUnicodeString@@_N@_STL@@@3@@_STL@@KAAAPAU?$_Rb_tree_node@U?$pair@$$CBVUnicodeString@@_N@_STL@@@2@PAU32@@Z
divergent	?_S_value@?$_Rb_tree@HHU?$_Identity@H@_STL@@U?$less@H@2@V?$allocator@H@2@@_STL@@KAAAHPAU?$_Rb_tree_node@H@2@@Z
divergent	?_S_value@?$_Rb_tree@HU?$pair@$$CBHH@_STL@@U?$_Select1st@U?$pair@$$CBHH@_STL@@@2@U?$less@H@2@V?$allocator@U?$pair@$$CBHH@_STL@@@2@@_STL@@KAAAU?$pair@$$CBHH@2@PAU?$_Rb_tree_node@U?$pair@$$CBHH@_STL@@@2@@Z
divergent	?_S_value@?$_Rb_tree@PAURva001408C0Target@@PAU1@U?$_Identity@PAURva001408C0Target@@@_STL@@U?$less@PAURva001408C0Target@@@3@V?$allocator@PAURva001408C0Target@@@3@@_STL@@KAAAPAURva001408C0Target@@PAU?$_Rb_tree_node@PAURva001408C0Target@@@2@@Z
divergent	?_S_value@?$_Rb_tree@VAsciiString@@V1@U?$_Identity@VAsciiString@@@_STL@@U?$less@VAsciiString@@@3@V?$allocator@VAsciiString@@@3@@_STL@@KAAAVAsciiString@@PAU?$_Rb_tree_node@VAsciiString@@@2@@Z
divergent	?_S_value@?$_Rb_tree@VUnicodeString@@U?$pair@$$CBVUnicodeString@@_N@_STL@@U?$_Select1st@U?$pair@$$CBVUnicodeString@@_N@_STL@@@3@UUnicodeStringLessThan@@V?$allocator@U?$pair@$$CBVUnicodeString@@_N@_STL@@@3@@_STL@@KAAAU?$pair@$$CBVUnicodeString@@_N@2@PAU?$_Rb_tree_node@U?$pair@$$CBVUnicodeString@@_N@_STL@@@2@@Z
divergent	?_Unchecked_set@?$bitset@$0CN@@_STL@@QAEAAV12@I@Z
divergent	?_Unchecked_set@?$bitset@$0HE@@_STL@@QAEAAV12@I@Z
divergent	?_Unchecked_set@?$bitset@$0HE@@_STL@@QAEAAV12@IH@Z
divergent	?_Unchecked_set@?$bitset@$0HF@@_STL@@QAEAAV12@I@Z
divergent	?_Unchecked_set@?$bitset@$0HF@@_STL@@QAEAAV12@IH@Z
divergent	?_Unchecked_test@?$bitset@$0BB@@_STL@@QBE_NI@Z
divergent	?_Unchecked_test@?$bitset@$0CG@@_STL@@QBE_NI@Z
divergent	?_Unchecked_test@?$bitset@$0CN@@_STL@@QBE_NI@Z
divergent	?_Unchecked_test@?$bitset@$0HE@@_STL@@QBE_NI@Z
divergent	?_Unchecked_test@?$bitset@$0HF@@_STL@@QBE_NI@Z
divergent	?_Unchecked_test@?$bitset@$0N@@_STL@@QBE_NI@Z
divergent	?__stl_delete@_STL@@YAXPAX@Z
divergent	?__stl_new@_STL@@YAPAXI@Z
divergent	?_bfme_ro_flag110@RenderObjClass@@UAEXH@Z
divergent	?_bfme_ro_flag112@RenderObjClass@@UAEXH@Z
divergent	?_bfme_ro_flag114@RenderObjClass@@UAEXH@Z
divergent	?_bfme_ro_flag116@RenderObjClass@@UAEXH@Z
divergent	?_bfme_ro_v28@RenderObjClass@@UBEHXZ
divergent	?acos@@YAMM@Z
divergent	?add@Coord3D@@QAEXPBU1@@Z
divergent	?addObjectToPathfindMap@Pathfinder@@QAEXPAVObject@@@Z
divergent	?aiAttackObject@AICommandInterface@@QAEXPAVObject@@HW4CommandSourceType@@@Z
divergent	?aiAttackPosition@AICommandInterface@@QAEXPBUCoord3D@@HW4CommandSourceType@@@Z
divergent	?aiFollowExitProductionPath@AICommandInterface@@QAEXPBV?$vector@UCoord3D@@V?$allocator@UCoord3D@@@_STL@@@_STL@@PAVObject@@W4CommandSourceType@@@Z
divergent	?aiGoProne@AICommandInterface@@QAEXPBVDamageInfo@@W4CommandSourceType@@@Z
divergent	?aiMoveToPosition@AICommandInterface@@QAEXPBUCoord3D@@W4CommandSourceType@@@Z
divergent	?allocate@?$_STLP_alloc_proxy@IPAVSightingInfo@@V?$allocator@PAVSightingInfo@@@_STL@@@_STL@@QAEPAPAVSightingInfo@@I@Z
divergent	?allocate@?$_STLP_alloc_proxy@IU?$_Hashtable_node@U?$pair@$$CBHH@_STL@@@_STL@@V?$allocator@U?$_Hashtable_node@U?$pair@$$CBHH@_STL@@@_STL@@@2@@_STL@@QAEPAU?$_Hashtable_node@U?$pair@$$CBHH@_STL@@@2@I@Z
divergent	?allocate@?$_STLP_alloc_proxy@IU?$_Hashtable_node@U?$pair@$$CBHW4Relationship@@@_STL@@@_STL@@V?$allocator@U?$_Hashtable_node@U?$pair@$$CBHW4Relationship@@@_STL@@@_STL@@@2@@_STL@@QAEPAU?$_Hashtable_node@U?$pair@$$CBHW4Relationship@@@_STL@@@2@I@Z
divergent	?allocate@?$_STLP_alloc_proxy@IU?$_Hashtable_node@U?$pair@$$CBIW4Relationship@@@_STL@@@_STL@@V?$allocator@U?$_Hashtable_node@U?$pair@$$CBIW4Relationship@@@_STL@@@_STL@@@2@@_STL@@QAEPAU?$_Hashtable_node@U?$pair@$$CBIW4Relationship@@@_STL@@@2@I@Z
divergent	?allocate@?$_STLP_alloc_proxy@IU?$_Hashtable_node@U?$pair@$$CBVAsciiString@@PAVThingTemplate@@@_STL@@@_STL@@V?$allocator@U?$_Hashtable_node@U?$pair@$$CBVAsciiString@@PAVThingTemplate@@@_STL@@@_STL@@@2@@_STL@@QAEPAU?$_Hashtable_node@U?$pair@$$CBVAsciiString@@PAVThingTemplate@@@_STL@@@2@I@Z
divergent	?allocate@?$_STLP_alloc_proxy@IU?$_Hashtable_node@U?$pair@$$CBW4NameKeyType@@VDamageFX@@@_STL@@@_STL@@V?$allocator@U?$_Hashtable_node@U?$pair@$$CBW4NameKeyType@@VDamageFX@@@_STL@@@_STL@@@2@@_STL@@QAEPAU?$_Hashtable_node@U?$pair@$$CBW4NameKeyType@@VDamageFX@@@_STL@@@2@I@Z
divergent	?allocate@?$_STLP_alloc_proxy@IU?$_Hashtable_node@U?$pair@$$CBW4NameKeyType@@VFXList@@@_STL@@@_STL@@V?$allocator@U?$_Hashtable_node@U?$pair@$$CBW4NameKeyType@@VFXList@@@_STL@@@_STL@@@2@@_STL@@QAEPAU?$_Hashtable_node@U?$pair@$$CBW4NameKeyType@@VFXList@@@_STL@@@2@I@Z
divergent	?allocate@?$_STLP_alloc_proxy@IUBfmeE8@@V?$allocator@UBfmeE8@@@_STL@@@_STL@@QAEPAUBfmeE8@@I@Z
divergent	?allocate@?$_STLP_alloc_proxy@IUBfmeWordValue4@@V?$allocator@UBfmeWordValue4@@@_STL@@@_STL@@QAEPAUBfmeWordValue4@@I@Z
divergent	?allocate@?$_STLP_alloc_proxy@PADDV?$allocator@D@_STL@@@_STL@@QAEPADI@Z
divergent	?allocate@?$_STLP_alloc_proxy@PAEEV?$allocator@E@_STL@@@_STL@@QAEPAEI@Z
divergent	?allocate@?$_STLP_alloc_proxy@PAGGV?$allocator@G@_STL@@@_STL@@QAEPAGI@Z
divergent	?allocate@?$_STLP_alloc_proxy@PAHHV?$allocator@H@_STL@@@_STL@@QAEPAHI@Z
divergent	?allocate@?$_STLP_alloc_proxy@PAIIV?$allocator@I@_STL@@@_STL@@QAEPAII@Z
divergent	?allocate@?$_STLP_alloc_proxy@PAPAPAVSightingInfo@@PAPAV1@V?$allocator@PAPAVSightingInfo@@@_STL@@@_STL@@QAEPAPAPAVSightingInfo@@I@Z
divergent	?allocate@?$_STLP_alloc_proxy@PAPAUBfmeE8@@PAU1@V?$allocator@PAUBfmeE8@@@_STL@@@_STL@@QAEPAPAUBfmeE8@@I@Z
divergent	?allocate@?$_STLP_alloc_proxy@PAPAUBfmeWordValue4@@PAU1@V?$allocator@PAUBfmeWordValue4@@@_STL@@@_STL@@QAEPAPAUBfmeWordValue4@@I@Z
divergent	?allocate@?$_STLP_alloc_proxy@PAPAV?$deque@UBfmeWordValue4@@V?$allocator@UBfmeWordValue4@@@_STL@@@_STL@@PAV12@V?$allocator@PAV?$deque@UBfmeWordValue4@@V?$allocator@UBfmeWordValue4@@@_STL@@@_STL@@@2@@_STL@@QAEPAPAV?$deque@UBfmeWordValue4@@V?$allocator@UBfmeWordValue4@@@_STL@@@2@I@Z
divergent	?allocate@?$_STLP_alloc_proxy@PAPAVDrawable@@PAV1@V?$allocator@PAVDrawable@@@_STL@@@_STL@@QAEPAPAVDrawable@@I@Z
divergent	?allocate@?$_STLP_alloc_proxy@PAPAVObject@@PAV1@V?$allocator@PAVObject@@@_STL@@@_STL@@QAEPAPAVObject@@I@Z
divergent	?allocate@?$_STLP_alloc_proxy@PAPAVObjectCreationNugget@@PAV1@V?$allocator@PAVObjectCreationNugget@@@_STL@@@_STL@@QAEPAPAVObjectCreationNugget@@I@Z
divergent	?allocate@?$_STLP_alloc_proxy@PAPAXPAXV?$allocator@PAX@_STL@@@_STL@@QAEPAPAXI@Z
divergent	?allocate@?$_STLP_alloc_proxy@PAPBVLocomotorTemplate@@PBV1@V?$allocator@PBVLocomotorTemplate@@@_STL@@@_STL@@QAEPAPBVLocomotorTemplate@@I@Z
divergent	?allocate@?$_STLP_alloc_proxy@PAPBVModuleData@@PBV1@V?$allocator@PBVModuleData@@@_STL@@@_STL@@QAEPAPBVModuleData@@I@Z
divergent	?allocate@?$_STLP_alloc_proxy@PAPBVObjectCreationList@@PBV1@V?$allocator@PBVObjectCreationList@@@_STL@@@_STL@@QAEPAPBVObjectCreationList@@I@Z
divergent	?allocate@?$_STLP_alloc_proxy@PAU?$_List_node@H@_STL@@U12@V?$allocator@U?$_List_node@H@_STL@@@2@@_STL@@QAEPAU?$_List_node@H@2@I@Z
divergent	?allocate@?$_STLP_alloc_proxy@PAU?$_List_node@PAVDrawable@@@_STL@@U12@V?$allocator@U?$_List_node@PAVDrawable@@@_STL@@@2@@_STL@@QAEPAU?$_List_node@PAVDrawable@@@2@I@Z
divergent	?allocate@?$_STLP_alloc_proxy@PAU?$_List_node@PAVFXNugget@@@_STL@@U12@V?$allocator@U?$_List_node@PAVFXNugget@@@_STL@@@2@@_STL@@QAEPAU?$_List_node@PAVFXNugget@@@2@I@Z
divergent	?allocate@?$_STLP_alloc_proxy@PAU?$_List_node@PAVObject@@@_STL@@U12@V?$allocator@U?$_List_node@PAVObject@@@_STL@@@2@@_STL@@QAEPAU?$_List_node@PAVObject@@@2@I@Z
divergent	?allocate@?$_STLP_alloc_proxy@PAU?$_List_node@PAVTeamPrototype@@@_STL@@U12@V?$allocator@U?$_List_node@PAVTeamPrototype@@@_STL@@@2@@_STL@@QAEPAU?$_List_node@PAVTeamPrototype@@@2@I@Z
divergent	?allocate@?$_STLP_alloc_proxy@PAU?$_List_node@PAX@_STL@@U12@V?$allocator@U?$_List_node@PAX@_STL@@@2@@_STL@@QAEPAU?$_List_node@PAX@2@I@Z
divergent	?allocate@?$_STLP_alloc_proxy@PAU?$_List_node@UBfmePod8@@@_STL@@U12@V?$allocator@U?$_List_node@UBfmePod8@@@_STL@@@2@@_STL@@QAEPAU?$_List_node@UBfmePod8@@@2@I@Z
divergent	?allocate@?$_STLP_alloc_proxy@PAU?$_List_node@UBfmeSpecialPowerTimer8@@@_STL@@U12@V?$allocator@U?$_List_node@UBfmeSpecialPowerTimer8@@@_STL@@@2@@_STL@@QAEPAU?$_List_node@UBfmeSpecialPowerTimer8@@@2@I@Z
divergent	?allocate@?$_STLP_alloc_proxy@PAU?$_List_node@UBridgeFXInfo@@@_STL@@U12@V?$allocator@U?$_List_node@UBridgeFXInfo@@@_STL@@@2@@_STL@@QAEPAU?$_List_node@UBridgeFXInfo@@@2@I@Z
divergent	?allocate@?$_STLP_alloc_proxy@PAU?$_List_node@UBridgeOCLInfo@@@_STL@@U12@V?$allocator@U?$_List_node@UBridgeOCLInfo@@@_STL@@@2@@_STL@@QAEPAU?$_List_node@UBridgeOCLInfo@@@2@I@Z
divergent	?allocate@?$_STLP_alloc_proxy@PAU?$_List_node@UCoord3D@@@_STL@@U12@V?$allocator@U?$_List_node@UCoord3D@@@_STL@@@2@@_STL@@QAEPAU?$_List_node@UCoord3D@@@2@I@Z
divergent	?allocate@?$_STLP_alloc_proxy@PAU?$_List_node@V?$basic_string@DV?$char_traits@D@_STL@@V?$allocator@D@2@@_STL@@@_STL@@U12@V?$allocator@U?$_List_node@V?$basic_string@DV?$char_traits@D@_STL@@V?$allocator@D@2@@_STL@@@_STL@@@2@@_STL@@QAEPAU?$_List_node@V?$basic_string@DV?$char_traits@D@_STL@@V?$allocator@D@2@@_STL@@@2@I@Z
divergent	?allocate@?$_STLP_alloc_proxy@PAU?$_List_node@VAsciiString@@@_STL@@U12@V?$allocator@U?$_List_node@VAsciiString@@@_STL@@@2@@_STL@@QAEPAU?$_List_node@VAsciiString@@@2@I@Z
divergent	?allocate@?$_STLP_alloc_proxy@PAU?$_List_node@W4ObjectID@@@_STL@@U12@V?$allocator@U?$_List_node@W4ObjectID@@@_STL@@@2@@_STL@@QAEPAU?$_List_node@W4ObjectID@@@2@I@Z
divergent	?allocate@?$_STLP_alloc_proxy@PAU?$_Rb_tree_node@H@_STL@@U12@V?$allocator@U?$_Rb_tree_node@H@_STL@@@2@@_STL@@QAEPAU?$_Rb_tree_node@H@2@I@Z
divergent	?allocate@?$_STLP_alloc_proxy@PAU?$_Rb_tree_node@PAURva001408C0Target@@@_STL@@U12@V?$allocator@U?$_Rb_tree_node@PAURva001408C0Target@@@_STL@@@2@@_STL@@QAEPAU?$_Rb_tree_node@PAURva001408C0Target@@@2@I@Z
divergent	?allocate@?$_STLP_alloc_proxy@PAU?$_Rb_tree_node@U?$pair@$$CBEF@_STL@@@_STL@@U12@V?$allocator@U?$_Rb_tree_node@U?$pair@$$CBEF@_STL@@@_STL@@@2@@_STL@@QAEPAU?$_Rb_tree_node@U?$pair@$$CBEF@_STL@@@2@I@Z
divergent	?allocate@?$_STLP_alloc_proxy@PAU?$_Rb_tree_node@U?$pair@$$CBGE@_STL@@@_STL@@U12@V?$allocator@U?$_Rb_tree_node@U?$pair@$$CBGE@_STL@@@_STL@@@2@@_STL@@QAEPAU?$_Rb_tree_node@U?$pair@$$CBGE@_STL@@@2@I@Z
divergent	?allocate@?$_STLP_alloc_proxy@PAU?$_Rb_tree_node@U?$pair@$$CBGH@_STL@@@_STL@@U12@V?$allocator@U?$_Rb_tree_node@U?$pair@$$CBGH@_STL@@@_STL@@@2@@_STL@@QAEPAU?$_Rb_tree_node@U?$pair@$$CBGH@_STL@@@2@I@Z
divergent	?allocate@?$_STLP_alloc_proxy@PAU?$_Rb_tree_node@U?$pair@$$CBHH@_STL@@@_STL@@U12@V?$allocator@U?$_Rb_tree_node@U?$pair@$$CBHH@_STL@@@_STL@@@2@@_STL@@QAEPAU?$_Rb_tree_node@U?$pair@$$CBHH@_STL@@@2@I@Z
divergent	?allocate@?$_STLP_alloc_proxy@PAU?$_Rb_tree_node@U?$pair@$$CBHPAX@_STL@@@_STL@@U12@V?$allocator@U?$_Rb_tree_node@U?$pair@$$CBHPAX@_STL@@@_STL@@@2@@_STL@@QAEPAU?$_Rb_tree_node@U?$pair@$$CBHPAX@_STL@@@2@I@Z
divergent	?allocate@?$_STLP_alloc_proxy@PAU?$_Rb_tree_node@U?$pair@$$CBHUBfmePod24@@@_STL@@@_STL@@U12@V?$allocator@U?$_Rb_tree_node@U?$pair@$$CBHUBfmePod24@@@_STL@@@_STL@@@2@@_STL@@QAEPAU?$_Rb_tree_node@U?$pair@$$CBHUBfmePod24@@@_STL@@@2@I@Z
divergent	?allocate@?$_STLP_alloc_proxy@PAU?$_Rb_tree_node@U?$pair@$$CBHUBfmePod8@@@_STL@@@_STL@@U12@V?$allocator@U?$_Rb_tree_node@U?$pair@$$CBHUBfmePod8@@@_STL@@@_STL@@@2@@_STL@@QAEPAU?$_Rb_tree_node@U?$pair@$$CBHUBfmePod8@@@_STL@@@2@I@Z
divergent	?allocate@?$_STLP_alloc_proxy@PAU?$_Rb_tree_node@U?$pair@$$CBHVAsciiString@@@_STL@@@_STL@@U12@V?$allocator@U?$_Rb_tree_node@U?$pair@$$CBHVAsciiString@@@_STL@@@_STL@@@2@@_STL@@QAEPAU?$_Rb_tree_node@U?$pair@$$CBHVAsciiString@@@_STL@@@2@I@Z
divergent	?allocate@?$_STLP_alloc_proxy@PAU?$_Rb_tree_node@U?$pair@$$CBHVMultiplayerColorDefinition@@@_STL@@@_STL@@U12@V?$allocator@U?$_Rb_tree_node@U?$pair@$$CBHVMultiplayerColorDefinition@@@_STL@@@_STL@@@2@@_STL@@QAEPAU?$_Rb_tree_node@U?$pair@$$CBHVMultiplayerColorDefinition@@@_STL@@@2@I@Z
divergent	?allocate@?$_STLP_alloc_proxy@PAU?$_Rb_tree_node@U?$pair@$$CBUGen_p12pod@@H@_STL@@@_STL@@U12@V?$allocator@U?$_Rb_tree_node@U?$pair@$$CBUGen_p12pod@@H@_STL@@@_STL@@@2@@_STL@@QAEPAU?$_Rb_tree_node@U?$pair@$$CBUGen_p12pod@@H@_STL@@@2@I@Z
divergent	?allocate@?$_STLP_alloc_proxy@PAU?$_Rb_tree_node@U?$pair@$$CBV?$BitFlags@$0BB@@@PBVWeaponTemplateSet@@@_STL@@@_STL@@U12@V?$allocator@U?$_Rb_tree_node@U?$pair@$$CBV?$BitFlags@$0BB@@@PBVWeaponTemplateSet@@@_STL@@@_STL@@@2@@_STL@@QAEPAU?$_Rb_tree_node@U?$pair@$$CBV?$BitFlags@$0BB@@@PBVWeaponTemplateSet@@@_STL@@@2@I@Z
divergent	?allocate@?$_STLP_alloc_proxy@PAU?$_Rb_tree_node@U?$pair@$$CBV?$BitFlags@$0HF@@@PBUModelConditionInfo@@@_STL@@@_STL@@U12@V?$allocator@U?$_Rb_tree_node@U?$pair@$$CBV?$BitFlags@$0HF@@@PBUModelConditionInfo@@@_STL@@@_STL@@@2@@_STL@@QAEPAU?$_Rb_tree_node@U?$pair@$$CBV?$BitFlags@$0HF@@@PBUModelConditionInfo@@@_STL@@@2@I@Z
divergent	?allocate@?$_STLP_alloc_proxy@PAU?$_Rb_tree_node@U?$pair@$$CBV?$BitFlags@$0L@@@PBVArmorTemplateSet@@@_STL@@@_STL@@U12@V?$allocator@U?$_Rb_tree_node@U?$pair@$$CBV?$BitFlags@$0L@@@PBVArmorTemplateSet@@@_STL@@@_STL@@@2@@_STL@@QAEPAU?$_Rb_tree_node@U?$pair@$$CBV?$BitFlags@$0L@@@PBVArmorTemplateSet@@@_STL@@@2@I@Z
divergent	?allocate@?$_STLP_alloc_proxy@PAU?$_Rb_tree_node@U?$pair@$$CBVAsciiString@@PBVFXList@@@_STL@@@_STL@@U12@V?$allocator@U?$_Rb_tree_node@U?$pair@$$CBVAsciiString@@PBVFXList@@@_STL@@@_STL@@@2@@_STL@@QAEPAU?$_Rb_tree_node@U?$pair@$$CBVAsciiString@@PBVFXList@@@_STL@@@2@I@Z
divergent	?allocate@?$_STLP_alloc_proxy@PAU?$_Rb_tree_node@U?$pair@$$CBVAsciiString@@UCoord3D@@@_STL@@@_STL@@U12@V?$allocator@U?$_Rb_tree_node@U?$pair@$$CBVAsciiString@@UCoord3D@@@_STL@@@_STL@@@2@@_STL@@QAEPAU?$_Rb_tree_node@U?$pair@$$CBVAsciiString@@UCoord3D@@@_STL@@@2@I@Z
divergent	?allocate@?$_STLP_alloc_proxy@PAU?$_Rb_tree_node@U?$pair@$$CBVAsciiString@@UNoCaseTreeValue4@@@_STL@@@_STL@@U12@V?$allocator@U?$_Rb_tree_node@U?$pair@$$CBVAsciiString@@UNoCaseTreeValue4@@@_STL@@@_STL@@@2@@_STL@@QAEPAU?$_Rb_tree_node@U?$pair@$$CBVAsciiString@@UNoCaseTreeValue4@@@_STL@@@2@I@Z
divergent	?allocate@?$_STLP_alloc_proxy@PAU?$_Rb_tree_node@U?$pair@$$CBVAsciiString@@V1@@_STL@@@_STL@@U12@V?$allocator@U?$_Rb_tree_node@U?$pair@$$CBVAsciiString@@V1@@_STL@@@_STL@@@2@@_STL@@QAEPAU?$_Rb_tree_node@U?$pair@$$CBVAsciiString@@V1@@_STL@@@2@I@Z
divergent	?allocate@?$_STLP_alloc_proxy@PAU?$_Rb_tree_node@U?$pair@$$CBVAsciiString@@VAudioEventRTS@@@_STL@@@_STL@@U12@V?$allocator@U?$_Rb_tree_node@U?$pair@$$CBVAsciiString@@VAudioEventRTS@@@_STL@@@_STL@@@2@@_STL@@QAEPAU?$_Rb_tree_node@U?$pair@$$CBVAsciiString@@VAudioEventRTS@@@_STL@@@2@I@Z
divergent	?allocate@?$_STLP_alloc_proxy@PAU?$_Rb_tree_node@U?$pair@$$CBVAsciiString@@VDetailedArchivedDirectoryInfo@@@_STL@@@_STL@@U12@V?$allocator@U?$_Rb_tree_node@U?$pair@$$CBVAsciiString@@VDetailedArchivedDirectoryInfo@@@_STL@@@_STL@@@2@@_STL@@QAEPAU?$_Rb_tree_node@U?$pair@$$CBVAsciiString@@VDetailedArchivedDirectoryInfo@@@_STL@@@2@I@Z
divergent	?allocate@?$_STLP_alloc_proxy@PAU?$_Rb_tree_node@U?$pair@$$CBVUnicodeString@@_N@_STL@@@_STL@@U12@V?$allocator@U?$_Rb_tree_node@U?$pair@$$CBVUnicodeString@@_N@_STL@@@_STL@@@2@@_STL@@QAEPAU?$_Rb_tree_node@U?$pair@$$CBVUnicodeString@@_N@_STL@@@2@I@Z
divergent	?allocate@?$_STLP_alloc_proxy@PAU?$_Rb_tree_node@U?$pair@$$CBW4LocomotorSetType@@V?$vector@PBVLocomotorTemplate@@V?$allocator@PBVLocomotorTemplate@@@_STL@@@_STL@@@_STL@@@_STL@@U12@V?$allocator@U?$_Rb_tree_node@U?$pair@$$CBW4LocomotorSetType@@V?$vector@PBVLocomotorTemplate@@V?$allocator@PBVLocomotorTemplate@@@_STL@@@_STL@@@_STL@@@_STL@@@2@@_STL@@QAEPAU?$_Rb_tree_node@U?$pair@$$CBW4LocomotorSetType@@V?$vector@PBVLocomotorTemplate@@V?$allocator@PBVLocomotorTemplate@@@_STL@@@_STL@@@_STL@@@2@I@Z
divergent	?allocate@?$_STLP_alloc_proxy@PAU?$_Rb_tree_node@U?$pair@$$CBW4NameKeyType@@UPristineBoneInfo@@@_STL@@@_STL@@U12@V?$allocator@U?$_Rb_tree_node@U?$pair@$$CBW4NameKeyType@@UPristineBoneInfo@@@_STL@@@_STL@@@2@@_STL@@QAEPAU?$_Rb_tree_node@U?$pair@$$CBW4NameKeyType@@UPristineBoneInfo@@@_STL@@@2@I@Z
divergent	?allocate@?$_STLP_alloc_proxy@PAU?$_Rb_tree_node@U?$pair@$$CBW4NameKeyType@@VModuleTemplate@ModuleFactory@@@_STL@@@_STL@@U12@V?$allocator@U?$_Rb_tree_node@U?$pair@$$CBW4NameKeyType@@VModuleTemplate@ModuleFactory@@@_STL@@@_STL@@@2@@_STL@@QAEPAU?$_Rb_tree_node@U?$pair@$$CBW4NameKeyType@@VModuleTemplate@ModuleFactory@@@_STL@@@2@I@Z
divergent	?allocate@?$_STLP_alloc_proxy@PAU?$_Rb_tree_node@U?$pair@QBVThingTemplate@@H@_STL@@@_STL@@U12@V?$allocator@U?$_Rb_tree_node@U?$pair@QBVThingTemplate@@H@_STL@@@_STL@@@2@@_STL@@QAEPAU?$_Rb_tree_node@U?$pair@QBVThingTemplate@@H@_STL@@@2@I@Z
divergent	?allocate@?$_STLP_alloc_proxy@PAU?$_Rb_tree_node@VAsciiString@@@_STL@@U12@V?$allocator@U?$_Rb_tree_node@VAsciiString@@@_STL@@@2@@_STL@@QAEPAU?$_Rb_tree_node@VAsciiString@@@2@I@Z
divergent	?allocate@?$_STLP_alloc_proxy@PAU?$_Rb_tree_node@VUnicodeString@@@_STL@@U12@V?$allocator@U?$_Rb_tree_node@VUnicodeString@@@_STL@@@2@@_STL@@QAEPAU?$_Rb_tree_node@VUnicodeString@@@2@I@Z
divergent	?allocate@?$_STLP_alloc_proxy@PAUAngleFXInfo@@U1@V?$allocator@UAngleFXInfo@@@_STL@@@_STL@@QAEPAUAngleFXInfo@@I@Z
divergent	?allocate@?$_STLP_alloc_proxy@PAUBfmeE16@@U1@V?$allocator@UBfmeE16@@@_STL@@@_STL@@QAEPAUBfmeE16@@I@Z
divergent	?allocate@?$_STLP_alloc_proxy@PAUBfmeE8@@U1@V?$allocator@UBfmeE8@@@_STL@@@_STL@@QAEPAUBfmeE8@@I@Z
divergent	?allocate@?$_STLP_alloc_proxy@PAUBfmeFixedObject60@@U1@V?$allocator@UBfmeFixedObject60@@@_STL@@@_STL@@QAEPAUBfmeFixedObject60@@I@Z
divergent	?allocate@?$_STLP_alloc_proxy@PAUBfmeFloat4Record00469C61@@U1@V?$allocator@UBfmeFloat4Record00469C61@@@_STL@@@_STL@@QAEPAUBfmeFloat4Record00469C61@@I@Z
divergent	?allocate@?$_STLP_alloc_proxy@PAUBfmePod20@@U1@V?$allocator@UBfmePod20@@@_STL@@@_STL@@QAEPAUBfmePod20@@I@Z
divergent	?allocate@?$_STLP_alloc_proxy@PAUBfmePod36@@U1@V?$allocator@UBfmePod36@@@_STL@@@_STL@@QAEPAUBfmePod36@@I@Z
divergent	?allocate@?$_STLP_alloc_proxy@PAUBfmePod44@@U1@V?$allocator@UBfmePod44@@@_STL@@@_STL@@QAEPAUBfmePod44@@I@Z
divergent	?allocate@?$_STLP_alloc_proxy@PAUBfmePod52@@U1@V?$allocator@UBfmePod52@@@_STL@@@_STL@@QAEPAUBfmePod52@@I@Z
divergent	?allocate@?$_STLP_alloc_proxy@PAUBfmePod68@@U1@V?$allocator@UBfmePod68@@@_STL@@@_STL@@QAEPAUBfmePod68@@I@Z
divergent	?allocate@?$_STLP_alloc_proxy@PAUBfmePod88@@U1@V?$allocator@UBfmePod88@@@_STL@@@_STL@@QAEPAUBfmePod88@@I@Z
divergent	?allocate@?$_STLP_alloc_proxy@PAUBfmePod8@@U1@V?$allocator@UBfmePod8@@@_STL@@@_STL@@QAEPAUBfmePod8@@I@Z
divergent	?allocate@?$_STLP_alloc_proxy@PAUBfmeRecord0040B61A@@U1@V?$allocator@UBfmeRecord0040B61A@@@_STL@@@_STL@@QAEPAUBfmeRecord0040B61A@@I@Z
divergent	?allocate@?$_STLP_alloc_proxy@PAUBfmeStringRecord00404BF3@@U1@V?$allocator@UBfmeStringRecord00404BF3@@@_STL@@@_STL@@QAEPAUBfmeStringRecord00404BF3@@I@Z
divergent	?allocate@?$_STLP_alloc_proxy@PAUCoord3D@@U1@V?$allocator@UCoord3D@@@_STL@@@_STL@@QAEPAUCoord3D@@I@Z
divergent	?allocate@?$_STLP_alloc_proxy@PAUEvaMessageInfo@@U1@V?$allocator@UEvaMessageInfo@@@_STL@@@_STL@@QAEPAUEvaMessageInfo@@I@Z
divergent	?allocate@?$_STLP_alloc_proxy@PAUFlightDeckInfo@FlightDeckBehavior@@U12@V?$allocator@UFlightDeckInfo@FlightDeckBehavior@@@_STL@@@_STL@@QAEPAUFlightDeckInfo@FlightDeckBehavior@@I@Z
divergent	?allocate@?$_STLP_alloc_proxy@PAUICoord2D@@U1@V?$allocator@UICoord2D@@@_STL@@@_STL@@QAEPAUICoord2D@@I@Z
divergent	?allocate@?$_STLP_alloc_proxy@PAUNugget@ModuleInfo@@U12@V?$allocator@UNugget@ModuleInfo@@@_STL@@@_STL@@QAEPAUNugget@ModuleInfo@@I@Z
divergent	?allocate@?$_STLP_alloc_proxy@PAUPrereqUnitRec@ProductionPrerequisite@@U12@V?$allocator@UPrereqUnitRec@ProductionPrerequisite@@@_STL@@@_STL@@QAEPAUPrereqUnitRec@ProductionPrerequisite@@I@Z
divergent	?allocate@?$_STLP_alloc_proxy@PAUQuantityModifier@@U1@V?$allocator@UQuantityModifier@@@_STL@@@_STL@@QAEPAUQuantityModifier@@I@Z
divergent	?allocate@?$_STLP_alloc_proxy@PAURva001504A1Record@@U1@V?$allocator@URva001504A1Record@@@_STL@@@_STL@@QAEPAURva001504A1Record@@I@Z
divergent	?allocate@?$_STLP_alloc_proxy@PAURva0020A227Element@@U1@V?$allocator@URva0020A227Element@@@_STL@@@_STL@@QAEPAURva0020A227Element@@I@Z
divergent	?allocate@?$_STLP_alloc_proxy@PAUUpgrades@CashHackSpecialPowerModuleData@@U12@V?$allocator@UUpgrades@CashHackSpecialPowerModuleData@@@_STL@@@_STL@@QAEPAUUpgrades@CashHackSpecialPowerModuleData@@I@Z
divergent	?allocate@?$_STLP_alloc_proxy@PAVArmorTemplateSet@@V1@V?$allocator@VArmorTemplateSet@@@_STL@@@_STL@@QAEPAVArmorTemplateSet@@I@Z
divergent	?allocate@?$_STLP_alloc_proxy@PAVAsciiString@@V1@V?$allocator@VAsciiString@@@_STL@@@_STL@@QAEPAVAsciiString@@I@Z
divergent	?allocate@?$_STLP_alloc_proxy@PAVBfmeThingUBB@@V1@V?$allocator@VBfmeThingUBB@@@_STL@@@_STL@@QAEPAVBfmeThingUBB@@I@Z
divergent	?allocate@?$_STLP_alloc_proxy@PAVMoney@@V1@V?$allocator@VMoney@@@_STL@@@_STL@@QAEPAVMoney@@I@Z
divergent	?allocate@?$_STLP_alloc_proxy@PAVProductionPrerequisite@@V1@V?$allocator@VProductionPrerequisite@@@_STL@@@_STL@@QAEPAVProductionPrerequisite@@I@Z
divergent	?allocate@?$_STLP_alloc_proxy@PAVRva0054000B@@V1@V?$allocator@VRva0054000B@@@_STL@@@_STL@@QAEPAVRva0054000B@@I@Z
divergent	?allocate@?$_STLP_alloc_proxy@PAVRva0054103E@@V1@V?$allocator@VRva0054103E@@@_STL@@@_STL@@QAEPAVRva0054103E@@I@Z
divergent	?allocate@?$_STLP_alloc_proxy@PAVRva00568A20@@V1@V?$allocator@VRva00568A20@@@_STL@@@_STL@@QAEPAVRva00568A20@@I@Z
divergent	?allocate@?$_STLP_alloc_proxy@PAVW3DAnimationInfo@@V1@V?$allocator@VW3DAnimationInfo@@@_STL@@@_STL@@QAEPAVW3DAnimationInfo@@I@Z
divergent	?allocate@?$_STLP_alloc_proxy@PAVWeaponTemplateSet@@V1@V?$allocator@VWeaponTemplateSet@@@_STL@@@_STL@@QAEPAVWeaponTemplateSet@@I@Z
divergent	?allocate@?$_STLP_alloc_proxy@PAW4ObjectID@@W41@V?$allocator@W4ObjectID@@@_STL@@@_STL@@QAEPAW4ObjectID@@I@Z
divergent	?allocate@?$_STLP_alloc_proxy@PAW4ParticleSystemID@@W41@V?$allocator@W4ParticleSystemID@@@_STL@@@_STL@@QAEPAW4ParticleSystemID@@I@Z
divergent	?allocate@?$_STLP_alloc_proxy@PAW4ScienceType@@W41@V?$allocator@W4ScienceType@@@_STL@@@_STL@@QAEPAW4ScienceType@@I@Z
divergent	?allocate@?$__malloc_alloc@$0A@@_STL@@SAPAXI@Z
divergent	?allocate@?$__node_alloc@$00$0A@@_STL@@SAPAXI@Z
divergent	?allocate@?$allocator@D@_STL@@QBEPADIPBX@Z
divergent	?allocate@?$allocator@H@_STL@@QBEPAHIPBX@Z
divergent	?allocate@?$allocator@J@_STL@@QBEPAJIPBX@Z
divergent	?allocate@?$allocator@PAPAVSightingInfo@@@_STL@@QBEPAPAPAVSightingInfo@@IPBX@Z
divergent	?allocate@?$allocator@PAVBuddyResponse@@@_STL@@QBEPAPAVBuddyResponse@@IPBX@Z
divergent	?allocate@?$allocator@PAVDrawable@@@_STL@@QBEPAPAVDrawable@@IPBX@Z
divergent	?allocate@?$allocator@PAVObject@@@_STL@@QBEPAPAVObject@@IPBX@Z
divergent	?allocate@?$allocator@PAVObjectCreationNugget@@@_STL@@QBEPAPAVObjectCreationNugget@@IPBX@Z
divergent	?allocate@?$allocator@PAVSightingInfo@@@_STL@@QBEPAPAVSightingInfo@@IPBX@Z
divergent	?allocate@?$allocator@PBVFXList@@@_STL@@QBEPAPBVFXList@@IPBX@Z
divergent	?allocate@?$allocator@PBVLocomotorTemplate@@@_STL@@QBEPAPBVLocomotorTemplate@@IPBX@Z
divergent	?allocate@?$allocator@PBVObjectCreationList@@@_STL@@QBEPAPBVObjectCreationList@@IPBX@Z
divergent	?allocate@?$allocator@PBVWeaponTemplate@@@_STL@@QBEPAPBVWeaponTemplate@@IPBX@Z
divergent	?allocate@?$allocator@U?$_Hashtable_node@U?$pair@$$CBHW4Relationship@@@_STL@@@_STL@@@_STL@@QBEPAU?$_Hashtable_node@U?$pair@$$CBHW4Relationship@@@_STL@@@2@IPBX@Z
divergent	?allocate@?$allocator@U?$_Hashtable_node@U?$pair@$$CBIW4Relationship@@@_STL@@@_STL@@@_STL@@QBEPAU?$_Hashtable_node@U?$pair@$$CBIW4Relationship@@@_STL@@@2@IPBX@Z
divergent	?allocate@?$allocator@U?$_Hashtable_node@U?$pair@$$CBVAsciiString@@PAVThingTemplate@@@_STL@@@_STL@@@_STL@@QBEPAU?$_Hashtable_node@U?$pair@$$CBVAsciiString@@PAVThingTemplate@@@_STL@@@2@IPBX@Z
divergent	?allocate@?$allocator@U?$_Hashtable_node@U?$pair@$$CBW4NameKeyType@@VArmorTemplate@@@_STL@@@_STL@@@_STL@@QBEPAU?$_Hashtable_node@U?$pair@$$CBW4NameKeyType@@VArmorTemplate@@@_STL@@@2@IPBX@Z
divergent	?allocate@?$allocator@U?$_Hashtable_node@U?$pair@$$CBW4NameKeyType@@VDamageFX@@@_STL@@@_STL@@@_STL@@QBEPAU?$_Hashtable_node@U?$pair@$$CBW4NameKeyType@@VDamageFX@@@_STL@@@2@IPBX@Z
divergent	?allocate@?$allocator@U?$_Hashtable_node@U?$pair@$$CBW4NameKeyType@@VFXList@@@_STL@@@_STL@@@_STL@@QBEPAU?$_Hashtable_node@U?$pair@$$CBW4NameKeyType@@VFXList@@@_STL@@@2@IPBX@Z
divergent	?allocate@?$allocator@U?$_List_node@H@_STL@@@_STL@@QBEPAU?$_List_node@H@2@IPBX@Z
divergent	?allocate@?$allocator@U?$_List_node@PAVDrawable@@@_STL@@@_STL@@QBEPAU?$_List_node@PAVDrawable@@@2@IPBX@Z
divergent	?allocate@?$allocator@U?$_List_node@PAVFXNugget@@@_STL@@@_STL@@QBEPAU?$_List_node@PAVFXNugget@@@2@IPBX@Z
divergent	?allocate@?$allocator@U?$_List_node@PAVGameWindow@@@_STL@@@_STL@@QBEPAU?$_List_node@PAVGameWindow@@@2@IPBX@Z
divergent	?allocate@?$allocator@U?$_List_node@PAVObject@@@_STL@@@_STL@@QBEPAU?$_List_node@PAVObject@@@2@IPBX@Z
divergent	?allocate@?$allocator@U?$_List_node@PAVTeamPrototype@@@_STL@@@_STL@@QBEPAU?$_List_node@PAVTeamPrototype@@@2@IPBX@Z
divergent	?allocate@?$allocator@U?$_List_node@PAX@_STL@@@_STL@@QBEPAU?$_List_node@PAX@2@IPBX@Z
divergent	?allocate@?$allocator@U?$_List_node@UBfmePod8@@@_STL@@@_STL@@QBEPAU?$_List_node@UBfmePod8@@@2@IPBX@Z
divergent	?allocate@?$allocator@U?$_List_node@UBfmeSpecialPowerTimer8@@@_STL@@@_STL@@QBEPAU?$_List_node@UBfmeSpecialPowerTimer8@@@2@IPBX@Z
divergent	?allocate@?$allocator@U?$_List_node@UBridgeFXInfo@@@_STL@@@_STL@@QBEPAU?$_List_node@UBridgeFXInfo@@@2@IPBX@Z
divergent	?allocate@?$allocator@U?$_List_node@UBridgeOCLInfo@@@_STL@@@_STL@@QBEPAU?$_List_node@UBridgeOCLInfo@@@2@IPBX@Z
divergent	?allocate@?$allocator@U?$_List_node@UCoord3D@@@_STL@@@_STL@@QBEPAU?$_List_node@UCoord3D@@@2@IPBX@Z
divergent	?allocate@?$allocator@U?$_List_node@UcrateCreationEntry@@@_STL@@@_STL@@QBEPAU?$_List_node@UcrateCreationEntry@@@2@IPBX@Z
divergent	?allocate@?$allocator@U?$_List_node@V?$basic_string@DV?$char_traits@D@_STL@@V?$allocator@D@2@@_STL@@@_STL@@@_STL@@QBEPAU?$_List_node@V?$basic_string@DV?$char_traits@D@_STL@@V?$allocator@D@2@@_STL@@@2@IPBX@Z
divergent	?allocate@?$allocator@U?$_List_node@VAsciiString@@@_STL@@@_STL@@QBEPAU?$_List_node@VAsciiString@@@2@IPBX@Z
divergent	?allocate@?$allocator@U?$_List_node@VQueuedDownload@@@_STL@@@_STL@@QBEPAU?$_List_node@VQueuedDownload@@@2@IPBX@Z
divergent	?allocate@?$allocator@U?$_List_node@VUnicodeString@@@_STL@@@_STL@@QBEPAU?$_List_node@VUnicodeString@@@2@IPBX@Z
divergent	?allocate@?$allocator@U?$_List_node@W4ObjectID@@@_STL@@@_STL@@QBEPAU?$_List_node@W4ObjectID@@@2@IPBX@Z
divergent	?allocate@?$allocator@U?$_Rb_tree_node@H@_STL@@@_STL@@QBEPAU?$_Rb_tree_node@H@2@IPBX@Z
divergent	?allocate@?$allocator@U?$_Rb_tree_node@PAURva001408C0Target@@@_STL@@@_STL@@QBEPAU?$_Rb_tree_node@PAURva001408C0Target@@@2@IPBX@Z
divergent	?allocate@?$allocator@U?$_Rb_tree_node@U?$pair@$$CBEF@_STL@@@_STL@@@_STL@@QBEPAU?$_Rb_tree_node@U?$pair@$$CBEF@_STL@@@2@IPBX@Z
divergent	?allocate@?$allocator@U?$_Rb_tree_node@U?$pair@$$CBGE@_STL@@@_STL@@@_STL@@QBEPAU?$_Rb_tree_node@U?$pair@$$CBGE@_STL@@@2@IPBX@Z
divergent	?allocate@?$allocator@U?$_Rb_tree_node@U?$pair@$$CBGH@_STL@@@_STL@@@_STL@@QBEPAU?$_Rb_tree_node@U?$pair@$$CBGH@_STL@@@2@IPBX@Z
divergent	?allocate@?$allocator@U?$_Rb_tree_node@U?$pair@$$CBHH@_STL@@@_STL@@@_STL@@QBEPAU?$_Rb_tree_node@U?$pair@$$CBHH@_STL@@@2@IPBX@Z
divergent	?allocate@?$allocator@U?$_Rb_tree_node@U?$pair@$$CBHPAX@_STL@@@_STL@@@_STL@@QBEPAU?$_Rb_tree_node@U?$pair@$$CBHPAX@_STL@@@2@IPBX@Z
divergent	?allocate@?$allocator@U?$_Rb_tree_node@U?$pair@$$CBHUBfmePod16@@@_STL@@@_STL@@@_STL@@QBEPAU?$_Rb_tree_node@U?$pair@$$CBHUBfmePod16@@@_STL@@@2@IPBX@Z
divergent	?allocate@?$allocator@U?$_Rb_tree_node@U?$pair@$$CBHUBfmePod24@@@_STL@@@_STL@@@_STL@@QBEPAU?$_Rb_tree_node@U?$pair@$$CBHUBfmePod24@@@_STL@@@2@IPBX@Z
divergent	?allocate@?$allocator@U?$_Rb_tree_node@U?$pair@$$CBHUBfmePod52@@@_STL@@@_STL@@@_STL@@QBEPAU?$_Rb_tree_node@U?$pair@$$CBHUBfmePod52@@@_STL@@@2@IPBX@Z
divergent	?allocate@?$allocator@U?$_Rb_tree_node@U?$pair@$$CBHUBfmePod8@@@_STL@@@_STL@@@_STL@@QBEPAU?$_Rb_tree_node@U?$pair@$$CBHUBfmePod8@@@_STL@@@2@IPBX@Z
divergent	?allocate@?$allocator@U?$_Rb_tree_node@U?$pair@$$CBHVAsciiString@@@_STL@@@_STL@@@_STL@@QBEPAU?$_Rb_tree_node@U?$pair@$$CBHVAsciiString@@@_STL@@@2@IPBX@Z
divergent	?allocate@?$allocator@U?$_Rb_tree_node@U?$pair@$$CBHVMultiplayerColorDefinition@@@_STL@@@_STL@@@_STL@@QBEPAU?$_Rb_tree_node@U?$pair@$$CBHVMultiplayerColorDefinition@@@_STL@@@2@IPBX@Z
divergent	?allocate@?$allocator@U?$_Rb_tree_node@U?$pair@$$CBH_N@_STL@@@_STL@@@_STL@@QBEPAU?$_Rb_tree_node@U?$pair@$$CBH_N@_STL@@@2@IPBX@Z
divergent	?allocate@?$allocator@U?$_Rb_tree_node@U?$pair@$$CBIPAVImage@@@_STL@@@_STL@@@_STL@@QBEPAU?$_Rb_tree_node@U?$pair@$$CBIPAVImage@@@_STL@@@2@IPBX@Z
divergent	?allocate@?$allocator@U?$_Rb_tree_node@U?$pair@$$CBJVLadderPref@@@_STL@@@_STL@@@_STL@@QBEPAU?$_Rb_tree_node@U?$pair@$$CBJVLadderPref@@@_STL@@@2@IPBX@Z
divergent	?allocate@?$allocator@U?$_Rb_tree_node@U?$pair@$$CBUGen_p12pod@@H@_STL@@@_STL@@@_STL@@QBEPAU?$_Rb_tree_node@U?$pair@$$CBUGen_p12pod@@H@_STL@@@2@IPBX@Z
divergent	?allocate@?$allocator@U?$_Rb_tree_node@U?$pair@$$CBV?$BitFlags@$0BB@@@PBVWeaponTemplateSet@@@_STL@@@_STL@@@_STL@@QBEPAU?$_Rb_tree_node@U?$pair@$$CBV?$BitFlags@$0BB@@@PBVWeaponTemplateSet@@@_STL@@@2@IPBX@Z
divergent	?allocate@?$allocator@U?$_Rb_tree_node@U?$pair@$$CBV?$BitFlags@$0HF@@@PBUModelConditionInfo@@@_STL@@@_STL@@@_STL@@QBEPAU?$_Rb_tree_node@U?$pair@$$CBV?$BitFlags@$0HF@@@PBUModelConditionInfo@@@_STL@@@2@IPBX@Z
divergent	?allocate@?$allocator@U?$_Rb_tree_node@U?$pair@$$CBV?$BitFlags@$0L@@@PBVArmorTemplateSet@@@_STL@@@_STL@@@_STL@@QBEPAU?$_Rb_tree_node@U?$pair@$$CBV?$BitFlags@$0L@@@PBVArmorTemplateSet@@@_STL@@@2@IPBX@Z
divergent	?allocate@?$allocator@U?$_Rb_tree_node@U?$pair@$$CBVAsciiString@@PBVFXList@@@_STL@@@_STL@@@_STL@@QBEPAU?$_Rb_tree_node@U?$pair@$$CBVAsciiString@@PBVFXList@@@_STL@@@2@IPBX@Z
divergent	?allocate@?$allocator@U?$_Rb_tree_node@U?$pair@$$CBVAsciiString@@UCoord3D@@@_STL@@@_STL@@@_STL@@QBEPAU?$_Rb_tree_node@U?$pair@$$CBVAsciiString@@UCoord3D@@@_STL@@@2@IPBX@Z
divergent	?allocate@?$allocator@U?$_Rb_tree_node@U?$pair@$$CBVAsciiString@@UNoCaseTreeValue4@@@_STL@@@_STL@@@_STL@@QBEPAU?$_Rb_tree_node@U?$pair@$$CBVAsciiString@@UNoCaseTreeValue4@@@_STL@@@2@IPBX@Z
divergent	?allocate@?$allocator@U?$_Rb_tree_node@U?$pair@$$CBVAsciiString@@UTreeHintPayload001F8ACB@@@_STL@@@_STL@@@_STL@@QBEPAU?$_Rb_tree_node@U?$pair@$$CBVAsciiString@@UTreeHintPayload001F8ACB@@@_STL@@@2@IPBX@Z
divergent	?allocate@?$allocator@U?$_Rb_tree_node@U?$pair@$$CBVAsciiString@@V1@@_STL@@@_STL@@@_STL@@QBEPAU?$_Rb_tree_node@U?$pair@$$CBVAsciiString@@V1@@_STL@@@2@IPBX@Z
divergent	?allocate@?$allocator@U?$_Rb_tree_node@U?$pair@$$CBVAsciiString@@V?$list@VAsciiString@@V?$allocator@VAsciiString@@@_STL@@@_STL@@@_STL@@@_STL@@@_STL@@QBEPAU?$_Rb_tree_node@U?$pair@$$CBVAsciiString@@V?$list@VAsciiString@@V?$allocator@VAsciiString@@@_STL@@@_STL@@@_STL@@@2@IPBX@Z
divergent	?allocate@?$allocator@U?$_Rb_tree_node@U?$pair@$$CBVAsciiString@@VAudioEventRTS@@@_STL@@@_STL@@@_STL@@QBEPAU?$_Rb_tree_node@U?$pair@$$CBVAsciiString@@VAudioEventRTS@@@_STL@@@2@IPBX@Z
divergent	?allocate@?$allocator@U?$_Rb_tree_node@U?$pair@$$CBVAsciiString@@VDetailedArchivedDirectoryInfo@@@_STL@@@_STL@@@_STL@@QBEPAU?$_Rb_tree_node@U?$pair@$$CBVAsciiString@@VDetailedArchivedDirectoryInfo@@@_STL@@@2@IPBX@Z
divergent	?allocate@?$allocator@U?$_Rb_tree_node@U?$pair@$$CBW4LocomotorSetType@@V?$vector@PBVLocomotorTemplate@@V?$allocator@PBVLocomotorTemplate@@@_STL@@@_STL@@@_STL@@@_STL@@@_STL@@QBEPAU?$_Rb_tree_node@U?$pair@$$CBW4LocomotorSetType@@V?$vector@PBVLocomotorTemplate@@V?$allocator@PBVLocomotorTemplate@@@_STL@@@_STL@@@_STL@@@2@IPBX@Z
divergent	?allocate@?$allocator@U?$_Rb_tree_node@U?$pair@$$CBW4NameKeyType@@UPristineBoneInfo@@@_STL@@@_STL@@@_STL@@QBEPAU?$_Rb_tree_node@U?$pair@$$CBW4NameKeyType@@UPristineBoneInfo@@@_STL@@@2@IPBX@Z
divergent	?allocate@?$allocator@U?$_Rb_tree_node@U?$pair@$$CBW4ScienceType@@_N@_STL@@@_STL@@@_STL@@QBEPAU?$_Rb_tree_node@U?$pair@$$CBW4ScienceType@@_N@_STL@@@2@IPBX@Z
divergent	?allocate@?$allocator@U?$_Rb_tree_node@U?$pair@QBVThingTemplate@@H@_STL@@@_STL@@@_STL@@QBEPAU?$_Rb_tree_node@U?$pair@QBVThingTemplate@@H@_STL@@@2@IPBX@Z
divergent	?allocate@?$allocator@U?$_Rb_tree_node@VAsciiString@@@_STL@@@_STL@@QBEPAU?$_Rb_tree_node@VAsciiString@@@2@IPBX@Z
divergent	?allocate@?$allocator@U?$_Rb_tree_node@VUnicodeString@@@_STL@@@_STL@@QBEPAU?$_Rb_tree_node@VUnicodeString@@@2@IPBX@Z
divergent	?allocate@?$allocator@UAngleFXInfo@@@_STL@@QBEPAUAngleFXInfo@@IPBX@Z
divergent	?allocate@?$allocator@UAnimSet@GenericObjectCreationNugget@@@_STL@@QBEPAUAnimSet@GenericObjectCreationNugget@@IPBX@Z
divergent	?allocate@?$allocator@UBfmeContainerRecord005FDEC7@@@_STL@@QBEPAUBfmeContainerRecord005FDEC7@@IPBX@Z
divergent	?allocate@?$allocator@UBfmeE8@@@_STL@@QBEPAUBfmeE8@@IPBX@Z
divergent	?allocate@?$allocator@UBfmeFixedObject260@@@_STL@@QBEPAUBfmeFixedObject260@@IPBX@Z
divergent	?allocate@?$allocator@UBfmeNarrowRecord0054FEF1@@@_STL@@QBEPAUBfmeNarrowRecord0054FEF1@@IPBX@Z
divergent	?allocate@?$allocator@UBfmeObject872@@@_STL@@QBEPAUBfmeObject872@@IPBX@Z
divergent	?allocate@?$allocator@UBfmePod144@@@_STL@@QBEPAUBfmePod144@@IPBX@Z
divergent	?allocate@?$allocator@UBfmePod160@@@_STL@@QBEPAUBfmePod160@@IPBX@Z
divergent	?allocate@?$allocator@UBfmePod16@@@_STL@@QBEPAUBfmePod16@@IPBX@Z
divergent	?allocate@?$allocator@UBfmePod20@@@_STL@@QBEPAUBfmePod20@@IPBX@Z
divergent	?allocate@?$allocator@UBfmePod24@@@_STL@@QBEPAUBfmePod24@@IPBX@Z
divergent	?allocate@?$allocator@UBfmePod28@@@_STL@@QBEPAUBfmePod28@@IPBX@Z
divergent	?allocate@?$allocator@UBfmePod36@@@_STL@@QBEPAUBfmePod36@@IPBX@Z
divergent	?allocate@?$allocator@UBfmePod40@@@_STL@@QBEPAUBfmePod40@@IPBX@Z
divergent	?allocate@?$allocator@UBfmePod48@@@_STL@@QBEPAUBfmePod48@@IPBX@Z
divergent	?allocate@?$allocator@UBfmePod80@@@_STL@@QBEPAUBfmePod80@@IPBX@Z
divergent	?allocate@?$allocator@UBfmePod8@@@_STL@@QBEPAUBfmePod8@@IPBX@Z
divergent	?allocate@?$allocator@UBfmeStringHeadRecord160@@@_STL@@QBEPAUBfmeStringHeadRecord160@@IPBX@Z
divergent	?allocate@?$allocator@UBfmeStringRecord000331962@@@_STL@@QBEPAUBfmeStringRecord000331962@@IPBX@Z
divergent	?allocate@?$allocator@UBfmeStringRecord00063BE4@@@_STL@@QBEPAUBfmeStringRecord00063BE4@@IPBX@Z
divergent	?allocate@?$allocator@UBfmeStringRecord000B950F@@@_STL@@QBEPAUBfmeStringRecord000B950F@@IPBX@Z
divergent	?allocate@?$allocator@UBfmeStringRecord000B9534@@@_STL@@QBEPAUBfmeStringRecord000B9534@@IPBX@Z
divergent	?allocate@?$allocator@UBfmeStringRecord0022074B@@@_STL@@QBEPAUBfmeStringRecord0022074B@@IPBX@Z
divergent	?allocate@?$allocator@UBfmeStringRecord00395E75@@@_STL@@QBEPAUBfmeStringRecord00395E75@@IPBX@Z
divergent	?allocate@?$allocator@UBfmeStringRecord00466E64@@@_STL@@QBEPAUBfmeStringRecord00466E64@@IPBX@Z
divergent	?allocate@?$allocator@UBfmeStringRecord005F93E3@@@_STL@@QBEPAUBfmeStringRecord005F93E3@@IPBX@Z
divergent	?allocate@?$allocator@UBfmeWordValue4@@@_STL@@QBEPAUBfmeWordValue4@@IPBX@Z
divergent	?allocate@?$allocator@UEvaMessageInfo@@@_STL@@QBEPAUEvaMessageInfo@@IPBX@Z
divergent	?allocate@?$allocator@UFlightDeckInfo@FlightDeckBehavior@@@_STL@@QBEPAUFlightDeckInfo@FlightDeckBehavior@@IPBX@Z
divergent	?allocate@?$allocator@UGen003AA0D0@@@_STL@@QBEPAUGen003AA0D0@@IPBX@Z
divergent	?allocate@?$allocator@UNugget@ModuleInfo@@@_STL@@QBEPAUNugget@ModuleInfo@@IPBX@Z
divergent	?allocate@?$allocator@UPrereqUnitRec@ProductionPrerequisite@@@_STL@@QBEPAUPrereqUnitRec@ProductionPrerequisite@@IPBX@Z
divergent	?allocate@?$allocator@URva0007BB16Record@@@_STL@@QBEPAURva0007BB16Record@@IPBX@Z
divergent	?allocate@?$allocator@URva0008DE1CElement@@@_STL@@QBEPAURva0008DE1CElement@@IPBX@Z
divergent	?allocate@?$allocator@URva000AB3E2Element@@@_STL@@QBEPAURva000AB3E2Element@@IPBX@Z
divergent	?allocate@?$allocator@URva001741EBElement@@@_STL@@QBEPAURva001741EBElement@@IPBX@Z
divergent	?allocate@?$allocator@URva0019D850Value@@@_STL@@QBEPAURva0019D850Value@@IPBX@Z
divergent	?allocate@?$allocator@URva00336AECElement@@@_STL@@QBEPAURva00336AECElement@@IPBX@Z
divergent	?allocate@?$allocator@URva0040C0C7Element@@@_STL@@QBEPAURva0040C0C7Element@@IPBX@Z
divergent	?allocate@?$allocator@URva00423A4A@@@_STL@@QBEPAURva00423A4A@@IPBX@Z
divergent	?allocate@?$allocator@URva00540295Element@@@_STL@@QBEPAURva00540295Element@@IPBX@Z
divergent	?allocate@?$allocator@URva00601A3AElement@@@_STL@@QBEPAURva00601A3AElement@@IPBX@Z
divergent	?allocate@?$allocator@V?$basic_string@DV?$char_traits@D@_STL@@V?$allocator@D@2@@_STL@@@_STL@@QBEPAV?$basic_string@DV?$char_traits@D@_STL@@V?$allocator@D@2@@2@IPBX@Z
divergent	?allocate@?$allocator@V?$deque@UBfmeWordValue4@@V?$allocator@UBfmeWordValue4@@@_STL@@@_STL@@@_STL@@QBEPAV?$deque@UBfmeWordValue4@@V?$allocator@UBfmeWordValue4@@@_STL@@@2@IPBX@Z
divergent	?allocate@?$allocator@V?$vector@URva0019D850Value@@V?$allocator@URva0019D850Value@@@_STL@@@_STL@@@_STL@@QBEPAV?$vector@URva0019D850Value@@V?$allocator@URva0019D850Value@@@_STL@@@2@IPBX@Z
divergent	?allocate@?$allocator@VArmorTemplateSet@@@_STL@@QBEPAVArmorTemplateSet@@IPBX@Z
divergent	?allocate@?$allocator@VBuddyResponse@@@_STL@@QBEPAVBuddyResponse@@IPBX@Z
divergent	?allocate@?$allocator@VMoney@@@_STL@@QBEPAVMoney@@IPBX@Z
divergent	?allocate@?$allocator@VProductionPrerequisite@@@_STL@@QBEPAVProductionPrerequisite@@IPBX@Z
divergent	?allocate@?$allocator@VRva004E32F2@@@_STL@@QBEPAVRva004E32F2@@IPBX@Z
divergent	?allocate@?$allocator@VRva0052BDE6@@@_STL@@QBEPAVRva0052BDE6@@IPBX@Z
divergent	?allocate@?$allocator@VRva0052BEF0@@@_STL@@QBEPAVRva0052BEF0@@IPBX@Z
divergent	?allocate@?$allocator@VRva0054000B@@@_STL@@QBEPAVRva0054000B@@IPBX@Z
divergent	?allocate@?$allocator@VRva0054103E@@@_STL@@QBEPAVRva0054103E@@IPBX@Z
divergent	?allocate@?$allocator@VRvaSmartPtr12@@@_STL@@QBEPAVRvaSmartPtr12@@IPBX@Z
divergent	?allocate@?$allocator@VW3DAnimationInfo@@@_STL@@QBEPAVW3DAnimationInfo@@IPBX@Z
divergent	?allocate@?$allocator@W4ObjectID@@@_STL@@QBEPAW4ObjectID@@IPBX@Z
divergent	?allocate@?$allocator@W4ParticleSystemID@@@_STL@@QBEPAW4ParticleSystemID@@IPBX@Z
divergent	?allocate@__new_alloc@_STL@@SAPAXI@Z
divergent	?allocateNewWeapon@WeaponStore@@QBEPAVWeapon@@PBVWeaponTemplate@@W4WeaponSlotType@@@Z
divergent	?any@?$BitFlags@$0N@@@QBE_NXZ
divergent	?any@?$bitset@$0CN@@_STL@@QBE_NXZ
divergent	?any@?$bitset@$0HE@@_STL@@QBE_NXZ
divergent	?any@?$bitset@$0HF@@_STL@@QBE_NXZ
divergent	?any@?$bitset@$0IA@@_STL@@QBE_NXZ
divergent	?any@?$bitset@$0N@@_STL@@QBE_NXZ
divergent	?anyIntersectionWith@?$BitFlags@$0HE@@@QBE_NABV1@@Z
divergent	?anyIntersectionWith@?$BitFlags@$0HF@@@QBE_NABV1@@Z
divergent	?append@?$basic_string@DV?$char_traits@D@_STL@@V?$allocator@D@2@@_STL@@QAEAAV12@ABV12@@Z
divergent	?append@?$basic_string@DV?$char_traits@D@_STL@@V?$allocator@D@2@@_STL@@QAEAAV12@ID@Z
divergent	?append@?$basic_string@DV?$char_traits@D@_STL@@V?$allocator@D@2@@_STL@@QAEAAV12@PBD@Z
divergent	?areModulesReady@Object@@QBE_NXZ
divergent	?assign@?$basic_string@GV?$char_traits@G@_STL@@V?$allocator@G@2@@_STL@@QAEAAV12@PBG0@Z
divergent	?assign@?$char_traits@G@_STL@@SAXAAGABG@Z
divergent	?assign@?$deque@PAXV?$allocator@PAX@_STL@@@_STL@@QAEXIABQAX@Z
divergent	?at@?$deque@PAXV?$allocator@PAX@_STL@@@_STL@@QAEAAPAXI@Z
divergent	?at@?$deque@PAXV?$allocator@PAX@_STL@@@_STL@@QBEABQAXI@Z
divergent	?at@?$deque@UBfmeE8@@V?$allocator@UBfmeE8@@@_STL@@@_STL@@QAEAAUBfmeE8@@I@Z
divergent	?at@?$deque@UBfmeE8@@V?$allocator@UBfmeE8@@@_STL@@@_STL@@QBEABUBfmeE8@@I@Z
divergent	?at@?$vector@HV?$allocator@H@_STL@@@_STL@@QAEAAHI@Z
divergent	?at@?$vector@HV?$allocator@H@_STL@@@_STL@@QBEABHI@Z
divergent	?at@?$vector@PAXV?$allocator@PAX@_STL@@@_STL@@QAEAAPAXI@Z
divergent	?at@?$vector@PAXV?$allocator@PAX@_STL@@@_STL@@QBEABQAXI@Z
divergent	?at@?$vector@UAngleFXInfo@@V?$allocator@UAngleFXInfo@@@_STL@@@_STL@@QAEAAUAngleFXInfo@@I@Z
divergent	?at@?$vector@UAngleFXInfo@@V?$allocator@UAngleFXInfo@@@_STL@@@_STL@@QBEABUAngleFXInfo@@I@Z
divergent	?at@?$vector@UBfmeE12@@V?$allocator@UBfmeE12@@@_STL@@@_STL@@QAEAAUBfmeE12@@I@Z
divergent	?at@?$vector@UBfmeE12@@V?$allocator@UBfmeE12@@@_STL@@@_STL@@QBEABUBfmeE12@@I@Z
divergent	?at@?$vector@UBfmePod20@@V?$allocator@UBfmePod20@@@_STL@@@_STL@@QAEAAUBfmePod20@@I@Z
divergent	?at@?$vector@UBfmePod20@@V?$allocator@UBfmePod20@@@_STL@@@_STL@@QBEABUBfmePod20@@I@Z
divergent	?at@?$vector@UBfmePod24@@V?$allocator@UBfmePod24@@@_STL@@@_STL@@QAEAAUBfmePod24@@I@Z
divergent	?at@?$vector@UBfmePod24@@V?$allocator@UBfmePod24@@@_STL@@@_STL@@QBEABUBfmePod24@@I@Z
divergent	?at@?$vector@UBfmePod36@@V?$allocator@UBfmePod36@@@_STL@@@_STL@@QAEAAUBfmePod36@@I@Z
divergent	?at@?$vector@UBfmePod36@@V?$allocator@UBfmePod36@@@_STL@@@_STL@@QBEABUBfmePod36@@I@Z
divergent	?at@?$vector@UBfmePod40@@V?$allocator@UBfmePod40@@@_STL@@@_STL@@QAEAAUBfmePod40@@I@Z
divergent	?at@?$vector@UBfmePod40@@V?$allocator@UBfmePod40@@@_STL@@@_STL@@QBEABUBfmePod40@@I@Z
divergent	?at@?$vector@UBfmeStringRecord000B9534@@V?$allocator@UBfmeStringRecord000B9534@@@_STL@@@_STL@@QAEAAUBfmeStringRecord000B9534@@I@Z
divergent	?at@?$vector@UBfmeStringRecord000B9534@@V?$allocator@UBfmeStringRecord000B9534@@@_STL@@@_STL@@QBEABUBfmeStringRecord000B9534@@I@Z
divergent	?at@?$vector@UGeometryShape@@V?$allocator@UGeometryShape@@@_STL@@@_STL@@QAEAAUGeometryShape@@I@Z
divergent	?at@?$vector@UGeometryShape@@V?$allocator@UGeometryShape@@@_STL@@@_STL@@QBEABUGeometryShape@@I@Z
divergent	?at@?$vector@UPrereqUnitRec@@V?$allocator@UPrereqUnitRec@@@_STL@@@_STL@@QAEAAUPrereqUnitRec@@I@Z
divergent	?at@?$vector@UPrereqUnitRec@@V?$allocator@UPrereqUnitRec@@@_STL@@@_STL@@QBEABUPrereqUnitRec@@I@Z
divergent	?at@?$vector@_NV?$allocator@_N@_STL@@@_STL@@QAE?AU_Bit_reference@2@I@Z
divergent	?at@?$vector@_NV?$allocator@_N@_STL@@@_STL@@QBE_NI@Z
divergent	?atan2@@YAMMM@Z
divergent	?back@?$deque@PAXV?$allocator@PAX@_STL@@@_STL@@QAEAAPAXXZ
divergent	?back@?$deque@PAXV?$allocator@PAX@_STL@@@_STL@@QBEABQAXXZ
divergent	?back@?$deque@UBfmeE8@@V?$allocator@UBfmeE8@@@_STL@@@_STL@@QAEAAUBfmeE8@@XZ
divergent	?back@?$deque@UBfmeE8@@V?$allocator@UBfmeE8@@@_STL@@@_STL@@QBEABUBfmeE8@@XZ
divergent	?back@?$vector@PAXV?$allocator@PAX@_STL@@@_STL@@QBEABQAXXZ
divergent	?back@?$vector@_NV?$allocator@_N@_STL@@@_STL@@QAE?AU_Bit_reference@2@XZ
divergent	?back@?$vector@_NV?$allocator@_N@_STL@@@_STL@@QBE_NXZ
divergent	?begin@?$_Rb_tree@HHU?$_Identity@H@_STL@@U?$less@H@2@V?$allocator@H@2@@_STL@@QAE?AU?$_Rb_tree_iterator@HU?$_Nonconst_traits@H@_STL@@@2@XZ
divergent	?begin@?$_Rb_tree@PAURva001408C0Target@@PAU1@U?$_Identity@PAURva001408C0Target@@@_STL@@U?$less@PAURva001408C0Target@@@3@V?$allocator@PAURva001408C0Target@@@3@@_STL@@QAE?AU?$_Rb_tree_iterator@PAURva001408C0Target@@U?$_Nonconst_traits@PAURva001408C0Target@@@_STL@@@2@XZ
divergent	?begin@?$_Rb_tree@VAsciiString@@V1@U?$_Identity@VAsciiString@@@_STL@@U?$less@VAsciiString@@@3@V?$allocator@VAsciiString@@@3@@_STL@@QAE?AU?$_Rb_tree_iterator@VAsciiString@@U?$_Nonconst_traits@VAsciiString@@@_STL@@@2@XZ
divergent	?begin@?$deque@PAXV?$allocator@PAX@_STL@@@_STL@@QAE?AU?$_Deque_iterator@PAXU?$_Nonconst_traits@PAX@_STL@@@2@XZ
divergent	?begin@?$deque@PAXV?$allocator@PAX@_STL@@@_STL@@QBE?AU?$_Deque_iterator@PAXU?$_Const_traits@PAX@_STL@@@2@XZ
divergent	?begin@?$deque@UBfmeE8@@V?$allocator@UBfmeE8@@@_STL@@@_STL@@QAE?AU?$_Deque_iterator@UBfmeE8@@U?$_Nonconst_traits@UBfmeE8@@@_STL@@@2@XZ
divergent	?begin@?$deque@UBfmeE8@@V?$allocator@UBfmeE8@@@_STL@@@_STL@@QBE?AU?$_Deque_iterator@UBfmeE8@@U?$_Const_traits@UBfmeE8@@@_STL@@@2@XZ
divergent	?begin@?$hash_map@HW4Relationship@@U?$hash@H@_STL@@U?$equal_to@H@3@V?$allocator@U?$pair@$$CBHW4Relationship@@@_STL@@@3@@_STL@@QAE?AU?$_Ht_iterator@U?$pair@$$CBHW4Relationship@@@_STL@@U?$_Nonconst_traits@U?$pair@$$CBHW4Relationship@@@_STL@@@2@HU?$hash@H@2@U?$_Select1st@U?$pair@$$CBHW4Relationship@@@_STL@@@2@U?$equal_to@H@2@V?$allocator@U?$pair@$$CBHW4Relationship@@@_STL@@@2@@2@XZ
divergent	?begin@?$hash_map@W4NameKeyType@@VDamageFX@@U?$hash@W4NameKeyType@@@rts@@U?$equal_to@W4NameKeyType@@@4@V?$allocator@U?$pair@$$CBW4NameKeyType@@VDamageFX@@@_STL@@@_STL@@@_STL@@QAE?AU?$_Ht_iterator@U?$pair@$$CBW4NameKeyType@@VDamageFX@@@_STL@@U?$_Nonconst_traits@U?$pair@$$CBW4NameKeyType@@VDamageFX@@@_STL@@@2@W4NameKeyType@@U?$hash@W4NameKeyType@@@rts@@U?$_Select1st@U?$pair@$$CBW4NameKeyType@@VDamageFX@@@_STL@@@2@U?$equal_to@W4NameKeyType@@@6@V?$allocator@U?$pair@$$CBW4NameKeyType@@VDamageFX@@@_STL@@@2@@2@XZ
divergent	?begin@?$hash_map@W4NameKeyType@@VDamageFX@@U?$hash@W4NameKeyType@@@rts@@U?$equal_to@W4NameKeyType@@@4@V?$allocator@U?$pair@$$CBW4NameKeyType@@VDamageFX@@@_STL@@@_STL@@@_STL@@QBE?AU?$_Ht_iterator@U?$pair@$$CBW4NameKeyType@@VDamageFX@@@_STL@@U?$_Const_traits@U?$pair@$$CBW4NameKeyType@@VDamageFX@@@_STL@@@2@W4NameKeyType@@U?$hash@W4NameKeyType@@@rts@@U?$_Select1st@U?$pair@$$CBW4NameKeyType@@VDamageFX@@@_STL@@@2@U?$equal_to@W4NameKeyType@@@6@V?$allocator@U?$pair@$$CBW4NameKeyType@@VDamageFX@@@_STL@@@2@@2@XZ
divergent	?begin@?$hashtable@U?$pair@$$CBHH@_STL@@HU?$hash@H@2@U?$_Select1st@U?$pair@$$CBHH@_STL@@@2@U?$equal_to@H@2@V?$allocator@U?$pair@$$CBHH@_STL@@@2@@_STL@@QBE?AU?$_Ht_iterator@U?$pair@$$CBHH@_STL@@U?$_Const_traits@U?$pair@$$CBHH@_STL@@@2@HU?$hash@H@2@U?$_Select1st@U?$pair@$$CBHH@_STL@@@2@U?$equal_to@H@2@V?$allocator@U?$pair@$$CBHH@_STL@@@2@@2@XZ
divergent	?begin@?$hashtable@U?$pair@$$CBHW4Relationship@@@_STL@@HU?$hash@H@2@U?$_Select1st@U?$pair@$$CBHW4Relationship@@@_STL@@@2@U?$equal_to@H@2@V?$allocator@U?$pair@$$CBHW4Relationship@@@_STL@@@2@@_STL@@QAE?AU?$_Ht_iterator@U?$pair@$$CBHW4Relationship@@@_STL@@U?$_Nonconst_traits@U?$pair@$$CBHW4Relationship@@@_STL@@@2@HU?$hash@H@2@U?$_Select1st@U?$pair@$$CBHW4Relationship@@@_STL@@@2@U?$equal_to@H@2@V?$allocator@U?$pair@$$CBHW4Relationship@@@_STL@@@2@@2@XZ
divergent	?begin@?$hashtable@U?$pair@$$CBW4NameKeyType@@VDamageFX@@@_STL@@W4NameKeyType@@U?$hash@W4NameKeyType@@@rts@@U?$_Select1st@U?$pair@$$CBW4NameKeyType@@VDamageFX@@@_STL@@@2@U?$equal_to@W4NameKeyType@@@5@V?$allocator@U?$pair@$$CBW4NameKeyType@@VDamageFX@@@_STL@@@2@@_STL@@QAE?AU?$_Ht_iterator@U?$pair@$$CBW4NameKeyType@@VDamageFX@@@_STL@@U?$_Nonconst_traits@U?$pair@$$CBW4NameKeyType@@VDamageFX@@@_STL@@@2@W4NameKeyType@@U?$hash@W4NameKeyType@@@rts@@U?$_Select1st@U?$pair@$$CBW4NameKeyType@@VDamageFX@@@_STL@@@2@U?$equal_to@W4NameKeyType@@@6@V?$allocator@U?$pair@$$CBW4NameKeyType@@VDamageFX@@@_STL@@@2@@2@XZ
divergent	?begin@?$hashtable@U?$pair@$$CBW4NameKeyType@@VDamageFX@@@_STL@@W4NameKeyType@@U?$hash@W4NameKeyType@@@rts@@U?$_Select1st@U?$pair@$$CBW4NameKeyType@@VDamageFX@@@_STL@@@2@U?$equal_to@W4NameKeyType@@@5@V?$allocator@U?$pair@$$CBW4NameKeyType@@VDamageFX@@@_STL@@@2@@_STL@@QBE?AU?$_Ht_iterator@U?$pair@$$CBW4NameKeyType@@VDamageFX@@@_STL@@U?$_Const_traits@U?$pair@$$CBW4NameKeyType@@VDamageFX@@@_STL@@@2@W4NameKeyType@@U?$hash@W4NameKeyType@@@rts@@U?$_Select1st@U?$pair@$$CBW4NameKeyType@@VDamageFX@@@_STL@@@2@U?$equal_to@W4NameKeyType@@@6@V?$allocator@U?$pair@$$CBW4NameKeyType@@VDamageFX@@@_STL@@@2@@2@XZ
divergent	?begin@?$list@PAXV?$allocator@PAX@_STL@@@_STL@@QBE?AU?$_List_iterator@PAXU?$_Const_traits@PAX@_STL@@@2@XZ
divergent	?begin@?$vector@IV?$allocator@I@_STL@@@_STL@@QAEPAIXZ
divergent	?begin@?$vector@PAXV?$allocator@PAX@_STL@@@_STL@@QBEPBQAXXZ
divergent	?buffer_size@?$_Deque_base@UBfmeE8@@V?$allocator@UBfmeE8@@@_STL@@@_STL@@SAIXZ
divergent	?buildFieldParse@AssaultTransportAIUpdateModuleData@@SAXAAVMultiIniFieldParse@@@Z
divergent	?buildFieldParse@AutoDepositUpdateModuleData@@SAXAAVMultiIniFieldParse@@@Z
divergent	?buildFieldParse@AutoHealBehaviorModuleData@@SAXAAVMultiIniFieldParse@@@Z
divergent	?buildFieldParse@BoneFXUpdateModuleData@@SAXAAVMultiIniFieldParse@@@Z
divergent	?buildFieldParse@CaveContainModuleData@@SAXAAVMultiIniFieldParse@@@Z
divergent	?buildFieldParse@CrushDieModuleData@@SAXAAVMultiIniFieldParse@@@Z
divergent	?buildFieldParse@DefaultProductionExitUpdateModuleData@@SAXAAVMultiIniFieldParse@@@Z
divergent	?buildFieldParse@DeletionUpdateModuleData@@SAXAAVMultiIniFieldParse@@@Z
divergent	?buildFieldParse@DeployStyleAIUpdateModuleData@@SAXAAVMultiIniFieldParse@@@Z
divergent	?buildFieldParse@FireWeaponWhenDamagedBehaviorModuleData@@SAXAAVMultiIniFieldParse@@@Z
divergent	?buildFieldParse@FireWeaponWhenDeadBehaviorModuleData@@SAXAAVMultiIniFieldParse@@@Z
divergent	?buildFieldParse@GarrisonContainModuleData@@SAXAAVMultiIniFieldParse@@@Z
divergent	?buildFieldParse@HijackerUpdateModuleData@@SAXAAVMultiIniFieldParse@@@Z
divergent	?buildFieldParse@LifetimeUpdateModuleData@@SAXAAVMultiIniFieldParse@@@Z
divergent	?buildFieldParse@MoneyCrateCollideModuleData@@SAXAAVMultiIniFieldParse@@@Z
divergent	?buildFieldParse@RadarUpdateModuleData@@SAXAAVMultiIniFieldParse@@@Z
divergent	?buildFieldParse@SlavedUpdateModuleData@@SAXAAVMultiIniFieldParse@@@Z
divergent	?buildFieldParse@SpawnBehaviorModuleData@@SAXAAVMultiIniFieldParse@@@Z
divergent	?buildFieldParse@SpawnPointProductionExitUpdateModuleData@@SAXAAVMultiIniFieldParse@@@Z
divergent	?buildFieldParse@SpecialPowerCompletionDieModuleData@@SAXAAVMultiIniFieldParse@@@Z
divergent	?buildFieldParse@StructureBodyModuleData@@SAXAAVMultiIniFieldParse@@@Z
divergent	?buildFieldParse@SupplyTruckAIUpdateModuleData@@SAXAAVMultiIniFieldParse@@@Z
divergent	?buildFieldParse@TunnelContainModuleData@@SAXAAVMultiIniFieldParse@@@Z
divergent	?buildFieldParse@UpgradeDieModuleData@@SAXAAVMultiIniFieldParse@@@Z
divergent	?buildFieldParse@VeterancyCrateCollideModuleData@@SAXAAVMultiIniFieldParse@@@Z
divergent	?buildFieldParse@WorkerAIUpdateModuleData@@SAXAAVMultiIniFieldParse@@@Z
divergent	?capacity@?$vector@IV?$allocator@I@_STL@@@_STL@@QBEIXZ
divergent	?capacity@?$vector@UBfmePod36@@V?$allocator@UBfmePod36@@@_STL@@@_STL@@QBEIXZ
divergent	?capacity@?$vector@UCoord3D@@V?$allocator@UCoord3D@@@_STL@@@_STL@@QBEIXZ
divergent	?capacity@?$vector@UFlightDeckInfo@FlightDeckBehavior@@V?$allocator@UFlightDeckInfo@FlightDeckBehavior@@@_STL@@@_STL@@QBEIXZ
divergent	?capacity@?$vector@UNugget@ModuleInfo@@V?$allocator@UNugget@ModuleInfo@@@_STL@@@_STL@@QBEIXZ
divergent	?capacity@?$vector@UPrereqUnitRec@ProductionPrerequisite@@V?$allocator@UPrereqUnitRec@ProductionPrerequisite@@@_STL@@@_STL@@QBEIXZ
divergent	?capacity@?$vector@VArmorTemplateSet@@V?$allocator@VArmorTemplateSet@@@_STL@@@_STL@@QBEIXZ
divergent	?capacity@?$vector@VProductionPrerequisite@@V?$allocator@VProductionPrerequisite@@@_STL@@@_STL@@QBEIXZ
divergent	?capacity@?$vector@VWeaponTemplateSet@@V?$allocator@VWeaponTemplateSet@@@_STL@@@_STL@@QBEIXZ
divergent	?ceil@@YAMM@Z
divergent	?clear@?$BitFlags@$0HF@@@QAEXXZ
divergent	?clear@?$BitFlags@$0IA@@@QAEXXZ
divergent	?clear@?$_List_base@PAVDrawable@@V?$allocator@PAVDrawable@@@_STL@@@_STL@@QAEXXZ
divergent	?clear@?$_List_base@PAVFXNugget@@V?$allocator@PAVFXNugget@@@_STL@@@_STL@@QAEXXZ
divergent	?clear@?$_List_base@PAVObject@@V?$allocator@PAVObject@@@_STL@@@_STL@@QAEXXZ
divergent	?clear@?$_List_base@UBfmePod8@@V?$allocator@UBfmePod8@@@_STL@@@_STL@@QAEXXZ
divergent	?clear@?$_List_base@UBfmeStringRecord002B4DC1@@V?$allocator@UBfmeStringRecord002B4DC1@@@_STL@@@_STL@@QAEXXZ
divergent	?clear@?$_List_base@UCoord3D@@V?$allocator@UCoord3D@@@_STL@@@_STL@@QAEXXZ
divergent	?clear@?$_List_base@V?$basic_string@DV?$char_traits@D@_STL@@V?$allocator@D@2@@_STL@@V?$allocator@V?$basic_string@DV?$char_traits@D@_STL@@V?$allocator@D@2@@_STL@@@2@@_STL@@QAEXXZ
divergent	?clear@?$_List_base@W4ObjectID@@V?$allocator@W4ObjectID@@@_STL@@@_STL@@QAEXXZ
divergent	?clear@?$_Rb_tree@$$CBV?$BitFlags@$0BB@@@U?$pair@$$CBV?$BitFlags@$0BB@@@PBVWeaponTemplateSet@@@_STL@@U?$_Select1st@U?$pair@$$CBV?$BitFlags@$0BB@@@PBVWeaponTemplateSet@@@_STL@@@3@UMapHelper@?$SparseMatchFinder@VWeaponTemplateSet@@V?$BitFlags@$0BB@@@@@V?$allocator@U?$pair@$$CBV?$BitFlags@$0BB@@@PBVWeaponTemplateSet@@@_STL@@@3@@_STL@@QAEXXZ
divergent	?clear@?$_Rb_tree@$$CBV?$BitFlags@$0L@@@U?$pair@$$CBV?$BitFlags@$0L@@@PBVArmorTemplateSet@@@_STL@@U?$_Select1st@U?$pair@$$CBV?$BitFlags@$0L@@@PBVArmorTemplateSet@@@_STL@@@3@UMapHelper@?$SparseMatchFinder@VArmorTemplateSet@@V?$BitFlags@$0L@@@@@V?$allocator@U?$pair@$$CBV?$BitFlags@$0L@@@PBVArmorTemplateSet@@@_STL@@@3@@_STL@@QAEXXZ
divergent	?clear@?$_Rb_tree@GU?$pair@$$CBGH@_STL@@U?$_Select1st@U?$pair@$$CBGH@_STL@@@2@U?$less@G@2@V?$allocator@U?$pair@$$CBGH@_STL@@@2@@_STL@@QAEXXZ
divergent	?clear@?$_Rb_tree@HHU?$_Identity@H@_STL@@U?$less@H@2@V?$allocator@H@2@@_STL@@QAEXXZ
divergent	?clear@?$_Rb_tree@HU?$pair@$$CBHH@_STL@@U?$_Select1st@U?$pair@$$CBHH@_STL@@@2@U?$less@H@2@V?$allocator@U?$pair@$$CBHH@_STL@@@2@@_STL@@QAEXXZ
divergent	?clear@?$_Rb_tree@HU?$pair@$$CBHI@_STL@@U?$_Select1st@U?$pair@$$CBHI@_STL@@@2@U?$less@H@2@V?$allocator@U?$pair@$$CBHI@_STL@@@2@@_STL@@QAEXXZ
divergent	?clear@?$_Rb_tree@VAsciiString@@U?$pair@$$CBVAsciiString@@PBVFXList@@@_STL@@U?$_Select1st@U?$pair@$$CBVAsciiString@@PBVFXList@@@_STL@@@3@U?$less@VAsciiString@@@3@V?$allocator@U?$pair@$$CBVAsciiString@@PBVFXList@@@_STL@@@3@@_STL@@QAEXXZ
divergent	?clear@?$_Rb_tree@VAsciiString@@U?$pair@$$CBVAsciiString@@VArchivedFileInfo@@@_STL@@U?$_Select1st@U?$pair@$$CBVAsciiString@@VArchivedFileInfo@@@_STL@@@3@U?$less@VAsciiString@@@3@V?$allocator@U?$pair@$$CBVAsciiString@@VArchivedFileInfo@@@_STL@@@3@@_STL@@QAEXXZ
divergent	?clear@?$_Rb_tree@VAsciiString@@U?$pair@$$CBVAsciiString@@VAudioEventRTS@@@_STL@@U?$_Select1st@U?$pair@$$CBVAsciiString@@VAudioEventRTS@@@_STL@@@3@U?$less@VAsciiString@@@3@V?$allocator@U?$pair@$$CBVAsciiString@@VAudioEventRTS@@@_STL@@@3@@_STL@@QAEXXZ
divergent	?clear@?$_Rb_tree@VAsciiString@@U?$pair@$$CBVAsciiString@@VDetailedArchivedDirectoryInfo@@@_STL@@U?$_Select1st@U?$pair@$$CBVAsciiString@@VDetailedArchivedDirectoryInfo@@@_STL@@@3@U?$less@VAsciiString@@@3@V?$allocator@U?$pair@$$CBVAsciiString@@VDetailedArchivedDirectoryInfo@@@_STL@@@3@@_STL@@QAEXXZ
divergent	?clear@?$_Rb_tree@VAsciiString@@U?$pair@$$CBVAsciiString@@VMapMetaData@@@_STL@@U?$_Select1st@U?$pair@$$CBVAsciiString@@VMapMetaData@@@_STL@@@3@U?$less@VAsciiString@@@3@V?$allocator@U?$pair@$$CBVAsciiString@@VMapMetaData@@@_STL@@@3@@_STL@@QAEXXZ
divergent	?clear@?$_Rb_tree@VAsciiString@@U?$pair@$$CBVAsciiString@@_N@_STL@@U?$_Select1st@U?$pair@$$CBVAsciiString@@_N@_STL@@@3@U?$less@VAsciiString@@@3@V?$allocator@U?$pair@$$CBVAsciiString@@_N@_STL@@@3@@_STL@@QAEXXZ
divergent	?clear@?$_Rb_tree@VUnicodeString@@U?$pair@$$CBVUnicodeString@@_N@_STL@@U?$_Select1st@U?$pair@$$CBVUnicodeString@@_N@_STL@@@3@UUnicodeStringLessThan@@V?$allocator@U?$pair@$$CBVUnicodeString@@_N@_STL@@@3@@_STL@@QAEXXZ
divergent	?clear@?$_Rb_tree@W4LocomotorSetType@@U?$pair@$$CBW4LocomotorSetType@@V?$vector@PBVLocomotorTemplate@@V?$allocator@PBVLocomotorTemplate@@@_STL@@@_STL@@@_STL@@U?$_Select1st@U?$pair@$$CBW4LocomotorSetType@@V?$vector@PBVLocomotorTemplate@@V?$allocator@PBVLocomotorTemplate@@@_STL@@@_STL@@@_STL@@@3@U?$less@W4LocomotorSetType@@@3@V?$allocator@U?$pair@$$CBW4LocomotorSetType@@V?$vector@PBVLocomotorTemplate@@V?$allocator@PBVLocomotorTemplate@@@_STL@@@_STL@@@_STL@@@3@@_STL@@QAEXXZ
divergent	?clear@?$_Rb_tree@W4NameKeyType@@U?$pair@$$CBW4NameKeyType@@UPristineBoneInfo@@@_STL@@U?$_Select1st@U?$pair@$$CBW4NameKeyType@@UPristineBoneInfo@@@_STL@@@3@U?$less@W4NameKeyType@@@3@V?$allocator@U?$pair@$$CBW4NameKeyType@@UPristineBoneInfo@@@_STL@@@3@@_STL@@QAEXXZ
divergent	?clear@?$deque@PAXV?$allocator@PAX@_STL@@@_STL@@QAEXXZ
divergent	?clear@?$hashtable@U?$pair@$$CBVAsciiString@@PAVThingTemplate@@@_STL@@VAsciiString@@U?$hash@VAsciiString@@@rts@@U?$_Select1st@U?$pair@$$CBVAsciiString@@PAVThingTemplate@@@_STL@@@2@U?$equal_to@VAsciiString@@@5@V?$allocator@U?$pair@$$CBVAsciiString@@PAVThingTemplate@@@_STL@@@2@@_STL@@QAEXXZ
divergent	?clear@?$hashtable@U?$pair@$$CBW4NameKeyType@@VArmorTemplate@@@_STL@@W4NameKeyType@@U?$hash@W4NameKeyType@@@rts@@U?$_Select1st@U?$pair@$$CBW4NameKeyType@@VArmorTemplate@@@_STL@@@2@U?$equal_to@W4NameKeyType@@@5@V?$allocator@U?$pair@$$CBW4NameKeyType@@VArmorTemplate@@@_STL@@@2@@_STL@@QAEXXZ
divergent	?clear@?$hashtable@U?$pair@$$CBW4NameKeyType@@VDamageFX@@@_STL@@W4NameKeyType@@U?$hash@W4NameKeyType@@@rts@@U?$_Select1st@U?$pair@$$CBW4NameKeyType@@VDamageFX@@@_STL@@@2@U?$equal_to@W4NameKeyType@@@5@V?$allocator@U?$pair@$$CBW4NameKeyType@@VDamageFX@@@_STL@@@2@@_STL@@QAEXXZ
divergent	?clear@?$hashtable@U?$pair@QBVGameWindow@@PAVWindowVideo@@@_STL@@PBVGameWindow@@UhashConstGameWindowPtr@WindowVideoManager@@U?$_Select1st@U?$pair@QBVGameWindow@@PAVWindowVideo@@@_STL@@@2@U?$equal_to@PBVGameWindow@@@2@V?$allocator@U?$pair@QBVGameWindow@@PAVWindowVideo@@@_STL@@@2@@_STL@@QAEXXZ
divergent	?clear@?$map@HHU?$less@H@_STL@@V?$allocator@U?$pair@$$CBHH@_STL@@@2@@_STL@@QAEXXZ
divergent	?clear@?$map@VUnicodeString@@_NUUnicodeStringLessThan@@V?$allocator@U?$pair@$$CBVUnicodeString@@_N@_STL@@@_STL@@@_STL@@QAEXXZ
divergent	?clear@?$map@W4NameKeyType@@UPristineBoneInfo@@U?$less@W4NameKeyType@@@_STL@@V?$allocator@U?$pair@$$CBW4NameKeyType@@UPristineBoneInfo@@@_STL@@@4@@_STL@@QAEXXZ
divergent	?clear@?$vector@PAXV?$allocator@PAX@_STL@@@_STL@@QAEXXZ
divergent	?clear@?$vector@UAngleFXInfo@@V?$allocator@UAngleFXInfo@@@_STL@@@_STL@@QAEXXZ
divergent	?clear@?$vector@UBfmePod36@@V?$allocator@UBfmePod36@@@_STL@@@_STL@@QAEXXZ
divergent	?clear@?$vector@USegInfo@W3DRopeDraw@@V?$allocator@USegInfo@W3DRopeDraw@@@_STL@@@_STL@@QAEXXZ
divergent	?clear@?$vector@VAsciiString@@V?$allocator@VAsciiString@@@_STL@@@_STL@@QAEXXZ
divergent	?clear@?$vector@W4ScienceType@@V?$allocator@W4ScienceType@@@_STL@@@_STL@@QAEXXZ
divergent	?clear@?$vector@_NV?$allocator@_N@_STL@@@_STL@@QAEXXZ
divergent	?clear@WeaponBonus@@QAEXXZ
divergent	?clearModelConditionState@Drawable@@QAEXW4ModelConditionFlagType@@@Z
divergent	?clearStatus@Object@@QAEXV?$BitFlags@$0CN@@@@Z
divergent	?clone@?$ConcreteModuleTemplate@V?$ModuleTag@$01$E?RENDEROBJECT_UPDATE_MODULE_KEY@FXParticleSystem@@3QBDB$E?RENDEROBJECT_UPDATE_MODULE_NAME@2@3QBDBVRenderObjectUpdateModule@2@VRenderObjectUpdateModuleTemplate@2@V?$DefaultParticleModule@$01@2@@FXParticleSystem@@@FXParticleSystem@@UBEPAVRenderObjectUpdateModuleTemplate@2@XZ
divergent	?clone@?$ConcreteModuleTemplate@V?$ModuleTag@$05$E?GPU_DRAW_MODULE_KEY@FXParticleSystem@@3QBDB$E?GPU_DRAW_MODULE_NAME@2@3QBDBVGpuDrawModule@2@VGpuDrawModuleTemplate@2@V?$DefaultParticleModule@$05@2@@FXParticleSystem@@@FXParticleSystem@@UBEPAVGpuDrawModuleTemplate@2@XZ
divergent	?clone@?$ConcreteModuleTemplate@V?$ModuleTag@$05$E?RENDEROBJECT_DRAW_MODULE_KEY@FXParticleSystem@@3QBDB$E?RENDEROBJECT_DRAW_MODULE_NAME@2@3QBDBVRenderObjectDrawModule@2@VRenderObjectDrawModuleTemplate@2@V?$DefaultParticleModule@$05@2@@FXParticleSystem@@@FXParticleSystem@@UBEPAVRenderObjectDrawModuleTemplate@2@XZ
divergent	?clone@?$ConcreteModuleTemplate@V?$ModuleTag@$07$E?LIFE_EVENT_MODULE_KEY@FXParticleSystem@@3QBDB$E?LIFE_EVENT_MODULE_NAME@2@3QBDBVLifeEventModule@2@VLifeEventModuleTemplate@2@VParticleLifeEventModule@2@@FXParticleSystem@@@FXParticleSystem@@UBEPAVLifeEventModuleTemplate@2@XZ
divergent	?clone@?$ConcreteModuleTemplate@V?$ModuleTag@$07$E?TERRAIN_COLLISION_MODULE_KEY@FXParticleSystem@@3QBDB$E?TERRAIN_COLLISION_MODULE_NAME@2@3QBDBVTerrainCollisionModule@2@VTerrainCollisionModuleTemplate@2@VParticleTerrainCollisionModule@2@@FXParticleSystem@@@FXParticleSystem@@UBEPAVTerrainCollisionModuleTemplate@2@XZ
divergent	?compare@UnicodeString@@QBEHABV1@@Z
divergent	?compareNoCase@AsciiString@@QBEHABV1@@Z
divergent	?concat@AsciiString@@QAEXD@Z
divergent	?concat@UnicodeString@@QAEXABV1@@Z
divergent	?copy@?$basic_string@DV?$char_traits@D@_STL@@V?$allocator@D@2@@_STL@@QBEIPADII@Z
divergent	?copyfmt@?$basic_ios@DV?$char_traits@D@_STL@@@_STL@@QAEAAV12@ABV12@@Z
divergent	?copyfmt@?$basic_ios@GV?$char_traits@G@_STL@@@_STL@@QAEAAV12@ABV12@@Z
divergent	?count@?$bitset@$0BB@@_STL@@QBEIXZ
divergent	?count@?$bitset@$0HF@@_STL@@QBEIXZ
divergent	?count@?$hash_map@HHU?$hash@H@_STL@@U?$equal_to@H@2@V?$allocator@U?$pair@$$CBHH@_STL@@@2@@_STL@@QBEIABH@Z
divergent	?count@?$hashtable@U?$pair@$$CBHH@_STL@@HU?$hash@H@2@U?$_Select1st@U?$pair@$$CBHH@_STL@@@2@U?$equal_to@H@2@V?$allocator@U?$pair@$$CBHH@_STL@@@2@@_STL@@QBEIABH@Z
divergent	?count@?$hashtable@U?$pair@$$CBW4NameKeyType@@VDamageFX@@@_STL@@W4NameKeyType@@U?$hash@W4NameKeyType@@@rts@@U?$_Select1st@U?$pair@$$CBW4NameKeyType@@VDamageFX@@@_STL@@@2@U?$equal_to@W4NameKeyType@@@5@V?$allocator@U?$pair@$$CBW4NameKeyType@@VDamageFX@@@_STL@@@2@@_STL@@QBEIABW4NameKeyType@@@Z
divergent	?count@?$map@HHU?$less@H@_STL@@V?$allocator@U?$pair@$$CBHH@_STL@@@2@@_STL@@QBEIABH@Z
divergent	?countConditionIntersection@?$SparseMatchFinder@UModelConditionInfo@@V?$BitFlags@$0HF@@@@@CAHABV?$BitFlags@$0HF@@@0@Z
divergent	?countConditionInverseIntersection@?$SparseMatchFinder@UModelConditionInfo@@V?$BitFlags@$0HF@@@@@CAHABV?$BitFlags@$0HF@@@0@Z
divergent	?countIntersection@?$BitFlags@$0HF@@@QBEHABV1@@Z
divergent	?countIntersection@?$BitFlags@$0L@@@QBEHABV1@@Z
divergent	?countInverseIntersection@?$BitFlags@$0HF@@@QBEHABV1@@Z
divergent	?countInverseIntersection@?$BitFlags@$0L@@@QBEHABV1@@Z
divergent	?create@ObjectCreationList@@SAPAVObject@@PBV1@PBV2@1I@Z
divergent	?create@ObjectCreationList@@SAPAVObject@@PBV1@PBV2@PBUCoord3D@@2MI@Z
divergent	?createFontLibrary@W3DGameClient@@MAEPAVFontLibrary@@XZ
divergent	?createSnowManager@W3DGameClient@@MAEPAVSnowManager@@XZ
divergent	?createTemplate@?$ConcreteModuleClass@UOrthoEmissionVelocityModuleTag@FXParticleSystem@@@FXParticleSystem@@UBEPAVOrthoEmissionVelocityModuleTemplate@2@XZ
divergent	?createTemplate@?$ConcreteModuleClass@V?$DefaultModuleTag@$00@FXParticleSystem@@@FXParticleSystem@@UBEPAV?$DefaultModuleTemplate@$00@2@XZ
divergent	?createTemplate@?$ConcreteModuleClass@V?$DefaultModuleTag@$01@FXParticleSystem@@@FXParticleSystem@@UBEPAV?$DefaultModuleTemplate@$01@2@XZ
divergent	?createTemplate@?$ConcreteModuleClass@V?$DefaultModuleTag@$02@FXParticleSystem@@@FXParticleSystem@@UBEPAV?$DefaultModuleTemplate@$02@2@XZ
divergent	?createTemplate@?$ConcreteModuleClass@V?$DefaultModuleTag@$05@FXParticleSystem@@@FXParticleSystem@@UBEPAV?$DefaultModuleTemplate@$05@2@XZ
divergent	?createTemplate@?$ConcreteModuleClass@V?$DefaultModuleTag@$06@FXParticleSystem@@@FXParticleSystem@@UBEPAV?$DefaultModuleTemplate@$06@2@XZ
divergent	?createTemplate@?$ConcreteModuleClass@V?$DefaultModuleTag@$0A@@FXParticleSystem@@@FXParticleSystem@@UBEPAV?$DefaultModuleTemplate@$0A@@2@XZ
divergent	?createTemplate@?$ConcreteModuleClass@V?$ModuleTag@$01$E?RENDEROBJECT_UPDATE_MODULE_KEY@FXParticleSystem@@3QBDB$E?RENDEROBJECT_UPDATE_MODULE_NAME@2@3QBDBVRenderObjectUpdateModule@2@VRenderObjectUpdateModuleTemplate@2@V?$DefaultParticleModule@$01@2@@FXParticleSystem@@@FXParticleSystem@@UBEPAVRenderObjectUpdateModuleTemplate@2@XZ
divergent	?createTemplate@?$ConcreteModuleClass@V?$ModuleTag@$03$E?CYLINDRICAL_EMISSION_VELOCITY_MODULE_KEY@FXParticleSystem@@3QBDB$E?CYLINDRICAL_EMISSION_VELOCITY_MODULE_NAME@2@3QBDBVCylindricalEmissionVelocityModule@2@VCylindricalEmissionVelocityModuleTemplate@2@V?$DefaultParticleModule@$03@2@@FXParticleSystem@@@FXParticleSystem@@UBEPAVCylindricalEmissionVelocityModuleTemplate@2@XZ
divergent	?createTemplate@?$ConcreteModuleClass@V?$ModuleTag@$03$E?HEMISPHERICAL_EMISSION_VELOCITY_MODULE_KEY@FXParticleSystem@@3QBDB$E?HEMISPHERICAL_EMISSION_VELOCITY_MODULE_NAME@2@3QBDBVHemisphericalEmissionVelocityModule@2@VHemisphericalEmissionVelocityModuleTemplate@2@V?$DefaultParticleModule@$03@2@@FXParticleSystem@@@FXParticleSystem@@UBEPAVHemisphericalEmissionVelocityModuleTemplate@2@XZ
divergent	?createTemplate@?$ConcreteModuleClass@V?$ModuleTag@$03$E?OUTWARD_EMISSION_VELOCITY_MODULE_KEY@FXParticleSystem@@3QBDB$E?OUTWARD_EMISSION_VELOCITY_MODULE_NAME@2@3QBDBVOutwardEmissionVelocityModule@2@VOutwardEmissionVelocityModuleTemplate@2@V?$DefaultParticleModule@$03@2@@FXParticleSystem@@@FXParticleSystem@@UBEPAVOutwardEmissionVelocityModuleTemplate@2@XZ
divergent	?createTemplate@?$ConcreteModuleClass@V?$ModuleTag@$03$E?SPHERICAL_EMISSION_VELOCITY_MODULE_KEY@FXParticleSystem@@3QBDB$E?SPHERICAL_EMISSION_VELOCITY_MODULE_NAME@2@3QBDBVSphericalEmissionVelocityModule@2@VSphericalEmissionVelocityModuleTemplate@2@V?$DefaultParticleModule@$03@2@@FXParticleSystem@@@FXParticleSystem@@UBEPAVSphericalEmissionVelocityModuleTemplate@2@XZ
divergent	?createTemplate@?$ConcreteModuleClass@V?$ModuleTag@$04$E?LIGHTNING_EMISSION_MODULE_KEY@FXParticleSystem@@3QBDB$E?LIGHTNING_EMISSION_MODULE_NAME@2@3QBDBVLightningEmissionModule@2@VLightningEmissionModuleTemplate@2@V?$DefaultParticleModule@$04@2@@FXParticleSystem@@@FXParticleSystem@@UBEPAVLightningEmissionModuleTemplate@2@XZ
divergent	?createTemplate@?$ConcreteModuleClass@V?$ModuleTag@$04$E?TERRAIN_FIRE_EMISSION_MODULE_KEY@FXParticleSystem@@3QBDB$E?TERRAIN_FIRE_EMISSION_MODULE_NAME@2@3QBDBVTerrainFireEmissionModule@2@VTerrainFireEmissionModuleTemplate@2@V?$DefaultParticleModule@$04@2@@FXParticleSystem@@@FXParticleSystem@@UBEPAVTerrainFireEmissionModuleTemplate@2@XZ
divergent	?createTemplate@?$ConcreteModuleClass@V?$ModuleTag@$05$E?BUTTERFLY_DRAW_MODULE_KEY@FXParticleSystem@@3QBDB$E?BUTTERFLY_DRAW_MODULE_NAME@2@3QBDBVButterflyDrawModule@2@VButterflyDrawModuleTemplate@2@V?$DefaultParticleModule@$05@2@@FXParticleSystem@@@FXParticleSystem@@UBEPAVButterflyDrawModuleTemplate@2@XZ
divergent	?createTemplate@?$ConcreteModuleClass@V?$ModuleTag@$05$E?GPU_DRAW_MODULE_KEY@FXParticleSystem@@3QBDB$E?GPU_DRAW_MODULE_NAME@2@3QBDBVGpuDrawModule@2@VGpuDrawModuleTemplate@2@V?$DefaultParticleModule@$05@2@@FXParticleSystem@@@FXParticleSystem@@UBEPAVGpuDrawModuleTemplate@2@XZ
divergent	?createTemplate@?$ConcreteModuleClass@V?$ModuleTag@$05$E?LIGHTNING_DRAW_MODULE_KEY@FXParticleSystem@@3QBDB$E?LIGHTNING_DRAW_MODULE_NAME@2@3QBDBVLightningDrawModule@2@VLightningDrawModuleTemplate@2@V?$DefaultParticleModule@$05@2@@FXParticleSystem@@@FXParticleSystem@@UBEPAVLightningDrawModuleTemplate@2@XZ
divergent	?createTemplate@?$ConcreteModuleClass@V?$ModuleTag@$05$E?QUAD_DRAW_MODULE_KEY@FXParticleSystem@@3QBDB$E?QUAD_DRAW_MODULE_NAME@2@3QBDBVQuadDrawModule@2@VQuadDrawModuleTemplate@2@V?$DefaultParticleModule@$05@2@@FXParticleSystem@@@FXParticleSystem@@UBEPAVQuadDrawModuleTemplate@2@XZ
divergent	?createTemplate@?$ConcreteModuleClass@V?$ModuleTag@$05$E?RENDEROBJECT_DRAW_MODULE_KEY@FXParticleSystem@@3QBDB$E?RENDEROBJECT_DRAW_MODULE_NAME@2@3QBDBVRenderObjectDrawModule@2@VRenderObjectDrawModuleTemplate@2@V?$DefaultParticleModule@$05@2@@FXParticleSystem@@@FXParticleSystem@@UBEPAVRenderObjectDrawModuleTemplate@2@XZ
divergent	?createTemplate@?$ConcreteModuleClass@V?$ModuleTag@$05$E?STREAK_DRAW_MODULE_KEY@FXParticleSystem@@3QBDB$E?STREAK_DRAW_MODULE_NAME@2@3QBDBVStreakDrawModule@2@VStreakDrawModuleTemplate@2@V?$DefaultParticleModule@$05@2@@FXParticleSystem@@@FXParticleSystem@@UBEPAVStreakDrawModuleTemplate@2@XZ
divergent	?createTemplate@?$ConcreteModuleClass@V?$ModuleTag@$07$E?LIFE_EVENT_MODULE_KEY@FXParticleSystem@@3QBDB$E?LIFE_EVENT_MODULE_NAME@2@3QBDBVLifeEventModule@2@VLifeEventModuleTemplate@2@VParticleLifeEventModule@2@@FXParticleSystem@@@FXParticleSystem@@UBEPAVLifeEventModuleTemplate@2@XZ
divergent	?createTemplate@?$ConcreteModuleClass@V?$ModuleTag@$07$E?TERRAIN_COLLISION_MODULE_KEY@FXParticleSystem@@3QBDB$E?TERRAIN_COLLISION_MODULE_NAME@2@3QBDBVTerrainCollisionModule@2@VTerrainCollisionModuleTemplate@2@VParticleTerrainCollisionModule@2@@FXParticleSystem@@@FXParticleSystem@@UBEPAVTerrainCollisionModuleTemplate@2@XZ
divergent	?deallocate@?$_STLP_alloc_proxy@IU?$_Hashtable_node@U?$pair@$$CBHH@_STL@@@_STL@@V?$allocator@U?$_Hashtable_node@U?$pair@$$CBHH@_STL@@@_STL@@@2@@_STL@@QAEXPAU?$_Hashtable_node@U?$pair@$$CBHH@_STL@@@2@I@Z
divergent	?deallocate@?$_STLP_alloc_proxy@IU?$_Hashtable_node@U?$pair@$$CBVAsciiString@@PAVThingTemplate@@@_STL@@@_STL@@V?$allocator@U?$_Hashtable_node@U?$pair@$$CBVAsciiString@@PAVThingTemplate@@@_STL@@@_STL@@@2@@_STL@@QAEXPAU?$_Hashtable_node@U?$pair@$$CBVAsciiString@@PAVThingTemplate@@@_STL@@@2@I@Z
divergent	?deallocate@?$_STLP_alloc_proxy@IU?$_Hashtable_node@U?$pair@$$CBVAsciiString@@URva004609B0Mapped@@@_STL@@@_STL@@V?$allocator@U?$_Hashtable_node@U?$pair@$$CBVAsciiString@@URva004609B0Mapped@@@_STL@@@_STL@@@2@@_STL@@QAEXPAU?$_Hashtable_node@U?$pair@$$CBVAsciiString@@URva004609B0Mapped@@@_STL@@@2@I@Z
divergent	?deallocate@?$_STLP_alloc_proxy@IU?$_Hashtable_node@U?$pair@$$CBW4NameKeyType@@VArmorTemplate@@@_STL@@@_STL@@V?$allocator@U?$_Hashtable_node@U?$pair@$$CBW4NameKeyType@@VArmorTemplate@@@_STL@@@_STL@@@2@@_STL@@QAEXPAU?$_Hashtable_node@U?$pair@$$CBW4NameKeyType@@VArmorTemplate@@@_STL@@@2@I@Z
divergent	?deallocate@?$_STLP_alloc_proxy@IU?$_Hashtable_node@U?$pair@$$CBW4NameKeyType@@VDamageFX@@@_STL@@@_STL@@V?$allocator@U?$_Hashtable_node@U?$pair@$$CBW4NameKeyType@@VDamageFX@@@_STL@@@_STL@@@2@@_STL@@QAEXPAU?$_Hashtable_node@U?$pair@$$CBW4NameKeyType@@VDamageFX@@@_STL@@@2@I@Z
divergent	?deallocate@?$_STLP_alloc_proxy@IU?$_Hashtable_node@U?$pair@$$CBW4NameKeyType@@VFXList@@@_STL@@@_STL@@V?$allocator@U?$_Hashtable_node@U?$pair@$$CBW4NameKeyType@@VFXList@@@_STL@@@_STL@@@2@@_STL@@QAEXPAU?$_Hashtable_node@U?$pair@$$CBW4NameKeyType@@VFXList@@@_STL@@@2@I@Z
divergent	?deallocate@?$_STLP_alloc_proxy@IU?$_Hashtable_node@U?$pair@QBVGameWindow@@PAVWindowVideo@@@_STL@@@_STL@@V?$allocator@U?$_Hashtable_node@U?$pair@QBVGameWindow@@PAVWindowVideo@@@_STL@@@_STL@@@2@@_STL@@QAEXPAU?$_Hashtable_node@U?$pair@QBVGameWindow@@PAVWindowVideo@@@_STL@@@2@I@Z
divergent	?deallocate@?$_STLP_alloc_proxy@IUBfmeE8@@V?$allocator@UBfmeE8@@@_STL@@@_STL@@QAEXPAUBfmeE8@@I@Z
divergent	?deallocate@?$_STLP_alloc_proxy@IUBfmeOpaqueOwnedRecord492@@V?$allocator@UBfmeOpaqueOwnedRecord492@@@_STL@@@_STL@@QAEXPAUBfmeOpaqueOwnedRecord492@@I@Z
divergent	?deallocate@?$_STLP_alloc_proxy@IUBfmeOpaqueOwnedRecord840@@V?$allocator@UBfmeOpaqueOwnedRecord840@@@_STL@@@_STL@@QAEXPAUBfmeOpaqueOwnedRecord840@@I@Z
divergent	?deallocate@?$_STLP_alloc_proxy@IUBfmeWordValue4@@V?$allocator@UBfmeWordValue4@@@_STL@@@_STL@@QAEXPAUBfmeWordValue4@@I@Z
divergent	?deallocate@?$_STLP_alloc_proxy@IV?$deque@UBfmeWordValue4@@V?$allocator@UBfmeWordValue4@@@_STL@@@_STL@@V?$allocator@V?$deque@UBfmeWordValue4@@V?$allocator@UBfmeWordValue4@@@_STL@@@_STL@@@2@@_STL@@QAEXPAV?$deque@UBfmeWordValue4@@V?$allocator@UBfmeWordValue4@@@_STL@@@2@I@Z
divergent	?deallocate@?$_STLP_alloc_proxy@IVBuddyRequest@@V?$allocator@VBuddyRequest@@@_STL@@@_STL@@QAEXPAVBuddyRequest@@I@Z
divergent	?deallocate@?$_STLP_alloc_proxy@IVBuddyResponse@@V?$allocator@VBuddyResponse@@@_STL@@@_STL@@QAEXPAVBuddyResponse@@I@Z
divergent	?deallocate@?$_STLP_alloc_proxy@PAEEV?$allocator@E@_STL@@@_STL@@QAEXPAEI@Z
divergent	?deallocate@?$_STLP_alloc_proxy@PAGGV?$allocator@G@_STL@@@_STL@@QAEXPAGI@Z
divergent	?deallocate@?$_STLP_alloc_proxy@PAHHV?$allocator@H@_STL@@@_STL@@QAEXPAHI@Z
divergent	?deallocate@?$_STLP_alloc_proxy@PAIIV?$allocator@I@_STL@@@_STL@@QAEXPAII@Z
divergent	?deallocate@?$_STLP_alloc_proxy@PAJJV?$allocator@J@_STL@@@_STL@@QAEXPAJI@Z
divergent	?deallocate@?$_STLP_alloc_proxy@PAMMV?$allocator@M@_STL@@@_STL@@QAEXPAMI@Z
divergent	?deallocate@?$_STLP_alloc_proxy@PAPAUBfmeE8@@PAU1@V?$allocator@PAUBfmeE8@@@_STL@@@_STL@@QAEXPAPAUBfmeE8@@I@Z
divergent	?deallocate@?$_STLP_alloc_proxy@PAPAUBfmeExpLevelDraw@@PAU1@V?$allocator@PAUBfmeExpLevelDraw@@@_STL@@@_STL@@QAEXPAPAUBfmeExpLevelDraw@@I@Z
divergent	?deallocate@?$_STLP_alloc_proxy@PAPAUBfmeMorphCondition@@PAU1@V?$allocator@PAUBfmeMorphCondition@@@_STL@@@_STL@@QAEXPAPAUBfmeMorphCondition@@I@Z
divergent	?deallocate@?$_STLP_alloc_proxy@PAPAUBfmeOpaqueOwnedRecord492@@PAU1@V?$allocator@PAUBfmeOpaqueOwnedRecord492@@@_STL@@@_STL@@QAEXPAPAUBfmeOpaqueOwnedRecord492@@I@Z
divergent	?deallocate@?$_STLP_alloc_proxy@PAPAUBfmeOpaqueOwnedRecord840@@PAU1@V?$allocator@PAUBfmeOpaqueOwnedRecord840@@@_STL@@@_STL@@QAEXPAPAUBfmeOpaqueOwnedRecord840@@I@Z
divergent	?deallocate@?$_STLP_alloc_proxy@PAPAUBfmeWordValue4@@PAU1@V?$allocator@PAUBfmeWordValue4@@@_STL@@@_STL@@QAEXPAPAUBfmeWordValue4@@I@Z
divergent	?deallocate@?$_STLP_alloc_proxy@PAPAV?$deque@UBfmeWordValue4@@V?$allocator@UBfmeWordValue4@@@_STL@@@_STL@@PAV12@V?$allocator@PAV?$deque@UBfmeWordValue4@@V?$allocator@UBfmeWordValue4@@@_STL@@@_STL@@@2@@_STL@@QAEXPAPAV?$deque@UBfmeWordValue4@@V?$allocator@UBfmeWordValue4@@@_STL@@@2@I@Z
divergent	?deallocate@?$_STLP_alloc_proxy@PAPAVBuddyRequest@@PAV1@V?$allocator@PAVBuddyRequest@@@_STL@@@_STL@@QAEXPAPAVBuddyRequest@@I@Z
divergent	?deallocate@?$_STLP_alloc_proxy@PAPAVBuddyResponse@@PAV1@V?$allocator@PAVBuddyResponse@@@_STL@@@_STL@@QAEXPAPAVBuddyResponse@@I@Z
divergent	?deallocate@?$_STLP_alloc_proxy@PAPAVDrawable@@PAV1@V?$allocator@PAVDrawable@@@_STL@@@_STL@@QAEXPAPAVDrawable@@I@Z
divergent	?deallocate@?$_STLP_alloc_proxy@PAPAVObject@@PAV1@V?$allocator@PAVObject@@@_STL@@@_STL@@QAEXPAPAVObject@@I@Z
divergent	?deallocate@?$_STLP_alloc_proxy@PAPAVObjectCreationNugget@@PAV1@V?$allocator@PAVObjectCreationNugget@@@_STL@@@_STL@@QAEXPAPAVObjectCreationNugget@@I@Z
divergent	?deallocate@?$_STLP_alloc_proxy@PAPAXPAXV?$allocator@PAX@_STL@@@_STL@@QAEXPAPAXI@Z
divergent	?deallocate@?$_STLP_alloc_proxy@PAPBVFXList@@PBV1@V?$allocator@PBVFXList@@@_STL@@@_STL@@QAEXPAPBVFXList@@I@Z
divergent	?deallocate@?$_STLP_alloc_proxy@PAPBVLocomotorTemplate@@PBV1@V?$allocator@PBVLocomotorTemplate@@@_STL@@@_STL@@QAEXPAPBVLocomotorTemplate@@I@Z
divergent	?deallocate@?$_STLP_alloc_proxy@PAPBVModuleData@@PBV1@V?$allocator@PBVModuleData@@@_STL@@@_STL@@QAEXPAPBVModuleData@@I@Z
divergent	?deallocate@?$_STLP_alloc_proxy@PAPBVObjectCreationList@@PBV1@V?$allocator@PBVObjectCreationList@@@_STL@@@_STL@@QAEXPAPBVObjectCreationList@@I@Z
divergent	?deallocate@?$_STLP_alloc_proxy@PAPBVWeaponTemplate@@PBV1@V?$allocator@PBVWeaponTemplate@@@_STL@@@_STL@@QAEXPAPBVWeaponTemplate@@I@Z
divergent	?deallocate@?$_STLP_alloc_proxy@PAU?$_List_node@H@_STL@@U12@V?$allocator@U?$_List_node@H@_STL@@@2@@_STL@@QAEXPAU?$_List_node@H@2@I@Z
divergent	?deallocate@?$_STLP_alloc_proxy@PAU?$_List_node@PAVDrawable@@@_STL@@U12@V?$allocator@U?$_List_node@PAVDrawable@@@_STL@@@2@@_STL@@QAEXPAU?$_List_node@PAVDrawable@@@2@I@Z
divergent	?deallocate@?$_STLP_alloc_proxy@PAU?$_List_node@PAVFXNugget@@@_STL@@U12@V?$allocator@U?$_List_node@PAVFXNugget@@@_STL@@@2@@_STL@@QAEXPAU?$_List_node@PAVFXNugget@@@2@I@Z
divergent	?deallocate@?$_STLP_alloc_proxy@PAU?$_List_node@PAVObject@@@_STL@@U12@V?$allocator@U?$_List_node@PAVObject@@@_STL@@@2@@_STL@@QAEXPAU?$_List_node@PAVObject@@@2@I@Z
divergent	?deallocate@?$_STLP_alloc_proxy@PAU?$_List_node@PAVTeamPrototype@@@_STL@@U12@V?$allocator@U?$_List_node@PAVTeamPrototype@@@_STL@@@2@@_STL@@QAEXPAU?$_List_node@PAVTeamPrototype@@@2@I@Z
divergent	?deallocate@?$_STLP_alloc_proxy@PAU?$_List_node@UBfmePod8@@@_STL@@U12@V?$allocator@U?$_List_node@UBfmePod8@@@_STL@@@2@@_STL@@QAEXPAU?$_List_node@UBfmePod8@@@2@I@Z
divergent	?deallocate@?$_STLP_alloc_proxy@PAU?$_List_node@UBridgeBehaviorListValue12@@@_STL@@U12@V?$allocator@U?$_List_node@UBridgeBehaviorListValue12@@@_STL@@@2@@_STL@@QAEXPAU?$_List_node@UBridgeBehaviorListValue12@@@2@I@Z
divergent	?deallocate@?$_STLP_alloc_proxy@PAU?$_List_node@UCoord3D@@@_STL@@U12@V?$allocator@U?$_List_node@UCoord3D@@@_STL@@@2@@_STL@@QAEXPAU?$_List_node@UCoord3D@@@2@I@Z
divergent	?deallocate@?$_STLP_alloc_proxy@PAU?$_List_node@V?$basic_string@DV?$char_traits@D@_STL@@V?$allocator@D@2@@_STL@@@_STL@@U12@V?$allocator@U?$_List_node@V?$basic_string@DV?$char_traits@D@_STL@@V?$allocator@D@2@@_STL@@@_STL@@@2@@_STL@@QAEXPAU?$_List_node@V?$basic_string@DV?$char_traits@D@_STL@@V?$allocator@D@2@@_STL@@@2@I@Z
divergent	?deallocate@?$_STLP_alloc_proxy@PAU?$_List_node@VAsciiString@@@_STL@@U12@V?$allocator@U?$_List_node@VAsciiString@@@_STL@@@2@@_STL@@QAEXPAU?$_List_node@VAsciiString@@@2@I@Z
divergent	?deallocate@?$_STLP_alloc_proxy@PAU?$_List_node@VQueuedDownload@@@_STL@@U12@V?$allocator@U?$_List_node@VQueuedDownload@@@_STL@@@2@@_STL@@QAEXPAU?$_List_node@VQueuedDownload@@@2@I@Z
divergent	?deallocate@?$_STLP_alloc_proxy@PAU?$_List_node@VUnicodeString@@@_STL@@U12@V?$allocator@U?$_List_node@VUnicodeString@@@_STL@@@2@@_STL@@QAEXPAU?$_List_node@VUnicodeString@@@2@I@Z
divergent	?deallocate@?$_STLP_alloc_proxy@PAU?$_List_node@W4ObjectID@@@_STL@@U12@V?$allocator@U?$_List_node@W4ObjectID@@@_STL@@@2@@_STL@@QAEXPAU?$_List_node@W4ObjectID@@@2@I@Z
divergent	?deallocate@?$_STLP_alloc_proxy@PAU?$_Rb_tree_node@H@_STL@@U12@V?$allocator@U?$_Rb_tree_node@H@_STL@@@2@@_STL@@QAEXPAU?$_Rb_tree_node@H@2@I@Z
divergent	?deallocate@?$_STLP_alloc_proxy@PAU?$_Rb_tree_node@PAURva001408C0Target@@@_STL@@U12@V?$allocator@U?$_Rb_tree_node@PAURva001408C0Target@@@_STL@@@2@@_STL@@QAEXPAU?$_Rb_tree_node@PAURva001408C0Target@@@2@I@Z
divergent	?deallocate@?$_STLP_alloc_proxy@PAU?$_Rb_tree_node@U?$pair@$$CBGH@_STL@@@_STL@@U12@V?$allocator@U?$_Rb_tree_node@U?$pair@$$CBGH@_STL@@@_STL@@@2@@_STL@@QAEXPAU?$_Rb_tree_node@U?$pair@$$CBGH@_STL@@@2@I@Z
divergent	?deallocate@?$_STLP_alloc_proxy@PAU?$_Rb_tree_node@U?$pair@$$CBHH@_STL@@@_STL@@U12@V?$allocator@U?$_Rb_tree_node@U?$pair@$$CBHH@_STL@@@_STL@@@2@@_STL@@QAEXPAU?$_Rb_tree_node@U?$pair@$$CBHH@_STL@@@2@I@Z
divergent	?deallocate@?$_STLP_alloc_proxy@PAU?$_Rb_tree_node@U?$pair@$$CBHI@_STL@@@_STL@@U12@V?$allocator@U?$_Rb_tree_node@U?$pair@$$CBHI@_STL@@@_STL@@@2@@_STL@@QAEXPAU?$_Rb_tree_node@U?$pair@$$CBHI@_STL@@@2@I@Z
divergent	?deallocate@?$_STLP_alloc_proxy@PAU?$_Rb_tree_node@U?$pair@$$CBHPAX@_STL@@@_STL@@U12@V?$allocator@U?$_Rb_tree_node@U?$pair@$$CBHPAX@_STL@@@_STL@@@2@@_STL@@QAEXPAU?$_Rb_tree_node@U?$pair@$$CBHPAX@_STL@@@2@I@Z
divergent	?deallocate@?$_STLP_alloc_proxy@PAU?$_Rb_tree_node@U?$pair@$$CBHUBfmePod24@@@_STL@@@_STL@@U12@V?$allocator@U?$_Rb_tree_node@U?$pair@$$CBHUBfmePod24@@@_STL@@@_STL@@@2@@_STL@@QAEXPAU?$_Rb_tree_node@U?$pair@$$CBHUBfmePod24@@@_STL@@@2@I@Z
divergent	?deallocate@?$_STLP_alloc_proxy@PAU?$_Rb_tree_node@U?$pair@$$CBHUBfmePod52@@@_STL@@@_STL@@U12@V?$allocator@U?$_Rb_tree_node@U?$pair@$$CBHUBfmePod52@@@_STL@@@_STL@@@2@@_STL@@QAEXPAU?$_Rb_tree_node@U?$pair@$$CBHUBfmePod52@@@_STL@@@2@I@Z
divergent	?deallocate@?$_STLP_alloc_proxy@PAU?$_Rb_tree_node@U?$pair@$$CBHURva00462D35Mapped@@@_STL@@@_STL@@U12@V?$allocator@U?$_Rb_tree_node@U?$pair@$$CBHURva00462D35Mapped@@@_STL@@@_STL@@@2@@_STL@@QAEXPAU?$_Rb_tree_node@U?$pair@$$CBHURva00462D35Mapped@@@_STL@@@2@I@Z
divergent	?deallocate@?$_STLP_alloc_proxy@PAU?$_Rb_tree_node@U?$pair@$$CBHVAsciiString@@@_STL@@@_STL@@U12@V?$allocator@U?$_Rb_tree_node@U?$pair@$$CBHVAsciiString@@@_STL@@@_STL@@@2@@_STL@@QAEXPAU?$_Rb_tree_node@U?$pair@$$CBHVAsciiString@@@_STL@@@2@I@Z
divergent	?deallocate@?$_STLP_alloc_proxy@PAU?$_Rb_tree_node@U?$pair@$$CBH_N@_STL@@@_STL@@U12@V?$allocator@U?$_Rb_tree_node@U?$pair@$$CBH_N@_STL@@@_STL@@@2@@_STL@@QAEXPAU?$_Rb_tree_node@U?$pair@$$CBH_N@_STL@@@2@I@Z
divergent	?deallocate@?$_STLP_alloc_proxy@PAU?$_Rb_tree_node@U?$pair@$$CBIPAX@_STL@@@_STL@@U12@V?$allocator@U?$_Rb_tree_node@U?$pair@$$CBIPAX@_STL@@@_STL@@@2@@_STL@@QAEXPAU?$_Rb_tree_node@U?$pair@$$CBIPAX@_STL@@@2@I@Z
divergent	?deallocate@?$_STLP_alloc_proxy@PAU?$_Rb_tree_node@U?$pair@$$CBJVLadderPref@@@_STL@@@_STL@@U12@V?$allocator@U?$_Rb_tree_node@U?$pair@$$CBJVLadderPref@@@_STL@@@_STL@@@2@@_STL@@QAEXPAU?$_Rb_tree_node@U?$pair@$$CBJVLadderPref@@@_STL@@@2@I@Z
divergent	?deallocate@?$_STLP_alloc_proxy@PAU?$_Rb_tree_node@U?$pair@$$CBV?$BitFlags@$0BB@@@PBVWeaponTemplateSet@@@_STL@@@_STL@@U12@V?$allocator@U?$_Rb_tree_node@U?$pair@$$CBV?$BitFlags@$0BB@@@PBVWeaponTemplateSet@@@_STL@@@_STL@@@2@@_STL@@QAEXPAU?$_Rb_tree_node@U?$pair@$$CBV?$BitFlags@$0BB@@@PBVWeaponTemplateSet@@@_STL@@@2@I@Z
divergent	?deallocate@?$_STLP_alloc_proxy@PAU?$_Rb_tree_node@U?$pair@$$CBV?$BitFlags@$0L@@@PBVArmorTemplateSet@@@_STL@@@_STL@@U12@V?$allocator@U?$_Rb_tree_node@U?$pair@$$CBV?$BitFlags@$0L@@@PBVArmorTemplateSet@@@_STL@@@_STL@@@2@@_STL@@QAEXPAU?$_Rb_tree_node@U?$pair@$$CBV?$BitFlags@$0L@@@PBVArmorTemplateSet@@@_STL@@@2@I@Z
divergent	?deallocate@?$_STLP_alloc_proxy@PAU?$_Rb_tree_node@U?$pair@$$CBV?$basic_string@DV?$char_traits@D@_STL@@V?$allocator@D@2@@_STL@@H@_STL@@@_STL@@U12@V?$allocator@U?$_Rb_tree_node@U?$pair@$$CBV?$basic_string@DV?$char_traits@D@_STL@@V?$allocator@D@2@@_STL@@H@_STL@@@_STL@@@2@@_STL@@QAEXPAU?$_Rb_tree_node@U?$pair@$$CBV?$basic_string@DV?$char_traits@D@_STL@@V?$allocator@D@2@@_STL@@H@_STL@@@2@I@Z
divergent	?deallocate@?$_STLP_alloc_proxy@PAU?$_Rb_tree_node@U?$pair@$$CBVAsciiString@@PBVFXList@@@_STL@@@_STL@@U12@V?$allocator@U?$_Rb_tree_node@U?$pair@$$CBVAsciiString@@PBVFXList@@@_STL@@@_STL@@@2@@_STL@@QAEXPAU?$_Rb_tree_node@U?$pair@$$CBVAsciiString@@PBVFXList@@@_STL@@@2@I@Z
divergent	?deallocate@?$_STLP_alloc_proxy@PAU?$_Rb_tree_node@U?$pair@$$CBVAsciiString@@UCoord3D@@@_STL@@@_STL@@U12@V?$allocator@U?$_Rb_tree_node@U?$pair@$$CBVAsciiString@@UCoord3D@@@_STL@@@_STL@@@2@@_STL@@QAEXPAU?$_Rb_tree_node@U?$pair@$$CBVAsciiString@@UCoord3D@@@_STL@@@2@I@Z
divergent	?deallocate@?$_STLP_alloc_proxy@PAU?$_Rb_tree_node@U?$pair@$$CBVAsciiString@@UNoCaseTreeValue4@@@_STL@@@_STL@@U12@V?$allocator@U?$_Rb_tree_node@U?$pair@$$CBVAsciiString@@UNoCaseTreeValue4@@@_STL@@@_STL@@@2@@_STL@@QAEXPAU?$_Rb_tree_node@U?$pair@$$CBVAsciiString@@UNoCaseTreeValue4@@@_STL@@@2@I@Z
divergent	?deallocate@?$_STLP_alloc_proxy@PAU?$_Rb_tree_node@U?$pair@$$CBVAsciiString@@V1@@_STL@@@_STL@@U12@V?$allocator@U?$_Rb_tree_node@U?$pair@$$CBVAsciiString@@V1@@_STL@@@_STL@@@2@@_STL@@QAEXPAU?$_Rb_tree_node@U?$pair@$$CBVAsciiString@@V1@@_STL@@@2@I@Z
divergent	?deallocate@?$_STLP_alloc_proxy@PAU?$_Rb_tree_node@U?$pair@$$CBVAsciiString@@V?$list@VAsciiString@@V?$allocator@VAsciiString@@@_STL@@@_STL@@@_STL@@@_STL@@U12@V?$allocator@U?$_Rb_tree_node@U?$pair@$$CBVAsciiString@@V?$list@VAsciiString@@V?$allocator@VAsciiString@@@_STL@@@_STL@@@_STL@@@_STL@@@2@@_STL@@QAEXPAU?$_Rb_tree_node@U?$pair@$$CBVAsciiString@@V?$list@VAsciiString@@V?$allocator@VAsciiString@@@_STL@@@_STL@@@_STL@@@2@I@Z
divergent	?deallocate@?$_STLP_alloc_proxy@PAU?$_Rb_tree_node@U?$pair@$$CBVAsciiString@@VArchivedFileInfo@@@_STL@@@_STL@@U12@V?$allocator@U?$_Rb_tree_node@U?$pair@$$CBVAsciiString@@VArchivedFileInfo@@@_STL@@@_STL@@@2@@_STL@@QAEXPAU?$_Rb_tree_node@U?$pair@$$CBVAsciiString@@VArchivedFileInfo@@@_STL@@@2@I@Z
divergent	?deallocate@?$_STLP_alloc_proxy@PAU?$_Rb_tree_node@U?$pair@$$CBVAsciiString@@VAudioEventRTS@@@_STL@@@_STL@@U12@V?$allocator@U?$_Rb_tree_node@U?$pair@$$CBVAsciiString@@VAudioEventRTS@@@_STL@@@_STL@@@2@@_STL@@QAEXPAU?$_Rb_tree_node@U?$pair@$$CBVAsciiString@@VAudioEventRTS@@@_STL@@@2@I@Z
divergent	?deallocate@?$_STLP_alloc_proxy@PAU?$_Rb_tree_node@U?$pair@$$CBVAsciiString@@VDetailedArchivedDirectoryInfo@@@_STL@@@_STL@@U12@V?$allocator@U?$_Rb_tree_node@U?$pair@$$CBVAsciiString@@VDetailedArchivedDirectoryInfo@@@_STL@@@_STL@@@2@@_STL@@QAEXPAU?$_Rb_tree_node@U?$pair@$$CBVAsciiString@@VDetailedArchivedDirectoryInfo@@@_STL@@@2@I@Z
divergent	?deallocate@?$_STLP_alloc_proxy@PAU?$_Rb_tree_node@U?$pair@$$CBVAsciiString@@VMapMetaData@@@_STL@@@_STL@@U12@V?$allocator@U?$_Rb_tree_node@U?$pair@$$CBVAsciiString@@VMapMetaData@@@_STL@@@_STL@@@2@@_STL@@QAEXPAU?$_Rb_tree_node@U?$pair@$$CBVAsciiString@@VMapMetaData@@@_STL@@@2@I@Z
divergent	?deallocate@?$_STLP_alloc_proxy@PAU?$_Rb_tree_node@U?$pair@$$CBVAsciiString@@_N@_STL@@@_STL@@U12@V?$allocator@U?$_Rb_tree_node@U?$pair@$$CBVAsciiString@@_N@_STL@@@_STL@@@2@@_STL@@QAEXPAU?$_Rb_tree_node@U?$pair@$$CBVAsciiString@@_N@_STL@@@2@I@Z
divergent	?deallocate@?$_STLP_alloc_proxy@PAU?$_Rb_tree_node@U?$pair@$$CBVUnicodeString@@_N@_STL@@@_STL@@U12@V?$allocator@U?$_Rb_tree_node@U?$pair@$$CBVUnicodeString@@_N@_STL@@@_STL@@@2@@_STL@@QAEXPAU?$_Rb_tree_node@U?$pair@$$CBVUnicodeString@@_N@_STL@@@2@I@Z
divergent	?deallocate@?$_STLP_alloc_proxy@PAU?$_Rb_tree_node@U?$pair@$$CBW4LocomotorSetType@@V?$vector@PBVLocomotorTemplate@@V?$allocator@PBVLocomotorTemplate@@@_STL@@@_STL@@@_STL@@@_STL@@U12@V?$allocator@U?$_Rb_tree_node@U?$pair@$$CBW4LocomotorSetType@@V?$vector@PBVLocomotorTemplate@@V?$allocator@PBVLocomotorTemplate@@@_STL@@@_STL@@@_STL@@@_STL@@@2@@_STL@@QAEXPAU?$_Rb_tree_node@U?$pair@$$CBW4LocomotorSetType@@V?$vector@PBVLocomotorTemplate@@V?$allocator@PBVLocomotorTemplate@@@_STL@@@_STL@@@_STL@@@2@I@Z
divergent	?deallocate@?$_STLP_alloc_proxy@PAU?$_Rb_tree_node@U?$pair@$$CBW4NameKeyType@@UPristineBoneInfo@@@_STL@@@_STL@@U12@V?$allocator@U?$_Rb_tree_node@U?$pair@$$CBW4NameKeyType@@UPristineBoneInfo@@@_STL@@@_STL@@@2@@_STL@@QAEXPAU?$_Rb_tree_node@U?$pair@$$CBW4NameKeyType@@UPristineBoneInfo@@@_STL@@@2@I@Z
divergent	?deallocate@?$_STLP_alloc_proxy@PAU?$_Rb_tree_node@U?$pair@$$CBW4NameKeyType@@VModuleTemplate@ModuleFactory@@@_STL@@@_STL@@U12@V?$allocator@U?$_Rb_tree_node@U?$pair@$$CBW4NameKeyType@@VModuleTemplate@ModuleFactory@@@_STL@@@_STL@@@2@@_STL@@QAEXPAU?$_Rb_tree_node@U?$pair@$$CBW4NameKeyType@@VModuleTemplate@ModuleFactory@@@_STL@@@2@I@Z
divergent	?deallocate@?$_STLP_alloc_proxy@PAU?$_Rb_tree_node@U?$pair@$$CBW4ScienceType@@_N@_STL@@@_STL@@U12@V?$allocator@U?$_Rb_tree_node@U?$pair@$$CBW4ScienceType@@_N@_STL@@@_STL@@@2@@_STL@@QAEXPAU?$_Rb_tree_node@U?$pair@$$CBW4ScienceType@@_N@_STL@@@2@I@Z
divergent	?deallocate@?$_STLP_alloc_proxy@PAU?$_Rb_tree_node@VAsciiString@@@_STL@@U12@V?$allocator@U?$_Rb_tree_node@VAsciiString@@@_STL@@@2@@_STL@@QAEXPAU?$_Rb_tree_node@VAsciiString@@@2@I@Z
divergent	?deallocate@?$_STLP_alloc_proxy@PAUAngleFXInfo@@U1@V?$allocator@UAngleFXInfo@@@_STL@@@_STL@@QAEXPAUAngleFXInfo@@I@Z
divergent	?deallocate@?$_STLP_alloc_proxy@PAUBfmeE16@@U1@V?$allocator@UBfmeE16@@@_STL@@@_STL@@QAEXPAUBfmeE16@@I@Z
divergent	?deallocate@?$_STLP_alloc_proxy@PAUBfmeE8@@U1@V?$allocator@UBfmeE8@@@_STL@@@_STL@@QAEXPAUBfmeE8@@I@Z
divergent	?deallocate@?$_STLP_alloc_proxy@PAUBfmeFloat4Record00469C61@@U1@V?$allocator@UBfmeFloat4Record00469C61@@@_STL@@@_STL@@QAEXPAUBfmeFloat4Record00469C61@@I@Z
divergent	?deallocate@?$_STLP_alloc_proxy@PAUBfmeObject544@@U1@V?$allocator@UBfmeObject544@@@_STL@@@_STL@@QAEXPAUBfmeObject544@@I@Z
divergent	?deallocate@?$_STLP_alloc_proxy@PAUBfmePod20@@U1@V?$allocator@UBfmePod20@@@_STL@@@_STL@@QAEXPAUBfmePod20@@I@Z
divergent	?deallocate@?$_STLP_alloc_proxy@PAUBfmePod36@@U1@V?$allocator@UBfmePod36@@@_STL@@@_STL@@QAEXPAUBfmePod36@@I@Z
divergent	?deallocate@?$_STLP_alloc_proxy@PAUBfmePod52@@U1@V?$allocator@UBfmePod52@@@_STL@@@_STL@@QAEXPAUBfmePod52@@I@Z
divergent	?deallocate@?$_STLP_alloc_proxy@PAUBfmePod88@@U1@V?$allocator@UBfmePod88@@@_STL@@@_STL@@QAEXPAUBfmePod88@@I@Z
divergent	?deallocate@?$_STLP_alloc_proxy@PAUBfmeRecord0040B61A@@U1@V?$allocator@UBfmeRecord0040B61A@@@_STL@@@_STL@@QAEXPAUBfmeRecord0040B61A@@I@Z
divergent	?deallocate@?$_STLP_alloc_proxy@PAUBfmeStringHeadRecord160@@U1@V?$allocator@UBfmeStringHeadRecord160@@@_STL@@@_STL@@QAEXPAUBfmeStringHeadRecord160@@I@Z
divergent	?deallocate@?$_STLP_alloc_proxy@PAUBfmeStringRecord000331962@@U1@V?$allocator@UBfmeStringRecord000331962@@@_STL@@@_STL@@QAEXPAUBfmeStringRecord000331962@@I@Z
divergent	?deallocate@?$_STLP_alloc_proxy@PAUBfmeStringRecord00404BF3@@U1@V?$allocator@UBfmeStringRecord00404BF3@@@_STL@@@_STL@@QAEXPAUBfmeStringRecord00404BF3@@I@Z
divergent	?deallocate@?$_STLP_alloc_proxy@PAUCoord3D@@U1@V?$allocator@UCoord3D@@@_STL@@@_STL@@QAEXPAUCoord3D@@I@Z
divergent	?deallocate@?$_STLP_alloc_proxy@PAUEvaMessageInfo@@U1@V?$allocator@UEvaMessageInfo@@@_STL@@@_STL@@QAEXPAUEvaMessageInfo@@I@Z
divergent	?deallocate@?$_STLP_alloc_proxy@PAUFXBoneInfo@@U1@V?$allocator@UFXBoneInfo@@@_STL@@@_STL@@QAEXPAUFXBoneInfo@@I@Z
divergent	?deallocate@?$_STLP_alloc_proxy@PAUGen003AA0D0@@U1@V?$allocator@UGen003AA0D0@@@_STL@@@_STL@@QAEXPAUGen003AA0D0@@I@Z
divergent	?deallocate@?$_STLP_alloc_proxy@PAUGeometryRecord@@U1@V?$allocator@UGeometryRecord@@@_STL@@@_STL@@QAEXPAUGeometryRecord@@I@Z
divergent	?deallocate@?$_STLP_alloc_proxy@PAUGeometryShape@@U1@V?$allocator@UGeometryShape@@@_STL@@@_STL@@QAEXPAUGeometryShape@@I@Z
divergent	?deallocate@?$_STLP_alloc_proxy@PAUHorzLine@@U1@V?$allocator@UHorzLine@@@_STL@@@_STL@@QAEXPAUHorzLine@@I@Z
divergent	?deallocate@?$_STLP_alloc_proxy@PAUICoord2D@@U1@V?$allocator@UICoord2D@@@_STL@@@_STL@@QAEXPAUICoord2D@@I@Z
divergent	?deallocate@?$_STLP_alloc_proxy@PAUMade002CC5E1DamageScalar@@U1@V?$allocator@UMade002CC5E1DamageScalar@@@_STL@@@_STL@@QAEXPAUMade002CC5E1DamageScalar@@I@Z
divergent	?deallocate@?$_STLP_alloc_proxy@PAUNugget@ModuleInfo@@U12@V?$allocator@UNugget@ModuleInfo@@@_STL@@@_STL@@QAEXPAUNugget@ModuleInfo@@I@Z
divergent	?deallocate@?$_STLP_alloc_proxy@PAUOCLUpgradePair@@U1@V?$allocator@UOCLUpgradePair@@@_STL@@@_STL@@QAEXPAUOCLUpgradePair@@I@Z
divergent	?deallocate@?$_STLP_alloc_proxy@PAUPrereqUnitRec@ProductionPrerequisite@@U12@V?$allocator@UPrereqUnitRec@ProductionPrerequisite@@@_STL@@@_STL@@QAEXPAUPrereqUnitRec@ProductionPrerequisite@@I@Z
divergent	?deallocate@?$_STLP_alloc_proxy@PAUQuantityModifier@@U1@V?$allocator@UQuantityModifier@@@_STL@@@_STL@@QAEXPAUQuantityModifier@@I@Z
divergent	?deallocate@?$_STLP_alloc_proxy@PAURva001504A1Record@@U1@V?$allocator@URva001504A1Record@@@_STL@@@_STL@@QAEXPAURva001504A1Record@@I@Z
divergent	?deallocate@?$_STLP_alloc_proxy@PAURva0020A227Element@@U1@V?$allocator@URva0020A227Element@@@_STL@@@_STL@@QAEXPAURva0020A227Element@@I@Z
divergent	?deallocate@?$_STLP_alloc_proxy@PAURva00395D77@@U1@V?$allocator@URva00395D77@@@_STL@@@_STL@@QAEXPAURva00395D77@@I@Z
divergent	?deallocate@?$_STLP_alloc_proxy@PAURva00601A3AElement@@U1@V?$allocator@URva00601A3AElement@@@_STL@@@_STL@@QAEXPAURva00601A3AElement@@I@Z
divergent	?deallocate@?$_STLP_alloc_proxy@PAURva00B6CF1@@U1@V?$allocator@URva00B6CF1@@@_STL@@@_STL@@QAEXPAURva00B6CF1@@I@Z
divergent	?deallocate@?$_STLP_alloc_proxy@PAURvaPair0039973B@@U1@V?$allocator@URvaPair0039973B@@@_STL@@@_STL@@QAEXPAURvaPair0039973B@@I@Z
divergent	?deallocate@?$_STLP_alloc_proxy@PAUSegInfo@W3DRopeDraw@@U12@V?$allocator@USegInfo@W3DRopeDraw@@@_STL@@@_STL@@QAEXPAUSegInfo@W3DRopeDraw@@I@Z
divergent	?deallocate@?$_STLP_alloc_proxy@PAUTransitionInfo@State@@U12@V?$allocator@UTransitionInfo@State@@@_STL@@@_STL@@QAEXPAUTransitionInfo@State@@I@Z
divergent	?deallocate@?$_STLP_alloc_proxy@PAVArmorTemplateSet@@V1@V?$allocator@VArmorTemplateSet@@@_STL@@@_STL@@QAEXPAVArmorTemplateSet@@I@Z
divergent	?deallocate@?$_STLP_alloc_proxy@PAVAsciiString@@V1@V?$allocator@VAsciiString@@@_STL@@@_STL@@QAEXPAVAsciiString@@I@Z
divergent	?deallocate@?$_STLP_alloc_proxy@PAVBfmeThingUBB@@V1@V?$allocator@VBfmeThingUBB@@@_STL@@@_STL@@QAEXPAVBfmeThingUBB@@I@Z
divergent	?deallocate@?$_STLP_alloc_proxy@PAVMoney@@V1@V?$allocator@VMoney@@@_STL@@@_STL@@QAEXPAVMoney@@I@Z
divergent	?deallocate@?$_STLP_alloc_proxy@PAVProductionPrerequisite@@V1@V?$allocator@VProductionPrerequisite@@@_STL@@@_STL@@QAEXPAVProductionPrerequisite@@I@Z
divergent	?deallocate@?$_STLP_alloc_proxy@PAVRva00297360Element@@V1@V?$allocator@VRva00297360Element@@@_STL@@@_STL@@QAEXPAVRva00297360Element@@I@Z
divergent	?deallocate@?$_STLP_alloc_proxy@PAVRva0054000B@@V1@V?$allocator@VRva0054000B@@@_STL@@@_STL@@QAEXPAVRva0054000B@@I@Z
divergent	?deallocate@?$_STLP_alloc_proxy@PAVRva00568A20@@V1@V?$allocator@VRva00568A20@@@_STL@@@_STL@@QAEXPAVRva00568A20@@I@Z
divergent	?deallocate@?$_STLP_alloc_proxy@PAVW3DAnimationInfo@@V1@V?$allocator@VW3DAnimationInfo@@@_STL@@@_STL@@QAEXPAVW3DAnimationInfo@@I@Z
divergent	?deallocate@?$_STLP_alloc_proxy@PAVWeaponTemplateSet@@V1@V?$allocator@VWeaponTemplateSet@@@_STL@@@_STL@@QAEXPAVWeaponTemplateSet@@I@Z
divergent	?deallocate@?$_STLP_alloc_proxy@PAW4ObjectID@@W41@V?$allocator@W4ObjectID@@@_STL@@@_STL@@QAEXPAW4ObjectID@@I@Z
divergent	?deallocate@?$_STLP_alloc_proxy@PAW4ParticleSystemID@@W41@V?$allocator@W4ParticleSystemID@@@_STL@@@_STL@@QAEXPAW4ParticleSystemID@@I@Z
divergent	?deallocate@?$_STLP_alloc_proxy@PAW4ScienceType@@W41@V?$allocator@W4ScienceType@@@_STL@@@_STL@@QAEXPAW4ScienceType@@I@Z
divergent	?deallocate@?$__malloc_alloc@$0A@@_STL@@SAXPAXI@Z
divergent	?deallocate@?$__node_alloc@$00$0A@@_STL@@SAXPAXI@Z
divergent	?deallocate@?$allocator@D@_STL@@QBEXPADI@Z
divergent	?deallocate@?$allocator@E@_STL@@QBEXPAEI@Z
divergent	?deallocate@?$allocator@G@_STL@@QBEXPAGI@Z
divergent	?deallocate@?$allocator@H@_STL@@QBEXPAHI@Z
divergent	?deallocate@?$allocator@I@_STL@@QBEXPAII@Z
divergent	?deallocate@?$allocator@J@_STL@@QBEXPAJI@Z
divergent	?deallocate@?$allocator@M@_STL@@QBEXPAMI@Z
divergent	?deallocate@?$allocator@PAUBfmeE8@@@_STL@@QBEXPAPAUBfmeE8@@I@Z
divergent	?deallocate@?$allocator@PAUBfmeExpLevelDraw@@@_STL@@QBEXPAPAUBfmeExpLevelDraw@@I@Z
divergent	?deallocate@?$allocator@PAUBfmeMorphCondition@@@_STL@@QBEXPAPAUBfmeMorphCondition@@I@Z
divergent	?deallocate@?$allocator@PAUBfmeOpaqueOwnedRecord492@@@_STL@@QBEXPAPAUBfmeOpaqueOwnedRecord492@@I@Z
divergent	?deallocate@?$allocator@PAUBfmeOpaqueOwnedRecord840@@@_STL@@QBEXPAPAUBfmeOpaqueOwnedRecord840@@I@Z
divergent	?deallocate@?$allocator@PAUBfmeWordValue4@@@_STL@@QBEXPAPAUBfmeWordValue4@@I@Z
divergent	?deallocate@?$allocator@PAV?$deque@UBfmeWordValue4@@V?$allocator@UBfmeWordValue4@@@_STL@@@_STL@@@_STL@@QBEXPAPAV?$deque@UBfmeWordValue4@@V?$allocator@UBfmeWordValue4@@@_STL@@@2@I@Z
divergent	?deallocate@?$allocator@PAVBuddyRequest@@@_STL@@QBEXPAPAVBuddyRequest@@I@Z
divergent	?deallocate@?$allocator@PAVBuddyResponse@@@_STL@@QBEXPAPAVBuddyResponse@@I@Z
divergent	?deallocate@?$allocator@PAVDrawable@@@_STL@@QBEXPAPAVDrawable@@I@Z
divergent	?deallocate@?$allocator@PAVObject@@@_STL@@QBEXPAPAVObject@@I@Z
divergent	?deallocate@?$allocator@PAVObjectCreationNugget@@@_STL@@QBEXPAPAVObjectCreationNugget@@I@Z
divergent	?deallocate@?$allocator@PAX@_STL@@QBEXPAPAXI@Z
divergent	?deallocate@?$allocator@PBVFXList@@@_STL@@QBEXPAPBVFXList@@I@Z
divergent	?deallocate@?$allocator@PBVLocomotorTemplate@@@_STL@@QBEXPAPBVLocomotorTemplate@@I@Z
divergent	?deallocate@?$allocator@PBVModuleData@@@_STL@@QBEXPAPBVModuleData@@I@Z
divergent	?deallocate@?$allocator@PBVObjectCreationList@@@_STL@@QBEXPAPBVObjectCreationList@@I@Z
divergent	?deallocate@?$allocator@PBVWeaponTemplate@@@_STL@@QBEXPAPBVWeaponTemplate@@I@Z
divergent	?deallocate@?$allocator@U?$_Hashtable_node@U?$pair@$$CBHH@_STL@@@_STL@@@_STL@@QBEXPAU?$_Hashtable_node@U?$pair@$$CBHH@_STL@@@2@I@Z
divergent	?deallocate@?$allocator@U?$_Hashtable_node@U?$pair@$$CBVAsciiString@@PAVThingTemplate@@@_STL@@@_STL@@@_STL@@QBEXPAU?$_Hashtable_node@U?$pair@$$CBVAsciiString@@PAVThingTemplate@@@_STL@@@2@I@Z
divergent	?deallocate@?$allocator@U?$_Hashtable_node@U?$pair@$$CBVAsciiString@@URva004609B0Mapped@@@_STL@@@_STL@@@_STL@@QBEXPAU?$_Hashtable_node@U?$pair@$$CBVAsciiString@@URva004609B0Mapped@@@_STL@@@2@I@Z
divergent	?deallocate@?$allocator@U?$_Hashtable_node@U?$pair@$$CBW4NameKeyType@@VArmorTemplate@@@_STL@@@_STL@@@_STL@@QBEXPAU?$_Hashtable_node@U?$pair@$$CBW4NameKeyType@@VArmorTemplate@@@_STL@@@2@I@Z
divergent	?deallocate@?$allocator@U?$_Hashtable_node@U?$pair@$$CBW4NameKeyType@@VDamageFX@@@_STL@@@_STL@@@_STL@@QBEXPAU?$_Hashtable_node@U?$pair@$$CBW4NameKeyType@@VDamageFX@@@_STL@@@2@I@Z
divergent	?deallocate@?$allocator@U?$_Hashtable_node@U?$pair@$$CBW4NameKeyType@@VFXList@@@_STL@@@_STL@@@_STL@@QBEXPAU?$_Hashtable_node@U?$pair@$$CBW4NameKeyType@@VFXList@@@_STL@@@2@I@Z
divergent	?deallocate@?$allocator@U?$_Hashtable_node@U?$pair@QBVGameWindow@@PAVWindowVideo@@@_STL@@@_STL@@@_STL@@QBEXPAU?$_Hashtable_node@U?$pair@QBVGameWindow@@PAVWindowVideo@@@_STL@@@2@I@Z
divergent	?deallocate@?$allocator@U?$_List_node@H@_STL@@@_STL@@QBEXPAU?$_List_node@H@2@I@Z
divergent	?deallocate@?$allocator@U?$_List_node@PAVDrawable@@@_STL@@@_STL@@QBEXPAU?$_List_node@PAVDrawable@@@2@I@Z
divergent	?deallocate@?$allocator@U?$_List_node@PAVFXNugget@@@_STL@@@_STL@@QBEXPAU?$_List_node@PAVFXNugget@@@2@I@Z
divergent	?deallocate@?$allocator@U?$_List_node@PAVObject@@@_STL@@@_STL@@QBEXPAU?$_List_node@PAVObject@@@2@I@Z
divergent	?deallocate@?$allocator@U?$_List_node@PAVTeamPrototype@@@_STL@@@_STL@@QBEXPAU?$_List_node@PAVTeamPrototype@@@2@I@Z
divergent	?deallocate@?$allocator@U?$_List_node@UBfmePod8@@@_STL@@@_STL@@QBEXPAU?$_List_node@UBfmePod8@@@2@I@Z
divergent	?deallocate@?$allocator@U?$_List_node@UBridgeBehaviorListValue12@@@_STL@@@_STL@@QBEXPAU?$_List_node@UBridgeBehaviorListValue12@@@2@I@Z
divergent	?deallocate@?$allocator@U?$_List_node@UCoord3D@@@_STL@@@_STL@@QBEXPAU?$_List_node@UCoord3D@@@2@I@Z
divergent	?deallocate@?$allocator@U?$_List_node@V?$basic_string@DV?$char_traits@D@_STL@@V?$allocator@D@2@@_STL@@@_STL@@@_STL@@QBEXPAU?$_List_node@V?$basic_string@DV?$char_traits@D@_STL@@V?$allocator@D@2@@_STL@@@2@I@Z
divergent	?deallocate@?$allocator@U?$_List_node@VAsciiString@@@_STL@@@_STL@@QBEXPAU?$_List_node@VAsciiString@@@2@I@Z
divergent	?deallocate@?$allocator@U?$_List_node@VQueuedDownload@@@_STL@@@_STL@@QBEXPAU?$_List_node@VQueuedDownload@@@2@I@Z
divergent	?deallocate@?$allocator@U?$_List_node@VUnicodeString@@@_STL@@@_STL@@QBEXPAU?$_List_node@VUnicodeString@@@2@I@Z
divergent	?deallocate@?$allocator@U?$_List_node@W4ObjectID@@@_STL@@@_STL@@QBEXPAU?$_List_node@W4ObjectID@@@2@I@Z
divergent	?deallocate@?$allocator@U?$_Rb_tree_node@H@_STL@@@_STL@@QBEXPAU?$_Rb_tree_node@H@2@I@Z
divergent	?deallocate@?$allocator@U?$_Rb_tree_node@PAURva001408C0Target@@@_STL@@@_STL@@QBEXPAU?$_Rb_tree_node@PAURva001408C0Target@@@2@I@Z
divergent	?deallocate@?$allocator@U?$_Rb_tree_node@U?$pair@$$CBGH@_STL@@@_STL@@@_STL@@QBEXPAU?$_Rb_tree_node@U?$pair@$$CBGH@_STL@@@2@I@Z
divergent	?deallocate@?$allocator@U?$_Rb_tree_node@U?$pair@$$CBHH@_STL@@@_STL@@@_STL@@QBEXPAU?$_Rb_tree_node@U?$pair@$$CBHH@_STL@@@2@I@Z
divergent	?deallocate@?$allocator@U?$_Rb_tree_node@U?$pair@$$CBHI@_STL@@@_STL@@@_STL@@QBEXPAU?$_Rb_tree_node@U?$pair@$$CBHI@_STL@@@2@I@Z
divergent	?deallocate@?$allocator@U?$_Rb_tree_node@U?$pair@$$CBHPAX@_STL@@@_STL@@@_STL@@QBEXPAU?$_Rb_tree_node@U?$pair@$$CBHPAX@_STL@@@2@I@Z
divergent	?deallocate@?$allocator@U?$_Rb_tree_node@U?$pair@$$CBHUBfmePod24@@@_STL@@@_STL@@@_STL@@QBEXPAU?$_Rb_tree_node@U?$pair@$$CBHUBfmePod24@@@_STL@@@2@I@Z
divergent	?deallocate@?$allocator@U?$_Rb_tree_node@U?$pair@$$CBHUBfmePod52@@@_STL@@@_STL@@@_STL@@QBEXPAU?$_Rb_tree_node@U?$pair@$$CBHUBfmePod52@@@_STL@@@2@I@Z
divergent	?deallocate@?$allocator@U?$_Rb_tree_node@U?$pair@$$CBHURva00462D35Mapped@@@_STL@@@_STL@@@_STL@@QBEXPAU?$_Rb_tree_node@U?$pair@$$CBHURva00462D35Mapped@@@_STL@@@2@I@Z
divergent	?deallocate@?$allocator@U?$_Rb_tree_node@U?$pair@$$CBHVAsciiString@@@_STL@@@_STL@@@_STL@@QBEXPAU?$_Rb_tree_node@U?$pair@$$CBHVAsciiString@@@_STL@@@2@I@Z
divergent	?deallocate@?$allocator@U?$_Rb_tree_node@U?$pair@$$CBH_N@_STL@@@_STL@@@_STL@@QBEXPAU?$_Rb_tree_node@U?$pair@$$CBH_N@_STL@@@2@I@Z
divergent	?deallocate@?$allocator@U?$_Rb_tree_node@U?$pair@$$CBIPAX@_STL@@@_STL@@@_STL@@QBEXPAU?$_Rb_tree_node@U?$pair@$$CBIPAX@_STL@@@2@I@Z
divergent	?deallocate@?$allocator@U?$_Rb_tree_node@U?$pair@$$CBJVLadderPref@@@_STL@@@_STL@@@_STL@@QBEXPAU?$_Rb_tree_node@U?$pair@$$CBJVLadderPref@@@_STL@@@2@I@Z
divergent	?deallocate@?$allocator@U?$_Rb_tree_node@U?$pair@$$CBV?$BitFlags@$0BB@@@PBVWeaponTemplateSet@@@_STL@@@_STL@@@_STL@@QBEXPAU?$_Rb_tree_node@U?$pair@$$CBV?$BitFlags@$0BB@@@PBVWeaponTemplateSet@@@_STL@@@2@I@Z
divergent	?deallocate@?$allocator@U?$_Rb_tree_node@U?$pair@$$CBV?$BitFlags@$0L@@@PBVArmorTemplateSet@@@_STL@@@_STL@@@_STL@@QBEXPAU?$_Rb_tree_node@U?$pair@$$CBV?$BitFlags@$0L@@@PBVArmorTemplateSet@@@_STL@@@2@I@Z
divergent	?deallocate@?$allocator@U?$_Rb_tree_node@U?$pair@$$CBV?$basic_string@DV?$char_traits@D@_STL@@V?$allocator@D@2@@_STL@@H@_STL@@@_STL@@@_STL@@QBEXPAU?$_Rb_tree_node@U?$pair@$$CBV?$basic_string@DV?$char_traits@D@_STL@@V?$allocator@D@2@@_STL@@H@_STL@@@2@I@Z
divergent	?deallocate@?$allocator@U?$_Rb_tree_node@U?$pair@$$CBVAsciiString@@PBVFXList@@@_STL@@@_STL@@@_STL@@QBEXPAU?$_Rb_tree_node@U?$pair@$$CBVAsciiString@@PBVFXList@@@_STL@@@2@I@Z
divergent	?deallocate@?$allocator@U?$_Rb_tree_node@U?$pair@$$CBVAsciiString@@UCoord3D@@@_STL@@@_STL@@@_STL@@QBEXPAU?$_Rb_tree_node@U?$pair@$$CBVAsciiString@@UCoord3D@@@_STL@@@2@I@Z
divergent	?deallocate@?$allocator@U?$_Rb_tree_node@U?$pair@$$CBVAsciiString@@UNoCaseTreeValue4@@@_STL@@@_STL@@@_STL@@QBEXPAU?$_Rb_tree_node@U?$pair@$$CBVAsciiString@@UNoCaseTreeValue4@@@_STL@@@2@I@Z
divergent	?deallocate@?$allocator@U?$_Rb_tree_node@U?$pair@$$CBVAsciiString@@V1@@_STL@@@_STL@@@_STL@@QBEXPAU?$_Rb_tree_node@U?$pair@$$CBVAsciiString@@V1@@_STL@@@2@I@Z
divergent	?deallocate@?$allocator@U?$_Rb_tree_node@U?$pair@$$CBVAsciiString@@V?$list@VAsciiString@@V?$allocator@VAsciiString@@@_STL@@@_STL@@@_STL@@@_STL@@@_STL@@QBEXPAU?$_Rb_tree_node@U?$pair@$$CBVAsciiString@@V?$list@VAsciiString@@V?$allocator@VAsciiString@@@_STL@@@_STL@@@_STL@@@2@I@Z
divergent	?deallocate@?$allocator@U?$_Rb_tree_node@U?$pair@$$CBVAsciiString@@VArchivedFileInfo@@@_STL@@@_STL@@@_STL@@QBEXPAU?$_Rb_tree_node@U?$pair@$$CBVAsciiString@@VArchivedFileInfo@@@_STL@@@2@I@Z
divergent	?deallocate@?$allocator@U?$_Rb_tree_node@U?$pair@$$CBVAsciiString@@VAudioEventRTS@@@_STL@@@_STL@@@_STL@@QBEXPAU?$_Rb_tree_node@U?$pair@$$CBVAsciiString@@VAudioEventRTS@@@_STL@@@2@I@Z
divergent	?deallocate@?$allocator@U?$_Rb_tree_node@U?$pair@$$CBVAsciiString@@VDetailedArchivedDirectoryInfo@@@_STL@@@_STL@@@_STL@@QBEXPAU?$_Rb_tree_node@U?$pair@$$CBVAsciiString@@VDetailedArchivedDirectoryInfo@@@_STL@@@2@I@Z
divergent	?deallocate@?$allocator@U?$_Rb_tree_node@U?$pair@$$CBVAsciiString@@VMapMetaData@@@_STL@@@_STL@@@_STL@@QBEXPAU?$_Rb_tree_node@U?$pair@$$CBVAsciiString@@VMapMetaData@@@_STL@@@2@I@Z
divergent	?deallocate@?$allocator@U?$_Rb_tree_node@U?$pair@$$CBVAsciiString@@_N@_STL@@@_STL@@@_STL@@QBEXPAU?$_Rb_tree_node@U?$pair@$$CBVAsciiString@@_N@_STL@@@2@I@Z
divergent	?deallocate@?$allocator@U?$_Rb_tree_node@U?$pair@$$CBVUnicodeString@@_N@_STL@@@_STL@@@_STL@@QBEXPAU?$_Rb_tree_node@U?$pair@$$CBVUnicodeString@@_N@_STL@@@2@I@Z
divergent	?deallocate@?$allocator@U?$_Rb_tree_node@U?$pair@$$CBW4LocomotorSetType@@V?$vector@PBVLocomotorTemplate@@V?$allocator@PBVLocomotorTemplate@@@_STL@@@_STL@@@_STL@@@_STL@@@_STL@@QBEXPAU?$_Rb_tree_node@U?$pair@$$CBW4LocomotorSetType@@V?$vector@PBVLocomotorTemplate@@V?$allocator@PBVLocomotorTemplate@@@_STL@@@_STL@@@_STL@@@2@I@Z
divergent	?deallocate@?$allocator@U?$_Rb_tree_node@U?$pair@$$CBW4NameKeyType@@UPristineBoneInfo@@@_STL@@@_STL@@@_STL@@QBEXPAU?$_Rb_tree_node@U?$pair@$$CBW4NameKeyType@@UPristineBoneInfo@@@_STL@@@2@I@Z
divergent	?deallocate@?$allocator@U?$_Rb_tree_node@U?$pair@$$CBW4NameKeyType@@VModuleTemplate@ModuleFactory@@@_STL@@@_STL@@@_STL@@QBEXPAU?$_Rb_tree_node@U?$pair@$$CBW4NameKeyType@@VModuleTemplate@ModuleFactory@@@_STL@@@2@I@Z
divergent	?deallocate@?$allocator@U?$_Rb_tree_node@U?$pair@$$CBW4ScienceType@@_N@_STL@@@_STL@@@_STL@@QBEXPAU?$_Rb_tree_node@U?$pair@$$CBW4ScienceType@@_N@_STL@@@2@I@Z
divergent	?deallocate@?$allocator@U?$_Rb_tree_node@VAsciiString@@@_STL@@@_STL@@QBEXPAU?$_Rb_tree_node@VAsciiString@@@2@I@Z
divergent	?deallocate@?$allocator@UAngleFXInfo@@@_STL@@QBEXPAUAngleFXInfo@@I@Z
divergent	?deallocate@?$allocator@UBfmeE16@@@_STL@@QBEXPAUBfmeE16@@I@Z
divergent	?deallocate@?$allocator@UBfmeE8@@@_STL@@QBEXPAUBfmeE8@@I@Z
divergent	?deallocate@?$allocator@UBfmeFloat4Record00469C61@@@_STL@@QBEXPAUBfmeFloat4Record00469C61@@I@Z
divergent	?deallocate@?$allocator@UBfmeObject544@@@_STL@@QBEXPAUBfmeObject544@@I@Z
divergent	?deallocate@?$allocator@UBfmeOpaqueOwnedRecord492@@@_STL@@QBEXPAUBfmeOpaqueOwnedRecord492@@I@Z
divergent	?deallocate@?$allocator@UBfmeOpaqueOwnedRecord840@@@_STL@@QBEXPAUBfmeOpaqueOwnedRecord840@@I@Z
divergent	?deallocate@?$allocator@UBfmePod28@@@_STL@@QBEXPAUBfmePod28@@I@Z
divergent	?deallocate@?$allocator@UBfmePod36@@@_STL@@QBEXPAUBfmePod36@@I@Z
divergent	?deallocate@?$allocator@UBfmePod88@@@_STL@@QBEXPAUBfmePod88@@I@Z
divergent	?deallocate@?$allocator@UBfmeRecord0040B61A@@@_STL@@QBEXPAUBfmeRecord0040B61A@@I@Z
divergent	?deallocate@?$allocator@UBfmeStringHeadRecord160@@@_STL@@QBEXPAUBfmeStringHeadRecord160@@I@Z
divergent	?deallocate@?$allocator@UBfmeStringRecord000331962@@@_STL@@QBEXPAUBfmeStringRecord000331962@@I@Z
divergent	?deallocate@?$allocator@UBfmeStringRecord00404BF3@@@_STL@@QBEXPAUBfmeStringRecord00404BF3@@I@Z
divergent	?deallocate@?$allocator@UBfmeWordValue4@@@_STL@@QBEXPAUBfmeWordValue4@@I@Z
divergent	?deallocate@?$allocator@UCoord3D@@@_STL@@QBEXPAUCoord3D@@I@Z
divergent	?deallocate@?$allocator@UEvaMessageInfo@@@_STL@@QBEXPAUEvaMessageInfo@@I@Z
divergent	?deallocate@?$allocator@UFXBoneInfo@@@_STL@@QBEXPAUFXBoneInfo@@I@Z
divergent	?deallocate@?$allocator@UGen003AA0D0@@@_STL@@QBEXPAUGen003AA0D0@@I@Z
divergent	?deallocate@?$allocator@UGeometryRecord@@@_STL@@QBEXPAUGeometryRecord@@I@Z
divergent	?deallocate@?$allocator@UGeometryShape@@@_STL@@QBEXPAUGeometryShape@@I@Z
divergent	?deallocate@?$allocator@UHorzLine@@@_STL@@QBEXPAUHorzLine@@I@Z
divergent	?deallocate@?$allocator@UICoord2D@@@_STL@@QBEXPAUICoord2D@@I@Z
divergent	?deallocate@?$allocator@UMade002CC5E1DamageScalar@@@_STL@@QBEXPAUMade002CC5E1DamageScalar@@I@Z
divergent	?deallocate@?$allocator@UNugget@ModuleInfo@@@_STL@@QBEXPAUNugget@ModuleInfo@@I@Z
divergent	?deallocate@?$allocator@UOCLUpgradePair@@@_STL@@QBEXPAUOCLUpgradePair@@I@Z
divergent	?deallocate@?$allocator@UPrereqUnitRec@ProductionPrerequisite@@@_STL@@QBEXPAUPrereqUnitRec@ProductionPrerequisite@@I@Z
divergent	?deallocate@?$allocator@UQuantityModifier@@@_STL@@QBEXPAUQuantityModifier@@I@Z
divergent	?deallocate@?$allocator@URva001504A1Record@@@_STL@@QBEXPAURva001504A1Record@@I@Z
divergent	?deallocate@?$allocator@URva0019D850Value@@@_STL@@QBEXPAURva0019D850Value@@I@Z
divergent	?deallocate@?$allocator@URva0020A227Element@@@_STL@@QBEXPAURva0020A227Element@@I@Z
divergent	?deallocate@?$allocator@URva00395D77@@@_STL@@QBEXPAURva00395D77@@I@Z
divergent	?deallocate@?$allocator@URva00601A3AElement@@@_STL@@QBEXPAURva00601A3AElement@@I@Z
divergent	?deallocate@?$allocator@URva00B6CF1@@@_STL@@QBEXPAURva00B6CF1@@I@Z
divergent	?deallocate@?$allocator@URvaPair0039973B@@@_STL@@QBEXPAURvaPair0039973B@@I@Z
divergent	?deallocate@?$allocator@USegInfo@W3DRopeDraw@@@_STL@@QBEXPAUSegInfo@W3DRopeDraw@@I@Z
divergent	?deallocate@?$allocator@UTransitionInfo@State@@@_STL@@QBEXPAUTransitionInfo@State@@I@Z
divergent	?deallocate@?$allocator@V?$deque@UBfmeWordValue4@@V?$allocator@UBfmeWordValue4@@@_STL@@@_STL@@@_STL@@QBEXPAV?$deque@UBfmeWordValue4@@V?$allocator@UBfmeWordValue4@@@_STL@@@2@I@Z
divergent	?deallocate@?$allocator@V?$vector@URva0019D850Value@@V?$allocator@URva0019D850Value@@@_STL@@@_STL@@@_STL@@QBEXPAV?$vector@URva0019D850Value@@V?$allocator@URva0019D850Value@@@_STL@@@2@I@Z
divergent	?deallocate@?$allocator@VArmorTemplateSet@@@_STL@@QBEXPAVArmorTemplateSet@@I@Z
divergent	?deallocate@?$allocator@VAsciiString@@@_STL@@QBEXPAVAsciiString@@I@Z
divergent	?deallocate@?$allocator@VBfmeThingUBB@@@_STL@@QBEXPAVBfmeThingUBB@@I@Z
divergent	?deallocate@?$allocator@VBuddyRequest@@@_STL@@QBEXPAVBuddyRequest@@I@Z
divergent	?deallocate@?$allocator@VBuddyResponse@@@_STL@@QBEXPAVBuddyResponse@@I@Z
divergent	?deallocate@?$allocator@VMoney@@@_STL@@QBEXPAVMoney@@I@Z
divergent	?deallocate@?$allocator@VProductionPrerequisite@@@_STL@@QBEXPAVProductionPrerequisite@@I@Z
divergent	?deallocate@?$allocator@VRva00297360Element@@@_STL@@QBEXPAVRva00297360Element@@I@Z
divergent	?deallocate@?$allocator@VRva0054000B@@@_STL@@QBEXPAVRva0054000B@@I@Z
divergent	?deallocate@?$allocator@VRva00568A20@@@_STL@@QBEXPAVRva00568A20@@I@Z
divergent	?deallocate@?$allocator@VW3DAnimationInfo@@@_STL@@QBEXPAVW3DAnimationInfo@@I@Z
divergent	?deallocate@?$allocator@VWeaponTemplateSet@@@_STL@@QBEXPAVWeaponTemplateSet@@I@Z
divergent	?deallocate@?$allocator@W4ObjectID@@@_STL@@QBEXPAW4ObjectID@@I@Z
divergent	?deallocate@?$allocator@W4ParticleSystemID@@@_STL@@QBEXPAW4ParticleSystemID@@I@Z
divergent	?deallocate@?$allocator@W4ScienceType@@@_STL@@QBEXPAW4ScienceType@@I@Z
divergent	?deleteInstance@MemoryPoolObject@@QAEXXZ
divergent	?deleteOverrides@Overridable@@QAEPAV1@XZ
divergent	?doFXObj@LightPulseFXNugget@@UBEXPBVObject@@0@Z
divergent	?doFXPos@FXList@@SAXPBV1@PBUCoord3D@@PBVMatrix3D@@M1M@Z
divergent	?do_get@?$money_get@DV?$istreambuf_iterator@DV?$char_traits@D@_STL@@@_STL@@@_STL@@MBE?AV?$istreambuf_iterator@DV?$char_traits@D@_STL@@@2@V32@0_NAAVios_base@2@AAHAAO@Z
divergent	?do_get@?$money_get@DV?$istreambuf_iterator@DV?$char_traits@D@_STL@@@_STL@@@_STL@@MBE?AV?$istreambuf_iterator@DV?$char_traits@D@_STL@@@2@V32@0_NAAVios_base@2@AAHAAV?$basic_string@DV?$char_traits@D@_STL@@V?$allocator@D@2@@2@@Z
divergent	?do_get@?$money_get@GV?$istreambuf_iterator@GV?$char_traits@G@_STL@@@_STL@@@_STL@@MBE?AV?$istreambuf_iterator@GV?$char_traits@G@_STL@@@2@V32@0_NAAVios_base@2@AAHAAO@Z
divergent	?do_get@?$money_get@GV?$istreambuf_iterator@GV?$char_traits@G@_STL@@@_STL@@@_STL@@MBE?AV?$istreambuf_iterator@GV?$char_traits@G@_STL@@@2@V32@0_NAAVios_base@2@AAHAAV?$basic_string@GV?$char_traits@G@_STL@@V?$allocator@G@2@@2@@Z
divergent	?do_get@?$num_get@DV?$istreambuf_iterator@DV?$char_traits@D@_STL@@@_STL@@@_STL@@MBE?AV?$istreambuf_iterator@DV?$char_traits@D@_STL@@@2@V32@0AAVios_base@2@AAHAAM@Z
divergent	?do_get@?$num_get@DV?$istreambuf_iterator@DV?$char_traits@D@_STL@@@_STL@@@_STL@@MBE?AV?$istreambuf_iterator@DV?$char_traits@D@_STL@@@2@V32@0AAVios_base@2@AAHAAN@Z
divergent	?do_get@?$num_get@DV?$istreambuf_iterator@DV?$char_traits@D@_STL@@@_STL@@@_STL@@MBE?AV?$istreambuf_iterator@DV?$char_traits@D@_STL@@@2@V32@0AAVios_base@2@AAHAAO@Z
divergent	?do_get@?$num_get@DV?$istreambuf_iterator@DV?$char_traits@D@_STL@@@_STL@@@_STL@@MBE?AV?$istreambuf_iterator@DV?$char_traits@D@_STL@@@2@V32@0AAVios_base@2@AAHAA_N@Z
divergent	?do_get@?$num_get@GV?$istreambuf_iterator@GV?$char_traits@G@_STL@@@_STL@@@_STL@@MBE?AV?$istreambuf_iterator@GV?$char_traits@G@_STL@@@2@V32@0AAVios_base@2@AAHAAM@Z
divergent	?do_get@?$num_get@GV?$istreambuf_iterator@GV?$char_traits@G@_STL@@@_STL@@@_STL@@MBE?AV?$istreambuf_iterator@GV?$char_traits@G@_STL@@@2@V32@0AAVios_base@2@AAHAAN@Z
divergent	?do_get@?$num_get@GV?$istreambuf_iterator@GV?$char_traits@G@_STL@@@_STL@@@_STL@@MBE?AV?$istreambuf_iterator@GV?$char_traits@G@_STL@@@2@V32@0AAVios_base@2@AAHAAO@Z
divergent	?do_get@?$num_get@GV?$istreambuf_iterator@GV?$char_traits@G@_STL@@@_STL@@@_STL@@MBE?AV?$istreambuf_iterator@GV?$char_traits@G@_STL@@@2@V32@0AAVios_base@2@AAHAA_N@Z
divergent	?do_put@?$money_put@DV?$ostreambuf_iterator@DV?$char_traits@D@_STL@@@_STL@@@_STL@@MBE?AV?$ostreambuf_iterator@DV?$char_traits@D@_STL@@@2@V32@_NAAVios_base@2@DABV?$basic_string@DV?$char_traits@D@_STL@@V?$allocator@D@2@@2@@Z
divergent	?do_put@?$money_put@DV?$ostreambuf_iterator@DV?$char_traits@D@_STL@@@_STL@@@_STL@@MBE?AV?$ostreambuf_iterator@DV?$char_traits@D@_STL@@@2@V32@_NAAVios_base@2@DO@Z
divergent	?do_put@?$money_put@GV?$ostreambuf_iterator@GV?$char_traits@G@_STL@@@_STL@@@_STL@@MBE?AV?$ostreambuf_iterator@GV?$char_traits@G@_STL@@@2@V32@_NAAVios_base@2@GABV?$basic_string@GV?$char_traits@G@_STL@@V?$allocator@G@2@@2@@Z
divergent	?do_put@?$money_put@GV?$ostreambuf_iterator@GV?$char_traits@G@_STL@@@_STL@@@_STL@@MBE?AV?$ostreambuf_iterator@GV?$char_traits@G@_STL@@@2@V32@_NAAVios_base@2@GO@Z
divergent	?do_put@?$num_put@DV?$ostreambuf_iterator@DV?$char_traits@D@_STL@@@_STL@@@_STL@@MBE?AV?$ostreambuf_iterator@DV?$char_traits@D@_STL@@@2@V32@AAVios_base@2@DPBX@Z
divergent	?do_put@?$num_put@DV?$ostreambuf_iterator@DV?$char_traits@D@_STL@@@_STL@@@_STL@@MBE?AV?$ostreambuf_iterator@DV?$char_traits@D@_STL@@@2@V32@AAVios_base@2@D_N@Z
divergent	?do_put@?$num_put@GV?$ostreambuf_iterator@GV?$char_traits@G@_STL@@@_STL@@@_STL@@MBE?AV?$ostreambuf_iterator@GV?$char_traits@G@_STL@@@2@V32@AAVios_base@2@GPBX@Z
divergent	?do_put@?$time_put@DV?$ostreambuf_iterator@DV?$char_traits@D@_STL@@@_STL@@@_STL@@MBE?AV?$ostreambuf_iterator@DV?$char_traits@D@_STL@@@2@V32@AAVios_base@2@DPBUtm@@DD@Z
divergent	?done@?$DLINK_ITERATOR@VObject@@@@QBE_NXZ
divergent	?done@?$DLINK_ITERATOR@VTeam@@@@QBE_NXZ
divergent	?eback@?$basic_streambuf@DV?$char_traits@D@_STL@@@_STL@@IBEPADXZ
divergent	?elems_in_bucket@?$hash_map@HHU?$hash@H@_STL@@U?$equal_to@H@2@V?$allocator@U?$pair@$$CBHH@_STL@@@2@@_STL@@QBEII@Z
divergent	?elems_in_bucket@?$hash_map@W4NameKeyType@@VDamageFX@@U?$hash@W4NameKeyType@@@rts@@U?$equal_to@W4NameKeyType@@@4@V?$allocator@U?$pair@$$CBW4NameKeyType@@VDamageFX@@@_STL@@@_STL@@@_STL@@QBEII@Z
divergent	?elems_in_bucket@?$hashtable@U?$pair@$$CBHH@_STL@@HU?$hash@H@2@U?$_Select1st@U?$pair@$$CBHH@_STL@@@2@U?$equal_to@H@2@V?$allocator@U?$pair@$$CBHH@_STL@@@2@@_STL@@QBEII@Z
divergent	?elems_in_bucket@?$hashtable@U?$pair@$$CBW4NameKeyType@@VDamageFX@@@_STL@@W4NameKeyType@@U?$hash@W4NameKeyType@@@rts@@U?$_Select1st@U?$pair@$$CBW4NameKeyType@@VDamageFX@@@_STL@@@2@U?$equal_to@W4NameKeyType@@@5@V?$allocator@U?$pair@$$CBW4NameKeyType@@VDamageFX@@@_STL@@@2@@_STL@@QBEII@Z
divergent	?empty@?$deque@PAVSightingInfo@@V?$allocator@PAVSightingInfo@@@_STL@@@_STL@@QBE_NXZ
divergent	?empty@?$deque@PAXV?$allocator@PAX@_STL@@@_STL@@QBE_NXZ
divergent	?empty@?$hash_map@HHU?$hash@H@_STL@@U?$equal_to@H@2@V?$allocator@U?$pair@$$CBHH@_STL@@@2@@_STL@@QBE_NXZ
divergent	?empty@?$hash_map@HW4Relationship@@U?$hash@H@_STL@@U?$equal_to@H@3@V?$allocator@U?$pair@$$CBHW4Relationship@@@_STL@@@3@@_STL@@QBE_NXZ
divergent	?empty@?$hash_map@W4NameKeyType@@VDamageFX@@U?$hash@W4NameKeyType@@@rts@@U?$equal_to@W4NameKeyType@@@4@V?$allocator@U?$pair@$$CBW4NameKeyType@@VDamageFX@@@_STL@@@_STL@@@_STL@@QBE_NXZ
divergent	?empty@?$hashtable@U?$pair@$$CBHH@_STL@@HU?$hash@H@2@U?$_Select1st@U?$pair@$$CBHH@_STL@@@2@U?$equal_to@H@2@V?$allocator@U?$pair@$$CBHH@_STL@@@2@@_STL@@QBE_NXZ
divergent	?empty@?$hashtable@U?$pair@$$CBHW4Relationship@@@_STL@@HU?$hash@H@2@U?$_Select1st@U?$pair@$$CBHW4Relationship@@@_STL@@@2@U?$equal_to@H@2@V?$allocator@U?$pair@$$CBHW4Relationship@@@_STL@@@2@@_STL@@QBE_NXZ
divergent	?empty@?$hashtable@U?$pair@$$CBW4NameKeyType@@VDamageFX@@@_STL@@W4NameKeyType@@U?$hash@W4NameKeyType@@@rts@@U?$_Select1st@U?$pair@$$CBW4NameKeyType@@VDamageFX@@@_STL@@@2@U?$equal_to@W4NameKeyType@@@5@V?$allocator@U?$pair@$$CBW4NameKeyType@@VDamageFX@@@_STL@@@2@@_STL@@QBE_NXZ
divergent	?empty@?$list@HV?$allocator@H@_STL@@@_STL@@QBE_NXZ
divergent	?empty@?$list@V?$basic_string@DV?$char_traits@D@_STL@@V?$allocator@D@2@@_STL@@V?$allocator@V?$basic_string@DV?$char_traits@D@_STL@@V?$allocator@D@2@@_STL@@@2@@_STL@@QBE_NXZ
divergent	?empty@?$map@HHU?$less@H@_STL@@V?$allocator@U?$pair@$$CBHH@_STL@@@2@@_STL@@QBE_NXZ
divergent	?empty@?$vector@UAngleFXInfo@@V?$allocator@UAngleFXInfo@@@_STL@@@_STL@@QBE_NXZ
divergent	?empty@?$vector@_NV?$allocator@_N@_STL@@@_STL@@QBE_NXZ
divergent	?end@?$_Rb_tree@HU?$pair@$$CBHPAX@_STL@@U?$_Select1st@U?$pair@$$CBHPAX@_STL@@@2@U?$less@H@2@V?$allocator@U?$pair@$$CBHPAX@_STL@@@2@@_STL@@QAE?AU?$_Rb_tree_iterator@U?$pair@$$CBHPAX@_STL@@U?$_Nonconst_traits@U?$pair@$$CBHPAX@_STL@@@2@@2@XZ
divergent	?end@?$_Rb_tree@VUnicodeString@@U?$pair@$$CBVUnicodeString@@_N@_STL@@U?$_Select1st@U?$pair@$$CBVUnicodeString@@_N@_STL@@@3@UUnicodeStringLessThan@@V?$allocator@U?$pair@$$CBVUnicodeString@@_N@_STL@@@3@@_STL@@QAE?AU?$_Rb_tree_iterator@U?$pair@$$CBVUnicodeString@@_N@_STL@@U?$_Nonconst_traits@U?$pair@$$CBVUnicodeString@@_N@_STL@@@2@@2@XZ
divergent	?end@?$deque@PAXV?$allocator@PAX@_STL@@@_STL@@QAE?AU?$_Deque_iterator@PAXU?$_Nonconst_traits@PAX@_STL@@@2@XZ
divergent	?end@?$deque@PAXV?$allocator@PAX@_STL@@@_STL@@QBE?AU?$_Deque_iterator@PAXU?$_Const_traits@PAX@_STL@@@2@XZ
divergent	?end@?$deque@UBfmeE8@@V?$allocator@UBfmeE8@@@_STL@@@_STL@@QAE?AU?$_Deque_iterator@UBfmeE8@@U?$_Nonconst_traits@UBfmeE8@@@_STL@@@2@XZ
divergent	?end@?$deque@UBfmeE8@@V?$allocator@UBfmeE8@@@_STL@@@_STL@@QBE?AU?$_Deque_iterator@UBfmeE8@@U?$_Const_traits@UBfmeE8@@@_STL@@@2@XZ
divergent	?end@?$hash_map@HW4Relationship@@U?$hash@H@_STL@@U?$equal_to@H@3@V?$allocator@U?$pair@$$CBHW4Relationship@@@_STL@@@3@@_STL@@QAE?AU?$_Ht_iterator@U?$pair@$$CBHW4Relationship@@@_STL@@U?$_Nonconst_traits@U?$pair@$$CBHW4Relationship@@@_STL@@@2@HU?$hash@H@2@U?$_Select1st@U?$pair@$$CBHW4Relationship@@@_STL@@@2@U?$equal_to@H@2@V?$allocator@U?$pair@$$CBHW4Relationship@@@_STL@@@2@@2@XZ
divergent	?end@?$hash_map@IW4Relationship@@U?$hash@I@_STL@@U?$equal_to@I@3@V?$allocator@U?$pair@$$CBIW4Relationship@@@_STL@@@3@@_STL@@QAE?AU?$_Ht_iterator@U?$pair@$$CBIW4Relationship@@@_STL@@U?$_Nonconst_traits@U?$pair@$$CBIW4Relationship@@@_STL@@@2@IU?$hash@I@2@U?$_Select1st@U?$pair@$$CBIW4Relationship@@@_STL@@@2@U?$equal_to@I@2@V?$allocator@U?$pair@$$CBIW4Relationship@@@_STL@@@2@@2@XZ
divergent	?end@?$hash_map@W4NameKeyType@@VDamageFX@@U?$hash@W4NameKeyType@@@rts@@U?$equal_to@W4NameKeyType@@@4@V?$allocator@U?$pair@$$CBW4NameKeyType@@VDamageFX@@@_STL@@@_STL@@@_STL@@QAE?AU?$_Ht_iterator@U?$pair@$$CBW4NameKeyType@@VDamageFX@@@_STL@@U?$_Nonconst_traits@U?$pair@$$CBW4NameKeyType@@VDamageFX@@@_STL@@@2@W4NameKeyType@@U?$hash@W4NameKeyType@@@rts@@U?$_Select1st@U?$pair@$$CBW4NameKeyType@@VDamageFX@@@_STL@@@2@U?$equal_to@W4NameKeyType@@@6@V?$allocator@U?$pair@$$CBW4NameKeyType@@VDamageFX@@@_STL@@@2@@2@XZ
divergent	?end@?$hash_map@W4NameKeyType@@VDamageFX@@U?$hash@W4NameKeyType@@@rts@@U?$equal_to@W4NameKeyType@@@4@V?$allocator@U?$pair@$$CBW4NameKeyType@@VDamageFX@@@_STL@@@_STL@@@_STL@@QBE?AU?$_Ht_iterator@U?$pair@$$CBW4NameKeyType@@VDamageFX@@@_STL@@U?$_Const_traits@U?$pair@$$CBW4NameKeyType@@VDamageFX@@@_STL@@@2@W4NameKeyType@@U?$hash@W4NameKeyType@@@rts@@U?$_Select1st@U?$pair@$$CBW4NameKeyType@@VDamageFX@@@_STL@@@2@U?$equal_to@W4NameKeyType@@@6@V?$allocator@U?$pair@$$CBW4NameKeyType@@VDamageFX@@@_STL@@@2@@2@XZ
divergent	?end@?$hashtable@U?$pair@$$CBHW4Relationship@@@_STL@@HU?$hash@H@2@U?$_Select1st@U?$pair@$$CBHW4Relationship@@@_STL@@@2@U?$equal_to@H@2@V?$allocator@U?$pair@$$CBHW4Relationship@@@_STL@@@2@@_STL@@QAE?AU?$_Ht_iterator@U?$pair@$$CBHW4Relationship@@@_STL@@U?$_Nonconst_traits@U?$pair@$$CBHW4Relationship@@@_STL@@@2@HU?$hash@H@2@U?$_Select1st@U?$pair@$$CBHW4Relationship@@@_STL@@@2@U?$equal_to@H@2@V?$allocator@U?$pair@$$CBHW4Relationship@@@_STL@@@2@@2@XZ
divergent	?end@?$hashtable@U?$pair@$$CBIW4Relationship@@@_STL@@IU?$hash@I@2@U?$_Select1st@U?$pair@$$CBIW4Relationship@@@_STL@@@2@U?$equal_to@I@2@V?$allocator@U?$pair@$$CBIW4Relationship@@@_STL@@@2@@_STL@@QAE?AU?$_Ht_iterator@U?$pair@$$CBIW4Relationship@@@_STL@@U?$_Nonconst_traits@U?$pair@$$CBIW4Relationship@@@_STL@@@2@IU?$hash@I@2@U?$_Select1st@U?$pair@$$CBIW4Relationship@@@_STL@@@2@U?$equal_to@I@2@V?$allocator@U?$pair@$$CBIW4Relationship@@@_STL@@@2@@2@XZ
divergent	?end@?$hashtable@U?$pair@$$CBW4NameKeyType@@VDamageFX@@@_STL@@W4NameKeyType@@U?$hash@W4NameKeyType@@@rts@@U?$_Select1st@U?$pair@$$CBW4NameKeyType@@VDamageFX@@@_STL@@@2@U?$equal_to@W4NameKeyType@@@5@V?$allocator@U?$pair@$$CBW4NameKeyType@@VDamageFX@@@_STL@@@2@@_STL@@QAE?AU?$_Ht_iterator@U?$pair@$$CBW4NameKeyType@@VDamageFX@@@_STL@@U?$_Nonconst_traits@U?$pair@$$CBW4NameKeyType@@VDamageFX@@@_STL@@@2@W4NameKeyType@@U?$hash@W4NameKeyType@@@rts@@U?$_Select1st@U?$pair@$$CBW4NameKeyType@@VDamageFX@@@_STL@@@2@U?$equal_to@W4NameKeyType@@@6@V?$allocator@U?$pair@$$CBW4NameKeyType@@VDamageFX@@@_STL@@@2@@2@XZ
divergent	?end@?$hashtable@U?$pair@$$CBW4NameKeyType@@VDamageFX@@@_STL@@W4NameKeyType@@U?$hash@W4NameKeyType@@@rts@@U?$_Select1st@U?$pair@$$CBW4NameKeyType@@VDamageFX@@@_STL@@@2@U?$equal_to@W4NameKeyType@@@5@V?$allocator@U?$pair@$$CBW4NameKeyType@@VDamageFX@@@_STL@@@2@@_STL@@QBE?AU?$_Ht_iterator@U?$pair@$$CBW4NameKeyType@@VDamageFX@@@_STL@@U?$_Const_traits@U?$pair@$$CBW4NameKeyType@@VDamageFX@@@_STL@@@2@W4NameKeyType@@U?$hash@W4NameKeyType@@@rts@@U?$_Select1st@U?$pair@$$CBW4NameKeyType@@VDamageFX@@@_STL@@@2@U?$equal_to@W4NameKeyType@@@6@V?$allocator@U?$pair@$$CBW4NameKeyType@@VDamageFX@@@_STL@@@2@@2@XZ
divergent	?end@?$hashtable@U?$pair@$$CBW4NameKeyType@@VFXList@@@_STL@@W4NameKeyType@@U?$hash@W4NameKeyType@@@rts@@U?$_Select1st@U?$pair@$$CBW4NameKeyType@@VFXList@@@_STL@@@2@U?$equal_to@W4NameKeyType@@@5@V?$allocator@U?$pair@$$CBW4NameKeyType@@VFXList@@@_STL@@@2@@_STL@@QAE?AU?$_Ht_iterator@U?$pair@$$CBW4NameKeyType@@VFXList@@@_STL@@U?$_Nonconst_traits@U?$pair@$$CBW4NameKeyType@@VFXList@@@_STL@@@2@W4NameKeyType@@U?$hash@W4NameKeyType@@@rts@@U?$_Select1st@U?$pair@$$CBW4NameKeyType@@VFXList@@@_STL@@@2@U?$equal_to@W4NameKeyType@@@6@V?$allocator@U?$pair@$$CBW4NameKeyType@@VFXList@@@_STL@@@2@@2@XZ
divergent	?end@?$list@HV?$allocator@H@_STL@@@_STL@@QAE?AU?$_List_iterator@HU?$_Nonconst_traits@H@_STL@@@2@XZ
divergent	?end@?$list@PAXV?$allocator@PAX@_STL@@@_STL@@QAE?AU?$_List_iterator@PAXU?$_Nonconst_traits@PAX@_STL@@@2@XZ
divergent	?end@?$list@PAXV?$allocator@PAX@_STL@@@_STL@@QBE?AU?$_List_iterator@PAXU?$_Const_traits@PAX@_STL@@@2@XZ
divergent	?end@?$map@HPAXU?$less@H@_STL@@V?$allocator@U?$pair@$$CBHPAX@_STL@@@2@@_STL@@QAE?AU?$_Rb_tree_iterator@U?$pair@$$CBHPAX@_STL@@U?$_Nonconst_traits@U?$pair@$$CBHPAX@_STL@@@2@@2@XZ
divergent	?end@?$map@VUnicodeString@@_NUUnicodeStringLessThan@@V?$allocator@U?$pair@$$CBVUnicodeString@@_N@_STL@@@_STL@@@_STL@@QAE?AU?$_Rb_tree_iterator@U?$pair@$$CBVUnicodeString@@_N@_STL@@U?$_Nonconst_traits@U?$pair@$$CBVUnicodeString@@_N@_STL@@@2@@2@XZ
divergent	?end@?$vector@IV?$allocator@I@_STL@@@_STL@@QAEPAIXZ
divergent	?equal_range@?$_Rb_tree@HU?$pair@$$CBHH@_STL@@U?$_Select1st@U?$pair@$$CBHH@_STL@@@2@U?$less@H@2@V?$allocator@U?$pair@$$CBHH@_STL@@@2@@_STL@@QAE?AU?$pair@U?$_Rb_tree_iterator@U?$pair@$$CBHH@_STL@@U?$_Nonconst_traits@U?$pair@$$CBHH@_STL@@@2@@_STL@@U12@@2@ABH@Z
divergent	?equal_range@?$_Rb_tree@HU?$pair@$$CBHH@_STL@@U?$_Select1st@U?$pair@$$CBHH@_STL@@@2@U?$less@H@2@V?$allocator@U?$pair@$$CBHH@_STL@@@2@@_STL@@QBE?AU?$pair@U?$_Rb_tree_iterator@U?$pair@$$CBHH@_STL@@U?$_Const_traits@U?$pair@$$CBHH@_STL@@@2@@_STL@@U12@@2@ABH@Z
divergent	?equal_range@?$_Rb_tree@VAsciiString@@U?$pair@$$CBVAsciiString@@VMapMetaData@@@_STL@@U?$_Select1st@U?$pair@$$CBVAsciiString@@VMapMetaData@@@_STL@@@3@U?$less@VAsciiString@@@3@V?$allocator@U?$pair@$$CBVAsciiString@@VMapMetaData@@@_STL@@@3@@_STL@@QAE?AU?$pair@U?$_Rb_tree_iterator@U?$pair@$$CBVAsciiString@@VMapMetaData@@@_STL@@U?$_Nonconst_traits@U?$pair@$$CBVAsciiString@@VMapMetaData@@@_STL@@@2@@_STL@@U12@@2@ABVAsciiString@@@Z
divergent	?equal_range@?$hash_map@W4NameKeyType@@VDamageFX@@U?$hash@W4NameKeyType@@@rts@@U?$equal_to@W4NameKeyType@@@4@V?$allocator@U?$pair@$$CBW4NameKeyType@@VDamageFX@@@_STL@@@_STL@@@_STL@@QAE?AU?$pair@U?$_Ht_iterator@U?$pair@$$CBW4NameKeyType@@VDamageFX@@@_STL@@U?$_Nonconst_traits@U?$pair@$$CBW4NameKeyType@@VDamageFX@@@_STL@@@2@W4NameKeyType@@U?$hash@W4NameKeyType@@@rts@@U?$_Select1st@U?$pair@$$CBW4NameKeyType@@VDamageFX@@@_STL@@@2@U?$equal_to@W4NameKeyType@@@6@V?$allocator@U?$pair@$$CBW4NameKeyType@@VDamageFX@@@_STL@@@2@@_STL@@U12@@2@ABW4NameKeyType@@@Z
divergent	?equal_range@?$hash_map@W4NameKeyType@@VDamageFX@@U?$hash@W4NameKeyType@@@rts@@U?$equal_to@W4NameKeyType@@@4@V?$allocator@U?$pair@$$CBW4NameKeyType@@VDamageFX@@@_STL@@@_STL@@@_STL@@QBE?AU?$pair@U?$_Ht_iterator@U?$pair@$$CBW4NameKeyType@@VDamageFX@@@_STL@@U?$_Const_traits@U?$pair@$$CBW4NameKeyType@@VDamageFX@@@_STL@@@2@W4NameKeyType@@U?$hash@W4NameKeyType@@@rts@@U?$_Select1st@U?$pair@$$CBW4NameKeyType@@VDamageFX@@@_STL@@@2@U?$equal_to@W4NameKeyType@@@6@V?$allocator@U?$pair@$$CBW4NameKeyType@@VDamageFX@@@_STL@@@2@@_STL@@U12@@2@ABW4NameKeyType@@@Z
divergent	?equal_range@?$hashtable@U?$pair@$$CBHH@_STL@@HU?$hash@H@2@U?$_Select1st@U?$pair@$$CBHH@_STL@@@2@U?$equal_to@H@2@V?$allocator@U?$pair@$$CBHH@_STL@@@2@@_STL@@QAE?AU?$pair@U?$_Ht_iterator@U?$pair@$$CBHH@_STL@@U?$_Nonconst_traits@U?$pair@$$CBHH@_STL@@@2@HU?$hash@H@2@U?$_Select1st@U?$pair@$$CBHH@_STL@@@2@U?$equal_to@H@2@V?$allocator@U?$pair@$$CBHH@_STL@@@2@@_STL@@U12@@2@ABH@Z
divergent	?equal_range@?$hashtable@U?$pair@$$CBHH@_STL@@HU?$hash@H@2@U?$_Select1st@U?$pair@$$CBHH@_STL@@@2@U?$equal_to@H@2@V?$allocator@U?$pair@$$CBHH@_STL@@@2@@_STL@@QBE?AU?$pair@U?$_Ht_iterator@U?$pair@$$CBHH@_STL@@U?$_Const_traits@U?$pair@$$CBHH@_STL@@@2@HU?$hash@H@2@U?$_Select1st@U?$pair@$$CBHH@_STL@@@2@U?$equal_to@H@2@V?$allocator@U?$pair@$$CBHH@_STL@@@2@@_STL@@U12@@2@ABH@Z
divergent	?equal_range@?$hashtable@U?$pair@$$CBW4NameKeyType@@VDamageFX@@@_STL@@W4NameKeyType@@U?$hash@W4NameKeyType@@@rts@@U?$_Select1st@U?$pair@$$CBW4NameKeyType@@VDamageFX@@@_STL@@@2@U?$equal_to@W4NameKeyType@@@5@V?$allocator@U?$pair@$$CBW4NameKeyType@@VDamageFX@@@_STL@@@2@@_STL@@QAE?AU?$pair@U?$_Ht_iterator@U?$pair@$$CBW4NameKeyType@@VDamageFX@@@_STL@@U?$_Nonconst_traits@U?$pair@$$CBW4NameKeyType@@VDamageFX@@@_STL@@@2@W4NameKeyType@@U?$hash@W4NameKeyType@@@rts@@U?$_Select1st@U?$pair@$$CBW4NameKeyType@@VDamageFX@@@_STL@@@2@U?$equal_to@W4NameKeyType@@@6@V?$allocator@U?$pair@$$CBW4NameKeyType@@VDamageFX@@@_STL@@@2@@_STL@@U12@@2@ABW4NameKeyType@@@Z
divergent	?equal_range@?$hashtable@U?$pair@$$CBW4NameKeyType@@VDamageFX@@@_STL@@W4NameKeyType@@U?$hash@W4NameKeyType@@@rts@@U?$_Select1st@U?$pair@$$CBW4NameKeyType@@VDamageFX@@@_STL@@@2@U?$equal_to@W4NameKeyType@@@5@V?$allocator@U?$pair@$$CBW4NameKeyType@@VDamageFX@@@_STL@@@2@@_STL@@QBE?AU?$pair@U?$_Ht_iterator@U?$pair@$$CBW4NameKeyType@@VDamageFX@@@_STL@@U?$_Const_traits@U?$pair@$$CBW4NameKeyType@@VDamageFX@@@_STL@@@2@W4NameKeyType@@U?$hash@W4NameKeyType@@@rts@@U?$_Select1st@U?$pair@$$CBW4NameKeyType@@VDamageFX@@@_STL@@@2@U?$equal_to@W4NameKeyType@@@6@V?$allocator@U?$pair@$$CBW4NameKeyType@@VDamageFX@@@_STL@@@2@@_STL@@U12@@2@ABW4NameKeyType@@@Z
divergent	?equal_range@?$map@HHU?$less@H@_STL@@V?$allocator@U?$pair@$$CBHH@_STL@@@2@@_STL@@QAE?AU?$pair@U?$_Rb_tree_iterator@U?$pair@$$CBHH@_STL@@U?$_Nonconst_traits@U?$pair@$$CBHH@_STL@@@2@@_STL@@U12@@2@ABH@Z
divergent	?equal_range@?$map@HHU?$less@H@_STL@@V?$allocator@U?$pair@$$CBHH@_STL@@@2@@_STL@@QBE?AU?$pair@U?$_Rb_tree_iterator@U?$pair@$$CBHH@_STL@@U?$_Const_traits@U?$pair@$$CBHH@_STL@@@2@@_STL@@U12@@2@ABH@Z
divergent	?erase@?$_Rb_tree@HU?$pair@$$CBHH@_STL@@U?$_Select1st@U?$pair@$$CBHH@_STL@@@2@U?$less@H@2@V?$allocator@U?$pair@$$CBHH@_STL@@@2@@_STL@@QAEIABH@Z
divergent	?erase@?$_Rb_tree@VAsciiString@@U?$pair@$$CBVAsciiString@@V?$list@VAsciiString@@V?$allocator@VAsciiString@@@_STL@@@_STL@@@_STL@@U?$_Select1st@U?$pair@$$CBVAsciiString@@V?$list@VAsciiString@@V?$allocator@VAsciiString@@@_STL@@@_STL@@@_STL@@@3@U?$less@VAsciiString@@@3@V?$allocator@U?$pair@$$CBVAsciiString@@V?$list@VAsciiString@@V?$allocator@VAsciiString@@@_STL@@@_STL@@@_STL@@@3@@_STL@@QAEXU?$_Rb_tree_iterator@U?$pair@$$CBVAsciiString@@V?$list@VAsciiString@@V?$allocator@VAsciiString@@@_STL@@@_STL@@@_STL@@U?$_Nonconst_traits@U?$pair@$$CBVAsciiString@@V?$list@VAsciiString@@V?$allocator@VAsciiString@@@_STL@@@_STL@@@_STL@@@2@@2@@Z
divergent	?erase@?$_Rb_tree@VAsciiString@@U?$pair@$$CBVAsciiString@@VMapMetaData@@@_STL@@U?$_Select1st@U?$pair@$$CBVAsciiString@@VMapMetaData@@@_STL@@@3@U?$less@VAsciiString@@@3@V?$allocator@U?$pair@$$CBVAsciiString@@VMapMetaData@@@_STL@@@3@@_STL@@QAEIABVAsciiString@@@Z
divergent	?erase@?$_Rb_tree@VAsciiString@@U?$pair@$$CBVAsciiString@@VMapMetaData@@@_STL@@U?$_Select1st@U?$pair@$$CBVAsciiString@@VMapMetaData@@@_STL@@@3@U?$less@VAsciiString@@@3@V?$allocator@U?$pair@$$CBVAsciiString@@VMapMetaData@@@_STL@@@3@@_STL@@QAEXU?$_Rb_tree_iterator@U?$pair@$$CBVAsciiString@@VMapMetaData@@@_STL@@U?$_Nonconst_traits@U?$pair@$$CBVAsciiString@@VMapMetaData@@@_STL@@@2@@2@0@Z
divergent	?erase@?$_Rb_tree@VAsciiString@@U?$pair@$$CBVAsciiString@@VMapMetaData@@@_STL@@U?$_Select1st@U?$pair@$$CBVAsciiString@@VMapMetaData@@@_STL@@@3@U?$less@VAsciiString@@@3@V?$allocator@U?$pair@$$CBVAsciiString@@VMapMetaData@@@_STL@@@3@@_STL@@QAEXU?$_Rb_tree_iterator@U?$pair@$$CBVAsciiString@@VMapMetaData@@@_STL@@U?$_Nonconst_traits@U?$pair@$$CBVAsciiString@@VMapMetaData@@@_STL@@@2@@2@@Z
divergent	?erase@?$basic_string@DV?$char_traits@D@_STL@@V?$allocator@D@2@@_STL@@QAEAAV12@II@Z
divergent	?erase@?$deque@PAXV?$allocator@PAX@_STL@@@_STL@@QAE?AU?$_Deque_iterator@PAXU?$_Nonconst_traits@PAX@_STL@@@2@U32@0@Z
divergent	?erase@?$deque@PAXV?$allocator@PAX@_STL@@@_STL@@QAE?AU?$_Deque_iterator@PAXU?$_Nonconst_traits@PAX@_STL@@@2@U32@@Z
divergent	?erase@?$deque@UBfmeE8@@V?$allocator@UBfmeE8@@@_STL@@@_STL@@QAE?AU?$_Deque_iterator@UBfmeE8@@U?$_Nonconst_traits@UBfmeE8@@@_STL@@@2@U32@0@Z
divergent	?erase@?$deque@UBfmeE8@@V?$allocator@UBfmeE8@@@_STL@@@_STL@@QAE?AU?$_Deque_iterator@UBfmeE8@@U?$_Nonconst_traits@UBfmeE8@@@_STL@@@2@U32@@Z
divergent	?erase@?$hash_map@W4NameKeyType@@VDamageFX@@U?$hash@W4NameKeyType@@@rts@@U?$equal_to@W4NameKeyType@@@4@V?$allocator@U?$pair@$$CBW4NameKeyType@@VDamageFX@@@_STL@@@_STL@@@_STL@@QAEXU?$_Ht_iterator@U?$pair@$$CBW4NameKeyType@@VDamageFX@@@_STL@@U?$_Nonconst_traits@U?$pair@$$CBW4NameKeyType@@VDamageFX@@@_STL@@@2@W4NameKeyType@@U?$hash@W4NameKeyType@@@rts@@U?$_Select1st@U?$pair@$$CBW4NameKeyType@@VDamageFX@@@_STL@@@2@U?$equal_to@W4NameKeyType@@@6@V?$allocator@U?$pair@$$CBW4NameKeyType@@VDamageFX@@@_STL@@@2@@2@@Z
divergent	?erase@?$hashtable@U?$pair@$$CBHH@_STL@@HU?$hash@H@2@U?$_Select1st@U?$pair@$$CBHH@_STL@@@2@U?$equal_to@H@2@V?$allocator@U?$pair@$$CBHH@_STL@@@2@@_STL@@QAEIABH@Z
divergent	?erase@?$hashtable@U?$pair@$$CBHH@_STL@@HU?$hash@H@2@U?$_Select1st@U?$pair@$$CBHH@_STL@@@2@U?$equal_to@H@2@V?$allocator@U?$pair@$$CBHH@_STL@@@2@@_STL@@QAEXABU?$_Ht_iterator@U?$pair@$$CBHH@_STL@@U?$_Const_traits@U?$pair@$$CBHH@_STL@@@2@HU?$hash@H@2@U?$_Select1st@U?$pair@$$CBHH@_STL@@@2@U?$equal_to@H@2@V?$allocator@U?$pair@$$CBHH@_STL@@@2@@2@@Z
divergent	?erase@?$hashtable@U?$pair@$$CBHH@_STL@@HU?$hash@H@2@U?$_Select1st@U?$pair@$$CBHH@_STL@@@2@U?$equal_to@H@2@V?$allocator@U?$pair@$$CBHH@_STL@@@2@@_STL@@QAEXU?$_Ht_iterator@U?$pair@$$CBHH@_STL@@U?$_Const_traits@U?$pair@$$CBHH@_STL@@@2@HU?$hash@H@2@U?$_Select1st@U?$pair@$$CBHH@_STL@@@2@U?$equal_to@H@2@V?$allocator@U?$pair@$$CBHH@_STL@@@2@@2@0@Z
divergent	?erase@?$hashtable@U?$pair@$$CBVAsciiString@@PAVThingTemplate@@@_STL@@VAsciiString@@U?$hash@VAsciiString@@@rts@@U?$_Select1st@U?$pair@$$CBVAsciiString@@PAVThingTemplate@@@_STL@@@2@U?$equal_to@VAsciiString@@@5@V?$allocator@U?$pair@$$CBVAsciiString@@PAVThingTemplate@@@_STL@@@2@@_STL@@QAEIABVAsciiString@@@Z
divergent	?erase@?$hashtable@U?$pair@$$CBW4NameKeyType@@VDamageFX@@@_STL@@W4NameKeyType@@U?$hash@W4NameKeyType@@@rts@@U?$_Select1st@U?$pair@$$CBW4NameKeyType@@VDamageFX@@@_STL@@@2@U?$equal_to@W4NameKeyType@@@5@V?$allocator@U?$pair@$$CBW4NameKeyType@@VDamageFX@@@_STL@@@2@@_STL@@QAEIABW4NameKeyType@@@Z
divergent	?erase@?$hashtable@U?$pair@$$CBW4NameKeyType@@VDamageFX@@@_STL@@W4NameKeyType@@U?$hash@W4NameKeyType@@@rts@@U?$_Select1st@U?$pair@$$CBW4NameKeyType@@VDamageFX@@@_STL@@@2@U?$equal_to@W4NameKeyType@@@5@V?$allocator@U?$pair@$$CBW4NameKeyType@@VDamageFX@@@_STL@@@2@@_STL@@QAEXABU?$_Ht_iterator@U?$pair@$$CBW4NameKeyType@@VDamageFX@@@_STL@@U?$_Const_traits@U?$pair@$$CBW4NameKeyType@@VDamageFX@@@_STL@@@2@W4NameKeyType@@U?$hash@W4NameKeyType@@@rts@@U?$_Select1st@U?$pair@$$CBW4NameKeyType@@VDamageFX@@@_STL@@@2@U?$equal_to@W4NameKeyType@@@6@V?$allocator@U?$pair@$$CBW4NameKeyType@@VDamageFX@@@_STL@@@2@@2@@Z
divergent	?erase@?$hashtable@U?$pair@$$CBW4NameKeyType@@VDamageFX@@@_STL@@W4NameKeyType@@U?$hash@W4NameKeyType@@@rts@@U?$_Select1st@U?$pair@$$CBW4NameKeyType@@VDamageFX@@@_STL@@@2@U?$equal_to@W4NameKeyType@@@5@V?$allocator@U?$pair@$$CBW4NameKeyType@@VDamageFX@@@_STL@@@2@@_STL@@QAEXU?$_Ht_iterator@U?$pair@$$CBW4NameKeyType@@VDamageFX@@@_STL@@U?$_Const_traits@U?$pair@$$CBW4NameKeyType@@VDamageFX@@@_STL@@@2@W4NameKeyType@@U?$hash@W4NameKeyType@@@rts@@U?$_Select1st@U?$pair@$$CBW4NameKeyType@@VDamageFX@@@_STL@@@2@U?$equal_to@W4NameKeyType@@@6@V?$allocator@U?$pair@$$CBW4NameKeyType@@VDamageFX@@@_STL@@@2@@2@0@Z
divergent	?erase@?$list@PAVObject@@V?$allocator@PAVObject@@@_STL@@@_STL@@QAE?AU?$_List_iterator@PAVObject@@U?$_Nonconst_traits@PAVObject@@@_STL@@@2@U32@@Z
divergent	?erase@?$list@PAVTeamPrototype@@V?$allocator@PAVTeamPrototype@@@_STL@@@_STL@@QAE?AU?$_List_iterator@PAVTeamPrototype@@U?$_Nonconst_traits@PAVTeamPrototype@@@_STL@@@2@U32@@Z
divergent	?erase@?$list@UCoord3D@@V?$allocator@UCoord3D@@@_STL@@@_STL@@QAE?AU?$_List_iterator@UCoord3D@@U?$_Nonconst_traits@UCoord3D@@@_STL@@@2@U32@0@Z
divergent	?erase@?$list@UCoord3D@@V?$allocator@UCoord3D@@@_STL@@@_STL@@QAE?AU?$_List_iterator@UCoord3D@@U?$_Nonconst_traits@UCoord3D@@@_STL@@@2@U32@@Z
divergent	?erase@?$list@V?$basic_string@DV?$char_traits@D@_STL@@V?$allocator@D@2@@_STL@@V?$allocator@V?$basic_string@DV?$char_traits@D@_STL@@V?$allocator@D@2@@_STL@@@2@@_STL@@QAE?AU?$_List_iterator@V?$basic_string@DV?$char_traits@D@_STL@@V?$allocator@D@2@@_STL@@U?$_Nonconst_traits@V?$basic_string@DV?$char_traits@D@_STL@@V?$allocator@D@2@@_STL@@@2@@2@U32@@Z
divergent	?erase@?$list@VAsciiString@@V?$allocator@VAsciiString@@@_STL@@@_STL@@QAE?AU?$_List_iterator@VAsciiString@@U?$_Nonconst_traits@VAsciiString@@@_STL@@@2@U32@@Z
divergent	?erase@?$map@HHU?$less@H@_STL@@V?$allocator@U?$pair@$$CBHH@_STL@@@2@@_STL@@QAEXU?$_Rb_tree_iterator@U?$pair@$$CBHH@_STL@@U?$_Nonconst_traits@U?$pair@$$CBHH@_STL@@@2@@2@@Z
divergent	?erase@?$vector@HV?$allocator@H@_STL@@@_STL@@QAEPAHPAH@Z
divergent	?erase@?$vector@PAXV?$allocator@PAX@_STL@@@_STL@@QAEPAPAXPAPAX0@Z
divergent	?erase@?$vector@PAXV?$allocator@PAX@_STL@@@_STL@@QAEPAPAXPAPAX@Z
divergent	?erase@?$vector@UAngleFXInfo@@V?$allocator@UAngleFXInfo@@@_STL@@@_STL@@QAEPAUAngleFXInfo@@PAU3@0@Z
divergent	?erase@?$vector@UAngleFXInfo@@V?$allocator@UAngleFXInfo@@@_STL@@@_STL@@QAEPAUAngleFXInfo@@PAU3@@Z
divergent	?erase@?$vector@UBfmeAssignRecord32@@V?$allocator@UBfmeAssignRecord32@@@_STL@@@_STL@@QAEPAUBfmeAssignRecord32@@PAU3@0@Z
divergent	?erase@?$vector@UBfmeContainerRecord005FDEC7@@V?$allocator@UBfmeContainerRecord005FDEC7@@@_STL@@@_STL@@QAEPAUBfmeContainerRecord005FDEC7@@PAU3@0@Z
divergent	?erase@?$vector@UBfmeFixedObject60@@V?$allocator@UBfmeFixedObject60@@@_STL@@@_STL@@QAEPAUBfmeFixedObject60@@PAU3@0@Z
divergent	?erase@?$vector@UBfmeObject872@@V?$allocator@UBfmeObject872@@@_STL@@@_STL@@QAEPAUBfmeObject872@@PAU3@@Z
divergent	?erase@?$vector@UBfmePod36@@V?$allocator@UBfmePod36@@@_STL@@@_STL@@QAEPAUBfmePod36@@PAU3@0@Z
divergent	?erase@?$vector@UBfmePod36@@V?$allocator@UBfmePod36@@@_STL@@@_STL@@QAEPAUBfmePod36@@PAU3@@Z
divergent	?erase@?$vector@UBfmePod40@@V?$allocator@UBfmePod40@@@_STL@@@_STL@@QAEPAUBfmePod40@@PAU3@0@Z
divergent	?erase@?$vector@UBfmePod40@@V?$allocator@UBfmePod40@@@_STL@@@_STL@@QAEPAUBfmePod40@@PAU3@@Z
divergent	?erase@?$vector@UBfmePod44@@V?$allocator@UBfmePod44@@@_STL@@@_STL@@QAEPAUBfmePod44@@PAU3@0@Z
divergent	?erase@?$vector@UBfmePod44@@V?$allocator@UBfmePod44@@@_STL@@@_STL@@QAEPAUBfmePod44@@PAU3@@Z
divergent	?erase@?$vector@UBfmePod52@@V?$allocator@UBfmePod52@@@_STL@@@_STL@@QAEPAUBfmePod52@@PAU3@0@Z
divergent	?erase@?$vector@UBfmePod68@@V?$allocator@UBfmePod68@@@_STL@@@_STL@@QAEPAUBfmePod68@@PAU3@0@Z
divergent	?erase@?$vector@UBfmePod68@@V?$allocator@UBfmePod68@@@_STL@@@_STL@@QAEPAUBfmePod68@@PAU3@@Z
divergent	?erase@?$vector@UBfmeStringRecord00204A30@@V?$allocator@UBfmeStringRecord00204A30@@@_STL@@@_STL@@QAEPAUBfmeStringRecord00204A30@@PAU3@0@Z
divergent	?erase@?$vector@UBfmeStringRecord00204A30@@V?$allocator@UBfmeStringRecord00204A30@@@_STL@@@_STL@@QAEPAUBfmeStringRecord00204A30@@PAU3@@Z
divergent	?erase@?$vector@UBfmeStringRecord005DDD40@@V?$allocator@UBfmeStringRecord005DDD40@@@_STL@@@_STL@@QAEPAUBfmeStringRecord005DDD40@@PAU3@0@Z
divergent	?erase@?$vector@UCoord3D@@V?$allocator@UCoord3D@@@_STL@@@_STL@@QAEPAUCoord3D@@PAU3@0@Z
divergent	?erase@?$vector@UFXBoneInfo@@V?$allocator@UFXBoneInfo@@@_STL@@@_STL@@QAEPAUFXBoneInfo@@PAU3@0@Z
divergent	?erase@?$vector@UGeometryShape@@V?$allocator@UGeometryShape@@@_STL@@@_STL@@QAEPAUGeometryShape@@PAU3@0@Z
divergent	?erase@?$vector@UICoord2D@@V?$allocator@UICoord2D@@@_STL@@@_STL@@QAEPAUICoord2D@@PAU3@0@Z
divergent	?erase@?$vector@UNugget@ModuleInfo@@V?$allocator@UNugget@ModuleInfo@@@_STL@@@_STL@@QAEPAUNugget@ModuleInfo@@PAU34@@Z
divergent	?erase@?$vector@URva000B435F@@V?$allocator@URva000B435F@@@_STL@@@_STL@@QAEPAURva000B435F@@PAU3@0@Z
divergent	?erase@?$vector@URva001741EBElement@@V?$allocator@URva001741EBElement@@@_STL@@@_STL@@QAEPAURva001741EBElement@@PAU3@0@Z
divergent	?erase@?$vector@URva00B6CF1@@V?$allocator@URva00B6CF1@@@_STL@@@_STL@@QAEPAURva00B6CF1@@PAU3@0@Z
divergent	?erase@?$vector@USegInfo@W3DRopeDraw@@V?$allocator@USegInfo@W3DRopeDraw@@@_STL@@@_STL@@QAEPAUSegInfo@W3DRopeDraw@@PAU34@0@Z
divergent	?erase@?$vector@VAsciiString@@V?$allocator@VAsciiString@@@_STL@@@_STL@@QAEPAVAsciiString@@PAV3@0@Z
divergent	?erase@?$vector@W4ParticleSystemID@@V?$allocator@W4ParticleSystemID@@@_STL@@@_STL@@QAEPAW4ParticleSystemID@@PAW43@0@Z
divergent	?erase@?$vector@W4ScienceType@@V?$allocator@W4ScienceType@@@_STL@@@_STL@@QAEPAW4ScienceType@@PAW43@0@Z
divergent	?erase@?$vector@_NV?$allocator@_N@_STL@@@_STL@@QAE?AU?$_Bit_iter@U_Bit_reference@_STL@@PAU12@@2@U32@0@Z
divergent	?erase@?$vector@_NV?$allocator@_N@_STL@@@_STL@@QAE?AU?$_Bit_iter@U_Bit_reference@_STL@@PAU12@@2@U32@@Z
divergent	?fabs@@YAMM@Z
divergent	?fast_float_ceil@@YAMM@Z
divergent	?fast_float_floor@@YAMM@Z
divergent	?fd@?$basic_filebuf@DV?$char_traits@D@_STL@@@_STL@@QBEPAXXZ
divergent	?fd@?$basic_filebuf@GV?$char_traits@G@_STL@@@_STL@@QBEPAXXZ
divergent	?fill@_STL@@YAXPAE0ABE@Z
divergent	?find@?$hash_map@HHU?$hash@H@_STL@@U?$equal_to@H@2@V?$allocator@U?$pair@$$CBHH@_STL@@@2@@_STL@@QAE?AU?$_Ht_iterator@U?$pair@$$CBHH@_STL@@U?$_Nonconst_traits@U?$pair@$$CBHH@_STL@@@2@HU?$hash@H@2@U?$_Select1st@U?$pair@$$CBHH@_STL@@@2@U?$equal_to@H@2@V?$allocator@U?$pair@$$CBHH@_STL@@@2@@2@ABH@Z
divergent	?find@?$hash_map@HHU?$hash@H@_STL@@U?$equal_to@H@2@V?$allocator@U?$pair@$$CBHH@_STL@@@2@@_STL@@QBE?AU?$_Ht_iterator@U?$pair@$$CBHH@_STL@@U?$_Const_traits@U?$pair@$$CBHH@_STL@@@2@HU?$hash@H@2@U?$_Select1st@U?$pair@$$CBHH@_STL@@@2@U?$equal_to@H@2@V?$allocator@U?$pair@$$CBHH@_STL@@@2@@2@ABH@Z
divergent	?find@?$hash_map@HW4Relationship@@U?$hash@H@_STL@@U?$equal_to@H@3@V?$allocator@U?$pair@$$CBHW4Relationship@@@_STL@@@3@@_STL@@QAE?AU?$_Ht_iterator@U?$pair@$$CBHW4Relationship@@@_STL@@U?$_Nonconst_traits@U?$pair@$$CBHW4Relationship@@@_STL@@@2@HU?$hash@H@2@U?$_Select1st@U?$pair@$$CBHW4Relationship@@@_STL@@@2@U?$equal_to@H@2@V?$allocator@U?$pair@$$CBHW4Relationship@@@_STL@@@2@@2@ABH@Z
divergent	?find@?$hash_map@W4NameKeyType@@VDamageFX@@U?$hash@W4NameKeyType@@@rts@@U?$equal_to@W4NameKeyType@@@4@V?$allocator@U?$pair@$$CBW4NameKeyType@@VDamageFX@@@_STL@@@_STL@@@_STL@@QAE?AU?$_Ht_iterator@U?$pair@$$CBW4NameKeyType@@VDamageFX@@@_STL@@U?$_Nonconst_traits@U?$pair@$$CBW4NameKeyType@@VDamageFX@@@_STL@@@2@W4NameKeyType@@U?$hash@W4NameKeyType@@@rts@@U?$_Select1st@U?$pair@$$CBW4NameKeyType@@VDamageFX@@@_STL@@@2@U?$equal_to@W4NameKeyType@@@6@V?$allocator@U?$pair@$$CBW4NameKeyType@@VDamageFX@@@_STL@@@2@@2@ABW4NameKeyType@@@Z
divergent	?find@?$hash_map@W4NameKeyType@@VDamageFX@@U?$hash@W4NameKeyType@@@rts@@U?$equal_to@W4NameKeyType@@@4@V?$allocator@U?$pair@$$CBW4NameKeyType@@VDamageFX@@@_STL@@@_STL@@@_STL@@QBE?AU?$_Ht_iterator@U?$pair@$$CBW4NameKeyType@@VDamageFX@@@_STL@@U?$_Const_traits@U?$pair@$$CBW4NameKeyType@@VDamageFX@@@_STL@@@2@W4NameKeyType@@U?$hash@W4NameKeyType@@@rts@@U?$_Select1st@U?$pair@$$CBW4NameKeyType@@VDamageFX@@@_STL@@@2@U?$equal_to@W4NameKeyType@@@6@V?$allocator@U?$pair@$$CBW4NameKeyType@@VDamageFX@@@_STL@@@2@@2@ABW4NameKeyType@@@Z
divergent	?find@?$map@$$CBV?$BitFlags@$0HF@@@PBUModelConditionInfo@@UMapHelper@?$SparseMatchFinder@UModelConditionInfo@@V?$BitFlags@$0HF@@@@@V?$allocator@U?$pair@$$CBV?$BitFlags@$0HF@@@PBUModelConditionInfo@@@_STL@@@_STL@@@_STL@@QAE?AU?$_Rb_tree_iterator@U?$pair@$$CBV?$BitFlags@$0HF@@@PBUModelConditionInfo@@@_STL@@U?$_Nonconst_traits@U?$pair@$$CBV?$BitFlags@$0HF@@@PBUModelConditionInfo@@@_STL@@@2@@2@ABV?$BitFlags@$0HF@@@@Z
divergent	?find@?$map@HHU?$less@H@_STL@@V?$allocator@U?$pair@$$CBHH@_STL@@@2@@_STL@@QAE?AU?$_Rb_tree_iterator@U?$pair@$$CBHH@_STL@@U?$_Nonconst_traits@U?$pair@$$CBHH@_STL@@@2@@2@ABH@Z
divergent	?find@?$map@HHU?$less@H@_STL@@V?$allocator@U?$pair@$$CBHH@_STL@@@2@@_STL@@QBE?AU?$_Rb_tree_iterator@U?$pair@$$CBHH@_STL@@U?$_Const_traits@U?$pair@$$CBHH@_STL@@@2@@2@ABH@Z
divergent	?find@?$map@HVBuddyInfo@@U?$less@H@_STL@@V?$allocator@U?$pair@$$CBHVBuddyInfo@@@_STL@@@3@@_STL@@QAE?AU?$_Rb_tree_iterator@U?$pair@$$CBHVBuddyInfo@@@_STL@@U?$_Nonconst_traits@U?$pair@$$CBHVBuddyInfo@@@_STL@@@2@@2@ABH@Z
divergent	?find@?$map@VAsciiString@@UCoord3D@@U?$less@VAsciiString@@@_STL@@V?$allocator@U?$pair@$$CBVAsciiString@@UCoord3D@@@_STL@@@4@@_STL@@QAE?AU?$_Rb_tree_iterator@U?$pair@$$CBVAsciiString@@UCoord3D@@@_STL@@U?$_Nonconst_traits@U?$pair@$$CBVAsciiString@@UCoord3D@@@_STL@@@2@@2@ABVAsciiString@@@Z
divergent	?find@?$map@VAsciiString@@V1@U?$less@VAsciiString@@@_STL@@V?$allocator@U?$pair@$$CBVAsciiString@@V1@@_STL@@@3@@_STL@@QAE?AU?$_Rb_tree_iterator@U?$pair@$$CBVAsciiString@@V1@@_STL@@U?$_Nonconst_traits@U?$pair@$$CBVAsciiString@@V1@@_STL@@@2@@2@ABVAsciiString@@@Z
divergent	?find@?$map@VAsciiString@@VMapMetaData@@U?$less@VAsciiString@@@_STL@@V?$allocator@U?$pair@$$CBVAsciiString@@VMapMetaData@@@_STL@@@4@@_STL@@QAE?AU?$_Rb_tree_iterator@U?$pair@$$CBVAsciiString@@VMapMetaData@@@_STL@@U?$_Nonconst_traits@U?$pair@$$CBVAsciiString@@VMapMetaData@@@_STL@@@2@@2@ABVAsciiString@@@Z
divergent	?find@?$map@VAsciiString@@VPlayerInfo@@UAsciiComparator@@V?$allocator@U?$pair@$$CBVAsciiString@@VPlayerInfo@@@_STL@@@_STL@@@_STL@@QAE?AU?$_Rb_tree_iterator@U?$pair@$$CBVAsciiString@@VPlayerInfo@@@_STL@@U?$_Nonconst_traits@U?$pair@$$CBVAsciiString@@VPlayerInfo@@@_STL@@@2@@2@ABVAsciiString@@@Z
divergent	?find@?$map@W4NameKeyType@@UPristineBoneInfo@@U?$less@W4NameKeyType@@@_STL@@V?$allocator@U?$pair@$$CBW4NameKeyType@@UPristineBoneInfo@@@_STL@@@4@@_STL@@QAE?AU?$_Rb_tree_iterator@U?$pair@$$CBW4NameKeyType@@UPristineBoneInfo@@@_STL@@U?$_Nonconst_traits@U?$pair@$$CBW4NameKeyType@@UPristineBoneInfo@@@_STL@@@2@@2@ABW4NameKeyType@@@Z
divergent	?find@AsciiString@@QBEPBDD@Z
divergent	?findBestInfo@?$SparseMatchFinder@UModelConditionInfo@@V?$BitFlags@$0HF@@@@@QBEPBUModelConditionInfo@@ABV?$vector@UModelConditionInfo@@V?$allocator@UModelConditionInfo@@@_STL@@@_STL@@ABV?$BitFlags@$0HF@@@@Z
divergent	?findBestInfoSlow@?$SparseMatchFinder@UModelConditionInfo@@V?$BitFlags@$0HF@@@@@ABEPBUModelConditionInfo@@ABV?$vector@UModelConditionInfo@@V?$allocator@UModelConditionInfo@@@_STL@@@_STL@@ABV?$BitFlags@$0HF@@@@Z
divergent	?findDrawableByID@GameClient@@UAEPAVDrawable@@W4DrawableID@@@Z
divergent	?findSpecialPowerTemplate@SpecialPowerStore@@QAEPBVSpecialPowerTemplate@@VAsciiString@@@Z
divergent	?firstWithNumeric@SimpleObjectIterator@@QAEPAVObject@@PAM@Z
divergent	?flip@?$bitset@$0CN@@_STL@@QAEAAV12@XZ
divergent	?flip@?$bitset@$0HE@@_STL@@QAEAAV12@XZ
divergent	?flip@?$bitset@$0HF@@_STL@@QAEAAV12@XZ
divergent	?flip@?$vector@_NV?$allocator@_N@_STL@@@_STL@@QAEXXZ
divergent	?floor@@YAMM@Z
divergent	?flush@?$basic_ostream@DV?$char_traits@D@_STL@@@_STL@@QAEAAV12@XZ
divergent	?fmod@@YAMMM@Z
divergent	?friend_getFinalOverride@Overridable@@QAEPAV1@XZ
divergent	?friend_getNext@UpgradeTemplate@@QAEPAV1@XZ
divergent	?friend_newModuleData@LifetimeUpdate@@SAPAVModuleData@@PAVINI@@@Z
divergent	?friend_newModuleInstance@AIUpdateInterface@@SAPAVModule@@PAVThing@@PBVModuleData@@@Z
divergent	?friend_newModuleInstance@ActiveBody@@SAPAVModule@@PAVThing@@PBVModuleData@@@Z
divergent	?friend_newModuleInstance@ArmorUpgrade@@SAPAVModule@@PAVThing@@PBVModuleData@@@Z
divergent	?friend_newModuleInstance@AssaultTransportAIUpdate@@SAPAVModule@@PAVThing@@PBVModuleData@@@Z
divergent	?friend_newModuleInstance@AssistedTargetingUpdate@@SAPAVModule@@PAVThing@@PBVModuleData@@@Z
divergent	?friend_newModuleInstance@AutoDepositUpdate@@SAPAVModule@@PAVThing@@PBVModuleData@@@Z
divergent	?friend_newModuleInstance@AutoFindHealingUpdate@@SAPAVModule@@PAVThing@@PBVModuleData@@@Z
divergent	?friend_newModuleInstance@AutoHealBehavior@@SAPAVModule@@PAVThing@@PBVModuleData@@@Z
divergent	?friend_newModuleInstance@BattlePlanUpdate@@SAPAVModule@@PAVThing@@PBVModuleData@@@Z
divergent	?friend_newModuleInstance@BoneFXUpdate@@SAPAVModule@@PAVThing@@PBVModuleData@@@Z
divergent	?friend_newModuleInstance@BridgeBehavior@@SAPAVModule@@PAVThing@@PBVModuleData@@@Z
divergent	?friend_newModuleInstance@BridgeScaffoldBehavior@@SAPAVModule@@PAVThing@@PBVModuleData@@@Z
divergent	?friend_newModuleInstance@CashHackSpecialPower@@SAPAVModule@@PAVThing@@PBVModuleData@@@Z
divergent	?friend_newModuleInstance@CaveContain@@SAPAVModule@@PAVThing@@PBVModuleData@@@Z
divergent	?friend_newModuleInstance@CommandButtonHuntUpdate@@SAPAVModule@@PAVThing@@PBVModuleData@@@Z
divergent	?friend_newModuleInstance@CommandSetUpgrade@@SAPAVModule@@PAVThing@@PBVModuleData@@@Z
divergent	?friend_newModuleInstance@CostModifierUpgrade@@SAPAVModule@@PAVThing@@PBVModuleData@@@Z
divergent	?friend_newModuleInstance@DefaultProductionExitUpdate@@SAPAVModule@@PAVThing@@PBVModuleData@@@Z
divergent	?friend_newModuleInstance@DefectorSpecialPower@@SAPAVModule@@PAVThing@@PBVModuleData@@@Z
divergent	?friend_newModuleInstance@DeletionUpdate@@SAPAVModule@@PAVThing@@PBVModuleData@@@Z
divergent	?friend_newModuleInstance@DemoTrapUpdate@@SAPAVModule@@PAVThing@@PBVModuleData@@@Z
divergent	?friend_newModuleInstance@DeployStyleAIUpdate@@SAPAVModule@@PAVThing@@PBVModuleData@@@Z
divergent	?friend_newModuleInstance@DozerAIUpdate@@SAPAVModule@@PAVThing@@PBVModuleData@@@Z
divergent	?friend_newModuleInstance@DynamicShroudClearingRangeUpdate@@SAPAVModule@@PAVThing@@PBVModuleData@@@Z
divergent	?friend_newModuleInstance@ExperienceScalarUpgrade@@SAPAVModule@@PAVThing@@PBVModuleData@@@Z
divergent	?friend_newModuleInstance@FXListDie@@SAPAVModule@@PAVThing@@PBVModuleData@@@Z
divergent	?friend_newModuleInstance@FireSpreadUpdate@@SAPAVModule@@PAVThing@@PBVModuleData@@@Z
divergent	?friend_newModuleInstance@FireWeaponUpdate@@SAPAVModule@@PAVThing@@PBVModuleData@@@Z
divergent	?friend_newModuleInstance@FireWeaponWhenDamagedBehavior@@SAPAVModule@@PAVThing@@PBVModuleData@@@Z
divergent	?friend_newModuleInstance@FireWeaponWhenDeadBehavior@@SAPAVModule@@PAVThing@@PBVModuleData@@@Z
divergent	?friend_newModuleInstance@FlammableUpdate@@SAPAVModule@@PAVThing@@PBVModuleData@@@Z
divergent	?friend_newModuleInstance@FloatUpdate@@SAPAVModule@@PAVThing@@PBVModuleData@@@Z
divergent	?friend_newModuleInstance@GarrisonContain@@SAPAVModule@@PAVThing@@PBVModuleData@@@Z
divergent	?friend_newModuleInstance@HealContain@@SAPAVModule@@PAVThing@@PBVModuleData@@@Z
divergent	?friend_newModuleInstance@HealCrateCollide@@SAPAVModule@@PAVThing@@PBVModuleData@@@Z
divergent	?friend_newModuleInstance@HeightDieUpdate@@SAPAVModule@@PAVThing@@PBVModuleData@@@Z
divergent	?friend_newModuleInstance@HighlanderBody@@SAPAVModule@@PAVThing@@PBVModuleData@@@Z
divergent	?friend_newModuleInstance@HijackerUpdate@@SAPAVModule@@PAVThing@@PBVModuleData@@@Z
divergent	?friend_newModuleInstance@ImmortalBody@@SAPAVModule@@PAVThing@@PBVModuleData@@@Z
divergent	?friend_newModuleInstance@LifetimeUpdate@@SAPAVModule@@PAVThing@@PBVModuleData@@@Z
divergent	?friend_newModuleInstance@LocomotorSetUpgrade@@SAPAVModule@@PAVThing@@PBVModuleData@@@Z
divergent	?friend_newModuleInstance@MaxHealthUpgrade@@SAPAVModule@@PAVThing@@PBVModuleData@@@Z
divergent	?friend_newModuleInstance@ModelConditionUpgrade@@SAPAVModule@@PAVThing@@PBVModuleData@@@Z
divergent	?friend_newModuleInstance@MoneyCrateCollide@@SAPAVModule@@PAVThing@@PBVModuleData@@@Z
divergent	?friend_newModuleInstance@OCLSpecialPower@@SAPAVModule@@PAVThing@@PBVModuleData@@@Z
divergent	?friend_newModuleInstance@OpenContain@@SAPAVModule@@PAVThing@@PBVModuleData@@@Z
divergent	?friend_newModuleInstance@PhysicsBehavior@@SAPAVModule@@PAVThing@@PBVModuleData@@@Z
divergent	?friend_newModuleInstance@PoisonedBehavior@@SAPAVModule@@PAVThing@@PBVModuleData@@@Z
divergent	?friend_newModuleInstance@ProductionUpdate@@SAPAVModule@@PAVThing@@PBVModuleData@@@Z
divergent	?friend_newModuleInstance@ProjectileStreamUpdate@@SAPAVModule@@PAVThing@@PBVModuleData@@@Z
divergent	?friend_newModuleInstance@ProneUpdate@@SAPAVModule@@PAVThing@@PBVModuleData@@@Z
divergent	?friend_newModuleInstance@PropagandaTowerBehavior@@SAPAVModule@@PAVThing@@PBVModuleData@@@Z
divergent	?friend_newModuleInstance@QueueProductionExitUpdate@@SAPAVModule@@PAVThing@@PBVModuleData@@@Z
divergent	?friend_newModuleInstance@RadarUpdate@@SAPAVModule@@PAVThing@@PBVModuleData@@@Z
divergent	?friend_newModuleInstance@RadarUpgrade@@SAPAVModule@@PAVThing@@PBVModuleData@@@Z
divergent	?friend_newModuleInstance@RadiusDecalUpdate@@SAPAVModule@@PAVThing@@PBVModuleData@@@Z
divergent	?friend_newModuleInstance@RebuildHoleBehavior@@SAPAVModule@@PAVThing@@PBVModuleData@@@Z
divergent	?friend_newModuleInstance@RepairDockUpdate@@SAPAVModule@@PAVThing@@PBVModuleData@@@Z
divergent	?friend_newModuleInstance@RiderChangeContain@@SAPAVModule@@PAVThing@@PBVModuleData@@@Z
divergent	?friend_newModuleInstance@SalvageCrateCollide@@SAPAVModule@@PAVThing@@PBVModuleData@@@Z
divergent	?friend_newModuleInstance@ShroudCrateCollide@@SAPAVModule@@PAVThing@@PBVModuleData@@@Z
divergent	?friend_newModuleInstance@SlavedUpdate@@SAPAVModule@@PAVThing@@PBVModuleData@@@Z
divergent	?friend_newModuleInstance@SlowDeathBehavior@@SAPAVModule@@PAVThing@@PBVModuleData@@@Z
divergent	?friend_newModuleInstance@SpawnBehavior@@SAPAVModule@@PAVThing@@PBVModuleData@@@Z
divergent	?friend_newModuleInstance@SpawnPointProductionExitUpdate@@SAPAVModule@@PAVThing@@PBVModuleData@@@Z
divergent	?friend_newModuleInstance@SpecialAbilityUpdate@@SAPAVModule@@PAVThing@@PBVModuleData@@@Z
divergent	?friend_newModuleInstance@StatusBitsUpgrade@@SAPAVModule@@PAVThing@@PBVModuleData@@@Z
divergent	?friend_newModuleInstance@StealthUpdate@@SAPAVModule@@PAVThing@@PBVModuleData@@@Z
divergent	?friend_newModuleInstance@StealthUpgrade@@SAPAVModule@@PAVThing@@PBVModuleData@@@Z
divergent	?friend_newModuleInstance@StructureBody@@SAPAVModule@@PAVThing@@PBVModuleData@@@Z
divergent	?friend_newModuleInstance@StructureCollapseUpdate@@SAPAVModule@@PAVThing@@PBVModuleData@@@Z
divergent	?friend_newModuleInstance@StructureToppleUpdate@@SAPAVModule@@PAVThing@@PBVModuleData@@@Z
divergent	?friend_newModuleInstance@SubObjectsUpgrade@@SAPAVModule@@PAVThing@@PBVModuleData@@@Z
divergent	?friend_newModuleInstance@SupplyCenterDockUpdate@@SAPAVModule@@PAVThing@@PBVModuleData@@@Z
divergent	?friend_newModuleInstance@SupplyCenterProductionExitUpdate@@SAPAVModule@@PAVThing@@PBVModuleData@@@Z
divergent	?friend_newModuleInstance@SupplyTruckAIUpdate@@SAPAVModule@@PAVThing@@PBVModuleData@@@Z
divergent	?friend_newModuleInstance@SupplyWarehouseCripplingBehavior@@SAPAVModule@@PAVThing@@PBVModuleData@@@Z
divergent	?friend_newModuleInstance@SupplyWarehouseDockUpdate@@SAPAVModule@@PAVThing@@PBVModuleData@@@Z
divergent	?friend_newModuleInstance@SwayClientUpdate@@SAPAVModule@@PAVThing@@PBVModuleData@@@Z
divergent	?friend_newModuleInstance@ToppleUpdate@@SAPAVModule@@PAVThing@@PBVModuleData@@@Z
divergent	?friend_newModuleInstance@TransitionDamageFX@@SAPAVModule@@PAVThing@@PBVModuleData@@@Z
divergent	?friend_newModuleInstance@TransportAIUpdate@@SAPAVModule@@PAVThing@@PBVModuleData@@@Z
divergent	?friend_newModuleInstance@TransportContain@@SAPAVModule@@PAVThing@@PBVModuleData@@@Z
divergent	?friend_newModuleInstance@TunnelContain@@SAPAVModule@@PAVThing@@PBVModuleData@@@Z
divergent	?friend_newModuleInstance@UnitCrateCollide@@SAPAVModule@@PAVThing@@PBVModuleData@@@Z
divergent	?friend_newModuleInstance@UnpauseSpecialPowerUpgrade@@SAPAVModule@@PAVThing@@PBVModuleData@@@Z
divergent	?friend_newModuleInstance@VeterancyCrateCollide@@SAPAVModule@@PAVThing@@PBVModuleData@@@Z
divergent	?friend_newModuleInstance@WanderAIUpdate@@SAPAVModule@@PAVThing@@PBVModuleData@@@Z
divergent	?friend_newModuleInstance@WeaponBonusUpgrade@@SAPAVModule@@PAVThing@@PBVModuleData@@@Z
divergent	?friend_newModuleInstance@WeaponSetUpgrade@@SAPAVModule@@PAVThing@@PBVModuleData@@@Z
divergent	?friend_newModuleInstance@WorkerAIUpdate@@SAPAVModule@@PAVThing@@PBVModuleData@@@Z
divergent	?friend_setNext@Upgrade@@QAEXPAV1@@Z
divergent	?friend_setNext@UpgradeTemplate@@QAEXPAV1@@Z
divergent	?friend_setParameterType@Parameter@@QAEXW4ParameterType@1@@Z
divergent	?friend_setPrev@Upgrade@@QAEXPAV1@@Z
divergent	?friend_setPrev@UpgradeTemplate@@QAEXPAV1@@Z
divergent	?friend_updateCellsTouched@PartitionData@@QAEXXZ
divergent	?front@?$deque@PAXV?$allocator@PAX@_STL@@@_STL@@QAEAAPAXXZ
divergent	?front@?$deque@PAXV?$allocator@PAX@_STL@@@_STL@@QBEABQAXXZ
divergent	?front@?$vector@PAXV?$allocator@PAX@_STL@@@_STL@@QBEABQAXXZ
divergent	?front@?$vector@_NV?$allocator@_N@_STL@@@_STL@@QAE?AU_Bit_reference@2@XZ
divergent	?front@?$vector@_NV?$allocator@_N@_STL@@@_STL@@QBE_NXZ
divergent	?gbump@?$basic_streambuf@DV?$char_traits@D@_STL@@@_STL@@IAEXH@Z
divergent	?get@?$basic_istream@DV?$char_traits@D@_STL@@@_STL@@QAEAAV12@AAV?$basic_streambuf@DV?$char_traits@D@_STL@@@2@@Z
divergent	?get@?$basic_istream@DV?$char_traits@D@_STL@@@_STL@@QAEAAV12@PADH@Z
divergent	?getAIUpdateInterface@Object@@QAEPAVAIUpdateInterface@@XZ
divergent	?getAIUpdateInterface@Object@@QBEPBVAIUpdateInterface@@XZ
divergent	?getAntiMask@Weapon@@QBEHXZ
divergent	?getAntiMask@WeaponTemplate@@QBEHXZ
divergent	?getAudio@ThingTemplate@@IBEPBVAudioEventRTS@@W4ThingTemplateAudioType@@@Z
divergent	?getBorderSizeInline@WorldHeightMap@@QBEHXZ
divergent	?getBoxesStored@SupplyWarehouseDockUpdate@@QBEHXZ
divergent	?getBridgeTemplateName@Bridge@@QAE?AVAsciiString@@XZ
divergent	?getCharAt@AsciiString@@QBEDH@Z
divergent	?getClassMemoryPool@AIStateMachine@@CAPAVMemoryPool@@XZ
divergent	?getClassMemoryPool@Anim2D@@CAPAVMemoryPool@@XZ
divergent	?getClassMemoryPool@DozerPrimaryStateMachine@@CAPAVMemoryPool@@XZ
divergent	?getClassMemoryPool@DynamicAudioEventRTS@@CAPAVMemoryPool@@XZ
divergent	?getClassMemoryPool@MapObject@@CAPAVMemoryPool@@XZ
divergent	?getClassMemoryPool@NetCommandWrapperList@@CAPAVMemoryPool@@XZ
divergent	?getClassMemoryPool@Path@@CAPAVMemoryPool@@XZ
divergent	?getClassMemoryPool@SupplyTruckStateMachine@@CAPAVMemoryPool@@XZ
divergent	?getClassMemoryPool@Upgrade@@CAPAVMemoryPool@@XZ
divergent	?getClassMemoryPool@W3DRopeDraw@@CAPAVMemoryPool@@XZ
divergent	?getClassMemoryPool@Weapon@@CAPAVMemoryPool@@XZ
divergent	?getClipSize@WeaponTemplate@@QBEHXZ
divergent	?getCollide@OpenContain@@UAEPAVCollideModuleInterface@@XZ
divergent	?getCollide@PhysicsBehavior@@UAEPAVCollideModuleInterface@@XZ
divergent	?getCommand@NetCommandRef@@QAEPAVNetCommandMsg@@XZ
divergent	?getCommandType@CommandButton@@QBE?AW4GUICommandType@@XZ
divergent	?getContain@OpenContain@@UAEPAVContainModuleInterface@@XZ
divergent	?getContainExitInterface@OpenContain@@UAEPAVExitInterface@@XZ
divergent	?getContainedBy@Object@@QAEPAV1@XZ
divergent	?getContinueAttackRange@Weapon@@QBEMXZ
divergent	?getContinueAttackRange@WeaponTemplate@@QBEMXZ
divergent	?getCount@ModuleInfo@@QBEHXZ
divergent	?getCurLocomotor@AIUpdateInterface@@QAEPAVLocomotor@@XZ
divergent	?getCurrentStateID@AIUpdateInterface@@QBEIXZ
divergent	?getCurrentStateID@StateMachine@@QBEIXZ
divergent	?getDamage@OpenContain@@UAEPAVDamageModuleInterface@@XZ
divergent	?getDamageTypeFlag@@YA_NV?$BitFlags@$0CG@@@W4DamageType@@@Z
divergent	?getDataPtr@WorldHeightMap@@QAEPAEXZ
divergent	?getDie@OpenContain@@UAEPAVDieModuleInterface@@XZ
divergent	?getDieModuleData@DieModule@@ABEPBVDieModuleData@@XZ
divergent	?getDisguisedPlayerIndex@StealthUpdate@@QBEHXZ
divergent	?getDisguisedTemplate@StealthUpdate@@QAEPBVThingTemplate@@XZ
divergent	?getDrawable@DrawableModule@@IAEPAVDrawable@@XZ
divergent	?getExperienceTracker@Object@@QAEPAVExperienceTracker@@XZ
divergent	?getFO@SpecialPowerTemplate@@ABEPBV1@XZ
divergent	?getFirstMapObject@MapObject@@SAPAV1@XZ
divergent	?getFlag@Locomotor@@ABE_NW4LocoFlag@1@@Z
divergent	?getFrame@GameLogic@@QAEIXZ
divergent	?getGlobalDifficulty@ScriptEngine@@QBE?AW4GameDifficulty@@XZ
divergent	?getGoalObject@AIUpdateInterface@@QAEPAVObject@@XZ
divergent	?getGoalPosition@AIUpdateInterface@@QBEPBUCoord3D@@XZ
divergent	?getGoalPosition@StateMachine@@QBEPBUCoord3D@@XZ
divergent	?getHeight@WorldHeightMap@@QAEEHH@Z
divergent	?getHulkMaxLifetimeOverride@GameLogic@@QBEHXZ
divergent	?getID@SpecialPowerTemplate@@QBEIXZ
divergent	?getID@State@@QBEIXZ
divergent	?getID@Team@@QBEIXZ
divergent	?getIP@EnumeratedIP@@QAEIXZ
divergent	?getInstanceScale@Drawable@@QBEMXZ
divergent	?getInt@Parameter@@QBEHXZ
divergent	?getIsDownhillOnly@Locomotor@@QBE_NXZ
divergent	?getLastCollidee@PhysicsBehavior@@QBE?AW4ObjectID@@XZ
divergent	?getLegalSurfaces@Locomotor@@QBEHXZ
divergent	?getLength@AsciiString@@QBEHXZ
divergent	?getLength@UnicodeString@@QBEHXZ
divergent	?getLink@Waypoint@@QBEPAV1@H@Z
divergent	?getLoadType@INI@@QBE?AW4INILoadType@@XZ
divergent	?getLocalPlayer@PlayerList@@QAEPAVPlayer@@XZ
divergent	?getLocation@MapObject@@QBEPBUCoord3D@@XZ
divergent	?getLocomotorSet@AIUpdateInterface@@QBEABVLocomotorSet@@XZ
divergent	?getMaxTargetPitch@WeaponTemplate@@QBEMXZ
divergent	?getMinTargetPitch@WeaponTemplate@@QBEMXZ
divergent	?getModuleData@Module@@IBEPBVModuleData@@XZ
divergent	?getModuleData@ObjectModule@@IBEPBVModuleData@@XZ
divergent	?getModuleNameKey@W3DRopeDraw@@UBE?AW4NameKeyType@@XZ
divergent	?getMoney@Player@@QAEPAVMoney@@XZ
divergent	?getMouseCursor@Mouse@@QAE?AW4MouseCursor@1@XZ
divergent	?getMouseStatus@Mouse@@QAEPBUMouseIO@@XZ
divergent	?getName@GameSlot@@QBE?AVUnicodeString@@XZ
divergent	?getName@MapObject@@QBE?AVAsciiString@@XZ
divergent	?getName@SpecialPowerTemplate@@QBE?AVAsciiString@@XZ
divergent	?getName@ThingTemplate@@QBEABVAsciiString@@XZ
divergent	?getNeutralPlayer@PlayerList@@QAEPAVPlayer@@XZ
divergent	?getNext@BuildListInfo@@QBEPAV1@XZ
divergent	?getNext@EnumeratedIP@@QAEPAV1@XZ
divergent	?getNext@NetCommandRef@@QAEPAV1@XZ
divergent	?getNext@Waypoint@@QBEPAV1@XZ
divergent	?getNextObject@Object@@QAEPAV1@XZ
divergent	?getNthData@ModuleInfo@@QBEPBVModuleData@@H@Z
divergent	?getNumBattlePlansActive@Player@@QBEHXZ
divergent	?getNumColors@MultiplayerSettings@@QAEHXZ
divergent	?getNumLinks@Waypoint@@QBEHXZ
divergent	?getNumParameters@Template@@QBEHXZ
divergent	?getObject@Drawable@@QAEPAVObject@@XZ
divergent	?getObject@ObjectModule@@IAEPAVObject@@XZ
divergent	?getObject@ObjectModule@@IBEPAVObject@@XZ
divergent	?getObject@ObjectModule@@IBEPBVObject@@XZ
divergent	?getObjectMemoryPool@AIInternalMoveToState@@EAEPAVMemoryPool@@XZ
divergent	?getObjectMemoryPool@BehaviorModule@@EAEPAVMemoryPool@@XZ
divergent	?getObjectMemoryPool@DrawModule@@EAEPAVMemoryPool@@XZ
divergent	?getObjectMemoryPool@State@@EAEPAVMemoryPool@@XZ
divergent	?getOrCondition@Script@@QBEPAVOrCondition@@XZ
divergent	?getOriginalPlayerTemplate@GameSlot@@QBEHXZ
divergent	?getParameterType@Parameter@@QBE?AW4ParameterType@1@XZ
divergent	?getPath@AIUpdateInterface@@QAEPAVPath@@XZ
divergent	?getPlayerColor@Player@@QBEHXZ
divergent	?getPlayerIndex@Player@@QBEHXZ
divergent	?getPlayerMask@Player@@QBEGXZ
divergent	?getPlayerTemplate@GameSlot@@QBEHXZ
divergent	?getPlayerTemplateCount@PlayerTemplateStore@@QBEHXZ
divergent	?getPointAmbient@LightEnvironmentClass@@QBEABVVector3@@H@Z
divergent	?getPointCenter@LightEnvironmentClass@@QBEABVVector3@@H@Z
divergent	?getPointDiffuse@LightEnvironmentClass@@QBEABVVector3@@H@Z
divergent	?getPointIrad@LightEnvironmentClass@@QBEMH@Z
divergent	?getPointOrad@LightEnvironmentClass@@QBEMH@Z
divergent	?getPrereqCount@ThingTemplate@@QBEHXZ
divergent	?getPrototype@Team@@QAEPBVTeamPrototype@@XZ
divergent	?getRedrawMode@Mouse@@UAE?AW4RedrawMode@1@XZ
divergent	?getRelay@NetCommandRef@@QBEEXZ
divergent	?getReloadTime@SpecialPowerTemplate@@QBEIXZ
divergent	?getRopeDrawInterface@W3DRopeDraw@@UAEPAVRopeDrawInterface@@XZ
divergent	?getRopeDrawInterface@W3DRopeDraw@@UBEPBVRopeDrawInterface@@XZ
divergent	?getScoreKeeper@Player@@QAEPAVScoreKeeper@@XZ
divergent	?getShotsPerBarrel@WeaponTemplate@@QBEHXZ
divergent	?getShroud@BaseHeightMapRenderObjClass@@QAEPAVW3DShroud@@XZ
divergent	?getSideInfo@SidesList@@QAEPAVSidesInfo@@H@Z
divergent	?getSingleBitFromName@?$BitFlags@$0CG@@@SAHPBD@Z
divergent	?getSpecialPowerTemplate@CommandButton@@QBEPBVSpecialPowerTemplate@@XZ
divergent	?getStateMachine@AIUpdateInterface@@IBEPBVAIStateMachine@@XZ
divergent	?getStaticLODLevel@GameLODManager@@QAE?AW4StaticGameLODLevel@@XZ
divergent	?getTeam@Object@@QBEPBVTeam@@XZ
divergent	?getTeamNumber@GameSlot@@QBEHXZ
divergent	?getTemplate@Thing@@QBEPBVThingTemplate@@XZ
divergent	?getTemplateInfo@TeamPrototype@@QBEPBUTeamTemplateInfo@@XZ
divergent	?getTooltipText@WinInstanceData@@QAE?AVUnicodeString@@XZ
divergent	?getTooltipTextLength@WinInstanceData@@QAEHXZ
divergent	?getTurnRate@TurretAI@@QBEMXZ
divergent	?getTurning@PhysicsBehavior@@QBE?AW4PhysicsTurningType@@XZ
divergent	?getTurretAngle@TurretAI@@QBEMXZ
divergent	?getTurretPitch@TurretAI@@QBEMXZ
divergent	?getType@PathfindCell@@QBE?AW4CellType@1@XZ
divergent	?getUpdate@UpdateModule@@UAEPAVUpdateModuleInterface@@XZ
divergent	?getUpdatePhase@PhysicsBehavior@@MBE?AW4SleepyUpdatePhase@@XZ
divergent	?getUpgradeMask@UpgradeTemplate@@QBE?AV?$BitFlags@$0IA@@@XZ
divergent	?getValidSurfaces@LocomotorSet@@QBEHXZ
divergent	?getVelocity@PhysicsBehavior@@QBEPBUCoord3D@@XZ
divergent	?getViewObjectDuration@SpecialPowerTemplate@@QBEIXZ
divergent	?getViewObjectRange@SpecialPowerTemplate@@QBEMXZ
divergent	?getWanderWidthFactor@Locomotor@@QBEMXZ
divergent	?getWeaponBonusCondition@Object@@QBEIXZ
divergent	?getWheelInfo@Drawable@@QBEPBUTWheelInfo@@XZ
divergent	?getXExtent@WorldHeightMap@@QAEHXZ
divergent	?getYExtent@WorldHeightMap@@QAEHXZ
divergent	?get_allocator@?$deque@PAXV?$allocator@PAX@_STL@@@_STL@@QBE?AV?$allocator@PAX@2@XZ
divergent	?get_allocator@?$vector@IV?$allocator@I@_STL@@@_STL@@QBE?AV?$allocator@I@2@XZ
divergent	?get_far_extent@@YAXABVVector3@@0PAV1@@Z
divergent	?get_polys@MeshGeometryClass@@IAEPAVVector3i16@@XZ
divergent	?getline@?$basic_istream@DV?$char_traits@D@_STL@@@_STL@@QAEAAV12@PADH@Z
divergent	?getloc@ios_base@_STL@@QBE?AVlocale@2@XZ
divergent	?good@ios_base@_STL@@QBE_NXZ
divergent	?gptr@?$basic_streambuf@DV?$char_traits@D@_STL@@@_STL@@IBEPADXZ
divergent	?hasPublicTimer@SpecialPowerTemplate@@QBE_NXZ
divergent	?imbue@?$basic_ios@DV?$char_traits@D@_STL@@@_STL@@QAE?AVlocale@2@ABV32@@Z
divergent	?imbue@?$basic_ios@GV?$char_traits@G@_STL@@@_STL@@QAE?AVlocale@2@ABV32@@Z
divergent	?inList@@YA_NHHQBH@Z
divergent	?init@?$basic_ios@DV?$char_traits@D@_STL@@@_STL@@IAEXPAV?$basic_streambuf@DV?$char_traits@D@_STL@@@2@@Z
divergent	?insert@?$deque@PAXV?$allocator@PAX@_STL@@@_STL@@QAE?AU?$_Deque_iterator@PAXU?$_Nonconst_traits@PAX@_STL@@@2@U32@@Z
divergent	?insert@?$deque@PAXV?$allocator@PAX@_STL@@@_STL@@QAE?AU?$_Deque_iterator@PAXU?$_Nonconst_traits@PAX@_STL@@@2@U32@ABQAX@Z
divergent	?insert@?$deque@PAXV?$allocator@PAX@_STL@@@_STL@@QAEXU?$_Deque_iterator@PAXU?$_Nonconst_traits@PAX@_STL@@@2@IABQAX@Z
divergent	?insert@?$deque@UBfmeE8@@V?$allocator@UBfmeE8@@@_STL@@@_STL@@QAE?AU?$_Deque_iterator@UBfmeE8@@U?$_Nonconst_traits@UBfmeE8@@@_STL@@@2@U32@@Z
divergent	?insert@?$deque@UBfmeE8@@V?$allocator@UBfmeE8@@@_STL@@@_STL@@QAE?AU?$_Deque_iterator@UBfmeE8@@U?$_Nonconst_traits@UBfmeE8@@@_STL@@@2@U32@ABUBfmeE8@@@Z
divergent	?insert@?$deque@UBfmeE8@@V?$allocator@UBfmeE8@@@_STL@@@_STL@@QAEXU?$_Deque_iterator@UBfmeE8@@U?$_Nonconst_traits@UBfmeE8@@@_STL@@@2@IABUBfmeE8@@@Z
divergent	?insert@?$hash_map@HHU?$hash@H@_STL@@U?$equal_to@H@2@V?$allocator@U?$pair@$$CBHH@_STL@@@2@@_STL@@QAE?AU?$pair@U?$_Ht_iterator@U?$pair@$$CBHH@_STL@@U?$_Nonconst_traits@U?$pair@$$CBHH@_STL@@@2@HU?$hash@H@2@U?$_Select1st@U?$pair@$$CBHH@_STL@@@2@U?$equal_to@H@2@V?$allocator@U?$pair@$$CBHH@_STL@@@2@@_STL@@_N@2@ABU?$pair@$$CBHH@2@@Z
divergent	?insert@?$hash_map@W4NameKeyType@@VDamageFX@@U?$hash@W4NameKeyType@@@rts@@U?$equal_to@W4NameKeyType@@@4@V?$allocator@U?$pair@$$CBW4NameKeyType@@VDamageFX@@@_STL@@@_STL@@@_STL@@QAE?AU?$pair@U?$_Ht_iterator@U?$pair@$$CBW4NameKeyType@@VDamageFX@@@_STL@@U?$_Nonconst_traits@U?$pair@$$CBW4NameKeyType@@VDamageFX@@@_STL@@@2@W4NameKeyType@@U?$hash@W4NameKeyType@@@rts@@U?$_Select1st@U?$pair@$$CBW4NameKeyType@@VDamageFX@@@_STL@@@2@U?$equal_to@W4NameKeyType@@@6@V?$allocator@U?$pair@$$CBW4NameKeyType@@VDamageFX@@@_STL@@@2@@_STL@@_N@2@ABU?$pair@$$CBW4NameKeyType@@VDamageFX@@@2@@Z
divergent	?insert@?$list@FV?$allocator@F@_STL@@@_STL@@QAE?AU?$_List_iterator@FU?$_Nonconst_traits@F@_STL@@@2@U32@ABF@Z
divergent	?insert@?$list@HV?$allocator@H@_STL@@@_STL@@QAE?AU?$_List_iterator@HU?$_Nonconst_traits@H@_STL@@@2@U32@@Z
divergent	?insert@?$list@HV?$allocator@H@_STL@@@_STL@@QAEXU?$_List_iterator@HU?$_Nonconst_traits@H@_STL@@@2@IABH@Z
divergent	?insert@?$list@PAVDrawable@@V?$allocator@PAVDrawable@@@_STL@@@_STL@@QAE?AU?$_List_iterator@PAVDrawable@@U?$_Nonconst_traits@PAVDrawable@@@_STL@@@2@U32@ABQAVDrawable@@@Z
divergent	?insert@?$list@PAVFXNugget@@V?$allocator@PAVFXNugget@@@_STL@@@_STL@@QAE?AU?$_List_iterator@PAVFXNugget@@U?$_Nonconst_traits@PAVFXNugget@@@_STL@@@2@U32@ABQAVFXNugget@@@Z
divergent	?insert@?$list@PAVGameWindow@@V?$allocator@PAVGameWindow@@@_STL@@@_STL@@QAE?AU?$_List_iterator@PAVGameWindow@@U?$_Nonconst_traits@PAVGameWindow@@@_STL@@@2@U32@ABQAVGameWindow@@@Z
divergent	?insert@?$list@PAVObject@@V?$allocator@PAVObject@@@_STL@@@_STL@@QAE?AU?$_List_iterator@PAVObject@@U?$_Nonconst_traits@PAVObject@@@_STL@@@2@U32@ABQAVObject@@@Z
divergent	?insert@?$list@PAVTeamPrototype@@V?$allocator@PAVTeamPrototype@@@_STL@@@_STL@@QAE?AU?$_List_iterator@PAVTeamPrototype@@U?$_Nonconst_traits@PAVTeamPrototype@@@_STL@@@2@U32@ABQAVTeamPrototype@@@Z
divergent	?insert@?$list@PAXV?$allocator@PAX@_STL@@@_STL@@QAE?AU?$_List_iterator@PAXU?$_Nonconst_traits@PAX@_STL@@@2@U32@ABQAX@Z
divergent	?insert@?$list@UBfmePod196@@V?$allocator@UBfmePod196@@@_STL@@@_STL@@QAE?AU?$_List_iterator@UBfmePod196@@U?$_Nonconst_traits@UBfmePod196@@@_STL@@@2@U32@ABUBfmePod196@@@Z
divergent	?insert@?$list@UBfmePod264@@V?$allocator@UBfmePod264@@@_STL@@@_STL@@QAE?AU?$_List_iterator@UBfmePod264@@U?$_Nonconst_traits@UBfmePod264@@@_STL@@@2@U32@ABUBfmePod264@@@Z
divergent	?insert@?$list@UBfmeSpecialPowerTimer8@@V?$allocator@UBfmeSpecialPowerTimer8@@@_STL@@@_STL@@QAE?AU?$_List_iterator@UBfmeSpecialPowerTimer8@@U?$_Nonconst_traits@UBfmeSpecialPowerTimer8@@@_STL@@@2@U32@ABUBfmeSpecialPowerTimer8@@@Z
divergent	?insert@?$list@UBridgeFXInfo@@V?$allocator@UBridgeFXInfo@@@_STL@@@_STL@@QAE?AU?$_List_iterator@UBridgeFXInfo@@U?$_Nonconst_traits@UBridgeFXInfo@@@_STL@@@2@U32@ABUBridgeFXInfo@@@Z
divergent	?insert@?$list@UBridgeOCLInfo@@V?$allocator@UBridgeOCLInfo@@@_STL@@@_STL@@QAE?AU?$_List_iterator@UBridgeOCLInfo@@U?$_Nonconst_traits@UBridgeOCLInfo@@@_STL@@@2@U32@ABUBridgeOCLInfo@@@Z
divergent	?insert@?$list@UCameraMarker@@V?$allocator@UCameraMarker@@@_STL@@@_STL@@QAE?AU?$_List_iterator@UCameraMarker@@U?$_Nonconst_traits@UCameraMarker@@@_STL@@@2@U32@ABUCameraMarker@@@Z
divergent	?insert@?$list@URva0073EEE0ListValue@@V?$allocator@URva0073EEE0ListValue@@@_STL@@@_STL@@QAE?AU?$_List_iterator@URva0073EEE0ListValue@@U?$_Nonconst_traits@URva0073EEE0ListValue@@@_STL@@@2@U32@ABURva0073EEE0ListValue@@@Z
divergent	?insert@?$list@UcrateCreationEntry@@V?$allocator@UcrateCreationEntry@@@_STL@@@_STL@@QAE?AU?$_List_iterator@UcrateCreationEntry@@U?$_Nonconst_traits@UcrateCreationEntry@@@_STL@@@2@U32@@Z
divergent	?insert@?$list@UcrateCreationEntry@@V?$allocator@UcrateCreationEntry@@@_STL@@@_STL@@QAE?AU?$_List_iterator@UcrateCreationEntry@@U?$_Nonconst_traits@UcrateCreationEntry@@@_STL@@@2@U32@ABUcrateCreationEntry@@@Z
divergent	?insert@?$list@V?$basic_string@DV?$char_traits@D@_STL@@V?$allocator@D@2@@_STL@@V?$allocator@V?$basic_string@DV?$char_traits@D@_STL@@V?$allocator@D@2@@_STL@@@2@@_STL@@QAE?AU?$_List_iterator@V?$basic_string@DV?$char_traits@D@_STL@@V?$allocator@D@2@@_STL@@U?$_Nonconst_traits@V?$basic_string@DV?$char_traits@D@_STL@@V?$allocator@D@2@@_STL@@@2@@2@U32@ABV?$basic_string@DV?$char_traits@D@_STL@@V?$allocator@D@2@@2@@Z
divergent	?insert@?$list@VAsciiString@@V?$allocator@VAsciiString@@@_STL@@@_STL@@QAE?AU?$_List_iterator@VAsciiString@@U?$_Nonconst_traits@VAsciiString@@@_STL@@@2@U32@@Z
divergent	?insert@?$list@W4ObjectID@@V?$allocator@W4ObjectID@@@_STL@@@_STL@@QAE?AU?$_List_iterator@W4ObjectID@@U?$_Nonconst_traits@W4ObjectID@@@_STL@@@2@U32@ABW4ObjectID@@@Z
divergent	?insert@?$map@$$CBV?$BitFlags@$0HF@@@PBUModelConditionInfo@@UMapHelper@?$SparseMatchFinder@UModelConditionInfo@@V?$BitFlags@$0HF@@@@@V?$allocator@U?$pair@$$CBV?$BitFlags@$0HF@@@PBUModelConditionInfo@@@_STL@@@_STL@@@_STL@@QAE?AU?$_Rb_tree_iterator@U?$pair@$$CBV?$BitFlags@$0HF@@@PBUModelConditionInfo@@@_STL@@U?$_Nonconst_traits@U?$pair@$$CBV?$BitFlags@$0HF@@@PBUModelConditionInfo@@@_STL@@@2@@2@U32@ABU?$pair@$$CBV?$BitFlags@$0HF@@@PBUModelConditionInfo@@@2@@Z
divergent	?insert@?$map@HHU?$less@H@_STL@@V?$allocator@U?$pair@$$CBHH@_STL@@@2@@_STL@@QAE?AU?$_Rb_tree_iterator@U?$pair@$$CBHH@_STL@@U?$_Nonconst_traits@U?$pair@$$CBHH@_STL@@@2@@2@U32@ABU?$pair@$$CBHH@2@@Z
divergent	?insert@?$map@HHU?$less@H@_STL@@V?$allocator@U?$pair@$$CBHH@_STL@@@2@@_STL@@QAE?AU?$pair@U?$_Rb_tree_iterator@U?$pair@$$CBHH@_STL@@U?$_Nonconst_traits@U?$pair@$$CBHH@_STL@@@2@@_STL@@_N@2@ABU?$pair@$$CBHH@2@@Z
divergent	?insert@?$map@VUnicodeString@@_NUUnicodeStringLessThan@@V?$allocator@U?$pair@$$CBVUnicodeString@@_N@_STL@@@_STL@@@_STL@@QAE?AU?$_Rb_tree_iterator@U?$pair@$$CBVUnicodeString@@_N@_STL@@U?$_Nonconst_traits@U?$pair@$$CBVUnicodeString@@_N@_STL@@@2@@2@U32@ABU?$pair@$$CBVUnicodeString@@_N@2@@Z
divergent	?insert@?$map@W4NameKeyType@@UPristineBoneInfo@@U?$less@W4NameKeyType@@@_STL@@V?$allocator@U?$pair@$$CBW4NameKeyType@@UPristineBoneInfo@@@_STL@@@4@@_STL@@QAE?AU?$_Rb_tree_iterator@U?$pair@$$CBW4NameKeyType@@UPristineBoneInfo@@@_STL@@U?$_Nonconst_traits@U?$pair@$$CBW4NameKeyType@@UPristineBoneInfo@@@_STL@@@2@@2@U32@ABU?$pair@$$CBW4NameKeyType@@UPristineBoneInfo@@@2@@Z
divergent	?insert@?$set@PAURva001408C0Target@@U?$less@PAURva001408C0Target@@@_STL@@V?$allocator@PAURva001408C0Target@@@3@@_STL@@QAE?AU?$pair@U?$_Rb_tree_iterator@PAURva001408C0Target@@U?$_Const_traits@PAURva001408C0Target@@@_STL@@@_STL@@_N@2@ABQAURva001408C0Target@@@Z
divergent	?insert@?$set@VUnicodeString@@U?$less_than_nocase@VUnicodeString@@@rts@@V?$allocator@VUnicodeString@@@_STL@@@_STL@@QAE?AU?$pair@U?$_Rb_tree_iterator@VUnicodeString@@U?$_Const_traits@VUnicodeString@@@_STL@@@_STL@@_N@2@ABVUnicodeString@@@Z
divergent	?insert@?$vector@HV?$allocator@H@_STL@@@_STL@@QAEPAHPAH@Z
divergent	?insert@?$vector@HV?$allocator@H@_STL@@@_STL@@QAEPAHPAHABH@Z
divergent	?insert@?$vector@PAXV?$allocator@PAX@_STL@@@_STL@@QAEPAPAXPAPAX@Z
divergent	?insert@?$vector@PAXV?$allocator@PAX@_STL@@@_STL@@QAEPAPAXPAPAXABQAX@Z
divergent	?insert@?$vector@UAngleFXInfo@@V?$allocator@UAngleFXInfo@@@_STL@@@_STL@@QAEPAUAngleFXInfo@@PAU3@ABU3@@Z
divergent	?insert@?$vector@UBfmeE12@@V?$allocator@UBfmeE12@@@_STL@@@_STL@@QAEPAUBfmeE12@@PAU3@ABU3@@Z
divergent	?insert@?$vector@UBfmeObject872@@V?$allocator@UBfmeObject872@@@_STL@@@_STL@@QAEPAUBfmeObject872@@PAU3@ABU3@@Z
divergent	?insert@?$vector@UBfmePod20@@V?$allocator@UBfmePod20@@@_STL@@@_STL@@QAEPAUBfmePod20@@PAU3@ABU3@@Z
divergent	?insert@?$vector@UBfmePod24@@V?$allocator@UBfmePod24@@@_STL@@@_STL@@QAEPAUBfmePod24@@PAU3@ABU3@@Z
divergent	?insert@?$vector@UBfmePod36@@V?$allocator@UBfmePod36@@@_STL@@@_STL@@QAEPAUBfmePod36@@PAU3@@Z
divergent	?insert@?$vector@UBfmePod36@@V?$allocator@UBfmePod36@@@_STL@@@_STL@@QAEPAUBfmePod36@@PAU3@ABU3@@Z
divergent	?insert@?$vector@UBfmePod40@@V?$allocator@UBfmePod40@@@_STL@@@_STL@@QAEPAUBfmePod40@@PAU3@ABU3@@Z
divergent	?insert@?$vector@UBfmePod44@@V?$allocator@UBfmePod44@@@_STL@@@_STL@@QAEPAUBfmePod44@@PAU3@ABU3@@Z
divergent	?insert@?$vector@UBfmePod68@@V?$allocator@UBfmePod68@@@_STL@@@_STL@@QAEPAUBfmePod68@@PAU3@ABU3@@Z
divergent	?insert@?$vector@UBfmeStringRecord000B9534@@V?$allocator@UBfmeStringRecord000B9534@@@_STL@@@_STL@@QAEPAUBfmeStringRecord000B9534@@PAU3@ABU3@@Z
divergent	?insert@?$vector@UBfmeStringRecord00111ACF@@V?$allocator@UBfmeStringRecord00111ACF@@@_STL@@@_STL@@QAEPAUBfmeStringRecord00111ACF@@PAU3@@Z
divergent	?insert@?$vector@UBfmeStringRecord00111ACF@@V?$allocator@UBfmeStringRecord00111ACF@@@_STL@@@_STL@@QAEPAUBfmeStringRecord00111ACF@@PAU3@ABU3@@Z
divergent	?insert@?$vector@UGeometryRecord@@V?$allocator@UGeometryRecord@@@_STL@@@_STL@@QAEPAUGeometryRecord@@PAU3@@Z
divergent	?insert@?$vector@UGeometryShape@@V?$allocator@UGeometryShape@@@_STL@@@_STL@@QAEPAUGeometryShape@@PAU3@@Z
divergent	?insert@?$vector@UGeometryShape@@V?$allocator@UGeometryShape@@@_STL@@@_STL@@QAEPAUGeometryShape@@PAU3@ABU3@@Z
divergent	?insert@?$vector@UPrereqUnitRec@@V?$allocator@UPrereqUnitRec@@@_STL@@@_STL@@QAEPAUPrereqUnitRec@@PAU3@ABU3@@Z
divergent	?insert@?$vector@VRva0054103E@@V?$allocator@VRva0054103E@@@_STL@@@_STL@@QAEPAVRva0054103E@@PAV3@ABV3@@Z
divergent	?insert@?$vector@_NV?$allocator@_N@_STL@@@_STL@@QAE?AU?$_Bit_iter@U_Bit_reference@_STL@@PAU12@@2@U32@_N@Z
divergent	?insert@?$vector@_NV?$allocator@_N@_STL@@@_STL@@QAEXU?$_Bit_iter@U_Bit_reference@_STL@@PAU12@@2@I_N@Z
divergent	?insert_noresize@?$hash_map@W4NameKeyType@@VDamageFX@@U?$hash@W4NameKeyType@@@rts@@U?$equal_to@W4NameKeyType@@@4@V?$allocator@U?$pair@$$CBW4NameKeyType@@VDamageFX@@@_STL@@@_STL@@@_STL@@QAE?AU?$pair@U?$_Ht_iterator@U?$pair@$$CBW4NameKeyType@@VDamageFX@@@_STL@@U?$_Nonconst_traits@U?$pair@$$CBW4NameKeyType@@VDamageFX@@@_STL@@@2@W4NameKeyType@@U?$hash@W4NameKeyType@@@rts@@U?$_Select1st@U?$pair@$$CBW4NameKeyType@@VDamageFX@@@_STL@@@2@U?$equal_to@W4NameKeyType@@@6@V?$allocator@U?$pair@$$CBW4NameKeyType@@VDamageFX@@@_STL@@@2@@_STL@@_N@2@ABU?$pair@$$CBW4NameKeyType@@VDamageFX@@@2@@Z
divergent	?insert_unique@?$_Rb_tree@$$CBV?$BitFlags@$0BB@@@U?$pair@$$CBV?$BitFlags@$0BB@@@PBVWeaponTemplateSet@@@_STL@@U?$_Select1st@U?$pair@$$CBV?$BitFlags@$0BB@@@PBVWeaponTemplateSet@@@_STL@@@3@UMapHelper@?$SparseMatchFinder@VWeaponTemplateSet@@V?$BitFlags@$0BB@@@@@V?$allocator@U?$pair@$$CBV?$BitFlags@$0BB@@@PBVWeaponTemplateSet@@@_STL@@@3@@_STL@@QAE?AU?$_Rb_tree_iterator@U?$pair@$$CBV?$BitFlags@$0BB@@@PBVWeaponTemplateSet@@@_STL@@U?$_Nonconst_traits@U?$pair@$$CBV?$BitFlags@$0BB@@@PBVWeaponTemplateSet@@@_STL@@@2@@2@U32@ABU?$pair@$$CBV?$BitFlags@$0BB@@@PBVWeaponTemplateSet@@@2@@Z
divergent	?insert_unique@?$_Rb_tree@$$CBV?$BitFlags@$0BB@@@U?$pair@$$CBV?$BitFlags@$0BB@@@PBVWeaponTemplateSet@@@_STL@@U?$_Select1st@U?$pair@$$CBV?$BitFlags@$0BB@@@PBVWeaponTemplateSet@@@_STL@@@3@UMapHelper@?$SparseMatchFinder@VWeaponTemplateSet@@V?$BitFlags@$0BB@@@@@V?$allocator@U?$pair@$$CBV?$BitFlags@$0BB@@@PBVWeaponTemplateSet@@@_STL@@@3@@_STL@@QAE?AU?$pair@U?$_Rb_tree_iterator@U?$pair@$$CBV?$BitFlags@$0BB@@@PBVWeaponTemplateSet@@@_STL@@U?$_Nonconst_traits@U?$pair@$$CBV?$BitFlags@$0BB@@@PBVWeaponTemplateSet@@@_STL@@@2@@_STL@@_N@2@ABU?$pair@$$CBV?$BitFlags@$0BB@@@PBVWeaponTemplateSet@@@2@@Z
divergent	?insert_unique@?$_Rb_tree@$$CBV?$BitFlags@$0HF@@@U?$pair@$$CBV?$BitFlags@$0HF@@@PBUModelConditionInfo@@@_STL@@U?$_Select1st@U?$pair@$$CBV?$BitFlags@$0HF@@@PBUModelConditionInfo@@@_STL@@@3@UMapHelper@?$SparseMatchFinder@UModelConditionInfo@@V?$BitFlags@$0HF@@@@@V?$allocator@U?$pair@$$CBV?$BitFlags@$0HF@@@PBUModelConditionInfo@@@_STL@@@3@@_STL@@QAE?AU?$_Rb_tree_iterator@U?$pair@$$CBV?$BitFlags@$0HF@@@PBUModelConditionInfo@@@_STL@@U?$_Nonconst_traits@U?$pair@$$CBV?$BitFlags@$0HF@@@PBUModelConditionInfo@@@_STL@@@2@@2@U32@ABU?$pair@$$CBV?$BitFlags@$0HF@@@PBUModelConditionInfo@@@2@@Z
divergent	?insert_unique@?$_Rb_tree@$$CBV?$BitFlags@$0HF@@@U?$pair@$$CBV?$BitFlags@$0HF@@@PBUModelConditionInfo@@@_STL@@U?$_Select1st@U?$pair@$$CBV?$BitFlags@$0HF@@@PBUModelConditionInfo@@@_STL@@@3@UMapHelper@?$SparseMatchFinder@UModelConditionInfo@@V?$BitFlags@$0HF@@@@@V?$allocator@U?$pair@$$CBV?$BitFlags@$0HF@@@PBUModelConditionInfo@@@_STL@@@3@@_STL@@QAE?AU?$pair@U?$_Rb_tree_iterator@U?$pair@$$CBV?$BitFlags@$0HF@@@PBUModelConditionInfo@@@_STL@@U?$_Nonconst_traits@U?$pair@$$CBV?$BitFlags@$0HF@@@PBUModelConditionInfo@@@_STL@@@2@@_STL@@_N@2@ABU?$pair@$$CBV?$BitFlags@$0HF@@@PBUModelConditionInfo@@@2@@Z
divergent	?insert_unique@?$_Rb_tree@GU?$pair@$$CBGE@_STL@@U?$_Select1st@U?$pair@$$CBGE@_STL@@@2@U?$less@G@2@V?$allocator@U?$pair@$$CBGE@_STL@@@2@@_STL@@QAE?AU?$pair@U?$_Rb_tree_iterator@U?$pair@$$CBGE@_STL@@U?$_Nonconst_traits@U?$pair@$$CBGE@_STL@@@2@@_STL@@_N@2@ABU?$pair@$$CBGE@2@@Z
divergent	?insert_unique@?$_Rb_tree@GU?$pair@$$CBGH@_STL@@U?$_Select1st@U?$pair@$$CBGH@_STL@@@2@UGen_lt_00940b40@@V?$allocator@U?$pair@$$CBGH@_STL@@@2@@_STL@@QAE?AU?$pair@U?$_Rb_tree_iterator@U?$pair@$$CBGH@_STL@@U?$_Nonconst_traits@U?$pair@$$CBGH@_STL@@@2@@_STL@@_N@2@ABU?$pair@$$CBGH@2@@Z
divergent	?insert_unique@?$_Rb_tree@HU?$pair@$$CBHH@_STL@@U?$_Select1st@U?$pair@$$CBHH@_STL@@@2@U?$less@H@2@V?$allocator@U?$pair@$$CBHH@_STL@@@2@@_STL@@QAE?AU?$_Rb_tree_iterator@U?$pair@$$CBHH@_STL@@U?$_Nonconst_traits@U?$pair@$$CBHH@_STL@@@2@@2@U32@ABU?$pair@$$CBHH@2@@Z
divergent	?insert_unique@?$_Rb_tree@HU?$pair@$$CBHH@_STL@@U?$_Select1st@U?$pair@$$CBHH@_STL@@@2@U?$less@H@2@V?$allocator@U?$pair@$$CBHH@_STL@@@2@@_STL@@QAE?AU?$pair@U?$_Rb_tree_iterator@U?$pair@$$CBHH@_STL@@U?$_Nonconst_traits@U?$pair@$$CBHH@_STL@@@2@@_STL@@_N@2@ABU?$pair@$$CBHH@2@@Z
divergent	?insert_unique@?$_Rb_tree@HU?$pair@$$CBHUBfmePod8@@@_STL@@U?$_Select1st@U?$pair@$$CBHUBfmePod8@@@_STL@@@2@U?$less@H@2@V?$allocator@U?$pair@$$CBHUBfmePod8@@@_STL@@@2@@_STL@@QAE?AU?$pair@U?$_Rb_tree_iterator@U?$pair@$$CBHUBfmePod8@@@_STL@@U?$_Nonconst_traits@U?$pair@$$CBHUBfmePod8@@@_STL@@@2@@_STL@@_N@2@ABU?$pair@$$CBHUBfmePod8@@@2@@Z
divergent	?insert_unique@?$_Rb_tree@HU?$pair@$$CBHV?$vector@IV?$allocator@I@_STL@@@_STL@@@_STL@@U?$_Select1st@U?$pair@$$CBHV?$vector@IV?$allocator@I@_STL@@@_STL@@@_STL@@@2@U?$less@H@2@V?$allocator@U?$pair@$$CBHV?$vector@IV?$allocator@I@_STL@@@_STL@@@_STL@@@2@@_STL@@QAE?AU?$pair@U?$_Rb_tree_iterator@U?$pair@$$CBHV?$vector@IV?$allocator@I@_STL@@@_STL@@@_STL@@U?$_Nonconst_traits@U?$pair@$$CBHV?$vector@IV?$allocator@I@_STL@@@_STL@@@_STL@@@2@@_STL@@_N@2@ABU?$pair@$$CBHV?$vector@IV?$allocator@I@_STL@@@_STL@@@2@@Z
divergent	?insert_unique@?$_Rb_tree@HU?$pair@$$CBH_N@_STL@@U?$_Select1st@U?$pair@$$CBH_N@_STL@@@2@U?$less@H@2@V?$allocator@U?$pair@$$CBH_N@_STL@@@2@@_STL@@QAE?AU?$pair@U?$_Rb_tree_iterator@U?$pair@$$CBH_N@_STL@@U?$_Nonconst_traits@U?$pair@$$CBH_N@_STL@@@2@@_STL@@_N@2@ABU?$pair@$$CBH_N@2@@Z
divergent	?insert_unique@?$_Rb_tree@IU?$pair@$$CBIPAX@_STL@@U?$_Select1st@U?$pair@$$CBIPAX@_STL@@@2@U?$less@I@2@V?$allocator@U?$pair@$$CBIPAX@_STL@@@2@@_STL@@QAE?AU?$pair@U?$_Rb_tree_iterator@U?$pair@$$CBIPAX@_STL@@U?$_Nonconst_traits@U?$pair@$$CBIPAX@_STL@@@2@@_STL@@_N@2@ABU?$pair@$$CBIPAX@2@@Z
divergent	?insert_unique@?$_Rb_tree@JU?$pair@$$CBJVLadderPref@@@_STL@@U?$_Select1st@U?$pair@$$CBJVLadderPref@@@_STL@@@2@U?$less@J@2@V?$allocator@U?$pair@$$CBJVLadderPref@@@_STL@@@2@@_STL@@QAE?AU?$pair@U?$_Rb_tree_iterator@U?$pair@$$CBJVLadderPref@@@_STL@@U?$_Nonconst_traits@U?$pair@$$CBJVLadderPref@@@_STL@@@2@@_STL@@_N@2@ABU?$pair@$$CBJVLadderPref@@@2@@Z
divergent	?insert_unique@?$_Rb_tree@PAURva001408C0Target@@PAU1@U?$_Identity@PAURva001408C0Target@@@_STL@@U?$less@PAURva001408C0Target@@@3@V?$allocator@PAURva001408C0Target@@@3@@_STL@@QAE?AU?$pair@U?$_Rb_tree_iterator@PAURva001408C0Target@@U?$_Nonconst_traits@PAURva001408C0Target@@@_STL@@@_STL@@_N@2@ABQAURva001408C0Target@@@Z
divergent	?insert_unique@?$_Rb_tree@U?$pair@VAsciiString@@V1@@_STL@@U?$pair@$$CBU?$pair@VAsciiString@@V1@@_STL@@H@2@U?$_Select1st@U?$pair@$$CBU?$pair@VAsciiString@@V1@@_STL@@H@_STL@@@2@UTeamLess0019B850@@V?$allocator@U?$pair@$$CBU?$pair@VAsciiString@@V1@@_STL@@H@_STL@@@2@@_STL@@QAE?AU?$pair@U?$_Rb_tree_iterator@U?$pair@$$CBU?$pair@VAsciiString@@V1@@_STL@@H@_STL@@U?$_Nonconst_traits@U?$pair@$$CBU?$pair@VAsciiString@@V1@@_STL@@H@_STL@@@2@@_STL@@_N@2@ABU?$pair@$$CBU?$pair@VAsciiString@@V1@@_STL@@H@2@@Z
divergent	?insert_unique@?$_Rb_tree@VAsciiString@@U?$pair@$$CBVAsciiString@@UNoCaseTreeValue4@@@_STL@@U?$_Select1st@U?$pair@$$CBVAsciiString@@UNoCaseTreeValue4@@@_STL@@@3@UBfmeStringNoCaseLess@@V?$allocator@U?$pair@$$CBVAsciiString@@UNoCaseTreeValue4@@@_STL@@@3@@_STL@@QAE?AU?$pair@U?$_Rb_tree_iterator@U?$pair@$$CBVAsciiString@@UNoCaseTreeValue4@@@_STL@@U?$_Nonconst_traits@U?$pair@$$CBVAsciiString@@UNoCaseTreeValue4@@@_STL@@@2@@_STL@@_N@2@ABU?$pair@$$CBVAsciiString@@UNoCaseTreeValue4@@@2@@Z
divergent	?insert_unique@?$_Rb_tree@VAsciiString@@U?$pair@$$CBVAsciiString@@UTreeHintPayload001F8ACB@@@_STL@@U?$_Select1st@U?$pair@$$CBVAsciiString@@UTreeHintPayload001F8ACB@@@_STL@@@3@U?$less@VAsciiString@@@3@V?$allocator@U?$pair@$$CBVAsciiString@@UTreeHintPayload001F8ACB@@@_STL@@@3@@_STL@@QAE?AU?$pair@U?$_Rb_tree_iterator@U?$pair@$$CBVAsciiString@@UTreeHintPayload001F8ACB@@@_STL@@U?$_Nonconst_traits@U?$pair@$$CBVAsciiString@@UTreeHintPayload001F8ACB@@@_STL@@@2@@_STL@@_N@2@ABU?$pair@$$CBVAsciiString@@UTreeHintPayload001F8ACB@@@2@@Z
divergent	?insert_unique@?$_Rb_tree@VUnicodeString@@U?$pair@$$CBVUnicodeString@@_N@_STL@@U?$_Select1st@U?$pair@$$CBVUnicodeString@@_N@_STL@@@3@UUnicodeStringLessThan@@V?$allocator@U?$pair@$$CBVUnicodeString@@_N@_STL@@@3@@_STL@@QAE?AU?$_Rb_tree_iterator@U?$pair@$$CBVUnicodeString@@_N@_STL@@U?$_Nonconst_traits@U?$pair@$$CBVUnicodeString@@_N@_STL@@@2@@2@U32@ABU?$pair@$$CBVUnicodeString@@_N@2@@Z
divergent	?insert_unique@?$_Rb_tree@VUnicodeString@@U?$pair@$$CBVUnicodeString@@_N@_STL@@U?$_Select1st@U?$pair@$$CBVUnicodeString@@_N@_STL@@@3@UUnicodeStringLessThan@@V?$allocator@U?$pair@$$CBVUnicodeString@@_N@_STL@@@3@@_STL@@QAE?AU?$pair@U?$_Rb_tree_iterator@U?$pair@$$CBVUnicodeString@@_N@_STL@@U?$_Nonconst_traits@U?$pair@$$CBVUnicodeString@@_N@_STL@@@2@@_STL@@_N@2@ABU?$pair@$$CBVUnicodeString@@_N@2@@Z
divergent	?insert_unique@?$_Rb_tree@VUnicodeString@@V1@U?$_Identity@VUnicodeString@@@_STL@@U?$less_than_nocase@VUnicodeString@@@rts@@V?$allocator@VUnicodeString@@@3@@_STL@@QAE?AU?$pair@U?$_Rb_tree_iterator@VUnicodeString@@U?$_Nonconst_traits@VUnicodeString@@@_STL@@@_STL@@_N@2@ABVUnicodeString@@@Z
divergent	?insert_unique@?$_Rb_tree@W4NameKeyType@@U?$pair@$$CBW4NameKeyType@@UPristineBoneInfo@@@_STL@@U?$_Select1st@U?$pair@$$CBW4NameKeyType@@UPristineBoneInfo@@@_STL@@@3@U?$less@W4NameKeyType@@@3@V?$allocator@U?$pair@$$CBW4NameKeyType@@UPristineBoneInfo@@@_STL@@@3@@_STL@@QAE?AU?$_Rb_tree_iterator@U?$pair@$$CBW4NameKeyType@@UPristineBoneInfo@@@_STL@@U?$_Nonconst_traits@U?$pair@$$CBW4NameKeyType@@UPristineBoneInfo@@@_STL@@@2@@2@U32@ABU?$pair@$$CBW4NameKeyType@@UPristineBoneInfo@@@2@@Z
divergent	?insert_unique@?$_Rb_tree@W4NameKeyType@@U?$pair@$$CBW4NameKeyType@@UPristineBoneInfo@@@_STL@@U?$_Select1st@U?$pair@$$CBW4NameKeyType@@UPristineBoneInfo@@@_STL@@@3@U?$less@W4NameKeyType@@@3@V?$allocator@U?$pair@$$CBW4NameKeyType@@UPristineBoneInfo@@@_STL@@@3@@_STL@@QAE?AU?$pair@U?$_Rb_tree_iterator@U?$pair@$$CBW4NameKeyType@@UPristineBoneInfo@@@_STL@@U?$_Nonconst_traits@U?$pair@$$CBW4NameKeyType@@UPristineBoneInfo@@@_STL@@@2@@_STL@@_N@2@ABU?$pair@$$CBW4NameKeyType@@UPristineBoneInfo@@@2@@Z
divergent	?insert_unique@?$_Rb_tree@W4NameKeyType@@U?$pair@$$CBW4NameKeyType@@VModuleTemplate@ModuleFactory@@@_STL@@U?$_Select1st@U?$pair@$$CBW4NameKeyType@@VModuleTemplate@ModuleFactory@@@_STL@@@3@U?$less@W4NameKeyType@@@3@V?$allocator@U?$pair@$$CBW4NameKeyType@@VModuleTemplate@ModuleFactory@@@_STL@@@3@@_STL@@QAE?AU?$pair@U?$_Rb_tree_iterator@U?$pair@$$CBW4NameKeyType@@VModuleTemplate@ModuleFactory@@@_STL@@U?$_Nonconst_traits@U?$pair@$$CBW4NameKeyType@@VModuleTemplate@ModuleFactory@@@_STL@@@2@@_STL@@_N@2@ABU?$pair@$$CBW4NameKeyType@@VModuleTemplate@ModuleFactory@@@2@@Z
divergent	?insert_unique@?$hashtable@U?$pair@$$CBHH@_STL@@HU?$hash@H@2@U?$_Select1st@U?$pair@$$CBHH@_STL@@@2@U?$equal_to@H@2@V?$allocator@U?$pair@$$CBHH@_STL@@@2@@_STL@@QAE?AU?$pair@U?$_Ht_iterator@U?$pair@$$CBHH@_STL@@U?$_Nonconst_traits@U?$pair@$$CBHH@_STL@@@2@HU?$hash@H@2@U?$_Select1st@U?$pair@$$CBHH@_STL@@@2@U?$equal_to@H@2@V?$allocator@U?$pair@$$CBHH@_STL@@@2@@_STL@@_N@2@ABU?$pair@$$CBHH@2@@Z
divergent	?insert_unique@?$hashtable@U?$pair@$$CBW4NameKeyType@@VDamageFX@@@_STL@@W4NameKeyType@@U?$hash@W4NameKeyType@@@rts@@U?$_Select1st@U?$pair@$$CBW4NameKeyType@@VDamageFX@@@_STL@@@2@U?$equal_to@W4NameKeyType@@@5@V?$allocator@U?$pair@$$CBW4NameKeyType@@VDamageFX@@@_STL@@@2@@_STL@@QAE?AU?$pair@U?$_Ht_iterator@U?$pair@$$CBW4NameKeyType@@VDamageFX@@@_STL@@U?$_Nonconst_traits@U?$pair@$$CBW4NameKeyType@@VDamageFX@@@_STL@@@2@W4NameKeyType@@U?$hash@W4NameKeyType@@@rts@@U?$_Select1st@U?$pair@$$CBW4NameKeyType@@VDamageFX@@@_STL@@@2@U?$equal_to@W4NameKeyType@@@6@V?$allocator@U?$pair@$$CBW4NameKeyType@@VDamageFX@@@_STL@@@2@@_STL@@_N@2@ABU?$pair@$$CBW4NameKeyType@@VDamageFX@@@2@@Z
divergent	?insert_unique_noresize@?$hashtable@U?$pair@$$CBHH@_STL@@HU?$hash@H@2@U?$_Select1st@U?$pair@$$CBHH@_STL@@@2@U?$equal_to@H@2@V?$allocator@U?$pair@$$CBHH@_STL@@@2@@_STL@@QAE?AU?$pair@U?$_Ht_iterator@U?$pair@$$CBHH@_STL@@U?$_Nonconst_traits@U?$pair@$$CBHH@_STL@@@2@HU?$hash@H@2@U?$_Select1st@U?$pair@$$CBHH@_STL@@@2@U?$equal_to@H@2@V?$allocator@U?$pair@$$CBHH@_STL@@@2@@_STL@@_N@2@ABU?$pair@$$CBHH@2@@Z
divergent	?insert_unique_noresize@?$hashtable@U?$pair@$$CBW4NameKeyType@@VDamageFX@@@_STL@@W4NameKeyType@@U?$hash@W4NameKeyType@@@rts@@U?$_Select1st@U?$pair@$$CBW4NameKeyType@@VDamageFX@@@_STL@@@2@U?$equal_to@W4NameKeyType@@@5@V?$allocator@U?$pair@$$CBW4NameKeyType@@VDamageFX@@@_STL@@@2@@_STL@@QAE?AU?$pair@U?$_Ht_iterator@U?$pair@$$CBW4NameKeyType@@VDamageFX@@@_STL@@U?$_Nonconst_traits@U?$pair@$$CBW4NameKeyType@@VDamageFX@@@_STL@@@2@W4NameKeyType@@U?$hash@W4NameKeyType@@@rts@@U?$_Select1st@U?$pair@$$CBW4NameKeyType@@VDamageFX@@@_STL@@@2@U?$equal_to@W4NameKeyType@@@6@V?$allocator@U?$pair@$$CBW4NameKeyType@@VDamageFX@@@_STL@@@2@@_STL@@_N@2@ABU?$pair@$$CBW4NameKeyType@@VDamageFX@@@2@@Z
divergent	?isActive@Script@@QBE_NXZ
divergent	?isAiInDeadState@AIUpdateInterface@@QBE_NXZ
divergent	?isAirborneTarget@Object@@QBE_NXZ
divergent	?isContactWeapon@Weapon@@QBE_NXZ
divergent	?isDestroyed@Object@@QBE_NXZ
divergent	?isDieApplicable@SlowDeathBehavior@@UBE_NPBVDamageInfo@@@Z
divergent	?isDisabled@Object@@QBE_NXZ
divergent	?isDisabledByType@Object@@QBE_NW4DisabledType@@@Z
divergent	?isDisguised@StealthUpdate@@QBE_NXZ
divergent	?isDrawableEffectivelyHidden@Drawable@@QBE_NXZ
divergent	?isEmpty@UnicodeString@@QBE_NXZ
divergent	?isInAttackState@StateMachine@@QBE_NXZ
divergent	?isInBusyState@StateMachine@@QBE_NXZ
divergent	?isInIdleState@StateMachine@@QBE_NXZ
divergent	?isInRegionNoZ@Region3D@@QBE_NPBUCoord3D@@@Z
divergent	?isInShellGame@GameLogic@@QAE_NXZ
divergent	?isKindOf@Object@@QBE_NH@Z
divergent	?isKindOf@ThingTemplate@@QBEIW4KindOfType@@@Z
divergent	?isKindOf@ThingTemplate@@QBE_NH@Z
divergent	?isKindOf@ThingTemplate@@QBE_NW4KindOfType@@@Z
divergent	?isKindOfProjectile@Object@@QBE_NXZ
divergent	?isKindOfProjectile@ThingTemplate@@QBE_NXZ
divergent	?isNotEmpty@AsciiString@@QBE_NXZ
divergent	?isOffMap@Object@@QBE_NXZ
divergent	?isPointLight@LightEnvironmentClass@@QBE_NH@Z
divergent	?isSharedNSync@SpecialPowerTemplate@@QBE_NXZ
divergent	?isSlowDeathActivated@SlowDeathBehavior@@IBE_NXZ
divergent	?isTurretEnabled@TurretAI@@QBE_NXZ
divergent	?isWaitingForPath@AIUpdateInterface@@QBE_NXZ
divergent	?iterate_TeamInstanceList@TeamPrototype@@QBE?AV?$DLINK_ITERATOR@VTeam@@@@XZ
divergent	?iterate_TeamMemberList@Team@@QBE?AV?$DLINK_ITERATOR@VObject@@@@XZ
divergent	?lock@StateMachine@@QAEXPBD@Z
divergent	?lower_bound@?$_Rb_tree@$$CBV?$BitFlags@$0HF@@@U?$pair@$$CBV?$BitFlags@$0HF@@@PBUModelConditionInfo@@@_STL@@U?$_Select1st@U?$pair@$$CBV?$BitFlags@$0HF@@@PBUModelConditionInfo@@@_STL@@@3@UMapHelper@?$SparseMatchFinder@UModelConditionInfo@@V?$BitFlags@$0HF@@@@@V?$allocator@U?$pair@$$CBV?$BitFlags@$0HF@@@PBUModelConditionInfo@@@_STL@@@3@@_STL@@QAE?AU?$_Rb_tree_iterator@U?$pair@$$CBV?$BitFlags@$0HF@@@PBUModelConditionInfo@@@_STL@@U?$_Nonconst_traits@U?$pair@$$CBV?$BitFlags@$0HF@@@PBUModelConditionInfo@@@_STL@@@2@@2@ABV?$BitFlags@$0HF@@@@Z
divergent	?lower_bound@?$_Rb_tree@GU?$pair@$$CBGE@_STL@@U?$_Select1st@U?$pair@$$CBGE@_STL@@@2@U?$less@G@2@V?$allocator@U?$pair@$$CBGE@_STL@@@2@@_STL@@QAE?AU?$_Rb_tree_iterator@U?$pair@$$CBGE@_STL@@U?$_Nonconst_traits@U?$pair@$$CBGE@_STL@@@2@@2@ABG@Z
divergent	?lower_bound@?$_Rb_tree@HU?$pair@$$CBHH@_STL@@U?$_Select1st@U?$pair@$$CBHH@_STL@@@2@U?$less@H@2@V?$allocator@U?$pair@$$CBHH@_STL@@@2@@_STL@@QAE?AU?$_Rb_tree_iterator@U?$pair@$$CBHH@_STL@@U?$_Nonconst_traits@U?$pair@$$CBHH@_STL@@@2@@2@ABH@Z
divergent	?lower_bound@?$_Rb_tree@HU?$pair@$$CBHH@_STL@@U?$_Select1st@U?$pair@$$CBHH@_STL@@@2@U?$less@H@2@V?$allocator@U?$pair@$$CBHH@_STL@@@2@@_STL@@QBE?AU?$_Rb_tree_iterator@U?$pair@$$CBHH@_STL@@U?$_Const_traits@U?$pair@$$CBHH@_STL@@@2@@2@ABH@Z
divergent	?lower_bound@?$_Rb_tree@VAsciiString@@U?$pair@$$CBVAsciiString@@V1@@_STL@@U?$_Select1st@U?$pair@$$CBVAsciiString@@V1@@_STL@@@3@U?$less@VAsciiString@@@3@V?$allocator@U?$pair@$$CBVAsciiString@@V1@@_STL@@@3@@_STL@@QAE?AU?$_Rb_tree_iterator@U?$pair@$$CBVAsciiString@@V1@@_STL@@U?$_Nonconst_traits@U?$pair@$$CBVAsciiString@@V1@@_STL@@@2@@2@ABVAsciiString@@@Z
divergent	?lower_bound@?$_Rb_tree@VAsciiString@@U?$pair@$$CBVAsciiString@@VMapMetaData@@@_STL@@U?$_Select1st@U?$pair@$$CBVAsciiString@@VMapMetaData@@@_STL@@@3@U?$less@VAsciiString@@@3@V?$allocator@U?$pair@$$CBVAsciiString@@VMapMetaData@@@_STL@@@3@@_STL@@QAE?AU?$_Rb_tree_iterator@U?$pair@$$CBVAsciiString@@VMapMetaData@@@_STL@@U?$_Nonconst_traits@U?$pair@$$CBVAsciiString@@VMapMetaData@@@_STL@@@2@@2@ABVAsciiString@@@Z
divergent	?lower_bound@?$_Rb_tree@VUnicodeString@@U?$pair@$$CBVUnicodeString@@_N@_STL@@U?$_Select1st@U?$pair@$$CBVUnicodeString@@_N@_STL@@@3@UUnicodeStringLessThan@@V?$allocator@U?$pair@$$CBVUnicodeString@@_N@_STL@@@3@@_STL@@QAE?AU?$_Rb_tree_iterator@U?$pair@$$CBVUnicodeString@@_N@_STL@@U?$_Nonconst_traits@U?$pair@$$CBVUnicodeString@@_N@_STL@@@2@@2@ABVUnicodeString@@@Z
divergent	?lower_bound@?$_Rb_tree@W4NameKeyType@@U?$pair@$$CBW4NameKeyType@@UPristineBoneInfo@@@_STL@@U?$_Select1st@U?$pair@$$CBW4NameKeyType@@UPristineBoneInfo@@@_STL@@@3@U?$less@W4NameKeyType@@@3@V?$allocator@U?$pair@$$CBW4NameKeyType@@UPristineBoneInfo@@@_STL@@@3@@_STL@@QAE?AU?$_Rb_tree_iterator@U?$pair@$$CBW4NameKeyType@@UPristineBoneInfo@@@_STL@@U?$_Nonconst_traits@U?$pair@$$CBW4NameKeyType@@UPristineBoneInfo@@@_STL@@@2@@2@ABW4NameKeyType@@@Z
divergent	?lower_bound@?$map@$$CBV?$BitFlags@$0HF@@@PBUModelConditionInfo@@UMapHelper@?$SparseMatchFinder@UModelConditionInfo@@V?$BitFlags@$0HF@@@@@V?$allocator@U?$pair@$$CBV?$BitFlags@$0HF@@@PBUModelConditionInfo@@@_STL@@@_STL@@@_STL@@QAE?AU?$_Rb_tree_iterator@U?$pair@$$CBV?$BitFlags@$0HF@@@PBUModelConditionInfo@@@_STL@@U?$_Nonconst_traits@U?$pair@$$CBV?$BitFlags@$0HF@@@PBUModelConditionInfo@@@_STL@@@2@@2@ABV?$BitFlags@$0HF@@@@Z
divergent	?lower_bound@?$map@GEU?$less@G@_STL@@V?$allocator@U?$pair@$$CBGE@_STL@@@2@@_STL@@QAE?AU?$_Rb_tree_iterator@U?$pair@$$CBGE@_STL@@U?$_Nonconst_traits@U?$pair@$$CBGE@_STL@@@2@@2@ABG@Z
divergent	?lower_bound@?$map@HHU?$less@H@_STL@@V?$allocator@U?$pair@$$CBHH@_STL@@@2@@_STL@@QAE?AU?$_Rb_tree_iterator@U?$pair@$$CBHH@_STL@@U?$_Nonconst_traits@U?$pair@$$CBHH@_STL@@@2@@2@ABH@Z
divergent	?lower_bound@?$map@HHU?$less@H@_STL@@V?$allocator@U?$pair@$$CBHH@_STL@@@2@@_STL@@QBE?AU?$_Rb_tree_iterator@U?$pair@$$CBHH@_STL@@U?$_Const_traits@U?$pair@$$CBHH@_STL@@@2@@2@ABH@Z
divergent	?lower_bound@?$map@VAsciiString@@V1@U?$less@VAsciiString@@@_STL@@V?$allocator@U?$pair@$$CBVAsciiString@@V1@@_STL@@@3@@_STL@@QAE?AU?$_Rb_tree_iterator@U?$pair@$$CBVAsciiString@@V1@@_STL@@U?$_Nonconst_traits@U?$pair@$$CBVAsciiString@@V1@@_STL@@@2@@2@ABVAsciiString@@@Z
divergent	?lower_bound@?$map@VUnicodeString@@_NUUnicodeStringLessThan@@V?$allocator@U?$pair@$$CBVUnicodeString@@_N@_STL@@@_STL@@@_STL@@QAE?AU?$_Rb_tree_iterator@U?$pair@$$CBVUnicodeString@@_N@_STL@@U?$_Nonconst_traits@U?$pair@$$CBVUnicodeString@@_N@_STL@@@2@@2@ABVUnicodeString@@@Z
divergent	?lower_bound@?$map@W4NameKeyType@@UPristineBoneInfo@@U?$less@W4NameKeyType@@@_STL@@V?$allocator@U?$pair@$$CBW4NameKeyType@@UPristineBoneInfo@@@_STL@@@4@@_STL@@QAE?AU?$_Rb_tree_iterator@U?$pair@$$CBW4NameKeyType@@UPristineBoneInfo@@@_STL@@U?$_Nonconst_traits@U?$pair@$$CBW4NameKeyType@@UPristineBoneInfo@@@_STL@@@2@@2@ABW4NameKeyType@@@Z
divergent	?max_bucket_count@?$hash_map@W4NameKeyType@@VDamageFX@@U?$hash@W4NameKeyType@@@rts@@U?$equal_to@W4NameKeyType@@@4@V?$allocator@U?$pair@$$CBW4NameKeyType@@VDamageFX@@@_STL@@@_STL@@@_STL@@QBEIXZ
divergent	?max_bucket_count@?$hashtable@U?$pair@$$CBW4NameKeyType@@VDamageFX@@@_STL@@W4NameKeyType@@U?$hash@W4NameKeyType@@@rts@@U?$_Select1st@U?$pair@$$CBW4NameKeyType@@VDamageFX@@@_STL@@@2@U?$equal_to@W4NameKeyType@@@5@V?$allocator@U?$pair@$$CBW4NameKeyType@@VDamageFX@@@_STL@@@2@@_STL@@QBEIXZ
divergent	?max_size@?$_String_base@DV?$allocator@D@_STL@@@_STL@@QBEIXZ
divergent	?max_size@?$basic_string@DV?$char_traits@D@_STL@@V?$allocator@D@2@@_STL@@QBEIXZ
divergent	?merge@?$list@HV?$allocator@H@_STL@@@_STL@@QAEXAAV12@@Z
divergent	?mul@Matrix3D@@QAEXABV1@0@Z
divergent	?newLocomotor@LocomotorStore@@QBEPAVLocomotor@@PBVLocomotorTemplate@@@Z
divergent	?normalize@Coord3D@@QAEXXZ
divergent	?open@?$basic_filebuf@DV?$char_traits@D@_STL@@@_STL@@QAEPAV12@PBDH@Z
divergent	?open@?$basic_filebuf@GV?$char_traits@G@_STL@@@_STL@@QAEPAV12@PBDH@Z
divergent	?overflow@?$basic_filebuf@DV?$char_traits@D@_STL@@@_STL@@MAEHH@Z
divergent	?overflow@?$basic_stringbuf@DV?$char_traits@D@_STL@@V?$allocator@D@2@@_STL@@MAEHH@Z
divergent	?parse@?$BitFlags@$0HE@@@QAEXPAVINI@@PAVAsciiString@@@Z
divergent	?parse@ApplyRandomForceNugget@@SAXPAVINI@@PAX1PBX@Z
divergent	?parse@AttackNugget@@SAXPAVINI@@PAX1PBX@Z
divergent	?parse@FXListAtBonePosFXNugget@@SAXPAVINI@@PAX1PBX@Z
divergent	?parse@FireWeaponNugget@@SAXPAVINI@@PAX1PBX@Z
divergent	?parse@LightPulseFXNugget@@SAXPAVINI@@PAX1PBX@Z
divergent	?parse@ParticleSystemFXNugget@@SAXPAVINI@@PAX1PBX@Z
divergent	?parse@RayEffectFXNugget@@SAXPAVINI@@PAX1PBX@Z
divergent	?parse@SoundFXNugget@@SAXPAVINI@@PAX1PBX@Z
divergent	?parse@TerrainScorchFXNugget@@SAXPAVINI@@PAX1PBX@Z
divergent	?parse@ViewShakeFXNugget@@SAXPAVINI@@PAX1PBX@Z
divergent	?parseDebris@GenericObjectCreationNugget@@SAXPAVINI@@PAX1PBX@Z
divergent	?parseFromINI@?$BitFlags@$0HE@@@SAXPAVINI@@PAX1PBX@Z
divergent	?parseObject@GenericObjectCreationNugget@@SAXPAVINI@@PAX1PBX@Z
divergent	?pathfinder@AI@@QAEPAVPathfinder@@XZ
divergent	?pbackfail@?$basic_stringbuf@DV?$char_traits@D@_STL@@V?$allocator@D@2@@_STL@@MAEHH@Z
divergent	?peek@AsciiString@@IBEPADXZ
divergent	?peek@AsciiStringData@AsciiString@@QAEPADXZ
divergent	?peek@UnicodeString@@IBEPAGXZ
divergent	?peek@UnicodeStringData@UnicodeString@@QAEPAGXZ
divergent	?pop_back@?$deque@PAXV?$allocator@PAX@_STL@@@_STL@@QAEXXZ
divergent	?pop_back@?$deque@UBfmeE8@@V?$allocator@UBfmeE8@@@_STL@@@_STL@@QAEXXZ
divergent	?pop_back@?$vector@UGeometryShape@@V?$allocator@UGeometryShape@@@_STL@@@_STL@@QAEXXZ
divergent	?pop_back@?$vector@_NV?$allocator@_N@_STL@@@_STL@@QAEXXZ
divergent	?pop_front@?$deque@PAXV?$allocator@PAX@_STL@@@_STL@@QAEXXZ
divergent	?pop_front@?$deque@UBfmeE8@@V?$allocator@UBfmeE8@@@_STL@@@_STL@@QAEXXZ
divergent	?pptr@?$basic_streambuf@DV?$char_traits@D@_STL@@@_STL@@IBEPADXZ
divergent	?pubseekoff@?$basic_streambuf@DV?$char_traits@D@_STL@@@_STL@@QAE?AV?$fpos@H@2@JHH@Z
divergent	?pubseekpos@?$basic_streambuf@DV?$char_traits@D@_STL@@@_STL@@QAE?AV?$fpos@H@2@V32@H@Z
divergent	?push_back@?$deque@PAXV?$allocator@PAX@_STL@@@_STL@@QAEXABQAX@Z
divergent	?push_back@?$deque@PAXV?$allocator@PAX@_STL@@@_STL@@QAEXXZ
divergent	?push_back@?$deque@UBfmeE8@@V?$allocator@UBfmeE8@@@_STL@@@_STL@@QAEXXZ
divergent	?push_back@?$list@PAVDrawable@@V?$allocator@PAVDrawable@@@_STL@@@_STL@@QAEXABQAVDrawable@@@Z
divergent	?push_back@?$list@PAVObject@@V?$allocator@PAVObject@@@_STL@@@_STL@@QAEXABQAVObject@@@Z
divergent	?push_back@?$list@PAVTeamPrototype@@V?$allocator@PAVTeamPrototype@@@_STL@@@_STL@@QAEXABQAVTeamPrototype@@@Z
divergent	?push_back@?$list@UBridgeFXInfo@@V?$allocator@UBridgeFXInfo@@@_STL@@@_STL@@QAEXABUBridgeFXInfo@@@Z
divergent	?push_back@?$list@UBridgeOCLInfo@@V?$allocator@UBridgeOCLInfo@@@_STL@@@_STL@@QAEXABUBridgeOCLInfo@@@Z
divergent	?push_back@?$list@V?$basic_string@DV?$char_traits@D@_STL@@V?$allocator@D@2@@_STL@@V?$allocator@V?$basic_string@DV?$char_traits@D@_STL@@V?$allocator@D@2@@_STL@@@2@@_STL@@QAEXABV?$basic_string@DV?$char_traits@D@_STL@@V?$allocator@D@2@@2@@Z
divergent	?push_back@?$list@W4ObjectID@@V?$allocator@W4ObjectID@@@_STL@@@_STL@@QAEXABW4ObjectID@@@Z
divergent	?push_back@?$vector@HV?$allocator@H@_STL@@@_STL@@QAEXXZ
divergent	?push_back@?$vector@PAXV?$allocator@PAX@_STL@@@_STL@@QAEXABQAX@Z
divergent	?push_back@?$vector@PAXV?$allocator@PAX@_STL@@@_STL@@QAEXXZ
divergent	?push_back@?$vector@PBVObjectCreationList@@V?$allocator@PBVObjectCreationList@@@_STL@@@_STL@@QAEXABQBVObjectCreationList@@@Z
divergent	?push_back@?$vector@UAngleFXInfo@@V?$allocator@UAngleFXInfo@@@_STL@@@_STL@@QAEXXZ
divergent	?push_back@?$vector@UBfmePod36@@V?$allocator@UBfmePod36@@@_STL@@@_STL@@QAEXABUBfmePod36@@@Z
divergent	?push_back@?$vector@UBfmePod36@@V?$allocator@UBfmePod36@@@_STL@@@_STL@@QAEXXZ
divergent	?push_back@?$vector@UBfmeStringRecord00111ACF@@V?$allocator@UBfmeStringRecord00111ACF@@@_STL@@@_STL@@QAEXXZ
divergent	?push_back@?$vector@UCoord3D@@V?$allocator@UCoord3D@@@_STL@@@_STL@@QAEXABUCoord3D@@@Z
divergent	?push_back@?$vector@UGeometryRecord@@V?$allocator@UGeometryRecord@@@_STL@@@_STL@@QAEXXZ
divergent	?push_back@?$vector@UGeometryShape@@V?$allocator@UGeometryShape@@@_STL@@@_STL@@QAEXXZ
divergent	?push_back@?$vector@UNugget@ModuleInfo@@V?$allocator@UNugget@ModuleInfo@@@_STL@@@_STL@@QAEXABUNugget@ModuleInfo@@@Z
divergent	?push_back@?$vector@V?$basic_string@DV?$char_traits@D@_STL@@V?$allocator@D@2@@_STL@@V?$allocator@V?$basic_string@DV?$char_traits@D@_STL@@V?$allocator@D@2@@_STL@@@2@@_STL@@QAEXABV?$basic_string@DV?$char_traits@D@_STL@@V?$allocator@D@2@@2@@Z
divergent	?push_back@?$vector@VMoney@@V?$allocator@VMoney@@@_STL@@@_STL@@QAEXABVMoney@@@Z
divergent	?push_back@?$vector@VProductionPrerequisite@@V?$allocator@VProductionPrerequisite@@@_STL@@@_STL@@QAEXABVProductionPrerequisite@@@Z
divergent	?push_back@?$vector@_NV?$allocator@_N@_STL@@@_STL@@QAEX_N@Z
divergent	?push_front@?$deque@PAXV?$allocator@PAX@_STL@@@_STL@@QAEXABQAX@Z
divergent	?push_front@?$deque@PAXV?$allocator@PAX@_STL@@@_STL@@QAEXXZ
divergent	?push_front@?$deque@UBfmeE8@@V?$allocator@UBfmeE8@@@_STL@@@_STL@@QAEXABUBfmeE8@@@Z
divergent	?push_front@?$deque@UBfmeE8@@V?$allocator@UBfmeE8@@@_STL@@@_STL@@QAEXXZ
divergent	?push_front@?$list@HV?$allocator@H@_STL@@@_STL@@QAEXXZ
divergent	?put@?$basic_ostream@DV?$char_traits@D@_STL@@@_STL@@QAEAAV12@D@Z
divergent	?rbegin@?$deque@PAXV?$allocator@PAX@_STL@@@_STL@@QAE?AV?$reverse_iterator@U?$_Deque_iterator@PAXU?$_Nonconst_traits@PAX@_STL@@@_STL@@@2@XZ
divergent	?rbegin@?$deque@PAXV?$allocator@PAX@_STL@@@_STL@@QBE?AV?$reverse_iterator@U?$_Deque_iterator@PAXU?$_Const_traits@PAX@_STL@@@_STL@@@2@XZ
divergent	?rbegin@?$deque@UBfmeE8@@V?$allocator@UBfmeE8@@@_STL@@@_STL@@QAE?AV?$reverse_iterator@U?$_Deque_iterator@UBfmeE8@@U?$_Nonconst_traits@UBfmeE8@@@_STL@@@_STL@@@2@XZ
divergent	?rbegin@?$deque@UBfmeE8@@V?$allocator@UBfmeE8@@@_STL@@@_STL@@QBE?AV?$reverse_iterator@U?$_Deque_iterator@UBfmeE8@@U?$_Const_traits@UBfmeE8@@@_STL@@@_STL@@@2@XZ
divergent	?rbegin@?$vector@PAXV?$allocator@PAX@_STL@@@_STL@@QBE?AV?$reverse_iterator@PBQAX@2@XZ
divergent	?read@GDIFileStream@@UAEHPAXH@Z
divergent	?releaseBuffer@AsciiString@@IAEXXZ
divergent	?removeObjectFromPathfindMap@Pathfinder@@QAEXPAVObject@@@Z
divergent	?rend@?$deque@PAXV?$allocator@PAX@_STL@@@_STL@@QAE?AV?$reverse_iterator@U?$_Deque_iterator@PAXU?$_Nonconst_traits@PAX@_STL@@@_STL@@@2@XZ
divergent	?rend@?$deque@PAXV?$allocator@PAX@_STL@@@_STL@@QBE?AV?$reverse_iterator@U?$_Deque_iterator@PAXU?$_Const_traits@PAX@_STL@@@_STL@@@2@XZ
divergent	?rend@?$deque@UBfmeE8@@V?$allocator@UBfmeE8@@@_STL@@@_STL@@QAE?AV?$reverse_iterator@U?$_Deque_iterator@UBfmeE8@@U?$_Nonconst_traits@UBfmeE8@@@_STL@@@_STL@@@2@XZ
divergent	?rend@?$deque@UBfmeE8@@V?$allocator@UBfmeE8@@@_STL@@@_STL@@QBE?AV?$reverse_iterator@U?$_Deque_iterator@UBfmeE8@@U?$_Const_traits@UBfmeE8@@@_STL@@@_STL@@@2@XZ
divergent	?rend@?$vector@PAXV?$allocator@PAX@_STL@@@_STL@@QBE?AV?$reverse_iterator@PBQAX@2@XZ
divergent	?reserve@?$basic_string@DV?$char_traits@D@_STL@@V?$allocator@D@2@@_STL@@QAEXI@Z
divergent	?reserve@?$basic_string@GV?$char_traits@G@_STL@@V?$allocator@G@2@@_STL@@QAEXI@Z
divergent	?reserve@?$vector@HV?$allocator@H@_STL@@@_STL@@QAEXI@Z
divergent	?reserve@?$vector@PAXV?$allocator@PAX@_STL@@@_STL@@QAEXI@Z
divergent	?reserve@?$vector@UBfmeContainerRecord005FDEC7@@V?$allocator@UBfmeContainerRecord005FDEC7@@@_STL@@@_STL@@QAEXI@Z
divergent	?reserve@?$vector@UBfmeE12@@V?$allocator@UBfmeE12@@@_STL@@@_STL@@QAEXI@Z
divergent	?reserve@?$vector@UBfmePod20@@V?$allocator@UBfmePod20@@@_STL@@@_STL@@QAEXI@Z
divergent	?reserve@?$vector@UBfmePod24@@V?$allocator@UBfmePod24@@@_STL@@@_STL@@QAEXI@Z
divergent	?reserve@?$vector@UBfmePod36@@V?$allocator@UBfmePod36@@@_STL@@@_STL@@QAEXI@Z
divergent	?reserve@?$vector@UBfmePod40@@V?$allocator@UBfmePod40@@@_STL@@@_STL@@QAEXI@Z
divergent	?reserve@?$vector@UBfmePod68@@V?$allocator@UBfmePod68@@@_STL@@@_STL@@QAEXI@Z
divergent	?reserve@?$vector@UBfmeStringRecord000B9534@@V?$allocator@UBfmeStringRecord000B9534@@@_STL@@@_STL@@QAEXI@Z
divergent	?reserve@?$vector@UFlightDeckInfo@FlightDeckBehavior@@V?$allocator@UFlightDeckInfo@FlightDeckBehavior@@@_STL@@@_STL@@QAEXI@Z
divergent	?reserve@?$vector@UGeometryShape@@V?$allocator@UGeometryShape@@@_STL@@@_STL@@QAEXI@Z
divergent	?reserve@?$vector@UPrereqUnitRec@@V?$allocator@UPrereqUnitRec@@@_STL@@@_STL@@QAEXI@Z
divergent	?reserve@?$vector@URva0007BB16Record@@V?$allocator@URva0007BB16Record@@@_STL@@@_STL@@QAEXI@Z
divergent	?reserve@?$vector@W4ScienceType@@V?$allocator@W4ScienceType@@@_STL@@@_STL@@QAEXI@Z
divergent	?reserve@?$vector@_NV?$allocator@_N@_STL@@@_STL@@QAEXI@Z
divergent	?reset@?$bitset@$0HE@@_STL@@QAEAAV12@XZ
divergent	?reset@?$bitset@$0HF@@_STL@@QAEAAV12@XZ
divergent	?resize@?$deque@PAXV?$allocator@PAX@_STL@@@_STL@@QAEXI@Z
divergent	?resize@?$deque@PAXV?$allocator@PAX@_STL@@@_STL@@QAEXIABQAX@Z
divergent	?resize@?$deque@UBfmeE8@@V?$allocator@UBfmeE8@@@_STL@@@_STL@@QAEXI@Z
divergent	?resize@?$deque@UBfmeE8@@V?$allocator@UBfmeE8@@@_STL@@@_STL@@QAEXIABUBfmeE8@@@Z
divergent	?resize@?$hashtable@U?$pair@$$CBHH@_STL@@HU?$hash@H@2@U?$_Select1st@U?$pair@$$CBHH@_STL@@@2@U?$equal_to@H@2@V?$allocator@U?$pair@$$CBHH@_STL@@@2@@_STL@@QAEXI@Z
divergent	?resize@?$hashtable@U?$pair@$$CBHW4Relationship@@@_STL@@HU?$hash@H@2@U?$_Select1st@U?$pair@$$CBHW4Relationship@@@_STL@@@2@U?$equal_to@H@2@V?$allocator@U?$pair@$$CBHW4Relationship@@@_STL@@@2@@_STL@@QAEXI@Z
divergent	?resize@?$hashtable@U?$pair@$$CBIW4Relationship@@@_STL@@IU?$hash@I@2@U?$_Select1st@U?$pair@$$CBIW4Relationship@@@_STL@@@2@U?$equal_to@I@2@V?$allocator@U?$pair@$$CBIW4Relationship@@@_STL@@@2@@_STL@@QAEXI@Z
divergent	?resize@?$hashtable@U?$pair@$$CBVAsciiString@@PAVThingTemplate@@@_STL@@VAsciiString@@U?$hash@VAsciiString@@@rts@@U?$_Select1st@U?$pair@$$CBVAsciiString@@PAVThingTemplate@@@_STL@@@2@U?$equal_to@VAsciiString@@@5@V?$allocator@U?$pair@$$CBVAsciiString@@PAVThingTemplate@@@_STL@@@2@@_STL@@QAEXI@Z
divergent	?resize@?$hashtable@U?$pair@$$CBW4NameKeyType@@VDamageFX@@@_STL@@W4NameKeyType@@U?$hash@W4NameKeyType@@@rts@@U?$_Select1st@U?$pair@$$CBW4NameKeyType@@VDamageFX@@@_STL@@@2@U?$equal_to@W4NameKeyType@@@5@V?$allocator@U?$pair@$$CBW4NameKeyType@@VDamageFX@@@_STL@@@2@@_STL@@QAEXI@Z
divergent	?resize@?$hashtable@U?$pair@$$CBW4NameKeyType@@VFXList@@@_STL@@W4NameKeyType@@U?$hash@W4NameKeyType@@@rts@@U?$_Select1st@U?$pair@$$CBW4NameKeyType@@VFXList@@@_STL@@@2@U?$equal_to@W4NameKeyType@@@5@V?$allocator@U?$pair@$$CBW4NameKeyType@@VFXList@@@_STL@@@2@@_STL@@QAEXI@Z
divergent	?resize@?$list@HV?$allocator@H@_STL@@@_STL@@QAEXI@Z
divergent	?resize@?$list@HV?$allocator@H@_STL@@@_STL@@QAEXIABH@Z
divergent	?resize@?$list@UcrateCreationEntry@@V?$allocator@UcrateCreationEntry@@@_STL@@@_STL@@QAEXI@Z
divergent	?resize@?$list@VAsciiString@@V?$allocator@VAsciiString@@@_STL@@@_STL@@QAEXI@Z
divergent	?resize@?$vector@HV?$allocator@H@_STL@@@_STL@@QAEXI@Z
divergent	?resize@?$vector@HV?$allocator@H@_STL@@@_STL@@QAEXIABH@Z
divergent	?resize@?$vector@PAXV?$allocator@PAX@_STL@@@_STL@@QAEXI@Z
divergent	?resize@?$vector@PAXV?$allocator@PAX@_STL@@@_STL@@QAEXIABQAX@Z
divergent	?resize@?$vector@UBfmeE12@@V?$allocator@UBfmeE12@@@_STL@@@_STL@@QAEXIABUBfmeE12@@@Z
divergent	?resize@?$vector@UBfmePod20@@V?$allocator@UBfmePod20@@@_STL@@@_STL@@QAEXIABUBfmePod20@@@Z
divergent	?resize@?$vector@UBfmePod24@@V?$allocator@UBfmePod24@@@_STL@@@_STL@@QAEXIABUBfmePod24@@@Z
divergent	?resize@?$vector@UBfmePod36@@V?$allocator@UBfmePod36@@@_STL@@@_STL@@QAEXI@Z
divergent	?resize@?$vector@UBfmePod36@@V?$allocator@UBfmePod36@@@_STL@@@_STL@@QAEXIABUBfmePod36@@@Z
divergent	?resize@?$vector@UBfmePod40@@V?$allocator@UBfmePod40@@@_STL@@@_STL@@QAEXIABUBfmePod40@@@Z
divergent	?resize@?$vector@UBfmePod44@@V?$allocator@UBfmePod44@@@_STL@@@_STL@@QAEXI@Z
divergent	?resize@?$vector@UBfmeStringRecord000B9534@@V?$allocator@UBfmeStringRecord000B9534@@@_STL@@@_STL@@QAEXIABUBfmeStringRecord000B9534@@@Z
divergent	?resize@?$vector@UBfmeStringRecord00111ACF@@V?$allocator@UBfmeStringRecord00111ACF@@@_STL@@@_STL@@QAEXI@Z
divergent	?resize@?$vector@UCoord3D@@V?$allocator@UCoord3D@@@_STL@@@_STL@@QAEXI@Z
divergent	?resize@?$vector@UCoord3D@@V?$allocator@UCoord3D@@@_STL@@@_STL@@QAEXIABUCoord3D@@@Z
divergent	?resize@?$vector@UGeometryRecord@@V?$allocator@UGeometryRecord@@@_STL@@@_STL@@QAEXI@Z
divergent	?resize@?$vector@UGeometryShape@@V?$allocator@UGeometryShape@@@_STL@@@_STL@@QAEXI@Z
divergent	?resize@?$vector@UGeometryShape@@V?$allocator@UGeometryShape@@@_STL@@@_STL@@QAEXIABUGeometryShape@@@Z
divergent	?resize@?$vector@UICoord2D@@V?$allocator@UICoord2D@@@_STL@@@_STL@@QAEXI@Z
divergent	?resize@?$vector@UICoord2D@@V?$allocator@UICoord2D@@@_STL@@@_STL@@QAEXIABUICoord2D@@@Z
divergent	?resize@?$vector@UPrereqUnitRec@@V?$allocator@UPrereqUnitRec@@@_STL@@@_STL@@QAEXIABUPrereqUnitRec@@@Z
divergent	?resize@?$vector@_NV?$allocator@_N@_STL@@@_STL@@QAEXI_N@Z
divergent	?runInit@WindowLayout@@QAEXPAX@Z
divergent	?seekoff@?$basic_filebuf@DV?$char_traits@D@_STL@@@_STL@@MAE?AV?$fpos@H@2@JHH@Z
divergent	?seekoff@?$basic_filebuf@GV?$char_traits@G@_STL@@@_STL@@MAE?AV?$fpos@H@2@JHH@Z
divergent	?seekoff@?$basic_stringbuf@DV?$char_traits@D@_STL@@V?$allocator@D@2@@_STL@@MAE?AV?$fpos@H@2@JHH@Z
divergent	?seekp@?$basic_ostream@DV?$char_traits@D@_STL@@@_STL@@QAEAAV12@JH@Z
divergent	?seekp@?$basic_ostream@DV?$char_traits@D@_STL@@@_STL@@QAEAAV12@V?$fpos@H@2@@Z
divergent	?seekpos@?$basic_filebuf@GV?$char_traits@G@_STL@@@_STL@@MAE?AV?$fpos@H@2@V32@H@Z
divergent	?seekpos@?$basic_stringbuf@DV?$char_traits@D@_STL@@V?$allocator@D@2@@_STL@@MAE?AV?$fpos@H@2@V32@H@Z
divergent	?set@?$BitFlags@$0HE@@@QAEXHH@Z
divergent	?set@?$BitFlags@$0HF@@@QAEXHH@Z
divergent	?set@?$BitFlags@$0IA@@@QAEXABV1@@Z
divergent	?set@?$bitset@$0CN@@_STL@@QAEAAV12@I@Z
divergent	?set@?$bitset@$0HE@@_STL@@QAEAAV12@I@Z
divergent	?set@?$bitset@$0HE@@_STL@@QAEAAV12@IH@Z
divergent	?set@?$bitset@$0HF@@_STL@@QAEAAV12@I@Z
divergent	?set@?$bitset@$0HF@@_STL@@QAEAAV12@IH@Z
divergent	?set@AsciiString@@QAEXABV1@@Z
divergent	?set@Rva005D75BEMask@@QAEXH@Z
divergent	?set@UpgradeMaskType@@QAEXI@Z
divergent	?setActive@Team@@QAEXXZ
divergent	?setAdjustsDestination@AIInternalMoveToState@@IAEX_N@Z
divergent	?setAllowAirborneFriction@PhysicsBehavior@@QAEX_N@Z
divergent	?setAllowBouncing@PhysicsBehavior@@QAEX_N@Z
divergent	?setAllowInvalidPosition@Locomotor@@QAEX_N@Z
divergent	?setCanPathThroughUnits@AIUpdateInterface@@QAEX_N@Z
divergent	?setCurPos@AnimateWindow@@QAEXUICoord2D@@@Z
divergent	?setFlag@Locomotor@@AAEXW4LocoFlag@1@_N@Z
divergent	?setFlag@PhysicsBehavior@@AAEXW4PhysicsFlagsType@1@_N@Z
divergent	?setFrameRate@W3DGameClient@@MAEXM@Z
divergent	?setFromInt@RGBColor@@QAEXH@Z
divergent	?setIgnoreCollisionTime@AIUpdateInterface@@QAEXH@Z
divergent	?setModelConditionState@Drawable@@QAEXW4ModelConditionFlagType@@@Z
divergent	?setName@SubsystemInterface@@QAEXVAsciiString@@@Z
divergent	?setNextBuildList@BuildListInfo@@QAEXPAV1@@Z
divergent	?setPlayerTemplate@GameSlot@@QAEXH@Z
divergent	?setPreAttackFinishedFrame@Weapon@@QAEXI@Z
divergent	?setRelay@NetCommandRef@@QAEXE@Z
divergent	?setScriptList@SidesInfo@@QAEXPAVScriptList@@@Z
divergent	?setStatus@Upgrade@@QAEXW4UpgradeStatusType@@@Z
divergent	?setTemplateName@BuildListInfo@@QAEXVAsciiString@@@Z
divergent	?setUltraAccurate@Locomotor@@QAEX_N@Z
divergent	?setUsePreciseZPos@Locomotor@@QAEX_N@Z
divergent	?setbuf@?$basic_stringbuf@DV?$char_traits@D@_STL@@V?$allocator@D@2@@_STL@@MAEPAV?$basic_streambuf@DV?$char_traits@D@_STL@@@2@PADH@Z
divergent	?setstate@?$basic_ios@DV?$char_traits@D@_STL@@@_STL@@QAEXH@Z
divergent	?size@?$BitFlags@$0BB@@@QBEHXZ
divergent	?size@?$BitFlags@$0HF@@@QBEHXZ
divergent	?size@?$bitset@$0BB@@_STL@@QBEIXZ
divergent	?size@?$bitset@$0HF@@_STL@@QBEIXZ
divergent	?size@?$deque@PAVSightingInfo@@V?$allocator@PAVSightingInfo@@@_STL@@@_STL@@QBEIXZ
divergent	?size@?$deque@PAXV?$allocator@PAX@_STL@@@_STL@@QBEIXZ
divergent	?size@?$deque@UBfmeE8@@V?$allocator@UBfmeE8@@@_STL@@@_STL@@QBEIXZ
divergent	?size@?$list@PAVObject@@V?$allocator@PAVObject@@@_STL@@@_STL@@QBEIXZ
divergent	?size@?$list@VAsciiString@@V?$allocator@VAsciiString@@@_STL@@@_STL@@QBEIXZ
divergent	?size@?$list@W4ObjectID@@V?$allocator@W4ObjectID@@@_STL@@@_STL@@QBEIXZ
divergent	?size@?$vector@IV?$allocator@I@_STL@@@_STL@@QBEIXZ
divergent	?size@?$vector@UBfmePod36@@V?$allocator@UBfmePod36@@@_STL@@@_STL@@QBEIXZ
divergent	?size@?$vector@UBfmeRecord0040B61A@@V?$allocator@UBfmeRecord0040B61A@@@_STL@@@_STL@@QBEIXZ
divergent	?size@?$vector@UCoord3D@@V?$allocator@UCoord3D@@@_STL@@@_STL@@QBEIXZ
divergent	?size@?$vector@UFlightDeckInfo@FlightDeckBehavior@@V?$allocator@UFlightDeckInfo@FlightDeckBehavior@@@_STL@@@_STL@@QBEIXZ
divergent	?size@?$vector@UGeometryShape@@V?$allocator@UGeometryShape@@@_STL@@@_STL@@QBEIXZ
divergent	?size@?$vector@UNugget@ModuleInfo@@V?$allocator@UNugget@ModuleInfo@@@_STL@@@_STL@@QBEIXZ
divergent	?size@?$vector@UPrereqUnitRec@ProductionPrerequisite@@V?$allocator@UPrereqUnitRec@ProductionPrerequisite@@@_STL@@@_STL@@QBEIXZ
divergent	?size@?$vector@VArmorTemplateSet@@V?$allocator@VArmorTemplateSet@@@_STL@@@_STL@@QBEIXZ
divergent	?size@?$vector@VBfmeStringTailRecord156@@V?$allocator@VBfmeStringTailRecord156@@@_STL@@@_STL@@QBEIXZ
divergent	?size@?$vector@VMoney@@V?$allocator@VMoney@@@_STL@@@_STL@@QBEIXZ
divergent	?size@?$vector@VPlayerTemplate@@V?$allocator@VPlayerTemplate@@@_STL@@@_STL@@QBEIXZ
divergent	?size@?$vector@VProductionPrerequisite@@V?$allocator@VProductionPrerequisite@@@_STL@@@_STL@@QBEIXZ
divergent	?size@?$vector@VWeaponTemplateSet@@V?$allocator@VWeaponTemplateSet@@@_STL@@@_STL@@QBEIXZ
divergent	?sort@?$list@HV?$allocator@H@_STL@@@_STL@@QAEXXZ
divergent	?sort@?$list@V?$basic_string@DV?$char_traits@D@_STL@@V?$allocator@D@2@@_STL@@V?$allocator@V?$basic_string@DV?$char_traits@D@_STL@@V?$allocator@D@2@@_STL@@@2@@_STL@@QAEXXZ
divergent	?splice@?$list@HV?$allocator@H@_STL@@@_STL@@QAEXU?$_List_iterator@HU?$_Nonconst_traits@H@_STL@@@2@AAV12@00@Z
divergent	?splice@?$list@V?$basic_string@DV?$char_traits@D@_STL@@V?$allocator@D@2@@_STL@@V?$allocator@V?$basic_string@DV?$char_traits@D@_STL@@V?$allocator@D@2@@_STL@@@2@@_STL@@QAEXU?$_List_iterator@V?$basic_string@DV?$char_traits@D@_STL@@V?$allocator@D@2@@_STL@@U?$_Nonconst_traits@V?$basic_string@DV?$char_traits@D@_STL@@V?$allocator@D@2@@_STL@@@2@@2@AAV12@0@Z
divergent	?sputbackc@?$basic_streambuf@DV?$char_traits@D@_STL@@@_STL@@QAEHD@Z
divergent	?sqrt@@YAMM@Z
divergent	?str@?$basic_ostringstream@DV?$char_traits@D@_STL@@V?$allocator@D@2@@_STL@@QAEXABV?$basic_string@DV?$char_traits@D@_STL@@V?$allocator@D@2@@2@@Z
divergent	?str@?$basic_ostringstream@DV?$char_traits@D@_STL@@V?$allocator@D@2@@_STL@@QBE?AV?$basic_string@DV?$char_traits@D@_STL@@V?$allocator@D@2@@2@XZ
divergent	?str@?$basic_stringbuf@DV?$char_traits@D@_STL@@V?$allocator@D@2@@_STL@@QAEXABV?$basic_string@DV?$char_traits@D@_STL@@V?$allocator@D@2@@2@@Z
divergent	?str@?$basic_stringbuf@DV?$char_traits@D@_STL@@V?$allocator@D@2@@_STL@@QBE?AV?$basic_string@DV?$char_traits@D@_STL@@V?$allocator@D@2@@2@XZ
divergent	?str@AsciiString@@QBEPBDXZ
divergent	?str@UnicodeString@@QBEPBGXZ
divergent	?sub@Coord3D@@QAEXPBU1@@Z
divergent	?substr@?$basic_string@DV?$char_traits@D@_STL@@V?$allocator@D@2@@_STL@@QBE?AV12@II@Z
divergent	?swap@?$_Rb_tree@HU?$pair@$$CBHH@_STL@@U?$_Select1st@U?$pair@$$CBHH@_STL@@@2@U?$less@H@2@V?$allocator@U?$pair@$$CBHH@_STL@@@2@@_STL@@QAEXAAV12@@Z
divergent	?swap@?$deque@PAXV?$allocator@PAX@_STL@@@_STL@@QAEXAAV12@@Z
divergent	?swap@?$deque@UBfmeE8@@V?$allocator@UBfmeE8@@@_STL@@@_STL@@QAEXAAV12@@Z
divergent	?swap@?$hash_map@W4NameKeyType@@VDamageFX@@U?$hash@W4NameKeyType@@@rts@@U?$equal_to@W4NameKeyType@@@4@V?$allocator@U?$pair@$$CBW4NameKeyType@@VDamageFX@@@_STL@@@_STL@@@_STL@@QAEXAAV12@@Z
divergent	?swap@?$hashtable@U?$pair@$$CBW4NameKeyType@@VDamageFX@@@_STL@@W4NameKeyType@@U?$hash@W4NameKeyType@@@rts@@U?$_Select1st@U?$pair@$$CBW4NameKeyType@@VDamageFX@@@_STL@@@2@U?$equal_to@W4NameKeyType@@@5@V?$allocator@U?$pair@$$CBW4NameKeyType@@VDamageFX@@@_STL@@@2@@_STL@@QAEXAAV12@@Z
divergent	?swap@?$list@HV?$allocator@H@_STL@@@_STL@@QAEXAAV12@@Z
divergent	?swap@?$list@V?$basic_string@DV?$char_traits@D@_STL@@V?$allocator@D@2@@_STL@@V?$allocator@V?$basic_string@DV?$char_traits@D@_STL@@V?$allocator@D@2@@_STL@@@2@@_STL@@QAEXAAV12@@Z
divergent	?swap@?$map@HHU?$less@H@_STL@@V?$allocator@U?$pair@$$CBHH@_STL@@@2@@_STL@@QAEXAAV12@@Z
divergent	?swap@?$vector@HV?$allocator@H@_STL@@@_STL@@QAEXAAV12@@Z
divergent	?swap@?$vector@UBfmePod36@@V?$allocator@UBfmePod36@@@_STL@@@_STL@@QAEXAAV12@@Z
divergent	?swap@?$vector@_NV?$allocator@_N@_STL@@@_STL@@QAEXAAV12@@Z
divergent	?tan@@YAMM@Z
divergent	?tellp@?$basic_ostream@DV?$char_traits@D@_STL@@@_STL@@QAE?AV?$fpos@H@2@XZ
divergent	?test@?$BitFlags@$0BB@@@QBE_NH@Z
divergent	?test@?$BitFlags@$0CG@@@QBE_NH@Z
divergent	?test@?$BitFlags@$0CN@@@QBE_NH@Z
divergent	?test@?$BitFlags@$0HE@@@QBE_NH@Z
divergent	?test@?$BitFlags@$0HF@@@QBE_NH@Z
divergent	?test@?$BitFlags@$0N@@@QBE_NH@Z
divergent	?test@?$bitset@$0BB@@_STL@@QBE_NI@Z
divergent	?test@?$bitset@$0CG@@_STL@@QBE_NI@Z
divergent	?test@?$bitset@$0CN@@_STL@@QBE_NI@Z
divergent	?test@?$bitset@$0HE@@_STL@@QBE_NI@Z
divergent	?test@?$bitset@$0HF@@_STL@@QBE_NI@Z
divergent	?test@?$bitset@$0N@@_STL@@QBE_NI@Z
divergent	?testBfme438Bit0@Object@@QBE_NXZ
divergent	?testBfmeFlag94@Object@@QBE_NXZ
divergent	?testForAll@?$BitFlags@$0CN@@@QBE_NABV1@@Z
divergent	?testSetAndClear@?$BitFlags@$0HE@@@QBE_NABV1@0@Z
divergent	?uflow@?$basic_stringbuf@DV?$char_traits@D@_STL@@V?$allocator@D@2@@_STL@@MAEHXZ
divergent	?underflow@?$basic_filebuf@GV?$char_traits@G@_STL@@@_STL@@MAEGXZ
divergent	?underflow@?$basic_stringbuf@DV?$char_traits@D@_STL@@V?$allocator@D@2@@_STL@@MAEHXZ
divergent	?uninitialized_copy@_STL@@YAPADPBD0PAD@Z
divergent	?uninitialized_copy@_STL@@YAPAGPBG0PAG@Z
divergent	?unique@?$list@HV?$allocator@H@_STL@@@_STL@@QAEXXZ
divergent	?unique@?$list@V?$basic_string@DV?$char_traits@D@_STL@@V?$allocator@D@2@@_STL@@V?$allocator@V?$basic_string@DV?$char_traits@D@_STL@@V?$allocator@D@2@@_STL@@@2@@_STL@@QAEXXZ
divergent	?unlock@StateMachine@@QAEXXZ
divergent	?upper_bound@?$_Rb_tree@HU?$pair@$$CBHH@_STL@@U?$_Select1st@U?$pair@$$CBHH@_STL@@@2@U?$less@H@2@V?$allocator@U?$pair@$$CBHH@_STL@@@2@@_STL@@QAE?AU?$_Rb_tree_iterator@U?$pair@$$CBHH@_STL@@U?$_Nonconst_traits@U?$pair@$$CBHH@_STL@@@2@@2@ABH@Z
divergent	?upper_bound@?$_Rb_tree@HU?$pair@$$CBHH@_STL@@U?$_Select1st@U?$pair@$$CBHH@_STL@@@2@U?$less@H@2@V?$allocator@U?$pair@$$CBHH@_STL@@@2@@_STL@@QBE?AU?$_Rb_tree_iterator@U?$pair@$$CBHH@_STL@@U?$_Const_traits@U?$pair@$$CBHH@_STL@@@2@@2@ABH@Z
divergent	?upper_bound@?$_Rb_tree@VAsciiString@@U?$pair@$$CBVAsciiString@@VMapMetaData@@@_STL@@U?$_Select1st@U?$pair@$$CBVAsciiString@@VMapMetaData@@@_STL@@@3@U?$less@VAsciiString@@@3@V?$allocator@U?$pair@$$CBVAsciiString@@VMapMetaData@@@_STL@@@3@@_STL@@QAE?AU?$_Rb_tree_iterator@U?$pair@$$CBVAsciiString@@VMapMetaData@@@_STL@@U?$_Nonconst_traits@U?$pair@$$CBVAsciiString@@VMapMetaData@@@_STL@@@2@@2@ABVAsciiString@@@Z
divergent	?upper_bound@?$map@HHU?$less@H@_STL@@V?$allocator@U?$pair@$$CBHH@_STL@@@2@@_STL@@QAE?AU?$_Rb_tree_iterator@U?$pair@$$CBHH@_STL@@U?$_Nonconst_traits@U?$pair@$$CBHH@_STL@@@2@@2@ABH@Z
divergent	?upper_bound@?$map@HHU?$less@H@_STL@@V?$allocator@U?$pair@$$CBHH@_STL@@@2@@_STL@@QBE?AU?$_Rb_tree_iterator@U?$pair@$$CBHH@_STL@@U?$_Const_traits@U?$pair@$$CBHH@_STL@@@2@@2@ABH@Z
divergent	?widen@?$basic_ios@DV?$char_traits@D@_STL@@@_STL@@QBEDD@Z
divergent	?winGetDisabledBorderColor@GameWindow@@QAEHH@Z
divergent	?winGetDisabledColor@GameWindow@@QAEHH@Z
divergent	?winGetEnabledBorderColor@GameWindow@@QAEHH@Z
divergent	?winGetEnabledColor@GameWindow@@QAEHH@Z
divergent	?winGetHiliteBorderColor@GameWindow@@QAEHH@Z
divergent	?winGetHiliteColor@GameWindow@@QAEHH@Z
divergent	?write@?$basic_ostream@DV?$char_traits@D@_STL@@@_STL@@QAEAAV12@PBDH@Z
divergent	?xsputn@?$basic_stringbuf@DV?$char_traits@D@_STL@@V?$allocator@D@2@@_STL@@MAEHPBDH@Z
divergent	_acosf
divergent	_ceilf
divergent	_cosf
divergent	_fabsf
divergent	_floorf
divergent	_fmodf
divergent	_sinf
divergent	_sqrtf
divergent	_tanf
duplicate	??$_Construct@UCoord3D@@U1@@_STL@@YAXPAUCoord3D@@ABU1@@Z
duplicate	??$_Construct@UGeometryShape@@U1@@_STL@@YAXPAUGeometryShape@@ABU1@@Z
duplicate	??$_Construct@VAssetReference@@V1@@_STL@@YAXPAVAssetReference@@ABV1@@Z
duplicate	??$_Construct@VRva0014F480@@V1@@_STL@@YAXPAVRva0014F480@@ABV1@@Z
duplicate	??$_Construct@VRva0014F4A1@@V1@@_STL@@YAXPAVRva0014F4A1@@ABV1@@Z
duplicate	??$_Construct@VRva0014F4C2@@V1@@_STL@@YAXPAVRva0014F4C2@@ABV1@@Z
duplicate	??$_Construct@VRva005DBCD1@@V1@@_STL@@YAXPAVRva005DBCD1@@ABV1@@Z
duplicate	??$_M_allocate_and_copy@PAUAngleFXInfo@@@?$vector@UAngleFXInfo@@V?$allocator@UAngleFXInfo@@@_STL@@@_STL@@IAEPAUAngleFXInfo@@IPAU2@0@Z
duplicate	??$__copy_ptrs@PAUPrereqUnitRec@ProductionPrerequisite@@PAU12@@_STL@@YAPAUPrereqUnitRec@ProductionPrerequisite@@PAU12@00ABU__false_type@0@@Z
duplicate	??$__copy_ptrs@PAUTreeHintRef00217D4C@@PAU1@@_STL@@YAPAUTreeHintRef00217D4C@@PAU1@00ABU__false_type@0@@Z
duplicate	??$__copy_ptrs@PAVAsciiString@@PAV1@@_STL@@YAPAVAsciiString@@PAV1@00ABU__false_type@0@@Z
duplicate	??$__uninitialized_fill_n@PAV?$vector@URva002BC339Value@@V?$allocator@URva002BC339Value@@@_STL@@@_STL@@IV12@@_STL@@YAPAV?$vector@URva002BC339Value@@V?$allocator@URva002BC339Value@@@_STL@@@0@PAV10@IABV10@ABU__false_type@0@@Z
duplicate	??0?$DefaultParticleModule@$04@FXParticleSystem@@QAE@PAX0@Z
duplicate	??0AABoxRenderObjClass@@QAE@ABUW3dBoxStruct@@@Z
duplicate	??0AABoxRenderObjClass@@QAE@ABVAABoxClass@@@Z
duplicate	??0AABoxRenderObjClass@@QAE@XZ
duplicate	??0AIUpdateModuleData@@QAE@XZ
duplicate	??0AdaptiveDeltaMotionChannelClass@@QAE@XZ
duplicate	??0ArmorStore@@QAE@XZ
duplicate	??0AssaultTransportAIUpdateModuleData@@QAE@XZ
duplicate	??0BfmeFixedStorage002CF0F0@@QAE@ABV0@@Z
duplicate	??0BfmeItemERF@@QAE@XZ
duplicate	??0Bitmap@Gdiplus@@QAE@HHHHPAE@Z
duplicate	??0Bitmap@Gdiplus@@QAE@PBGH@Z
duplicate	??0BoredUpdateModuleData@@QAE@XZ
duplicate	??0BoxRenderObjClass@@QAE@ABUW3dBoxStruct@@@Z
duplicate	??0BridgeBehavior@@QAE@PAVThing@@PBVModuleData@@@Z
duplicate	??0BridgeBehaviorModuleData@@QAE@XZ
duplicate	??0BridgeTowerBehavior@@QAE@PAVThing@@PBVModuleData@@@Z
duplicate	??0ConnectionManager@@QAE@XZ
duplicate	??0DX8MeshRendererClass@@QAE@XZ
duplicate	??0DX8TextureCategoryClass@@QAE@PAVDX8FVFCategoryContainer@@PAPAVTextureClass@@VShaderClass@@PAVVertexMaterialClass@@H@Z
duplicate	??0DebugIOOds@@QAE@XZ
duplicate	??0DefaultDrawModuleInfo@FXParticleSystem@@QAE@XZ
duplicate	??0DefectorSpecialPowerModuleData@@QAE@XZ
duplicate	??0DynamicPortalBehaviourModuleData@@QAE@XZ
duplicate	??0EAStringC@@QAE@XZ
duplicate	??0EvacuateDamageModuleData@@QAE@XZ
duplicate	??0FXListDieModuleData@@QAE@XZ
duplicate	??0FileInfoStruct@MixFileCreator@@QAE@ABU01@@Z
duplicate	??0FiringTracker@@QAE@PAVThing@@PBVModuleData@@@Z
duplicate	??0FontCharsClass@@QAE@XZ
duplicate	??0GameInfo@@QAE@XZ
duplicate	??0Gen_004902A0@@QAE@XZ
duplicate	??0HAnimComboDataClass@@QAE@ABV0@@Z
duplicate	??0Image@Gdiplus@@IAE@PAVGpImage@1@W4Status@1@@Z
duplicate	??0MaterialCollectorClass@@QAE@XZ
duplicate	??0MaterialInfoClass@@QAE@ABV0@@Z
duplicate	??0MaterialInfoClass@@QAE@XZ
duplicate	??0MaterialRemapperClass@@QAE@PAVMaterialInfoClass@@0@Z
duplicate	??0MeshLoadContextClass@@AAE@XZ
duplicate	??0Null3DObjClass@@QAE@ABV0@@Z
duplicate	??0OBBoxRenderObjClass@@QAE@ABVOBBoxClass@@@Z
duplicate	??0ParticleEmitterClass@@QAE@ABV0@@Z
duplicate	??0PartitionFilterPossibleToAttack@@QAE@W4AbleToAttackType@@PBVObject@@W4CommandSourceType@@@Z
duplicate	??0PlaneClass@@QAE@ABVVector3@@M@Z
duplicate	??0QueueProductionExitUpdateModuleData@@QAE@XZ
duplicate	??0Render2DClass@@QAE@XZ
duplicate	??0Rva0006AB90FunctionCurve@@QAE@PAVRva0006AB10Curve@@@Z
duplicate	??0Rva0007DF07@@QAE@XZ
duplicate	??0Rva001FA5A5@@QAE@XZ
duplicate	??0Rva001FB8A9@@QAE@XZ
duplicate	??0Rva001FBA45@@QAE@XZ
duplicate	??0Rva001FBBE4@@QAE@XZ
duplicate	??0Rva0030D346@@QAE@XZ
duplicate	??0Rva00355F3E@@QAE@XZ
duplicate	??0Rva00403927@@QAE@ABV0@@Z
duplicate	??0Rva0040CB11Entry@@QAE@HABVRva004F6093Holder@@@Z
duplicate	??0Rva00568A20@@QAE@ABV0@@Z
duplicate	??0Rva005AD6C3@@QAE@PBURva005DCC4BSource@@@Z
duplicate	??0Rva006D6360@@QAE@HH@Z
duplicate	??0Rva006D6470Owner@@QAE@HH@Z
duplicate	??0ScriptAction@@IAE@XZ
duplicate	??0ShareExperienceBehaviorModuleData@@QAE@XZ
duplicate	??0SpecialAbilityUpdateModuleData@@QAE@XZ
duplicate	??0StructureToppleUpdate@@QAE@PAVThing@@PBVModuleData@@@Z
duplicate	??0TerrainResourceBehaviorModuleData@@QAE@XZ
duplicate	??0TexBufferClass@@QAE@HPBD@Z
duplicate	??0ToggleMountedSpecialAbilityUpdateModuleData@@QAE@XZ
duplicate	??0Upgrade@@QAE@PBVUpgradeTemplate@@@Z
duplicate	??0UpgradeModuleData@@QAE@XZ
duplicate	??0W3DRenderObjectSnapshot@@AAE@PAVRenderObjClass@@PAUDrawableInfo@@_N@Z
duplicate	??0WriteLockClass@DynamicIBAccessClass@@QAE@PAV1@@Z
duplicate	??0Xfer@@QAE@XZ
duplicate	??0_bstr_t@@QAE@PBD@Z
duplicate	??1?$SimpleDynVecClass@E@@UAE@XZ
duplicate	??1?$_Rb_tree@HU?$pair@$$CBHVAsciiString@@@_STL@@U?$_Select1st@U?$pair@$$CBHVAsciiString@@@_STL@@@2@U?$less@H@2@V?$allocator@U?$pair@$$CBHVAsciiString@@@_STL@@@2@@_STL@@QAE@XZ
duplicate	??1AISpecialPowerUpdateModuleData@@UAE@XZ
duplicate	??1AIUpdateModuleData@@UAE@XZ
duplicate	??1AODCrushCollideModuleData@@UAE@XZ
duplicate	??1AODDtorElem16@@QAE@XZ
duplicate	??1AODDtorElem24@@QAE@XZ
duplicate	??1AODHordeContain@@UAE@XZ
duplicate	??1ActiveBodyModuleData@@UAE@XZ
duplicate	??1AnimationSoundClientBehaviorModuleData@@UAE@XZ
duplicate	??1ArmorStore@@UAE@XZ
duplicate	??1ArrowStormUpdateModuleData@@UAE@XZ
duplicate	??1AttachUpdateModuleData@@UAE@XZ
duplicate	??1AttributeModifierAuraUpdate@@UAE@XZ
duplicate	??1AttributeModifierAuraUpdateModuleData@@UAE@XZ
duplicate	??1AutoAbilityBehaviorModuleData@@UAE@XZ
duplicate	??1AutoDepositUpdateModuleData@@UAE@XZ
duplicate	??1AutoPickUpUpdateModuleData@@UAE@XZ
duplicate	??1BaseUpgradeModuleData@@UAE@XZ
duplicate	??1BfmeAssignRecord52@@QAE@XZ
duplicate	??1BfmeStringTailRecord180@@QAE@XZ
duplicate	??1BloodthirstyUpdateModuleData@@UAE@XZ
duplicate	??1BoneFXUpdateModuleData@@UAE@XZ
duplicate	??1BridgeBehaviorModuleData@@UAE@XZ
duplicate	??1BuffNuggetFXNugget@@UAE@XZ
duplicate	??1BuildingBehaviorModuleData@@UAE@XZ
duplicate	??1CashHackSpecialPowerModuleData@@UAE@XZ
duplicate	??1CastleBehavior@@UAE@XZ
duplicate	??1CitadelSlaughterHordeContain@@UAE@XZ
duplicate	??1CitadelSlaughterHordeContainModuleData@@UAE@XZ
duplicate	??1CivilianSpawnCollideModuleData@@UAE@XZ
duplicate	??1CivilianSpawnUpdateModuleData@@UAE@XZ
duplicate	??1ClearanceTestingSlowDeathBehaviorModuleData@@UAE@XZ
duplicate	??1CloudBreakSpecialPowerModuleData@@UAE@XZ
duplicate	??1CommandPointsUpgradeModuleData@@UAE@XZ
duplicate	??1CostModifierUpgradeModuleData@@UAE@XZ
duplicate	??1CreateCrateDieModuleData@@UAE@XZ
duplicate	??1CreateObjectDieIfEldestKindofModuleData@@UAE@XZ
duplicate	??1CreateObjectDieModuleData@@UAE@XZ
duplicate	??1CritterEmitterUpdateModuleData@@UAE@XZ
duplicate	??1CrushDieModuleData@@UAE@XZ
duplicate	??1DX8IndexBufferClass@@UAE@XZ
duplicate	??1DX8TextureCategoryClass@@UAE@XZ
duplicate	??1DamageFieldUpdate@@UAE@XZ
duplicate	??1DamageFieldUpdateModuleData@@UAE@XZ
duplicate	??1DataChunkInfo@@QAE@XZ
duplicate	??1DefectorSpecialPowerModuleData@@UAE@XZ
duplicate	??1DeployStyleAIUpdateModuleData@@UAE@XZ
duplicate	??1DestroyDieModuleData@@UAE@XZ
duplicate	??1DetachableRiderUpdateModuleData@@UAE@XZ
duplicate	??1DevastateSpecialPowerModuleData@@UAE@XZ
duplicate	??1DieModule@@MAE@XZ
duplicate	??1DominateEnemySpecialPowerModuleData@@UAE@XZ
duplicate	??1DownloadManager@@UAE@XZ
duplicate	??1DynamicShroudClearingRangeUpdateModuleData@@UAE@XZ
duplicate	??1ElvenWoodSpecialPowerModuleData@@UAE@XZ
duplicate	??1EmotionTrackerUpdate@@UAE@XZ
duplicate	??1EmotionTrackerUpdateModuleData@@UAE@XZ
duplicate	??1EntEnragedUpdateModuleData@@UAE@XZ
duplicate	??1FXListAtBonePosFXNugget@@UAE@XZ
duplicate	??1FontCharsClass@@UAE@XZ
duplicate	??1GarrisonContainModuleData@@UAE@XZ
duplicate	??1Gen_004902A0@@UAE@XZ
duplicate	??1Gen_dtor_009f2600@@UAE@XZ
duplicate	??1GenericMultiListClass@@UAE@XZ
duplicate	??1GeometryUpgrade@@UAE@XZ
duplicate	??1GeometryUpgradeModuleData@@UAE@XZ
duplicate	??1GiveOrRestoreUpgradeSpecialPowerModuleData@@UAE@XZ
duplicate	??1GiveUpgradeUpdateModuleData@@UAE@XZ
duplicate	??1GloriousChargeUpdate@@UAE@XZ
duplicate	??1GpuDrawModuleInfo@FXParticleSystem@@UAE@XZ
duplicate	??1GpuDrawModuleTemplate@FXParticleSystem@@UAE@XZ
duplicate	??1GrantUpgradeCreateModuleData@@UAE@XZ
duplicate	??1GridCullSystemClass@@UAE@XZ
duplicate	??1HAnimComboClass@@QAE@XZ
duplicate	??1HAnimComboDataClass@@QAE@XZ
duplicate	??1HeroModeSpecialAbilityUpdateModuleData@@UAE@XZ
duplicate	??1HordeContain@@UAE@XZ
duplicate	??1HordeGarrisonContain@@UAE@XZ
duplicate	??1HordeSiegeEngineContainModuleData@@UAE@XZ
duplicate	??1HordeTransportContain@@UAE@XZ
duplicate	??1HordeTransportContainModuleData@@UAE@XZ
duplicate	??1InheritUpgradeCreateModuleData@@UAE@XZ
duplicate	??1InstantDeathBehaviorModuleData@@UAE@XZ
duplicate	??1InvisibilitySpecialPowerModuleData@@UAE@XZ
duplicate	??1LargeGroupBonusUpdateModuleData@@UAE@XZ
duplicate	??1LaserUpdateModuleData@@UAE@XZ
duplicate	??1LevelGrantSpecialPowerModuleData@@UAE@XZ
duplicate	??1LifeEventModuleInfo@FXParticleSystem@@UAE@XZ
duplicate	??1LineGroupClass@@UAE@XZ
duplicate	??1LivingWorldRegionConnection@@UAE@XZ
duplicate	??1Made002CC774@@UAE@XZ
duplicate	??1Made002CCC2D@@UAE@XZ
duplicate	??1Made002CCC90@@UAE@XZ
duplicate	??1MaterialCollectorClass@@QAE@XZ
duplicate	??1MaterialInfoClass@@UAE@XZ
duplicate	??1MeshLoadContextClass@@AAE@XZ
duplicate	??1MissileUpdateModuleData@@UAE@XZ
duplicate	??1ModelArrayClass@HLodClass@@UAE@XZ
duplicate	??1ModelConditionSoundSelectorClientBehaviorModuleData@@UAE@XZ
duplicate	??1MonitorConditionUpdate@@UAE@XZ
duplicate	??1MonitorConditionUpdateModuleData@@UAE@XZ
duplicate	??1MonsterDockUpdateModuleData@@UAE@XZ
duplicate	??1NamedPivotMapClass@@UAE@XZ
duplicate	??1OCLSpecialPowerModuleData@@UAE@XZ
duplicate	??1ObjectCreationUpgradeModuleData@@UAE@XZ
duplicate	??1ObjectTypes@@UAE@XZ
duplicate	??1OilSpillUpdateModuleData@@UAE@XZ
duplicate	??1OpenContainModuleData@@UAE@XZ
duplicate	??1PartTheHeavensUpdateModuleData@@UAE@XZ
duplicate	??1ParticleEmitterClass@@UAE@XZ
duplicate	??1ParticleSystemFXNugget@@UAE@XZ
duplicate	??1ParticleSystemInfo@FXParticleSystem@@UAE@XZ
duplicate	??1PassiveAreaEffectBehaviorModuleData@@UAE@XZ
duplicate	??1PickupStuffUpdateModuleData@@UAE@XZ
duplicate	??1PillageModuleData@@UAE@XZ
duplicate	??1PlayerRelationMap@@MAE@XZ
duplicate	??1PlayerUpgradeSpecialPowerModuleData@@UAE@XZ
duplicate	??1ProductionSpeedBonusModuleData@@UAE@XZ
duplicate	??1ProductionUpdate@@UAE@XZ
duplicate	??1PropagandaTowerBehaviorModuleData@@UAE@XZ
duplicate	??1QueueProductionExitUpdate@@MAE@XZ
duplicate	??1RadiateFearUpdateModuleData@@UAE@XZ
duplicate	??1RandomSoundSelectorClientBehaviorModuleData@@UAE@XZ
duplicate	??1RankInfo@@UAE@XZ
duplicate	??1RebuildHoleBehaviorModuleData@@UAE@XZ
duplicate	??1RebuildHoleExposeDieModuleData@@UAE@XZ
duplicate	??1RefundDieModuleData@@UAE@XZ
duplicate	??1RemoveUpgradeUpgradeModuleData@@UAE@XZ
duplicate	??1RenderObjectDrawModuleInfo@FXParticleSystem@@UAE@XZ
duplicate	??1RenderObjectDrawModuleTemplate@FXParticleSystem@@UAE@XZ
duplicate	??1ReplaceSelfUpgrade@@MAE@XZ
duplicate	??1ReplaceSelfUpgradeModuleData@@UAE@XZ
duplicate	??1RespawnBodyModuleData@@UAE@XZ
duplicate	??1RespawnUpdateModuleData@@UAE@XZ
duplicate	??1RiderChangeContainModuleData@@UAE@XZ
duplicate	??1RousingSpeechUpdate@@UAE@XZ
duplicate	??1RousingSpeechUpdateModuleData@@UAE@XZ
duplicate	??1RubbleRiseUpdateModuleData@@UAE@XZ
duplicate	??1RunOffMapBehaviorModuleData@@UAE@XZ
duplicate	??1Rva000E6387@@UAE@XZ
duplicate	??1Rva000E9BAC@@UAE@XZ
duplicate	??1Rva00102188@@UAE@XZ
duplicate	??1Rva00104DB0@@UAE@XZ
duplicate	??1Rva001095B2@@UAE@XZ
duplicate	??1Rva0010F7EE@@UAE@XZ
duplicate	??1Rva0010F83E@@UAE@XZ
duplicate	??1Rva00145610@@UAE@XZ
duplicate	??1Rva0014F699@@UAE@XZ
duplicate	??1Rva00150558@@UAE@XZ
duplicate	??1Rva0015058E@@UAE@XZ
duplicate	??1Rva0015D0E0@@UAE@XZ
duplicate	??1Rva00180EA0@@UAE@XZ
duplicate	??1Rva001E125D@@UAE@XZ
duplicate	??1Rva001E3E43@@UAE@XZ
duplicate	??1Rva001EBFE5@@UAE@XZ
duplicate	??1Rva00205224@@UAE@XZ
duplicate	??1Rva002105A6@@UAE@XZ
duplicate	??1Rva00220240FlatDtor@@UAE@XZ
duplicate	??1Rva0022CDDA@@UAE@XZ
duplicate	??1Rva0023863E@@QAE@XZ
duplicate	??1Rva002544B5@@UAE@XZ
duplicate	??1Rva002560E3@@UAE@XZ
duplicate	??1Rva0025A390FlatDtor@@UAE@XZ
duplicate	??1Rva0026AF86@@UAE@XZ
duplicate	??1Rva0026E7EA@@UAE@XZ
duplicate	??1Rva00289ABD@@UAE@XZ
duplicate	??1Rva002AE627@@UAE@XZ
duplicate	??1Rva002E0F1E@@UAE@XZ
duplicate	??1Rva002E1F42@@UAE@XZ
duplicate	??1Rva0030A120@@UAE@XZ
duplicate	??1Rva0033FC0A@@UAE@XZ
duplicate	??1Rva00355D66@@UAE@XZ
duplicate	??1Rva00355DC5@@UAE@XZ
duplicate	??1Rva00355F3E@@UAE@XZ
duplicate	??1Rva003563A7@@UAE@XZ
duplicate	??1Rva00382398@@UAE@XZ
duplicate	??1Rva0039A1CA@@UAE@XZ
duplicate	??1Rva003A97E0@@UAE@XZ
duplicate	??1Rva003AB9FF@@UAE@XZ
duplicate	??1Rva003ABA36@@UAE@XZ
duplicate	??1Rva003ABC58@@UAE@XZ
duplicate	??1Rva003AE13C@@UAE@XZ
duplicate	??1Rva003AE358@@UAE@XZ
duplicate	??1Rva003AEEB3@@UAE@XZ
duplicate	??1Rva003AF50D@@UAE@XZ
duplicate	??1Rva00414932@@UAE@XZ
duplicate	??1Rva00414B40@@UAE@XZ
duplicate	??1Rva00419C7F@@UAE@XZ
duplicate	??1Rva00420E67@@UAE@XZ
duplicate	??1Rva00426EB0@@UAE@XZ
duplicate	??1Rva0043DABD@@UAE@XZ
duplicate	??1Rva0043DAE0@@UAE@XZ
duplicate	??1Rva0044EF5E@@UAE@XZ
duplicate	??1Rva00497DD6@@UAE@XZ
duplicate	??1Rva004C9B8F@@QAE@XZ
duplicate	??1Rva004D6208@@MAE@XZ
duplicate	??1Rva004D62A9@@UAE@XZ
duplicate	??1Rva004E61C8@@UAE@XZ
duplicate	??1Rva004FAC21@@UAE@XZ
duplicate	??1Rva00508CF7@@UAE@XZ
duplicate	??1Rva00508E87@@UAE@XZ
duplicate	??1Rva00509D4C@@UAE@XZ
duplicate	??1Rva00517397@@UAE@XZ
duplicate	??1Rva0054F434@@UAE@XZ
duplicate	??1Rva00567960@@UAE@XZ
duplicate	??1Rva0056DC6B@@UAE@XZ
duplicate	??1Rva00573B23@@UAE@XZ
duplicate	??1Rva00575125@@UAE@XZ
duplicate	??1Rva00585B16@@QAE@XZ
duplicate	??1Rva00586D8E@@UAE@XZ
duplicate	??1Rva00587F69@@UAE@XZ
duplicate	??1Rva005A990B@@UAE@XZ
duplicate	??1Rva005A9ACD@@UAE@XZ
duplicate	??1Rva005A9CB3@@UAE@XZ
duplicate	??1Rva005AA55D@@UAE@XZ
duplicate	??1Rva005AA735@@UAE@XZ
duplicate	??1Rva005AA860@@UAE@XZ
duplicate	??1Rva005AAB91@@UAE@XZ
duplicate	??1Rva005AB125@@UAE@XZ
duplicate	??1Rva005AB309@@UAE@XZ
duplicate	??1Rva005AB7E5@@UAE@XZ
duplicate	??1Rva005AC7E1@@UAE@XZ
duplicate	??1Rva005ACCE4@@UAE@XZ
duplicate	??1Rva005C4758@@UAE@XZ
duplicate	??1Rva005DC73C@@UAE@XZ
duplicate	??1Rva005DC87B@@UAE@XZ
duplicate	??1Rva005DCB27@@UAE@XZ
duplicate	??1Rva005DCBE3@@UAE@XZ
duplicate	??1Rva005DCC24@@UAE@XZ
duplicate	??1Rva005E8AAF@@UAE@XZ
duplicate	??1Rva005E9FC1@@UAE@XZ
duplicate	??1Rva005ECFE4@@MAE@XZ
duplicate	??1Rva005ED152@@MAE@XZ
duplicate	??1Rva00613B90@@UAE@XZ
duplicate	??1Rva00666BA0@@UAE@XZ
duplicate	??1Rva006CBF40@@UAE@XZ
duplicate	??1Rva006D6D20@@UAE@XZ
duplicate	??1Rva006D8510@@UAE@XZ
duplicate	??1Rva006D86F0@@UAE@XZ
duplicate	??1Rva006D88B0@@UAE@XZ
duplicate	??1Rva006DA560@@UAE@XZ
duplicate	??1Rva006F8460@@UAE@XZ
duplicate	??1Rva006F8D70@@UAE@XZ
duplicate	??1Rva006FB9B0@@UAE@XZ
duplicate	??1Rva006FBA10@@UAE@XZ
duplicate	??1Rva006FBDB0@@QAE@XZ
duplicate	??1Rva00739C70@@QAE@XZ
duplicate	??1Rva007401F6@@UAE@XZ
duplicate	??1Rva008A2C80@@UAE@XZ
duplicate	??1Rva008B77D@@UAE@XZ
duplicate	??1Rva009111B@@UAE@XZ
duplicate	??1SalvageCrateCollideModuleData@@UAE@XZ
duplicate	??1ShellMenuSchemeImage@@QAE@XZ
duplicate	??1SiegeEngineContainModuleData@@UAE@XZ
duplicate	??1SimpleSceneClass@@UAE@XZ
duplicate	??1SlaveWatcherBehaviorModuleData@@UAE@XZ
duplicate	??1SlavedUpdateModuleData@@UAE@XZ
duplicate	??1SortingIndexBufferClass@@UAE@XZ
duplicate	??1SoundFXNugget@@UAE@XZ
duplicate	??1SpawnBehaviorModuleData@@UAE@XZ
duplicate	??1SpecialDisguiseUpdateModuleData@@UAE@XZ
duplicate	??1SpecialEnemySenseUpdateModuleData@@UAE@XZ
duplicate	??1SpecialPowerModuleData@@UAE@XZ
duplicate	??1SpellRechargeModifierUpgradeModuleData@@UAE@XZ
duplicate	??1StatusBitsUpgradeIfEldestKindof@@UAE@XZ
duplicate	??1StatusBitsUpgradeIfEldestKindofModuleData@@UAE@XZ
duplicate	??1StealthUpdateModuleData@@UAE@XZ
duplicate	??1StreakLineClass@@UAE@XZ
duplicate	??1StructureBodyModuleData@@UAE@XZ
duplicate	??1StructureToppleUpdateModuleData@@UAE@XZ
duplicate	??1SubObjectArrayClass@HLodDefClass@@QAE@XZ
duplicate	??1SubObjectsUpgradeModuleData@@UAE@XZ
duplicate	??1SubsystemInterface@@UAE@XZ
duplicate	??1SymbioticStructuresBodyModuleData@@UAE@XZ
duplicate	??1TaintSpecialPowerModuleData@@UAE@XZ
duplicate	??1TeamFactory@@UAE@XZ
duplicate	??1TeleportSpecialAbilityUpdateModuleData@@UAE@XZ
duplicate	??1TerrainResourceBehaviorModuleData@@UAE@XZ
duplicate	??1ToggleDeploySpecialAbilityUpdateModuleData@@UAE@XZ
duplicate	??1ToppleUpdateModuleData@@UAE@XZ
duplicate	??1TransitionDamageFXModuleData@@UAE@XZ
duplicate	??1TransportContainModuleData@@UAE@XZ
duplicate	??1UVBufferClass@@UAE@XZ
duplicate	??1UpgradeSoundSelectorClientBehaviorModuleData@@UAE@XZ
duplicate	??1W3DBoatWakeModelDraw@@UAE@XZ
duplicate	??1W3DDebrisDraw@@MAE@XZ
duplicate	??1W3DGameClient@@UAE@XZ
duplicate	??1W3DModelDrawModuleData@@UAE@XZ
duplicate	??1W3DSmudgeManager@@UAE@XZ
duplicate	??1W3DTornadoDrawModuleData@@UAE@XZ
duplicate	??1W3DTruckDraw@@UAE@XZ
duplicate	??1WeaponChangeSpecialPowerModuleData@@UAE@XZ
duplicate	??1WeaponFireSpecialAbilityUpdateModuleData@@UAE@XZ
duplicate	??1WeaponModeSpecialPowerUpdateModuleData@@UAE@XZ
duplicate	??1WorkerAIUpdate@@MAE@XZ
duplicate	??1Xfer@@UAE@XZ
duplicate	??1domain_error@_STL@@UAE@XZ
duplicate	??1invalid_argument@_STL@@UAE@XZ
duplicate	??1length_error@_STL@@UAE@XZ
duplicate	??1locale@_STL@@QAE@XZ
duplicate	??1logic_error@_STL@@UAE@XZ
duplicate	??1out_of_range@_STL@@UAE@XZ
duplicate	??1overflow_error@_STL@@UAE@XZ
duplicate	??1range_error@_STL@@UAE@XZ
duplicate	??1runtime_error@_STL@@UAE@XZ
duplicate	??1underflow_error@_STL@@UAE@XZ
duplicate	??4?$vector@UBfmeFloat4Record00469C61@@V?$allocator@UBfmeFloat4Record00469C61@@@_STL@@@_STL@@QAEAAV01@ABV01@@Z
duplicate	??4BfmeAssignRecord44@@QAEAAU0@ABU0@@Z
duplicate	??4BfmeAssignRecord52@@QAEAAU0@ABU0@@Z
duplicate	??4Payload@DeliverPayloadNugget@@QAEAAU01@ABU01@@Z
duplicate	??4WeightInfoStruct@NamedPivotMapClass@@QAEAAU01@ABU01@@Z
duplicate	??8?$VectorClass@VVector2@@@@UBE_NABV0@@Z
duplicate	??8LadderPref@@QAE_NABV0@@Z
duplicate	?Add_Mesh@DX8SkinFVFCategoryContainer@@UAEXPAVMeshModelClass@@@Z
duplicate	?Add_Render_Object@SceneClass@@UAEXPAVRenderObjClass@@@Z
duplicate	?Add_Render_Object@SimpleSceneClass@@UAEXPAVRenderObjClass@@@Z
duplicate	?Add_Visible_Skin@DX8SkinFVFCategoryContainer@@QAEXPAVMeshClass@@@Z
duplicate	?Append_Anim_Combo_Data@HAnimComboClass@@QAEXPAVHAnimComboDataClass@@@Z
duplicate	?Build_Active_Pivot_Map@HAnimComboDataClass@@QAEXXZ
duplicate	?Build_Definition@ParticleEmitterClass@@QBEPAVParticleEmitterDefClass@@XZ
duplicate	?Check_If_Mesh_Fits@DX8SkinFVFCategoryContainer@@UAE_NPAVMeshModelClass@@@Z
duplicate	?Class_ID@CameraClass@@UBEHXZ
duplicate	?Clear@HAnimComboClass@@QAEXXZ
duplicate	?Clear@HAnimComboDataClass@@QAEXXZ
duplicate	?Clone@Image@Gdiplus@@UAEPAV12@XZ
duplicate	?Compute_Point_Visibility@SimpleSceneClass@@UAEMAAVRenderInfoClass@@ABVVector3@@@Z
duplicate	?Convert_Shader@W3dUtilityClass@@SAXABVShaderClass@@PAUW3dShaderStruct@@@Z
duplicate	?Copy@HAnimComboDataClass@@QAEXPBV1@@Z
duplicate	?Create_From_Definition@ParticleEmitterClass@@SAPAV1@ABVParticleEmitterDefClass@@@Z
duplicate	?DoEmFloatIteration@@YAKPAUInternalFPF@@00KK@Z
duplicate	?Do_Onetime_Device_Dependent_Inits@DX8Wrapper@@SAXXZ
duplicate	?Flush@DX8MeshRendererClass@@QAEXXZ
duplicate	?Flush_Sorting_Pool@SortingRendererClass@@CAXXZ
duplicate	?Free@BitChannelClass@@AAEXXZ
duplicate	?Free@HRawAnimClass@@AAEXXZ
duplicate	?Free@MaterialInfoClass@@AAEXXZ
duplicate	?GetHeight@Image@Gdiplus@@QAEIXZ
duplicate	?GetPalette@Image@Gdiplus@@QAE?AW4Status@2@PAUColorPalette@2@H@Z
duplicate	?GetPaletteSize@Image@Gdiplus@@QAEHXZ
duplicate	?GetPixelFormat@Image@Gdiplus@@QAEHXZ
duplicate	?GetWidth@Image@Gdiplus@@QAEIXZ
duplicate	?Get_Cost@RingRenderObjClass@@UBEMXZ
duplicate	?Get_DX8_Render_State_Value_Name@DX8Wrapper@@SAXAAVStringClass@@KI@Z
duplicate	?Get_DX8_Texture_Stage_State_Value_Name@DX8Wrapper@@SAXAAVStringClass@@KI@Z
duplicate	?Get_Deformed_Vertices@MeshClass@@QAEXPAVVector3@@0@Z
duplicate	?Get_Deformed_Vertices@MeshClass@@QAEXPAVVector3@@@Z
duplicate	?Get_Flag@PointGroupClass@@QAEHW4FlagsType@1@@Z
duplicate	?Get_Motion@HAnimComboClass@@QAEPAVHAnimClass@@H@Z
duplicate	?Get_Pivot_Weight_Map@HAnimComboClass@@QAEPAVPivotMapClass@@H@Z
duplicate	?Get_String@INIClass@@QBEHPBD00PADH@Z
duplicate	?Get_Texture@StreakRendererClass@@QBEPAVTextureClass@@XZ
duplicate	?Get_Texture_Index@MaterialInfoClass@@QAEHPBD@Z
duplicate	?Get_Transform@HCompressedAnimClass@@UBEXAAVMatrix3D@@HM@Z
duplicate	?Get_Weight@HAnimComboClass@@QAEMH@Z
duplicate	?Init@StreakRendererClass@@QAEXABUW3dEmitterLinePropertiesStruct@@@Z
duplicate	?Initialize_Particle@ParticleEmitterClass@@AAEXPAUNewParticleStruct@@IABVQuaternion@@ABVVector3@@@Z
duplicate	?Insert_To_Texture_Category@DX8FVFCategoryContainer@@IAEXAAVVertex_Split_Table@@PAPAVTextureClass@@PAVVertexMaterialClass@@VShaderClass@@HI@Z
duplicate	?Insert_Triangles@SortingRendererClass@@SAXABVSphereClass@@GGGG@Z
duplicate	?Insert_Triangles@SortingRendererClass@@SAXGGGG@Z
duplicate	?Insert_VolumeParticle@SortingRendererClass@@SAXABVSphereClass@@GGGGG@Z
duplicate	?Is_Done@SimpleSceneIterator@@UAE_NXZ
duplicate	?LockBits@Bitmap@Gdiplus@@QAE?AW4Status@2@PBVRect@2@IHPAVBitmapData@2@@Z
duplicate	?MapSelectMenuShutdown@@YAXPAVWindowLayout@@PAX@Z
duplicate	?Normalize_Weights@HAnimComboClass@@QAE_NXZ
duplicate	?On_Frame_Update@ParticleEmitterClass@@UAEXXZ
duplicate	?ParseAction@ScriptAction@@KAPAV1@AAVDataChunkInput@@PAUDataChunkInfo@@PAX@Z
duplicate	?ParseBlendTileDataChunk@WorldHeightMap@@KA_NAAVDataChunkInput@@PAUDataChunkInfo@@PAX@Z
duplicate	?ParseConditionDataChunk@Condition@@SA_NAAVDataChunkInput@@PAUDataChunkInfo@@PAX@Z
duplicate	?ParseOrConditionDataChunk@OrCondition@@SA_NAAVDataChunkInput@@PAUDataChunkInfo@@PAX@Z
duplicate	?Parse_W3dVertexMaterialStruct@VertexMaterialClass@@QAEXABUW3dVertexMaterialStruct@@@Z
duplicate	?Peek_Motion@HAnimComboClass@@QAEPAVHAnimClass@@H@Z
duplicate	?Peek_Pivot_Weight_Map@HAnimComboClass@@QAEPAVPivotMapClass@@H@Z
duplicate	?Post_Render_Processing@SimpleSceneClass@@MAEXAAVRenderInfoClass@@@Z
duplicate	?Random_Float@WWMath@@SAMMM@Z
duplicate	?ReAcquireResources@W3DSmudgeManager@@UAEXXZ
duplicate	?Register@SimpleSceneClass@@UAEXPAVRenderObjClass@@W4RegType@SceneClass@@@Z
duplicate	?Remove_All_Render_Objects@SimpleSceneClass@@UAEXXZ
duplicate	?Remove_Anim_Combo_Data@HAnimComboClass@@QAEXPAVHAnimComboDataClass@@@Z
duplicate	?Remove_Polygon_Renderer@DX8TextureCategoryClass@@QAEXPAVDX8PolygonRendererClass@@@Z
duplicate	?Remove_Render_Object@SceneClass@@UAEXPAVRenderObjClass@@@Z
duplicate	?Remove_Render_Object@SimpleSceneClass@@UAEXPAVRenderObjClass@@@Z
duplicate	?Render@PointGroupClass@@QAEXAAVRenderInfoClass@@H@Z
duplicate	?Render@SceneClass@@MAEXAAVRenderInfoClass@@@Z
duplicate	?Render@StreakRendererClass@@QAEXAAVRenderInfoClass@@ABVMatrix3D@@IPAVVector3@@ABVSphereClass@@@Z
duplicate	?RenderStreak@StreakRendererClass@@QAEXAAVRenderInfoClass@@ABVMatrix3D@@IPAVVector3@@PAVVector4@@PAMABVSphereClass@@PAI@Z
duplicate	?Reset@HAnimComboClass@@QAEXXZ
duplicate	?Reset@MaterialCollectorClass@@QAEXXZ
duplicate	?Reset@Render2DSentenceClass@@UAEXXZ
duplicate	?Reset_Polys@Render2DSentenceClass@@QAEXXZ
duplicate	?Reset_Sentence_Data@Render2DSentenceClass@@AAEXXZ
duplicate	?RoundInternalFPF@@YAXPAUInternalFPF@@@Z
duplicate	?Rva00547245Xfer@@YAXPAVXfer@@PAU?$pair@W4ObjectID@@UCoord3D@@@_STL@@@Z
duplicate	?Rva0054755BXfer@@YAPAVXfer@@PAV1@PAV?$hash_map@W4ObjectID@@UCoord3D@@U?$hash@W4ObjectID@@@rts@@U?$equal_to@W4ObjectID@@@_STL@@V?$allocator@U?$pair@$$CBW4ObjectID@@UCoord3D@@@_STL@@@6@@_STL@@@Z
duplicate	?SetNativeImage@Image@Gdiplus@@IAEXPAVGpImage@2@@Z
duplicate	?Set_HAnim@HAnimComboDataClass@@QAEXPAVHAnimClass@@@Z
duplicate	?Set_Light@DX8Wrapper@@SAXIPBU_D3DLIGHT8@@@Z
duplicate	?Set_Light_Environment@DX8Wrapper@@SAXPAVLightEnvironmentClass@@@Z
duplicate	?Set_Motion@HAnimComboClass@@QAEXHPAVHAnimClass@@@Z
duplicate	?Set_Output_Ambient@LightEnvironmentClass@@QAEXAAVVector3@@@Z
duplicate	?Set_Pivot_Map@HAnimComboDataClass@@QAEXPAVPivotMapClass@@@Z
duplicate	?Set_Pivot_Weight_Map@HAnimComboClass@@QAEXHPAVPivotMapClass@@@Z
duplicate	?Set_Pixel_Shader_Constant@DX8Wrapper@@SAXHPBXH@Z
duplicate	?Set_Render_Target@DX8Wrapper@@SAXPAUIDirect3DSwapChain8@@@Z
duplicate	?Set_Vertex_Buffer@DX8Wrapper@@SAXABVDynamicVBAccessClass@@@Z
duplicate	?Set_Vertex_Buffer@DX8Wrapper@@SAXPBVVertexBufferClass@@I@Z
duplicate	?Set_Weight@HAnimComboClass@@QAEXHM@Z
duplicate	?SetupCPUEmFloatArrays@@YAXPAUInternalFPF@@00K@Z
duplicate	?UnlockBits@Bitmap@Gdiplus@@QAE?AW4Status@2@PAVBitmapData@2@@Z
duplicate	?Unregister@SimpleSceneClass@@UAEXPAVRenderObjClass@@W4RegType@SceneClass@@@Z
duplicate	?Unregister_Mesh_Type@DX8MeshRendererClass@@QAEXPAVMeshModelClass@@@Z
duplicate	?Update_Cached_Bounding_Volumes@ParticleEmitterClass@@EBEXXZ
duplicate	?Update_Current_Buffer@FontCharsClass@@AAEXH@Z
duplicate	?Update_Pivot_Map@NamedPivotMapClass@@QAEXPBVHTreeClass@@@Z
duplicate	?_Invalidate_Textures@WW3D@@SAXXZ
duplicate	?_M_clear@?$vector@URva002B9062Element@@V?$allocator@URva002B9062Element@@@_STL@@@_STL@@IAEXXZ
duplicate	?_M_clear@?$vector@URva00475F2AElement@@V?$allocator@URva00475F2AElement@@@_STL@@@_STL@@IAEXXZ
duplicate	?_M_clear@?$vector@V?$vector@UBfmePod88@@V?$allocator@UBfmePod88@@@_STL@@@_STL@@V?$allocator@V?$vector@UBfmePod88@@V?$allocator@UBfmePod88@@@_STL@@@_STL@@@2@@_STL@@IAEXXZ
duplicate	?_M_insert_005014FF@?$_Rb_tree@HU?$pair@$$CBHVAsciiString@@@_STL@@U?$_Select1st@U?$pair@$$CBHVAsciiString@@@_STL@@@2@U?$less@H@2@V?$allocator@U?$pair@$$CBHVAsciiString@@@_STL@@@2@@_STL@@AAE?AU?$_Rb_tree_iterator@U?$pair@$$CBHVAsciiString@@@_STL@@U?$_Nonconst_traits@U?$pair@$$CBHVAsciiString@@@_STL@@@2@@2@PAU_Rb_tree_node_base@2@0ABU?$pair@$$CBHVAsciiString@@@2@0@Z
duplicate	?_M_push_back_aux_v@?$deque@VGameResultsResponse@@V?$allocator@VGameResultsResponse@@@_STL@@@_STL@@IAEXABVGameResultsResponse@@@Z
duplicate	?_RTC_GetErrorFunc@@YAP6AHHPBDH00ZZPBX@Z
duplicate	?addImage@ShellMenuScheme@@QAEXPAVShellMenuSchemeImage@@@Z
duplicate	?addModuleInfo@ModuleInfo@@QAEXPAVThingTemplate@@ABVAsciiString@@1PBVModuleData@@H_N3@Z
duplicate	?addTeamPrototypeToList@TeamFactory@@QAEXPAVTeamPrototype@@@Z
duplicate	?addTeamToList@Player@@QAEXPAVTeamPrototype@@@Z
duplicate	?addUnitPrereq@ProductionPrerequisite@@QAEXABV?$vector@VAsciiString@@V?$allocator@VAsciiString@@@_STL@@@_STL@@@Z
duplicate	?addUnitPrereq@ProductionPrerequisite@@QAEXVAsciiString@@_N@Z
duplicate	?add_bit_channel@HRawAnimClass@@AAEXPAVBitChannelClass@@@Z
duplicate	?add_channel@HRawAnimClass@@AAEXPAVMotionChannelClass@@@Z
duplicate	?adjustStacking@W3DRoadBuffer@@IAEXHH@Z
duplicate	?allocateBibBuffers@W3DBibBuffer@@IAEXXZ
duplicate	?allow@PartitionFilterIrregularArea@@MAE_NPAVObject@@@Z
duplicate	?allow@PartitionFilterPlayer@@MAE_NPAVObject@@@Z
duplicate	?allow@PartitionFilterPossibleToAttack@@UAE_NPAVObject@@@Z
duplicate	?applyBattlePlanBonusesForObject@Player@@QBEXPAVObject@@@Z
duplicate	?areAllQueuesEmpty@ConnectionManager@@QAE_NXZ
duplicate	?becomingTeamMember@Player@@QAEXPAVObject@@_N@Z
duplicate	?bfmeDropXX@BfmeLinkXX@@QAEXXZ
duplicate	?buildFieldParse@BridgeBehaviorModuleData@@SAXAAVMultiIniFieldParse@@@Z
duplicate	?buildFieldParse@DefectorSpecialPowerModuleData@@SAXAAVMultiIniFieldParse@@@Z
duplicate	?buildFieldParse@FXListDieModuleData@@SAXAAVMultiIniFieldParse@@@Z
duplicate	?buildFieldParse@QueueProductionExitUpdateModuleData@@SAXAAVMultiIniFieldParse@@@Z
duplicate	?buildFieldParse@SpecialAbilityUpdateModuleData@@SAXAAVMultiIniFieldParse@@@Z
duplicate	?buildFieldParse@StructureToppleUpdateModuleData@@SAXAAVMultiIniFieldParse@@@Z
duplicate	?calculate_uv_offset@GridTextureMapperClass@@IAEXPAM0@Z
duplicate	?canComputeQuickPath@AIUpdateInterface@@QAE_NXZ
duplicate	?checkForCrateToPickup@AIUpdateInterface@@QAEPAVObject@@XZ
duplicate	?checkRange@BfmeB996Range@@QAEDHPAIPAD@Z
duplicate	?clear@ArmorTemplate@@QAEXXZ
duplicate	?clearGuardTargetType@AIUpdateInterface@@UAEXXZ
duplicate	?clearPlayerStats@PeerThreadClass@@QAEXW4RoomType@@@Z
duplicate	?clearSlotList@GameInfo@@QAEXXZ
duplicate	?clearUnseenMaps@MapCache@@AAE_NVAsciiString@@@Z
duplicate	?clearVisibleSkinList@DX8SkinFVFCategoryContainer@@AAEXXZ
duplicate	?computeExtents@W3DDisplayString@@IAEXXZ
duplicate	?copyRect@@YAHPAEHHHHH@Z
duplicate	?countBuildings@Player@@QAEHXZ
duplicate	?countMapObjectsWithOwner@MapObject@@SAHABVAsciiString@@@Z
duplicate	?countObjects@Player@@QAEHV?$BitFlags@$0HE@@@0@Z
duplicate	?countObjectsByThingTemplate@Player@@QBEXHPBQBVThingTemplate@@_NPAH1@Z
duplicate	?createViewObject@SpecialPowerModule@@IAEXPBUCoord3D@@@Z
duplicate	?destroyGameMessages@FrameData@@QAEXXZ
duplicate	?disableUVAnimations@@YAXPAVRenderObjClass@@@Z
duplicate	?doDrawModule@W3DDebrisDraw@@UAEXPBVMatrix3D@@@Z
duplicate	?doFxAtBones@FXListAtBonePosFXNugget@@IBEXPBVObject@@H@Z
duplicate	?doQuickExit@AIUpdateInterface@@UAEXPBV?$vector@UCoord3D@@V?$allocator@UCoord3D@@@_STL@@@_STL@@@Z
duplicate	?doSpecialPower@SpecialPowerModule@@UAEXI@Z
duplicate	?doSpecialPowerAtObject@SpecialPowerModule@@UAEXPAVObject@@I@Z
duplicate	?do_put@?$num_put@GV?$ostreambuf_iterator@GV?$char_traits@G@_STL@@@_STL@@@_STL@@MBE?AV?$ostreambuf_iterator@GV?$char_traits@G@_STL@@@2@V32@AAVios_base@2@G_N@Z
duplicate	?endGame@GameInfo@@QAEXXZ
duplicate	?endRepair@SlavedUpdate@@QAEXXZ
duplicate	?erase@?$vector@UBfmeObject476@@V?$allocator@UBfmeObject476@@@_STL@@@_STL@@QAEPAUBfmeObject476@@PAU3@0@Z
duplicate	?erase@?$vector@UBfmeObject872@@V?$allocator@UBfmeObject872@@@_STL@@@_STL@@QAEPAUBfmeObject872@@PAU3@0@Z
duplicate	?erase@?$vector@UBfmePod28@@V?$allocator@UBfmePod28@@@_STL@@@_STL@@QAEPAUBfmePod28@@PAU3@0@Z
duplicate	?erase@?$vector@UBfmePod28@@V?$allocator@UBfmePod28@@@_STL@@@_STL@@QAEPAUBfmePod28@@PAU3@@Z
duplicate	?erase@?$vector@UBfmeVectorRecord0002154F3@@V?$allocator@UBfmeVectorRecord0002154F3@@@_STL@@@_STL@@QAEPAUBfmeVectorRecord0002154F3@@PAU3@0@Z
duplicate	?erase@?$vector@VUnicodeString@@V?$allocator@VUnicodeString@@@_STL@@@_STL@@QAEPAVUnicodeString@@PAV3@0@Z
duplicate	?findArmorTemplate@ArmorStore@@QBEPBVArmorTemplate@@VAsciiString@@@Z
duplicate	?findClosestByKindOf@Player@@QAEPAVObject@@PAV2@V?$BitFlags@$0HE@@@1@Z
duplicate	?findIdleWorker@InGameUI@@EAEPAVObject@@PAV2@@Z
duplicate	?findUpgrade@Player@@QAEPAVUpgrade@@PBVUpgradeTemplate@@@Z
duplicate	?find_last_not_of@?$basic_string@DV?$char_traits@D@_STL@@V?$allocator@D@2@@_STL@@QBEIPBDII@Z
duplicate	?freeAllSlots@W3DBufferManager@@QAEXXZ
duplicate	?friend_getAIModuleInfo@ThingTemplate@@QAEPAVAIUpdateModuleData@@XZ
duplicate	?friend_newModuleData@FXListDie@@SAPAVModuleData@@PAVINI@@@Z
duplicate	?friend_newModuleData@OpenContain@@SAPAVModuleData@@PAVINI@@@Z
duplicate	?friend_newModuleData@QueueProductionExitUpdate@@SAPAVModuleData@@PAVINI@@@Z
duplicate	?friend_newModuleInstance@ObjectCreationUpgrade@@SAPAVModule@@PAVThing@@PBVModuleData@@@Z
duplicate	?getApparentColor@GameSlot@@QBEHXZ
duplicate	?getApparentPlayerTemplate@GameSlot@@QBEHXZ
duplicate	?getApparentPlayerTemplateDisplayName@GameSlot@@QBE?AVUnicodeString@@XZ
duplicate	?getApparentStartPos@GameSlot@@QBEHXZ
duplicate	?getAttackRange@Weapon@@QBEMPBVObject@@@Z
duplicate	?getBridgeBehaviorInterfaceFromObject@BridgeBehavior@@SAPAVBridgeBehaviorInterface@@PAVObject@@@Z
duplicate	?getBridgeScaffoldBehaviorInterfaceFromObject@BridgeScaffoldBehavior@@SAPAVBridgeScaffoldBehaviorInterface@@PAVObject@@@Z
duplicate	?getCell@Pathfinder@@QAEPAVPathfindCell@@W4PathfindLayerEnum@@HH@Z
duplicate	?getCommandID@NetCommandWrapperListNode@@QAEGXZ
duplicate	?getCommandTypeAsAsciiString@GameMessage@@SA?AVAsciiString@@W4Type@1@@Z
duplicate	?getConstSlot@GameInfo@@QBEPBVGameSlot@@H@Z
duplicate	?getCurrentSelectionAsAIGroup@Player@@QAEXPAVAIGroup@@@Z
duplicate	?getDamageToOCLString@TerrainRoadType@@QAE?AVAsciiString@@W4BodyDamageType@@H@Z
duplicate	?getDisplayName@PlayerTemplate@@QBE?AVUnicodeString@@XZ
duplicate	?getEnterTarget@AIUpdateInterface@@UAEPAVObject@@XZ
duplicate	?getFileTransferProgress@ConnectionManager@@QAEHHVAsciiString@@@Z
duplicate	?getFrameCommandCount@FrameData@@QAEIXZ
duplicate	?getLocalSlotNum@GameInfo@@UBEHXZ
duplicate	?getMachineGoalObject@State@@QAEPAVObject@@XZ
duplicate	?getMoodMatrixActionAdjustment@AIUpdateInterface@@QBEIW4MoodMatrixAction@@@Z
duplicate	?getMoodMatrixValue@AIUpdateInterface@@QBEIXZ
duplicate	?getNumNonObserverPlayers@GameInfo@@QBEHXZ
duplicate	?getNumPlayers@GameInfo@@QBEHXZ
duplicate	?getParameter@ScriptAction@@QAEPAVParameter@@H@Z
duplicate	?getParameterType@Template@@QBE?AW4ParameterType@Parameter@@H@Z
duplicate	?getPlayerName@ConnectionManager@@QAE?AVUnicodeString@@H@Z
duplicate	?getPosition@View@@UAEXPAUCoord3D@@@Z
duplicate	?getRawData@NetCommandWrapperListNode@@QAEPAEXZ
duplicate	?getRawDataLength@NetCommandWrapperListNode@@QAEIXZ
duplicate	?getSlot@GameInfo@@QAEPAVGameSlot@@H@Z
duplicate	?getSlotNum@GameInfo@@QBEHVAsciiString@@@Z
duplicate	?getSourceFilename@TerrainLogic@@UAE?AVAsciiString@@XZ
duplicate	?getTemplateName@Locomotor@@QBE?AVAsciiString@@XZ
duplicate	?getTextLength@DisplayString@@UAEHXZ
duplicate	?getTurretTurnRate@AIUpdateInterface@@QBEMW4WhichTurretType@@@Z
duplicate	?getUpdatePhase@UpdateModule@@MBE?AW4SleepyUpdatePhase@@XZ
duplicate	?getUpgradeActivationMasks@UpgradeMuxData@@QBEXAAUUpgradeMaskType@@0@Z
duplicate	?getWhichTurretForWeaponSlot@AIUpdateInterface@@QBE?AW4WhichTurretType@@W4WeaponSlotType@@PAM1@Z
duplicate	?gogoMessageBox@GameWindowManager@@UAEPAVGameWindow@@HHHHGVUnicodeString@@0P6AXXZ111@Z
duplicate	?hasPrereqsForScience@Player@@QBE_NW4ScienceType@@@Z
duplicate	?healAllObjects@Player@@QAEXXZ
duplicate	?hideIdleWorkerLayout@InGameUI@@EAEXXZ
duplicate	?init@ConnectionManager@@UAEXXZ
duplicate	?init@PlayerList@@UAEXXZ
duplicate	?initialize@GridTextureMapperClass@@IAEXMI@Z
duplicate	?insert_unique@?$_Rb_tree@UGen_p12pod@@U?$pair@$$CBUGen_p12pod@@H@_STL@@U?$_Select1st@U?$pair@$$CBUGen_p12pod@@H@_STL@@@3@U?$less@UGen_p12pod@@@3@V?$allocator@U?$pair@$$CBUGen_p12pod@@H@_STL@@@3@@_STL@@QAE?AU?$_Rb_tree_iterator@U?$pair@$$CBUGen_p12pod@@H@_STL@@U?$_Nonconst_traits@U?$pair@$$CBUGen_p12pod@@H@_STL@@@2@@2@U32@ABU?$pair@$$CBUGen_p12pod@@H@2@@Z
duplicate	?isAI@GameSlot@@QBE_NXZ
duplicate	?isBusy@AIUpdateInterface@@UBE_NXZ
duplicate	?isCapableOfPurchasingScience@Player@@QBE_NW4ScienceType@@@Z
duplicate	?isClearingMines@AIUpdateInterface@@UBE_NXZ
duplicate	?isColorTaken@GameInfo@@QBE_NHH@Z
duplicate	?isComplete@NetCommandWrapperListNode@@QAE_NXZ
duplicate	?isDoingGroundMovement@AIUpdateInterface@@UBE_NXZ
duplicate	?isHuman@GameSlot@@QBE_NXZ
duplicate	?isKindOf@Thing@@QBE_NW4KindOfType@@@Z
duplicate	?isOccupied@GameSlot@@QBE_NXZ
duplicate	?isOpen@GameSlot@@QBE_NXZ
duplicate	?isPlayerPreorder@GameInfo@@QAE_NH@Z
duplicate	?isReady@SpecialPowerModule@@UBE_NXZ
duplicate	?isSatisfied@ProductionPrerequisite@@QBE_NPBVPlayer@@@Z
duplicate	?isSkirmishAIPlayer@Player@@QAE_NXZ
duplicate	?isTurretEnabled@AIUpdateInterface@@QBE_NW4WhichTurretType@@@Z
duplicate	?iter_swap@_STL@@YAXPAUS4SortElem12@@0@Z
duplicate	?joinTeam@AIUpdateInterface@@UAEXXZ
duplicate	?loadPostProcess@AIUpdateInterface@@MAEXXZ
duplicate	?makeStateMachine@AIUpdateInterface@@MAEPAVAIStateMachine@@XZ
duplicate	?markAsDead@AIUpdateInterface@@QAEXXZ
duplicate	?markPlayerAsPreorder@GameInfo@@QAEXH@Z
duplicate	?moveToNewRepairSpot@SlavedUpdate@@QAEXXZ
duplicate	?notifyScriptEngine@SpecialPowerCompletionDie@@QAEXXZ
duplicate	?onDie@StructureCollapseUpdate@@UAEXPBVDamageInfo@@@Z
duplicate	?onEnter@AIGuardIdleState@@UAE?AW4StateReturnType@@XZ
duplicate	?onObjectCreated@AIUpdateInterface@@UAEXXZ
duplicate	?ownerAvailableForSupplying@SupplyTruckStateMachine@@SA_NPAVState@@PAX@Z
duplicate	?ownerDocking@SupplyTruckStateMachine@@SA_NPAVState@@PAX@Z
duplicate	?ownerIdle@SupplyTruckStateMachine@@SA_NPAVState@@PAX@Z
duplicate	?ownerNotDockingOrIdle@SupplyTruckStateMachine@@SA_NPAVState@@PAX@Z
duplicate	?parseArmorCoefficients@ArmorTemplate@@SAXPAVINI@@PAX1PBX@Z
duplicate	?parseFX@BridgeBehaviorModuleData@@SAXPAVINI@@PAX1PBX@Z
duplicate	?parseInitialRoster@GarrisonContainModuleData@@SAXPAVINI@@PAX1PBX@Z
duplicate	?parseLocomotorSet@AIUpdateModuleData@@SAXPAVINI@@PAX1PBX@Z
duplicate	?parseModuleName@ThingTemplate@@KAXPAVINI@@PAX1PBX@Z
duplicate	?parseOCL@BridgeBehaviorModuleData@@SAXPAVINI@@PAX1PBX@Z
duplicate	?parsePrerequisites@ThingTemplate@@KAXPAVINI@@PAX1PBX@Z
duplicate	?parseWeaponBonusSet@WeaponBonusSet@@QAEXPAVINI@@@Z
duplicate	?parseWeaponBonusSetPtr@WeaponBonusSet@@SAXPAVINI@@PAX1PBX@Z
duplicate	?portableMapPathToRealMapPath@GameState@@QBE?AVAsciiString@@ABV2@@Z
duplicate	?positionProjectileForLaunch@Weapon@@SAXPAVObject@@PBV2@W4WeaponSlotType@@H@Z
duplicate	?privateAttackArea@AIUpdateInterface@@MAEXPBVPolygonTrigger@@W4CommandSourceType@@@Z
duplicate	?privateAttackFollowWaypointPath@AIUpdateInterface@@MAEXPBVWaypoint@@H_NW4CommandSourceType@@@Z
duplicate	?privateAttackPosition@AIUpdateInterface@@MAEXPBUCoord3D@@HW4CommandSourceType@@@Z
duplicate	?privateAttackTeam@AIUpdateInterface@@MAEXPBVTeam@@HW4CommandSourceType@@@Z
duplicate	?privateCommandButton@AIUpdateInterface@@MAEXPBVCommandButton@@W4CommandSourceType@@@Z
duplicate	?privateCommandButtonPosition@AIUpdateInterface@@MAEXPBVCommandButton@@PBUCoord3D@@W4CommandSourceType@@@Z
duplicate	?privateDock@AIUpdateInterface@@MAEXPAVObject@@W4CommandSourceType@@@Z
duplicate	?privateEnter@AIUpdateInterface@@MAEXPAVObject@@W4CommandSourceType@@@Z
duplicate	?privateExitInstantly@AIUpdateInterface@@MAEXPAVObject@@W4CommandSourceType@@@Z
duplicate	?privateFaceObject@AIUpdateInterface@@MAEXPAVObject@@W4CommandSourceType@@@Z
duplicate	?privateFacePosition@AIUpdateInterface@@MAEXPBUCoord3D@@W4CommandSourceType@@@Z
duplicate	?privateFollowPathAppend@AIUpdateInterface@@MAEXPBUCoord3D@@W4CommandSourceType@@@Z
duplicate	?privateFollowWaypointPath@AIUpdateInterface@@MAEXPBVWaypoint@@W4CommandSourceType@@@Z
duplicate	?privateFollowWaypointPathAsTeam@AIUpdateInterface@@MAEXPBVWaypoint@@W4CommandSourceType@@@Z
duplicate	?privateFollowWaypointPathAsTeamExact@AIUpdateInterface@@MAEXPBVWaypoint@@W4CommandSourceType@@@Z
duplicate	?privateFollowWaypointPathExact@AIUpdateInterface@@MAEXPBVWaypoint@@W4CommandSourceType@@@Z
duplicate	?privateGetHealed@AIUpdateInterface@@MAEXPAVObject@@W4CommandSourceType@@@Z
duplicate	?privateGetRepaired@AIUpdateInterface@@MAEXPAVObject@@W4CommandSourceType@@@Z
duplicate	?privateGuardObject@AIUpdateInterface@@MAEXPAVObject@@W4GuardMode@@W4CommandSourceType@@@Z
duplicate	?privateGuardPosition@AIUpdateInterface@@MAEXPBUCoord3D@@W4GuardMode@@W4CommandSourceType@@@Z
duplicate	?privateHunt@AIUpdateInterface@@MAEXW4CommandSourceType@@@Z
duplicate	?privateIdle@AIUpdateInterface@@MAEXW4CommandSourceType@@@Z
duplicate	?privateMoveToObject@AIUpdateInterface@@MAEXPAVObject@@W4CommandSourceType@@@Z
duplicate	?processAddTeamGameMessage@Player@@QAEXHPAVGameMessage@@@Z
duplicate	?processSelectTeamGameMessage@Player@@QAEXHPAVGameMessage@@@Z
duplicate	?reactToTransformChange@W3DDebrisDraw@@UAEXPBVMatrix3D@@PBUCoord3D@@M@Z
duplicate	?reactToTransformChange@W3DPropDraw@@UAEXPBVMatrix3D@@PBUCoord3D@@M@Z
duplicate	?readTexClass@WorldHeightMap@@IAEXPAUTXTextureClass@@PAPAVTileData@@@Z
duplicate	?read_channel@HCompressedAnimClass@@AAE_NAAVChunkLoadClass@@PAPAVAdaptiveDeltaMotionChannelClass@@@Z
duplicate	?read_channel@HRawAnimClass@@AAE_NAAVChunkLoadClass@@PAPAVMotionChannelClass@@_N@Z
duplicate	?read_proxy_array@HLodDefClass@@AAE_NAAVChunkLoadClass@@@Z
duplicate	?read_vertex_colors@MeshModelClass@@IAE_NAAVChunkLoadClass@@PAVMeshLoadContextClass@@@Z
duplicate	?read_vertex_shade_indices@MeshGeometryClass@@IAE_NAAVChunkLoadClass@@@Z
duplicate	?realMapPathToPortableMapPath@GameState@@QBE?AVAsciiString@@ABV2@@Z
duplicate	?removeAllContained@OpenContain@@UAEX_N@Z
duplicate	?removeAll_TeamReadyQueue@AIPlayer@@QAEXP6AXPAVTeamInQueue@@@Z@Z
duplicate	?removeBattlePlanBonusesForObject@Player@@QBEXPAVObject@@@Z
duplicate	?removeProp@W3DPropBuffer@@QAEXH@Z
duplicate	?removePropsForConstruction@W3DPropBuffer@@QAEXPBUCoord3D@@ABVGeometryInfo@@M@Z
duplicate	?removeTeamFromList@Player@@QAEXPAVTeamPrototype@@@Z
duplicate	?requestApproachPath@AIUpdateInterface@@QAEXPAUCoord3D@@@Z
duplicate	?requestAttackPath@AIUpdateInterface@@QAEXW4ObjectID@@PBUCoord3D@@@Z
duplicate	?requestPath@AIUpdateInterface@@QAEXPAUCoord3D@@_N@Z
duplicate	?requestSafePath@AIUpdateInterface@@QAEXW4ObjectID@@@Z
duplicate	?reset@GameInfo@@UAEXXZ
duplicate	?reset@W3DDisplayString@@UAEXXZ
duplicate	?resolveNames@ProductionPrerequisite@@QAEXXZ
duplicate	?resolveNames@ThingTemplate@@QAEXXZ
duplicate	?runUpdate@WindowLayout@@QAEXPAX@Z
duplicate	?rva001068D1@BfmeB996Range@@QAE_NHPAIPAD@Z
duplicate	?rva0010690D@BfmeB996Range@@QAEXXZ
duplicate	?rva0010BA61@Rva0010BA61@@QAEXXZ
duplicate	?rva0023D0B7@GameLogic@@QAEHXZ
duplicate	?rva00271BCC@Rva00271BCC@@QAEXHH@Z
duplicate	?rva0028BC4D@Object@@QAEXXZ
duplicate	?rva002A9DEC@Rva002A9BF2@@QAEXH@Z
duplicate	?rva00355EE1@Rva003563A7@@QAEXXZ
duplicate	?rva0039ABFF@ExperienceTracker@@QBE_NXZ
duplicate	?rva003A37DC@Rva000427195@@QAEXUVideoPair@@@Z
duplicate	?rva00468BDC@HordeContain@@UAEXH@Z
duplicate	?rva00468C37@HordeContain@@UAE_NXZ
duplicate	?rva00468C60@HordeContain@@UAEXPBUCoord3D@@@Z
duplicate	?rva00468C7B@HordeContain@@UAE_NPAUCoord3D@@@Z
duplicate	?rva00468D11@HordeContain@@UAE_NXZ
duplicate	?rva00468D2C@HordeContain@@UAE_NXZ
duplicate	?rva00468DCD@HordeContain@@UAE_NPAVObject@@@Z
duplicate	?rva00468F68@HordeContain@@UAEHXZ
duplicate	?rva00468F7E@HordeContain@@UAEHXZ
duplicate	?rva00468FDC@HordeContain@@UAEXXZ
duplicate	?rva004690A9@HordeContain@@UAEXPBUCoord3D@@@Z
duplicate	?rva00469689@@YAXPAVObject@@PAX@Z
duplicate	?rva004696CD@HordeContain@@UAEPAXXZ
duplicate	?rva004696E5@HordeContain@@UAEXXZ
duplicate	?rva0046979B@HordeContain@@UAEHXZ
duplicate	?rva004697CD@HordeContain@@UAEHXZ
duplicate	?rva0046981C@HordeContain@@UAEXXZ
duplicate	?rva00469851@HordeContain@@UAEXXZ
duplicate	?rva004698BC@HordeContain@@UAE_NXZ
duplicate	?rva004698D6@HordeContain@@UAEPBXXZ
duplicate	?rva004698E2@HordeContain@@UAEPBXXZ
duplicate	?rva004698EE@@YAXPAVObject@@PAX@Z
duplicate	?rva0046992C@HordeContain@@UAE_NXZ
duplicate	?rva0046A0B2@HordeContain@@UAEXXZ
duplicate	?rva0046A2A7@HordeContain@@UAE_NXZ
duplicate	?rva0046A2EC@HordeContain@@UAE_NPAVObject@@@Z
duplicate	?rva0046A381@HordeContain@@UAE_NPAVObject@@@Z
duplicate	?rva0046A416@HordeContain@@UAE_NXZ
duplicate	?rva0046A46F@HordeContain@@UAE_NXZ
duplicate	?rva0046A4C8@HordeContain@@UAE_NXZ
duplicate	?rva0046A677@HordeContain@@UAE_NXZ
duplicate	?rva0046A6C1@HordeContain@@UAE_NXZ
duplicate	?rva0046A712@HordeContain@@UAEXH@Z
duplicate	?rva0046AF85@HordeContain@@UAEXXZ
duplicate	?rva0046B850@HordeContain@@UAEMXZ
duplicate	?rva0046B95E@HordeContain@@UAE_NH@Z
duplicate	?rva0046B9DC@HordeContain@@UAE_NH@Z
duplicate	?rva0046BB38@HordeContain@@UAE_NPAVObject@@@Z
duplicate	?rva0046BB6F@HordeContain@@UAE_NPAHI@Z
duplicate	?rva0046BD70@HordeContain@@UAEXXZ
duplicate	?rva0046BE0E@HordeContain@@UAEXXZ
duplicate	?rva0046C20B@HordeContain@@UAEXXZ
duplicate	?rva0046C327@HordeContain@@UAEXXZ
duplicate	?rva0046C5D7@HordeContain@@UAE_NH@Z
duplicate	?rva0046C6E7@HordeContain@@UAE_NXZ
duplicate	?rva0046CB2C@HordeContain@@UAEPAVObject@@XZ
duplicate	?rva0046CBCA@HordeContain@@UAEPAVObject@@XZ
duplicate	?rva0046CCEF@HordeContain@@UAE_NPBVThingTemplate@@@Z
duplicate	?rva0046CDC9@HordeContain@@UAE_NXZ
duplicate	?rva0046D1AC@HordeContain@@UAE?AVAsciiString@@XZ
duplicate	?rva0046D1F7@HordeContain@@UAEXAAV?$list@PBVObject@@V?$allocator@PBVObject@@@_STL@@@_STL@@@Z
duplicate	?rva0046D27A@HordeContain@@UAEPAVObject@@XZ
duplicate	?rva0046D372@HordeContain@@UAEPAVObject@@XZ
duplicate	?rva0046D384@HordeContain@@UAEXPAVTeam@@@Z
duplicate	?rva0046D3FC@HordeContain@@UAEHPAVRva2225E0Filter@@@Z
duplicate	?rva0046D7AF@HordeContain@@UAEXH@Z
duplicate	?rva0046D80B@HordeContain@@UAE_NXZ
duplicate	?rva0046D8AE@HordeContain@@UAEXXZ
duplicate	?rva0046DDC5@HordeContain@@UAEXHH@Z
duplicate	?rva0046DE2D@HordeContain@@UAEXPBVFXList@@@Z
duplicate	?rva0046E253@HordeContain@@UAEXXZ
duplicate	?rva0046E2BC@HordeContain@@UAEXXZ
duplicate	?rva0046F7C9@HordeContain@@UAEXPAVObject@@@Z
duplicate	?rva0046F8A5@HordeContain@@UAE_NXZ
duplicate	?rva0046F8B2@HordeContain@@UAEXXZ
duplicate	?rva0046F8CD@HordeContain@@UAE_NXZ
duplicate	?rva0046F8DA@HordeContain@@UAEMXZ
duplicate	?rva0046F8E7@HordeContain@@UAEMXZ
duplicate	?rva0046F8F4@HordeContain@@UAE_NXZ
duplicate	?rva00472C8E@HordeContain@@UAEXPAVObject@@W4CommandSourceType@@@Z
duplicate	?rva0047306E@HordeContain@@UAE_NPAVObject@@H@Z
duplicate	?rva004730B0@HordeContain@@UAEXPAVObject@@@Z
duplicate	?rva00473ADF@HordeContain@@UAEXXZ
duplicate	?rva005ACDD2@Rva005ACCE4@@QAEMPBUCoord3D@@0@Z
duplicate	?rva005AD6F5@Rva005AD6C3@@QAEXXZ
duplicate	?saveOffOriginalInfo@GameSlot@@QAEXXZ
duplicate	?sendFrameDataToPlayer@ConnectionManager@@QAEXII@Z
duplicate	?set@Rva00299790BlockAssign@@QAEXABUBlockRva00299790BlockAssign@@@Z
duplicate	?set@Rva003A1030BlockAssign@@QAEXABUBlockRva003A1030BlockAssign@@@Z
duplicate	?set@Rva004094A0BlockAssign@@QAEXABUBlockRva004094A0BlockAssign@@@Z
duplicate	?setCopiedFromDefault@ThingTemplate@@QAEXXZ
duplicate	?setCurrentlySelectedAIGroup@Player@@QAEXPAVAIGroup@@@Z
duplicate	?setFont@W3DDisplayString@@UAEXPAVGameFont@@@Z
duplicate	?setFrameCommandCount@FrameData@@QAEXI@Z
duplicate	?setHidden@W3DModelDraw@@UAEX_N@Z
duplicate	?setLocalPlayer@PlayerList@@QAEXPAVPlayer@@@Z
duplicate	?setMap@GameInfo@@QAEXVAsciiString@@@Z
duplicate	?setMapAvailability@GameSlot@@QAEX_N@Z
duplicate	?setMapCRC@GameInfo@@QAEXI@Z
duplicate	?setMapSize@GameInfo@@QAEXI@Z
duplicate	?setModelConditionState@Object@@QAEXI@Z
duplicate	?setOrigin@View@@UAEXHH@Z
duplicate	?setPlayerType@Player@@QAEXW4PlayerType@@_N@Z
duplicate	?setPosition@View@@IAEXPBUCoord3D@@@Z
duplicate	?setQueueForPathTime@AIUpdateInterface@@QAEXH@Z
duplicate	?setRallyPoint@QueueProductionExitUpdate@@UAEXPBUCoord3D@@@Z
duplicate	?setRepairModelConditionStates@SlavedUpdate@@QAEXW4ModelConditionFlagType@@@Z
duplicate	?setState@GameSlot@@QAEXW4SlotState@@VUnicodeString@@PBUGameSlotConnectInfo@@@Z
duplicate	?showIdleWorkerLayout@InGameUI@@EAEXXZ
duplicate	?slot38@HordeContain@@UAE_NPAVObject@@HH@Z
duplicate	?storeImage@Anim2DTemplate@@QAEXPBVImage@@@Z
duplicate	?subdivision_util@StreakRendererClass@@AAEXIPBVVector3@@PBMPAIPAV2@PAM@Z
duplicate	?transferAttack@AIUpdateInterface@@QAEXW4ObjectID@@0@Z
duplicate	?transformPoint@Thing@@QAEXPBUCoord3D@@PAU2@@Z
duplicate	?unAccept@GameSlot@@QAEXXZ
duplicate	?update@AIGuardIdleState@@UAE?AW4StateReturnType@@XZ
duplicate	?update@AIGuardReturnState@@UAE?AW4StateReturnType@@XZ
duplicate	?update@PlayerList@@UAEXXZ
duplicate	?update@W3DRenderObjectSnapshot@@AAEXPAVRenderObjClass@@PAUDrawableInfo@@_N@Z
duplicate	?updateAndDrawWorldAnimations@InGameUI@@IAEXXZ
duplicate	?updateIdleWorker@InGameUI@@EAEXXZ
duplicate	?updateTeamStates@Player@@QAEXXZ
duplicate	?v2@Rva005ACCE4@@UAEXXZ
duplicate	?validate@ThingTemplate@@QAEXXZ
duplicate	?validateRallyPoint@GarrisonContain@@IAEXXZ
duplicate	?verifyValidTeam@MapObject@@QAEXXZ
duplicate	?verifyValidUniqueID@MapObject@@QAEXXZ
duplicate	?xfer@BridgeBehavior@@MAEXPAVXfer@@@Z
duplicate	?xfer@MoveToFormationGroupOrder@@UAEXPAVXfer@@@Z
duplicate	?xfer@MoveToGroupOrder@@UAEXPAVXfer@@@Z
duplicate	?xfer@PlayerRelationMap@@MAEXPAVXfer@@@Z
duplicate	?xfer@QueueProductionExitUpdate@@MAEXPAVXfer@@@Z
duplicate	?xfer@Rva005ACCE4@@UAEXPAVXfer@@@Z
duplicate	?xfer@Script@@MAEXPAVXfer@@@Z
duplicate	?xfer@StealthUpdate@@MAEXPAVXfer@@@Z
