ordinal,rva,target_rva,section,kind,name
1,0x00A029F0,,.data,data,?$S128@?1??GetValue@?$DefaultModuleKey@$00@FXParticleSystem@@CAPBDXZ@4IA
2,0x00A029FC,,.data,data,?$S132@?1??GetValue@?$DefaultModuleName@$00@FXParticleSystem@@CAPBDXZ@4IA
3,0x00A02A1C,,.data,data,?$S142@?1??GetValue@?$DefaultModuleKey@$0A@@FXParticleSystem@@CAPBDXZ@4IA
4,0x00A02A28,,.data,data,?$S146@?1??GetValue@?$DefaultModuleName@$0A@@FXParticleSystem@@CAPBDXZ@4IA
5,0x00A02A48,,.data,data,?$S156@?1??GetValue@?$DefaultModuleKey@$02@FXParticleSystem@@CAPBDXZ@4IA
6,0x00A02A54,,.data,data,?$S160@?1??GetValue@?$DefaultModuleName@$02@FXParticleSystem@@CAPBDXZ@4IA
7,0x00A02A74,,.data,data,?$S170@?1??GetValue@?$DefaultModuleKey@$01@FXParticleSystem@@CAPBDXZ@4IA
8,0x00A02A80,,.data,data,?$S174@?1??GetValue@?$DefaultModuleName@$01@FXParticleSystem@@CAPBDXZ@4IA
9,0x00A02AA0,,.data,data,?$S184@?1??GetValue@?$DefaultModuleKey@$06@FXParticleSystem@@CAPBDXZ@4IA
10,0x00A02AAC,,.data,data,?$S188@?1??GetValue@?$DefaultModuleName@$06@FXParticleSystem@@CAPBDXZ@4IA
11,0x00A0609C,,.data,data,?$S22@?1??GetValue@?$DefaultModuleKey@$05@FXParticleSystem@@CAPBDXZ@4IA
12,0x00A0294C,,.data,data,?$S24@?1??GetValue@?$DefaultModuleKey@$05@FXParticleSystem@@CAPBDXZ@4IA
13,0x00A060A0,,.data,data,?$S26@?1??GetValue@?$DefaultModuleName@$05@FXParticleSystem@@CAPBDXZ@4IA
14,0x00A02958,,.data,data,?$S28@?1??GetValue@?$DefaultModuleName@$05@FXParticleSystem@@CAPBDXZ@4IA
15,0x000028E8,,.text,code,??$?6D@@YAAAVDebug@@AAV0@ABV?$StringBase@D@@@Z
16,0x003A86DE,,.text,code,??0?$CategoryModuleClass@$00@FXParticleSystem@@IAE@_NPBD1@Z
17,0x003A8777,,.text,code,??0?$CategoryModuleClass@$01@FXParticleSystem@@IAE@_NPBD1@Z
18,0x003A8744,,.text,code,??0?$CategoryModuleClass@$02@FXParticleSystem@@IAE@_NPBD1@Z
19,0x003A8848,,.text,code,??0?$CategoryModuleClass@$03@FXParticleSystem@@IAE@_NPBD1@Z
20,0x003A8903,,.text,code,??0?$CategoryModuleClass@$04@FXParticleSystem@@IAE@_NPBD1@Z
21,0x003A8215,,.text,code,??0?$CategoryModuleClass@$05@FXParticleSystem@@IAE@_NPBD1@Z
22,0x003A87AA,,.text,code,??0?$CategoryModuleClass@$06@FXParticleSystem@@IAE@_NPBD1@Z
23,0x003A87DD,,.text,code,??0?$CategoryModuleClass@$07@FXParticleSystem@@IAE@_NPBD1@Z
24,0x003A8711,,.text,code,??0?$CategoryModuleClass@$0A@@FXParticleSystem@@IAE@_NPBD1@Z
25,0x001F4363,,.text,code,??0?$CategoryModuleClassBase@$00$00@FXParticleSystem@@IAE@ABV?$CategoryModuleClass@$00@1@_N@Z
26,0x001F4385,,.text,code,??0?$CategoryModuleClassBase@$01$00@FXParticleSystem@@IAE@ABV?$CategoryModuleClass@$01@1@_N@Z
27,0x001F43A7,,.text,code,??0?$CategoryModuleClassBase@$02$00@FXParticleSystem@@IAE@ABV?$CategoryModuleClass@$02@1@_N@Z
28,0x001F43EA,,.text,code,??0?$CategoryModuleClassBase@$03$00@FXParticleSystem@@IAE@ABV?$CategoryModuleClass@$03@1@_N@Z
29,0x001F440C,,.text,code,??0?$CategoryModuleClassBase@$04$00@FXParticleSystem@@IAE@ABV?$CategoryModuleClass@$04@1@_N@Z
30,0x001F442E,,.text,code,??0?$CategoryModuleClassBase@$05$00@FXParticleSystem@@IAE@ABV?$CategoryModuleClass@$05@1@_N@Z
31,0x001F4450,,.text,code,??0?$CategoryModuleClassBase@$06$00@FXParticleSystem@@IAE@ABV?$CategoryModuleClass@$06@1@_N@Z
32,0x001F446C,,.text,code,??0?$CategoryModuleClassBase@$07$0A@@FXParticleSystem@@QAE@ABV?$CategoryModuleClass@$07@1@_N@Z
33,0x001F4341,,.text,code,??0?$CategoryModuleClassBase@$0A@$00@FXParticleSystem@@IAE@ABV?$CategoryModuleClass@$0A@@1@_N@Z
34,0x001F370E,,.text,code,??0?$CategoryModuleInfo@$00@FXParticleSystem@@QAE@ABV01@@Z
35,0x0035982C,,.text,code,??0?$CategoryModuleInfo@$00@FXParticleSystem@@QAE@XZ
36,0x001F370E,,.text,code,??0?$CategoryModuleInfo@$01@FXParticleSystem@@QAE@ABV01@@Z
37,0x0035982C,,.text,code,??0?$CategoryModuleInfo@$01@FXParticleSystem@@QAE@XZ
38,0x001F370E,,.text,code,??0?$CategoryModuleInfo@$02@FXParticleSystem@@QAE@ABV01@@Z
39,0x0035982C,,.text,code,??0?$CategoryModuleInfo@$02@FXParticleSystem@@QAE@XZ
40,0x001F370E,,.text,code,??0?$CategoryModuleInfo@$03@FXParticleSystem@@QAE@ABV01@@Z
41,0x0035982C,,.text,code,??0?$CategoryModuleInfo@$03@FXParticleSystem@@QAE@XZ
42,0x001F370E,,.text,code,??0?$CategoryModuleInfo@$04@FXParticleSystem@@QAE@ABV01@@Z
43,0x0035982C,,.text,code,??0?$CategoryModuleInfo@$04@FXParticleSystem@@QAE@XZ
44,0x001F370E,,.text,code,??0?$CategoryModuleInfo@$05@FXParticleSystem@@QAE@ABV01@@Z
45,0x0035982C,,.text,code,??0?$CategoryModuleInfo@$05@FXParticleSystem@@QAE@XZ
46,0x001F370E,,.text,code,??0?$CategoryModuleInfo@$06@FXParticleSystem@@QAE@ABV01@@Z
47,0x0035982C,,.text,code,??0?$CategoryModuleInfo@$06@FXParticleSystem@@QAE@XZ
48,0x001F370E,,.text,code,??0?$CategoryModuleInfo@$07@FXParticleSystem@@QAE@ABV01@@Z
49,0x0035982C,,.text,code,??0?$CategoryModuleInfo@$07@FXParticleSystem@@QAE@XZ
50,0x001F370E,,.text,code,??0?$CategoryModuleInfo@$0A@@FXParticleSystem@@QAE@ABV01@@Z
51,0x0035982C,,.text,code,??0?$CategoryModuleInfo@$0A@@FXParticleSystem@@QAE@XZ
52,0x0004CB7B,,.text,code,??0?$CategoryModuleTemplate@$00@FXParticleSystem@@QAE@ABV01@@Z
53,0x00001D69,,.text,code,??0?$CategoryModuleTemplate@$00@FXParticleSystem@@QAE@XZ
54,0x0004CB7B,,.text,code,??0?$CategoryModuleTemplate@$01@FXParticleSystem@@QAE@ABV01@@Z
55,0x00001D69,,.text,code,??0?$CategoryModuleTemplate@$01@FXParticleSystem@@QAE@XZ
56,0x0004CB7B,,.text,code,??0?$CategoryModuleTemplate@$02@FXParticleSystem@@QAE@ABV01@@Z
57,0x00001D69,,.text,code,??0?$CategoryModuleTemplate@$02@FXParticleSystem@@QAE@XZ
58,0x0004CB7B,,.text,code,??0?$CategoryModuleTemplate@$03@FXParticleSystem@@QAE@ABV01@@Z
59,0x00001D69,,.text,code,??0?$CategoryModuleTemplate@$03@FXParticleSystem@@QAE@XZ
60,0x0004CB7B,,.text,code,??0?$CategoryModuleTemplate@$04@FXParticleSystem@@QAE@ABV01@@Z
61,0x00001D69,,.text,code,??0?$CategoryModuleTemplate@$04@FXParticleSystem@@QAE@XZ
62,0x0004CB7B,,.text,code,??0?$CategoryModuleTemplate@$05@FXParticleSystem@@QAE@ABV01@@Z
63,0x00001D69,,.text,code,??0?$CategoryModuleTemplate@$05@FXParticleSystem@@QAE@XZ
64,0x001F44E4,,.text,code,??0?$CategoryModuleTemplate@$06@FXParticleSystem@@QAE@ABV01@@Z
65,0x001F448D,,.text,code,??0?$CategoryModuleTemplate@$06@FXParticleSystem@@QAE@XZ
66,0x00001F30,,.text,code,??0?$CategoryModuleTemplate@$07@FXParticleSystem@@QAE@ABV01@@Z
67,0x00001EF9,,.text,code,??0?$CategoryModuleTemplate@$07@FXParticleSystem@@QAE@XZ
68,0x0004CB7B,,.text,code,??0?$CategoryModuleTemplate@$0A@@FXParticleSystem@@QAE@ABV01@@Z
69,0x00001D69,,.text,code,??0?$CategoryModuleTemplate@$0A@@FXParticleSystem@@QAE@XZ
70,0x001F421B,,.text,code,??0?$CategoryModuleTemplateBase@$00@FXParticleSystem@@QAE@ABV01@@Z
71,0x00001D69,,.text,code,??0?$CategoryModuleTemplateBase@$00@FXParticleSystem@@QAE@XZ
72,0x001F421B,,.text,code,??0?$CategoryModuleTemplateBase@$01@FXParticleSystem@@QAE@ABV01@@Z
73,0x00001D69,,.text,code,??0?$CategoryModuleTemplateBase@$01@FXParticleSystem@@QAE@XZ
74,0x001F421B,,.text,code,??0?$CategoryModuleTemplateBase@$02@FXParticleSystem@@QAE@ABV01@@Z
75,0x00001D69,,.text,code,??0?$CategoryModuleTemplateBase@$02@FXParticleSystem@@QAE@XZ
76,0x001F421B,,.text,code,??0?$CategoryModuleTemplateBase@$03@FXParticleSystem@@QAE@ABV01@@Z
77,0x00001D69,,.text,code,??0?$CategoryModuleTemplateBase@$03@FXParticleSystem@@QAE@XZ
78,0x001F421B,,.text,code,??0?$CategoryModuleTemplateBase@$04@FXParticleSystem@@QAE@ABV01@@Z
79,0x00001D69,,.text,code,??0?$CategoryModuleTemplateBase@$04@FXParticleSystem@@QAE@XZ
80,0x001F421B,,.text,code,??0?$CategoryModuleTemplateBase@$05@FXParticleSystem@@QAE@ABV01@@Z
81,0x00001D69,,.text,code,??0?$CategoryModuleTemplateBase@$05@FXParticleSystem@@QAE@XZ
82,0x001F421B,,.text,code,??0?$CategoryModuleTemplateBase@$06@FXParticleSystem@@QAE@ABV01@@Z
83,0x00001D69,,.text,code,??0?$CategoryModuleTemplateBase@$06@FXParticleSystem@@QAE@XZ
84,0x001F421B,,.text,code,??0?$CategoryModuleTemplateBase@$07@FXParticleSystem@@QAE@ABV01@@Z
85,0x00001D69,,.text,code,??0?$CategoryModuleTemplateBase@$07@FXParticleSystem@@QAE@XZ
86,0x001F421B,,.text,code,??0?$CategoryModuleTemplateBase@$0A@@FXParticleSystem@@QAE@ABV01@@Z
87,0x00001D69,,.text,code,??0?$CategoryModuleTemplateBase@$0A@@FXParticleSystem@@QAE@XZ
88,0x003AA8CD,,.text,code,??0?$ConcreteModuleClass@UOrthoEmissionVelocityModuleTag@FXParticleSystem@@@FXParticleSystem@@AAE@XZ
89,0x003AA8EF,,.text,code,??0?$ConcreteModuleClass@UPointEmissionVolumeModuleTag@FXParticleSystem@@@FXParticleSystem@@AAE@XZ
90,0x003AA801,,.text,code,??0?$ConcreteModuleClass@V?$DefaultModuleTag@$00@FXParticleSystem@@@FXParticleSystem@@AAE@XZ
91,0x003AA867,,.text,code,??0?$ConcreteModuleClass@V?$DefaultModuleTag@$01@FXParticleSystem@@@FXParticleSystem@@AAE@XZ
92,0x003AA845,,.text,code,??0?$ConcreteModuleClass@V?$DefaultModuleTag@$02@FXParticleSystem@@@FXParticleSystem@@AAE@XZ
93,0x003AA206,,.text,code,??0?$ConcreteModuleClass@V?$DefaultModuleTag@$05@FXParticleSystem@@@FXParticleSystem@@AAE@XZ
94,0x003AA889,,.text,code,??0?$ConcreteModuleClass@V?$DefaultModuleTag@$06@FXParticleSystem@@@FXParticleSystem@@AAE@XZ
95,0x003AA823,,.text,code,??0?$ConcreteModuleClass@V?$DefaultModuleTag@$0A@@FXParticleSystem@@@FXParticleSystem@@AAE@XZ
96,0x003A8804,,.text,code,??0?$ConcreteModuleClass@V?$ModuleTag@$01$E?RENDEROBJECT_UPDATE_MODULE_KEY@FXParticleSystem@@3QBDB$E?RENDEROBJECT_UPDATE_MODULE_NAME@2@3QBDBVRenderObjectUpdateModule@2@VRenderObjectUpdateModuleTemplate@2@VRenderObjectParticleUpdateModule@2@@FXParticleSystem@@@FXParticleSystem@@AAE@XZ
97,0x003A88BF,,.text,code,??0?$ConcreteModuleClass@V?$ModuleTag@$03$E?CYLINDRICAL_EMISSION_VELOCITY_MODULE_KEY@FXParticleSystem@@3QBDB$E?CYLINDRICAL_EMISSION_VELOCITY_MODULE_NAME@2@3QBDBVCylindricalEmissionVelocityModule@2@VCylindricalEmissionVelocityModuleTemplate@2@V?$DefaultParticleModule@$03@2@@FXParticleSystem@@@FXParticleSystem@@AAE@XZ
98,0x003A889D,,.text,code,??0?$ConcreteModuleClass@V?$ModuleTag@$03$E?HEMISPHERICAL_EMISSION_VELOCITY_MODULE_KEY@FXParticleSystem@@3QBDB$E?HEMISPHERICAL_EMISSION_VELOCITY_MODULE_NAME@2@3QBDBVHemisphericalEmissionVelocityModule@2@VHemisphericalEmissionVelocityModuleTemplate@2@V?$DefaultParticleModule@$03@2@@FXParticleSystem@@@FXParticleSystem@@AAE@XZ
99,0x003A88E1,,.text,code,??0?$ConcreteModuleClass@V?$ModuleTag@$03$E?OUTWARD_EMISSION_VELOCITY_MODULE_KEY@FXParticleSystem@@3QBDB$E?OUTWARD_EMISSION_VELOCITY_MODULE_NAME@2@3QBDBVOutwardEmissionVelocityModule@2@VOutwardEmissionVelocityModuleTemplate@2@V?$DefaultParticleModule@$03@2@@FXParticleSystem@@@FXParticleSystem@@AAE@XZ
100,0x003A887B,,.text,code,??0?$ConcreteModuleClass@V?$ModuleTag@$03$E?SPHERICAL_EMISSION_VELOCITY_MODULE_KEY@FXParticleSystem@@3QBDB$E?SPHERICAL_EMISSION_VELOCITY_MODULE_NAME@2@3QBDBVSphericalEmissionVelocityModule@2@VSphericalEmissionVelocityModuleTemplate@2@V?$DefaultParticleModule@$03@2@@FXParticleSystem@@@FXParticleSystem@@AAE@XZ
101,0x003A8958,,.text,code,??0?$ConcreteModuleClass@V?$ModuleTag@$04$E?BOX_EMISSION_VOLUME_MODULE_KEY@FXParticleSystem@@3QBDB$E?BOX_EMISSION_VOLUME_MODULE_NAME@2@3QBDBVBoxEmissionVolumeModule@2@VBoxEmissionVolumeModuleTemplate@2@V?$DefaultParticleModule@$04@2@@FXParticleSystem@@@FXParticleSystem@@AAE@XZ
102,0x003A899C,,.text,code,??0?$ConcreteModuleClass@V?$ModuleTag@$04$E?CYLINDER_EMISSION_VOLUME_MODULE_KEY@FXParticleSystem@@3QBDB$E?CYLINDER_EMISSION_VOLUME_MODULE_NAME@2@3QBDBVCylinderEmissionVolumeModule@2@VCylinderEmissionVolumeModuleTemplate@2@V?$DefaultParticleModule@$04@2@@FXParticleSystem@@@FXParticleSystem@@AAE@XZ
103,0x003A89BE,,.text,code,??0?$ConcreteModuleClass@V?$ModuleTag@$04$E?LIGHTNING_EMISSION_MODULE_KEY@FXParticleSystem@@3QBDB$E?LIGHTNING_EMISSION_MODULE_NAME@2@3QBDBVLightningEmissionModule@2@VLightningEmissionModuleTemplate@2@V?$DefaultParticleModule@$04@2@@FXParticleSystem@@@FXParticleSystem@@AAE@XZ
104,0x003A8936,,.text,code,??0?$ConcreteModuleClass@V?$ModuleTag@$04$E?LINE_EMISSION_VOLUME_MODULE_KEY@FXParticleSystem@@3QBDB$E?LINE_EMISSION_VOLUME_MODULE_NAME@2@3QBDBVLineEmissionVolumeModule@2@VLineEmissionVolumeModuleTemplate@2@V?$DefaultParticleModule@$04@2@@FXParticleSystem@@@FXParticleSystem@@AAE@XZ
105,0x003A897A,,.text,code,??0?$ConcreteModuleClass@V?$ModuleTag@$04$E?SPHERE_EMISSION_VOLUME_MODULE_KEY@FXParticleSystem@@3QBDB$E?SPHERE_EMISSION_VOLUME_MODULE_NAME@2@3QBDBVSphereEmissionVolumeModule@2@VSphereEmissionVolumeModuleTemplate@2@V?$DefaultParticleModule@$04@2@@FXParticleSystem@@@FXParticleSystem@@AAE@XZ
106,0x003A89E0,,.text,code,??0?$ConcreteModuleClass@V?$ModuleTag@$04$E?TERRAIN_FIRE_EMISSION_MODULE_KEY@FXParticleSystem@@3QBDB$E?TERRAIN_FIRE_EMISSION_MODULE_NAME@2@3QBDBVTerrainFireEmissionModule@2@VTerrainFireEmissionModuleTemplate@2@V?$DefaultParticleModule@$04@2@@FXParticleSystem@@@FXParticleSystem@@AAE@XZ
107,0x003A828C,,.text,code,??0?$ConcreteModuleClass@V?$ModuleTag@$05$E?BUTTERFLY_DRAW_MODULE_KEY@FXParticleSystem@@3QBDB$E?BUTTERFLY_DRAW_MODULE_NAME@2@3QBDBVButterflyDrawModule@2@VButterflyDrawModuleTemplate@2@V?$DefaultParticleModule@$05@2@@FXParticleSystem@@@FXParticleSystem@@AAE@XZ
108,0x003A82F2,,.text,code,??0?$ConcreteModuleClass@V?$ModuleTag@$05$E?GPU_DRAW_MODULE_KEY@FXParticleSystem@@3QBDB$E?GPU_DRAW_MODULE_NAME@2@3QBDBVGpuDrawModule@2@VGpuDrawModuleTemplate@2@V?$DefaultParticleModule@$05@2@@FXParticleSystem@@@FXParticleSystem@@AAE@XZ
109,0x003A82D0,,.text,code,??0?$ConcreteModuleClass@V?$ModuleTag@$05$E?LIGHTNING_DRAW_MODULE_KEY@FXParticleSystem@@3QBDB$E?LIGHTNING_DRAW_MODULE_NAME@2@3QBDBVLightningDrawModule@2@VLightningDrawModuleTemplate@2@V?$DefaultParticleModule@$05@2@@FXParticleSystem@@@FXParticleSystem@@AAE@XZ
110,0x003A826A,,.text,code,??0?$ConcreteModuleClass@V?$ModuleTag@$05$E?QUAD_DRAW_MODULE_KEY@FXParticleSystem@@3QBDB$E?QUAD_DRAW_MODULE_NAME@2@3QBDBVQuadDrawModule@2@VQuadDrawModuleTemplate@2@V?$DefaultParticleModule@$05@2@@FXParticleSystem@@@FXParticleSystem@@AAE@XZ
111,0x003A82AE,,.text,code,??0?$ConcreteModuleClass@V?$ModuleTag@$05$E?RENDEROBJECT_DRAW_MODULE_KEY@FXParticleSystem@@3QBDB$E?RENDEROBJECT_DRAW_MODULE_NAME@2@3QBDBVRenderObjectDrawModule@2@VRenderObjectDrawModuleTemplate@2@V?$DefaultParticleModule@$05@2@@FXParticleSystem@@@FXParticleSystem@@AAE@XZ
112,0x003A8248,,.text,code,??0?$ConcreteModuleClass@V?$ModuleTag@$05$E?STREAK_DRAW_MODULE_KEY@FXParticleSystem@@3QBDB$E?STREAK_DRAW_MODULE_NAME@2@3QBDBVStreakDrawModule@2@VStreakDrawModuleTemplate@2@V?$DefaultParticleModule@$05@2@@FXParticleSystem@@@FXParticleSystem@@AAE@XZ
113,0x003AA8AB,,.text,code,??0?$ConcreteModuleClass@V?$ModuleTag@$07$E?LIFE_EVENT_MODULE_KEY@FXParticleSystem@@3QBDB$E?LIFE_EVENT_MODULE_NAME@2@3QBDBVLifeEventModule@2@VLifeEventModuleTemplate@2@VParticleLifeEventModule@2@@FXParticleSystem@@@FXParticleSystem@@AAE@XZ
114,0x003A8826,,.text,code,??0?$ConcreteModuleClass@V?$ModuleTag@$07$E?TERRAIN_COLLISION_MODULE_KEY@FXParticleSystem@@3QBDB$E?TERRAIN_COLLISION_MODULE_NAME@2@3QBDBVTerrainCollisionModule@2@VTerrainCollisionModuleTemplate@2@VParticleTerrainCollisionModule@2@@FXParticleSystem@@@FXParticleSystem@@AAE@XZ
115,0x003A8DED,,.text,code,??0?$ConcreteModuleTemplate@UOrthoEmissionVelocityModuleTag@FXParticleSystem@@@FXParticleSystem@@QAE@ABV01@@Z
116,0x003A8DCD,,.text,code,??0?$ConcreteModuleTemplate@UOrthoEmissionVelocityModuleTag@FXParticleSystem@@@FXParticleSystem@@QAE@XZ
117,0x003A9017,,.text,code,??0?$ConcreteModuleTemplate@UPointEmissionVolumeModuleTag@FXParticleSystem@@@FXParticleSystem@@QAE@ABV01@@Z
118,0x003A8FF7,,.text,code,??0?$ConcreteModuleTemplate@UPointEmissionVolumeModuleTag@FXParticleSystem@@@FXParticleSystem@@QAE@XZ
119,0x003A8A93,,.text,code,??0?$ConcreteModuleTemplate@V?$DefaultModuleTag@$00@FXParticleSystem@@@FXParticleSystem@@QAE@ABV01@@Z
120,0x003AB7AE,,.text,code,??0?$ConcreteModuleTemplate@V?$DefaultModuleTag@$00@FXParticleSystem@@@FXParticleSystem@@QAE@XZ
121,0x003A8C22,,.text,code,??0?$ConcreteModuleTemplate@V?$DefaultModuleTag@$01@FXParticleSystem@@@FXParticleSystem@@QAE@ABV01@@Z
122,0x003AB80E,,.text,code,??0?$ConcreteModuleTemplate@V?$DefaultModuleTag@$01@FXParticleSystem@@@FXParticleSystem@@QAE@XZ
123,0x003A8B9F,,.text,code,??0?$ConcreteModuleTemplate@V?$DefaultModuleTag@$02@FXParticleSystem@@@FXParticleSystem@@QAE@ABV01@@Z
124,0x003AB7EE,,.text,code,??0?$ConcreteModuleTemplate@V?$DefaultModuleTag@$02@FXParticleSystem@@@FXParticleSystem@@QAE@XZ
125,0x003A84D4,,.text,code,??0?$ConcreteModuleTemplate@V?$DefaultModuleTag@$05@FXParticleSystem@@@FXParticleSystem@@QAE@ABV01@@Z
126,0x003AA67D,,.text,code,??0?$ConcreteModuleTemplate@V?$DefaultModuleTag@$05@FXParticleSystem@@@FXParticleSystem@@QAE@XZ
127,0x003A8CCB,,.text,code,??0?$ConcreteModuleTemplate@V?$DefaultModuleTag@$06@FXParticleSystem@@@FXParticleSystem@@QAE@ABV01@@Z
128,0x003AB82E,,.text,code,??0?$ConcreteModuleTemplate@V?$DefaultModuleTag@$06@FXParticleSystem@@@FXParticleSystem@@QAE@XZ
129,0x003A8B19,,.text,code,??0?$ConcreteModuleTemplate@V?$DefaultModuleTag@$0A@@FXParticleSystem@@@FXParticleSystem@@QAE@ABV01@@Z
130,0x003AB7CE,,.text,code,??0?$ConcreteModuleTemplate@V?$DefaultModuleTag@$0A@@FXParticleSystem@@@FXParticleSystem@@QAE@XZ
131,0x003A8D35,,.text,code,??0?$ConcreteModuleTemplate@V?$ModuleTag@$01$E?RENDEROBJECT_UPDATE_MODULE_KEY@FXParticleSystem@@3QBDB$E?RENDEROBJECT_UPDATE_MODULE_NAME@2@3QBDBVRenderObjectUpdateModule@2@VRenderObjectUpdateModuleTemplate@2@VRenderObjectParticleUpdateModule@2@@FXParticleSystem@@@FXParticleSystem@@QAE@ABV01@@Z
132,0x003A8D15,,.text,code,??0?$ConcreteModuleTemplate@V?$ModuleTag@$01$E?RENDEROBJECT_UPDATE_MODULE_KEY@FXParticleSystem@@3QBDB$E?RENDEROBJECT_UPDATE_MODULE_NAME@2@3QBDBVRenderObjectUpdateModule@2@VRenderObjectUpdateModuleTemplate@2@VRenderObjectParticleUpdateModule@2@@FXParticleSystem@@@FXParticleSystem@@QAE@XZ
133,0x003A8F2E,,.text,code,??0?$ConcreteModuleTemplate@V?$ModuleTag@$03$E?CYLINDRICAL_EMISSION_VELOCITY_MODULE_KEY@FXParticleSystem@@3QBDB$E?CYLINDRICAL_EMISSION_VELOCITY_MODULE_NAME@2@3QBDBVCylindricalEmissionVelocityModule@2@VCylindricalEmissionVelocityModuleTemplate@2@V?$DefaultParticleModule@$03@2@@FXParticleSystem@@@FXParticleSystem@@QAE@ABV01@@Z
134,0x003A8F0E,,.text,code,??0?$ConcreteModuleTemplate@V?$ModuleTag@$03$E?CYLINDRICAL_EMISSION_VELOCITY_MODULE_KEY@FXParticleSystem@@3QBDB$E?CYLINDRICAL_EMISSION_VELOCITY_MODULE_NAME@2@3QBDBVCylindricalEmissionVelocityModule@2@VCylindricalEmissionVelocityModuleTemplate@2@V?$DefaultParticleModule@$03@2@@FXParticleSystem@@@FXParticleSystem@@QAE@XZ
135,0x003A8ED6,,.text,code,??0?$ConcreteModuleTemplate@V?$ModuleTag@$03$E?HEMISPHERICAL_EMISSION_VELOCITY_MODULE_KEY@FXParticleSystem@@3QBDB$E?HEMISPHERICAL_EMISSION_VELOCITY_MODULE_NAME@2@3QBDBVHemisphericalEmissionVelocityModule@2@VHemisphericalEmissionVelocityModuleTemplate@2@V?$DefaultParticleModule@$03@2@@FXParticleSystem@@@FXParticleSystem@@QAE@ABV01@@Z
136,0x003A8EB6,,.text,code,??0?$ConcreteModuleTemplate@V?$ModuleTag@$03$E?HEMISPHERICAL_EMISSION_VELOCITY_MODULE_KEY@FXParticleSystem@@3QBDB$E?HEMISPHERICAL_EMISSION_VELOCITY_MODULE_NAME@2@3QBDBVHemisphericalEmissionVelocityModule@2@VHemisphericalEmissionVelocityModuleTemplate@2@V?$DefaultParticleModule@$03@2@@FXParticleSystem@@@FXParticleSystem@@QAE@XZ
137,0x003A8F74,,.text,code,??0?$ConcreteModuleTemplate@V?$ModuleTag@$03$E?OUTWARD_EMISSION_VELOCITY_MODULE_KEY@FXParticleSystem@@3QBDB$E?OUTWARD_EMISSION_VELOCITY_MODULE_NAME@2@3QBDBVOutwardEmissionVelocityModule@2@VOutwardEmissionVelocityModuleTemplate@2@V?$DefaultParticleModule@$03@2@@FXParticleSystem@@@FXParticleSystem@@QAE@ABV01@@Z
138,0x003A8F54,,.text,code,??0?$ConcreteModuleTemplate@V?$ModuleTag@$03$E?OUTWARD_EMISSION_VELOCITY_MODULE_KEY@FXParticleSystem@@3QBDB$E?OUTWARD_EMISSION_VELOCITY_MODULE_NAME@2@3QBDBVOutwardEmissionVelocityModule@2@VOutwardEmissionVelocityModuleTemplate@2@V?$DefaultParticleModule@$03@2@@FXParticleSystem@@@FXParticleSystem@@QAE@XZ
139,0x003A8E90,,.text,code,??0?$ConcreteModuleTemplate@V?$ModuleTag@$03$E?SPHERICAL_EMISSION_VELOCITY_MODULE_KEY@FXParticleSystem@@3QBDB$E?SPHERICAL_EMISSION_VELOCITY_MODULE_NAME@2@3QBDBVSphericalEmissionVelocityModule@2@VSphericalEmissionVelocityModuleTemplate@2@V?$DefaultParticleModule@$03@2@@FXParticleSystem@@@FXParticleSystem@@QAE@ABV01@@Z
140,0x003A8E70,,.text,code,??0?$ConcreteModuleTemplate@V?$ModuleTag@$03$E?SPHERICAL_EMISSION_VELOCITY_MODULE_KEY@FXParticleSystem@@3QBDB$E?SPHERICAL_EMISSION_VELOCITY_MODULE_NAME@2@3QBDBVSphericalEmissionVelocityModule@2@VSphericalEmissionVelocityModuleTemplate@2@V?$DefaultParticleModule@$03@2@@FXParticleSystem@@@FXParticleSystem@@QAE@XZ
141,0x003A911A,,.text,code,??0?$ConcreteModuleTemplate@V?$ModuleTag@$04$E?BOX_EMISSION_VOLUME_MODULE_KEY@FXParticleSystem@@3QBDB$E?BOX_EMISSION_VOLUME_MODULE_NAME@2@3QBDBVBoxEmissionVolumeModule@2@VBoxEmissionVolumeModuleTemplate@2@V?$DefaultParticleModule@$04@2@@FXParticleSystem@@@FXParticleSystem@@QAE@ABV01@@Z
142,0x003A90FA,,.text,code,??0?$ConcreteModuleTemplate@V?$ModuleTag@$04$E?BOX_EMISSION_VOLUME_MODULE_KEY@FXParticleSystem@@3QBDB$E?BOX_EMISSION_VOLUME_MODULE_NAME@2@3QBDBVBoxEmissionVolumeModule@2@VBoxEmissionVolumeModuleTemplate@2@V?$DefaultParticleModule@$04@2@@FXParticleSystem@@@FXParticleSystem@@QAE@XZ
143,0x003A924E,,.text,code,??0?$ConcreteModuleTemplate@V?$ModuleTag@$04$E?CYLINDER_EMISSION_VOLUME_MODULE_KEY@FXParticleSystem@@3QBDB$E?CYLINDER_EMISSION_VOLUME_MODULE_NAME@2@3QBDBVCylinderEmissionVolumeModule@2@VCylinderEmissionVolumeModuleTemplate@2@V?$DefaultParticleModule@$04@2@@FXParticleSystem@@@FXParticleSystem@@QAE@ABV01@@Z
144,0x003A922E,,.text,code,??0?$ConcreteModuleTemplate@V?$ModuleTag@$04$E?CYLINDER_EMISSION_VOLUME_MODULE_KEY@FXParticleSystem@@3QBDB$E?CYLINDER_EMISSION_VOLUME_MODULE_NAME@2@3QBDBVCylinderEmissionVolumeModule@2@VCylinderEmissionVolumeModuleTemplate@2@V?$DefaultParticleModule@$04@2@@FXParticleSystem@@@FXParticleSystem@@QAE@XZ
145,0x003A92F1,,.text,code,??0?$ConcreteModuleTemplate@V?$ModuleTag@$04$E?LIGHTNING_EMISSION_MODULE_KEY@FXParticleSystem@@3QBDB$E?LIGHTNING_EMISSION_MODULE_NAME@2@3QBDBVLightningEmissionModule@2@VLightningEmissionModuleTemplate@2@V?$DefaultParticleModule@$04@2@@FXParticleSystem@@@FXParticleSystem@@QAE@ABV01@@Z
146,0x003A92D1,,.text,code,??0?$ConcreteModuleTemplate@V?$ModuleTag@$04$E?LIGHTNING_EMISSION_MODULE_KEY@FXParticleSystem@@3QBDB$E?LIGHTNING_EMISSION_MODULE_NAME@2@3QBDBVLightningEmissionModule@2@VLightningEmissionModuleTemplate@2@V?$DefaultParticleModule@$04@2@@FXParticleSystem@@@FXParticleSystem@@QAE@XZ
147,0x003A90C2,,.text,code,??0?$ConcreteModuleTemplate@V?$ModuleTag@$04$E?LINE_EMISSION_VOLUME_MODULE_KEY@FXParticleSystem@@3QBDB$E?LINE_EMISSION_VOLUME_MODULE_NAME@2@3QBDBVLineEmissionVolumeModule@2@VLineEmissionVolumeModuleTemplate@2@V?$DefaultParticleModule@$04@2@@FXParticleSystem@@@FXParticleSystem@@QAE@ABV01@@Z
148,0x003A90A2,,.text,code,??0?$ConcreteModuleTemplate@V?$ModuleTag@$04$E?LINE_EMISSION_VOLUME_MODULE_KEY@FXParticleSystem@@3QBDB$E?LINE_EMISSION_VOLUME_MODULE_NAME@2@3QBDBVLineEmissionVolumeModule@2@VLineEmissionVolumeModuleTemplate@2@V?$DefaultParticleModule@$04@2@@FXParticleSystem@@@FXParticleSystem@@QAE@XZ
149,0x003A91BD,,.text,code,??0?$ConcreteModuleTemplate@V?$ModuleTag@$04$E?SPHERE_EMISSION_VOLUME_MODULE_KEY@FXParticleSystem@@3QBDB$E?SPHERE_EMISSION_VOLUME_MODULE_NAME@2@3QBDBVSphereEmissionVolumeModule@2@VSphereEmissionVolumeModuleTemplate@2@V?$DefaultParticleModule@$04@2@@FXParticleSystem@@@FXParticleSystem@@QAE@ABV01@@Z
150,0x003A919D,,.text,code,??0?$ConcreteModuleTemplate@V?$ModuleTag@$04$E?SPHERE_EMISSION_VOLUME_MODULE_KEY@FXParticleSystem@@3QBDB$E?SPHERE_EMISSION_VOLUME_MODULE_NAME@2@3QBDBVSphereEmissionVolumeModule@2@VSphereEmissionVolumeModuleTemplate@2@V?$DefaultParticleModule@$04@2@@FXParticleSystem@@@FXParticleSystem@@QAE@XZ
151,0x003A939C,,.text,code,??0?$ConcreteModuleTemplate@V?$ModuleTag@$04$E?TERRAIN_FIRE_EMISSION_MODULE_KEY@FXParticleSystem@@3QBDB$E?TERRAIN_FIRE_EMISSION_MODULE_NAME@2@3QBDBVTerrainFireEmissionModule@2@VTerrainFireEmissionModuleTemplate@2@V?$DefaultParticleModule@$04@2@@FXParticleSystem@@@FXParticleSystem@@QAE@ABV01@@Z
152,0x003A9377,,.text,code,??0?$ConcreteModuleTemplate@V?$ModuleTag@$04$E?TERRAIN_FIRE_EMISSION_MODULE_KEY@FXParticleSystem@@3QBDB$E?TERRAIN_FIRE_EMISSION_MODULE_NAME@2@3QBDBVTerrainFireEmissionModule@2@VTerrainFireEmissionModuleTemplate@2@V?$DefaultParticleModule@$04@2@@FXParticleSystem@@@FXParticleSystem@@QAE@XZ
153,0x003A85A6,,.text,code,??0?$ConcreteModuleTemplate@V?$ModuleTag@$05$E?BUTTERFLY_DRAW_MODULE_KEY@FXParticleSystem@@3QBDB$E?BUTTERFLY_DRAW_MODULE_NAME@2@3QBDBVButterflyDrawModule@2@VButterflyDrawModuleTemplate@2@V?$DefaultParticleModule@$05@2@@FXParticleSystem@@@FXParticleSystem@@QAE@ABV01@@Z
154,0x003A8586,,.text,code,??0?$ConcreteModuleTemplate@V?$ModuleTag@$05$E?BUTTERFLY_DRAW_MODULE_KEY@FXParticleSystem@@3QBDB$E?BUTTERFLY_DRAW_MODULE_NAME@2@3QBDBVButterflyDrawModule@2@VButterflyDrawModuleTemplate@2@V?$DefaultParticleModule@$05@2@@FXParticleSystem@@@FXParticleSystem@@QAE@XZ
155,0x003AA774,,.text,code,??0?$ConcreteModuleTemplate@V?$ModuleTag@$05$E?GPU_DRAW_MODULE_KEY@FXParticleSystem@@3QBDB$E?GPU_DRAW_MODULE_NAME@2@3QBDBVGpuDrawModule@2@VGpuDrawModuleTemplate@2@V?$DefaultParticleModule@$05@2@@FXParticleSystem@@@FXParticleSystem@@QAE@ABV01@@Z
156,0x003AA74F,,.text,code,??0?$ConcreteModuleTemplate@V?$ModuleTag@$05$E?GPU_DRAW_MODULE_KEY@FXParticleSystem@@3QBDB$E?GPU_DRAW_MODULE_NAME@2@3QBDBVGpuDrawModule@2@VGpuDrawModuleTemplate@2@V?$DefaultParticleModule@$05@2@@FXParticleSystem@@@FXParticleSystem@@QAE@XZ
157,0x003A8649,,.text,code,??0?$ConcreteModuleTemplate@V?$ModuleTag@$05$E?LIGHTNING_DRAW_MODULE_KEY@FXParticleSystem@@3QBDB$E?LIGHTNING_DRAW_MODULE_NAME@2@3QBDBVLightningDrawModule@2@VLightningDrawModuleTemplate@2@V?$DefaultParticleModule@$05@2@@FXParticleSystem@@@FXParticleSystem@@QAE@ABV01@@Z
158,0x003A8629,,.text,code,??0?$ConcreteModuleTemplate@V?$ModuleTag@$05$E?LIGHTNING_DRAW_MODULE_KEY@FXParticleSystem@@3QBDB$E?LIGHTNING_DRAW_MODULE_NAME@2@3QBDBVLightningDrawModule@2@VLightningDrawModuleTemplate@2@V?$DefaultParticleModule@$05@2@@FXParticleSystem@@@FXParticleSystem@@QAE@XZ
159,0x003A8560,,.text,code,??0?$ConcreteModuleTemplate@V?$ModuleTag@$05$E?QUAD_DRAW_MODULE_KEY@FXParticleSystem@@3QBDB$E?QUAD_DRAW_MODULE_NAME@2@3QBDBVQuadDrawModule@2@VQuadDrawModuleTemplate@2@V?$DefaultParticleModule@$05@2@@FXParticleSystem@@@FXParticleSystem@@QAE@ABV01@@Z
160,0x003A8540,,.text,code,??0?$ConcreteModuleTemplate@V?$ModuleTag@$05$E?QUAD_DRAW_MODULE_KEY@FXParticleSystem@@3QBDB$E?QUAD_DRAW_MODULE_NAME@2@3QBDBVQuadDrawModule@2@VQuadDrawModuleTemplate@2@V?$DefaultParticleModule@$05@2@@FXParticleSystem@@@FXParticleSystem@@QAE@XZ
161,0x003AA6C2,,.text,code,??0?$ConcreteModuleTemplate@V?$ModuleTag@$05$E?RENDEROBJECT_DRAW_MODULE_KEY@FXParticleSystem@@3QBDB$E?RENDEROBJECT_DRAW_MODULE_NAME@2@3QBDBVRenderObjectDrawModule@2@VRenderObjectDrawModuleTemplate@2@V?$DefaultParticleModule@$05@2@@FXParticleSystem@@@FXParticleSystem@@QAE@ABV01@@Z
162,0x003AA69D,,.text,code,??0?$ConcreteModuleTemplate@V?$ModuleTag@$05$E?RENDEROBJECT_DRAW_MODULE_KEY@FXParticleSystem@@3QBDB$E?RENDEROBJECT_DRAW_MODULE_NAME@2@3QBDBVRenderObjectDrawModule@2@VRenderObjectDrawModuleTemplate@2@V?$DefaultParticleModule@$05@2@@FXParticleSystem@@@FXParticleSystem@@QAE@XZ
163,0x003A851A,,.text,code,??0?$ConcreteModuleTemplate@V?$ModuleTag@$05$E?STREAK_DRAW_MODULE_KEY@FXParticleSystem@@3QBDB$E?STREAK_DRAW_MODULE_NAME@2@3QBDBVStreakDrawModule@2@VStreakDrawModuleTemplate@2@V?$DefaultParticleModule@$05@2@@FXParticleSystem@@@FXParticleSystem@@QAE@ABV01@@Z
164,0x003A84FA,,.text,code,??0?$ConcreteModuleTemplate@V?$ModuleTag@$05$E?STREAK_DRAW_MODULE_KEY@FXParticleSystem@@3QBDB$E?STREAK_DRAW_MODULE_NAME@2@3QBDBVStreakDrawModule@2@VStreakDrawModuleTemplate@2@V?$DefaultParticleModule@$05@2@@FXParticleSystem@@@FXParticleSystem@@QAE@XZ
165,0x003AB873,,.text,code,??0?$ConcreteModuleTemplate@V?$ModuleTag@$07$E?LIFE_EVENT_MODULE_KEY@FXParticleSystem@@3QBDB$E?LIFE_EVENT_MODULE_NAME@2@3QBDBVLifeEventModule@2@VLifeEventModuleTemplate@2@VParticleLifeEventModule@2@@FXParticleSystem@@@FXParticleSystem@@QAE@ABV01@@Z
166,0x003AB84E,,.text,code,??0?$ConcreteModuleTemplate@V?$ModuleTag@$07$E?LIFE_EVENT_MODULE_KEY@FXParticleSystem@@3QBDB$E?LIFE_EVENT_MODULE_NAME@2@3QBDBVLifeEventModule@2@VLifeEventModuleTemplate@2@VParticleLifeEventModule@2@@FXParticleSystem@@@FXParticleSystem@@QAE@XZ
167,0x003AB904,,.text,code,??0?$ConcreteModuleTemplate@V?$ModuleTag@$07$E?TERRAIN_COLLISION_MODULE_KEY@FXParticleSystem@@3QBDB$E?TERRAIN_COLLISION_MODULE_NAME@2@3QBDBVTerrainCollisionModule@2@VTerrainCollisionModuleTemplate@2@VParticleTerrainCollisionModule@2@@FXParticleSystem@@@FXParticleSystem@@QAE@ABV01@@Z
168,0x003AB8E4,,.text,code,??0?$ConcreteModuleTemplate@V?$ModuleTag@$07$E?TERRAIN_COLLISION_MODULE_KEY@FXParticleSystem@@3QBDB$E?TERRAIN_COLLISION_MODULE_NAME@2@3QBDBVTerrainCollisionModule@2@VTerrainCollisionModuleTemplate@2@VParticleTerrainCollisionModule@2@@FXParticleSystem@@@FXParticleSystem@@QAE@XZ
169,0x003A622A,,.text,code,??0?$DefaultModuleTemplate@$00@FXParticleSystem@@QAE@ABV01@@Z
170,0x003A9732,,.text,code,??0?$DefaultModuleTemplate@$00@FXParticleSystem@@QAE@XZ
171,0x003A79A5,,.text,code,??0?$DefaultModuleTemplate@$01@FXParticleSystem@@QAE@ABV01@@Z
172,0x003A98A9,,.text,code,??0?$DefaultModuleTemplate@$01@FXParticleSystem@@QAE@XZ
173,0x003A77F2,,.text,code,??0?$DefaultModuleTemplate@$02@FXParticleSystem@@QAE@ABV01@@Z
174,0x003A9852,,.text,code,??0?$DefaultModuleTemplate@$02@FXParticleSystem@@QAE@XZ
175,0x003A6447,,.text,code,??0?$DefaultModuleTemplate@$05@FXParticleSystem@@QAE@ABV01@@Z
176,0x003A97E5,,.text,code,??0?$DefaultModuleTemplate@$05@FXParticleSystem@@QAE@XZ
177,0x003A8CA5,,.text,code,??0?$DefaultModuleTemplate@$06@FXParticleSystem@@QAE@ABV01@@Z
178,0x003AA1CA,,.text,code,??0?$DefaultModuleTemplate@$06@FXParticleSystem@@QAE@XZ
179,0x003A638D,,.text,code,??0?$DefaultModuleTemplate@$0A@@FXParticleSystem@@QAE@ABV01@@Z
180,0x003A9789,,.text,code,??0?$DefaultModuleTemplate@$0A@@FXParticleSystem@@QAE@XZ
181,0x000365F0,,.text,code,??0?$StringBase@D@@AAE@ABV0@@Z
182,0x000380C0,,.text,code,??0?$StringBase@D@@AAE@ABV0@HH@Z
183,0x00037BF0,,.text,code,??0?$StringBase@D@@AAE@ABV?$CharSource@D@@@Z
184,0x00037B60,,.text,code,??0?$StringBase@D@@AAE@D@Z
185,0x00037BA0,,.text,code,??0?$StringBase@D@@AAE@PBD@Z
186,0x00037B80,,.text,code,??0?$StringBase@D@@AAE@PBDH@Z
187,0x00038090,,.text,code,??0?$StringBase@D@@AAE@PBDHH@Z
188,0x00326BE6,,.text,code,??0?$StringBase@D@@AAE@XZ
189,0x00037050,,.text,code,??0?$StringBase@G@@AAE@ABV0@@Z
190,0x00038120,,.text,code,??0?$StringBase@G@@AAE@ABV0@HH@Z
191,0x00037E70,,.text,code,??0?$StringBase@G@@AAE@ABV?$CharSource@G@@@Z
192,0x00037DF0,,.text,code,??0?$StringBase@G@@AAE@G@Z
193,0x00037E30,,.text,code,??0?$StringBase@G@@AAE@PBG@Z
194,0x00037E10,,.text,code,??0?$StringBase@G@@AAE@PBGH@Z
195,0x000380F0,,.text,code,??0?$StringBase@G@@AAE@PBGHH@Z
196,0x00326BE6,,.text,code,??0?$StringBase@G@@AAE@XZ
197,0x001D8F56,,.text,code,??0AsciiString@@QAE@ABV0@@Z
198,0x00006584,,.text,code,??0AsciiString@@QAE@ABV0@HH@Z
199,0x00038250,,.text,code,??0AsciiString@@QAE@ABVUnicodeString@@@Z
200,0x00006572,,.text,code,??0AsciiString@@QAE@D@Z
201,0x0000654A,,.text,code,??0AsciiString@@QAE@PBD@Z
202,0x0000655C,,.text,code,??0AsciiString@@QAE@PBDH@Z
203,0x0000659E,,.text,code,??0AsciiString@@QAE@PBDHH@Z
204,0x00326BE6,,.text,code,??0AsciiString@@QAE@XZ
205,0x003A6669,,.text,code,??0BoxEmissionVolumeInfo@FXParticleSystem@@QAE@ABV01@@Z
206,0x003A664A,,.text,code,??0BoxEmissionVolumeInfo@FXParticleSystem@@QAE@XZ
207,0x003A6738,,.text,code,??0BoxEmissionVolumeModuleTemplate@FXParticleSystem@@QAE@ABV01@@Z
208,0x003A66FD,,.text,code,??0BoxEmissionVolumeModuleTemplate@FXParticleSystem@@QAE@XZ
209,0x003A7C8C,,.text,code,??0ButterflyDrawModuleInfo@FXParticleSystem@@QAE@ABV01@@Z
210,0x00560AB1,,.text,code,??0ButterflyDrawModuleInfo@FXParticleSystem@@QAE@XZ
211,0x003A7CEE,,.text,code,??0ButterflyDrawModuleTemplate@FXParticleSystem@@QAE@ABV01@@Z
212,0x003A7C97,,.text,code,??0ButterflyDrawModuleTemplate@FXParticleSystem@@QAE@XZ
213,0x005CFBC2,,.text,code,??0Coord2D@@QAE@ABUCoord2DBase@@@Z
214,0x005CFBC2,,.text,code,??0Coord2D@@QAE@ABUCoord3DBase@@@Z
215,0x005CFBC2,,.text,code,??0Coord2D@@QAE@ABV0@@Z
216,0x0000373B,,.text,code,??0Coord2D@@QAE@HH@Z
217,0x00003F3A,,.text,code,??0Coord2D@@QAE@MM@Z
218,0x0047A6A9,,.text,code,??0Coord2D@@QAE@XZ
219,0x004216D3,,.text,code,??0Coord3D@@QAE@ABUCoord3DBase@@@Z
220,0x004216D3,,.text,code,??0Coord3D@@QAE@ABV0@@Z
221,0x00003AB3,,.text,code,??0Coord3D@@QAE@ABVCoord2D@@@Z
222,0x0000354C,,.text,code,??0Coord3D@@QAE@HHH@Z
223,0x000423A0,,.text,code,??0Coord3D@@QAE@MMM@Z
224,0x0047A6A9,,.text,code,??0Coord3D@@QAE@XZ
225,0x003A653B,,.text,code,??0CylinderEmissionVolumeInfo@FXParticleSystem@@QAE@ABV01@@Z
226,0x003A6958,,.text,code,??0CylinderEmissionVolumeInfo@FXParticleSystem@@QAE@XZ
227,0x003A6A49,,.text,code,??0CylinderEmissionVolumeModuleTemplate@FXParticleSystem@@QAE@ABV01@@Z
228,0x003A69FF,,.text,code,??0CylinderEmissionVolumeModuleTemplate@FXParticleSystem@@QAE@XZ
229,0x003A7501,,.text,code,??0CylindricalEmissionVelocityInfo@FXParticleSystem@@QAE@ABV01@@Z
230,0x003A7489,,.text,code,??0CylindricalEmissionVelocityInfo@FXParticleSystem@@QAE@XZ
231,0x003A75D4,,.text,code,??0CylindricalEmissionVelocityModuleTemplate@FXParticleSystem@@QAE@ABV01@@Z
232,0x003A757D,,.text,code,??0CylindricalEmissionVelocityModuleTemplate@FXParticleSystem@@QAE@XZ
233,0x003A616F,,.text,code,??0DefaultAlphaModuleInfo@FXParticleSystem@@QAE@ABV01@@Z
234,0x0055B44D,,.text,code,??0DefaultAlphaModuleInfo@FXParticleSystem@@QAE@XZ
235,0x003A62D9,,.text,code,??0DefaultColorModuleInfo@FXParticleSystem@@QAE@ABV01@@Z
236,0x0055BC39,,.text,code,??0DefaultColorModuleInfo@FXParticleSystem@@QAE@XZ
237,0x003A643C,,.text,code,??0DefaultDrawModuleInfo@FXParticleSystem@@QAE@ABV01@@Z
238,0x0055C446,,.text,code,??0DefaultDrawModuleInfo@FXParticleSystem@@QAE@XZ
239,0x003A7736,,.text,code,??0DefaultPhysicsModuleInfo@FXParticleSystem@@QAE@ABV01@@Z
240,0x0055EE5E,,.text,code,??0DefaultPhysicsModuleInfo@FXParticleSystem@@QAE@XZ
241,0x003A789E,,.text,code,??0DefaultUpdateModuleInfo@FXParticleSystem@@QAE@ABV01@@Z
242,0x0055F529,,.text,code,??0DefaultUpdateModuleInfo@FXParticleSystem@@QAE@XZ
243,0x001F35CE,,.text,code,??0EmissionVelocityInfo@FXParticleSystem@@QAE@ABV01@@Z
244,0x001F35C5,,.text,code,??0EmissionVelocityInfo@FXParticleSystem@@QAE@XZ
245,0x001F3550,,.text,code,??0EmissionVolumeInfo@FXParticleSystem@@QAE@ABV01@@Z
246,0x001F353D,,.text,code,??0EmissionVolumeInfo@FXParticleSystem@@QAE@XZ
247,0x00001236,,.text,code,??0EventModuleInfo@FXParticleSystem@@QAE@XZ
248,0x000B4979,,.text,code,??0GameClientRandomVariable@@QAE@XZ
249,0x003A9D73,,.text,code,??0GpuDrawModuleInfo@FXParticleSystem@@QAE@ABV01@@Z
250,0x00563981,,.text,code,??0GpuDrawModuleInfo@FXParticleSystem@@QAE@XZ
251,0x003A9EC7,,.text,code,??0GpuDrawModuleTemplate@FXParticleSystem@@QAE@ABV01@@Z
252,0x003A9E29,,.text,code,??0GpuDrawModuleTemplate@FXParticleSystem@@QAE@XZ
253,0x003A7418,,.text,code,??0HemisphericalEmissionVelocityModuleTemplate@FXParticleSystem@@QAE@ABV01@@Z
254,0x003A73F8,,.text,code,??0HemisphericalEmissionVelocityModuleTemplate@FXParticleSystem@@QAE@XZ
255,0x005CFBC2,,.text,code,??0ICoord2D@@QAE@ABUICoord2DBase@@@Z
256,0x0007E523,,.text,code,??0ICoord2D@@QAE@HH@Z
257,0x0047A6A9,,.text,code,??0ICoord2D@@QAE@XZ
258,0x005CC49A,,.text,code,??0ICoord3D@@QAE@HHH@Z
259,0x0047A6A9,,.text,code,??0ICoord3D@@QAE@XZ
260,0x0047A6A9,,.text,code,??0IRegion3D@@QAE@XZ
261,0x0007E523,,.text,code,??0IntRange@@QAE@HH@Z
262,0x0047A6A9,,.text,code,??0IntRange@@QAE@XZ
263,0x005993CD,,.text,code,??0Keyframe@FXParticleSystem@@QAE@XZ
264,0x003A9900,,.text,code,??0LifeEventModuleInfo@FXParticleSystem@@QAE@ABV01@@Z
265,0x00564001,,.text,code,??0LifeEventModuleInfo@FXParticleSystem@@QAE@XZ
266,0x003A99E4,,.text,code,??0LifeEventModuleTemplate@FXParticleSystem@@QAE@ABV01@@Z
267,0x003A999C,,.text,code,??0LifeEventModuleTemplate@FXParticleSystem@@QAE@XZ
268,0x003A7DCA,,.text,code,??0LightningDrawModuleInfo@FXParticleSystem@@QAE@ABV01@@Z
269,0x0056142E,,.text,code,??0LightningDrawModuleInfo@FXParticleSystem@@QAE@XZ
270,0x003A7E8F,,.text,code,??0LightningDrawModuleTemplate@FXParticleSystem@@QAE@ABV01@@Z
271,0x003A7E38,,.text,code,??0LightningDrawModuleTemplate@FXParticleSystem@@QAE@XZ
272,0x003A6AF5,,.text,code,??0LightningEmissionInfo@FXParticleSystem@@QAE@ABV01@@Z
273,0x0055D9A5,,.text,code,??0LightningEmissionInfo@FXParticleSystem@@QAE@XZ
274,0x003A6CB0,,.text,code,??0LightningEmissionModuleTemplate@FXParticleSystem@@QAE@ABV01@@Z
275,0x003A6C59,,.text,code,??0LightningEmissionModuleTemplate@FXParticleSystem@@QAE@XZ
276,0x003A653B,,.text,code,??0LineEmissionVolumeInfo@FXParticleSystem@@QAE@ABV01@@Z
277,0x003A6958,,.text,code,??0LineEmissionVolumeInfo@FXParticleSystem@@QAE@XZ
278,0x003A65E9,,.text,code,??0LineEmissionVolumeModuleTemplate@FXParticleSystem@@QAE@ABV01@@Z
279,0x003A659F,,.text,code,??0LineEmissionVolumeModuleTemplate@FXParticleSystem@@QAE@XZ
280,0x0004254E,,.text,code,??0LineSegment2D@@QAE@ABU0@@Z
281,0x00004C06,,.text,code,??0LineSegment2D@@QAE@ABVCoord2D@@0@Z
282,0x0047A6A9,,.text,code,??0LineSegment2D@@QAE@XZ
283,0x00005B4D,,.text,code,??0Matrix4D@@QAE@ABV0@@Z
284,0x00005BB8,,.text,code,??0Matrix4D@@QAE@ABVCoord3D@@@Z
285,0x00004079,,.text,code,??0Matrix4D@@QAE@ABVCoord3D@@M@Z
286,0x00005C2C,,.text,code,??0Matrix4D@@QAE@MMMMMMMMMMMMMMMM@Z
287,0x0047A6A9,,.text,code,??0Matrix4D@@QAE@XZ
288,0x00005AE7,,.text,code,??0Matrix4D@@QAE@_N@Z
289,0x000011C4,,.text,code,??0ModuleTemplate@FXParticleSystem@@QAE@ABV01@@Z
290,0x000011B4,,.text,code,??0ModuleTemplate@FXParticleSystem@@QAE@XZ
291,0x003A706F,,.text,code,??0OrthoEmissionVelocityInfo@FXParticleSystem@@QAE@ABV01@@Z
292,0x003A6FD0,,.text,code,??0OrthoEmissionVelocityInfo@FXParticleSystem@@QAE@XZ
293,0x003A7173,,.text,code,??0OrthoEmissionVelocityModuleTemplate@FXParticleSystem@@QAE@ABV01@@Z
294,0x003A711C,,.text,code,??0OrthoEmissionVelocityModuleTemplate@FXParticleSystem@@QAE@XZ
295,0x003A7501,,.text,code,??0OutwardEmissionVelocityInfo@FXParticleSystem@@QAE@ABV01@@Z
296,0x003A7489,,.text,code,??0OutwardEmissionVelocityInfo@FXParticleSystem@@QAE@XZ
297,0x003A76D5,,.text,code,??0OutwardEmissionVelocityModuleTemplate@FXParticleSystem@@QAE@ABV01@@Z
298,0x003A767E,,.text,code,??0OutwardEmissionVelocityModuleTemplate@FXParticleSystem@@QAE@XZ
299,0x00002459,,.text,code,??0ParticleSystemInfo@FXParticleSystem@@QAE@ABV01@@Z
300,0x001F4E82,,.text,code,??0ParticleSystemInfo@FXParticleSystem@@QAE@XZ
301,0x001FCE6B,,.text,code,??0ParticleSystemTemplate@FXParticleSystem@@QAE@ABV01@@Z
302,0x001FC1E0,,.text,code,??0ParticleSystemTemplate@FXParticleSystem@@QAE@ABVAsciiString@@@Z
303,0x003A64B0,,.text,code,??0PointEmissionVolumeModuleTemplate@FXParticleSystem@@QAE@ABV01@@Z
304,0x003A6487,,.text,code,??0PointEmissionVolumeModuleTemplate@FXParticleSystem@@QAE@XZ
305,0x0027EA56,,.text,code,??0PooledString@@QAE@ABV0@@Z
306,0x0060BE03,,.text,code,??0PooledString@@QAE@ABVAsciiString@@@Z
307,0x0060B7CD,,.text,code,??0PooledString@@QAE@PBD@Z
308,0x0060B7C4,,.text,code,??0PooledString@@QAE@XZ
309,0x003A7BEA,,.text,code,??0QuadDrawModuleInfo@FXParticleSystem@@QAE@ABV01@@Z
310,0x005601AD,,.text,code,??0QuadDrawModuleInfo@FXParticleSystem@@QAE@XZ
311,0x003A7C4C,,.text,code,??0QuadDrawModuleTemplate@FXParticleSystem@@QAE@ABV01@@Z
312,0x003A7BF5,,.text,code,??0QuadDrawModuleTemplate@FXParticleSystem@@QAE@XZ
313,0x00006538,,.text,code,??0RGBColor@@QAE@H@Z
314,0x000423A0,,.text,code,??0RGBColor@@QAE@MMM@Z
315,0x0047A6A9,,.text,code,??0RGBColor@@QAE@XZ
316,0x00001E67,,.text,code,??0RGBColorKeyframe@FXParticleSystem@@QAE@XZ
317,0x00001E7F,,.text,code,??0RandomAlphaKeyframe@FXParticleSystem@@QAE@XZ
318,0x00003F3A,,.text,code,??0RealRange@@QAE@MM@Z
319,0x0047A6A9,,.text,code,??0RealRange@@QAE@XZ
320,0x0004254E,,.text,code,??0Region2D@@QAE@ABU0@@Z
321,0x00004C06,,.text,code,??0Region2D@@QAE@ABVCoord2D@@0@Z
322,0x0047A6A9,,.text,code,??0Region2D@@QAE@XZ
323,0x0009AC04,,.text,code,??0Region3D@@QAE@ABU0@@Z
324,0x0047A6A9,,.text,code,??0Region3D@@QAE@XZ
325,0x003A9AD6,,.text,code,??0RenderObjectDrawModuleInfo@FXParticleSystem@@QAE@ABV01@@Z
326,0x00562BB1,,.text,code,??0RenderObjectDrawModuleInfo@FXParticleSystem@@QAE@XZ
327,0x003A9C80,,.text,code,??0RenderObjectDrawModuleTemplate@FXParticleSystem@@QAE@ABV01@@Z
328,0x003A9BE2,,.text,code,??0RenderObjectDrawModuleTemplate@FXParticleSystem@@QAE@XZ
329,0x003A7F3E,,.text,code,??0RenderObjectUpdateModuleInfo@FXParticleSystem@@QAE@ABV01@@Z
330,0x00561F99,,.text,code,??0RenderObjectUpdateModuleInfo@FXParticleSystem@@QAE@XZ
331,0x003A80FF,,.text,code,??0RenderObjectUpdateModuleTemplate@FXParticleSystem@@QAE@ABV01@@Z
332,0x003A80A8,,.text,code,??0RenderObjectUpdateModuleTemplate@FXParticleSystem@@QAE@XZ
333,0x00001745,,.text,code,??0Snapshot@@QAE@ABV0@@Z
334,0x000053A6,,.text,code,??0Snapshot@@QAE@XZ
335,0x003A67FD,,.text,code,??0SphereEmissionVolumeInfo@FXParticleSystem@@QAE@ABV01@@Z
336,0x003A67E8,,.text,code,??0SphereEmissionVolumeInfo@FXParticleSystem@@QAE@XZ
337,0x003A68AF,,.text,code,??0SphereEmissionVolumeModuleTemplate@FXParticleSystem@@QAE@ABV01@@Z
338,0x003A687E,,.text,code,??0SphereEmissionVolumeModuleTemplate@FXParticleSystem@@QAE@XZ
339,0x003A7270,,.text,code,??0SphericalEmissionVelocityInfo@FXParticleSystem@@QAE@ABV01@@Z
340,0x003A721F,,.text,code,??0SphericalEmissionVelocityInfo@FXParticleSystem@@QAE@XZ
341,0x003A734E,,.text,code,??0SphericalEmissionVelocityModuleTemplate@FXParticleSystem@@QAE@ABV01@@Z
342,0x003A72F7,,.text,code,??0SphericalEmissionVelocityModuleTemplate@FXParticleSystem@@QAE@XZ
343,0x003A7AB2,,.text,code,??0StreakDrawModuleInfo@FXParticleSystem@@QAE@ABV01@@Z
344,0x0055FD41,,.text,code,??0StreakDrawModuleInfo@FXParticleSystem@@QAE@XZ
345,0x003A7B5F,,.text,code,??0StreakDrawModuleTemplate@FXParticleSystem@@QAE@ABV01@@Z
346,0x003A7B08,,.text,code,??0StreakDrawModuleTemplate@FXParticleSystem@@QAE@XZ
347,0x003A9FBA,,.text,code,??0TerrainCollisionModuleInfo@FXParticleSystem@@QAE@ABV01@@Z
348,0x0056459E,,.text,code,??0TerrainCollisionModuleInfo@FXParticleSystem@@QAE@XZ
349,0x003AA107,,.text,code,??0TerrainCollisionModuleTemplate@FXParticleSystem@@QAE@ABV01@@Z
350,0x003AA078,,.text,code,??0TerrainCollisionModuleTemplate@FXParticleSystem@@QAE@XZ
351,0x003A6E0E,,.text,code,??0TerrainFireEmissionInfo@FXParticleSystem@@QAE@ABV01@@Z
352,0x003A6D5F,,.text,code,??0TerrainFireEmissionInfo@FXParticleSystem@@QAE@XZ
353,0x003A6F24,,.text,code,??0TerrainFireEmissionModuleTemplate@FXParticleSystem@@QAE@ABV01@@Z
354,0x003A6ECD,,.text,code,??0TerrainFireEmissionModuleTemplate@FXParticleSystem@@QAE@XZ
355,0x00006618,,.text,code,??0UnicodeString@@QAE@ABV0@@Z
356,0x00006664,,.text,code,??0UnicodeString@@QAE@ABV0@HH@Z
357,0x006CB6D0,,.text,code,??0UnicodeString@@QAE@ABVAsciiString@@@Z
358,0x00006652,,.text,code,??0UnicodeString@@QAE@G@Z
359,0x0000662A,,.text,code,??0UnicodeString@@QAE@PBG@Z
360,0x0000663C,,.text,code,??0UnicodeString@@QAE@PBGH@Z
361,0x00326BE6,,.text,code,??0UnicodeString@@QAE@XZ
362,0x001F35DF,,.text,code,??0WindModuleInfo@FXParticleSystem@@QAE@ABV01@@Z
363,0x003A53C4,,.text,code,??0WindModuleInfo@FXParticleSystem@@QAE@XZ
364,0x000053DE,,.text,code,??0Xfer@@QAE@XZ
365,0x0057C03B,,.text,code,??1?$CategoryModuleClass@$00@FXParticleSystem@@IAE@XZ
366,0x0057C03B,,.text,code,??1?$CategoryModuleClass@$01@FXParticleSystem@@IAE@XZ
367,0x0057C03B,,.text,code,??1?$CategoryModuleClass@$02@FXParticleSystem@@IAE@XZ
368,0x0057C03B,,.text,code,??1?$CategoryModuleClass@$03@FXParticleSystem@@IAE@XZ
369,0x0057C03B,,.text,code,??1?$CategoryModuleClass@$04@FXParticleSystem@@IAE@XZ
370,0x0057C03B,,.text,code,??1?$CategoryModuleClass@$05@FXParticleSystem@@IAE@XZ
371,0x0057C03B,,.text,code,??1?$CategoryModuleClass@$06@FXParticleSystem@@IAE@XZ
372,0x0057C03B,,.text,code,??1?$CategoryModuleClass@$07@FXParticleSystem@@IAE@XZ
373,0x0057C03B,,.text,code,??1?$CategoryModuleClass@$0A@@FXParticleSystem@@IAE@XZ
374,0x005FED52,,.text,code,??1?$CategoryModuleInfo@$00@FXParticleSystem@@IAE@XZ
375,0x005FED52,,.text,code,??1?$CategoryModuleInfo@$01@FXParticleSystem@@IAE@XZ
376,0x005FED52,,.text,code,??1?$CategoryModuleInfo@$02@FXParticleSystem@@IAE@XZ
377,0x005FED52,,.text,code,??1?$CategoryModuleInfo@$03@FXParticleSystem@@IAE@XZ
378,0x005FED52,,.text,code,??1?$CategoryModuleInfo@$04@FXParticleSystem@@IAE@XZ
379,0x005FED52,,.text,code,??1?$CategoryModuleInfo@$05@FXParticleSystem@@IAE@XZ
380,0x005FED52,,.text,code,??1?$CategoryModuleInfo@$06@FXParticleSystem@@IAE@XZ
381,0x005FED52,,.text,code,??1?$CategoryModuleInfo@$07@FXParticleSystem@@IAE@XZ
382,0x005FED52,,.text,code,??1?$CategoryModuleInfo@$0A@@FXParticleSystem@@IAE@XZ
383,0x00001F18,,.text,code,??1?$CategoryModuleTemplate@$00@FXParticleSystem@@UAE@XZ
384,0x00001F18,,.text,code,??1?$CategoryModuleTemplate@$01@FXParticleSystem@@UAE@XZ
385,0x00001F18,,.text,code,??1?$CategoryModuleTemplate@$02@FXParticleSystem@@UAE@XZ
386,0x00001F18,,.text,code,??1?$CategoryModuleTemplate@$03@FXParticleSystem@@UAE@XZ
387,0x00001F18,,.text,code,??1?$CategoryModuleTemplate@$04@FXParticleSystem@@UAE@XZ
388,0x00001F18,,.text,code,??1?$CategoryModuleTemplate@$05@FXParticleSystem@@UAE@XZ
389,0x003A6201,,.text,code,??1?$CategoryModuleTemplate@$06@FXParticleSystem@@UAE@XZ
390,0x00001F18,,.text,code,??1?$CategoryModuleTemplate@$07@FXParticleSystem@@UAE@XZ
391,0x00001F18,,.text,code,??1?$CategoryModuleTemplate@$0A@@FXParticleSystem@@UAE@XZ
392,0x00001F18,,.text,code,??1?$CategoryModuleTemplateBase@$00@FXParticleSystem@@UAE@XZ
393,0x00001F18,,.text,code,??1?$CategoryModuleTemplateBase@$01@FXParticleSystem@@UAE@XZ
394,0x00001F18,,.text,code,??1?$CategoryModuleTemplateBase@$02@FXParticleSystem@@UAE@XZ
395,0x00001F18,,.text,code,??1?$CategoryModuleTemplateBase@$03@FXParticleSystem@@UAE@XZ
396,0x00001F18,,.text,code,??1?$CategoryModuleTemplateBase@$04@FXParticleSystem@@UAE@XZ
397,0x00001F18,,.text,code,??1?$CategoryModuleTemplateBase@$05@FXParticleSystem@@UAE@XZ
398,0x00001F18,,.text,code,??1?$CategoryModuleTemplateBase@$06@FXParticleSystem@@UAE@XZ
399,0x00001F18,,.text,code,??1?$CategoryModuleTemplateBase@$07@FXParticleSystem@@UAE@XZ
400,0x00001F18,,.text,code,??1?$CategoryModuleTemplateBase@$0A@@FXParticleSystem@@UAE@XZ
401,0x0057C03B,,.text,code,??1?$ConcreteModuleClass@UOrthoEmissionVelocityModuleTag@FXParticleSystem@@@FXParticleSystem@@QAE@XZ
402,0x0057C03B,,.text,code,??1?$ConcreteModuleClass@UPointEmissionVolumeModuleTag@FXParticleSystem@@@FXParticleSystem@@QAE@XZ
403,0x0057C03B,,.text,code,??1?$ConcreteModuleClass@V?$DefaultModuleTag@$00@FXParticleSystem@@@FXParticleSystem@@QAE@XZ
404,0x0057C03B,,.text,code,??1?$ConcreteModuleClass@V?$DefaultModuleTag@$01@FXParticleSystem@@@FXParticleSystem@@QAE@XZ
405,0x0057C03B,,.text,code,??1?$ConcreteModuleClass@V?$DefaultModuleTag@$02@FXParticleSystem@@@FXParticleSystem@@QAE@XZ
406,0x0057C03B,,.text,code,??1?$ConcreteModuleClass@V?$DefaultModuleTag@$05@FXParticleSystem@@@FXParticleSystem@@QAE@XZ
407,0x0057C03B,,.text,code,??1?$ConcreteModuleClass@V?$DefaultModuleTag@$06@FXParticleSystem@@@FXParticleSystem@@QAE@XZ
408,0x0057C03B,,.text,code,??1?$ConcreteModuleClass@V?$DefaultModuleTag@$0A@@FXParticleSystem@@@FXParticleSystem@@QAE@XZ
409,0x0057C03B,,.text,code,??1?$ConcreteModuleClass@V?$ModuleTag@$01$E?RENDEROBJECT_UPDATE_MODULE_KEY@FXParticleSystem@@3QBDB$E?RENDEROBJECT_UPDATE_MODULE_NAME@2@3QBDBVRenderObjectUpdateModule@2@VRenderObjectUpdateModuleTemplate@2@VRenderObjectParticleUpdateModule@2@@FXParticleSystem@@@FXParticleSystem@@QAE@XZ
410,0x0057C03B,,.text,code,??1?$ConcreteModuleClass@V?$ModuleTag@$03$E?CYLINDRICAL_EMISSION_VELOCITY_MODULE_KEY@FXParticleSystem@@3QBDB$E?CYLINDRICAL_EMISSION_VELOCITY_MODULE_NAME@2@3QBDBVCylindricalEmissionVelocityModule@2@VCylindricalEmissionVelocityModuleTemplate@2@V?$DefaultParticleModule@$03@2@@FXParticleSystem@@@FXParticleSystem@@QAE@XZ
411,0x0057C03B,,.text,code,??1?$ConcreteModuleClass@V?$ModuleTag@$03$E?HEMISPHERICAL_EMISSION_VELOCITY_MODULE_KEY@FXParticleSystem@@3QBDB$E?HEMISPHERICAL_EMISSION_VELOCITY_MODULE_NAME@2@3QBDBVHemisphericalEmissionVelocityModule@2@VHemisphericalEmissionVelocityModuleTemplate@2@V?$DefaultParticleModule@$03@2@@FXParticleSystem@@@FXParticleSystem@@QAE@XZ
412,0x0057C03B,,.text,code,??1?$ConcreteModuleClass@V?$ModuleTag@$03$E?OUTWARD_EMISSION_VELOCITY_MODULE_KEY@FXParticleSystem@@3QBDB$E?OUTWARD_EMISSION_VELOCITY_MODULE_NAME@2@3QBDBVOutwardEmissionVelocityModule@2@VOutwardEmissionVelocityModuleTemplate@2@V?$DefaultParticleModule@$03@2@@FXParticleSystem@@@FXParticleSystem@@QAE@XZ
413,0x0057C03B,,.text,code,??1?$ConcreteModuleClass@V?$ModuleTag@$03$E?SPHERICAL_EMISSION_VELOCITY_MODULE_KEY@FXParticleSystem@@3QBDB$E?SPHERICAL_EMISSION_VELOCITY_MODULE_NAME@2@3QBDBVSphericalEmissionVelocityModule@2@VSphericalEmissionVelocityModuleTemplate@2@V?$DefaultParticleModule@$03@2@@FXParticleSystem@@@FXParticleSystem@@QAE@XZ
414,0x0057C03B,,.text,code,??1?$ConcreteModuleClass@V?$ModuleTag@$04$E?BOX_EMISSION_VOLUME_MODULE_KEY@FXParticleSystem@@3QBDB$E?BOX_EMISSION_VOLUME_MODULE_NAME@2@3QBDBVBoxEmissionVolumeModule@2@VBoxEmissionVolumeModuleTemplate@2@V?$DefaultParticleModule@$04@2@@FXParticleSystem@@@FXParticleSystem@@QAE@XZ
415,0x0057C03B,,.text,code,??1?$ConcreteModuleClass@V?$ModuleTag@$04$E?CYLINDER_EMISSION_VOLUME_MODULE_KEY@FXParticleSystem@@3QBDB$E?CYLINDER_EMISSION_VOLUME_MODULE_NAME@2@3QBDBVCylinderEmissionVolumeModule@2@VCylinderEmissionVolumeModuleTemplate@2@V?$DefaultParticleModule@$04@2@@FXParticleSystem@@@FXParticleSystem@@QAE@XZ
416,0x0057C03B,,.text,code,??1?$ConcreteModuleClass@V?$ModuleTag@$04$E?LIGHTNING_EMISSION_MODULE_KEY@FXParticleSystem@@3QBDB$E?LIGHTNING_EMISSION_MODULE_NAME@2@3QBDBVLightningEmissionModule@2@VLightningEmissionModuleTemplate@2@V?$DefaultParticleModule@$04@2@@FXParticleSystem@@@FXParticleSystem@@QAE@XZ
417,0x0057C03B,,.text,code,??1?$ConcreteModuleClass@V?$ModuleTag@$04$E?LINE_EMISSION_VOLUME_MODULE_KEY@FXParticleSystem@@3QBDB$E?LINE_EMISSION_VOLUME_MODULE_NAME@2@3QBDBVLineEmissionVolumeModule@2@VLineEmissionVolumeModuleTemplate@2@V?$DefaultParticleModule@$04@2@@FXParticleSystem@@@FXParticleSystem@@QAE@XZ
418,0x0057C03B,,.text,code,??1?$ConcreteModuleClass@V?$ModuleTag@$04$E?SPHERE_EMISSION_VOLUME_MODULE_KEY@FXParticleSystem@@3QBDB$E?SPHERE_EMISSION_VOLUME_MODULE_NAME@2@3QBDBVSphereEmissionVolumeModule@2@VSphereEmissionVolumeModuleTemplate@2@V?$DefaultParticleModule@$04@2@@FXParticleSystem@@@FXParticleSystem@@QAE@XZ
419,0x0057C03B,,.text,code,??1?$ConcreteModuleClass@V?$ModuleTag@$04$E?TERRAIN_FIRE_EMISSION_MODULE_KEY@FXParticleSystem@@3QBDB$E?TERRAIN_FIRE_EMISSION_MODULE_NAME@2@3QBDBVTerrainFireEmissionModule@2@VTerrainFireEmissionModuleTemplate@2@V?$DefaultParticleModule@$04@2@@FXParticleSystem@@@FXParticleSystem@@QAE@XZ
420,0x0057C03B,,.text,code,??1?$ConcreteModuleClass@V?$ModuleTag@$05$E?BUTTERFLY_DRAW_MODULE_KEY@FXParticleSystem@@3QBDB$E?BUTTERFLY_DRAW_MODULE_NAME@2@3QBDBVButterflyDrawModule@2@VButterflyDrawModuleTemplate@2@V?$DefaultParticleModule@$05@2@@FXParticleSystem@@@FXParticleSystem@@QAE@XZ
421,0x0057C03B,,.text,code,??1?$ConcreteModuleClass@V?$ModuleTag@$05$E?GPU_DRAW_MODULE_KEY@FXParticleSystem@@3QBDB$E?GPU_DRAW_MODULE_NAME@2@3QBDBVGpuDrawModule@2@VGpuDrawModuleTemplate@2@V?$DefaultParticleModule@$05@2@@FXParticleSystem@@@FXParticleSystem@@QAE@XZ
422,0x0057C03B,,.text,code,??1?$ConcreteModuleClass@V?$ModuleTag@$05$E?LIGHTNING_DRAW_MODULE_KEY@FXParticleSystem@@3QBDB$E?LIGHTNING_DRAW_MODULE_NAME@2@3QBDBVLightningDrawModule@2@VLightningDrawModuleTemplate@2@V?$DefaultParticleModule@$05@2@@FXParticleSystem@@@FXParticleSystem@@QAE@XZ
423,0x0057C03B,,.text,code,??1?$ConcreteModuleClass@V?$ModuleTag@$05$E?QUAD_DRAW_MODULE_KEY@FXParticleSystem@@3QBDB$E?QUAD_DRAW_MODULE_NAME@2@3QBDBVQuadDrawModule@2@VQuadDrawModuleTemplate@2@V?$DefaultParticleModule@$05@2@@FXParticleSystem@@@FXParticleSystem@@QAE@XZ
424,0x0057C03B,,.text,code,??1?$ConcreteModuleClass@V?$ModuleTag@$05$E?RENDEROBJECT_DRAW_MODULE_KEY@FXParticleSystem@@3QBDB$E?RENDEROBJECT_DRAW_MODULE_NAME@2@3QBDBVRenderObjectDrawModule@2@VRenderObjectDrawModuleTemplate@2@V?$DefaultParticleModule@$05@2@@FXParticleSystem@@@FXParticleSystem@@QAE@XZ
425,0x0057C03B,,.text,code,??1?$ConcreteModuleClass@V?$ModuleTag@$05$E?STREAK_DRAW_MODULE_KEY@FXParticleSystem@@3QBDB$E?STREAK_DRAW_MODULE_NAME@2@3QBDBVStreakDrawModule@2@VStreakDrawModuleTemplate@2@V?$DefaultParticleModule@$05@2@@FXParticleSystem@@@FXParticleSystem@@QAE@XZ
426,0x0057C03B,,.text,code,??1?$ConcreteModuleClass@V?$ModuleTag@$07$E?LIFE_EVENT_MODULE_KEY@FXParticleSystem@@3QBDB$E?LIFE_EVENT_MODULE_NAME@2@3QBDBVLifeEventModule@2@VLifeEventModuleTemplate@2@VParticleLifeEventModule@2@@FXParticleSystem@@@FXParticleSystem@@QAE@XZ
427,0x0057C03B,,.text,code,??1?$ConcreteModuleClass@V?$ModuleTag@$07$E?TERRAIN_COLLISION_MODULE_KEY@FXParticleSystem@@3QBDB$E?TERRAIN_COLLISION_MODULE_NAME@2@3QBDBVTerrainCollisionModule@2@VTerrainCollisionModuleTemplate@2@VParticleTerrainCollisionModule@2@@FXParticleSystem@@@FXParticleSystem@@QAE@XZ
428,0x003A9397,0x003A6201,.text,code,??1?$ConcreteModuleTemplate@UOrthoEmissionVelocityModuleTag@FXParticleSystem@@@FXParticleSystem@@UAE@XZ
429,0x003A9397,0x003A6201,.text,code,??1?$ConcreteModuleTemplate@UPointEmissionVolumeModuleTag@FXParticleSystem@@@FXParticleSystem@@UAE@XZ
430,0x003A9397,0x003A6201,.text,code,??1?$ConcreteModuleTemplate@V?$DefaultModuleTag@$00@FXParticleSystem@@@FXParticleSystem@@UAE@XZ
431,0x003A9397,0x003A6201,.text,code,??1?$ConcreteModuleTemplate@V?$DefaultModuleTag@$01@FXParticleSystem@@@FXParticleSystem@@UAE@XZ
432,0x003A9397,0x003A6201,.text,code,??1?$ConcreteModuleTemplate@V?$DefaultModuleTag@$02@FXParticleSystem@@@FXParticleSystem@@UAE@XZ
433,0x003A9397,0x003A6201,.text,code,??1?$ConcreteModuleTemplate@V?$DefaultModuleTag@$05@FXParticleSystem@@@FXParticleSystem@@UAE@XZ
434,0x003A9397,0x003A6201,.text,code,??1?$ConcreteModuleTemplate@V?$DefaultModuleTag@$06@FXParticleSystem@@@FXParticleSystem@@UAE@XZ
435,0x003A9397,0x003A6201,.text,code,??1?$ConcreteModuleTemplate@V?$DefaultModuleTag@$0A@@FXParticleSystem@@@FXParticleSystem@@UAE@XZ
436,0x003A9397,0x003A6201,.text,code,??1?$ConcreteModuleTemplate@V?$ModuleTag@$01$E?RENDEROBJECT_UPDATE_MODULE_KEY@FXParticleSystem@@3QBDB$E?RENDEROBJECT_UPDATE_MODULE_NAME@2@3QBDBVRenderObjectUpdateModule@2@VRenderObjectUpdateModuleTemplate@2@VRenderObjectParticleUpdateModule@2@@FXParticleSystem@@@FXParticleSystem@@UAE@XZ
437,0x003A9397,0x003A6201,.text,code,??1?$ConcreteModuleTemplate@V?$ModuleTag@$03$E?CYLINDRICAL_EMISSION_VELOCITY_MODULE_KEY@FXParticleSystem@@3QBDB$E?CYLINDRICAL_EMISSION_VELOCITY_MODULE_NAME@2@3QBDBVCylindricalEmissionVelocityModule@2@VCylindricalEmissionVelocityModuleTemplate@2@V?$DefaultParticleModule@$03@2@@FXParticleSystem@@@FXParticleSystem@@UAE@XZ
438,0x003A9397,0x003A6201,.text,code,??1?$ConcreteModuleTemplate@V?$ModuleTag@$03$E?HEMISPHERICAL_EMISSION_VELOCITY_MODULE_KEY@FXParticleSystem@@3QBDB$E?HEMISPHERICAL_EMISSION_VELOCITY_MODULE_NAME@2@3QBDBVHemisphericalEmissionVelocityModule@2@VHemisphericalEmissionVelocityModuleTemplate@2@V?$DefaultParticleModule@$03@2@@FXParticleSystem@@@FXParticleSystem@@UAE@XZ
439,0x003A9397,0x003A6201,.text,code,??1?$ConcreteModuleTemplate@V?$ModuleTag@$03$E?OUTWARD_EMISSION_VELOCITY_MODULE_KEY@FXParticleSystem@@3QBDB$E?OUTWARD_EMISSION_VELOCITY_MODULE_NAME@2@3QBDBVOutwardEmissionVelocityModule@2@VOutwardEmissionVelocityModuleTemplate@2@V?$DefaultParticleModule@$03@2@@FXParticleSystem@@@FXParticleSystem@@UAE@XZ
440,0x003A9397,0x003A6201,.text,code,??1?$ConcreteModuleTemplate@V?$ModuleTag@$03$E?SPHERICAL_EMISSION_VELOCITY_MODULE_KEY@FXParticleSystem@@3QBDB$E?SPHERICAL_EMISSION_VELOCITY_MODULE_NAME@2@3QBDBVSphericalEmissionVelocityModule@2@VSphericalEmissionVelocityModuleTemplate@2@V?$DefaultParticleModule@$03@2@@FXParticleSystem@@@FXParticleSystem@@UAE@XZ
441,0x003A9397,0x003A6201,.text,code,??1?$ConcreteModuleTemplate@V?$ModuleTag@$04$E?BOX_EMISSION_VOLUME_MODULE_KEY@FXParticleSystem@@3QBDB$E?BOX_EMISSION_VOLUME_MODULE_NAME@2@3QBDBVBoxEmissionVolumeModule@2@VBoxEmissionVolumeModuleTemplate@2@V?$DefaultParticleModule@$04@2@@FXParticleSystem@@@FXParticleSystem@@UAE@XZ
442,0x003A9397,0x003A6201,.text,code,??1?$ConcreteModuleTemplate@V?$ModuleTag@$04$E?CYLINDER_EMISSION_VOLUME_MODULE_KEY@FXParticleSystem@@3QBDB$E?CYLINDER_EMISSION_VOLUME_MODULE_NAME@2@3QBDBVCylinderEmissionVolumeModule@2@VCylinderEmissionVolumeModuleTemplate@2@V?$DefaultParticleModule@$04@2@@FXParticleSystem@@@FXParticleSystem@@UAE@XZ
443,0x003A9397,0x003A6201,.text,code,??1?$ConcreteModuleTemplate@V?$ModuleTag@$04$E?LIGHTNING_EMISSION_MODULE_KEY@FXParticleSystem@@3QBDB$E?LIGHTNING_EMISSION_MODULE_NAME@2@3QBDBVLightningEmissionModule@2@VLightningEmissionModuleTemplate@2@V?$DefaultParticleModule@$04@2@@FXParticleSystem@@@FXParticleSystem@@UAE@XZ
444,0x003A9397,0x003A6201,.text,code,??1?$ConcreteModuleTemplate@V?$ModuleTag@$04$E?LINE_EMISSION_VOLUME_MODULE_KEY@FXParticleSystem@@3QBDB$E?LINE_EMISSION_VOLUME_MODULE_NAME@2@3QBDBVLineEmissionVolumeModule@2@VLineEmissionVolumeModuleTemplate@2@V?$DefaultParticleModule@$04@2@@FXParticleSystem@@@FXParticleSystem@@UAE@XZ
445,0x003A9397,0x003A6201,.text,code,??1?$ConcreteModuleTemplate@V?$ModuleTag@$04$E?SPHERE_EMISSION_VOLUME_MODULE_KEY@FXParticleSystem@@3QBDB$E?SPHERE_EMISSION_VOLUME_MODULE_NAME@2@3QBDBVSphereEmissionVolumeModule@2@VSphereEmissionVolumeModuleTemplate@2@V?$DefaultParticleModule@$04@2@@FXParticleSystem@@@FXParticleSystem@@UAE@XZ
446,0x003A9397,0x003A6201,.text,code,??1?$ConcreteModuleTemplate@V?$ModuleTag@$04$E?TERRAIN_FIRE_EMISSION_MODULE_KEY@FXParticleSystem@@3QBDB$E?TERRAIN_FIRE_EMISSION_MODULE_NAME@2@3QBDBVTerrainFireEmissionModule@2@VTerrainFireEmissionModuleTemplate@2@V?$DefaultParticleModule@$04@2@@FXParticleSystem@@@FXParticleSystem@@UAE@XZ
447,0x003A9397,0x003A6201,.text,code,??1?$ConcreteModuleTemplate@V?$ModuleTag@$05$E?BUTTERFLY_DRAW_MODULE_KEY@FXParticleSystem@@3QBDB$E?BUTTERFLY_DRAW_MODULE_NAME@2@3QBDBVButterflyDrawModule@2@VButterflyDrawModuleTemplate@2@V?$DefaultParticleModule@$05@2@@FXParticleSystem@@@FXParticleSystem@@UAE@XZ
448,0x003AA76F,0x003A9E80,.text,code,??1?$ConcreteModuleTemplate@V?$ModuleTag@$05$E?GPU_DRAW_MODULE_KEY@FXParticleSystem@@3QBDB$E?GPU_DRAW_MODULE_NAME@2@3QBDBVGpuDrawModule@2@VGpuDrawModuleTemplate@2@V?$DefaultParticleModule@$05@2@@FXParticleSystem@@@FXParticleSystem@@UAE@XZ
449,0x003A9397,0x003A6201,.text,code,??1?$ConcreteModuleTemplate@V?$ModuleTag@$05$E?LIGHTNING_DRAW_MODULE_KEY@FXParticleSystem@@3QBDB$E?LIGHTNING_DRAW_MODULE_NAME@2@3QBDBVLightningDrawModule@2@VLightningDrawModuleTemplate@2@V?$DefaultParticleModule@$05@2@@FXParticleSystem@@@FXParticleSystem@@UAE@XZ
450,0x003A9397,0x003A6201,.text,code,??1?$ConcreteModuleTemplate@V?$ModuleTag@$05$E?QUAD_DRAW_MODULE_KEY@FXParticleSystem@@3QBDB$E?QUAD_DRAW_MODULE_NAME@2@3QBDBVQuadDrawModule@2@VQuadDrawModuleTemplate@2@V?$DefaultParticleModule@$05@2@@FXParticleSystem@@@FXParticleSystem@@UAE@XZ
451,0x003AA6BD,0x003A9C39,.text,code,??1?$ConcreteModuleTemplate@V?$ModuleTag@$05$E?RENDEROBJECT_DRAW_MODULE_KEY@FXParticleSystem@@3QBDB$E?RENDEROBJECT_DRAW_MODULE_NAME@2@3QBDBVRenderObjectDrawModule@2@VRenderObjectDrawModuleTemplate@2@V?$DefaultParticleModule@$05@2@@FXParticleSystem@@@FXParticleSystem@@UAE@XZ
452,0x003A9397,0x003A6201,.text,code,??1?$ConcreteModuleTemplate@V?$ModuleTag@$05$E?STREAK_DRAW_MODULE_KEY@FXParticleSystem@@3QBDB$E?STREAK_DRAW_MODULE_NAME@2@3QBDBVStreakDrawModule@2@VStreakDrawModuleTemplate@2@V?$DefaultParticleModule@$05@2@@FXParticleSystem@@@FXParticleSystem@@UAE@XZ
453,0x003AB86E,0x003AA0C0,.text,code,??1?$ConcreteModuleTemplate@V?$ModuleTag@$07$E?LIFE_EVENT_MODULE_KEY@FXParticleSystem@@3QBDB$E?LIFE_EVENT_MODULE_NAME@2@3QBDBVLifeEventModule@2@VLifeEventModuleTemplate@2@VParticleLifeEventModule@2@@FXParticleSystem@@@FXParticleSystem@@UAE@XZ
454,0x003AB86E,0x003AA0C0,.text,code,??1?$ConcreteModuleTemplate@V?$ModuleTag@$07$E?TERRAIN_COLLISION_MODULE_KEY@FXParticleSystem@@3QBDB$E?TERRAIN_COLLISION_MODULE_NAME@2@3QBDBVTerrainCollisionModule@2@VTerrainCollisionModuleTemplate@2@VParticleTerrainCollisionModule@2@@FXParticleSystem@@@FXParticleSystem@@UAE@XZ
455,0x003A6201,,.text,code,??1?$DefaultModuleTemplate@$00@FXParticleSystem@@UAE@XZ
456,0x003A6201,,.text,code,??1?$DefaultModuleTemplate@$01@FXParticleSystem@@UAE@XZ
457,0x003A6201,,.text,code,??1?$DefaultModuleTemplate@$02@FXParticleSystem@@UAE@XZ
458,0x003A6201,,.text,code,??1?$DefaultModuleTemplate@$05@FXParticleSystem@@UAE@XZ
459,0x003A9397,0x003A6201,.text,code,??1?$DefaultModuleTemplate@$06@FXParticleSystem@@UAE@XZ
460,0x003A6201,,.text,code,??1?$DefaultModuleTemplate@$0A@@FXParticleSystem@@UAE@XZ
461,0x0048BA39,0x00036410,.text,code,??1?$StringBase@D@@AAE@XZ
462,0x005B804E,0x00036E70,.text,code,??1?$StringBase@G@@AAE@XZ
463,0x0048BA39,0x00036410,.text,code,??1AsciiString@@QAE@XZ
464,0x0049B47C,,.text,code,??1BoxEmissionVolumeInfo@FXParticleSystem@@UAE@XZ
465,0x003A6201,,.text,code,??1BoxEmissionVolumeModuleTemplate@FXParticleSystem@@UAE@XZ
466,0x0049B47C,,.text,code,??1ButterflyDrawModuleInfo@FXParticleSystem@@UAE@XZ
467,0x003A6201,,.text,code,??1ButterflyDrawModuleTemplate@FXParticleSystem@@UAE@XZ
468,0x000B3FD0,,.text,code,??1Coord2D@@QAE@XZ
469,0x000B3FD0,,.text,code,??1Coord3D@@QAE@XZ
470,0x0049B47C,,.text,code,??1CylinderEmissionVolumeInfo@FXParticleSystem@@UAE@XZ
471,0x003A6201,,.text,code,??1CylinderEmissionVolumeModuleTemplate@FXParticleSystem@@UAE@XZ
472,0x0049B47C,,.text,code,??1CylindricalEmissionVelocityInfo@FXParticleSystem@@UAE@XZ
473,0x003A6201,,.text,code,??1CylindricalEmissionVelocityModuleTemplate@FXParticleSystem@@UAE@XZ
474,0x0049B47C,,.text,code,??1DefaultAlphaModuleInfo@FXParticleSystem@@UAE@XZ
475,0x0049B47C,,.text,code,??1DefaultColorModuleInfo@FXParticleSystem@@UAE@XZ
476,0x0049B47C,,.text,code,??1DefaultDrawModuleInfo@FXParticleSystem@@UAE@XZ
477,0x0049B47C,,.text,code,??1DefaultPhysicsModuleInfo@FXParticleSystem@@UAE@XZ
478,0x0049B47C,,.text,code,??1DefaultUpdateModuleInfo@FXParticleSystem@@UAE@XZ
479,0x0049B47C,,.text,code,??1EmissionVelocityInfo@FXParticleSystem@@UAE@XZ
480,0x0049B47C,,.text,code,??1EmissionVolumeInfo@FXParticleSystem@@UAE@XZ
481,0x000B3FD0,,.text,code,??1EventModuleInfo@FXParticleSystem@@IAE@XZ
482,0x003A9D43,,.text,code,??1GpuDrawModuleInfo@FXParticleSystem@@UAE@XZ
483,0x003A9E80,,.text,code,??1GpuDrawModuleTemplate@FXParticleSystem@@UAE@XZ
484,0x003A9397,0x003A6201,.text,code,??1HemisphericalEmissionVelocityModuleTemplate@FXParticleSystem@@UAE@XZ
485,0x003A9F8A,,.text,code,??1LifeEventModuleInfo@FXParticleSystem@@UAE@XZ
486,0x003AA0C0,,.text,code,??1LifeEventModuleTemplate@FXParticleSystem@@UAE@XZ
487,0x0049B47C,,.text,code,??1LightningDrawModuleInfo@FXParticleSystem@@UAE@XZ
488,0x003A6201,,.text,code,??1LightningDrawModuleTemplate@FXParticleSystem@@UAE@XZ
489,0x0049B47C,,.text,code,??1LightningEmissionInfo@FXParticleSystem@@UAE@XZ
490,0x003A6201,,.text,code,??1LightningEmissionModuleTemplate@FXParticleSystem@@UAE@XZ
491,0x0049B47C,,.text,code,??1LineEmissionVolumeInfo@FXParticleSystem@@UAE@XZ
492,0x003A6201,,.text,code,??1LineEmissionVolumeModuleTemplate@FXParticleSystem@@UAE@XZ
493,0x000B3FD0,,.text,code,??1LineSegment2D@@QAE@XZ
494,0x000011BD,,.text,code,??1ModuleTemplate@FXParticleSystem@@UAE@XZ
495,0x0049B47C,,.text,code,??1OrthoEmissionVelocityInfo@FXParticleSystem@@UAE@XZ
496,0x003A6201,,.text,code,??1OrthoEmissionVelocityModuleTemplate@FXParticleSystem@@UAE@XZ
497,0x0049B47C,,.text,code,??1OutwardEmissionVelocityInfo@FXParticleSystem@@UAE@XZ
498,0x003A6201,,.text,code,??1OutwardEmissionVelocityModuleTemplate@FXParticleSystem@@UAE@XZ
499,0x0000240E,,.text,code,??1ParticleSystemInfo@FXParticleSystem@@UAE@XZ
500,0x001FBF4D,,.text,code,??1ParticleSystemTemplate@FXParticleSystem@@UAE@XZ
501,0x003A6201,,.text,code,??1PointEmissionVolumeModuleTemplate@FXParticleSystem@@UAE@XZ
502,0x0049B47C,,.text,code,??1QuadDrawModuleInfo@FXParticleSystem@@UAE@XZ
503,0x003A6201,,.text,code,??1QuadDrawModuleTemplate@FXParticleSystem@@UAE@XZ
504,0x000B3FD0,,.text,code,??1Region2D@@QAE@XZ
505,0x000B3FD0,,.text,code,??1Region3D@@QAE@XZ
506,0x003A9A8B,,.text,code,??1RenderObjectDrawModuleInfo@FXParticleSystem@@UAE@XZ
507,0x003A9C39,,.text,code,??1RenderObjectDrawModuleTemplate@FXParticleSystem@@UAE@XZ
508,0x0049B47C,,.text,code,??1RenderObjectUpdateModuleInfo@FXParticleSystem@@UAE@XZ
509,0x003A6201,,.text,code,??1RenderObjectUpdateModuleTemplate@FXParticleSystem@@UAE@XZ
510,0x0049B47C,,.text,code,??1Snapshot@@UAE@XZ
511,0x0049B47C,,.text,code,??1SphereEmissionVolumeInfo@FXParticleSystem@@UAE@XZ
512,0x003A6201,,.text,code,??1SphereEmissionVolumeModuleTemplate@FXParticleSystem@@UAE@XZ
513,0x0049B47C,,.text,code,??1SphericalEmissionVelocityInfo@FXParticleSystem@@UAE@XZ
514,0x003A6201,,.text,code,??1SphericalEmissionVelocityModuleTemplate@FXParticleSystem@@UAE@XZ
515,0x0049B47C,,.text,code,??1StreakDrawModuleInfo@FXParticleSystem@@UAE@XZ
516,0x003A6201,,.text,code,??1StreakDrawModuleTemplate@FXParticleSystem@@UAE@XZ
517,0x003A9F8A,,.text,code,??1TerrainCollisionModuleInfo@FXParticleSystem@@UAE@XZ
518,0x003AA0C0,,.text,code,??1TerrainCollisionModuleTemplate@FXParticleSystem@@UAE@XZ
519,0x0049B47C,,.text,code,??1TerrainFireEmissionInfo@FXParticleSystem@@UAE@XZ
520,0x003A6201,,.text,code,??1TerrainFireEmissionModuleTemplate@FXParticleSystem@@UAE@XZ
521,0x005B804E,0x00036E70,.text,code,??1UnicodeString@@QAE@XZ
522,0x0049B47C,,.text,code,??1WindModuleInfo@FXParticleSystem@@UAE@XZ
523,0x000053E7,,.text,code,??1Xfer@@UAE@XZ
524,0x001FD28E,,.text,code,??4?$CategoryModuleClassBase@$00$00@FXParticleSystem@@QAEAAV01@ABV01@@Z
525,0x001FD28E,,.text,code,??4?$CategoryModuleClassBase@$01$00@FXParticleSystem@@QAEAAV01@ABV01@@Z
526,0x001FD28E,,.text,code,??4?$CategoryModuleClassBase@$02$00@FXParticleSystem@@QAEAAV01@ABV01@@Z
527,0x001FD28E,,.text,code,??4?$CategoryModuleClassBase@$03$00@FXParticleSystem@@QAEAAV01@ABV01@@Z
528,0x001FD28E,,.text,code,??4?$CategoryModuleClassBase@$04$00@FXParticleSystem@@QAEAAV01@ABV01@@Z
529,0x001FD28E,,.text,code,??4?$CategoryModuleClassBase@$05$00@FXParticleSystem@@QAEAAV01@ABV01@@Z
530,0x001FD28E,,.text,code,??4?$CategoryModuleClassBase@$06$00@FXParticleSystem@@QAEAAV01@ABV01@@Z
531,0x001FD28E,,.text,code,??4?$CategoryModuleClassBase@$07$0A@@FXParticleSystem@@QAEAAV01@ABV01@@Z
532,0x001FD28E,,.text,code,??4?$CategoryModuleClassBase@$0A@$00@FXParticleSystem@@QAEAAV01@ABV01@@Z
533,0x001FD28E,,.text,code,??4?$CategoryModuleInfo@$00@FXParticleSystem@@QAEAAV01@ABV01@@Z
534,0x001FD28E,,.text,code,??4?$CategoryModuleInfo@$01@FXParticleSystem@@QAEAAV01@ABV01@@Z
535,0x001FD28E,,.text,code,??4?$CategoryModuleInfo@$02@FXParticleSystem@@QAEAAV01@ABV01@@Z
536,0x001FD28E,,.text,code,??4?$CategoryModuleInfo@$03@FXParticleSystem@@QAEAAV01@ABV01@@Z
537,0x001FD28E,,.text,code,??4?$CategoryModuleInfo@$04@FXParticleSystem@@QAEAAV01@ABV01@@Z
538,0x001FD28E,,.text,code,??4?$CategoryModuleInfo@$05@FXParticleSystem@@QAEAAV01@ABV01@@Z
539,0x001FD28E,,.text,code,??4?$CategoryModuleInfo@$06@FXParticleSystem@@QAEAAV01@ABV01@@Z
540,0x001FD28E,,.text,code,??4?$CategoryModuleInfo@$07@FXParticleSystem@@QAEAAV01@ABV01@@Z
541,0x001FD28E,,.text,code,??4?$CategoryModuleInfo@$0A@@FXParticleSystem@@QAEAAV01@ABV01@@Z
542,0x001FD28E,,.text,code,??4?$CategoryModuleTemplate@$00@FXParticleSystem@@QAEAAV01@ABV01@@Z
543,0x001FD28E,,.text,code,??4?$CategoryModuleTemplate@$01@FXParticleSystem@@QAEAAV01@ABV01@@Z
544,0x001FD28E,,.text,code,??4?$CategoryModuleTemplate@$02@FXParticleSystem@@QAEAAV01@ABV01@@Z
545,0x001FD28E,,.text,code,??4?$CategoryModuleTemplate@$03@FXParticleSystem@@QAEAAV01@ABV01@@Z
546,0x001FD28E,,.text,code,??4?$CategoryModuleTemplate@$04@FXParticleSystem@@QAEAAV01@ABV01@@Z
547,0x001FD28E,,.text,code,??4?$CategoryModuleTemplate@$05@FXParticleSystem@@QAEAAV01@ABV01@@Z
548,0x001F3719,,.text,code,??4?$CategoryModuleTemplate@$06@FXParticleSystem@@QAEAAV01@ABV01@@Z
549,0x0000124F,,.text,code,??4?$CategoryModuleTemplate@$07@FXParticleSystem@@QAEAAV01@ABV01@@Z
550,0x001FD28E,,.text,code,??4?$CategoryModuleTemplate@$0A@@FXParticleSystem@@QAEAAV01@ABV01@@Z
551,0x001FD28E,,.text,code,??4?$CategoryModuleTemplateBase@$00@FXParticleSystem@@QAEAAV01@ABV01@@Z
552,0x001FD28E,,.text,code,??4?$CategoryModuleTemplateBase@$01@FXParticleSystem@@QAEAAV01@ABV01@@Z
553,0x001FD28E,,.text,code,??4?$CategoryModuleTemplateBase@$02@FXParticleSystem@@QAEAAV01@ABV01@@Z
554,0x001FD28E,,.text,code,??4?$CategoryModuleTemplateBase@$03@FXParticleSystem@@QAEAAV01@ABV01@@Z
555,0x001FD28E,,.text,code,??4?$CategoryModuleTemplateBase@$04@FXParticleSystem@@QAEAAV01@ABV01@@Z
556,0x001FD28E,,.text,code,??4?$CategoryModuleTemplateBase@$05@FXParticleSystem@@QAEAAV01@ABV01@@Z
557,0x001FD28E,,.text,code,??4?$CategoryModuleTemplateBase@$06@FXParticleSystem@@QAEAAV01@ABV01@@Z
558,0x001FD28E,,.text,code,??4?$CategoryModuleTemplateBase@$07@FXParticleSystem@@QAEAAV01@ABV01@@Z
559,0x001FD28E,,.text,code,??4?$CategoryModuleTemplateBase@$0A@@FXParticleSystem@@QAEAAV01@ABV01@@Z
560,0x003A8E13,,.text,code,??4?$ConcreteModuleTemplate@UOrthoEmissionVelocityModuleTag@FXParticleSystem@@@FXParticleSystem@@QAEAAV01@ABV01@@Z
561,0x003A903D,,.text,code,??4?$ConcreteModuleTemplate@UPointEmissionVolumeModuleTag@FXParticleSystem@@@FXParticleSystem@@QAEAAV01@ABV01@@Z
562,0x003A8AB9,,.text,code,??4?$ConcreteModuleTemplate@V?$DefaultModuleTag@$00@FXParticleSystem@@@FXParticleSystem@@QAEAAV01@ABV01@@Z
563,0x003A8C48,,.text,code,??4?$ConcreteModuleTemplate@V?$DefaultModuleTag@$01@FXParticleSystem@@@FXParticleSystem@@QAEAAV01@ABV01@@Z
564,0x003A8BC5,,.text,code,??4?$ConcreteModuleTemplate@V?$DefaultModuleTag@$02@FXParticleSystem@@@FXParticleSystem@@QAEAAV01@ABV01@@Z
565,0x001FD28E,,.text,code,??4?$ConcreteModuleTemplate@V?$DefaultModuleTag@$05@FXParticleSystem@@@FXParticleSystem@@QAEAAV01@ABV01@@Z
566,0x003A8CF1,,.text,code,??4?$ConcreteModuleTemplate@V?$DefaultModuleTag@$06@FXParticleSystem@@@FXParticleSystem@@QAEAAV01@ABV01@@Z
567,0x003A8B3F,,.text,code,??4?$ConcreteModuleTemplate@V?$DefaultModuleTag@$0A@@FXParticleSystem@@@FXParticleSystem@@QAEAAV01@ABV01@@Z
568,0x003A8D5B,,.text,code,??4?$ConcreteModuleTemplate@V?$ModuleTag@$01$E?RENDEROBJECT_UPDATE_MODULE_KEY@FXParticleSystem@@3QBDB$E?RENDEROBJECT_UPDATE_MODULE_NAME@2@3QBDBVRenderObjectUpdateModule@2@VRenderObjectUpdateModuleTemplate@2@VRenderObjectParticleUpdateModule@2@@FXParticleSystem@@@FXParticleSystem@@QAEAAV01@ABV01@@Z
569,0x003A8F9A,,.text,code,??4?$ConcreteModuleTemplate@V?$ModuleTag@$03$E?CYLINDRICAL_EMISSION_VELOCITY_MODULE_KEY@FXParticleSystem@@3QBDB$E?CYLINDRICAL_EMISSION_VELOCITY_MODULE_NAME@2@3QBDBVCylindricalEmissionVelocityModule@2@VCylindricalEmissionVelocityModuleTemplate@2@V?$DefaultParticleModule@$03@2@@FXParticleSystem@@@FXParticleSystem@@QAEAAV01@ABV01@@Z
570,0x003A8EFC,,.text,code,??4?$ConcreteModuleTemplate@V?$ModuleTag@$03$E?HEMISPHERICAL_EMISSION_VELOCITY_MODULE_KEY@FXParticleSystem@@3QBDB$E?HEMISPHERICAL_EMISSION_VELOCITY_MODULE_NAME@2@3QBDBVHemisphericalEmissionVelocityModule@2@VHemisphericalEmissionVelocityModuleTemplate@2@V?$DefaultParticleModule@$03@2@@FXParticleSystem@@@FXParticleSystem@@QAEAAV01@ABV01@@Z
571,0x003A8F9A,,.text,code,??4?$ConcreteModuleTemplate@V?$ModuleTag@$03$E?OUTWARD_EMISSION_VELOCITY_MODULE_KEY@FXParticleSystem@@3QBDB$E?OUTWARD_EMISSION_VELOCITY_MODULE_NAME@2@3QBDBVOutwardEmissionVelocityModule@2@VOutwardEmissionVelocityModuleTemplate@2@V?$DefaultParticleModule@$03@2@@FXParticleSystem@@@FXParticleSystem@@QAEAAV01@ABV01@@Z
572,0x003A8EFC,,.text,code,??4?$ConcreteModuleTemplate@V?$ModuleTag@$03$E?SPHERICAL_EMISSION_VELOCITY_MODULE_KEY@FXParticleSystem@@3QBDB$E?SPHERICAL_EMISSION_VELOCITY_MODULE_NAME@2@3QBDBVSphericalEmissionVelocityModule@2@VSphericalEmissionVelocityModuleTemplate@2@V?$DefaultParticleModule@$03@2@@FXParticleSystem@@@FXParticleSystem@@QAEAAV01@ABV01@@Z
573,0x003A9140,,.text,code,??4?$ConcreteModuleTemplate@V?$ModuleTag@$04$E?BOX_EMISSION_VOLUME_MODULE_KEY@FXParticleSystem@@3QBDB$E?BOX_EMISSION_VOLUME_MODULE_NAME@2@3QBDBVBoxEmissionVolumeModule@2@VBoxEmissionVolumeModuleTemplate@2@V?$DefaultParticleModule@$04@2@@FXParticleSystem@@@FXParticleSystem@@QAEAAV01@ABV01@@Z
574,0x003A9274,,.text,code,??4?$ConcreteModuleTemplate@V?$ModuleTag@$04$E?CYLINDER_EMISSION_VOLUME_MODULE_KEY@FXParticleSystem@@3QBDB$E?CYLINDER_EMISSION_VOLUME_MODULE_NAME@2@3QBDBVCylinderEmissionVolumeModule@2@VCylinderEmissionVolumeModuleTemplate@2@V?$DefaultParticleModule@$04@2@@FXParticleSystem@@@FXParticleSystem@@QAEAAV01@ABV01@@Z
575,0x003A9317,,.text,code,??4?$ConcreteModuleTemplate@V?$ModuleTag@$04$E?LIGHTNING_EMISSION_MODULE_KEY@FXParticleSystem@@3QBDB$E?LIGHTNING_EMISSION_MODULE_NAME@2@3QBDBVLightningEmissionModule@2@VLightningEmissionModuleTemplate@2@V?$DefaultParticleModule@$04@2@@FXParticleSystem@@@FXParticleSystem@@QAEAAV01@ABV01@@Z
576,0x003A90E8,,.text,code,??4?$ConcreteModuleTemplate@V?$ModuleTag@$04$E?LINE_EMISSION_VOLUME_MODULE_KEY@FXParticleSystem@@3QBDB$E?LINE_EMISSION_VOLUME_MODULE_NAME@2@3QBDBVLineEmissionVolumeModule@2@VLineEmissionVolumeModuleTemplate@2@V?$DefaultParticleModule@$04@2@@FXParticleSystem@@@FXParticleSystem@@QAEAAV01@ABV01@@Z
577,0x003A68EF,,.text,code,??4?$ConcreteModuleTemplate@V?$ModuleTag@$04$E?SPHERE_EMISSION_VOLUME_MODULE_KEY@FXParticleSystem@@3QBDB$E?SPHERE_EMISSION_VOLUME_MODULE_NAME@2@3QBDBVSphereEmissionVolumeModule@2@VSphereEmissionVolumeModuleTemplate@2@V?$DefaultParticleModule@$04@2@@FXParticleSystem@@@FXParticleSystem@@QAEAAV01@ABV01@@Z
578,0x003A93C2,,.text,code,??4?$ConcreteModuleTemplate@V?$ModuleTag@$04$E?TERRAIN_FIRE_EMISSION_MODULE_KEY@FXParticleSystem@@3QBDB$E?TERRAIN_FIRE_EMISSION_MODULE_NAME@2@3QBDBVTerrainFireEmissionModule@2@VTerrainFireEmissionModuleTemplate@2@V?$DefaultParticleModule@$04@2@@FXParticleSystem@@@FXParticleSystem@@QAEAAV01@ABV01@@Z
579,0x001FD28E,,.text,code,??4?$ConcreteModuleTemplate@V?$ModuleTag@$05$E?BUTTERFLY_DRAW_MODULE_KEY@FXParticleSystem@@3QBDB$E?BUTTERFLY_DRAW_MODULE_NAME@2@3QBDBVButterflyDrawModule@2@VButterflyDrawModuleTemplate@2@V?$DefaultParticleModule@$05@2@@FXParticleSystem@@@FXParticleSystem@@QAEAAV01@ABV01@@Z
580,0x003A86CC,,.text,code,??4?$ConcreteModuleTemplate@V?$ModuleTag@$05$E?GPU_DRAW_MODULE_KEY@FXParticleSystem@@3QBDB$E?GPU_DRAW_MODULE_NAME@2@3QBDBVGpuDrawModule@2@VGpuDrawModuleTemplate@2@V?$DefaultParticleModule@$05@2@@FXParticleSystem@@@FXParticleSystem@@QAEAAV01@ABV01@@Z
581,0x003A866F,,.text,code,??4?$ConcreteModuleTemplate@V?$ModuleTag@$05$E?LIGHTNING_DRAW_MODULE_KEY@FXParticleSystem@@3QBDB$E?LIGHTNING_DRAW_MODULE_NAME@2@3QBDBVLightningDrawModule@2@VLightningDrawModuleTemplate@2@V?$DefaultParticleModule@$05@2@@FXParticleSystem@@@FXParticleSystem@@QAEAAV01@ABV01@@Z
582,0x001FD28E,,.text,code,??4?$ConcreteModuleTemplate@V?$ModuleTag@$05$E?QUAD_DRAW_MODULE_KEY@FXParticleSystem@@3QBDB$E?QUAD_DRAW_MODULE_NAME@2@3QBDBVQuadDrawModule@2@VQuadDrawModuleTemplate@2@V?$DefaultParticleModule@$05@2@@FXParticleSystem@@@FXParticleSystem@@QAEAAV01@ABV01@@Z
583,0x003A8617,,.text,code,??4?$ConcreteModuleTemplate@V?$ModuleTag@$05$E?RENDEROBJECT_DRAW_MODULE_KEY@FXParticleSystem@@3QBDB$E?RENDEROBJECT_DRAW_MODULE_NAME@2@3QBDBVRenderObjectDrawModule@2@VRenderObjectDrawModuleTemplate@2@V?$DefaultParticleModule@$05@2@@FXParticleSystem@@@FXParticleSystem@@QAEAAV01@ABV01@@Z
584,0x001FD28E,,.text,code,??4?$ConcreteModuleTemplate@V?$ModuleTag@$05$E?STREAK_DRAW_MODULE_KEY@FXParticleSystem@@3QBDB$E?STREAK_DRAW_MODULE_NAME@2@3QBDBVStreakDrawModule@2@VStreakDrawModuleTemplate@2@V?$DefaultParticleModule@$05@2@@FXParticleSystem@@@FXParticleSystem@@QAEAAV01@ABV01@@Z
585,0x003A8D03,,.text,code,??4?$ConcreteModuleTemplate@V?$ModuleTag@$07$E?LIFE_EVENT_MODULE_KEY@FXParticleSystem@@3QBDB$E?LIFE_EVENT_MODULE_NAME@2@3QBDBVLifeEventModule@2@VLifeEventModuleTemplate@2@VParticleLifeEventModule@2@@FXParticleSystem@@@FXParticleSystem@@QAEAAV01@ABV01@@Z
586,0x003A8DBB,,.text,code,??4?$ConcreteModuleTemplate@V?$ModuleTag@$07$E?TERRAIN_COLLISION_MODULE_KEY@FXParticleSystem@@3QBDB$E?TERRAIN_COLLISION_MODULE_NAME@2@3QBDBVTerrainCollisionModule@2@VTerrainCollisionModuleTemplate@2@VParticleTerrainCollisionModule@2@@FXParticleSystem@@@FXParticleSystem@@QAEAAV01@ABV01@@Z
587,0x001FD28E,,.text,code,??4?$DefaultModuleKey@$00@FXParticleSystem@@QAEAAU01@ABU01@@Z
588,0x001FD28E,,.text,code,??4?$DefaultModuleKey@$01@FXParticleSystem@@QAEAAU01@ABU01@@Z
589,0x001FD28E,,.text,code,??4?$DefaultModuleKey@$02@FXParticleSystem@@QAEAAU01@ABU01@@Z
590,0x001FD28E,,.text,code,??4?$DefaultModuleKey@$05@FXParticleSystem@@QAEAAU01@ABU01@@Z
591,0x001FD28E,,.text,code,??4?$DefaultModuleKey@$06@FXParticleSystem@@QAEAAU01@ABU01@@Z
592,0x001FD28E,,.text,code,??4?$DefaultModuleKey@$0A@@FXParticleSystem@@QAEAAU01@ABU01@@Z
593,0x001FD28E,,.text,code,??4?$DefaultModuleName@$00@FXParticleSystem@@QAEAAU01@ABU01@@Z
594,0x001FD28E,,.text,code,??4?$DefaultModuleName@$01@FXParticleSystem@@QAEAAU01@ABU01@@Z
595,0x001FD28E,,.text,code,??4?$DefaultModuleName@$02@FXParticleSystem@@QAEAAU01@ABU01@@Z
596,0x001FD28E,,.text,code,??4?$DefaultModuleName@$05@FXParticleSystem@@QAEAAU01@ABU01@@Z
597,0x001FD28E,,.text,code,??4?$DefaultModuleName@$06@FXParticleSystem@@QAEAAU01@ABU01@@Z
598,0x001FD28E,,.text,code,??4?$DefaultModuleName@$0A@@FXParticleSystem@@QAEAAU01@ABU01@@Z
599,0x003A626A,,.text,code,??4?$DefaultModuleTemplate@$00@FXParticleSystem@@QAEAAV01@ABV01@@Z
600,0x003A79E5,,.text,code,??4?$DefaultModuleTemplate@$01@FXParticleSystem@@QAEAAV01@ABV01@@Z
601,0x003A7832,,.text,code,??4?$DefaultModuleTemplate@$02@FXParticleSystem@@QAEAAV01@ABV01@@Z
602,0x001FD28E,,.text,code,??4?$DefaultModuleTemplate@$05@FXParticleSystem@@QAEAAV01@ABV01@@Z
603,0x003A8CF1,,.text,code,??4?$DefaultModuleTemplate@$06@FXParticleSystem@@QAEAAV01@ABV01@@Z
604,0x003A63CD,,.text,code,??4?$DefaultModuleTemplate@$0A@@FXParticleSystem@@QAEAAV01@ABV01@@Z
605,0x001FD28E,,.text,code,??4?$ModuleTag@$00$E?VALUE@?$DefaultModuleKey@$00@FXParticleSystem@@2QBDB$E?VALUE@?$DefaultModuleName@$00@FXParticleSystem@@2QBDBV?$DefaultModule@$00@FXParticleSystem@@V?$DefaultModuleTemplate@$00@2@V?$DefaultParticleModule@$00@2@@FXParticleSystem@@QAEAAV01@ABV01@@Z
606,0x001FD28E,,.text,code,??4?$ModuleTag@$01$E?RENDEROBJECT_UPDATE_MODULE_KEY@FXParticleSystem@@3QBDB$E?RENDEROBJECT_UPDATE_MODULE_NAME@2@3QBDBVRenderObjectUpdateModule@2@VRenderObjectUpdateModuleTemplate@2@VRenderObjectParticleUpdateModule@2@@FXParticleSystem@@QAEAAV01@ABV01@@Z
607,0x001FD28E,,.text,code,??4?$ModuleTag@$01$E?VALUE@?$DefaultModuleKey@$01@FXParticleSystem@@2QBDB$E?VALUE@?$DefaultModuleName@$01@FXParticleSystem@@2QBDBV?$DefaultModule@$01@FXParticleSystem@@V?$DefaultModuleTemplate@$01@2@V?$DefaultParticleModule@$01@2@@FXParticleSystem@@QAEAAV01@ABV01@@Z
608,0x001FD28E,,.text,code,??4?$ModuleTag@$02$E?VALUE@?$DefaultModuleKey@$02@FXParticleSystem@@2QBDB$E?VALUE@?$DefaultModuleName@$02@FXParticleSystem@@2QBDBV?$DefaultModule@$02@FXParticleSystem@@V?$DefaultModuleTemplate@$02@2@V?$DefaultParticleModule@$02@2@@FXParticleSystem@@QAEAAV01@ABV01@@Z
609,0x001FD28E,,.text,code,??4?$ModuleTag@$03$E?CYLINDRICAL_EMISSION_VELOCITY_MODULE_KEY@FXParticleSystem@@3QBDB$E?CYLINDRICAL_EMISSION_VELOCITY_MODULE_NAME@2@3QBDBVCylindricalEmissionVelocityModule@2@VCylindricalEmissionVelocityModuleTemplate@2@V?$DefaultParticleModule@$03@2@@FXParticleSystem@@QAEAAV01@ABV01@@Z
610,0x001FD28E,,.text,code,??4?$ModuleTag@$03$E?HEMISPHERICAL_EMISSION_VELOCITY_MODULE_KEY@FXParticleSystem@@3QBDB$E?HEMISPHERICAL_EMISSION_VELOCITY_MODULE_NAME@2@3QBDBVHemisphericalEmissionVelocityModule@2@VHemisphericalEmissionVelocityModuleTemplate@2@V?$DefaultParticleModule@$03@2@@FXParticleSystem@@QAEAAV01@ABV01@@Z
611,0x001FD28E,,.text,code,??4?$ModuleTag@$03$E?ORTHO_EMISSION_VELOCITY_MODULE_KEY@FXParticleSystem@@3QBDB$E?ORTHO_EMISSION_VELOCITY_MODULE_NAME@2@3QBDBVOrthoEmissionVelocityModule@2@VOrthoEmissionVelocityModuleTemplate@2@V?$DefaultParticleModule@$03@2@@FXParticleSystem@@QAEAAV01@ABV01@@Z
612,0x001FD28E,,.text,code,??4?$ModuleTag@$03$E?OUTWARD_EMISSION_VELOCITY_MODULE_KEY@FXParticleSystem@@3QBDB$E?OUTWARD_EMISSION_VELOCITY_MODULE_NAME@2@3QBDBVOutwardEmissionVelocityModule@2@VOutwardEmissionVelocityModuleTemplate@2@V?$DefaultParticleModule@$03@2@@FXParticleSystem@@QAEAAV01@ABV01@@Z
613,0x001FD28E,,.text,code,??4?$ModuleTag@$03$E?SPHERICAL_EMISSION_VELOCITY_MODULE_KEY@FXParticleSystem@@3QBDB$E?SPHERICAL_EMISSION_VELOCITY_MODULE_NAME@2@3QBDBVSphericalEmissionVelocityModule@2@VSphericalEmissionVelocityModuleTemplate@2@V?$DefaultParticleModule@$03@2@@FXParticleSystem@@QAEAAV01@ABV01@@Z
614,0x001FD28E,,.text,code,??4?$ModuleTag@$04$E?BOX_EMISSION_VOLUME_MODULE_KEY@FXParticleSystem@@3QBDB$E?BOX_EMISSION_VOLUME_MODULE_NAME@2@3QBDBVBoxEmissionVolumeModule@2@VBoxEmissionVolumeModuleTemplate@2@V?$DefaultParticleModule@$04@2@@FXParticleSystem@@QAEAAV01@ABV01@@Z
615,0x001FD28E,,.text,code,??4?$ModuleTag@$04$E?CYLINDER_EMISSION_VOLUME_MODULE_KEY@FXParticleSystem@@3QBDB$E?CYLINDER_EMISSION_VOLUME_MODULE_NAME@2@3QBDBVCylinderEmissionVolumeModule@2@VCylinderEmissionVolumeModuleTemplate@2@V?$DefaultParticleModule@$04@2@@FXParticleSystem@@QAEAAV01@ABV01@@Z
616,0x001FD28E,,.text,code,??4?$ModuleTag@$04$E?LIGHTNING_EMISSION_MODULE_KEY@FXParticleSystem@@3QBDB$E?LIGHTNING_EMISSION_MODULE_NAME@2@3QBDBVLightningEmissionModule@2@VLightningEmissionModuleTemplate@2@V?$DefaultParticleModule@$04@2@@FXParticleSystem@@QAEAAV01@ABV01@@Z
617,0x001FD28E,,.text,code,??4?$ModuleTag@$04$E?LINE_EMISSION_VOLUME_MODULE_KEY@FXParticleSystem@@3QBDB$E?LINE_EMISSION_VOLUME_MODULE_NAME@2@3QBDBVLineEmissionVolumeModule@2@VLineEmissionVolumeModuleTemplate@2@V?$DefaultParticleModule@$04@2@@FXParticleSystem@@QAEAAV01@ABV01@@Z
618,0x001FD28E,,.text,code,??4?$ModuleTag@$04$E?POINT_EMISSION_VOLUME_MODULE_KEY@FXParticleSystem@@3QBDB$E?POINT_EMISSION_VOLUME_MODULE_NAME@2@3QBDBVPointEmissionVolumeModule@2@VPointEmissionVolumeModuleTemplate@2@V?$DefaultParticleModule@$04@2@@FXParticleSystem@@QAEAAV01@ABV01@@Z
619,0x001FD28E,,.text,code,??4?$ModuleTag@$04$E?SPHERE_EMISSION_VOLUME_MODULE_KEY@FXParticleSystem@@3QBDB$E?SPHERE_EMISSION_VOLUME_MODULE_NAME@2@3QBDBVSphereEmissionVolumeModule@2@VSphereEmissionVolumeModuleTemplate@2@V?$DefaultParticleModule@$04@2@@FXParticleSystem@@QAEAAV01@ABV01@@Z
620,0x001FD28E,,.text,code,??4?$ModuleTag@$04$E?TERRAIN_FIRE_EMISSION_MODULE_KEY@FXParticleSystem@@3QBDB$E?TERRAIN_FIRE_EMISSION_MODULE_NAME@2@3QBDBVTerrainFireEmissionModule@2@VTerrainFireEmissionModuleTemplate@2@V?$DefaultParticleModule@$04@2@@FXParticleSystem@@QAEAAV01@ABV01@@Z
621,0x001FD28E,,.text,code,??4?$ModuleTag@$05$E?BUTTERFLY_DRAW_MODULE_KEY@FXParticleSystem@@3QBDB$E?BUTTERFLY_DRAW_MODULE_NAME@2@3QBDBVButterflyDrawModule@2@VButterflyDrawModuleTemplate@2@V?$DefaultParticleModule@$05@2@@FXParticleSystem@@QAEAAV01@ABV01@@Z
622,0x001FD28E,,.text,code,??4?$ModuleTag@$05$E?GPU_DRAW_MODULE_KEY@FXParticleSystem@@3QBDB$E?GPU_DRAW_MODULE_NAME@2@3QBDBVGpuDrawModule@2@VGpuDrawModuleTemplate@2@V?$DefaultParticleModule@$05@2@@FXParticleSystem@@QAEAAV01@ABV01@@Z
623,0x001FD28E,,.text,code,??4?$ModuleTag@$05$E?LIGHTNING_DRAW_MODULE_KEY@FXParticleSystem@@3QBDB$E?LIGHTNING_DRAW_MODULE_NAME@2@3QBDBVLightningDrawModule@2@VLightningDrawModuleTemplate@2@V?$DefaultParticleModule@$05@2@@FXParticleSystem@@QAEAAV01@ABV01@@Z
624,0x001FD28E,,.text,code,??4?$ModuleTag@$05$E?QUAD_DRAW_MODULE_KEY@FXParticleSystem@@3QBDB$E?QUAD_DRAW_MODULE_NAME@2@3QBDBVQuadDrawModule@2@VQuadDrawModuleTemplate@2@V?$DefaultParticleModule@$05@2@@FXParticleSystem@@QAEAAV01@ABV01@@Z
625,0x001FD28E,,.text,code,??4?$ModuleTag@$05$E?RENDEROBJECT_DRAW_MODULE_KEY@FXParticleSystem@@3QBDB$E?RENDEROBJECT_DRAW_MODULE_NAME@2@3QBDBVRenderObjectDrawModule@2@VRenderObjectDrawModuleTemplate@2@V?$DefaultParticleModule@$05@2@@FXParticleSystem@@QAEAAV01@ABV01@@Z
626,0x001FD28E,,.text,code,??4?$ModuleTag@$05$E?STREAK_DRAW_MODULE_KEY@FXParticleSystem@@3QBDB$E?STREAK_DRAW_MODULE_NAME@2@3QBDBVStreakDrawModule@2@VStreakDrawModuleTemplate@2@V?$DefaultParticleModule@$05@2@@FXParticleSystem@@QAEAAV01@ABV01@@Z
627,0x001FD28E,,.text,code,??4?$ModuleTag@$05$E?VALUE@?$DefaultModuleKey@$05@FXParticleSystem@@2QBDB$E?VALUE@?$DefaultModuleName@$05@FXParticleSystem@@2QBDBV?$DefaultModule@$05@FXParticleSystem@@V?$DefaultModuleTemplate@$05@2@V?$DefaultParticleModule@$05@2@@FXParticleSystem@@QAEAAV01@ABV01@@Z
628,0x001FD28E,,.text,code,??4?$ModuleTag@$06$E?VALUE@?$DefaultModuleKey@$06@FXParticleSystem@@2QBDB$E?VALUE@?$DefaultModuleName@$06@FXParticleSystem@@2QBDBV?$DefaultModule@$06@FXParticleSystem@@V?$DefaultModuleTemplate@$06@2@V?$DefaultParticleModule@$06@2@@FXParticleSystem@@QAEAAV01@ABV01@@Z
629,0x001FD28E,,.text,code,??4?$ModuleTag@$07$E?LIFE_EVENT_MODULE_KEY@FXParticleSystem@@3QBDB$E?LIFE_EVENT_MODULE_NAME@2@3QBDBVLifeEventModule@2@VLifeEventModuleTemplate@2@VParticleLifeEventModule@2@@FXParticleSystem@@QAEAAV01@ABV01@@Z
630,0x001FD28E,,.text,code,??4?$ModuleTag@$07$E?TERRAIN_COLLISION_MODULE_KEY@FXParticleSystem@@3QBDB$E?TERRAIN_COLLISION_MODULE_NAME@2@3QBDBVTerrainCollisionModule@2@VTerrainCollisionModuleTemplate@2@VParticleTerrainCollisionModule@2@@FXParticleSystem@@QAEAAV01@ABV01@@Z
631,0x001FD28E,,.text,code,??4?$ModuleTag@$0A@$E?VALUE@?$DefaultModuleKey@$0A@@FXParticleSystem@@2QBDB$E?VALUE@?$DefaultModuleName@$0A@@FXParticleSystem@@2QBDBV?$DefaultModule@$0A@@FXParticleSystem@@V?$DefaultModuleTemplate@$0A@@2@V?$DefaultParticleModule@$0A@@2@@FXParticleSystem@@QAEAAV01@ABV01@@Z
632,0x00036E50,,.text,code,??4?$StringBase@D@@QAEAAV0@ABV0@@Z
633,0x00037900,,.text,code,??4?$StringBase@G@@QAEAAV0@ABV0@@Z
634,0x00001733,,.text,code,??4AsciiString@@QAEAAV0@ABV0@@Z
635,0x000382B0,,.text,code,??4AsciiString@@QAEAAV0@ABVUnicodeString@@@Z
636,0x000065CA,,.text,code,??4AsciiString@@QAEAAV0@D@Z
637,0x000065B8,,.text,code,??4AsciiString@@QAEAAV0@PBD@Z
638,0x003A6696,,.text,code,??4BoxEmissionVolumeInfo@FXParticleSystem@@QAEAAV01@ABV01@@Z
639,0x003A6778,,.text,code,??4BoxEmissionVolumeModuleTemplate@FXParticleSystem@@QAEAAV01@ABV01@@Z
640,0x001FD28E,,.text,code,??4ButterflyDrawModuleInfo@FXParticleSystem@@QAEAAV01@ABV01@@Z
641,0x001FD28E,,.text,code,??4ButterflyDrawModuleTemplate@FXParticleSystem@@QAEAAV01@ABV01@@Z
642,0x005CFBC2,,.text,code,??4Coord2D@@QAEAAV0@ABUCoord2DBase@@@Z
643,0x005CFBC2,,.text,code,??4Coord2D@@QAEAAV0@ABUCoord3DBase@@@Z
644,0x005CFBC2,,.text,code,??4Coord2D@@QAEAAV0@ABV0@@Z
645,0x005CFBC2,,.text,code,??4Coord2DBase@@QAEAAU0@ABU0@@Z
646,0x00003AB3,,.text,code,??4Coord3D@@QAEAAV0@ABUCoord2DBase@@@Z
647,0x004216D3,,.text,code,??4Coord3D@@QAEAAV0@ABUCoord3DBase@@@Z
648,0x0000353A,,.text,code,??4Coord3D@@QAEAAV0@ABV0@@Z
649,0x00003AB3,,.text,code,??4Coord3D@@QAEAAV0@ABVCoord2D@@@Z
650,0x0000353A,,.text,code,??4Coord3DBase@@QAEAAU0@ABU0@@Z
651,0x003A6986,,.text,code,??4CylinderEmissionVolumeInfo@FXParticleSystem@@QAEAAV01@ABV01@@Z
652,0x003A6A89,,.text,code,??4CylinderEmissionVolumeModuleTemplate@FXParticleSystem@@QAEAAV01@ABV01@@Z
653,0x003A765F,,.text,code,??4CylindricalEmissionVelocityInfo@FXParticleSystem@@QAEAAV01@ABV01@@Z
654,0x003A7715,,.text,code,??4CylindricalEmissionVelocityModuleTemplate@FXParticleSystem@@QAEAAV01@ABV01@@Z
655,0x003A618D,,.text,code,??4DefaultAlphaModuleInfo@FXParticleSystem@@QAEAAV01@ABV01@@Z
656,0x003A6306,,.text,code,??4DefaultColorModuleInfo@FXParticleSystem@@QAEAAV01@ABV01@@Z
657,0x001FD28E,,.text,code,??4DefaultDrawModuleInfo@FXParticleSystem@@QAEAAV01@ABV01@@Z
658,0x003A7776,,.text,code,??4DefaultPhysicsModuleInfo@FXParticleSystem@@QAEAAV01@ABV01@@Z
659,0x003A78FF,,.text,code,??4DefaultUpdateModuleInfo@FXParticleSystem@@QAEAAV01@ABV01@@Z
660,0x001FD28E,,.text,code,??4EmissionVelocityInfo@FXParticleSystem@@QAEAAV01@ABV01@@Z
661,0x001F3565,,.text,code,??4EmissionVolumeInfo@FXParticleSystem@@QAEAAV01@ABV01@@Z
662,0x00001240,,.text,code,??4EventModuleInfo@FXParticleSystem@@QAEAAV01@ABV01@@Z
663,0x0000353A,,.text,code,??4GameClientRandomVariable@@QAEAAV0@ABV0@@Z
664,0x003A7EF0,,.text,code,??4GpuDrawModuleInfo@FXParticleSystem@@QAEAAV01@ABV01@@Z
665,0x003A7F1D,,.text,code,??4GpuDrawModuleTemplate@FXParticleSystem@@QAEAAV01@ABV01@@Z
666,0x003A8EFC,,.text,code,??4HemisphericalEmissionVelocityModuleTemplate@FXParticleSystem@@QAEAAV01@ABV01@@Z
667,0x005CFBC2,,.text,code,??4ICoord2D@@QAEAAU0@ABU0@@Z
668,0x005CFBC2,,.text,code,??4ICoord2D@@QAEAAU0@ABUICoord2DBase@@@Z
669,0x005CFBC2,,.text,code,??4ICoord2DBase@@QAEAAU0@ABU0@@Z
670,0x0000353A,,.text,code,??4ICoord3D@@QAEAAU0@ABU0@@Z
671,0x002E7FDA,,.text,code,??4IRegion2D@@QAEAAU0@ABU0@@Z
672,0x005F178F,,.text,code,??4IRegion3D@@QAEAAU0@ABU0@@Z
673,0x005CFBC2,,.text,code,??4IntRange@@QAEAAU0@ABU0@@Z
674,0x005CFBC2,,.text,code,??4Keyframe@FXParticleSystem@@QAEAAU01@ABU01@@Z
675,0x003A7A51,,.text,code,??4LifeEventModuleInfo@FXParticleSystem@@QAEAAV01@ABV01@@Z
676,0x003A7A7F,,.text,code,??4LifeEventModuleTemplate@FXParticleSystem@@QAEAAV01@ABV01@@Z
677,0x003A7E04,,.text,code,??4LightningDrawModuleInfo@FXParticleSystem@@QAEAAV01@ABV01@@Z
678,0x003A7ECF,,.text,code,??4LightningDrawModuleTemplate@FXParticleSystem@@QAEAAV01@ABV01@@Z
679,0x003A6B8F,,.text,code,??4LightningEmissionInfo@FXParticleSystem@@QAEAAV01@ABV01@@Z
680,0x003A6CF0,,.text,code,??4LightningEmissionModuleTemplate@FXParticleSystem@@QAEAAV01@ABV01@@Z
681,0x003A657A,,.text,code,??4LineEmissionVolumeInfo@FXParticleSystem@@QAEAAV01@ABV01@@Z
682,0x003A6629,,.text,code,??4LineEmissionVolumeModuleTemplate@FXParticleSystem@@QAEAAV01@ABV01@@Z
683,0x002E7FDA,,.text,code,??4LineSegment2D@@QAEAAU0@ABU0@@Z
684,0x00005B4D,,.text,code,??4Matrix4D@@QAEAAV0@ABV0@@Z
685,0x001FD28E,,.text,code,??4ModuleTemplate@FXParticleSystem@@QAEAAV01@ABV01@@Z
686,0x003A70A9,,.text,code,??4OrthoEmissionVelocityInfo@FXParticleSystem@@QAEAAV01@ABV01@@Z
687,0x001FD28E,,.text,code,??4OrthoEmissionVelocityModuleTag@FXParticleSystem@@QAEAAU01@ABU01@@Z
688,0x003A71B3,,.text,code,??4OrthoEmissionVelocityModuleTemplate@FXParticleSystem@@QAEAAV01@ABV01@@Z
689,0x003A765F,,.text,code,??4OutwardEmissionVelocityInfo@FXParticleSystem@@QAEAAV01@ABV01@@Z
690,0x003A7715,,.text,code,??4OutwardEmissionVelocityModuleTemplate@FXParticleSystem@@QAEAAV01@ABV01@@Z
691,0x0000200D,,.text,code,??4ParticleSystemInfo@FXParticleSystem@@QAEAAV01@ABV01@@Z
692,0x001FCED1,,.text,code,??4ParticleSystemTemplate@FXParticleSystem@@QAEAAV01@ABV01@@Z
693,0x001FD28E,,.text,code,??4PointEmissionVolumeModuleTag@FXParticleSystem@@QAEAAU01@ABU01@@Z
694,0x003A903D,,.text,code,??4PointEmissionVolumeModuleTemplate@FXParticleSystem@@QAEAAV01@ABV01@@Z
695,0x0027EA56,,.text,code,??4PooledString@@QAEAAV0@ABV0@@Z
696,0x0060BE7F,,.text,code,??4PooledString@@QAEAAV0@ABVAsciiString@@@Z
697,0x0060B80E,,.text,code,??4PooledString@@QAEAAV0@PBD@Z
698,0x001FD28E,,.text,code,??4QuadDrawModuleInfo@FXParticleSystem@@QAEAAV01@ABV01@@Z
699,0x001FD28E,,.text,code,??4QuadDrawModuleTemplate@FXParticleSystem@@QAEAAV01@ABV01@@Z
700,0x002E7FDA,,.text,code,??4RGBAColorInt@@QAEAAU0@ABU0@@Z
701,0x002E7FDA,,.text,code,??4RGBAColorReal@@QAEAAU0@ABU0@@Z
702,0x0000353A,,.text,code,??4RGBColor@@QAEAAU0@ABU0@@Z
703,0x002E7FDA,,.text,code,??4RGBColorKeyframe@FXParticleSystem@@QAEAAU01@ABU01@@Z
704,0x002E7FDA,,.text,code,??4RandomAlphaKeyframe@FXParticleSystem@@QAEAAU01@ABU01@@Z
705,0x005CFBC2,,.text,code,??4RealRange@@QAEAAU0@ABU0@@Z
706,0x002E7FDA,,.text,code,??4Region2D@@QAEAAU0@ABU0@@Z
707,0x005F178F,,.text,code,??4Region3D@@QAEAAU0@ABU0@@Z
708,0x003A7D2E,,.text,code,??4RenderObjectDrawModuleInfo@FXParticleSystem@@QAEAAV01@ABV01@@Z
709,0x003A7DA9,,.text,code,??4RenderObjectDrawModuleTemplate@FXParticleSystem@@QAEAAV01@ABV01@@Z
710,0x003A7FCF,,.text,code,??4RenderObjectUpdateModuleInfo@FXParticleSystem@@QAEAAV01@ABV01@@Z
711,0x003A813F,,.text,code,??4RenderObjectUpdateModuleTemplate@FXParticleSystem@@QAEAAV01@ABV01@@Z
712,0x001FD28E,,.text,code,??4Snapshot@@QAEAAV0@ABV0@@Z
713,0x003A681E,,.text,code,??4SphereEmissionVolumeInfo@FXParticleSystem@@QAEAAV01@ABV01@@Z
714,0x003A68EF,,.text,code,??4SphereEmissionVolumeModuleTemplate@FXParticleSystem@@QAEAAV01@ABV01@@Z
715,0x003A7296,,.text,code,??4SphericalEmissionVelocityInfo@FXParticleSystem@@QAEAAV01@ABV01@@Z
716,0x003A738E,,.text,code,??4SphericalEmissionVelocityModuleTemplate@FXParticleSystem@@QAEAAV01@ABV01@@Z
717,0x001FD28E,,.text,code,??4StreakDrawModuleInfo@FXParticleSystem@@QAEAAV01@ABV01@@Z
718,0x001FD28E,,.text,code,??4StreakDrawModuleTemplate@FXParticleSystem@@QAEAAV01@ABV01@@Z
719,0x003A81AE,,.text,code,??4TerrainCollisionModuleInfo@FXParticleSystem@@QAEAAV01@ABV01@@Z
720,0x003A81E2,,.text,code,??4TerrainCollisionModuleTemplate@FXParticleSystem@@QAEAAV01@ABV01@@Z
721,0x003A6E4E,,.text,code,??4TerrainFireEmissionInfo@FXParticleSystem@@QAEAAV01@ABV01@@Z
722,0x003A6F64,,.text,code,??4TerrainFireEmissionModuleTemplate@FXParticleSystem@@QAEAAV01@ABV01@@Z
723,0x00005394,,.text,code,??4UnicodeString@@QAEAAV0@ABV0@@Z
724,0x00006690,,.text,code,??4UnicodeString@@QAEAAV0@G@Z
725,0x0000667E,,.text,code,??4UnicodeString@@QAEAAV0@PBG@Z
726,0x001F3654,,.text,code,??4WindModuleInfo@FXParticleSystem@@QAEAAV01@ABV01@@Z
727,0x00005016,,.text,code,??6@YAAAVDebug@@AAV0@ABUICoord2DBase@@@Z
728,0x00005121,,.text,code,??6@YAAAVDebug@@AAV0@ABUICoord3D@@@Z
729,0x0000508B,,.text,code,??6@YAAAVDebug@@AAV0@ABUIRegion2D@@@Z
730,0x000051AB,,.text,code,??6@YAAAVDebug@@AAV0@ABUIRegion3D@@@Z
731,0x00005257,,.text,code,??6@YAAAVDebug@@AAV0@ABURGBAColorInt@@@Z
732,0x000051DA,,.text,code,??6@YAAAVDebug@@AAV0@ABURGBAColorReal@@@Z
733,0x000050BA,,.text,code,??6@YAAAVDebug@@AAV0@ABURGBColor@@@Z
734,0x00004F7A,,.text,code,??6@YAAAVDebug@@AAV0@ABURealRange@@@Z
735,0x0000505C,,.text,code,??6@YAAAVDebug@@AAV0@ABURegion2D@@@Z
736,0x0000517C,,.text,code,??6@YAAAVDebug@@AAV0@ABURegion3D@@@Z
737,0x00004FC8,,.text,code,??6@YAAAVDebug@@AAV0@ABVCoord2D@@@Z
738,0x000050BA,,.text,code,??6@YAAAVDebug@@AAV0@ABVCoord3D@@@Z
739,0x0060B84F,,.text,code,??6@YAAAVDebug@@AAV0@ABVPooledString@@@Z
740,0x00004F2B,,.text,code,??8@YA_NABURGBColor@@0@Z
741,0x00005568,,.text,code,??8@YA_NABVGameClientRandomVariable@@0@Z
742,0x00003702,,.text,code,??8Coord3D@@QBE_NABV0@@Z
743,0x00004CAD,,.text,code,??8ICoord2D@@QBE_NABUICoord2DBase@@@Z
744,0x00004D58,,.text,code,??8IRegion2D@@QBE_NABU0@@Z
745,0x0000546C,,.text,code,??8Xfer@@UAEAAV0@AAD@Z
746,0x00005488,,.text,code,??8Xfer@@UAEAAV0@AAE@Z
747,0x00005514,,.text,code,??8Xfer@@UAEAAV0@AAF@Z
748,0x00005530,,.text,code,??8Xfer@@UAEAAV0@AAG@Z
749,0x000054C0,,.text,code,??8Xfer@@UAEAAV0@AAH@Z
750,0x000054F8,,.text,code,??8Xfer@@UAEAAV0@AAI@Z
751,0x0000554C,,.text,code,??8Xfer@@UAEAAV0@AAM@Z
752,0x0060B971,,.text,code,??8Xfer@@UAEAAV0@AAUCoord3DBase@@@Z
753,0x0060BA77,,.text,code,??8Xfer@@UAEAAV0@AAUICoord2D@@@Z
754,0x0060B99D,,.text,code,??8Xfer@@UAEAAV0@AAUICoord3D@@@Z
755,0x0060BAE4,,.text,code,??8Xfer@@UAEAAV0@AAUIRegion2D@@@Z
756,0x0060BA0A,,.text,code,??8Xfer@@UAEAAV0@AAUIRegion3D@@@Z
757,0x0060BBA9,,.text,code,??8Xfer@@UAEAAV0@AAURGBAColorInt@@@Z
758,0x0060BB7D,,.text,code,??8Xfer@@UAEAAV0@AAURGBAColorReal@@@Z
759,0x0060BB51,,.text,code,??8Xfer@@UAEAAV0@AAURGBColor@@@Z
760,0x0060BB25,,.text,code,??8Xfer@@UAEAAV0@AAURealRange@@@Z
761,0x0060BAA3,,.text,code,??8Xfer@@UAEAAV0@AAURegion2D@@@Z
762,0x0060B9C9,,.text,code,??8Xfer@@UAEAAV0@AAURegion3D@@@Z
763,0x0060BEA4,,.text,code,??8Xfer@@UAEAAV0@AAVAsciiString@@@Z
764,0x0060BA4B,,.text,code,??8Xfer@@UAEAAV0@AAVCoord2D@@@Z
765,0x0060C0A0,,.text,code,??8Xfer@@UAEAAV0@AAVPooledString@@@Z
766,0x0060B8C6,,.text,code,??8Xfer@@UAEAAV0@AAVSnapshot@@@Z
767,0x0060BF9E,,.text,code,??8Xfer@@UAEAAV0@AAVUnicodeString@@@Z
768,0x0060B8D9,,.text,code,??8Xfer@@UAEAAV0@AAVVersion@0@@Z
769,0x000054DC,,.text,code,??8Xfer@@UAEAAV0@AA_J@Z
770,0x000054A4,,.text,code,??8Xfer@@UAEAAV0@AA_N@Z
771,0x00004F65,,.text,code,??9@YA_NABURGBColor@@0@Z
772,0x0000559B,,.text,code,??9@YA_NABVGameClientRandomVariable@@0@Z
773,0x00004CC9,,.text,code,??9ICoord2D@@QBE_NABUICoord2DBase@@@Z
774,0x00004D84,,.text,code,??9IRegion2D@@QBE_NABU0@@Z
775,0x00003C5D,,.text,code,??DCoord2D@@QBEMABUCoord3DBase@@@Z
776,0x00003C5D,,.text,code,??DCoord2D@@QBEMABV0@@Z
777,0x00003C42,,.text,code,??DCoord3D@@QBEMABUCoord3DBase@@@Z
778,0x00003C5D,,.text,code,??DCoord3D@@QBEMABVCoord2D@@@Z
779,0x00003FEE,,.text,code,??G@YA?AVCoord3D@@V0@@Z
780,0x00003867,,.text,code,??XCoord2D@@QAEAAV0@M@Z
781,0x000852C4,,.text,code,??XCoord3D@@QAEAAV0@M@Z
782,0x00004D0B,,.text,code,??XICoord2D@@QAEAAU0@H@Z
783,0x000044F5,,.text,code,??XMatrix4D@@QAEAAV0@M@Z
784,0x00006D12,,.text,code,??YAsciiString@@QAEAAV0@ABV0@@Z
785,0x0060BD19,,.text,code,??YAsciiString@@QAEAAV0@ABVPooledString@@@Z
786,0x000065FA,,.text,code,??YAsciiString@@QAEAAV0@D@Z
787,0x000065E8,,.text,code,??YAsciiString@@QAEAAV0@PBD@Z
788,0x000038B3,,.text,code,??YCoord2D@@QAEAAV0@ABUCoord3DBase@@@Z
789,0x000038B3,,.text,code,??YCoord2D@@QAEAAV0@ABV0@@Z
790,0x00003CD1,,.text,code,??YCoord3D@@QAEAAV0@ABUCoord3DBase@@@Z
791,0x000038B3,,.text,code,??YCoord3D@@QAEAAV0@ABVCoord2D@@@Z
792,0x00004CE5,,.text,code,??YICoord2D@@QAEAAU0@ABUICoord2DBase@@@Z
793,0x00004309,,.text,code,??YMatrix4D@@QAEAAV0@ABV0@@Z
794,0x00006D24,,.text,code,??YUnicodeString@@QAEAAV0@ABV0@@Z
795,0x000066C0,,.text,code,??YUnicodeString@@QAEAAV0@G@Z
796,0x000066AE,,.text,code,??YUnicodeString@@QAEAAV0@PBG@Z
797,0x000038D7,,.text,code,??ZCoord2D@@QAEAAV0@ABUCoord3DBase@@@Z
798,0x000038D7,,.text,code,??ZCoord2D@@QAEAAV0@ABV0@@Z
799,0x0006634F,,.text,code,??ZCoord3D@@QAEAAV0@ABUCoord3DBase@@@Z
800,0x000038D7,,.text,code,??ZCoord3D@@QAEAAV0@ABVCoord2D@@@Z
801,0x00004CF8,,.text,code,??ZICoord2D@@QAEAAU0@ABUICoord2DBase@@@Z
802,0x000043FF,,.text,code,??ZMatrix4D@@QAEAAV0@ABV0@@Z
803,0x0000388A,,.text,code,??_0Coord2D@@QAEAAV0@M@Z
804,0x00083B9E,,.text,code,??_0Coord3D@@QAEAAV0@M@Z
805,0x00004D24,,.text,code,??_0ICoord2D@@QAEAAU0@H@Z
806,0x000045DE,,.text,code,??_0Matrix4D@@QAEAAV0@M@Z
807,0x0086FFFC,,.rdata,data,??_7?$CategoryModuleClass@$00@FXParticleSystem@@6B@
808,0x0086FFFC,,.rdata,data,??_7?$CategoryModuleClass@$01@FXParticleSystem@@6B@
809,0x0086FFFC,,.rdata,data,??_7?$CategoryModuleClass@$02@FXParticleSystem@@6B@
810,0x0086FFFC,,.rdata,data,??_7?$CategoryModuleClass@$03@FXParticleSystem@@6B@
811,0x0086FFFC,,.rdata,data,??_7?$CategoryModuleClass@$04@FXParticleSystem@@6B@
812,0x0086FFFC,,.rdata,data,??_7?$CategoryModuleClass@$05@FXParticleSystem@@6B@
813,0x0086FFFC,,.rdata,data,??_7?$CategoryModuleClass@$06@FXParticleSystem@@6B@
814,0x0086FFFC,,.rdata,data,??_7?$CategoryModuleClass@$07@FXParticleSystem@@6B@
815,0x0086FFFC,,.rdata,data,??_7?$CategoryModuleClass@$0A@@FXParticleSystem@@6B@
816,0x0081C780,,.rdata,data,??_7?$CategoryModuleInfo@$00@FXParticleSystem@@6B@
817,0x0081C780,,.rdata,data,??_7?$CategoryModuleInfo@$01@FXParticleSystem@@6B@
818,0x0081C780,,.rdata,data,??_7?$CategoryModuleInfo@$02@FXParticleSystem@@6B@
819,0x0081C780,,.rdata,data,??_7?$CategoryModuleInfo@$03@FXParticleSystem@@6B@
820,0x0081C780,,.rdata,data,??_7?$CategoryModuleInfo@$04@FXParticleSystem@@6B@
821,0x0081C780,,.rdata,data,??_7?$CategoryModuleInfo@$05@FXParticleSystem@@6B@
822,0x0081C780,,.rdata,data,??_7?$CategoryModuleInfo@$06@FXParticleSystem@@6B@
823,0x0081C780,,.rdata,data,??_7?$CategoryModuleInfo@$07@FXParticleSystem@@6B@
824,0x0081C780,,.rdata,data,??_7?$CategoryModuleInfo@$0A@@FXParticleSystem@@6B@
825,0x0081C780,,.rdata,data,??_7?$CategoryModuleTemplate@$00@FXParticleSystem@@6B?$CategoryModuleInfo@$00@1@@
826,0x007BB58C,,.rdata,data,??_7?$CategoryModuleTemplate@$00@FXParticleSystem@@6BModuleTemplate@1@@
827,0x0081C780,,.rdata,data,??_7?$CategoryModuleTemplate@$01@FXParticleSystem@@6B?$CategoryModuleInfo@$01@1@@
828,0x007BB58C,,.rdata,data,??_7?$CategoryModuleTemplate@$01@FXParticleSystem@@6BModuleTemplate@1@@
829,0x0081C780,,.rdata,data,??_7?$CategoryModuleTemplate@$02@FXParticleSystem@@6B?$CategoryModuleInfo@$02@1@@
830,0x007BB58C,,.rdata,data,??_7?$CategoryModuleTemplate@$02@FXParticleSystem@@6BModuleTemplate@1@@
831,0x0081C780,,.rdata,data,??_7?$CategoryModuleTemplate@$03@FXParticleSystem@@6B?$CategoryModuleInfo@$03@1@@
832,0x007BB58C,,.rdata,data,??_7?$CategoryModuleTemplate@$03@FXParticleSystem@@6BModuleTemplate@1@@
833,0x0081C780,,.rdata,data,??_7?$CategoryModuleTemplate@$04@FXParticleSystem@@6B?$CategoryModuleInfo@$04@1@@
834,0x007BB58C,,.rdata,data,??_7?$CategoryModuleTemplate@$04@FXParticleSystem@@6BModuleTemplate@1@@
835,0x0081C780,,.rdata,data,??_7?$CategoryModuleTemplate@$05@FXParticleSystem@@6B?$CategoryModuleInfo@$05@1@@
836,0x007BB58C,,.rdata,data,??_7?$CategoryModuleTemplate@$05@FXParticleSystem@@6BModuleTemplate@1@@
837,0x0081C780,,.rdata,data,??_7?$CategoryModuleTemplate@$06@FXParticleSystem@@6B?$CategoryModuleInfo@$06@1@@
838,0x007E16D8,,.rdata,data,??_7?$CategoryModuleTemplate@$06@FXParticleSystem@@6B@
839,0x007E16C8,,.rdata,data,??_7?$CategoryModuleTemplate@$06@FXParticleSystem@@6BModuleTemplate@1@@
840,0x0081C780,,.rdata,data,??_7?$CategoryModuleTemplate@$07@FXParticleSystem@@6B?$CategoryModuleInfo@$07@1@@
841,0x007BB59C,,.rdata,data,??_7?$CategoryModuleTemplate@$07@FXParticleSystem@@6BModuleTemplate@1@@
842,0x0081C780,,.rdata,data,??_7?$CategoryModuleTemplate@$0A@@FXParticleSystem@@6B?$CategoryModuleInfo@$0A@@1@@
843,0x007BB58C,,.rdata,data,??_7?$CategoryModuleTemplate@$0A@@FXParticleSystem@@6BModuleTemplate@1@@
844,0x0081C780,,.rdata,data,??_7?$CategoryModuleTemplateBase@$00@FXParticleSystem@@6B?$CategoryModuleInfo@$00@1@@
845,0x007BB58C,,.rdata,data,??_7?$CategoryModuleTemplateBase@$00@FXParticleSystem@@6BModuleTemplate@1@@
846,0x0081C780,,.rdata,data,??_7?$CategoryModuleTemplateBase@$01@FXParticleSystem@@6B?$CategoryModuleInfo@$01@1@@
847,0x007BB58C,,.rdata,data,??_7?$CategoryModuleTemplateBase@$01@FXParticleSystem@@6BModuleTemplate@1@@
848,0x0081C780,,.rdata,data,??_7?$CategoryModuleTemplateBase@$02@FXParticleSystem@@6B?$CategoryModuleInfo@$02@1@@
849,0x007BB58C,,.rdata,data,??_7?$CategoryModuleTemplateBase@$02@FXParticleSystem@@6BModuleTemplate@1@@
850,0x0081C780,,.rdata,data,??_7?$CategoryModuleTemplateBase@$03@FXParticleSystem@@6B?$CategoryModuleInfo@$03@1@@
851,0x007BB58C,,.rdata,data,??_7?$CategoryModuleTemplateBase@$03@FXParticleSystem@@6BModuleTemplate@1@@
852,0x0081C780,,.rdata,data,??_7?$CategoryModuleTemplateBase@$04@FXParticleSystem@@6B?$CategoryModuleInfo@$04@1@@
853,0x007BB58C,,.rdata,data,??_7?$CategoryModuleTemplateBase@$04@FXParticleSystem@@6BModuleTemplate@1@@
854,0x0081C780,,.rdata,data,??_7?$CategoryModuleTemplateBase@$05@FXParticleSystem@@6B?$CategoryModuleInfo@$05@1@@
855,0x007BB58C,,.rdata,data,??_7?$CategoryModuleTemplateBase@$05@FXParticleSystem@@6BModuleTemplate@1@@
856,0x0081C780,,.rdata,data,??_7?$CategoryModuleTemplateBase@$06@FXParticleSystem@@6B?$CategoryModuleInfo@$06@1@@
857,0x007BB58C,,.rdata,data,??_7?$CategoryModuleTemplateBase@$06@FXParticleSystem@@6BModuleTemplate@1@@
858,0x0081C780,,.rdata,data,??_7?$CategoryModuleTemplateBase@$07@FXParticleSystem@@6B?$CategoryModuleInfo@$07@1@@
859,0x007BB58C,,.rdata,data,??_7?$CategoryModuleTemplateBase@$07@FXParticleSystem@@6BModuleTemplate@1@@
860,0x0081C780,,.rdata,data,??_7?$CategoryModuleTemplateBase@$0A@@FXParticleSystem@@6B?$CategoryModuleInfo@$0A@@1@@
861,0x007BB58C,,.rdata,data,??_7?$CategoryModuleTemplateBase@$0A@@FXParticleSystem@@6BModuleTemplate@1@@
862,0x0081C2D4,,.rdata,data,??_7?$ConcreteModuleClass@UOrthoEmissionVelocityModuleTag@FXParticleSystem@@@FXParticleSystem@@6B@
863,0x0081C2DC,,.rdata,data,??_7?$ConcreteModuleClass@UPointEmissionVolumeModuleTag@FXParticleSystem@@@FXParticleSystem@@6B@
864,0x0081C2A4,,.rdata,data,??_7?$ConcreteModuleClass@V?$DefaultModuleTag@$00@FXParticleSystem@@@FXParticleSystem@@6B@
865,0x0081C2BC,,.rdata,data,??_7?$ConcreteModuleClass@V?$DefaultModuleTag@$01@FXParticleSystem@@@FXParticleSystem@@6B@
866,0x0081C2B4,,.rdata,data,??_7?$ConcreteModuleClass@V?$DefaultModuleTag@$02@FXParticleSystem@@@FXParticleSystem@@6B@
867,0x0081C248,,.rdata,data,??_7?$ConcreteModuleClass@V?$DefaultModuleTag@$05@FXParticleSystem@@@FXParticleSystem@@6B@
868,0x0081C2C4,,.rdata,data,??_7?$ConcreteModuleClass@V?$DefaultModuleTag@$06@FXParticleSystem@@@FXParticleSystem@@6B@
869,0x0081C2AC,,.rdata,data,??_7?$ConcreteModuleClass@V?$DefaultModuleTag@$0A@@FXParticleSystem@@@FXParticleSystem@@6B@
870,0x0081BEB0,,.rdata,data,??_7?$ConcreteModuleClass@V?$ModuleTag@$01$E?RENDEROBJECT_UPDATE_MODULE_KEY@FXParticleSystem@@3QBDB$E?RENDEROBJECT_UPDATE_MODULE_NAME@2@3QBDBVRenderObjectUpdateModule@2@VRenderObjectUpdateModuleTemplate@2@VRenderObjectParticleUpdateModule@2@@FXParticleSystem@@@FXParticleSystem@@6B@
871,0x0081BED0,,.rdata,data,??_7?$ConcreteModuleClass@V?$ModuleTag@$03$E?CYLINDRICAL_EMISSION_VELOCITY_MODULE_KEY@FXParticleSystem@@3QBDB$E?CYLINDRICAL_EMISSION_VELOCITY_MODULE_NAME@2@3QBDBVCylindricalEmissionVelocityModule@2@VCylindricalEmissionVelocityModuleTemplate@2@V?$DefaultParticleModule@$03@2@@FXParticleSystem@@@FXParticleSystem@@6B@
872,0x0081BEC8,,.rdata,data,??_7?$ConcreteModuleClass@V?$ModuleTag@$03$E?HEMISPHERICAL_EMISSION_VELOCITY_MODULE_KEY@FXParticleSystem@@3QBDB$E?HEMISPHERICAL_EMISSION_VELOCITY_MODULE_NAME@2@3QBDBVHemisphericalEmissionVelocityModule@2@VHemisphericalEmissionVelocityModuleTemplate@2@V?$DefaultParticleModule@$03@2@@FXParticleSystem@@@FXParticleSystem@@6B@
873,0x0081BED8,,.rdata,data,??_7?$ConcreteModuleClass@V?$ModuleTag@$03$E?OUTWARD_EMISSION_VELOCITY_MODULE_KEY@FXParticleSystem@@3QBDB$E?OUTWARD_EMISSION_VELOCITY_MODULE_NAME@2@3QBDBVOutwardEmissionVelocityModule@2@VOutwardEmissionVelocityModuleTemplate@2@V?$DefaultParticleModule@$03@2@@FXParticleSystem@@@FXParticleSystem@@6B@
874,0x0081BEC0,,.rdata,data,??_7?$ConcreteModuleClass@V?$ModuleTag@$03$E?SPHERICAL_EMISSION_VELOCITY_MODULE_KEY@FXParticleSystem@@3QBDB$E?SPHERICAL_EMISSION_VELOCITY_MODULE_NAME@2@3QBDBVSphericalEmissionVelocityModule@2@VSphericalEmissionVelocityModuleTemplate@2@V?$DefaultParticleModule@$03@2@@FXParticleSystem@@@FXParticleSystem@@6B@
875,0x0081BEE8,,.rdata,data,??_7?$ConcreteModuleClass@V?$ModuleTag@$04$E?BOX_EMISSION_VOLUME_MODULE_KEY@FXParticleSystem@@3QBDB$E?BOX_EMISSION_VOLUME_MODULE_NAME@2@3QBDBVBoxEmissionVolumeModule@2@VBoxEmissionVolumeModuleTemplate@2@V?$DefaultParticleModule@$04@2@@FXParticleSystem@@@FXParticleSystem@@6B@
876,0x0081BEF8,,.rdata,data,??_7?$ConcreteModuleClass@V?$ModuleTag@$04$E?CYLINDER_EMISSION_VOLUME_MODULE_KEY@FXParticleSystem@@3QBDB$E?CYLINDER_EMISSION_VOLUME_MODULE_NAME@2@3QBDBVCylinderEmissionVolumeModule@2@VCylinderEmissionVolumeModuleTemplate@2@V?$DefaultParticleModule@$04@2@@FXParticleSystem@@@FXParticleSystem@@6B@
877,0x0081BF00,,.rdata,data,??_7?$ConcreteModuleClass@V?$ModuleTag@$04$E?LIGHTNING_EMISSION_MODULE_KEY@FXParticleSystem@@3QBDB$E?LIGHTNING_EMISSION_MODULE_NAME@2@3QBDBVLightningEmissionModule@2@VLightningEmissionModuleTemplate@2@V?$DefaultParticleModule@$04@2@@FXParticleSystem@@@FXParticleSystem@@6B@
878,0x0081BEE0,,.rdata,data,??_7?$ConcreteModuleClass@V?$ModuleTag@$04$E?LINE_EMISSION_VOLUME_MODULE_KEY@FXParticleSystem@@3QBDB$E?LINE_EMISSION_VOLUME_MODULE_NAME@2@3QBDBVLineEmissionVolumeModule@2@VLineEmissionVolumeModuleTemplate@2@V?$DefaultParticleModule@$04@2@@FXParticleSystem@@@FXParticleSystem@@6B@
879,0x0081BEF0,,.rdata,data,??_7?$ConcreteModuleClass@V?$ModuleTag@$04$E?SPHERE_EMISSION_VOLUME_MODULE_KEY@FXParticleSystem@@3QBDB$E?SPHERE_EMISSION_VOLUME_MODULE_NAME@2@3QBDBVSphereEmissionVolumeModule@2@VSphereEmissionVolumeModuleTemplate@2@V?$DefaultParticleModule@$04@2@@FXParticleSystem@@@FXParticleSystem@@6B@
880,0x0081BF08,,.rdata,data,??_7?$ConcreteModuleClass@V?$ModuleTag@$04$E?TERRAIN_FIRE_EMISSION_MODULE_KEY@FXParticleSystem@@3QBDB$E?TERRAIN_FIRE_EMISSION_MODULE_NAME@2@3QBDBVTerrainFireEmissionModule@2@VTerrainFireEmissionModuleTemplate@2@V?$DefaultParticleModule@$04@2@@FXParticleSystem@@@FXParticleSystem@@6B@
881,0x0081BDF0,,.rdata,data,??_7?$ConcreteModuleClass@V?$ModuleTag@$05$E?BUTTERFLY_DRAW_MODULE_KEY@FXParticleSystem@@3QBDB$E?BUTTERFLY_DRAW_MODULE_NAME@2@3QBDBVButterflyDrawModule@2@VButterflyDrawModuleTemplate@2@V?$DefaultParticleModule@$05@2@@FXParticleSystem@@@FXParticleSystem@@6B@
882,0x0081BE08,,.rdata,data,??_7?$ConcreteModuleClass@V?$ModuleTag@$05$E?GPU_DRAW_MODULE_KEY@FXParticleSystem@@3QBDB$E?GPU_DRAW_MODULE_NAME@2@3QBDBVGpuDrawModule@2@VGpuDrawModuleTemplate@2@V?$DefaultParticleModule@$05@2@@FXParticleSystem@@@FXParticleSystem@@6B@
883,0x0081BE00,,.rdata,data,??_7?$ConcreteModuleClass@V?$ModuleTag@$05$E?LIGHTNING_DRAW_MODULE_KEY@FXParticleSystem@@3QBDB$E?LIGHTNING_DRAW_MODULE_NAME@2@3QBDBVLightningDrawModule@2@VLightningDrawModuleTemplate@2@V?$DefaultParticleModule@$05@2@@FXParticleSystem@@@FXParticleSystem@@6B@
884,0x0081BDE8,,.rdata,data,??_7?$ConcreteModuleClass@V?$ModuleTag@$05$E?QUAD_DRAW_MODULE_KEY@FXParticleSystem@@3QBDB$E?QUAD_DRAW_MODULE_NAME@2@3QBDBVQuadDrawModule@2@VQuadDrawModuleTemplate@2@V?$DefaultParticleModule@$05@2@@FXParticleSystem@@@FXParticleSystem@@6B@
885,0x0081BDF8,,.rdata,data,??_7?$ConcreteModuleClass@V?$ModuleTag@$05$E?RENDEROBJECT_DRAW_MODULE_KEY@FXParticleSystem@@3QBDB$E?RENDEROBJECT_DRAW_MODULE_NAME@2@3QBDBVRenderObjectDrawModule@2@VRenderObjectDrawModuleTemplate@2@V?$DefaultParticleModule@$05@2@@FXParticleSystem@@@FXParticleSystem@@6B@
886,0x0081BDE0,,.rdata,data,??_7?$ConcreteModuleClass@V?$ModuleTag@$05$E?STREAK_DRAW_MODULE_KEY@FXParticleSystem@@3QBDB$E?STREAK_DRAW_MODULE_NAME@2@3QBDBVStreakDrawModule@2@VStreakDrawModuleTemplate@2@V?$DefaultParticleModule@$05@2@@FXParticleSystem@@@FXParticleSystem@@6B@
887,0x0081C2CC,,.rdata,data,??_7?$ConcreteModuleClass@V?$ModuleTag@$07$E?LIFE_EVENT_MODULE_KEY@FXParticleSystem@@3QBDB$E?LIFE_EVENT_MODULE_NAME@2@3QBDBVLifeEventModule@2@VLifeEventModuleTemplate@2@VParticleLifeEventModule@2@@FXParticleSystem@@@FXParticleSystem@@6B@
888,0x0081BEB8,,.rdata,data,??_7?$ConcreteModuleClass@V?$ModuleTag@$07$E?TERRAIN_COLLISION_MODULE_KEY@FXParticleSystem@@3QBDB$E?TERRAIN_COLLISION_MODULE_NAME@2@3QBDBVTerrainCollisionModule@2@VTerrainCollisionModuleTemplate@2@VParticleTerrainCollisionModule@2@@FXParticleSystem@@@FXParticleSystem@@6B@
889,0x0081BFF8,,.rdata,data,??_7?$ConcreteModuleTemplate@UOrthoEmissionVelocityModuleTag@FXParticleSystem@@@FXParticleSystem@@6B?$CategoryModuleInfo@$03@1@@
890,0x0081BFE8,,.rdata,data,??_7?$ConcreteModuleTemplate@UOrthoEmissionVelocityModuleTag@FXParticleSystem@@@FXParticleSystem@@6B@
891,0x0081BFFC,,.rdata,data,??_7?$ConcreteModuleTemplate@UOrthoEmissionVelocityModuleTag@FXParticleSystem@@@FXParticleSystem@@6BModuleTemplate@1@@
892,0x0081C09C,,.rdata,data,??_7?$ConcreteModuleTemplate@UPointEmissionVolumeModuleTag@FXParticleSystem@@@FXParticleSystem@@6B?$CategoryModuleInfo@$04@1@@
893,0x0081C08C,,.rdata,data,??_7?$ConcreteModuleTemplate@UPointEmissionVolumeModuleTag@FXParticleSystem@@@FXParticleSystem@@6B@
894,0x0081C0A0,,.rdata,data,??_7?$ConcreteModuleTemplate@UPointEmissionVolumeModuleTag@FXParticleSystem@@@FXParticleSystem@@6BModuleTemplate@1@@
895,0x0081C900,,.rdata,data,??_7?$ConcreteModuleTemplate@V?$DefaultModuleTag@$00@FXParticleSystem@@@FXParticleSystem@@6B?$CategoryModuleInfo@$00@1@@
896,0x0081BF10,,.rdata,data,??_7?$ConcreteModuleTemplate@V?$DefaultModuleTag@$00@FXParticleSystem@@@FXParticleSystem@@6B@
897,0x0081BF20,,.rdata,data,??_7?$ConcreteModuleTemplate@V?$DefaultModuleTag@$00@FXParticleSystem@@@FXParticleSystem@@6BModuleTemplate@1@@
898,0x0081BF80,,.rdata,data,??_7?$ConcreteModuleTemplate@V?$DefaultModuleTag@$01@FXParticleSystem@@@FXParticleSystem@@6B?$CategoryModuleInfo@$01@1@@
899,0x0081BF70,,.rdata,data,??_7?$ConcreteModuleTemplate@V?$DefaultModuleTag@$01@FXParticleSystem@@@FXParticleSystem@@6B@
900,0x0081BF84,,.rdata,data,??_7?$ConcreteModuleTemplate@V?$DefaultModuleTag@$01@FXParticleSystem@@@FXParticleSystem@@6BModuleTemplate@1@@
901,0x0081CE1C,,.rdata,data,??_7?$ConcreteModuleTemplate@V?$DefaultModuleTag@$02@FXParticleSystem@@@FXParticleSystem@@6B?$CategoryModuleInfo@$02@1@@
902,0x0081BF50,,.rdata,data,??_7?$ConcreteModuleTemplate@V?$DefaultModuleTag@$02@FXParticleSystem@@@FXParticleSystem@@6B@
903,0x0081BF60,,.rdata,data,??_7?$ConcreteModuleTemplate@V?$DefaultModuleTag@$02@FXParticleSystem@@@FXParticleSystem@@6BModuleTemplate@1@@
904,0x0081CC24,,.rdata,data,??_7?$ConcreteModuleTemplate@V?$DefaultModuleTag@$05@FXParticleSystem@@@FXParticleSystem@@6B?$CategoryModuleInfo@$05@1@@
905,0x0081BE10,,.rdata,data,??_7?$ConcreteModuleTemplate@V?$DefaultModuleTag@$05@FXParticleSystem@@@FXParticleSystem@@6B@
906,0x0081BE20,,.rdata,data,??_7?$ConcreteModuleTemplate@V?$DefaultModuleTag@$05@FXParticleSystem@@@FXParticleSystem@@6BModuleTemplate@1@@
907,0x0081BFB4,,.rdata,data,??_7?$ConcreteModuleTemplate@V?$DefaultModuleTag@$06@FXParticleSystem@@@FXParticleSystem@@6B?$CategoryModuleInfo@$06@1@@
908,0x0081BF94,,.rdata,data,??_7?$ConcreteModuleTemplate@V?$DefaultModuleTag@$06@FXParticleSystem@@@FXParticleSystem@@6B@
909,0x0081BFB8,,.rdata,data,??_7?$ConcreteModuleTemplate@V?$DefaultModuleTag@$06@FXParticleSystem@@@FXParticleSystem@@6BModuleTemplate@1@@
910,0x0081C950,,.rdata,data,??_7?$ConcreteModuleTemplate@V?$DefaultModuleTag@$0A@@FXParticleSystem@@@FXParticleSystem@@6B?$CategoryModuleInfo@$0A@@1@@
911,0x0081BF30,,.rdata,data,??_7?$ConcreteModuleTemplate@V?$DefaultModuleTag@$0A@@FXParticleSystem@@@FXParticleSystem@@6B@
912,0x0081BF40,,.rdata,data,??_7?$ConcreteModuleTemplate@V?$DefaultModuleTag@$0A@@FXParticleSystem@@@FXParticleSystem@@6BModuleTemplate@1@@
913,0x0081CA3C,,.rdata,data,??_7?$ConcreteModuleTemplate@V?$ModuleTag@$01$E?RENDEROBJECT_UPDATE_MODULE_KEY@FXParticleSystem@@3QBDB$E?RENDEROBJECT_UPDATE_MODULE_NAME@2@3QBDBVRenderObjectUpdateModule@2@VRenderObjectUpdateModuleTemplate@2@VRenderObjectParticleUpdateModule@2@@FXParticleSystem@@@FXParticleSystem@@6B?$CategoryModuleInfo@$01@1@@
914,0x0081BFC8,,.rdata,data,??_7?$ConcreteModuleTemplate@V?$ModuleTag@$01$E?RENDEROBJECT_UPDATE_MODULE_KEY@FXParticleSystem@@3QBDB$E?RENDEROBJECT_UPDATE_MODULE_NAME@2@3QBDBVRenderObjectUpdateModule@2@VRenderObjectUpdateModuleTemplate@2@VRenderObjectParticleUpdateModule@2@@FXParticleSystem@@@FXParticleSystem@@6B@
915,0x0081BFD8,,.rdata,data,??_7?$ConcreteModuleTemplate@V?$ModuleTag@$01$E?RENDEROBJECT_UPDATE_MODULE_KEY@FXParticleSystem@@3QBDB$E?RENDEROBJECT_UPDATE_MODULE_NAME@2@3QBDBVRenderObjectUpdateModule@2@VRenderObjectUpdateModuleTemplate@2@VRenderObjectParticleUpdateModule@2@@FXParticleSystem@@@FXParticleSystem@@6BModuleTemplate@1@@
916,0x0081C054,,.rdata,data,??_7?$ConcreteModuleTemplate@V?$ModuleTag@$03$E?CYLINDRICAL_EMISSION_VELOCITY_MODULE_KEY@FXParticleSystem@@3QBDB$E?CYLINDRICAL_EMISSION_VELOCITY_MODULE_NAME@2@3QBDBVCylindricalEmissionVelocityModule@2@VCylindricalEmissionVelocityModuleTemplate@2@V?$DefaultParticleModule@$03@2@@FXParticleSystem@@@FXParticleSystem@@6B?$CategoryModuleInfo@$03@1@@
917,0x0081C044,,.rdata,data,??_7?$ConcreteModuleTemplate@V?$ModuleTag@$03$E?CYLINDRICAL_EMISSION_VELOCITY_MODULE_KEY@FXParticleSystem@@3QBDB$E?CYLINDRICAL_EMISSION_VELOCITY_MODULE_NAME@2@3QBDBVCylindricalEmissionVelocityModule@2@VCylindricalEmissionVelocityModuleTemplate@2@V?$DefaultParticleModule@$03@2@@FXParticleSystem@@@FXParticleSystem@@6B@
918,0x0081C058,,.rdata,data,??_7?$ConcreteModuleTemplate@V?$ModuleTag@$03$E?CYLINDRICAL_EMISSION_VELOCITY_MODULE_KEY@FXParticleSystem@@3QBDB$E?CYLINDRICAL_EMISSION_VELOCITY_MODULE_NAME@2@3QBDBVCylindricalEmissionVelocityModule@2@VCylindricalEmissionVelocityModuleTemplate@2@V?$DefaultParticleModule@$03@2@@FXParticleSystem@@@FXParticleSystem@@6BModuleTemplate@1@@
919,0x0081C030,,.rdata,data,??_7?$ConcreteModuleTemplate@V?$ModuleTag@$03$E?HEMISPHERICAL_EMISSION_VELOCITY_MODULE_KEY@FXParticleSystem@@3QBDB$E?HEMISPHERICAL_EMISSION_VELOCITY_MODULE_NAME@2@3QBDBVHemisphericalEmissionVelocityModule@2@VHemisphericalEmissionVelocityModuleTemplate@2@V?$DefaultParticleModule@$03@2@@FXParticleSystem@@@FXParticleSystem@@6B?$CategoryModuleInfo@$03@1@@
920,0x0081C00C,,.rdata,data,??_7?$ConcreteModuleTemplate@V?$ModuleTag@$03$E?HEMISPHERICAL_EMISSION_VELOCITY_MODULE_KEY@FXParticleSystem@@3QBDB$E?HEMISPHERICAL_EMISSION_VELOCITY_MODULE_NAME@2@3QBDBVHemisphericalEmissionVelocityModule@2@VHemisphericalEmissionVelocityModuleTemplate@2@V?$DefaultParticleModule@$03@2@@FXParticleSystem@@@FXParticleSystem@@6B@
921,0x0081C034,,.rdata,data,??_7?$ConcreteModuleTemplate@V?$ModuleTag@$03$E?HEMISPHERICAL_EMISSION_VELOCITY_MODULE_KEY@FXParticleSystem@@3QBDB$E?HEMISPHERICAL_EMISSION_VELOCITY_MODULE_NAME@2@3QBDBVHemisphericalEmissionVelocityModule@2@VHemisphericalEmissionVelocityModuleTemplate@2@V?$DefaultParticleModule@$03@2@@FXParticleSystem@@@FXParticleSystem@@6BModuleTemplate@1@@
922,0x0081C078,,.rdata,data,??_7?$ConcreteModuleTemplate@V?$ModuleTag@$03$E?OUTWARD_EMISSION_VELOCITY_MODULE_KEY@FXParticleSystem@@3QBDB$E?OUTWARD_EMISSION_VELOCITY_MODULE_NAME@2@3QBDBVOutwardEmissionVelocityModule@2@VOutwardEmissionVelocityModuleTemplate@2@V?$DefaultParticleModule@$03@2@@FXParticleSystem@@@FXParticleSystem@@6B?$CategoryModuleInfo@$03@1@@
923,0x0081C068,,.rdata,data,??_7?$ConcreteModuleTemplate@V?$ModuleTag@$03$E?OUTWARD_EMISSION_VELOCITY_MODULE_KEY@FXParticleSystem@@3QBDB$E?OUTWARD_EMISSION_VELOCITY_MODULE_NAME@2@3QBDBVOutwardEmissionVelocityModule@2@VOutwardEmissionVelocityModuleTemplate@2@V?$DefaultParticleModule@$03@2@@FXParticleSystem@@@FXParticleSystem@@6B@
924,0x0081C07C,,.rdata,data,??_7?$ConcreteModuleTemplate@V?$ModuleTag@$03$E?OUTWARD_EMISSION_VELOCITY_MODULE_KEY@FXParticleSystem@@3QBDB$E?OUTWARD_EMISSION_VELOCITY_MODULE_NAME@2@3QBDBVOutwardEmissionVelocityModule@2@VOutwardEmissionVelocityModuleTemplate@2@V?$DefaultParticleModule@$03@2@@FXParticleSystem@@@FXParticleSystem@@6BModuleTemplate@1@@
925,0x0081C01C,,.rdata,data,??_7?$ConcreteModuleTemplate@V?$ModuleTag@$03$E?SPHERICAL_EMISSION_VELOCITY_MODULE_KEY@FXParticleSystem@@3QBDB$E?SPHERICAL_EMISSION_VELOCITY_MODULE_NAME@2@3QBDBVSphericalEmissionVelocityModule@2@VSphericalEmissionVelocityModuleTemplate@2@V?$DefaultParticleModule@$03@2@@FXParticleSystem@@@FXParticleSystem@@6B?$CategoryModuleInfo@$03@1@@
926,0x0081C00C,,.rdata,data,??_7?$ConcreteModuleTemplate@V?$ModuleTag@$03$E?SPHERICAL_EMISSION_VELOCITY_MODULE_KEY@FXParticleSystem@@3QBDB$E?SPHERICAL_EMISSION_VELOCITY_MODULE_NAME@2@3QBDBVSphericalEmissionVelocityModule@2@VSphericalEmissionVelocityModuleTemplate@2@V?$DefaultParticleModule@$03@2@@FXParticleSystem@@@FXParticleSystem@@6B@
927,0x0081C020,,.rdata,data,??_7?$ConcreteModuleTemplate@V?$ModuleTag@$03$E?SPHERICAL_EMISSION_VELOCITY_MODULE_KEY@FXParticleSystem@@3QBDB$E?SPHERICAL_EMISSION_VELOCITY_MODULE_NAME@2@3QBDBVSphericalEmissionVelocityModule@2@VSphericalEmissionVelocityModuleTemplate@2@V?$DefaultParticleModule@$03@2@@FXParticleSystem@@@FXParticleSystem@@6BModuleTemplate@1@@
928,0x0081C0E4,,.rdata,data,??_7?$ConcreteModuleTemplate@V?$ModuleTag@$04$E?BOX_EMISSION_VOLUME_MODULE_KEY@FXParticleSystem@@3QBDB$E?BOX_EMISSION_VOLUME_MODULE_NAME@2@3QBDBVBoxEmissionVolumeModule@2@VBoxEmissionVolumeModuleTemplate@2@V?$DefaultParticleModule@$04@2@@FXParticleSystem@@@FXParticleSystem@@6B?$CategoryModuleInfo@$04@1@@
929,0x0081C0D4,,.rdata,data,??_7?$ConcreteModuleTemplate@V?$ModuleTag@$04$E?BOX_EMISSION_VOLUME_MODULE_KEY@FXParticleSystem@@3QBDB$E?BOX_EMISSION_VOLUME_MODULE_NAME@2@3QBDBVBoxEmissionVolumeModule@2@VBoxEmissionVolumeModuleTemplate@2@V?$DefaultParticleModule@$04@2@@FXParticleSystem@@@FXParticleSystem@@6B@
930,0x0081C0E8,,.rdata,data,??_7?$ConcreteModuleTemplate@V?$ModuleTag@$04$E?BOX_EMISSION_VOLUME_MODULE_KEY@FXParticleSystem@@3QBDB$E?BOX_EMISSION_VOLUME_MODULE_NAME@2@3QBDBVBoxEmissionVolumeModule@2@VBoxEmissionVolumeModuleTemplate@2@V?$DefaultParticleModule@$04@2@@FXParticleSystem@@@FXParticleSystem@@6BModuleTemplate@1@@
931,0x0081C12C,,.rdata,data,??_7?$ConcreteModuleTemplate@V?$ModuleTag@$04$E?CYLINDER_EMISSION_VOLUME_MODULE_KEY@FXParticleSystem@@3QBDB$E?CYLINDER_EMISSION_VOLUME_MODULE_NAME@2@3QBDBVCylinderEmissionVolumeModule@2@VCylinderEmissionVolumeModuleTemplate@2@V?$DefaultParticleModule@$04@2@@FXParticleSystem@@@FXParticleSystem@@6B?$CategoryModuleInfo@$04@1@@
932,0x0081C11C,,.rdata,data,??_7?$ConcreteModuleTemplate@V?$ModuleTag@$04$E?CYLINDER_EMISSION_VOLUME_MODULE_KEY@FXParticleSystem@@3QBDB$E?CYLINDER_EMISSION_VOLUME_MODULE_NAME@2@3QBDBVCylinderEmissionVolumeModule@2@VCylinderEmissionVolumeModuleTemplate@2@V?$DefaultParticleModule@$04@2@@FXParticleSystem@@@FXParticleSystem@@6B@
933,0x0081C130,,.rdata,data,??_7?$ConcreteModuleTemplate@V?$ModuleTag@$04$E?CYLINDER_EMISSION_VOLUME_MODULE_KEY@FXParticleSystem@@3QBDB$E?CYLINDER_EMISSION_VOLUME_MODULE_NAME@2@3QBDBVCylinderEmissionVolumeModule@2@VCylinderEmissionVolumeModuleTemplate@2@V?$DefaultParticleModule@$04@2@@FXParticleSystem@@@FXParticleSystem@@6BModuleTemplate@1@@
934,0x0081C150,,.rdata,data,??_7?$ConcreteModuleTemplate@V?$ModuleTag@$04$E?LIGHTNING_EMISSION_MODULE_KEY@FXParticleSystem@@3QBDB$E?LIGHTNING_EMISSION_MODULE_NAME@2@3QBDBVLightningEmissionModule@2@VLightningEmissionModuleTemplate@2@V?$DefaultParticleModule@$04@2@@FXParticleSystem@@@FXParticleSystem@@6B?$CategoryModuleInfo@$04@1@@
935,0x0081C140,,.rdata,data,??_7?$ConcreteModuleTemplate@V?$ModuleTag@$04$E?LIGHTNING_EMISSION_MODULE_KEY@FXParticleSystem@@3QBDB$E?LIGHTNING_EMISSION_MODULE_NAME@2@3QBDBVLightningEmissionModule@2@VLightningEmissionModuleTemplate@2@V?$DefaultParticleModule@$04@2@@FXParticleSystem@@@FXParticleSystem@@6B@
936,0x0081C154,,.rdata,data,??_7?$ConcreteModuleTemplate@V?$ModuleTag@$04$E?LIGHTNING_EMISSION_MODULE_KEY@FXParticleSystem@@3QBDB$E?LIGHTNING_EMISSION_MODULE_NAME@2@3QBDBVLightningEmissionModule@2@VLightningEmissionModuleTemplate@2@V?$DefaultParticleModule@$04@2@@FXParticleSystem@@@FXParticleSystem@@6BModuleTemplate@1@@
937,0x0081C0C0,,.rdata,data,??_7?$ConcreteModuleTemplate@V?$ModuleTag@$04$E?LINE_EMISSION_VOLUME_MODULE_KEY@FXParticleSystem@@3QBDB$E?LINE_EMISSION_VOLUME_MODULE_NAME@2@3QBDBVLineEmissionVolumeModule@2@VLineEmissionVolumeModuleTemplate@2@V?$DefaultParticleModule@$04@2@@FXParticleSystem@@@FXParticleSystem@@6B?$CategoryModuleInfo@$04@1@@
938,0x0081C0B0,,.rdata,data,??_7?$ConcreteModuleTemplate@V?$ModuleTag@$04$E?LINE_EMISSION_VOLUME_MODULE_KEY@FXParticleSystem@@3QBDB$E?LINE_EMISSION_VOLUME_MODULE_NAME@2@3QBDBVLineEmissionVolumeModule@2@VLineEmissionVolumeModuleTemplate@2@V?$DefaultParticleModule@$04@2@@FXParticleSystem@@@FXParticleSystem@@6B@
939,0x0081C0C4,,.rdata,data,??_7?$ConcreteModuleTemplate@V?$ModuleTag@$04$E?LINE_EMISSION_VOLUME_MODULE_KEY@FXParticleSystem@@3QBDB$E?LINE_EMISSION_VOLUME_MODULE_NAME@2@3QBDBVLineEmissionVolumeModule@2@VLineEmissionVolumeModuleTemplate@2@V?$DefaultParticleModule@$04@2@@FXParticleSystem@@@FXParticleSystem@@6BModuleTemplate@1@@
940,0x0081C108,,.rdata,data,??_7?$ConcreteModuleTemplate@V?$ModuleTag@$04$E?SPHERE_EMISSION_VOLUME_MODULE_KEY@FXParticleSystem@@3QBDB$E?SPHERE_EMISSION_VOLUME_MODULE_NAME@2@3QBDBVSphereEmissionVolumeModule@2@VSphereEmissionVolumeModuleTemplate@2@V?$DefaultParticleModule@$04@2@@FXParticleSystem@@@FXParticleSystem@@6B?$CategoryModuleInfo@$04@1@@
941,0x0081C0F8,,.rdata,data,??_7?$ConcreteModuleTemplate@V?$ModuleTag@$04$E?SPHERE_EMISSION_VOLUME_MODULE_KEY@FXParticleSystem@@3QBDB$E?SPHERE_EMISSION_VOLUME_MODULE_NAME@2@3QBDBVSphereEmissionVolumeModule@2@VSphereEmissionVolumeModuleTemplate@2@V?$DefaultParticleModule@$04@2@@FXParticleSystem@@@FXParticleSystem@@6B@
942,0x0081C10C,,.rdata,data,??_7?$ConcreteModuleTemplate@V?$ModuleTag@$04$E?SPHERE_EMISSION_VOLUME_MODULE_KEY@FXParticleSystem@@3QBDB$E?SPHERE_EMISSION_VOLUME_MODULE_NAME@2@3QBDBVSphereEmissionVolumeModule@2@VSphereEmissionVolumeModuleTemplate@2@V?$DefaultParticleModule@$04@2@@FXParticleSystem@@@FXParticleSystem@@6BModuleTemplate@1@@
943,0x0081C174,,.rdata,data,??_7?$ConcreteModuleTemplate@V?$ModuleTag@$04$E?TERRAIN_FIRE_EMISSION_MODULE_KEY@FXParticleSystem@@3QBDB$E?TERRAIN_FIRE_EMISSION_MODULE_NAME@2@3QBDBVTerrainFireEmissionModule@2@VTerrainFireEmissionModuleTemplate@2@V?$DefaultParticleModule@$04@2@@FXParticleSystem@@@FXParticleSystem@@6B?$CategoryModuleInfo@$04@1@@
944,0x0081C164,,.rdata,data,??_7?$ConcreteModuleTemplate@V?$ModuleTag@$04$E?TERRAIN_FIRE_EMISSION_MODULE_KEY@FXParticleSystem@@3QBDB$E?TERRAIN_FIRE_EMISSION_MODULE_NAME@2@3QBDBVTerrainFireEmissionModule@2@VTerrainFireEmissionModuleTemplate@2@V?$DefaultParticleModule@$04@2@@FXParticleSystem@@@FXParticleSystem@@6B@
945,0x0081C178,,.rdata,data,??_7?$ConcreteModuleTemplate@V?$ModuleTag@$04$E?TERRAIN_FIRE_EMISSION_MODULE_KEY@FXParticleSystem@@3QBDB$E?TERRAIN_FIRE_EMISSION_MODULE_NAME@2@3QBDBVTerrainFireEmissionModule@2@VTerrainFireEmissionModuleTemplate@2@V?$DefaultParticleModule@$04@2@@FXParticleSystem@@@FXParticleSystem@@6BModuleTemplate@1@@
946,0x0081CCD4,,.rdata,data,??_7?$ConcreteModuleTemplate@V?$ModuleTag@$05$E?BUTTERFLY_DRAW_MODULE_KEY@FXParticleSystem@@3QBDB$E?BUTTERFLY_DRAW_MODULE_NAME@2@3QBDBVButterflyDrawModule@2@VButterflyDrawModuleTemplate@2@V?$DefaultParticleModule@$05@2@@FXParticleSystem@@@FXParticleSystem@@6B?$CategoryModuleInfo@$05@1@@
947,0x0081BE70,,.rdata,data,??_7?$ConcreteModuleTemplate@V?$ModuleTag@$05$E?BUTTERFLY_DRAW_MODULE_KEY@FXParticleSystem@@3QBDB$E?BUTTERFLY_DRAW_MODULE_NAME@2@3QBDBVButterflyDrawModule@2@VButterflyDrawModuleTemplate@2@V?$DefaultParticleModule@$05@2@@FXParticleSystem@@@FXParticleSystem@@6B@
948,0x0081BE80,,.rdata,data,??_7?$ConcreteModuleTemplate@V?$ModuleTag@$05$E?BUTTERFLY_DRAW_MODULE_KEY@FXParticleSystem@@3QBDB$E?BUTTERFLY_DRAW_MODULE_NAME@2@3QBDBVButterflyDrawModule@2@VButterflyDrawModuleTemplate@2@V?$DefaultParticleModule@$05@2@@FXParticleSystem@@@FXParticleSystem@@6BModuleTemplate@1@@
949,0x0081C290,,.rdata,data,??_7?$ConcreteModuleTemplate@V?$ModuleTag@$05$E?GPU_DRAW_MODULE_KEY@FXParticleSystem@@3QBDB$E?GPU_DRAW_MODULE_NAME@2@3QBDBVGpuDrawModule@2@VGpuDrawModuleTemplate@2@V?$DefaultParticleModule@$05@2@@FXParticleSystem@@@FXParticleSystem@@6B?$CategoryModuleInfo@$05@1@@
950,0x0081C280,,.rdata,data,??_7?$ConcreteModuleTemplate@V?$ModuleTag@$05$E?GPU_DRAW_MODULE_KEY@FXParticleSystem@@3QBDB$E?GPU_DRAW_MODULE_NAME@2@3QBDBVGpuDrawModule@2@VGpuDrawModuleTemplate@2@V?$DefaultParticleModule@$05@2@@FXParticleSystem@@@FXParticleSystem@@6B@
951,0x0081C294,,.rdata,data,??_7?$ConcreteModuleTemplate@V?$ModuleTag@$05$E?GPU_DRAW_MODULE_KEY@FXParticleSystem@@3QBDB$E?GPU_DRAW_MODULE_NAME@2@3QBDBVGpuDrawModule@2@VGpuDrawModuleTemplate@2@V?$DefaultParticleModule@$05@2@@FXParticleSystem@@@FXParticleSystem@@6BModuleTemplate@1@@
952,0x0081CD50,,.rdata,data,??_7?$ConcreteModuleTemplate@V?$ModuleTag@$05$E?LIGHTNING_DRAW_MODULE_KEY@FXParticleSystem@@3QBDB$E?LIGHTNING_DRAW_MODULE_NAME@2@3QBDBVLightningDrawModule@2@VLightningDrawModuleTemplate@2@V?$DefaultParticleModule@$05@2@@FXParticleSystem@@@FXParticleSystem@@6B?$CategoryModuleInfo@$05@1@@
953,0x0081BE90,,.rdata,data,??_7?$ConcreteModuleTemplate@V?$ModuleTag@$05$E?LIGHTNING_DRAW_MODULE_KEY@FXParticleSystem@@3QBDB$E?LIGHTNING_DRAW_MODULE_NAME@2@3QBDBVLightningDrawModule@2@VLightningDrawModuleTemplate@2@V?$DefaultParticleModule@$05@2@@FXParticleSystem@@@FXParticleSystem@@6B@
954,0x0081BEA0,,.rdata,data,??_7?$ConcreteModuleTemplate@V?$ModuleTag@$05$E?LIGHTNING_DRAW_MODULE_KEY@FXParticleSystem@@3QBDB$E?LIGHTNING_DRAW_MODULE_NAME@2@3QBDBVLightningDrawModule@2@VLightningDrawModuleTemplate@2@V?$DefaultParticleModule@$05@2@@FXParticleSystem@@@FXParticleSystem@@6BModuleTemplate@1@@
955,0x0081CC94,,.rdata,data,??_7?$ConcreteModuleTemplate@V?$ModuleTag@$05$E?QUAD_DRAW_MODULE_KEY@FXParticleSystem@@3QBDB$E?QUAD_DRAW_MODULE_NAME@2@3QBDBVQuadDrawModule@2@VQuadDrawModuleTemplate@2@V?$DefaultParticleModule@$05@2@@FXParticleSystem@@@FXParticleSystem@@6B?$CategoryModuleInfo@$05@1@@
956,0x0081BE50,,.rdata,data,??_7?$ConcreteModuleTemplate@V?$ModuleTag@$05$E?QUAD_DRAW_MODULE_KEY@FXParticleSystem@@3QBDB$E?QUAD_DRAW_MODULE_NAME@2@3QBDBVQuadDrawModule@2@VQuadDrawModuleTemplate@2@V?$DefaultParticleModule@$05@2@@FXParticleSystem@@@FXParticleSystem@@6B@
957,0x0081BE60,,.rdata,data,??_7?$ConcreteModuleTemplate@V?$ModuleTag@$05$E?QUAD_DRAW_MODULE_KEY@FXParticleSystem@@3QBDB$E?QUAD_DRAW_MODULE_NAME@2@3QBDBVQuadDrawModule@2@VQuadDrawModuleTemplate@2@V?$DefaultParticleModule@$05@2@@FXParticleSystem@@@FXParticleSystem@@6BModuleTemplate@1@@
958,0x0081C26C,,.rdata,data,??_7?$ConcreteModuleTemplate@V?$ModuleTag@$05$E?RENDEROBJECT_DRAW_MODULE_KEY@FXParticleSystem@@3QBDB$E?RENDEROBJECT_DRAW_MODULE_NAME@2@3QBDBVRenderObjectDrawModule@2@VRenderObjectDrawModuleTemplate@2@V?$DefaultParticleModule@$05@2@@FXParticleSystem@@@FXParticleSystem@@6B?$CategoryModuleInfo@$05@1@@
959,0x0081C25C,,.rdata,data,??_7?$ConcreteModuleTemplate@V?$ModuleTag@$05$E?RENDEROBJECT_DRAW_MODULE_KEY@FXParticleSystem@@3QBDB$E?RENDEROBJECT_DRAW_MODULE_NAME@2@3QBDBVRenderObjectDrawModule@2@VRenderObjectDrawModuleTemplate@2@V?$DefaultParticleModule@$05@2@@FXParticleSystem@@@FXParticleSystem@@6B@
960,0x0081C270,,.rdata,data,??_7?$ConcreteModuleTemplate@V?$ModuleTag@$05$E?RENDEROBJECT_DRAW_MODULE_KEY@FXParticleSystem@@3QBDB$E?RENDEROBJECT_DRAW_MODULE_NAME@2@3QBDBVRenderObjectDrawModule@2@VRenderObjectDrawModuleTemplate@2@V?$DefaultParticleModule@$05@2@@FXParticleSystem@@@FXParticleSystem@@6BModuleTemplate@1@@
961,0x0081CC54,,.rdata,data,??_7?$ConcreteModuleTemplate@V?$ModuleTag@$05$E?STREAK_DRAW_MODULE_KEY@FXParticleSystem@@3QBDB$E?STREAK_DRAW_MODULE_NAME@2@3QBDBVStreakDrawModule@2@VStreakDrawModuleTemplate@2@V?$DefaultParticleModule@$05@2@@FXParticleSystem@@@FXParticleSystem@@6B?$CategoryModuleInfo@$05@1@@
962,0x0081BE30,,.rdata,data,??_7?$ConcreteModuleTemplate@V?$ModuleTag@$05$E?STREAK_DRAW_MODULE_KEY@FXParticleSystem@@3QBDB$E?STREAK_DRAW_MODULE_NAME@2@3QBDBVStreakDrawModule@2@VStreakDrawModuleTemplate@2@V?$DefaultParticleModule@$05@2@@FXParticleSystem@@@FXParticleSystem@@6B@
963,0x0081BE40,,.rdata,data,??_7?$ConcreteModuleTemplate@V?$ModuleTag@$05$E?STREAK_DRAW_MODULE_KEY@FXParticleSystem@@3QBDB$E?STREAK_DRAW_MODULE_NAME@2@3QBDBVStreakDrawModule@2@VStreakDrawModuleTemplate@2@V?$DefaultParticleModule@$05@2@@FXParticleSystem@@@FXParticleSystem@@6BModuleTemplate@1@@
964,0x0081CA00,,.rdata,data,??_7?$ConcreteModuleTemplate@V?$ModuleTag@$07$E?LIFE_EVENT_MODULE_KEY@FXParticleSystem@@3QBDB$E?LIFE_EVENT_MODULE_NAME@2@3QBDBVLifeEventModule@2@VLifeEventModuleTemplate@2@VParticleLifeEventModule@2@@FXParticleSystem@@@FXParticleSystem@@6B?$CategoryModuleInfo@$07@1@@
965,0x0081C2E4,,.rdata,data,??_7?$ConcreteModuleTemplate@V?$ModuleTag@$07$E?LIFE_EVENT_MODULE_KEY@FXParticleSystem@@3QBDB$E?LIFE_EVENT_MODULE_NAME@2@3QBDBVLifeEventModule@2@VLifeEventModuleTemplate@2@VParticleLifeEventModule@2@@FXParticleSystem@@@FXParticleSystem@@6B@
966,0x0081C2F4,,.rdata,data,??_7?$ConcreteModuleTemplate@V?$ModuleTag@$07$E?LIFE_EVENT_MODULE_KEY@FXParticleSystem@@3QBDB$E?LIFE_EVENT_MODULE_NAME@2@3QBDBVLifeEventModule@2@VLifeEventModuleTemplate@2@VParticleLifeEventModule@2@@FXParticleSystem@@@FXParticleSystem@@6BModuleTemplate@1@@
967,0x0081CAA0,,.rdata,data,??_7?$ConcreteModuleTemplate@V?$ModuleTag@$07$E?TERRAIN_COLLISION_MODULE_KEY@FXParticleSystem@@3QBDB$E?TERRAIN_COLLISION_MODULE_NAME@2@3QBDBVTerrainCollisionModule@2@VTerrainCollisionModuleTemplate@2@VParticleTerrainCollisionModule@2@@FXParticleSystem@@@FXParticleSystem@@6B?$CategoryModuleInfo@$07@1@@
968,0x0081C304,,.rdata,data,??_7?$ConcreteModuleTemplate@V?$ModuleTag@$07$E?TERRAIN_COLLISION_MODULE_KEY@FXParticleSystem@@3QBDB$E?TERRAIN_COLLISION_MODULE_NAME@2@3QBDBVTerrainCollisionModule@2@VTerrainCollisionModuleTemplate@2@VParticleTerrainCollisionModule@2@@FXParticleSystem@@@FXParticleSystem@@6B@
969,0x0081C314,,.rdata,data,??_7?$ConcreteModuleTemplate@V?$ModuleTag@$07$E?TERRAIN_COLLISION_MODULE_KEY@FXParticleSystem@@3QBDB$E?TERRAIN_COLLISION_MODULE_NAME@2@3QBDBVTerrainCollisionModule@2@VTerrainCollisionModuleTemplate@2@VParticleTerrainCollisionModule@2@@FXParticleSystem@@@FXParticleSystem@@6BModuleTemplate@1@@
970,0x0081C780,,.rdata,data,??_7?$DefaultModuleTemplate@$00@FXParticleSystem@@6B?$CategoryModuleInfo@$00@1@@
971,0x0081BA80,,.rdata,data,??_7?$DefaultModuleTemplate@$00@FXParticleSystem@@6B@
972,0x0081BA70,,.rdata,data,??_7?$DefaultModuleTemplate@$00@FXParticleSystem@@6BModuleTemplate@1@@
973,0x0081C780,,.rdata,data,??_7?$DefaultModuleTemplate@$01@FXParticleSystem@@6B?$CategoryModuleInfo@$01@1@@
974,0x0081BD00,,.rdata,data,??_7?$DefaultModuleTemplate@$01@FXParticleSystem@@6B@
975,0x0081BCF0,,.rdata,data,??_7?$DefaultModuleTemplate@$01@FXParticleSystem@@6BModuleTemplate@1@@
976,0x0081C780,,.rdata,data,??_7?$DefaultModuleTemplate@$02@FXParticleSystem@@6B?$CategoryModuleInfo@$02@1@@
977,0x0081BCD0,,.rdata,data,??_7?$DefaultModuleTemplate@$02@FXParticleSystem@@6B@
978,0x0081BCC0,,.rdata,data,??_7?$DefaultModuleTemplate@$02@FXParticleSystem@@6BModuleTemplate@1@@
979,0x0081C780,,.rdata,data,??_7?$DefaultModuleTemplate@$05@FXParticleSystem@@6B?$CategoryModuleInfo@$05@1@@
980,0x0081BAD0,,.rdata,data,??_7?$DefaultModuleTemplate@$05@FXParticleSystem@@6B@
981,0x0081BD60,,.rdata,data,??_7?$DefaultModuleTemplate@$05@FXParticleSystem@@6BModuleTemplate@1@@
982,0x0081C780,,.rdata,data,??_7?$DefaultModuleTemplate@$06@FXParticleSystem@@6B?$CategoryModuleInfo@$06@1@@
983,0x0081BF94,,.rdata,data,??_7?$DefaultModuleTemplate@$06@FXParticleSystem@@6B@
984,0x0081BFA4,,.rdata,data,??_7?$DefaultModuleTemplate@$06@FXParticleSystem@@6BModuleTemplate@1@@
985,0x0081C780,,.rdata,data,??_7?$DefaultModuleTemplate@$0A@@FXParticleSystem@@6B?$CategoryModuleInfo@$0A@@1@@
986,0x0081BAB0,,.rdata,data,??_7?$DefaultModuleTemplate@$0A@@FXParticleSystem@@6B@
987,0x0081BAA0,,.rdata,data,??_7?$DefaultModuleTemplate@$0A@@FXParticleSystem@@6BModuleTemplate@1@@
988,0x0081BB30,,.rdata,data,??_7BoxEmissionVolumeInfo@FXParticleSystem@@6B@
989,0x0081C780,,.rdata,data,??_7BoxEmissionVolumeModuleTemplate@FXParticleSystem@@6B?$CategoryModuleInfo@$04@1@@
990,0x0081BB40,,.rdata,data,??_7BoxEmissionVolumeModuleTemplate@FXParticleSystem@@6B@
991,0x0081BB50,,.rdata,data,??_7BoxEmissionVolumeModuleTemplate@FXParticleSystem@@6BModuleTemplate@1@@
992,0x0081BD50,,.rdata,data,??_7ButterflyDrawModuleInfo@FXParticleSystem@@6B@
993,0x0081C780,,.rdata,data,??_7ButterflyDrawModuleTemplate@FXParticleSystem@@6B?$CategoryModuleInfo@$05@1@@
994,0x0081BD70,,.rdata,data,??_7ButterflyDrawModuleTemplate@FXParticleSystem@@6B@
995,0x0081BD60,,.rdata,data,??_7ButterflyDrawModuleTemplate@FXParticleSystem@@6BModuleTemplate@1@@
996,0x0081BB00,,.rdata,data,??_7CylinderEmissionVolumeInfo@FXParticleSystem@@6B@
997,0x0081C780,,.rdata,data,??_7CylinderEmissionVolumeModuleTemplate@FXParticleSystem@@6B?$CategoryModuleInfo@$04@1@@
998,0x0081BB10,,.rdata,data,??_7CylinderEmissionVolumeModuleTemplate@FXParticleSystem@@6B@
999,0x0081BB90,,.rdata,data,??_7CylinderEmissionVolumeModuleTemplate@FXParticleSystem@@6BModuleTemplate@1@@
1000,0x0081BC90,,.rdata,data,??_7CylindricalEmissionVelocityInfo@FXParticleSystem@@6B@
1001,0x0081C780,,.rdata,data,??_7CylindricalEmissionVelocityModuleTemplate@FXParticleSystem@@6B?$CategoryModuleInfo@$03@1@@
1002,0x0081BC80,,.rdata,data,??_7CylindricalEmissionVelocityModuleTemplate@FXParticleSystem@@6B@
1003,0x0081BC70,,.rdata,data,??_7CylindricalEmissionVelocityModuleTemplate@FXParticleSystem@@6BModuleTemplate@1@@
1004,0x0081BA60,,.rdata,data,??_7DefaultAlphaModuleInfo@FXParticleSystem@@6B@
1005,0x0081BA90,,.rdata,data,??_7DefaultColorModuleInfo@FXParticleSystem@@6B@
1006,0x0081BAC0,,.rdata,data,??_7DefaultDrawModuleInfo@FXParticleSystem@@6B@
1007,0x0081BCB0,,.rdata,data,??_7DefaultPhysicsModuleInfo@FXParticleSystem@@6B@
1008,0x0081BCE0,,.rdata,data,??_7DefaultUpdateModuleInfo@FXParticleSystem@@6B@
1009,0x007E1584,,.rdata,data,??_7EmissionVelocityInfo@FXParticleSystem@@6B@
1010,0x007E1548,,.rdata,data,??_7EmissionVolumeInfo@FXParticleSystem@@6B@
1011,0x0081C1E8,,.rdata,data,??_7GpuDrawModuleInfo@FXParticleSystem@@6B@
1012,0x0081C780,,.rdata,data,??_7GpuDrawModuleTemplate@FXParticleSystem@@6B?$CategoryModuleInfo@$05@1@@
1013,0x0081C208,,.rdata,data,??_7GpuDrawModuleTemplate@FXParticleSystem@@6B@
1014,0x0081C1F8,,.rdata,data,??_7GpuDrawModuleTemplate@FXParticleSystem@@6BModuleTemplate@1@@
1015,0x0081C780,,.rdata,data,??_7HemisphericalEmissionVelocityModuleTemplate@FXParticleSystem@@6B?$CategoryModuleInfo@$03@1@@
1016,0x0081C00C,,.rdata,data,??_7HemisphericalEmissionVelocityModuleTemplate@FXParticleSystem@@6B@
1017,0x0081BC60,,.rdata,data,??_7HemisphericalEmissionVelocityModuleTemplate@FXParticleSystem@@6BModuleTemplate@1@@
1018,0x0081C188,,.rdata,data,??_7LifeEventModuleInfo@FXParticleSystem@@6B@
1019,0x0081C780,,.rdata,data,??_7LifeEventModuleTemplate@FXParticleSystem@@6B?$CategoryModuleInfo@$07@1@@
1020,0x0081C1A8,,.rdata,data,??_7LifeEventModuleTemplate@FXParticleSystem@@6B@
1021,0x0081C198,,.rdata,data,??_7LifeEventModuleTemplate@FXParticleSystem@@6BModuleTemplate@1@@
1022,0x0081BD80,,.rdata,data,??_7LightningDrawModuleInfo@FXParticleSystem@@6B@
1023,0x0081C780,,.rdata,data,??_7LightningDrawModuleTemplate@FXParticleSystem@@6B?$CategoryModuleInfo@$05@1@@
1024,0x0081BDA0,,.rdata,data,??_7LightningDrawModuleTemplate@FXParticleSystem@@6B@
1025,0x0081BD90,,.rdata,data,??_7LightningDrawModuleTemplate@FXParticleSystem@@6BModuleTemplate@1@@
1026,0x0081BBA0,,.rdata,data,??_7LightningEmissionInfo@FXParticleSystem@@6B@
1027,0x0081C780,,.rdata,data,??_7LightningEmissionModuleTemplate@FXParticleSystem@@6B?$CategoryModuleInfo@$04@1@@
1028,0x0081BBC0,,.rdata,data,??_7LightningEmissionModuleTemplate@FXParticleSystem@@6B@
1029,0x0081BBB0,,.rdata,data,??_7LightningEmissionModuleTemplate@FXParticleSystem@@6BModuleTemplate@1@@
1030,0x0081BB00,,.rdata,data,??_7LineEmissionVolumeInfo@FXParticleSystem@@6B@
1031,0x0081C780,,.rdata,data,??_7LineEmissionVolumeModuleTemplate@FXParticleSystem@@6B?$CategoryModuleInfo@$04@1@@
1032,0x0081BB10,,.rdata,data,??_7LineEmissionVolumeModuleTemplate@FXParticleSystem@@6B@
1033,0x0081BB20,,.rdata,data,??_7LineEmissionVolumeModuleTemplate@FXParticleSystem@@6BModuleTemplate@1@@
1034,0x007BB52C,,.rdata,data,??_7ModuleTemplate@FXParticleSystem@@6B@
1035,0x0081BC00,,.rdata,data,??_7OrthoEmissionVelocityInfo@FXParticleSystem@@6B@
1036,0x0081C780,,.rdata,data,??_7OrthoEmissionVelocityModuleTemplate@FXParticleSystem@@6B?$CategoryModuleInfo@$03@1@@
1037,0x0081BC20,,.rdata,data,??_7OrthoEmissionVelocityModuleTemplate@FXParticleSystem@@6B@
1038,0x0081BC10,,.rdata,data,??_7OrthoEmissionVelocityModuleTemplate@FXParticleSystem@@6BModuleTemplate@1@@
1039,0x0081BC90,,.rdata,data,??_7OutwardEmissionVelocityInfo@FXParticleSystem@@6B@
1040,0x0081C780,,.rdata,data,??_7OutwardEmissionVelocityModuleTemplate@FXParticleSystem@@6B?$CategoryModuleInfo@$03@1@@
1041,0x0081BC80,,.rdata,data,??_7OutwardEmissionVelocityModuleTemplate@FXParticleSystem@@6B@
1042,0x0081BCA0,,.rdata,data,??_7OutwardEmissionVelocityModuleTemplate@FXParticleSystem@@6BModuleTemplate@1@@
1043,0x007BB5C8,,.rdata,data,??_7ParticleSystemInfo@FXParticleSystem@@6B@
1044,0x007E1A28,,.rdata,data,??_7ParticleSystemTemplate@FXParticleSystem@@6B@
1045,0x0081C780,,.rdata,data,??_7PointEmissionVolumeModuleTemplate@FXParticleSystem@@6B?$CategoryModuleInfo@$04@1@@
1046,0x0081BAE0,,.rdata,data,??_7PointEmissionVolumeModuleTemplate@FXParticleSystem@@6B@
1047,0x0081BAF0,,.rdata,data,??_7PointEmissionVolumeModuleTemplate@FXParticleSystem@@6BModuleTemplate@1@@
1048,0x0081BD30,,.rdata,data,??_7QuadDrawModuleInfo@FXParticleSystem@@6B@
1049,0x0081C780,,.rdata,data,??_7QuadDrawModuleTemplate@FXParticleSystem@@6B?$CategoryModuleInfo@$05@1@@
1050,0x0081BD40,,.rdata,data,??_7QuadDrawModuleTemplate@FXParticleSystem@@6B@
1051,0x0081BD60,,.rdata,data,??_7QuadDrawModuleTemplate@FXParticleSystem@@6BModuleTemplate@1@@
1052,0x0081C1B8,,.rdata,data,??_7RenderObjectDrawModuleInfo@FXParticleSystem@@6B@
1053,0x0081C780,,.rdata,data,??_7RenderObjectDrawModuleTemplate@FXParticleSystem@@6B?$CategoryModuleInfo@$05@1@@
1054,0x0081C1D8,,.rdata,data,??_7RenderObjectDrawModuleTemplate@FXParticleSystem@@6B@
1055,0x0081C1C8,,.rdata,data,??_7RenderObjectDrawModuleTemplate@FXParticleSystem@@6BModuleTemplate@1@@
1056,0x0081BDB0,,.rdata,data,??_7RenderObjectUpdateModuleInfo@FXParticleSystem@@6B@
1057,0x0081C780,,.rdata,data,??_7RenderObjectUpdateModuleTemplate@FXParticleSystem@@6B?$CategoryModuleInfo@$01@1@@
1058,0x0081BDD0,,.rdata,data,??_7RenderObjectUpdateModuleTemplate@FXParticleSystem@@6B@
1059,0x0081BDC0,,.rdata,data,??_7RenderObjectUpdateModuleTemplate@FXParticleSystem@@6BModuleTemplate@1@@
1060,0x007BB554,,.rdata,data,??_7Snapshot@@6B@
1061,0x0081BB60,,.rdata,data,??_7SphereEmissionVolumeInfo@FXParticleSystem@@6B@
1062,0x0081C780,,.rdata,data,??_7SphereEmissionVolumeModuleTemplate@FXParticleSystem@@6B?$CategoryModuleInfo@$04@1@@
1063,0x0081BB70,,.rdata,data,??_7SphereEmissionVolumeModuleTemplate@FXParticleSystem@@6B@
1064,0x0081BB80,,.rdata,data,??_7SphereEmissionVolumeModuleTemplate@FXParticleSystem@@6BModuleTemplate@1@@
1065,0x0081BC30,,.rdata,data,??_7SphericalEmissionVelocityInfo@FXParticleSystem@@6B@
1066,0x0081C780,,.rdata,data,??_7SphericalEmissionVelocityModuleTemplate@FXParticleSystem@@6B?$CategoryModuleInfo@$03@1@@
1067,0x0081BC50,,.rdata,data,??_7SphericalEmissionVelocityModuleTemplate@FXParticleSystem@@6B@
1068,0x0081BC40,,.rdata,data,??_7SphericalEmissionVelocityModuleTemplate@FXParticleSystem@@6BModuleTemplate@1@@
1069,0x0081BD10,,.rdata,data,??_7StreakDrawModuleInfo@FXParticleSystem@@6B@
1070,0x0081C780,,.rdata,data,??_7StreakDrawModuleTemplate@FXParticleSystem@@6B?$CategoryModuleInfo@$05@1@@
1071,0x0081BD20,,.rdata,data,??_7StreakDrawModuleTemplate@FXParticleSystem@@6B@
1072,0x0081BD60,,.rdata,data,??_7StreakDrawModuleTemplate@FXParticleSystem@@6BModuleTemplate@1@@
1073,0x0081C218,,.rdata,data,??_7TerrainCollisionModuleInfo@FXParticleSystem@@6B@
1074,0x0081C780,,.rdata,data,??_7TerrainCollisionModuleTemplate@FXParticleSystem@@6B?$CategoryModuleInfo@$07@1@@
1075,0x0081C238,,.rdata,data,??_7TerrainCollisionModuleTemplate@FXParticleSystem@@6B@
1076,0x0081C228,,.rdata,data,??_7TerrainCollisionModuleTemplate@FXParticleSystem@@6BModuleTemplate@1@@
1077,0x0081BBD0,,.rdata,data,??_7TerrainFireEmissionInfo@FXParticleSystem@@6B@
1078,0x0081C780,,.rdata,data,??_7TerrainFireEmissionModuleTemplate@FXParticleSystem@@6B?$CategoryModuleInfo@$04@1@@
1079,0x0081BBF0,,.rdata,data,??_7TerrainFireEmissionModuleTemplate@FXParticleSystem@@6B@
1080,0x0081BBE0,,.rdata,data,??_7TerrainFireEmissionModuleTemplate@FXParticleSystem@@6BModuleTemplate@1@@
1081,0x007E15A4,,.rdata,data,??_7WindModuleInfo@FXParticleSystem@@6B@
1082,0x007BB910,,.rdata,data,??_7Xfer@@6B@
1083,0x0002FB90,,.text,code,?ACos@@YAMM@Z
1084,0x00711AC0,,.text,code,?ASin@@YAMM@Z
1085,0x00003E04,,.text,code,?Add2D@Coord3D@@QAEAAV1@ABUCoord3DBase@@0@Z
1086,0x000038B3,,.text,code,?Add2D@Coord3D@@QAEAAV1@ABUCoord3DBase@@@Z
1087,0x000038B3,,.text,code,?Add@Coord2D@@QAEAAV1@ABUCoord3DBase@@@Z
1088,0x000038B3,,.text,code,?Add@Coord2D@@QAEAAV1@ABV1@@Z
1089,0x00003D04,,.text,code,?Add@Coord3D@@QAEAAV1@ABUCoord3DBase@@0@Z
1090,0x00003CD1,,.text,code,?Add@Coord3D@@QAEAAV1@ABUCoord3DBase@@@Z
1091,0x00003EA9,,.text,code,?Add@Coord3D@@QAEAAV1@ABUCoord3DBase@@ABVCoord2D@@@Z
1092,0x000038B3,,.text,code,?Add@Coord3D@@QAEAAV1@ABVCoord2D@@@Z
1093,0x00003E7B,,.text,code,?Add@Coord3D@@QAEAAV1@ABVCoord2D@@ABUCoord3DBase@@@Z
1094,0x0086BC94,,.rdata,data,?BOX_EMISSION_VOLUME_MODULE_KEY@FXParticleSystem@@3QBDB
1095,0x0086BC98,,.rdata,data,?BOX_EMISSION_VOLUME_MODULE_NAME@FXParticleSystem@@3QBDB
1096,0x0086C580,,.rdata,data,?BUTTERFLY_DRAW_MODULE_KEY@FXParticleSystem@@3QBDB
1097,0x0086C584,,.rdata,data,?BUTTERFLY_DRAW_MODULE_NAME@FXParticleSystem@@3QBDB
1098,0x007BAEA8,,.rdata,data,?CATEGORY@?$CategoryModuleInfo@$00@FXParticleSystem@@2W4ModuleCategory@2@B
1099,0x007BAEA4,,.rdata,data,?CATEGORY@?$CategoryModuleInfo@$01@FXParticleSystem@@2W4ModuleCategory@2@B
1100,0x007CE4C4,,.rdata,data,?CATEGORY@?$CategoryModuleInfo@$02@FXParticleSystem@@2W4ModuleCategory@2@B
1101,0x007C6C20,,.rdata,data,?CATEGORY@?$CategoryModuleInfo@$03@FXParticleSystem@@2W4ModuleCategory@2@B
1102,0x0081B904,,.rdata,data,?CATEGORY@?$CategoryModuleInfo@$04@FXParticleSystem@@2W4ModuleCategory@2@B
1103,0x007C4C58,,.rdata,data,?CATEGORY@?$CategoryModuleInfo@$05@FXParticleSystem@@2W4ModuleCategory@2@B
1104,0x00877E78,,.rdata,data,?CATEGORY@?$CategoryModuleInfo@$06@FXParticleSystem@@2W4ModuleCategory@2@B
1105,0x007BB880,,.rdata,data,?CATEGORY@?$CategoryModuleInfo@$07@FXParticleSystem@@2W4ModuleCategory@2@B
1106,0x007BAEAC,,.rdata,data,?CATEGORY@?$CategoryModuleInfo@$0A@@FXParticleSystem@@2W4ModuleCategory@2@B
1107,0x007BAEA8,,.rdata,data,?CATEGORY@?$ModuleTag@$00$E?VALUE@?$DefaultModuleKey@$00@FXParticleSystem@@2QBDB$E?VALUE@?$DefaultModuleName@$00@FXParticleSystem@@2QBDBV?$DefaultModule@$00@FXParticleSystem@@V?$DefaultModuleTemplate@$00@2@V?$DefaultParticleModule@$00@2@@FXParticleSystem@@2W4ModuleCategory@2@B
1108,0x007BAEA4,,.rdata,data,?CATEGORY@?$ModuleTag@$01$E?RENDEROBJECT_UPDATE_MODULE_KEY@FXParticleSystem@@3QBDB$E?RENDEROBJECT_UPDATE_MODULE_NAME@2@3QBDBVRenderObjectUpdateModule@2@VRenderObjectUpdateModuleTemplate@2@VRenderObjectParticleUpdateModule@2@@FXParticleSystem@@2W4ModuleCategory@2@B
1109,0x007BAEA4,,.rdata,data,?CATEGORY@?$ModuleTag@$01$E?VALUE@?$DefaultModuleKey@$01@FXParticleSystem@@2QBDB$E?VALUE@?$DefaultModuleName@$01@FXParticleSystem@@2QBDBV?$DefaultModule@$01@FXParticleSystem@@V?$DefaultModuleTemplate@$01@2@V?$DefaultParticleModule@$01@2@@FXParticleSystem@@2W4ModuleCategory@2@B
1110,0x007CE4C4,,.rdata,data,?CATEGORY@?$ModuleTag@$02$E?VALUE@?$DefaultModuleKey@$02@FXParticleSystem@@2QBDB$E?VALUE@?$DefaultModuleName@$02@FXParticleSystem@@2QBDBV?$DefaultModule@$02@FXParticleSystem@@V?$DefaultModuleTemplate@$02@2@V?$DefaultParticleModule@$02@2@@FXParticleSystem@@2W4ModuleCategory@2@B
1111,0x007C6C20,,.rdata,data,?CATEGORY@?$ModuleTag@$03$E?CYLINDRICAL_EMISSION_VELOCITY_MODULE_KEY@FXParticleSystem@@3QBDB$E?CYLINDRICAL_EMISSION_VELOCITY_MODULE_NAME@2@3QBDBVCylindricalEmissionVelocityModule@2@VCylindricalEmissionVelocityModuleTemplate@2@V?$DefaultParticleModule@$03@2@@FXParticleSystem@@2W4ModuleCategory@2@B
1112,0x007C6C20,,.rdata,data,?CATEGORY@?$ModuleTag@$03$E?HEMISPHERICAL_EMISSION_VELOCITY_MODULE_KEY@FXParticleSystem@@3QBDB$E?HEMISPHERICAL_EMISSION_VELOCITY_MODULE_NAME@2@3QBDBVHemisphericalEmissionVelocityModule@2@VHemisphericalEmissionVelocityModuleTemplate@2@V?$DefaultParticleModule@$03@2@@FXParticleSystem@@2W4ModuleCategory@2@B
1113,0x007C6C20,,.rdata,data,?CATEGORY@?$ModuleTag@$03$E?ORTHO_EMISSION_VELOCITY_MODULE_KEY@FXParticleSystem@@3QBDB$E?ORTHO_EMISSION_VELOCITY_MODULE_NAME@2@3QBDBVOrthoEmissionVelocityModule@2@VOrthoEmissionVelocityModuleTemplate@2@V?$DefaultParticleModule@$03@2@@FXParticleSystem@@2W4ModuleCategory@2@B
1114,0x007C6C20,,.rdata,data,?CATEGORY@?$ModuleTag@$03$E?OUTWARD_EMISSION_VELOCITY_MODULE_KEY@FXParticleSystem@@3QBDB$E?OUTWARD_EMISSION_VELOCITY_MODULE_NAME@2@3QBDBVOutwardEmissionVelocityModule@2@VOutwardEmissionVelocityModuleTemplate@2@V?$DefaultParticleModule@$03@2@@FXParticleSystem@@2W4ModuleCategory@2@B
1115,0x007C6C20,,.rdata,data,?CATEGORY@?$ModuleTag@$03$E?SPHERICAL_EMISSION_VELOCITY_MODULE_KEY@FXParticleSystem@@3QBDB$E?SPHERICAL_EMISSION_VELOCITY_MODULE_NAME@2@3QBDBVSphericalEmissionVelocityModule@2@VSphericalEmissionVelocityModuleTemplate@2@V?$DefaultParticleModule@$03@2@@FXParticleSystem@@2W4ModuleCategory@2@B
1116,0x0081B904,,.rdata,data,?CATEGORY@?$ModuleTag@$04$E?BOX_EMISSION_VOLUME_MODULE_KEY@FXParticleSystem@@3QBDB$E?BOX_EMISSION_VOLUME_MODULE_NAME@2@3QBDBVBoxEmissionVolumeModule@2@VBoxEmissionVolumeModuleTemplate@2@V?$DefaultParticleModule@$04@2@@FXParticleSystem@@2W4ModuleCategory@2@B
1117,0x0081B904,,.rdata,data,?CATEGORY@?$ModuleTag@$04$E?CYLINDER_EMISSION_VOLUME_MODULE_KEY@FXParticleSystem@@3QBDB$E?CYLINDER_EMISSION_VOLUME_MODULE_NAME@2@3QBDBVCylinderEmissionVolumeModule@2@VCylinderEmissionVolumeModuleTemplate@2@V?$DefaultParticleModule@$04@2@@FXParticleSystem@@2W4ModuleCategory@2@B
1118,0x0081B904,,.rdata,data,?CATEGORY@?$ModuleTag@$04$E?LIGHTNING_EMISSION_MODULE_KEY@FXParticleSystem@@3QBDB$E?LIGHTNING_EMISSION_MODULE_NAME@2@3QBDBVLightningEmissionModule@2@VLightningEmissionModuleTemplate@2@V?$DefaultParticleModule@$04@2@@FXParticleSystem@@2W4ModuleCategory@2@B
1119,0x0081B904,,.rdata,data,?CATEGORY@?$ModuleTag@$04$E?LINE_EMISSION_VOLUME_MODULE_KEY@FXParticleSystem@@3QBDB$E?LINE_EMISSION_VOLUME_MODULE_NAME@2@3QBDBVLineEmissionVolumeModule@2@VLineEmissionVolumeModuleTemplate@2@V?$DefaultParticleModule@$04@2@@FXParticleSystem@@2W4ModuleCategory@2@B
1120,0x0081B904,,.rdata,data,?CATEGORY@?$ModuleTag@$04$E?POINT_EMISSION_VOLUME_MODULE_KEY@FXParticleSystem@@3QBDB$E?POINT_EMISSION_VOLUME_MODULE_NAME@2@3QBDBVPointEmissionVolumeModule@2@VPointEmissionVolumeModuleTemplate@2@V?$DefaultParticleModule@$04@2@@FXParticleSystem@@2W4ModuleCategory@2@B
1121,0x0081B904,,.rdata,data,?CATEGORY@?$ModuleTag@$04$E?SPHERE_EMISSION_VOLUME_MODULE_KEY@FXParticleSystem@@3QBDB$E?SPHERE_EMISSION_VOLUME_MODULE_NAME@2@3QBDBVSphereEmissionVolumeModule@2@VSphereEmissionVolumeModuleTemplate@2@V?$DefaultParticleModule@$04@2@@FXParticleSystem@@2W4ModuleCategory@2@B
1122,0x0081B904,,.rdata,data,?CATEGORY@?$ModuleTag@$04$E?TERRAIN_FIRE_EMISSION_MODULE_KEY@FXParticleSystem@@3QBDB$E?TERRAIN_FIRE_EMISSION_MODULE_NAME@2@3QBDBVTerrainFireEmissionModule@2@VTerrainFireEmissionModuleTemplate@2@V?$DefaultParticleModule@$04@2@@FXParticleSystem@@2W4ModuleCategory@2@B
1123,0x007C4C58,,.rdata,data,?CATEGORY@?$ModuleTag@$05$E?BUTTERFLY_DRAW_MODULE_KEY@FXParticleSystem@@3QBDB$E?BUTTERFLY_DRAW_MODULE_NAME@2@3QBDBVButterflyDrawModule@2@VButterflyDrawModuleTemplate@2@V?$DefaultParticleModule@$05@2@@FXParticleSystem@@2W4ModuleCategory@2@B
1124,0x007C4C58,,.rdata,data,?CATEGORY@?$ModuleTag@$05$E?GPU_DRAW_MODULE_KEY@FXParticleSystem@@3QBDB$E?GPU_DRAW_MODULE_NAME@2@3QBDBVGpuDrawModule@2@VGpuDrawModuleTemplate@2@V?$DefaultParticleModule@$05@2@@FXParticleSystem@@2W4ModuleCategory@2@B
1125,0x007C4C58,,.rdata,data,?CATEGORY@?$ModuleTag@$05$E?LIGHTNING_DRAW_MODULE_KEY@FXParticleSystem@@3QBDB$E?LIGHTNING_DRAW_MODULE_NAME@2@3QBDBVLightningDrawModule@2@VLightningDrawModuleTemplate@2@V?$DefaultParticleModule@$05@2@@FXParticleSystem@@2W4ModuleCategory@2@B
1126,0x007C4C58,,.rdata,data,?CATEGORY@?$ModuleTag@$05$E?QUAD_DRAW_MODULE_KEY@FXParticleSystem@@3QBDB$E?QUAD_DRAW_MODULE_NAME@2@3QBDBVQuadDrawModule@2@VQuadDrawModuleTemplate@2@V?$DefaultParticleModule@$05@2@@FXParticleSystem@@2W4ModuleCategory@2@B
1127,0x007C4C58,,.rdata,data,?CATEGORY@?$ModuleTag@$05$E?RENDEROBJECT_DRAW_MODULE_KEY@FXParticleSystem@@3QBDB$E?RENDEROBJECT_DRAW_MODULE_NAME@2@3QBDBVRenderObjectDrawModule@2@VRenderObjectDrawModuleTemplate@2@V?$DefaultParticleModule@$05@2@@FXParticleSystem@@2W4ModuleCategory@2@B
1128,0x007C4C58,,.rdata,data,?CATEGORY@?$ModuleTag@$05$E?STREAK_DRAW_MODULE_KEY@FXParticleSystem@@3QBDB$E?STREAK_DRAW_MODULE_NAME@2@3QBDBVStreakDrawModule@2@VStreakDrawModuleTemplate@2@V?$DefaultParticleModule@$05@2@@FXParticleSystem@@2W4ModuleCategory@2@B
1129,0x007C4C58,,.rdata,data,?CATEGORY@?$ModuleTag@$05$E?VALUE@?$DefaultModuleKey@$05@FXParticleSystem@@2QBDB$E?VALUE@?$DefaultModuleName@$05@FXParticleSystem@@2QBDBV?$DefaultModule@$05@FXParticleSystem@@V?$DefaultModuleTemplate@$05@2@V?$DefaultParticleModule@$05@2@@FXParticleSystem@@2W4ModuleCategory@2@B
1130,0x00877E78,,.rdata,data,?CATEGORY@?$ModuleTag@$06$E?VALUE@?$DefaultModuleKey@$06@FXParticleSystem@@2QBDB$E?VALUE@?$DefaultModuleName@$06@FXParticleSystem@@2QBDBV?$DefaultModule@$06@FXParticleSystem@@V?$DefaultModuleTemplate@$06@2@V?$DefaultParticleModule@$06@2@@FXParticleSystem@@2W4ModuleCategory@2@B
1131,0x007BB880,,.rdata,data,?CATEGORY@?$ModuleTag@$07$E?LIFE_EVENT_MODULE_KEY@FXParticleSystem@@3QBDB$E?LIFE_EVENT_MODULE_NAME@2@3QBDBVLifeEventModule@2@VLifeEventModuleTemplate@2@VParticleLifeEventModule@2@@FXParticleSystem@@2W4ModuleCategory@2@B
1132,0x007BB880,,.rdata,data,?CATEGORY@?$ModuleTag@$07$E?TERRAIN_COLLISION_MODULE_KEY@FXParticleSystem@@3QBDB$E?TERRAIN_COLLISION_MODULE_NAME@2@3QBDBVTerrainCollisionModule@2@VTerrainCollisionModuleTemplate@2@VParticleTerrainCollisionModule@2@@FXParticleSystem@@2W4ModuleCategory@2@B
1133,0x007BAEAC,,.rdata,data,?CATEGORY@?$ModuleTag@$0A@$E?VALUE@?$DefaultModuleKey@$0A@@FXParticleSystem@@2QBDB$E?VALUE@?$DefaultModuleName@$0A@@FXParticleSystem@@2QBDBV?$DefaultModule@$0A@@FXParticleSystem@@V?$DefaultModuleTemplate@$0A@@2@V?$DefaultParticleModule@$0A@@2@@FXParticleSystem@@2W4ModuleCategory@2@B
1134,0x0086BE64,,.rdata,data,?CYLINDER_EMISSION_VOLUME_MODULE_KEY@FXParticleSystem@@3QBDB
1135,0x0086BE68,,.rdata,data,?CYLINDER_EMISSION_VOLUME_MODULE_NAME@FXParticleSystem@@3QBDB
1136,0x0086C250,,.rdata,data,?CYLINDRICAL_EMISSION_VELOCITY_MODULE_KEY@FXParticleSystem@@3QBDB
1137,0x0086C254,,.rdata,data,?CYLINDRICAL_EMISSION_VELOCITY_MODULE_NAME@FXParticleSystem@@3QBDB
1138,0x006B3100,,.text,code,?ClosestPointOnLineSegment@@YA?AVCoord2D@@ABULineSegment2D@@ABV1@@Z
1139,0x0002FBC0,,.text,code,?Cos@@YAMM@Z
1140,0x00003C70,,.text,code,?CrossProduct@Coord3D@@QAEAAV1@ABUCoord3DBase@@0@Z
1141,0x0081B2F4,,.rdata,data,?DEFAULT_ANGLE@WindModuleInfo@FXParticleSystem@@2MB
1142,0x0081B2F8,,.rdata,data,?DEFAULT_ANGLE_CHANGE@WindModuleInfo@FXParticleSystem@@2MB
1143,0x0081B300,,.rdata,data,?DEFAULT_ANGLE_CHANGE_MAX@WindModuleInfo@FXParticleSystem@@2MB
1144,0x0081B2FC,,.rdata,data,?DEFAULT_ANGLE_CHANGE_MIN@WindModuleInfo@FXParticleSystem@@2MB
1145,0x0081B2EC,,.rdata,data,?DEFAULT_FULL_STRENGTH_DIST@WindModuleInfo@FXParticleSystem@@2MB
1146,0x0081B2E4,,.rdata,data,?DEFAULT_MOTION@WindModuleInfo@FXParticleSystem@@2W4WindMotion@2@B
1147,0x009C0A9C,,.data,data,?DEFAULT_MOTION_END_ANGLE@WindModuleInfo@FXParticleSystem@@2MB
1148,0x0081B310,,.rdata,data,?DEFAULT_MOTION_END_ANGLE_MAX@WindModuleInfo@FXParticleSystem@@2MB
1149,0x0081B30C,,.rdata,data,?DEFAULT_MOTION_END_ANGLE_MIN@WindModuleInfo@FXParticleSystem@@2MB
1150,0x0081B314,,.rdata,data,?DEFAULT_MOTION_MOVING_TO_END_ANGLE@WindModuleInfo@FXParticleSystem@@2DB
1151,0x00A02904,,.data,data,?DEFAULT_MOTION_START_ANGLE@WindModuleInfo@FXParticleSystem@@2MB
1152,0x0081B308,,.rdata,data,?DEFAULT_MOTION_START_ANGLE_MAX@WindModuleInfo@FXParticleSystem@@2MB
1153,0x0081B304,,.rdata,data,?DEFAULT_MOTION_START_ANGLE_MIN@WindModuleInfo@FXParticleSystem@@2MB
1154,0x0081B2E8,,.rdata,data,?DEFAULT_STRENGTH@WindModuleInfo@FXParticleSystem@@2MB
1155,0x0081B318,,.rdata,data,?DEFAULT_TURBULENCE_AMPLITUDE@WindModuleInfo@FXParticleSystem@@2MB
1156,0x0081B31C,,.rdata,data,?DEFAULT_TURBULENCE_FREQUENCY@WindModuleInfo@FXParticleSystem@@2MB
1157,0x0081B2F0,,.rdata,data,?DEFAULT_ZERO_STRENGTH_DIST@WindModuleInfo@FXParticleSystem@@2MB
1158,0x0000424D,,.text,code,?Determinant@Matrix4D@@QBEMXZ
1159,0x009BA3E8,,.data,data,?DistributionTypeNames@GameClientRandomVariable@@2PAPBDA
1160,0x00306A9B,,.text,code,?DoXfer@ButterflyDrawModuleInfo@FXParticleSystem@@UAEXAAVXfer@@@Z
1161,0x0055B266,,.text,code,?DoXfer@DefaultAlphaModuleInfo@FXParticleSystem@@UAEXAAVXfer@@@Z
1162,0x0055B8CD,,.text,code,?DoXfer@DefaultColorModuleInfo@FXParticleSystem@@UAEXAAVXfer@@@Z
1163,0x00306A9B,,.text,code,?DoXfer@DefaultDrawModuleInfo@FXParticleSystem@@UAEXAAVXfer@@@Z
1164,0x0055EECB,,.text,code,?DoXfer@DefaultPhysicsModuleInfo@FXParticleSystem@@UAEXAAVXfer@@@Z
1165,0x0055F67C,,.text,code,?DoXfer@DefaultUpdateModuleInfo@FXParticleSystem@@UAEXAAVXfer@@@Z
1166,0x0047A69C,,.text,code,?DoXfer@EmissionVelocityInfo@FXParticleSystem@@UAEXAAVXfer@@@Z
1167,0x0047A69C,,.text,code,?DoXfer@EmissionVolumeInfo@FXParticleSystem@@UAEXAAVXfer@@@Z
1168,0x0056390A,,.text,code,?DoXfer@GpuDrawModuleInfo@FXParticleSystem@@UAEXAAVXfer@@@Z
1169,0x00563E72,,.text,code,?DoXfer@LifeEventModuleInfo@FXParticleSystem@@UAEXAAVXfer@@@Z
1170,0x005614D9,,.text,code,?DoXfer@LightningDrawModuleInfo@FXParticleSystem@@UAEXAAVXfer@@@Z
1171,0x001F4F5A,,.text,code,?DoXfer@ParticleSystemInfo@FXParticleSystem@@UAEXAAVXfer@@@Z
1172,0x00306A9B,,.text,code,?DoXfer@QuadDrawModuleInfo@FXParticleSystem@@UAEXAAVXfer@@@Z
1173,0x00562871,,.text,code,?DoXfer@RenderObjectDrawModuleInfo@FXParticleSystem@@UAEXAAVXfer@@@Z
1174,0x00562182,,.text,code,?DoXfer@RenderObjectUpdateModuleInfo@FXParticleSystem@@UAEXAAVXfer@@@Z
1175,0x00306A9B,,.text,code,?DoXfer@StreakDrawModuleInfo@FXParticleSystem@@UAEXAAVXfer@@@Z
1176,0x0056445E,,.text,code,?DoXfer@TerrainCollisionModuleInfo@FXParticleSystem@@UAEXAAVXfer@@@Z
1177,0x003A547E,,.text,code,?DoXfer@WindModuleInfo@FXParticleSystem@@UAEXAAVXfer@@@Z
1178,0x0081B668,,.rdata,data,?EmissionVelocityTypeNames@FXParticleSystem@@3QBQBDB
1179,0x0081B684,,.rdata,data,?EmissionVolumeTypeNames@FXParticleSystem@@3QBQBDB
1180,0x0086C9E8,,.rdata,data,?GPU_DRAW_MODULE_KEY@FXParticleSystem@@3QBDB
1181,0x0086C9EC,,.rdata,data,?GPU_DRAW_MODULE_NAME@FXParticleSystem@@3QBDB
1182,0x0047A69C,,.text,code,?GetAssetList@ParticleSystemTemplate@FXParticleSystem@@QBEXAAVAssetList@@@Z
1183,0x003AFD16,,.text,code,?GetKey@FXParticleSystem@@YAPBDW4ModuleCategory@1@@Z
1184,0x0000599F,,.text,code,?GetLength2D@Coord3D@@QBEMXZ
1185,0x0000599F,,.text,code,?GetLength@Coord2D@@QBEMXZ
1186,0x00005A26,,.text,code,?GetLength@Coord3D@@QBEMXZ
1187,0x000037D1,,.text,code,?GetLengthEstimate2D@Coord3D@@QBEMXZ
1188,0x000037D1,,.text,code,?GetLengthEstimate@Coord2D@@QBEMXZ
1189,0x00003ACE,,.text,code,?GetLengthEstimate@Coord3D@@QBEMXZ
1190,0x000059BF,,.text,code,?GetLengthSqrd2D@Coord3D@@QBEMXZ
1191,0x000059BF,,.text,code,?GetLengthSqrd@Coord2D@@QBEMXZ
1192,0x00005A51,,.text,code,?GetLengthSqrd@Coord3D@@QBEMXZ
1193,0x003AFD0A,,.text,code,?GetName@FXParticleSystem@@YAPBDW4ModuleCategory@1@@Z
1194,0x003A614B,,.text,code,?GetSnapshotName@ButterflyDrawModuleInfo@FXParticleSystem@@UAEPBDXZ
1195,0x003A611B,,.text,code,?GetSnapshotName@DefaultAlphaModuleInfo@FXParticleSystem@@UAEPBDXZ
1196,0x003A6121,,.text,code,?GetSnapshotName@DefaultColorModuleInfo@FXParticleSystem@@UAEPBDXZ
1197,0x003A6127,,.text,code,?GetSnapshotName@DefaultDrawModuleInfo@FXParticleSystem@@UAEPBDXZ
1198,0x003A612D,,.text,code,?GetSnapshotName@DefaultPhysicsModuleInfo@FXParticleSystem@@UAEPBDXZ
1199,0x003A6133,,.text,code,?GetSnapshotName@DefaultUpdateModuleInfo@FXParticleSystem@@UAEPBDXZ
1200,0x001F35BF,,.text,code,?GetSnapshotName@EmissionVelocityInfo@FXParticleSystem@@UAEPBDXZ
1201,0x001F354A,,.text,code,?GetSnapshotName@EmissionVolumeInfo@FXParticleSystem@@UAEPBDXZ
1202,0x003A615D,,.text,code,?GetSnapshotName@GpuDrawModuleInfo@FXParticleSystem@@UAEPBDXZ
1203,0x003A6139,,.text,code,?GetSnapshotName@LifeEventModuleInfo@FXParticleSystem@@UAEPBDXZ
1204,0x003A6157,,.text,code,?GetSnapshotName@LightningDrawModuleInfo@FXParticleSystem@@UAEPBDXZ
1205,0x00001272,,.text,code,?GetSnapshotName@ParticleSystemInfo@FXParticleSystem@@UAEPBDXZ
1206,0x003A6145,,.text,code,?GetSnapshotName@QuadDrawModuleInfo@FXParticleSystem@@UAEPBDXZ
1207,0x003A6151,,.text,code,?GetSnapshotName@RenderObjectDrawModuleInfo@FXParticleSystem@@UAEPBDXZ
1208,0x003A6163,,.text,code,?GetSnapshotName@RenderObjectUpdateModuleInfo@FXParticleSystem@@UAEPBDXZ
1209,0x003A613F,,.text,code,?GetSnapshotName@StreakDrawModuleInfo@FXParticleSystem@@UAEPBDXZ
1210,0x003A6169,,.text,code,?GetSnapshotName@TerrainCollisionModuleInfo@FXParticleSystem@@UAEPBDXZ
1211,0x001F35D9,,.text,code,?GetSnapshotName@WindModuleInfo@FXParticleSystem@@UAEPBDXZ
1212,0x0009314A,,.text,code,?GetTranslationVector@Matrix4D@@QBEAAVCoord3D@@AAV2@@Z
1213,0x003AA97F,,.text,code,?GetValue@?$DefaultModuleKey@$00@FXParticleSystem@@CAPBDXZ
1214,0x003AACFA,,.text,code,?GetValue@?$DefaultModuleKey@$01@FXParticleSystem@@CAPBDXZ
1215,0x003AABD1,,.text,code,?GetValue@?$DefaultModuleKey@$02@FXParticleSystem@@CAPBDXZ
1216,0x003AA252,,.text,code,?GetValue@?$DefaultModuleKey@$05@FXParticleSystem@@CAPBDXZ
1217,0x003AAE23,,.text,code,?GetValue@?$DefaultModuleKey@$06@FXParticleSystem@@CAPBDXZ
1218,0x003AAAA8,,.text,code,?GetValue@?$DefaultModuleKey@$0A@@FXParticleSystem@@CAPBDXZ
1219,0x003AA9FE,,.text,code,?GetValue@?$DefaultModuleName@$00@FXParticleSystem@@CAPBDXZ
1220,0x003AAD79,,.text,code,?GetValue@?$DefaultModuleName@$01@FXParticleSystem@@CAPBDXZ
1221,0x003AAC50,,.text,code,?GetValue@?$DefaultModuleName@$02@FXParticleSystem@@CAPBDXZ
1222,0x003AA2D1,,.text,code,?GetValue@?$DefaultModuleName@$05@FXParticleSystem@@CAPBDXZ
1223,0x003AAEA2,,.text,code,?GetValue@?$DefaultModuleName@$06@FXParticleSystem@@CAPBDXZ
1224,0x003AAB27,,.text,code,?GetValue@?$DefaultModuleName@$0A@@FXParticleSystem@@CAPBDXZ
1225,0x00004BBF,,.text,code,?GetXVector@Matrix4D@@QBEAAVCoord3D@@AAV2@@Z
1226,0x00004BD6,,.text,code,?GetYVector@Matrix4D@@QBEAAVCoord3D@@AAV2@@Z
1227,0x00004BEE,,.text,code,?GetZVector@Matrix4D@@QBEAAVCoord3D@@AAV2@@Z
1228,0x0086CBC8,,.rdata,data,?HEMISPHERICAL_EMISSION_VELOCITY_MODULE_KEY@FXParticleSystem@@3QBDB
1229,0x0086CBCC,,.rdata,data,?HEMISPHERICAL_EMISSION_VELOCITY_MODULE_NAME@FXParticleSystem@@3QBDB
1230,0x007BAC1C,,.rdata,data,?IS_DEFAULT@?$ModuleTag@$00$E?VALUE@?$DefaultModuleKey@$00@FXParticleSystem@@2QBDB$E?VALUE@?$DefaultModuleName@$00@FXParticleSystem@@2QBDBV?$DefaultModule@$00@FXParticleSystem@@V?$DefaultModuleTemplate@$00@2@V?$DefaultParticleModule@$00@2@@FXParticleSystem@@2_NB
1231,0x007BAC1C,,.rdata,data,?IS_DEFAULT@?$ModuleTag@$01$E?RENDEROBJECT_UPDATE_MODULE_KEY@FXParticleSystem@@3QBDB$E?RENDEROBJECT_UPDATE_MODULE_NAME@2@3QBDBVRenderObjectUpdateModule@2@VRenderObjectUpdateModuleTemplate@2@VRenderObjectParticleUpdateModule@2@@FXParticleSystem@@2_NB
1232,0x007BAC1C,,.rdata,data,?IS_DEFAULT@?$ModuleTag@$01$E?VALUE@?$DefaultModuleKey@$01@FXParticleSystem@@2QBDB$E?VALUE@?$DefaultModuleName@$01@FXParticleSystem@@2QBDBV?$DefaultModule@$01@FXParticleSystem@@V?$DefaultModuleTemplate@$01@2@V?$DefaultParticleModule@$01@2@@FXParticleSystem@@2_NB
1233,0x007BAC1C,,.rdata,data,?IS_DEFAULT@?$ModuleTag@$02$E?VALUE@?$DefaultModuleKey@$02@FXParticleSystem@@2QBDB$E?VALUE@?$DefaultModuleName@$02@FXParticleSystem@@2QBDBV?$DefaultModule@$02@FXParticleSystem@@V?$DefaultModuleTemplate@$02@2@V?$DefaultParticleModule@$02@2@@FXParticleSystem@@2_NB
1234,0x007BAC1C,,.rdata,data,?IS_DEFAULT@?$ModuleTag@$03$E?CYLINDRICAL_EMISSION_VELOCITY_MODULE_KEY@FXParticleSystem@@3QBDB$E?CYLINDRICAL_EMISSION_VELOCITY_MODULE_NAME@2@3QBDBVCylindricalEmissionVelocityModule@2@VCylindricalEmissionVelocityModuleTemplate@2@V?$DefaultParticleModule@$03@2@@FXParticleSystem@@2_NB
1235,0x007BAC1C,,.rdata,data,?IS_DEFAULT@?$ModuleTag@$03$E?HEMISPHERICAL_EMISSION_VELOCITY_MODULE_KEY@FXParticleSystem@@3QBDB$E?HEMISPHERICAL_EMISSION_VELOCITY_MODULE_NAME@2@3QBDBVHemisphericalEmissionVelocityModule@2@VHemisphericalEmissionVelocityModuleTemplate@2@V?$DefaultParticleModule@$03@2@@FXParticleSystem@@2_NB
1236,0x007BAC1C,,.rdata,data,?IS_DEFAULT@?$ModuleTag@$03$E?ORTHO_EMISSION_VELOCITY_MODULE_KEY@FXParticleSystem@@3QBDB$E?ORTHO_EMISSION_VELOCITY_MODULE_NAME@2@3QBDBVOrthoEmissionVelocityModule@2@VOrthoEmissionVelocityModuleTemplate@2@V?$DefaultParticleModule@$03@2@@FXParticleSystem@@2_NB
1237,0x007BAC1C,,.rdata,data,?IS_DEFAULT@?$ModuleTag@$03$E?OUTWARD_EMISSION_VELOCITY_MODULE_KEY@FXParticleSystem@@3QBDB$E?OUTWARD_EMISSION_VELOCITY_MODULE_NAME@2@3QBDBVOutwardEmissionVelocityModule@2@VOutwardEmissionVelocityModuleTemplate@2@V?$DefaultParticleModule@$03@2@@FXParticleSystem@@2_NB
1238,0x007BAC1C,,.rdata,data,?IS_DEFAULT@?$ModuleTag@$03$E?SPHERICAL_EMISSION_VELOCITY_MODULE_KEY@FXParticleSystem@@3QBDB$E?SPHERICAL_EMISSION_VELOCITY_MODULE_NAME@2@3QBDBVSphericalEmissionVelocityModule@2@VSphericalEmissionVelocityModuleTemplate@2@V?$DefaultParticleModule@$03@2@@FXParticleSystem@@2_NB
1239,0x007BAC1C,,.rdata,data,?IS_DEFAULT@?$ModuleTag@$04$E?BOX_EMISSION_VOLUME_MODULE_KEY@FXParticleSystem@@3QBDB$E?BOX_EMISSION_VOLUME_MODULE_NAME@2@3QBDBVBoxEmissionVolumeModule@2@VBoxEmissionVolumeModuleTemplate@2@V?$DefaultParticleModule@$04@2@@FXParticleSystem@@2_NB
1240,0x007BAC1C,,.rdata,data,?IS_DEFAULT@?$ModuleTag@$04$E?CYLINDER_EMISSION_VOLUME_MODULE_KEY@FXParticleSystem@@3QBDB$E?CYLINDER_EMISSION_VOLUME_MODULE_NAME@2@3QBDBVCylinderEmissionVolumeModule@2@VCylinderEmissionVolumeModuleTemplate@2@V?$DefaultParticleModule@$04@2@@FXParticleSystem@@2_NB
1241,0x007BAC1C,,.rdata,data,?IS_DEFAULT@?$ModuleTag@$04$E?LIGHTNING_EMISSION_MODULE_KEY@FXParticleSystem@@3QBDB$E?LIGHTNING_EMISSION_MODULE_NAME@2@3QBDBVLightningEmissionModule@2@VLightningEmissionModuleTemplate@2@V?$DefaultParticleModule@$04@2@@FXParticleSystem@@2_NB
1242,0x007BAC1C,,.rdata,data,?IS_DEFAULT@?$ModuleTag@$04$E?LINE_EMISSION_VOLUME_MODULE_KEY@FXParticleSystem@@3QBDB$E?LINE_EMISSION_VOLUME_MODULE_NAME@2@3QBDBVLineEmissionVolumeModule@2@VLineEmissionVolumeModuleTemplate@2@V?$DefaultParticleModule@$04@2@@FXParticleSystem@@2_NB
1243,0x007BAC1C,,.rdata,data,?IS_DEFAULT@?$ModuleTag@$04$E?POINT_EMISSION_VOLUME_MODULE_KEY@FXParticleSystem@@3QBDB$E?POINT_EMISSION_VOLUME_MODULE_NAME@2@3QBDBVPointEmissionVolumeModule@2@VPointEmissionVolumeModuleTemplate@2@V?$DefaultParticleModule@$04@2@@FXParticleSystem@@2_NB
1244,0x007BAC1C,,.rdata,data,?IS_DEFAULT@?$ModuleTag@$04$E?SPHERE_EMISSION_VOLUME_MODULE_KEY@FXParticleSystem@@3QBDB$E?SPHERE_EMISSION_VOLUME_MODULE_NAME@2@3QBDBVSphereEmissionVolumeModule@2@VSphereEmissionVolumeModuleTemplate@2@V?$DefaultParticleModule@$04@2@@FXParticleSystem@@2_NB
1245,0x007BAC1C,,.rdata,data,?IS_DEFAULT@?$ModuleTag@$04$E?TERRAIN_FIRE_EMISSION_MODULE_KEY@FXParticleSystem@@3QBDB$E?TERRAIN_FIRE_EMISSION_MODULE_NAME@2@3QBDBVTerrainFireEmissionModule@2@VTerrainFireEmissionModuleTemplate@2@V?$DefaultParticleModule@$04@2@@FXParticleSystem@@2_NB
1246,0x007BAC1C,,.rdata,data,?IS_DEFAULT@?$ModuleTag@$05$E?BUTTERFLY_DRAW_MODULE_KEY@FXParticleSystem@@3QBDB$E?BUTTERFLY_DRAW_MODULE_NAME@2@3QBDBVButterflyDrawModule@2@VButterflyDrawModuleTemplate@2@V?$DefaultParticleModule@$05@2@@FXParticleSystem@@2_NB
1247,0x007BAC1C,,.rdata,data,?IS_DEFAULT@?$ModuleTag@$05$E?GPU_DRAW_MODULE_KEY@FXParticleSystem@@3QBDB$E?GPU_DRAW_MODULE_NAME@2@3QBDBVGpuDrawModule@2@VGpuDrawModuleTemplate@2@V?$DefaultParticleModule@$05@2@@FXParticleSystem@@2_NB
1248,0x007BAC1C,,.rdata,data,?IS_DEFAULT@?$ModuleTag@$05$E?LIGHTNING_DRAW_MODULE_KEY@FXParticleSystem@@3QBDB$E?LIGHTNING_DRAW_MODULE_NAME@2@3QBDBVLightningDrawModule@2@VLightningDrawModuleTemplate@2@V?$DefaultParticleModule@$05@2@@FXParticleSystem@@2_NB
1249,0x007BAC1C,,.rdata,data,?IS_DEFAULT@?$ModuleTag@$05$E?QUAD_DRAW_MODULE_KEY@FXParticleSystem@@3QBDB$E?QUAD_DRAW_MODULE_NAME@2@3QBDBVQuadDrawModule@2@VQuadDrawModuleTemplate@2@V?$DefaultParticleModule@$05@2@@FXParticleSystem@@2_NB
1250,0x007BAC1C,,.rdata,data,?IS_DEFAULT@?$ModuleTag@$05$E?RENDEROBJECT_DRAW_MODULE_KEY@FXParticleSystem@@3QBDB$E?RENDEROBJECT_DRAW_MODULE_NAME@2@3QBDBVRenderObjectDrawModule@2@VRenderObjectDrawModuleTemplate@2@V?$DefaultParticleModule@$05@2@@FXParticleSystem@@2_NB
1251,0x007BAC1C,,.rdata,data,?IS_DEFAULT@?$ModuleTag@$05$E?STREAK_DRAW_MODULE_KEY@FXParticleSystem@@3QBDB$E?STREAK_DRAW_MODULE_NAME@2@3QBDBVStreakDrawModule@2@VStreakDrawModuleTemplate@2@V?$DefaultParticleModule@$05@2@@FXParticleSystem@@2_NB
1252,0x007BAC1C,,.rdata,data,?IS_DEFAULT@?$ModuleTag@$05$E?VALUE@?$DefaultModuleKey@$05@FXParticleSystem@@2QBDB$E?VALUE@?$DefaultModuleName@$05@FXParticleSystem@@2QBDBV?$DefaultModule@$05@FXParticleSystem@@V?$DefaultModuleTemplate@$05@2@V?$DefaultParticleModule@$05@2@@FXParticleSystem@@2_NB
1253,0x007BAC1C,,.rdata,data,?IS_DEFAULT@?$ModuleTag@$06$E?VALUE@?$DefaultModuleKey@$06@FXParticleSystem@@2QBDB$E?VALUE@?$DefaultModuleName@$06@FXParticleSystem@@2QBDBV?$DefaultModule@$06@FXParticleSystem@@V?$DefaultModuleTemplate@$06@2@V?$DefaultParticleModule@$06@2@@FXParticleSystem@@2_NB
1254,0x007BAC1C,,.rdata,data,?IS_DEFAULT@?$ModuleTag@$07$E?LIFE_EVENT_MODULE_KEY@FXParticleSystem@@3QBDB$E?LIFE_EVENT_MODULE_NAME@2@3QBDBVLifeEventModule@2@VLifeEventModuleTemplate@2@VParticleLifeEventModule@2@@FXParticleSystem@@2_NB
1255,0x007BAC1C,,.rdata,data,?IS_DEFAULT@?$ModuleTag@$07$E?TERRAIN_COLLISION_MODULE_KEY@FXParticleSystem@@3QBDB$E?TERRAIN_COLLISION_MODULE_NAME@2@3QBDBVTerrainCollisionModule@2@VTerrainCollisionModuleTemplate@2@VParticleTerrainCollisionModule@2@@FXParticleSystem@@2_NB
1256,0x007BAC1C,,.rdata,data,?IS_DEFAULT@?$ModuleTag@$0A@$E?VALUE@?$DefaultModuleKey@$0A@@FXParticleSystem@@2QBDB$E?VALUE@?$DefaultModuleName@$0A@@FXParticleSystem@@2QBDBV?$DefaultModule@$0A@@FXParticleSystem@@V?$DefaultModuleTemplate@$0A@@2@V?$DefaultParticleModule@$0A@@2@@FXParticleSystem@@2_NB
1257,0x00005CD4,,.text,code,?Inverse@Matrix4D@@QAEMXZ
1258,0x0047A699,,.text,code,?IsCRC@Xfer@@UBE_NXZ
1259,0x0000383D,,.text,code,?IsExactlyEqualTo@Coord2D@@QBE_NABV1@@Z
1260,0x00003702,,.text,code,?IsExactlyEqualTo@Coord3D@@QBE_NABV1@@Z
1261,0x00004B70,,.text,code,?IsExactlyEqualTo@Matrix4D@@QAE_NABV1@@Z
1262,0x00004C65,,.text,code,?IsExactlyEqualTo@Region2D@@QBE_NABU1@@Z
1263,0x0047A699,,.text,code,?IsLightCRC@Xfer@@UBE_NXZ
1264,0x0047A699,,.text,code,?IsLoading@Xfer@@UBE_NXZ
1265,0x0047A699,,.text,code,?IsStoring@Xfer@@UBE_NXZ
1266,0x00A02C88,,.data,data,?KEY@?$ModuleTag@$00$E?VALUE@?$DefaultModuleKey@$00@FXParticleSystem@@2QBDB$E?VALUE@?$DefaultModuleName@$00@FXParticleSystem@@2QBDBV?$DefaultModule@$00@FXParticleSystem@@V?$DefaultModuleTemplate@$00@2@V?$DefaultParticleModule@$00@2@@FXParticleSystem@@2ABQBDB
1267,0x00A02CD8,,.data,data,?KEY@?$ModuleTag@$01$E?RENDEROBJECT_UPDATE_MODULE_KEY@FXParticleSystem@@3QBDB$E?RENDEROBJECT_UPDATE_MODULE_NAME@2@3QBDBVRenderObjectUpdateModule@2@VRenderObjectUpdateModuleTemplate@2@VRenderObjectParticleUpdateModule@2@@FXParticleSystem@@2ABQBDB
1268,0x00A02CB8,,.data,data,?KEY@?$ModuleTag@$01$E?VALUE@?$DefaultModuleKey@$01@FXParticleSystem@@2QBDB$E?VALUE@?$DefaultModuleName@$01@FXParticleSystem@@2QBDBV?$DefaultModule@$01@FXParticleSystem@@V?$DefaultModuleTemplate@$01@2@V?$DefaultParticleModule@$01@2@@FXParticleSystem@@2ABQBDB
1269,0x00A02CA8,,.data,data,?KEY@?$ModuleTag@$02$E?VALUE@?$DefaultModuleKey@$02@FXParticleSystem@@2QBDB$E?VALUE@?$DefaultModuleName@$02@FXParticleSystem@@2QBDBV?$DefaultModule@$02@FXParticleSystem@@V?$DefaultModuleTemplate@$02@2@V?$DefaultParticleModule@$02@2@@FXParticleSystem@@2ABQBDB
1270,0x00A02D00,,.data,data,?KEY@?$ModuleTag@$03$E?CYLINDRICAL_EMISSION_VELOCITY_MODULE_KEY@FXParticleSystem@@3QBDB$E?CYLINDRICAL_EMISSION_VELOCITY_MODULE_NAME@2@3QBDBVCylindricalEmissionVelocityModule@2@VCylindricalEmissionVelocityModuleTemplate@2@V?$DefaultParticleModule@$03@2@@FXParticleSystem@@2ABQBDB
1271,0x00A02CF8,,.data,data,?KEY@?$ModuleTag@$03$E?HEMISPHERICAL_EMISSION_VELOCITY_MODULE_KEY@FXParticleSystem@@3QBDB$E?HEMISPHERICAL_EMISSION_VELOCITY_MODULE_NAME@2@3QBDBVHemisphericalEmissionVelocityModule@2@VHemisphericalEmissionVelocityModuleTemplate@2@V?$DefaultParticleModule@$03@2@@FXParticleSystem@@2ABQBDB
1272,0x00A02CE8,,.data,data,?KEY@?$ModuleTag@$03$E?ORTHO_EMISSION_VELOCITY_MODULE_KEY@FXParticleSystem@@3QBDB$E?ORTHO_EMISSION_VELOCITY_MODULE_NAME@2@3QBDBVOrthoEmissionVelocityModule@2@VOrthoEmissionVelocityModuleTemplate@2@V?$DefaultParticleModule@$03@2@@FXParticleSystem@@2ABQBDB
1273,0x00A02D08,,.data,data,?KEY@?$ModuleTag@$03$E?OUTWARD_EMISSION_VELOCITY_MODULE_KEY@FXParticleSystem@@3QBDB$E?OUTWARD_EMISSION_VELOCITY_MODULE_NAME@2@3QBDBVOutwardEmissionVelocityModule@2@VOutwardEmissionVelocityModuleTemplate@2@V?$DefaultParticleModule@$03@2@@FXParticleSystem@@2ABQBDB
1274,0x00A02CF0,,.data,data,?KEY@?$ModuleTag@$03$E?SPHERICAL_EMISSION_VELOCITY_MODULE_KEY@FXParticleSystem@@3QBDB$E?SPHERICAL_EMISSION_VELOCITY_MODULE_NAME@2@3QBDBVSphericalEmissionVelocityModule@2@VSphericalEmissionVelocityModuleTemplate@2@V?$DefaultParticleModule@$03@2@@FXParticleSystem@@2ABQBDB
1275,0x00A02D20,,.data,data,?KEY@?$ModuleTag@$04$E?BOX_EMISSION_VOLUME_MODULE_KEY@FXParticleSystem@@3QBDB$E?BOX_EMISSION_VOLUME_MODULE_NAME@2@3QBDBVBoxEmissionVolumeModule@2@VBoxEmissionVolumeModuleTemplate@2@V?$DefaultParticleModule@$04@2@@FXParticleSystem@@2ABQBDB
1276,0x00A02D30,,.data,data,?KEY@?$ModuleTag@$04$E?CYLINDER_EMISSION_VOLUME_MODULE_KEY@FXParticleSystem@@3QBDB$E?CYLINDER_EMISSION_VOLUME_MODULE_NAME@2@3QBDBVCylinderEmissionVolumeModule@2@VCylinderEmissionVolumeModuleTemplate@2@V?$DefaultParticleModule@$04@2@@FXParticleSystem@@2ABQBDB
1277,0x00A02D38,,.data,data,?KEY@?$ModuleTag@$04$E?LIGHTNING_EMISSION_MODULE_KEY@FXParticleSystem@@3QBDB$E?LIGHTNING_EMISSION_MODULE_NAME@2@3QBDBVLightningEmissionModule@2@VLightningEmissionModuleTemplate@2@V?$DefaultParticleModule@$04@2@@FXParticleSystem@@2ABQBDB
1278,0x00A02D18,,.data,data,?KEY@?$ModuleTag@$04$E?LINE_EMISSION_VOLUME_MODULE_KEY@FXParticleSystem@@3QBDB$E?LINE_EMISSION_VOLUME_MODULE_NAME@2@3QBDBVLineEmissionVolumeModule@2@VLineEmissionVolumeModuleTemplate@2@V?$DefaultParticleModule@$04@2@@FXParticleSystem@@2ABQBDB
1279,0x00A02D10,,.data,data,?KEY@?$ModuleTag@$04$E?POINT_EMISSION_VOLUME_MODULE_KEY@FXParticleSystem@@3QBDB$E?POINT_EMISSION_VOLUME_MODULE_NAME@2@3QBDBVPointEmissionVolumeModule@2@VPointEmissionVolumeModuleTemplate@2@V?$DefaultParticleModule@$04@2@@FXParticleSystem@@2ABQBDB
1280,0x00A02D28,,.data,data,?KEY@?$ModuleTag@$04$E?SPHERE_EMISSION_VOLUME_MODULE_KEY@FXParticleSystem@@3QBDB$E?SPHERE_EMISSION_VOLUME_MODULE_NAME@2@3QBDBVSphereEmissionVolumeModule@2@VSphereEmissionVolumeModuleTemplate@2@V?$DefaultParticleModule@$04@2@@FXParticleSystem@@2ABQBDB
1281,0x00A02D40,,.data,data,?KEY@?$ModuleTag@$04$E?TERRAIN_FIRE_EMISSION_MODULE_KEY@FXParticleSystem@@3QBDB$E?TERRAIN_FIRE_EMISSION_MODULE_NAME@2@3QBDBVTerrainFireEmissionModule@2@VTerrainFireEmissionModuleTemplate@2@V?$DefaultParticleModule@$04@2@@FXParticleSystem@@2ABQBDB
1282,0x00A02C60,,.data,data,?KEY@?$ModuleTag@$05$E?BUTTERFLY_DRAW_MODULE_KEY@FXParticleSystem@@3QBDB$E?BUTTERFLY_DRAW_MODULE_NAME@2@3QBDBVButterflyDrawModule@2@VButterflyDrawModuleTemplate@2@V?$DefaultParticleModule@$05@2@@FXParticleSystem@@2ABQBDB
1283,0x00A02C78,,.data,data,?KEY@?$ModuleTag@$05$E?GPU_DRAW_MODULE_KEY@FXParticleSystem@@3QBDB$E?GPU_DRAW_MODULE_NAME@2@3QBDBVGpuDrawModule@2@VGpuDrawModuleTemplate@2@V?$DefaultParticleModule@$05@2@@FXParticleSystem@@2ABQBDB
1284,0x00A02C70,,.data,data,?KEY@?$ModuleTag@$05$E?LIGHTNING_DRAW_MODULE_KEY@FXParticleSystem@@3QBDB$E?LIGHTNING_DRAW_MODULE_NAME@2@3QBDBVLightningDrawModule@2@VLightningDrawModuleTemplate@2@V?$DefaultParticleModule@$05@2@@FXParticleSystem@@2ABQBDB
1285,0x00A02C58,,.data,data,?KEY@?$ModuleTag@$05$E?QUAD_DRAW_MODULE_KEY@FXParticleSystem@@3QBDB$E?QUAD_DRAW_MODULE_NAME@2@3QBDBVQuadDrawModule@2@VQuadDrawModuleTemplate@2@V?$DefaultParticleModule@$05@2@@FXParticleSystem@@2ABQBDB
1286,0x00A02C68,,.data,data,?KEY@?$ModuleTag@$05$E?RENDEROBJECT_DRAW_MODULE_KEY@FXParticleSystem@@3QBDB$E?RENDEROBJECT_DRAW_MODULE_NAME@2@3QBDBVRenderObjectDrawModule@2@VRenderObjectDrawModuleTemplate@2@V?$DefaultParticleModule@$05@2@@FXParticleSystem@@2ABQBDB
1287,0x00A02C50,,.data,data,?KEY@?$ModuleTag@$05$E?STREAK_DRAW_MODULE_KEY@FXParticleSystem@@3QBDB$E?STREAK_DRAW_MODULE_NAME@2@3QBDBVStreakDrawModule@2@VStreakDrawModuleTemplate@2@V?$DefaultParticleModule@$05@2@@FXParticleSystem@@2ABQBDB
1288,0x00A02C48,,.data,data,?KEY@?$ModuleTag@$05$E?VALUE@?$DefaultModuleKey@$05@FXParticleSystem@@2QBDB$E?VALUE@?$DefaultModuleName@$05@FXParticleSystem@@2QBDBV?$DefaultModule@$05@FXParticleSystem@@V?$DefaultModuleTemplate@$05@2@V?$DefaultParticleModule@$05@2@@FXParticleSystem@@2ABQBDB
1289,0x00A02CC8,,.data,data,?KEY@?$ModuleTag@$06$E?VALUE@?$DefaultModuleKey@$06@FXParticleSystem@@2QBDB$E?VALUE@?$DefaultModuleName@$06@FXParticleSystem@@2QBDBV?$DefaultModule@$06@FXParticleSystem@@V?$DefaultModuleTemplate@$06@2@V?$DefaultParticleModule@$06@2@@FXParticleSystem@@2ABQBDB
1290,0x00A02CD0,,.data,data,?KEY@?$ModuleTag@$07$E?LIFE_EVENT_MODULE_KEY@FXParticleSystem@@3QBDB$E?LIFE_EVENT_MODULE_NAME@2@3QBDBVLifeEventModule@2@VLifeEventModuleTemplate@2@VParticleLifeEventModule@2@@FXParticleSystem@@2ABQBDB
1291,0x00A02CE0,,.data,data,?KEY@?$ModuleTag@$07$E?TERRAIN_COLLISION_MODULE_KEY@FXParticleSystem@@3QBDB$E?TERRAIN_COLLISION_MODULE_NAME@2@3QBDBVTerrainCollisionModule@2@VTerrainCollisionModuleTemplate@2@VParticleTerrainCollisionModule@2@@FXParticleSystem@@2ABQBDB
1292,0x00A02C98,,.data,data,?KEY@?$ModuleTag@$0A@$E?VALUE@?$DefaultModuleKey@$0A@@FXParticleSystem@@2QBDB$E?VALUE@?$DefaultModuleName@$0A@@FXParticleSystem@@2QBDBV?$DefaultModule@$0A@@FXParticleSystem@@V?$DefaultModuleTemplate@$0A@@2@V?$DefaultParticleModule@$0A@@2@@FXParticleSystem@@2ABQBDB
1293,0x0086CA70,,.rdata,data,?LIFE_EVENT_MODULE_KEY@FXParticleSystem@@3QBDB
1294,0x0086CA74,,.rdata,data,?LIFE_EVENT_MODULE_NAME@FXParticleSystem@@3QBDB
1295,0x0086C5B0,,.rdata,data,?LIGHTNING_DRAW_MODULE_KEY@FXParticleSystem@@3QBDB
1296,0x0086C5B4,,.rdata,data,?LIGHTNING_DRAW_MODULE_NAME@FXParticleSystem@@3QBDB
1297,0x0086BF90,,.rdata,data,?LIGHTNING_EMISSION_MODULE_KEY@FXParticleSystem@@3QBDB
1298,0x0086BF94,,.rdata,data,?LIGHTNING_EMISSION_MODULE_NAME@FXParticleSystem@@3QBDB
1299,0x0086BB8C,,.rdata,data,?LINE_EMISSION_VOLUME_MODULE_KEY@FXParticleSystem@@3QBDB
1300,0x0086BB90,,.rdata,data,?LINE_EMISSION_VOLUME_MODULE_NAME@FXParticleSystem@@3QBDB
1301,0x000B3FD0,,.text,code,?LoadPostProcess@ButterflyDrawModuleInfo@FXParticleSystem@@UAEXXZ
1302,0x000B3FD0,,.text,code,?LoadPostProcess@DefaultAlphaModuleInfo@FXParticleSystem@@UAEXXZ
1303,0x000B3FD0,,.text,code,?LoadPostProcess@DefaultColorModuleInfo@FXParticleSystem@@UAEXXZ
1304,0x000B3FD0,,.text,code,?LoadPostProcess@DefaultDrawModuleInfo@FXParticleSystem@@UAEXXZ
1305,0x000B3FD0,,.text,code,?LoadPostProcess@DefaultPhysicsModuleInfo@FXParticleSystem@@UAEXXZ
1306,0x000B3FD0,,.text,code,?LoadPostProcess@DefaultUpdateModuleInfo@FXParticleSystem@@UAEXXZ
1307,0x000B3FD0,,.text,code,?LoadPostProcess@EmissionVelocityInfo@FXParticleSystem@@UAEXXZ
1308,0x000B3FD0,,.text,code,?LoadPostProcess@EmissionVolumeInfo@FXParticleSystem@@UAEXXZ
1309,0x000B3FD0,,.text,code,?LoadPostProcess@GpuDrawModuleInfo@FXParticleSystem@@UAEXXZ
1310,0x000B3FD0,,.text,code,?LoadPostProcess@LifeEventModuleInfo@FXParticleSystem@@UAEXXZ
1311,0x000B3FD0,,.text,code,?LoadPostProcess@LightningDrawModuleInfo@FXParticleSystem@@UAEXXZ
1312,0x000B3FD0,,.text,code,?LoadPostProcess@ParticleSystemInfo@FXParticleSystem@@UAEXXZ
1313,0x000B3FD0,,.text,code,?LoadPostProcess@QuadDrawModuleInfo@FXParticleSystem@@UAEXXZ
1314,0x000B3FD0,,.text,code,?LoadPostProcess@RenderObjectDrawModuleInfo@FXParticleSystem@@UAEXXZ
1315,0x000B3FD0,,.text,code,?LoadPostProcess@RenderObjectUpdateModuleInfo@FXParticleSystem@@UAEXXZ
1316,0x000B3FD0,,.text,code,?LoadPostProcess@StreakDrawModuleInfo@FXParticleSystem@@UAEXXZ
1317,0x000B3FD0,,.text,code,?LoadPostProcess@TerrainCollisionModuleInfo@FXParticleSystem@@UAEXXZ
1318,0x000B3FD0,,.text,code,?LoadPostProcess@WindModuleInfo@FXParticleSystem@@UAEXXZ
1319,0x00004D3D,,.text,code,?MoveBy@ICoord2D@@QAEAAU1@H@Z
1320,0x000047DA,,.text,code,?Multiply@Matrix4D@@QAEAAV1@ABV1@0@Z
1321,0x00A02C8C,,.data,data,?NAME@?$ModuleTag@$00$E?VALUE@?$DefaultModuleKey@$00@FXParticleSystem@@2QBDB$E?VALUE@?$DefaultModuleName@$00@FXParticleSystem@@2QBDBV?$DefaultModule@$00@FXParticleSystem@@V?$DefaultModuleTemplate@$00@2@V?$DefaultParticleModule@$00@2@@FXParticleSystem@@2ABQBDB
1322,0x00A02CDC,,.data,data,?NAME@?$ModuleTag@$01$E?RENDEROBJECT_UPDATE_MODULE_KEY@FXParticleSystem@@3QBDB$E?RENDEROBJECT_UPDATE_MODULE_NAME@2@3QBDBVRenderObjectUpdateModule@2@VRenderObjectUpdateModuleTemplate@2@VRenderObjectParticleUpdateModule@2@@FXParticleSystem@@2ABQBDB
1323,0x00A02CBC,,.data,data,?NAME@?$ModuleTag@$01$E?VALUE@?$DefaultModuleKey@$01@FXParticleSystem@@2QBDB$E?VALUE@?$DefaultModuleName@$01@FXParticleSystem@@2QBDBV?$DefaultModule@$01@FXParticleSystem@@V?$DefaultModuleTemplate@$01@2@V?$DefaultParticleModule@$01@2@@FXParticleSystem@@2ABQBDB
1324,0x00A02CAC,,.data,data,?NAME@?$ModuleTag@$02$E?VALUE@?$DefaultModuleKey@$02@FXParticleSystem@@2QBDB$E?VALUE@?$DefaultModuleName@$02@FXParticleSystem@@2QBDBV?$DefaultModule@$02@FXParticleSystem@@V?$DefaultModuleTemplate@$02@2@V?$DefaultParticleModule@$02@2@@FXParticleSystem@@2ABQBDB
1325,0x00A02D04,,.data,data,?NAME@?$ModuleTag@$03$E?CYLINDRICAL_EMISSION_VELOCITY_MODULE_KEY@FXParticleSystem@@3QBDB$E?CYLINDRICAL_EMISSION_VELOCITY_MODULE_NAME@2@3QBDBVCylindricalEmissionVelocityModule@2@VCylindricalEmissionVelocityModuleTemplate@2@V?$DefaultParticleModule@$03@2@@FXParticleSystem@@2ABQBDB
1326,0x00A02CFC,,.data,data,?NAME@?$ModuleTag@$03$E?HEMISPHERICAL_EMISSION_VELOCITY_MODULE_KEY@FXParticleSystem@@3QBDB$E?HEMISPHERICAL_EMISSION_VELOCITY_MODULE_NAME@2@3QBDBVHemisphericalEmissionVelocityModule@2@VHemisphericalEmissionVelocityModuleTemplate@2@V?$DefaultParticleModule@$03@2@@FXParticleSystem@@2ABQBDB
1327,0x00A02CEC,,.data,data,?NAME@?$ModuleTag@$03$E?ORTHO_EMISSION_VELOCITY_MODULE_KEY@FXParticleSystem@@3QBDB$E?ORTHO_EMISSION_VELOCITY_MODULE_NAME@2@3QBDBVOrthoEmissionVelocityModule@2@VOrthoEmissionVelocityModuleTemplate@2@V?$DefaultParticleModule@$03@2@@FXParticleSystem@@2ABQBDB
1328,0x00A02D0C,,.data,data,?NAME@?$ModuleTag@$03$E?OUTWARD_EMISSION_VELOCITY_MODULE_KEY@FXParticleSystem@@3QBDB$E?OUTWARD_EMISSION_VELOCITY_MODULE_NAME@2@3QBDBVOutwardEmissionVelocityModule@2@VOutwardEmissionVelocityModuleTemplate@2@V?$DefaultParticleModule@$03@2@@FXParticleSystem@@2ABQBDB
1329,0x00A02CF4,,.data,data,?NAME@?$ModuleTag@$03$E?SPHERICAL_EMISSION_VELOCITY_MODULE_KEY@FXParticleSystem@@3QBDB$E?SPHERICAL_EMISSION_VELOCITY_MODULE_NAME@2@3QBDBVSphericalEmissionVelocityModule@2@VSphericalEmissionVelocityModuleTemplate@2@V?$DefaultParticleModule@$03@2@@FXParticleSystem@@2ABQBDB
1330,0x00A02D24,,.data,data,?NAME@?$ModuleTag@$04$E?BOX_EMISSION_VOLUME_MODULE_KEY@FXParticleSystem@@3QBDB$E?BOX_EMISSION_VOLUME_MODULE_NAME@2@3QBDBVBoxEmissionVolumeModule@2@VBoxEmissionVolumeModuleTemplate@2@V?$DefaultParticleModule@$04@2@@FXParticleSystem@@2ABQBDB
1331,0x00A02D34,,.data,data,?NAME@?$ModuleTag@$04$E?CYLINDER_EMISSION_VOLUME_MODULE_KEY@FXParticleSystem@@3QBDB$E?CYLINDER_EMISSION_VOLUME_MODULE_NAME@2@3QBDBVCylinderEmissionVolumeModule@2@VCylinderEmissionVolumeModuleTemplate@2@V?$DefaultParticleModule@$04@2@@FXParticleSystem@@2ABQBDB
1332,0x00A02D3C,,.data,data,?NAME@?$ModuleTag@$04$E?LIGHTNING_EMISSION_MODULE_KEY@FXParticleSystem@@3QBDB$E?LIGHTNING_EMISSION_MODULE_NAME@2@3QBDBVLightningEmissionModule@2@VLightningEmissionModuleTemplate@2@V?$DefaultParticleModule@$04@2@@FXParticleSystem@@2ABQBDB
1333,0x00A02D1C,,.data,data,?NAME@?$ModuleTag@$04$E?LINE_EMISSION_VOLUME_MODULE_KEY@FXParticleSystem@@3QBDB$E?LINE_EMISSION_VOLUME_MODULE_NAME@2@3QBDBVLineEmissionVolumeModule@2@VLineEmissionVolumeModuleTemplate@2@V?$DefaultParticleModule@$04@2@@FXParticleSystem@@2ABQBDB
1334,0x00A02D14,,.data,data,?NAME@?$ModuleTag@$04$E?POINT_EMISSION_VOLUME_MODULE_KEY@FXParticleSystem@@3QBDB$E?POINT_EMISSION_VOLUME_MODULE_NAME@2@3QBDBVPointEmissionVolumeModule@2@VPointEmissionVolumeModuleTemplate@2@V?$DefaultParticleModule@$04@2@@FXParticleSystem@@2ABQBDB
1335,0x00A02D2C,,.data,data,?NAME@?$ModuleTag@$04$E?SPHERE_EMISSION_VOLUME_MODULE_KEY@FXParticleSystem@@3QBDB$E?SPHERE_EMISSION_VOLUME_MODULE_NAME@2@3QBDBVSphereEmissionVolumeModule@2@VSphereEmissionVolumeModuleTemplate@2@V?$DefaultParticleModule@$04@2@@FXParticleSystem@@2ABQBDB
1336,0x00A02D44,,.data,data,?NAME@?$ModuleTag@$04$E?TERRAIN_FIRE_EMISSION_MODULE_KEY@FXParticleSystem@@3QBDB$E?TERRAIN_FIRE_EMISSION_MODULE_NAME@2@3QBDBVTerrainFireEmissionModule@2@VTerrainFireEmissionModuleTemplate@2@V?$DefaultParticleModule@$04@2@@FXParticleSystem@@2ABQBDB
1337,0x00A02C64,,.data,data,?NAME@?$ModuleTag@$05$E?BUTTERFLY_DRAW_MODULE_KEY@FXParticleSystem@@3QBDB$E?BUTTERFLY_DRAW_MODULE_NAME@2@3QBDBVButterflyDrawModule@2@VButterflyDrawModuleTemplate@2@V?$DefaultParticleModule@$05@2@@FXParticleSystem@@2ABQBDB
1338,0x00A02C7C,,.data,data,?NAME@?$ModuleTag@$05$E?GPU_DRAW_MODULE_KEY@FXParticleSystem@@3QBDB$E?GPU_DRAW_MODULE_NAME@2@3QBDBVGpuDrawModule@2@VGpuDrawModuleTemplate@2@V?$DefaultParticleModule@$05@2@@FXParticleSystem@@2ABQBDB
1339,0x00A02C74,,.data,data,?NAME@?$ModuleTag@$05$E?LIGHTNING_DRAW_MODULE_KEY@FXParticleSystem@@3QBDB$E?LIGHTNING_DRAW_MODULE_NAME@2@3QBDBVLightningDrawModule@2@VLightningDrawModuleTemplate@2@V?$DefaultParticleModule@$05@2@@FXParticleSystem@@2ABQBDB
1340,0x00A02C5C,,.data,data,?NAME@?$ModuleTag@$05$E?QUAD_DRAW_MODULE_KEY@FXParticleSystem@@3QBDB$E?QUAD_DRAW_MODULE_NAME@2@3QBDBVQuadDrawModule@2@VQuadDrawModuleTemplate@2@V?$DefaultParticleModule@$05@2@@FXParticleSystem@@2ABQBDB
1341,0x00A02C6C,,.data,data,?NAME@?$ModuleTag@$05$E?RENDEROBJECT_DRAW_MODULE_KEY@FXParticleSystem@@3QBDB$E?RENDEROBJECT_DRAW_MODULE_NAME@2@3QBDBVRenderObjectDrawModule@2@VRenderObjectDrawModuleTemplate@2@V?$DefaultParticleModule@$05@2@@FXParticleSystem@@2ABQBDB
1342,0x00A02C54,,.data,data,?NAME@?$ModuleTag@$05$E?STREAK_DRAW_MODULE_KEY@FXParticleSystem@@3QBDB$E?STREAK_DRAW_MODULE_NAME@2@3QBDBVStreakDrawModule@2@VStreakDrawModuleTemplate@2@V?$DefaultParticleModule@$05@2@@FXParticleSystem@@2ABQBDB
1343,0x00A02C4C,,.data,data,?NAME@?$ModuleTag@$05$E?VALUE@?$DefaultModuleKey@$05@FXParticleSystem@@2QBDB$E?VALUE@?$DefaultModuleName@$05@FXParticleSystem@@2QBDBV?$DefaultModule@$05@FXParticleSystem@@V?$DefaultModuleTemplate@$05@2@V?$DefaultParticleModule@$05@2@@FXParticleSystem@@2ABQBDB
1344,0x00A02CCC,,.data,data,?NAME@?$ModuleTag@$06$E?VALUE@?$DefaultModuleKey@$06@FXParticleSystem@@2QBDB$E?VALUE@?$DefaultModuleName@$06@FXParticleSystem@@2QBDBV?$DefaultModule@$06@FXParticleSystem@@V?$DefaultModuleTemplate@$06@2@V?$DefaultParticleModule@$06@2@@FXParticleSystem@@2ABQBDB
1345,0x00A02CD4,,.data,data,?NAME@?$ModuleTag@$07$E?LIFE_EVENT_MODULE_KEY@FXParticleSystem@@3QBDB$E?LIFE_EVENT_MODULE_NAME@2@3QBDBVLifeEventModule@2@VLifeEventModuleTemplate@2@VParticleLifeEventModule@2@@FXParticleSystem@@2ABQBDB
1346,0x00A02CE4,,.data,data,?NAME@?$ModuleTag@$07$E?TERRAIN_COLLISION_MODULE_KEY@FXParticleSystem@@3QBDB$E?TERRAIN_COLLISION_MODULE_NAME@2@3QBDBVTerrainCollisionModule@2@VTerrainCollisionModuleTemplate@2@VParticleTerrainCollisionModule@2@@FXParticleSystem@@2ABQBDB
1347,0x00A02C9C,,.data,data,?NAME@?$ModuleTag@$0A@$E?VALUE@?$DefaultModuleKey@$0A@@FXParticleSystem@@2QBDB$E?VALUE@?$DefaultModuleName@$0A@@FXParticleSystem@@2QBDBV?$DefaultModule@$0A@@FXParticleSystem@@V?$DefaultModuleTemplate@$0A@@2@V?$DefaultParticleModule@$0A@@2@@FXParticleSystem@@2ABQBDB
1348,0x000038FB,,.text,code,?Negate@Coord2D@@QAEAAV1@XZ
1349,0x00003DDC,,.text,code,?Negate@Coord3D@@QAEAAV1@XZ
1350,0x00005AB2,,.text,code,?Normalize2D@Coord3D@@QAEMXZ
1351,0x000059D3,,.text,code,?Normalize@Coord2D@@QAEMXZ
1352,0x00005A70,,.text,code,?Normalize@Coord3D@@QAEMXZ
1353,0x0086C178,,.rdata,data,?ORTHO_EMISSION_VELOCITY_MODULE_KEY@FXParticleSystem@@3QBDB
1354,0x0086C17C,,.rdata,data,?ORTHO_EMISSION_VELOCITY_MODULE_NAME@FXParticleSystem@@3QBDB
1355,0x0086C348,,.rdata,data,?OUTWARD_EMISSION_VELOCITY_MODULE_KEY@FXParticleSystem@@3QBDB
1356,0x0086C34C,,.rdata,data,?OUTWARD_EMISSION_VELOCITY_MODULE_NAME@FXParticleSystem@@3QBDB
1357,0x0086BB2C,,.rdata,data,?POINT_EMISSION_VOLUME_MODULE_KEY@FXParticleSystem@@3QBDB
1358,0x0086BB30,,.rdata,data,?POINT_EMISSION_VOLUME_MODULE_NAME@FXParticleSystem@@3QBDB
1359,0x0081B6A4,,.rdata,data,?ParticlePriorityNames@FXParticleSystem@@3QBQBDB
1360,0x0081B610,,.rdata,data,?ParticleShaderTypeNames@FXParticleSystem@@3QBQBDB
1361,0x0081B640,,.rdata,data,?ParticleTypeNames@FXParticleSystem@@3QBQBDB
1362,0x0003A250,,.text,code,?PostStaticInit@Debug@@CAXXZ
1363,0x000385F0,,.text,code,?PreStaticInit@Debug@@CAPAV1@XZ
1364,0x0086C560,,.rdata,data,?QUAD_DRAW_MODULE_KEY@FXParticleSystem@@3QBDB
1365,0x0086C564,,.rdata,data,?QUAD_DRAW_MODULE_NAME@FXParticleSystem@@3QBDB
1366,0x0086C7F4,,.rdata,data,?RENDEROBJECT_DRAW_MODULE_KEY@FXParticleSystem@@3QBDB
1367,0x0086C7F8,,.rdata,data,?RENDEROBJECT_DRAW_MODULE_NAME@FXParticleSystem@@3QBDB
1368,0x0086C668,,.rdata,data,?RENDEROBJECT_UPDATE_MODULE_KEY@FXParticleSystem@@3QBDB
1369,0x0086C66C,,.rdata,data,?RENDEROBJECT_UPDATE_MODULE_NAME@FXParticleSystem@@3QBDB
1370,0x00003A0B,,.text,code,?Rotate@Coord2D@@QAEAAV1@AAV1@MM@Z
1371,0x000039BB,,.text,code,?Rotate@Coord2D@@QAEAAV1@ABV1@M@Z
1372,0x00003916,,.text,code,?Rotate@Coord2D@@QAEAAV1@M@Z
1373,0x0000397B,,.text,code,?Rotate@Coord2D@@QAEAAV1@MM@Z
1374,0x00004753,,.text,code,?RotateCoord@Matrix4D@@QAEAAVCoord3D@@ABV2@AAV2@@Z
1375,0x0081B6D8,,.rdata,data,?RotationTypeNames@FXParticleSystem@@3QBQBDB
1376,0x0086BD7C,,.rdata,data,?SPHERE_EMISSION_VOLUME_MODULE_KEY@FXParticleSystem@@3QBDB
1377,0x0086BD80,,.rdata,data,?SPHERE_EMISSION_VOLUME_MODULE_NAME@FXParticleSystem@@3QBDB
1378,0x0086C1F0,,.rdata,data,?SPHERICAL_EMISSION_VELOCITY_MODULE_KEY@FXParticleSystem@@3QBDB
1379,0x0086C1F4,,.rdata,data,?SPHERICAL_EMISSION_VELOCITY_MODULE_NAME@FXParticleSystem@@3QBDB
1380,0x0086C540,,.rdata,data,?STREAK_DRAW_MODULE_KEY@FXParticleSystem@@3QBDB
1381,0x0086C544,,.rdata,data,?STREAK_DRAW_MODULE_NAME@FXParticleSystem@@3QBDB
1382,0x00003E54,,.text,code,?Scale2D@Coord3D@@QAEAAV1@ABUCoord3DBase@@M@Z
1383,0x00003867,,.text,code,?Scale2D@Coord3D@@QAEAAV1@M@Z
1384,0x00003867,,.text,code,?Scale@Coord2D@@QAEAAV1@M@Z
1385,0x00003DA5,,.text,code,?Scale@Coord3D@@QAEAAV1@ABUCoord3DBase@@M@Z
1386,0x00003D72,,.text,code,?Scale@Coord3D@@QAEAAV1@M@Z
1387,0x00003F3A,,.text,code,?Set2D@Coord3D@@QAEAAV1@MM@Z
1388,0x00003F3A,,.text,code,?Set@Coord2D@@QAEAAV1@MM@Z
1389,0x000423A0,,.text,code,?Set@Coord3D@@QAEAAV1@MMM@Z
1390,0x00005BB8,,.text,code,?Set@Matrix4D@@QAEAAV1@ABVCoord3D@@@Z
1391,0x00004079,,.text,code,?Set@Matrix4D@@QAEAAV1@ABVCoord3D@@M@Z
1392,0x00005C2C,,.text,code,?Set@Matrix4D@@QAEAAV1@MMMMMMMMMMMMMMMM@Z
1393,0x0000401C,,.text,code,?SetIdentity@Matrix4D@@QAEAAV1@XZ
1394,0x00003A90,,.text,code,?SetMaxVect@Coord2D@@QAEAAV1@XZ
1395,0x00003FC1,,.text,code,?SetMaxVect@Coord3D@@QAEAAV1@XZ
1396,0x00003A7C,,.text,code,?SetMinVect@Coord2D@@QAEAAV1@XZ
1397,0x00003FA8,,.text,code,?SetMinVect@Coord3D@@QAEAAV1@XZ
1398,0x00003A4E,,.text,code,?SetXAxis@Coord2D@@QAEAAV1@XZ
1399,0x00003F54,,.text,code,?SetXAxis@Coord3D@@QAEAAV1@XZ
1400,0x00003A65,,.text,code,?SetYAxis@Coord2D@@QAEAAV1@XZ
1401,0x00003F70,,.text,code,?SetYAxis@Coord3D@@QAEAAV1@XZ
1402,0x00003F8C,,.text,code,?SetZAxis@Coord3D@@QAEAAV1@XZ
1403,0x00003AA4,,.text,code,?SetZero@Coord2D@@QAEAAV1@XZ
1404,0x00003FDA,,.text,code,?SetZero@Coord3D@@QAEAAV1@XZ
1405,0x0002FBB0,,.text,code,?Sin@@YAMM@Z
1406,0x0050B238,,.text,code,?SkipBadBlock@Xfer@@UAEXAAVSnapshot@@I@Z
1407,0x00003E2C,,.text,code,?Sub2D@Coord3D@@QAEAAV1@ABUCoord3DBase@@0@Z
1408,0x000038D7,,.text,code,?Sub2D@Coord3D@@QAEAAV1@ABUCoord3DBase@@@Z
1409,0x000038D7,,.text,code,?Sub@Coord2D@@QAEAAV1@ABUCoord3DBase@@@Z
1410,0x000038D7,,.text,code,?Sub@Coord2D@@QAEAAV1@ABV1@@Z
1411,0x00003D3B,,.text,code,?Sub@Coord3D@@QAEAAV1@ABUCoord3DBase@@0@Z
1412,0x0006634F,,.text,code,?Sub@Coord3D@@QAEAAV1@ABUCoord3DBase@@@Z
1413,0x00003F0C,,.text,code,?Sub@Coord3D@@QAEAAV1@ABUCoord3DBase@@ABVCoord2D@@@Z
1414,0x000038D7,,.text,code,?Sub@Coord3D@@QAEAAV1@ABVCoord2D@@@Z
1415,0x00003ED7,,.text,code,?Sub@Coord3D@@QAEAAV1@ABVCoord2D@@ABUCoord3DBase@@@Z
1416,0x0086CB14,,.rdata,data,?TERRAIN_COLLISION_MODULE_KEY@FXParticleSystem@@3QBDB
1417,0x0086CB18,,.rdata,data,?TERRAIN_COLLISION_MODULE_NAME@FXParticleSystem@@3QBDB
1418,0x0086C0C8,,.rdata,data,?TERRAIN_FIRE_EMISSION_MODULE_KEY@FXParticleSystem@@3QBDB
1419,0x0086C0CC,,.rdata,data,?TERRAIN_FIRE_EMISSION_MODULE_NAME@FXParticleSystem@@3QBDB
1420,0x0002FBA0,,.text,code,?Tan@@YAMM@Z
1421,0x009E0878,,.data,data,?TheEmptyString@AsciiString@@2V1@B
1422,0x009DC018,,.data,data,?TheEmptyString@PooledString@@2V1@B
1423,0x00A0C898,,.data,data,?TheEmptyString@UnicodeString@@2V1@B
1424,0x007BAC1C,,.rdata,data,?TheNullChr@?1??str@?$StringBase@D@@QBEPBDXZ@4DB
1425,0x007BB5C4,,.rdata,data,?TheNullChr@?1??str@?$StringBase@G@@QBEPBGXZ@4GB
1426,0x000046BD,,.text,code,?TransformCoord@Matrix4D@@QAEAAVCoord3D@@ABV2@AAV2@@Z
1427,0x000041DE,,.text,code,?Transpose@Matrix4D@@QAEAAV1@XZ
1428,0x00A02C80,,.data,data,?VALUE@?$DefaultModuleKey@$00@FXParticleSystem@@2QBDB
1429,0x00A02CB0,,.data,data,?VALUE@?$DefaultModuleKey@$01@FXParticleSystem@@2QBDB
1430,0x00A02CA0,,.data,data,?VALUE@?$DefaultModuleKey@$02@FXParticleSystem@@2QBDB
1431,0x00A02C40,,.data,data,?VALUE@?$DefaultModuleKey@$05@FXParticleSystem@@2QBDB
1432,0x00A02CC0,,.data,data,?VALUE@?$DefaultModuleKey@$06@FXParticleSystem@@2QBDB
1433,0x00A02C90,,.data,data,?VALUE@?$DefaultModuleKey@$0A@@FXParticleSystem@@2QBDB
1434,0x00A02C84,,.data,data,?VALUE@?$DefaultModuleName@$00@FXParticleSystem@@2QBDB
1435,0x00A02CB4,,.data,data,?VALUE@?$DefaultModuleName@$01@FXParticleSystem@@2QBDB
1436,0x00A02CA4,,.data,data,?VALUE@?$DefaultModuleName@$02@FXParticleSystem@@2QBDB
1437,0x00A02C44,,.data,data,?VALUE@?$DefaultModuleName@$05@FXParticleSystem@@2QBDB
1438,0x00A02CC4,,.data,data,?VALUE@?$DefaultModuleName@$06@FXParticleSystem@@2QBDB
1439,0x00A02C94,,.data,data,?VALUE@?$DefaultModuleName@$0A@@FXParticleSystem@@2QBDB
1440,0x000053EE,,.text,code,?Version1@Xfer@@QAEXXZ
1441,0x0081B6C4,,.rdata,data,?WindMotionNames@FXParticleSystem@@3QBQBDB
1442,0x0060BBD5,,.text,code,?XferEnum@Xfer@@UAEAAV1@PBDPAXI@Z
1443,0x0060B886,,.text,code,?XferRawBytes@Xfer@@UAEAAV1@PAXI@Z
1444,0x000306B0,,.text,code,?_AddHeap@MemoryPool@@YAXII@Z
1445,0x00030520,,.text,code,?_Allocate@MemoryPool@@YAPAXIW4AllocType@1@I@Z
1446,0x00030250,,.text,code,?_DumpFragmentation@MemoryPool@@YAXPAU_iobuf@@_NPBD@Z
1447,0x000301A0,,.text,code,?_Exit@MemoryPool@@YAXXZ
1448,0x00030590,,.text,code,?_Free@MemoryPool@@YAXPAXW4AllocType@1@@Z
1449,0x00030630,,.text,code,?_GetBlockHeap@MemoryPool@@YAIPAX@Z
1450,0x00030600,,.text,code,?_GetBlockSize@MemoryPool@@YAIPAXI@Z
1451,0x000304B0,,.text,code,?_GetHeapAllocator@MemoryPool@@YAPAVGeneralAllocator@Allocator@EA@@I@Z
1452,0x00030500,,.text,code,?_GetHeapAllocatorByIndex@MemoryPool@@YAPAVGeneralAllocator@Allocator@EA@@I@Z
1453,0x00030000,,.text,code,?_Init@MemoryPool@@YAXXZ
1454,0x000305E0,,.text,code,?_IsValidBlock@MemoryPool@@YA_NPAXI@Z
1455,0x00030560,,.text,code,?_Reallocate@MemoryPool@@YAPAXPAXIW4AllocType@1@I@Z
1456,0x00030680,,.text,code,?_VerifyIntegrity@MemoryPool@@YAXXZ
1457,0x000F0E3B,,.text,code,?add@Coord3D@@QAEXPBUCoord3DBase@@@Z
1458,0x000034FA,,.text,code,?areApproxEqual@@YA_NMMM@Z
1459,0x0048BA39,0x00036410,.text,code,?clear@?$StringBase@D@@QAEXXZ
1460,0x005B804E,0x00036E70,.text,code,?clear@?$StringBase@G@@QAEXXZ
1461,0x0060B807,,.text,code,?clear@PooledString@@QAEXXZ
1462,0x003A94D6,,.text,code,?clone@?$ConcreteModuleTemplate@UOrthoEmissionVelocityModuleTag@FXParticleSystem@@@FXParticleSystem@@UBEPAVOrthoEmissionVelocityModuleTemplate@2@XZ
1463,0x003A9567,,.text,code,?clone@?$ConcreteModuleTemplate@UPointEmissionVolumeModuleTag@FXParticleSystem@@@FXParticleSystem@@UBEPAVPointEmissionVolumeModuleTemplate@2@XZ
1464,0x003A941F,,.text,code,?clone@?$ConcreteModuleTemplate@V?$DefaultModuleTag@$00@FXParticleSystem@@@FXParticleSystem@@UBEPAV?$DefaultModuleTemplate@$00@2@XZ
1465,0x003A947C,,.text,code,?clone@?$ConcreteModuleTemplate@V?$DefaultModuleTag@$01@FXParticleSystem@@@FXParticleSystem@@UBEPAV?$DefaultModuleTemplate@$01@2@XZ
1466,0x003A945F,,.text,code,?clone@?$ConcreteModuleTemplate@V?$DefaultModuleTag@$02@FXParticleSystem@@@FXParticleSystem@@UBEPAV?$DefaultModuleTemplate@$02@2@XZ
1467,0x003A8A02,,.text,code,?clone@?$ConcreteModuleTemplate@V?$DefaultModuleTag@$05@FXParticleSystem@@@FXParticleSystem@@UBEPAV?$DefaultModuleTemplate@$05@2@XZ
1468,0x003A9499,,.text,code,?clone@?$ConcreteModuleTemplate@V?$DefaultModuleTag@$06@FXParticleSystem@@@FXParticleSystem@@UBEPAV?$DefaultModuleTemplate@$06@2@XZ
1469,0x003A943F,,.text,code,?clone@?$ConcreteModuleTemplate@V?$DefaultModuleTag@$0A@@FXParticleSystem@@@FXParticleSystem@@UBEPAV?$DefaultModuleTemplate@$0A@@2@XZ
1470,0x003A94B6,,.text,code,?clone@?$ConcreteModuleTemplate@V?$ModuleTag@$01$E?RENDEROBJECT_UPDATE_MODULE_KEY@FXParticleSystem@@3QBDB$E?RENDEROBJECT_UPDATE_MODULE_NAME@2@3QBDBVRenderObjectUpdateModule@2@VRenderObjectUpdateModuleTemplate@2@VRenderObjectParticleUpdateModule@2@@FXParticleSystem@@@FXParticleSystem@@UBEPAVRenderObjectUpdateModuleTemplate@2@XZ
1471,0x003A952D,,.text,code,?clone@?$ConcreteModuleTemplate@V?$ModuleTag@$03$E?CYLINDRICAL_EMISSION_VELOCITY_MODULE_KEY@FXParticleSystem@@3QBDB$E?CYLINDRICAL_EMISSION_VELOCITY_MODULE_NAME@2@3QBDBVCylindricalEmissionVelocityModule@2@VCylindricalEmissionVelocityModuleTemplate@2@V?$DefaultParticleModule@$03@2@@FXParticleSystem@@@FXParticleSystem@@UBEPAVCylindricalEmissionVelocityModuleTemplate@2@XZ
1472,0x003A9510,,.text,code,?clone@?$ConcreteModuleTemplate@V?$ModuleTag@$03$E?HEMISPHERICAL_EMISSION_VELOCITY_MODULE_KEY@FXParticleSystem@@3QBDB$E?HEMISPHERICAL_EMISSION_VELOCITY_MODULE_NAME@2@3QBDBVHemisphericalEmissionVelocityModule@2@VHemisphericalEmissionVelocityModuleTemplate@2@V?$DefaultParticleModule@$03@2@@FXParticleSystem@@@FXParticleSystem@@UBEPAVHemisphericalEmissionVelocityModuleTemplate@2@XZ
1473,0x003A954A,,.text,code,?clone@?$ConcreteModuleTemplate@V?$ModuleTag@$03$E?OUTWARD_EMISSION_VELOCITY_MODULE_KEY@FXParticleSystem@@3QBDB$E?OUTWARD_EMISSION_VELOCITY_MODULE_NAME@2@3QBDBVOutwardEmissionVelocityModule@2@VOutwardEmissionVelocityModuleTemplate@2@V?$DefaultParticleModule@$03@2@@FXParticleSystem@@@FXParticleSystem@@UBEPAVOutwardEmissionVelocityModuleTemplate@2@XZ
1474,0x003A94F3,,.text,code,?clone@?$ConcreteModuleTemplate@V?$ModuleTag@$03$E?SPHERICAL_EMISSION_VELOCITY_MODULE_KEY@FXParticleSystem@@3QBDB$E?SPHERICAL_EMISSION_VELOCITY_MODULE_NAME@2@3QBDBVSphericalEmissionVelocityModule@2@VSphericalEmissionVelocityModuleTemplate@2@V?$DefaultParticleModule@$03@2@@FXParticleSystem@@@FXParticleSystem@@UBEPAVSphericalEmissionVelocityModuleTemplate@2@XZ
1475,0x003A95A1,,.text,code,?clone@?$ConcreteModuleTemplate@V?$ModuleTag@$04$E?BOX_EMISSION_VOLUME_MODULE_KEY@FXParticleSystem@@3QBDB$E?BOX_EMISSION_VOLUME_MODULE_NAME@2@3QBDBVBoxEmissionVolumeModule@2@VBoxEmissionVolumeModuleTemplate@2@V?$DefaultParticleModule@$04@2@@FXParticleSystem@@@FXParticleSystem@@UBEPAVBoxEmissionVolumeModuleTemplate@2@XZ
1476,0x003A95DB,,.text,code,?clone@?$ConcreteModuleTemplate@V?$ModuleTag@$04$E?CYLINDER_EMISSION_VOLUME_MODULE_KEY@FXParticleSystem@@3QBDB$E?CYLINDER_EMISSION_VOLUME_MODULE_NAME@2@3QBDBVCylinderEmissionVolumeModule@2@VCylinderEmissionVolumeModuleTemplate@2@V?$DefaultParticleModule@$04@2@@FXParticleSystem@@@FXParticleSystem@@UBEPAVCylinderEmissionVolumeModuleTemplate@2@XZ
1477,0x003A95F8,,.text,code,?clone@?$ConcreteModuleTemplate@V?$ModuleTag@$04$E?LIGHTNING_EMISSION_MODULE_KEY@FXParticleSystem@@3QBDB$E?LIGHTNING_EMISSION_MODULE_NAME@2@3QBDBVLightningEmissionModule@2@VLightningEmissionModuleTemplate@2@V?$DefaultParticleModule@$04@2@@FXParticleSystem@@@FXParticleSystem@@UBEPAVLightningEmissionModuleTemplate@2@XZ
1478,0x003A9584,,.text,code,?clone@?$ConcreteModuleTemplate@V?$ModuleTag@$04$E?LINE_EMISSION_VOLUME_MODULE_KEY@FXParticleSystem@@3QBDB$E?LINE_EMISSION_VOLUME_MODULE_NAME@2@3QBDBVLineEmissionVolumeModule@2@VLineEmissionVolumeModuleTemplate@2@V?$DefaultParticleModule@$04@2@@FXParticleSystem@@@FXParticleSystem@@UBEPAVLineEmissionVolumeModuleTemplate@2@XZ
1479,0x003A95BE,,.text,code,?clone@?$ConcreteModuleTemplate@V?$ModuleTag@$04$E?SPHERE_EMISSION_VOLUME_MODULE_KEY@FXParticleSystem@@3QBDB$E?SPHERE_EMISSION_VOLUME_MODULE_NAME@2@3QBDBVSphereEmissionVolumeModule@2@VSphereEmissionVolumeModuleTemplate@2@V?$DefaultParticleModule@$04@2@@FXParticleSystem@@@FXParticleSystem@@UBEPAVSphereEmissionVolumeModuleTemplate@2@XZ
1480,0x003A9618,,.text,code,?clone@?$ConcreteModuleTemplate@V?$ModuleTag@$04$E?TERRAIN_FIRE_EMISSION_MODULE_KEY@FXParticleSystem@@3QBDB$E?TERRAIN_FIRE_EMISSION_MODULE_NAME@2@3QBDBVTerrainFireEmissionModule@2@VTerrainFireEmissionModuleTemplate@2@V?$DefaultParticleModule@$04@2@@FXParticleSystem@@@FXParticleSystem@@UBEPAVTerrainFireEmissionModuleTemplate@2@XZ
1481,0x003A8A59,,.text,code,?clone@?$ConcreteModuleTemplate@V?$ModuleTag@$05$E?BUTTERFLY_DRAW_MODULE_KEY@FXParticleSystem@@3QBDB$E?BUTTERFLY_DRAW_MODULE_NAME@2@3QBDBVButterflyDrawModule@2@VButterflyDrawModuleTemplate@2@V?$DefaultParticleModule@$05@2@@FXParticleSystem@@@FXParticleSystem@@UBEPAVButterflyDrawModuleTemplate@2@XZ
1482,0x003AA948,,.text,code,?clone@?$ConcreteModuleTemplate@V?$ModuleTag@$05$E?GPU_DRAW_MODULE_KEY@FXParticleSystem@@3QBDB$E?GPU_DRAW_MODULE_NAME@2@3QBDBVGpuDrawModule@2@VGpuDrawModuleTemplate@2@V?$DefaultParticleModule@$05@2@@FXParticleSystem@@@FXParticleSystem@@UBEPAVGpuDrawModuleTemplate@2@XZ
1483,0x003A8A76,,.text,code,?clone@?$ConcreteModuleTemplate@V?$ModuleTag@$05$E?LIGHTNING_DRAW_MODULE_KEY@FXParticleSystem@@3QBDB$E?LIGHTNING_DRAW_MODULE_NAME@2@3QBDBVLightningDrawModule@2@VLightningDrawModuleTemplate@2@V?$DefaultParticleModule@$05@2@@FXParticleSystem@@@FXParticleSystem@@UBEPAVLightningDrawModuleTemplate@2@XZ
1484,0x003A8A3C,,.text,code,?clone@?$ConcreteModuleTemplate@V?$ModuleTag@$05$E?QUAD_DRAW_MODULE_KEY@FXParticleSystem@@3QBDB$E?QUAD_DRAW_MODULE_NAME@2@3QBDBVQuadDrawModule@2@VQuadDrawModuleTemplate@2@V?$DefaultParticleModule@$05@2@@FXParticleSystem@@@FXParticleSystem@@UBEPAVQuadDrawModuleTemplate@2@XZ
1485,0x003AA911,,.text,code,?clone@?$ConcreteModuleTemplate@V?$ModuleTag@$05$E?RENDEROBJECT_DRAW_MODULE_KEY@FXParticleSystem@@3QBDB$E?RENDEROBJECT_DRAW_MODULE_NAME@2@3QBDBVRenderObjectDrawModule@2@VRenderObjectDrawModuleTemplate@2@V?$DefaultParticleModule@$05@2@@FXParticleSystem@@@FXParticleSystem@@UBEPAVRenderObjectDrawModuleTemplate@2@XZ
1486,0x003A8A1F,,.text,code,?clone@?$ConcreteModuleTemplate@V?$ModuleTag@$05$E?STREAK_DRAW_MODULE_KEY@FXParticleSystem@@3QBDB$E?STREAK_DRAW_MODULE_NAME@2@3QBDBVStreakDrawModule@2@VStreakDrawModuleTemplate@2@V?$DefaultParticleModule@$05@2@@FXParticleSystem@@@FXParticleSystem@@UBEPAVStreakDrawModuleTemplate@2@XZ
1487,0x003AB991,,.text,code,?clone@?$ConcreteModuleTemplate@V?$ModuleTag@$07$E?LIFE_EVENT_MODULE_KEY@FXParticleSystem@@3QBDB$E?LIFE_EVENT_MODULE_NAME@2@3QBDBVLifeEventModule@2@VLifeEventModuleTemplate@2@VParticleLifeEventModule@2@@FXParticleSystem@@@FXParticleSystem@@UBEPAVLifeEventModuleTemplate@2@XZ
1488,0x003AB9C8,,.text,code,?clone@?$ConcreteModuleTemplate@V?$ModuleTag@$07$E?TERRAIN_COLLISION_MODULE_KEY@FXParticleSystem@@3QBDB$E?TERRAIN_COLLISION_MODULE_NAME@2@3QBDBVTerrainCollisionModule@2@VTerrainCollisionModuleTemplate@2@VParticleTerrainCollisionModule@2@@FXParticleSystem@@@FXParticleSystem@@UBEPAVTerrainCollisionModuleTemplate@2@XZ
1489,0x000062D8,,.text,code,?combine@IntRange@@QAEXAAU1@@Z
1490,0x000062AD,,.text,code,?combine@RealRange@@QAEXAAU1@@Z
1491,0x000069D6,,.text,code,?compare@?$StringBase@D@@QBEHABV1@@Z
1492,0x00035F60,,.text,code,?compare@?$StringBase@D@@QBEHD@Z
1493,0x000069B1,,.text,code,?compare@?$StringBase@D@@QBEHPBD@Z
1494,0x00006733,,.text,code,?compare@?$StringBase@D@@QBEHPBDH@Z
1495,0x00006A7A,,.text,code,?compare@?$StringBase@G@@QBEHABV1@@Z
1496,0x00036150,,.text,code,?compare@?$StringBase@G@@QBEHG@Z
1497,0x00006A54,,.text,code,?compare@?$StringBase@G@@QBEHPBG@Z
1498,0x000067B1,,.text,code,?compare@?$StringBase@G@@QBEHPBGH@Z
1499,0x0060BD6C,,.text,code,?compare@PooledString@@QBEHABV1@@Z
1500,0x0060BE2B,,.text,code,?compare@PooledString@@QBEHABVAsciiString@@@Z
1501,0x0060BD47,,.text,code,?compare@PooledString@@QBEHPBD@Z
1502,0x0060BCAB,,.text,code,?compare@PooledString@@QBEHPBDH@Z
1503,0x00006A00,,.text,code,?compareNoCase@?$StringBase@D@@QBEHABV1@@Z
1504,0x000379E0,,.text,code,?compareNoCase@?$StringBase@D@@QBEHD@Z
1505,0x00037980,,.text,code,?compareNoCase@?$StringBase@D@@QBEHPBD@Z
1506,0x00006772,,.text,code,?compareNoCase@?$StringBase@D@@QBEHPBDH@Z
1507,0x00006AA4,,.text,code,?compareNoCase@?$StringBase@G@@QBEHABV1@@Z
1508,0x00037AF0,,.text,code,?compareNoCase@?$StringBase@G@@QBEHG@Z
1509,0x00037A90,,.text,code,?compareNoCase@?$StringBase@G@@QBEHPBG@Z
1510,0x000067F0,,.text,code,?compareNoCase@?$StringBase@G@@QBEHPBGH@Z
1511,0x0060BDB3,,.text,code,?compareNoCase@PooledString@@QBEHABV1@@Z
1512,0x0060BE55,,.text,code,?compareNoCase@PooledString@@QBEHABVAsciiString@@@Z
1513,0x0060BD8E,,.text,code,?compareNoCase@PooledString@@QBEHPBD@Z
1514,0x0060BCE2,,.text,code,?compareNoCase@PooledString@@QBEHPBDH@Z
1515,0x00006987,,.text,code,?concat@?$StringBase@D@@QAEXABV1@@Z
1516,0x00036A30,,.text,code,?concat@?$StringBase@D@@QAEXABV?$CharSource@D@@@Z
1517,0x0000564E,,.text,code,?concat@?$StringBase@D@@QAEXD@Z
1518,0x00005629,,.text,code,?concat@?$StringBase@D@@QAEXPBD@Z
1519,0x000369A0,,.text,code,?concat@?$StringBase@D@@QAEXPBDH@Z
1520,0x00006A2A,,.text,code,?concat@?$StringBase@G@@QAEXABV1@@Z
1521,0x000374A0,,.text,code,?concat@?$StringBase@G@@QAEXABV?$CharSource@G@@@Z
1522,0x000056B8,,.text,code,?concat@?$StringBase@G@@QAEXG@Z
1523,0x00005692,,.text,code,?concat@?$StringBase@G@@QAEXPBG@Z
1524,0x00037410,,.text,code,?concat@?$StringBase@G@@QAEXPBGH@Z
1525,0x003ADA72,,.text,code,?createModule@?$ConcreteModuleTemplate@UOrthoEmissionVelocityModuleTag@FXParticleSystem@@@FXParticleSystem@@UAEPAVOrthoEmissionVelocityModule@2@AAV?$TrackingPtr@VParticleSystem@FXParticleSystem@@@@@Z
1526,0x003ADB21,,.text,code,?createModule@?$ConcreteModuleTemplate@UPointEmissionVolumeModuleTag@FXParticleSystem@@@FXParticleSystem@@UAEPAVPointEmissionVolumeModule@2@AAV?$TrackingPtr@VParticleSystem@FXParticleSystem@@@@@Z
1527,0x003AD886,,.text,code,?createModule@?$ConcreteModuleTemplate@V?$DefaultModuleTag@$00@FXParticleSystem@@@FXParticleSystem@@UAEPAV?$DefaultModule@$00@2@AAV?$TrackingPtr@VParticleSystem@FXParticleSystem@@@@@Z
1528,0x003AD940,,.text,code,?createModule@?$ConcreteModuleTemplate@V?$DefaultModuleTag@$01@FXParticleSystem@@@FXParticleSystem@@UAEPAV?$DefaultModule@$01@2@AAV?$TrackingPtr@VParticleSystem@FXParticleSystem@@@@@Z
1529,0x003AD904,,.text,code,?createModule@?$ConcreteModuleTemplate@V?$DefaultModuleTag@$02@FXParticleSystem@@@FXParticleSystem@@UAEPAV?$DefaultModule@$02@2@AAV?$TrackingPtr@VParticleSystem@FXParticleSystem@@@@@Z
1530,0x003AD6DF,,.text,code,?createModule@?$ConcreteModuleTemplate@V?$DefaultModuleTag@$05@FXParticleSystem@@@FXParticleSystem@@UAEPAV?$DefaultModule@$05@2@AAV?$TrackingPtr@VParticleSystem@FXParticleSystem@@@@@Z
1531,0x003AD97F,,.text,code,?createModule@?$ConcreteModuleTemplate@V?$DefaultModuleTag@$06@FXParticleSystem@@@FXParticleSystem@@UAEPAV?$DefaultModule@$06@2@AAV?$TrackingPtr@VParticleSystem@FXParticleSystem@@@@@Z
1532,0x003AD8C5,,.text,code,?createModule@?$ConcreteModuleTemplate@V?$DefaultModuleTag@$0A@@FXParticleSystem@@@FXParticleSystem@@UAEPAV?$DefaultModule@$0A@@2@AAV?$TrackingPtr@VParticleSystem@FXParticleSystem@@@@@Z
1533,0x003AD9F7,,.text,code,?createModule@?$ConcreteModuleTemplate@V?$ModuleTag@$01$E?RENDEROBJECT_UPDATE_MODULE_KEY@FXParticleSystem@@3QBDB$E?RENDEROBJECT_UPDATE_MODULE_NAME@2@3QBDBVRenderObjectUpdateModule@2@VRenderObjectUpdateModuleTemplate@2@VRenderObjectParticleUpdateModule@2@@FXParticleSystem@@@FXParticleSystem@@UAEPAVRenderObjectUpdateModule@2@AAV?$TrackingPtr@VParticleSystem@FXParticleSystem@@@@@Z
1534,0x003ADADB,,.text,code,?createModule@?$ConcreteModuleTemplate@V?$ModuleTag@$03$E?CYLINDRICAL_EMISSION_VELOCITY_MODULE_KEY@FXParticleSystem@@3QBDB$E?CYLINDRICAL_EMISSION_VELOCITY_MODULE_NAME@2@3QBDBVCylindricalEmissionVelocityModule@2@VCylindricalEmissionVelocityModuleTemplate@2@V?$DefaultParticleModule@$03@2@@FXParticleSystem@@@FXParticleSystem@@UAEPAVCylindricalEmissionVelocityModule@2@AAV?$TrackingPtr@VParticleSystem@FXParticleSystem@@@@@Z
1535,0x003ADAB8,,.text,code,?createModule@?$ConcreteModuleTemplate@V?$ModuleTag@$03$E?HEMISPHERICAL_EMISSION_VELOCITY_MODULE_KEY@FXParticleSystem@@3QBDB$E?HEMISPHERICAL_EMISSION_VELOCITY_MODULE_NAME@2@3QBDBVHemisphericalEmissionVelocityModule@2@VHemisphericalEmissionVelocityModuleTemplate@2@V?$DefaultParticleModule@$03@2@@FXParticleSystem@@@FXParticleSystem@@UAEPAVHemisphericalEmissionVelocityModule@2@AAV?$TrackingPtr@VParticleSystem@FXParticleSystem@@@@@Z
1536,0x003ADAFE,,.text,code,?createModule@?$ConcreteModuleTemplate@V?$ModuleTag@$03$E?OUTWARD_EMISSION_VELOCITY_MODULE_KEY@FXParticleSystem@@3QBDB$E?OUTWARD_EMISSION_VELOCITY_MODULE_NAME@2@3QBDBVOutwardEmissionVelocityModule@2@VOutwardEmissionVelocityModuleTemplate@2@V?$DefaultParticleModule@$03@2@@FXParticleSystem@@@FXParticleSystem@@UAEPAVOutwardEmissionVelocityModule@2@AAV?$TrackingPtr@VParticleSystem@FXParticleSystem@@@@@Z
1537,0x003ADA95,,.text,code,?createModule@?$ConcreteModuleTemplate@V?$ModuleTag@$03$E?SPHERICAL_EMISSION_VELOCITY_MODULE_KEY@FXParticleSystem@@3QBDB$E?SPHERICAL_EMISSION_VELOCITY_MODULE_NAME@2@3QBDBVSphericalEmissionVelocityModule@2@VSphericalEmissionVelocityModuleTemplate@2@V?$DefaultParticleModule@$03@2@@FXParticleSystem@@@FXParticleSystem@@UAEPAVSphericalEmissionVelocityModule@2@AAV?$TrackingPtr@VParticleSystem@FXParticleSystem@@@@@Z
1538,0x003ADB67,,.text,code,?createModule@?$ConcreteModuleTemplate@V?$ModuleTag@$04$E?BOX_EMISSION_VOLUME_MODULE_KEY@FXParticleSystem@@3QBDB$E?BOX_EMISSION_VOLUME_MODULE_NAME@2@3QBDBVBoxEmissionVolumeModule@2@VBoxEmissionVolumeModuleTemplate@2@V?$DefaultParticleModule@$04@2@@FXParticleSystem@@@FXParticleSystem@@UAEPAVBoxEmissionVolumeModule@2@AAV?$TrackingPtr@VParticleSystem@FXParticleSystem@@@@@Z
1539,0x003ADBAD,,.text,code,?createModule@?$ConcreteModuleTemplate@V?$ModuleTag@$04$E?CYLINDER_EMISSION_VOLUME_MODULE_KEY@FXParticleSystem@@3QBDB$E?CYLINDER_EMISSION_VOLUME_MODULE_NAME@2@3QBDBVCylinderEmissionVolumeModule@2@VCylinderEmissionVolumeModuleTemplate@2@V?$DefaultParticleModule@$04@2@@FXParticleSystem@@@FXParticleSystem@@UAEPAVCylinderEmissionVolumeModule@2@AAV?$TrackingPtr@VParticleSystem@FXParticleSystem@@@@@Z
1540,0x003ADBD0,,.text,code,?createModule@?$ConcreteModuleTemplate@V?$ModuleTag@$04$E?LIGHTNING_EMISSION_MODULE_KEY@FXParticleSystem@@3QBDB$E?LIGHTNING_EMISSION_MODULE_NAME@2@3QBDBVLightningEmissionModule@2@VLightningEmissionModuleTemplate@2@V?$DefaultParticleModule@$04@2@@FXParticleSystem@@@FXParticleSystem@@UAEPAVLightningEmissionModule@2@AAV?$TrackingPtr@VParticleSystem@FXParticleSystem@@@@@Z
1541,0x003ADB44,,.text,code,?createModule@?$ConcreteModuleTemplate@V?$ModuleTag@$04$E?LINE_EMISSION_VOLUME_MODULE_KEY@FXParticleSystem@@3QBDB$E?LINE_EMISSION_VOLUME_MODULE_NAME@2@3QBDBVLineEmissionVolumeModule@2@VLineEmissionVolumeModuleTemplate@2@V?$DefaultParticleModule@$04@2@@FXParticleSystem@@@FXParticleSystem@@UAEPAVLineEmissionVolumeModule@2@AAV?$TrackingPtr@VParticleSystem@FXParticleSystem@@@@@Z
1542,0x003ADB8A,,.text,code,?createModule@?$ConcreteModuleTemplate@V?$ModuleTag@$04$E?SPHERE_EMISSION_VOLUME_MODULE_KEY@FXParticleSystem@@3QBDB$E?SPHERE_EMISSION_VOLUME_MODULE_NAME@2@3QBDBVSphereEmissionVolumeModule@2@VSphereEmissionVolumeModuleTemplate@2@V?$DefaultParticleModule@$04@2@@FXParticleSystem@@@FXParticleSystem@@UAEPAVSphereEmissionVolumeModule@2@AAV?$TrackingPtr@VParticleSystem@FXParticleSystem@@@@@Z
1543,0x003ADC0F,,.text,code,?createModule@?$ConcreteModuleTemplate@V?$ModuleTag@$04$E?TERRAIN_FIRE_EMISSION_MODULE_KEY@FXParticleSystem@@3QBDB$E?TERRAIN_FIRE_EMISSION_MODULE_NAME@2@3QBDBVTerrainFireEmissionModule@2@VTerrainFireEmissionModuleTemplate@2@V?$DefaultParticleModule@$04@2@@FXParticleSystem@@@FXParticleSystem@@UAEPAVTerrainFireEmissionModule@2@AAV?$TrackingPtr@VParticleSystem@FXParticleSystem@@@@@Z
1544,0x003AD793,,.text,code,?createModule@?$ConcreteModuleTemplate@V?$ModuleTag@$05$E?BUTTERFLY_DRAW_MODULE_KEY@FXParticleSystem@@3QBDB$E?BUTTERFLY_DRAW_MODULE_NAME@2@3QBDBVButterflyDrawModule@2@VButterflyDrawModuleTemplate@2@V?$DefaultParticleModule@$05@2@@FXParticleSystem@@@FXParticleSystem@@UAEPAVButterflyDrawModule@2@AAV?$TrackingPtr@VParticleSystem@FXParticleSystem@@@@@Z
1545,0x003AD84A,,.text,code,?createModule@?$ConcreteModuleTemplate@V?$ModuleTag@$05$E?GPU_DRAW_MODULE_KEY@FXParticleSystem@@3QBDB$E?GPU_DRAW_MODULE_NAME@2@3QBDBVGpuDrawModule@2@VGpuDrawModuleTemplate@2@V?$DefaultParticleModule@$05@2@@FXParticleSystem@@@FXParticleSystem@@UAEPAVGpuDrawModule@2@AAV?$TrackingPtr@VParticleSystem@FXParticleSystem@@@@@Z
1546,0x003AD80B,,.text,code,?createModule@?$ConcreteModuleTemplate@V?$ModuleTag@$05$E?LIGHTNING_DRAW_MODULE_KEY@FXParticleSystem@@3QBDB$E?LIGHTNING_DRAW_MODULE_NAME@2@3QBDBVLightningDrawModule@2@VLightningDrawModuleTemplate@2@V?$DefaultParticleModule@$05@2@@FXParticleSystem@@@FXParticleSystem@@UAEPAVLightningDrawModule@2@AAV?$TrackingPtr@VParticleSystem@FXParticleSystem@@@@@Z
1547,0x003AD757,,.text,code,?createModule@?$ConcreteModuleTemplate@V?$ModuleTag@$05$E?QUAD_DRAW_MODULE_KEY@FXParticleSystem@@3QBDB$E?QUAD_DRAW_MODULE_NAME@2@3QBDBVQuadDrawModule@2@VQuadDrawModuleTemplate@2@V?$DefaultParticleModule@$05@2@@FXParticleSystem@@@FXParticleSystem@@UAEPAVQuadDrawModule@2@AAV?$TrackingPtr@VParticleSystem@FXParticleSystem@@@@@Z
1548,0x003AD7CF,,.text,code,?createModule@?$ConcreteModuleTemplate@V?$ModuleTag@$05$E?RENDEROBJECT_DRAW_MODULE_KEY@FXParticleSystem@@3QBDB$E?RENDEROBJECT_DRAW_MODULE_NAME@2@3QBDBVRenderObjectDrawModule@2@VRenderObjectDrawModuleTemplate@2@V?$DefaultParticleModule@$05@2@@FXParticleSystem@@@FXParticleSystem@@UAEPAVRenderObjectDrawModule@2@AAV?$TrackingPtr@VParticleSystem@FXParticleSystem@@@@@Z
1549,0x003AD71B,,.text,code,?createModule@?$ConcreteModuleTemplate@V?$ModuleTag@$05$E?STREAK_DRAW_MODULE_KEY@FXParticleSystem@@3QBDB$E?STREAK_DRAW_MODULE_NAME@2@3QBDBVStreakDrawModule@2@VStreakDrawModuleTemplate@2@V?$DefaultParticleModule@$05@2@@FXParticleSystem@@@FXParticleSystem@@UAEPAVStreakDrawModule@2@AAV?$TrackingPtr@VParticleSystem@FXParticleSystem@@@@@Z
1550,0x003AD9BB,,.text,code,?createModule@?$ConcreteModuleTemplate@V?$ModuleTag@$07$E?LIFE_EVENT_MODULE_KEY@FXParticleSystem@@3QBDB$E?LIFE_EVENT_MODULE_NAME@2@3QBDBVLifeEventModule@2@VLifeEventModuleTemplate@2@VParticleLifeEventModule@2@@FXParticleSystem@@@FXParticleSystem@@UAEPAVLifeEventModule@2@AAV?$TrackingPtr@VParticleSystem@FXParticleSystem@@@@@Z
1551,0x003ADA36,,.text,code,?createModule@?$ConcreteModuleTemplate@V?$ModuleTag@$07$E?TERRAIN_COLLISION_MODULE_KEY@FXParticleSystem@@3QBDB$E?TERRAIN_COLLISION_MODULE_NAME@2@3QBDBVTerrainCollisionModule@2@VTerrainCollisionModuleTemplate@2@VParticleTerrainCollisionModule@2@@FXParticleSystem@@@FXParticleSystem@@UAEPAVTerrainCollisionModule@2@AAV?$TrackingPtr@VParticleSystem@FXParticleSystem@@@@@Z
1552,0x001F9CF3,,.text,code,?createSlaveSystem@ParticleSystemTemplate@FXParticleSystem@@QBE?AV?$TrackingPtr@VParticleSystem@FXParticleSystem@@@@_N@Z
1553,0x003AB07E,,.text,code,?createTemplate@?$ConcreteModuleClass@UOrthoEmissionVelocityModuleTag@FXParticleSystem@@@FXParticleSystem@@UBEPAVOrthoEmissionVelocityModuleTemplate@2@PAVINI@@@Z
1554,0x003AB0CC,,.text,code,?createTemplate@?$ConcreteModuleClass@UOrthoEmissionVelocityModuleTag@FXParticleSystem@@@FXParticleSystem@@UBEPAVOrthoEmissionVelocityModuleTemplate@2@XZ
1555,0x003AB3D5,,.text,code,?createTemplate@?$ConcreteModuleClass@UPointEmissionVolumeModuleTag@FXParticleSystem@@@FXParticleSystem@@UBEPAVPointEmissionVolumeModuleTemplate@2@PAVINI@@@Z
1556,0x003AB41C,,.text,code,?createTemplate@?$ConcreteModuleClass@UPointEmissionVolumeModuleTag@FXParticleSystem@@@FXParticleSystem@@UBEPAVPointEmissionVolumeModuleTemplate@2@XZ
1557,0x003AC54B,,.text,code,?createTemplate@?$ConcreteModuleClass@V?$DefaultModuleTag@$00@FXParticleSystem@@@FXParticleSystem@@UBEPAV?$DefaultModuleTemplate@$00@2@PAVINI@@@Z
1558,0x003AC59C,,.text,code,?createTemplate@?$ConcreteModuleClass@V?$DefaultModuleTag@$00@FXParticleSystem@@@FXParticleSystem@@UBEPAV?$DefaultModuleTemplate@$00@2@XZ
1559,0x003AC6D7,,.text,code,?createTemplate@?$ConcreteModuleClass@V?$DefaultModuleTag@$01@FXParticleSystem@@@FXParticleSystem@@UBEPAV?$DefaultModuleTemplate@$01@2@PAVINI@@@Z
1560,0x003AC725,,.text,code,?createTemplate@?$ConcreteModuleClass@V?$DefaultModuleTag@$01@FXParticleSystem@@@FXParticleSystem@@UBEPAV?$DefaultModuleTemplate@$01@2@XZ
1561,0x003AC657,,.text,code,?createTemplate@?$ConcreteModuleClass@V?$DefaultModuleTag@$02@FXParticleSystem@@@FXParticleSystem@@UBEPAV?$DefaultModuleTemplate@$02@2@PAVINI@@@Z
1562,0x003AC6A5,,.text,code,?createTemplate@?$ConcreteModuleClass@V?$DefaultModuleTag@$02@FXParticleSystem@@@FXParticleSystem@@UBEPAV?$DefaultModuleTemplate@$02@2@XZ
1563,0x003AC2DB,,.text,code,?createTemplate@?$ConcreteModuleClass@V?$DefaultModuleTag@$05@FXParticleSystem@@@FXParticleSystem@@UBEPAV?$DefaultModuleTemplate@$05@2@PAVINI@@@Z
1564,0x003AC329,,.text,code,?createTemplate@?$ConcreteModuleClass@V?$DefaultModuleTag@$05@FXParticleSystem@@@FXParticleSystem@@UBEPAV?$DefaultModuleTemplate@$05@2@XZ
1565,0x003AC757,,.text,code,?createTemplate@?$ConcreteModuleClass@V?$DefaultModuleTag@$06@FXParticleSystem@@@FXParticleSystem@@UBEPAV?$DefaultModuleTemplate@$06@2@PAVINI@@@Z
1566,0x003AC7A5,,.text,code,?createTemplate@?$ConcreteModuleClass@V?$DefaultModuleTag@$06@FXParticleSystem@@@FXParticleSystem@@UBEPAV?$DefaultModuleTemplate@$06@2@XZ
1567,0x003AC5D1,,.text,code,?createTemplate@?$ConcreteModuleClass@V?$DefaultModuleTag@$0A@@FXParticleSystem@@@FXParticleSystem@@UBEPAV?$DefaultModuleTemplate@$0A@@2@PAVINI@@@Z
1568,0x003AC622,,.text,code,?createTemplate@?$ConcreteModuleClass@V?$DefaultModuleTag@$0A@@FXParticleSystem@@@FXParticleSystem@@UBEPAV?$DefaultModuleTemplate@$0A@@2@XZ
1569,0x003AAFA2,,.text,code,?createTemplate@?$ConcreteModuleClass@V?$ModuleTag@$01$E?RENDEROBJECT_UPDATE_MODULE_KEY@FXParticleSystem@@3QBDB$E?RENDEROBJECT_UPDATE_MODULE_NAME@2@3QBDBVRenderObjectUpdateModule@2@VRenderObjectUpdateModuleTemplate@2@VRenderObjectParticleUpdateModule@2@@FXParticleSystem@@@FXParticleSystem@@UBEPAVRenderObjectUpdateModuleTemplate@2@PAVINI@@@Z
1570,0x003AAFF3,,.text,code,?createTemplate@?$ConcreteModuleClass@V?$ModuleTag@$01$E?RENDEROBJECT_UPDATE_MODULE_KEY@FXParticleSystem@@3QBDB$E?RENDEROBJECT_UPDATE_MODULE_NAME@2@3QBDBVRenderObjectUpdateModule@2@VRenderObjectUpdateModuleTemplate@2@VRenderObjectParticleUpdateModule@2@@FXParticleSystem@@@FXParticleSystem@@UBEPAVRenderObjectUpdateModuleTemplate@2@XZ
1571,0x003AB27F,,.text,code,?createTemplate@?$ConcreteModuleClass@V?$ModuleTag@$03$E?CYLINDRICAL_EMISSION_VELOCITY_MODULE_KEY@FXParticleSystem@@3QBDB$E?CYLINDRICAL_EMISSION_VELOCITY_MODULE_NAME@2@3QBDBVCylindricalEmissionVelocityModule@2@VCylindricalEmissionVelocityModuleTemplate@2@V?$DefaultParticleModule@$03@2@@FXParticleSystem@@@FXParticleSystem@@UBEPAVCylindricalEmissionVelocityModuleTemplate@2@PAVINI@@@Z
1572,0x003AB2CD,,.text,code,?createTemplate@?$ConcreteModuleClass@V?$ModuleTag@$03$E?CYLINDRICAL_EMISSION_VELOCITY_MODULE_KEY@FXParticleSystem@@3QBDB$E?CYLINDRICAL_EMISSION_VELOCITY_MODULE_NAME@2@3QBDBVCylindricalEmissionVelocityModule@2@VCylindricalEmissionVelocityModuleTemplate@2@V?$DefaultParticleModule@$03@2@@FXParticleSystem@@@FXParticleSystem@@UBEPAVCylindricalEmissionVelocityModuleTemplate@2@XZ
1573,0x003AB1D4,,.text,code,?createTemplate@?$ConcreteModuleClass@V?$ModuleTag@$03$E?HEMISPHERICAL_EMISSION_VELOCITY_MODULE_KEY@FXParticleSystem@@3QBDB$E?HEMISPHERICAL_EMISSION_VELOCITY_MODULE_NAME@2@3QBDBVHemisphericalEmissionVelocityModule@2@VHemisphericalEmissionVelocityModuleTemplate@2@V?$DefaultParticleModule@$03@2@@FXParticleSystem@@@FXParticleSystem@@UBEPAVHemisphericalEmissionVelocityModuleTemplate@2@PAVINI@@@Z
1574,0x003AB222,,.text,code,?createTemplate@?$ConcreteModuleClass@V?$ModuleTag@$03$E?HEMISPHERICAL_EMISSION_VELOCITY_MODULE_KEY@FXParticleSystem@@3QBDB$E?HEMISPHERICAL_EMISSION_VELOCITY_MODULE_NAME@2@3QBDBVHemisphericalEmissionVelocityModule@2@VHemisphericalEmissionVelocityModuleTemplate@2@V?$DefaultParticleModule@$03@2@@FXParticleSystem@@@FXParticleSystem@@UBEPAVHemisphericalEmissionVelocityModuleTemplate@2@XZ
1575,0x003AB32A,,.text,code,?createTemplate@?$ConcreteModuleClass@V?$ModuleTag@$03$E?OUTWARD_EMISSION_VELOCITY_MODULE_KEY@FXParticleSystem@@3QBDB$E?OUTWARD_EMISSION_VELOCITY_MODULE_NAME@2@3QBDBVOutwardEmissionVelocityModule@2@VOutwardEmissionVelocityModuleTemplate@2@V?$DefaultParticleModule@$03@2@@FXParticleSystem@@@FXParticleSystem@@UBEPAVOutwardEmissionVelocityModuleTemplate@2@PAVINI@@@Z
1576,0x003AB378,,.text,code,?createTemplate@?$ConcreteModuleClass@V?$ModuleTag@$03$E?OUTWARD_EMISSION_VELOCITY_MODULE_KEY@FXParticleSystem@@3QBDB$E?OUTWARD_EMISSION_VELOCITY_MODULE_NAME@2@3QBDBVOutwardEmissionVelocityModule@2@VOutwardEmissionVelocityModuleTemplate@2@V?$DefaultParticleModule@$03@2@@FXParticleSystem@@@FXParticleSystem@@UBEPAVOutwardEmissionVelocityModuleTemplate@2@XZ
1577,0x003AB129,,.text,code,?createTemplate@?$ConcreteModuleClass@V?$ModuleTag@$03$E?SPHERICAL_EMISSION_VELOCITY_MODULE_KEY@FXParticleSystem@@3QBDB$E?SPHERICAL_EMISSION_VELOCITY_MODULE_NAME@2@3QBDBVSphericalEmissionVelocityModule@2@VSphericalEmissionVelocityModuleTemplate@2@V?$DefaultParticleModule@$03@2@@FXParticleSystem@@@FXParticleSystem@@UBEPAVSphericalEmissionVelocityModuleTemplate@2@PAVINI@@@Z
1578,0x003AB177,,.text,code,?createTemplate@?$ConcreteModuleClass@V?$ModuleTag@$03$E?SPHERICAL_EMISSION_VELOCITY_MODULE_KEY@FXParticleSystem@@3QBDB$E?SPHERICAL_EMISSION_VELOCITY_MODULE_NAME@2@3QBDBVSphericalEmissionVelocityModule@2@VSphericalEmissionVelocityModuleTemplate@2@V?$DefaultParticleModule@$03@2@@FXParticleSystem@@@FXParticleSystem@@UBEPAVSphericalEmissionVelocityModuleTemplate@2@XZ
1579,0x003AB4E5,,.text,code,?createTemplate@?$ConcreteModuleClass@V?$ModuleTag@$04$E?BOX_EMISSION_VOLUME_MODULE_KEY@FXParticleSystem@@3QBDB$E?BOX_EMISSION_VOLUME_MODULE_NAME@2@3QBDBVBoxEmissionVolumeModule@2@VBoxEmissionVolumeModuleTemplate@2@V?$DefaultParticleModule@$04@2@@FXParticleSystem@@@FXParticleSystem@@UBEPAVBoxEmissionVolumeModuleTemplate@2@PAVINI@@@Z
1580,0x003AB52C,,.text,code,?createTemplate@?$ConcreteModuleClass@V?$ModuleTag@$04$E?BOX_EMISSION_VOLUME_MODULE_KEY@FXParticleSystem@@3QBDB$E?BOX_EMISSION_VOLUME_MODULE_NAME@2@3QBDBVBoxEmissionVolumeModule@2@VBoxEmissionVolumeModuleTemplate@2@V?$DefaultParticleModule@$04@2@@FXParticleSystem@@@FXParticleSystem@@UBEPAVBoxEmissionVolumeModuleTemplate@2@XZ
1581,0x003AB5F5,,.text,code,?createTemplate@?$ConcreteModuleClass@V?$ModuleTag@$04$E?CYLINDER_EMISSION_VOLUME_MODULE_KEY@FXParticleSystem@@3QBDB$E?CYLINDER_EMISSION_VOLUME_MODULE_NAME@2@3QBDBVCylinderEmissionVolumeModule@2@VCylinderEmissionVolumeModuleTemplate@2@V?$DefaultParticleModule@$04@2@@FXParticleSystem@@@FXParticleSystem@@UBEPAVCylinderEmissionVolumeModuleTemplate@2@PAVINI@@@Z
1582,0x003AB63C,,.text,code,?createTemplate@?$ConcreteModuleClass@V?$ModuleTag@$04$E?CYLINDER_EMISSION_VOLUME_MODULE_KEY@FXParticleSystem@@3QBDB$E?CYLINDER_EMISSION_VOLUME_MODULE_NAME@2@3QBDBVCylinderEmissionVolumeModule@2@VCylinderEmissionVolumeModuleTemplate@2@V?$DefaultParticleModule@$04@2@@FXParticleSystem@@@FXParticleSystem@@UBEPAVCylinderEmissionVolumeModuleTemplate@2@XZ
1583,0x003AB67D,,.text,code,?createTemplate@?$ConcreteModuleClass@V?$ModuleTag@$04$E?LIGHTNING_EMISSION_MODULE_KEY@FXParticleSystem@@3QBDB$E?LIGHTNING_EMISSION_MODULE_NAME@2@3QBDBVLightningEmissionModule@2@VLightningEmissionModuleTemplate@2@V?$DefaultParticleModule@$04@2@@FXParticleSystem@@@FXParticleSystem@@UBEPAVLightningEmissionModuleTemplate@2@PAVINI@@@Z
1584,0x003AB6CE,,.text,code,?createTemplate@?$ConcreteModuleClass@V?$ModuleTag@$04$E?LIGHTNING_EMISSION_MODULE_KEY@FXParticleSystem@@3QBDB$E?LIGHTNING_EMISSION_MODULE_NAME@2@3QBDBVLightningEmissionModule@2@VLightningEmissionModuleTemplate@2@V?$DefaultParticleModule@$04@2@@FXParticleSystem@@@FXParticleSystem@@UBEPAVLightningEmissionModuleTemplate@2@XZ
1585,0x003AB45D,,.text,code,?createTemplate@?$ConcreteModuleClass@V?$ModuleTag@$04$E?LINE_EMISSION_VOLUME_MODULE_KEY@FXParticleSystem@@3QBDB$E?LINE_EMISSION_VOLUME_MODULE_NAME@2@3QBDBVLineEmissionVolumeModule@2@VLineEmissionVolumeModuleTemplate@2@V?$DefaultParticleModule@$04@2@@FXParticleSystem@@@FXParticleSystem@@UBEPAVLineEmissionVolumeModuleTemplate@2@PAVINI@@@Z
1586,0x003AB4A4,,.text,code,?createTemplate@?$ConcreteModuleClass@V?$ModuleTag@$04$E?LINE_EMISSION_VOLUME_MODULE_KEY@FXParticleSystem@@3QBDB$E?LINE_EMISSION_VOLUME_MODULE_NAME@2@3QBDBVLineEmissionVolumeModule@2@VLineEmissionVolumeModuleTemplate@2@V?$DefaultParticleModule@$04@2@@FXParticleSystem@@@FXParticleSystem@@UBEPAVLineEmissionVolumeModuleTemplate@2@XZ
1587,0x003AB56D,,.text,code,?createTemplate@?$ConcreteModuleClass@V?$ModuleTag@$04$E?SPHERE_EMISSION_VOLUME_MODULE_KEY@FXParticleSystem@@3QBDB$E?SPHERE_EMISSION_VOLUME_MODULE_NAME@2@3QBDBVSphereEmissionVolumeModule@2@VSphereEmissionVolumeModuleTemplate@2@V?$DefaultParticleModule@$04@2@@FXParticleSystem@@@FXParticleSystem@@UBEPAVSphereEmissionVolumeModuleTemplate@2@PAVINI@@@Z
1588,0x003AB5B4,,.text,code,?createTemplate@?$ConcreteModuleClass@V?$ModuleTag@$04$E?SPHERE_EMISSION_VOLUME_MODULE_KEY@FXParticleSystem@@3QBDB$E?SPHERE_EMISSION_VOLUME_MODULE_NAME@2@3QBDBVSphereEmissionVolumeModule@2@VSphereEmissionVolumeModuleTemplate@2@V?$DefaultParticleModule@$04@2@@FXParticleSystem@@@FXParticleSystem@@UBEPAVSphereEmissionVolumeModuleTemplate@2@XZ
1589,0x003AB72E,,.text,code,?createTemplate@?$ConcreteModuleClass@V?$ModuleTag@$04$E?TERRAIN_FIRE_EMISSION_MODULE_KEY@FXParticleSystem@@3QBDB$E?TERRAIN_FIRE_EMISSION_MODULE_NAME@2@3QBDBVTerrainFireEmissionModule@2@VTerrainFireEmissionModuleTemplate@2@V?$DefaultParticleModule@$04@2@@FXParticleSystem@@@FXParticleSystem@@UBEPAVTerrainFireEmissionModuleTemplate@2@PAVINI@@@Z
1590,0x003AB77C,,.text,code,?createTemplate@?$ConcreteModuleClass@V?$ModuleTag@$04$E?TERRAIN_FIRE_EMISSION_MODULE_KEY@FXParticleSystem@@3QBDB$E?TERRAIN_FIRE_EMISSION_MODULE_NAME@2@3QBDBVTerrainFireEmissionModule@2@VTerrainFireEmissionModuleTemplate@2@V?$DefaultParticleModule@$04@2@@FXParticleSystem@@@FXParticleSystem@@UBEPAVTerrainFireEmissionModuleTemplate@2@XZ
1591,0x003AA4FC,,.text,code,?createTemplate@?$ConcreteModuleClass@V?$ModuleTag@$05$E?BUTTERFLY_DRAW_MODULE_KEY@FXParticleSystem@@3QBDB$E?BUTTERFLY_DRAW_MODULE_NAME@2@3QBDBVButterflyDrawModule@2@VButterflyDrawModuleTemplate@2@V?$DefaultParticleModule@$05@2@@FXParticleSystem@@@FXParticleSystem@@UBEPAVButterflyDrawModuleTemplate@2@PAVINI@@@Z
1592,0x003AA54A,,.text,code,?createTemplate@?$ConcreteModuleClass@V?$ModuleTag@$05$E?BUTTERFLY_DRAW_MODULE_KEY@FXParticleSystem@@3QBDB$E?BUTTERFLY_DRAW_MODULE_NAME@2@3QBDBVButterflyDrawModule@2@VButterflyDrawModuleTemplate@2@V?$DefaultParticleModule@$05@2@@FXParticleSystem@@@FXParticleSystem@@UBEPAVButterflyDrawModuleTemplate@2@XZ
1593,0x003AC3DB,,.text,code,?createTemplate@?$ConcreteModuleClass@V?$ModuleTag@$05$E?GPU_DRAW_MODULE_KEY@FXParticleSystem@@3QBDB$E?GPU_DRAW_MODULE_NAME@2@3QBDBVGpuDrawModule@2@VGpuDrawModuleTemplate@2@V?$DefaultParticleModule@$05@2@@FXParticleSystem@@@FXParticleSystem@@UBEPAVGpuDrawModuleTemplate@2@PAVINI@@@Z
1594,0x003AC429,,.text,code,?createTemplate@?$ConcreteModuleClass@V?$ModuleTag@$05$E?GPU_DRAW_MODULE_KEY@FXParticleSystem@@3QBDB$E?GPU_DRAW_MODULE_NAME@2@3QBDBVGpuDrawModule@2@VGpuDrawModuleTemplate@2@V?$DefaultParticleModule@$05@2@@FXParticleSystem@@@FXParticleSystem@@UBEPAVGpuDrawModuleTemplate@2@XZ
1595,0x003AA5D2,,.text,code,?createTemplate@?$ConcreteModuleClass@V?$ModuleTag@$05$E?LIGHTNING_DRAW_MODULE_KEY@FXParticleSystem@@3QBDB$E?LIGHTNING_DRAW_MODULE_NAME@2@3QBDBVLightningDrawModule@2@VLightningDrawModuleTemplate@2@V?$DefaultParticleModule@$05@2@@FXParticleSystem@@@FXParticleSystem@@UBEPAVLightningDrawModuleTemplate@2@PAVINI@@@Z
1596,0x003AA620,,.text,code,?createTemplate@?$ConcreteModuleClass@V?$ModuleTag@$05$E?LIGHTNING_DRAW_MODULE_KEY@FXParticleSystem@@3QBDB$E?LIGHTNING_DRAW_MODULE_NAME@2@3QBDBVLightningDrawModule@2@VLightningDrawModuleTemplate@2@V?$DefaultParticleModule@$05@2@@FXParticleSystem@@@FXParticleSystem@@UBEPAVLightningDrawModuleTemplate@2@XZ
1597,0x003AA451,,.text,code,?createTemplate@?$ConcreteModuleClass@V?$ModuleTag@$05$E?QUAD_DRAW_MODULE_KEY@FXParticleSystem@@3QBDB$E?QUAD_DRAW_MODULE_NAME@2@3QBDBVQuadDrawModule@2@VQuadDrawModuleTemplate@2@V?$DefaultParticleModule@$05@2@@FXParticleSystem@@@FXParticleSystem@@UBEPAVQuadDrawModuleTemplate@2@PAVINI@@@Z
1598,0x003AA49F,,.text,code,?createTemplate@?$ConcreteModuleClass@V?$ModuleTag@$05$E?QUAD_DRAW_MODULE_KEY@FXParticleSystem@@3QBDB$E?QUAD_DRAW_MODULE_NAME@2@3QBDBVQuadDrawModule@2@VQuadDrawModuleTemplate@2@V?$DefaultParticleModule@$05@2@@FXParticleSystem@@@FXParticleSystem@@UBEPAVQuadDrawModuleTemplate@2@XZ
1599,0x003AC35B,,.text,code,?createTemplate@?$ConcreteModuleClass@V?$ModuleTag@$05$E?RENDEROBJECT_DRAW_MODULE_KEY@FXParticleSystem@@3QBDB$E?RENDEROBJECT_DRAW_MODULE_NAME@2@3QBDBVRenderObjectDrawModule@2@VRenderObjectDrawModuleTemplate@2@V?$DefaultParticleModule@$05@2@@FXParticleSystem@@@FXParticleSystem@@UBEPAVRenderObjectDrawModuleTemplate@2@PAVINI@@@Z
1600,0x003AC3A9,,.text,code,?createTemplate@?$ConcreteModuleClass@V?$ModuleTag@$05$E?RENDEROBJECT_DRAW_MODULE_KEY@FXParticleSystem@@3QBDB$E?RENDEROBJECT_DRAW_MODULE_NAME@2@3QBDBVRenderObjectDrawModule@2@VRenderObjectDrawModuleTemplate@2@V?$DefaultParticleModule@$05@2@@FXParticleSystem@@@FXParticleSystem@@UBEPAVRenderObjectDrawModuleTemplate@2@XZ
1601,0x003AA3A6,,.text,code,?createTemplate@?$ConcreteModuleClass@V?$ModuleTag@$05$E?STREAK_DRAW_MODULE_KEY@FXParticleSystem@@3QBDB$E?STREAK_DRAW_MODULE_NAME@2@3QBDBVStreakDrawModule@2@VStreakDrawModuleTemplate@2@V?$DefaultParticleModule@$05@2@@FXParticleSystem@@@FXParticleSystem@@UBEPAVStreakDrawModuleTemplate@2@PAVINI@@@Z
1602,0x003AA3F4,,.text,code,?createTemplate@?$ConcreteModuleClass@V?$ModuleTag@$05$E?STREAK_DRAW_MODULE_KEY@FXParticleSystem@@3QBDB$E?STREAK_DRAW_MODULE_NAME@2@3QBDBVStreakDrawModule@2@VStreakDrawModuleTemplate@2@V?$DefaultParticleModule@$05@2@@FXParticleSystem@@@FXParticleSystem@@UBEPAVStreakDrawModuleTemplate@2@XZ
1603,0x003AC7D7,,.text,code,?createTemplate@?$ConcreteModuleClass@V?$ModuleTag@$07$E?LIFE_EVENT_MODULE_KEY@FXParticleSystem@@3QBDB$E?LIFE_EVENT_MODULE_NAME@2@3QBDBVLifeEventModule@2@VLifeEventModuleTemplate@2@VParticleLifeEventModule@2@@FXParticleSystem@@@FXParticleSystem@@UBEPAVLifeEventModuleTemplate@2@PAVINI@@@Z
1604,0x003AC825,,.text,code,?createTemplate@?$ConcreteModuleClass@V?$ModuleTag@$07$E?LIFE_EVENT_MODULE_KEY@FXParticleSystem@@3QBDB$E?LIFE_EVENT_MODULE_NAME@2@3QBDBVLifeEventModule@2@VLifeEventModuleTemplate@2@VParticleLifeEventModule@2@@FXParticleSystem@@@FXParticleSystem@@UBEPAVLifeEventModuleTemplate@2@XZ
1605,0x003AC857,,.text,code,?createTemplate@?$ConcreteModuleClass@V?$ModuleTag@$07$E?TERRAIN_COLLISION_MODULE_KEY@FXParticleSystem@@3QBDB$E?TERRAIN_COLLISION_MODULE_NAME@2@3QBDBVTerrainCollisionModule@2@VTerrainCollisionModuleTemplate@2@VParticleTerrainCollisionModule@2@@FXParticleSystem@@@FXParticleSystem@@UBEPAVTerrainCollisionModuleTemplate@2@PAVINI@@@Z
1606,0x003AC8A5,,.text,code,?createTemplate@?$ConcreteModuleClass@V?$ModuleTag@$07$E?TERRAIN_COLLISION_MODULE_KEY@FXParticleSystem@@3QBDB$E?TERRAIN_COLLISION_MODULE_NAME@2@3QBDBVTerrainCollisionModule@2@VTerrainCollisionModuleTemplate@2@VParticleTerrainCollisionModule@2@@FXParticleSystem@@@FXParticleSystem@@UBEPAVTerrainCollisionModuleTemplate@2@XZ
1607,0x0000360C,,.text,code,?crossProduct@Coord3D@@SAXPBV1@0PAV1@@Z
1608,0x0069E440,,.text,code,?debugIgnoreLeaks@?$StringBase@D@@QAEXXZ
1609,0x0069E440,,.text,code,?debugIgnoreLeaks@?$StringBase@G@@QAEXXZ
1610,0x0000352F,,.text,code,?deg2rad@@YAMM@Z
1611,0x00004EA0,,.text,code,?depth@IRegion3D@@QBEHXZ
1612,0x00004DE7,,.text,code,?depth@Region3D@@QBEMXZ
1613,0x00036060,,.text,code,?endsWith@?$StringBase@D@@QBE_NABV1@@Z
1614,0x0002BEC1,,.text,code,?endsWith@?$StringBase@D@@QBE_NPBD@Z
1615,0x00035A00,,.text,code,?endsWith@?$StringBase@D@@QBE_NPBDH@Z
1616,0x00036350,,.text,code,?endsWith@?$StringBase@G@@QBE_NABV1@@Z
1617,0x00036310,,.text,code,?endsWith@?$StringBase@G@@QBE_NPBG@Z
1618,0x00035BD0,,.text,code,?endsWith@?$StringBase@G@@QBE_NPBGH@Z
1619,0x00036110,,.text,code,?endsWithNoCase@?$StringBase@D@@QBE_NABV1@@Z
1620,0x000360D0,,.text,code,?endsWithNoCase@?$StringBase@D@@QBE_NPBD@Z
1621,0x00035A50,,.text,code,?endsWithNoCase@?$StringBase@D@@QBE_NPBDH@Z
1622,0x000363D0,,.text,code,?endsWithNoCase@?$StringBase@G@@QBE_NABV1@@Z
1623,0x00036390,,.text,code,?endsWithNoCase@?$StringBase@G@@QBE_NPBG@Z
1624,0x00035C30,,.text,code,?endsWithNoCase@?$StringBase@G@@QBE_NPBGH@Z
1625,0x000364A0,,.text,code,?ensureUniqueBufferOfSize@?$StringBase@D@@AAEXH_NPBV?$CharSource@D@@1@Z
1626,0x00036F00,,.text,code,?ensureUniqueBufferOfSize@?$StringBase@G@@AAEXH_NPBV?$CharSource@G@@1@Z
1627,0x00003702,,.text,code,?equals@Coord3D@@QBE_NABUCoord3DBase@@@Z
1628,0x00006469,,.text,code,?expandBy@IRegion2D@@QAEXABUICoord2D@@@Z
1629,0x000064FC,,.text,code,?expandBy@IRegion3D@@QAEXABUICoord3D@@@Z
1630,0x00006423,,.text,code,?expandBy@Region2D@@QAEXABVCoord2D@@@Z
1631,0x00006495,,.text,code,?expandBy@Region3D@@QAEXABVCoord3D@@@Z
1632,0x0002C459,,.text,code,?find@?$StringBase@D@@QBEPBDD@Z
1633,0x00035AB0,,.text,code,?find@?$StringBase@G@@QBEPBGG@Z
1634,0x00037D90,,.text,code,?format@?$StringBase@D@@QAAXPBDZZ
1635,0x00037FF0,,.text,code,?format@?$StringBase@G@@QAAXPBGZZ
1636,0x00038150,,.text,code,?format@AsciiString@@QAAXPBDZZ
1637,0x000381E0,,.text,code,?format@AsciiString@@QAAXPBV1@ZZ
1638,0x006CB5D0,,.text,code,?format@UnicodeString@@QAAXPBGZZ
1639,0x006CB660,,.text,code,?format@UnicodeString@@QAAXPBV1@ZZ
1640,0x00037920,,.text,code,?format_va@?$StringBase@D@@QAEXABV1@PAD@Z
1641,0x00036D40,,.text,code,?format_va@?$StringBase@D@@QAEXPBDPAD@Z
1642,0x00037A30,,.text,code,?format_va@?$StringBase@G@@QAEXABV1@PAD@Z
1643,0x000377E0,,.text,code,?format_va@?$StringBase@G@@QAEXPBGPAD@Z
1644,0x00004EA7,,.text,code,?getAsInt@RGBColor@@QBEHXZ
1645,0x00036640,,.text,code,?getBufferForRead@?$StringBase@D@@QAEPADH@Z
1646,0x000370A0,,.text,code,?getBufferForRead@?$StringBase@G@@QAEPAGH@Z
1647,0x00035720,,.text,code,?getCharAt@?$StringBase@D@@QBEDH@Z
1648,0x00035760,,.text,code,?getCharAt@?$StringBase@G@@QBEGH@Z
1649,0x003AD196,0x003AB053,.text,code,?getClass@?$ConcreteModuleTemplate@UOrthoEmissionVelocityModuleTag@FXParticleSystem@@@FXParticleSystem@@UBEABV?$ConcreteModuleClass@UOrthoEmissionVelocityModuleTag@FXParticleSystem@@@2@XZ
1650,0x003AD2A9,0x003AB3AA,.text,code,?getClass@?$ConcreteModuleTemplate@UPointEmissionVolumeModuleTag@FXParticleSystem@@@FXParticleSystem@@UBEABV?$ConcreteModuleClass@UPointEmissionVolumeModuleTag@FXParticleSystem@@@2@XZ
1651,0x003ACF2D,0x003AAA7D,.text,code,?getClass@?$ConcreteModuleTemplate@V?$DefaultModuleTag@$00@FXParticleSystem@@@FXParticleSystem@@UBEABV?$ConcreteModuleClass@V?$DefaultModuleTag@$00@FXParticleSystem@@@2@XZ
1652,0x003AD036,0x003AADF8,.text,code,?getClass@?$ConcreteModuleTemplate@V?$DefaultModuleTag@$01@FXParticleSystem@@@FXParticleSystem@@UBEABV?$ConcreteModuleClass@V?$DefaultModuleTag@$01@FXParticleSystem@@@2@XZ
1653,0x003AD000,0x003AACCF,.text,code,?getClass@?$ConcreteModuleTemplate@V?$DefaultModuleTag@$02@FXParticleSystem@@@FXParticleSystem@@UBEABV?$ConcreteModuleClass@V?$DefaultModuleTag@$02@FXParticleSystem@@@2@XZ
1654,0x003ACD9B,0x003AA350,.text,code,?getClass@?$ConcreteModuleTemplate@V?$DefaultModuleTag@$05@FXParticleSystem@@@FXParticleSystem@@UBEABV?$ConcreteModuleClass@V?$DefaultModuleTag@$05@FXParticleSystem@@@2@XZ
1655,0x003AD0C5,0x003AAF21,.text,code,?getClass@?$ConcreteModuleTemplate@V?$DefaultModuleTag@$06@FXParticleSystem@@@FXParticleSystem@@UBEABV?$ConcreteModuleClass@V?$DefaultModuleTag@$06@FXParticleSystem@@@2@XZ
1656,0x003ACF63,0x003AABA6,.text,code,?getClass@?$ConcreteModuleTemplate@V?$DefaultModuleTag@$0A@@FXParticleSystem@@@FXParticleSystem@@UBEABV?$ConcreteModuleClass@V?$DefaultModuleTag@$0A@@FXParticleSystem@@@2@XZ
1657,0x003AD131,0x003AAF77,.text,code,?getClass@?$ConcreteModuleTemplate@V?$ModuleTag@$01$E?RENDEROBJECT_UPDATE_MODULE_KEY@FXParticleSystem@@3QBDB$E?RENDEROBJECT_UPDATE_MODULE_NAME@2@3QBDBVRenderObjectUpdateModule@2@VRenderObjectUpdateModuleTemplate@2@VRenderObjectParticleUpdateModule@2@@FXParticleSystem@@@FXParticleSystem@@UBEABV?$ConcreteModuleClass@V?$ModuleTag@$01$E?RENDEROBJECT_UPDATE_MODULE_KEY@FXParticleSystem@@3QBDB$E?RENDEROBJECT_UPDATE_MODULE_NAME@2@3QBDBVRenderObjectUpdateModule@2@VRenderObjectUpdateModuleTemplate@2@VRenderObjectParticleUpdateModule@2@@FXParticleSystem@@@2@XZ
1658,0x003AD223,0x003AB254,.text,code,?getClass@?$ConcreteModuleTemplate@V?$ModuleTag@$03$E?CYLINDRICAL_EMISSION_VELOCITY_MODULE_KEY@FXParticleSystem@@3QBDB$E?CYLINDRICAL_EMISSION_VELOCITY_MODULE_NAME@2@3QBDBVCylindricalEmissionVelocityModule@2@VCylindricalEmissionVelocityModuleTemplate@2@V?$DefaultParticleModule@$03@2@@FXParticleSystem@@@FXParticleSystem@@UBEABV?$ConcreteModuleClass@V?$ModuleTag@$03$E?CYLINDRICAL_EMISSION_VELOCITY_MODULE_KEY@FXParticleSystem@@3QBDB$E?CYLINDRICAL_EMISSION_VELOCITY_MODULE_NAME@2@3QBDBVCylindricalEmissionVelocityModule@2@VCylindricalEmissionVelocityModuleTemplate@2@V?$DefaultParticleModule@$03@2@@FXParticleSystem@@@2@XZ
1659,0x003AD1F4,0x003AB1A9,.text,code,?getClass@?$ConcreteModuleTemplate@V?$ModuleTag@$03$E?HEMISPHERICAL_EMISSION_VELOCITY_MODULE_KEY@FXParticleSystem@@3QBDB$E?HEMISPHERICAL_EMISSION_VELOCITY_MODULE_NAME@2@3QBDBVHemisphericalEmissionVelocityModule@2@VHemisphericalEmissionVelocityModuleTemplate@2@V?$DefaultParticleModule@$03@2@@FXParticleSystem@@@FXParticleSystem@@UBEABV?$ConcreteModuleClass@V?$ModuleTag@$03$E?HEMISPHERICAL_EMISSION_VELOCITY_MODULE_KEY@FXParticleSystem@@3QBDB$E?HEMISPHERICAL_EMISSION_VELOCITY_MODULE_NAME@2@3QBDBVHemisphericalEmissionVelocityModule@2@VHemisphericalEmissionVelocityModuleTemplate@2@V?$DefaultParticleModule@$03@2@@FXParticleSystem@@@2@XZ
1660,0x003AD252,0x003AB2FF,.text,code,?getClass@?$ConcreteModuleTemplate@V?$ModuleTag@$03$E?OUTWARD_EMISSION_VELOCITY_MODULE_KEY@FXParticleSystem@@3QBDB$E?OUTWARD_EMISSION_VELOCITY_MODULE_NAME@2@3QBDBVOutwardEmissionVelocityModule@2@VOutwardEmissionVelocityModuleTemplate@2@V?$DefaultParticleModule@$03@2@@FXParticleSystem@@@FXParticleSystem@@UBEABV?$ConcreteModuleClass@V?$ModuleTag@$03$E?OUTWARD_EMISSION_VELOCITY_MODULE_KEY@FXParticleSystem@@3QBDB$E?OUTWARD_EMISSION_VELOCITY_MODULE_NAME@2@3QBDBVOutwardEmissionVelocityModule@2@VOutwardEmissionVelocityModuleTemplate@2@V?$DefaultParticleModule@$03@2@@FXParticleSystem@@@2@XZ
1661,0x003AD1C5,0x003AB0FE,.text,code,?getClass@?$ConcreteModuleTemplate@V?$ModuleTag@$03$E?SPHERICAL_EMISSION_VELOCITY_MODULE_KEY@FXParticleSystem@@3QBDB$E?SPHERICAL_EMISSION_VELOCITY_MODULE_NAME@2@3QBDBVSphericalEmissionVelocityModule@2@VSphericalEmissionVelocityModuleTemplate@2@V?$DefaultParticleModule@$03@2@@FXParticleSystem@@@FXParticleSystem@@UBEABV?$ConcreteModuleClass@V?$ModuleTag@$03$E?SPHERICAL_EMISSION_VELOCITY_MODULE_KEY@FXParticleSystem@@3QBDB$E?SPHERICAL_EMISSION_VELOCITY_MODULE_NAME@2@3QBDBVSphericalEmissionVelocityModule@2@VSphericalEmissionVelocityModuleTemplate@2@V?$DefaultParticleModule@$03@2@@FXParticleSystem@@@2@XZ
1662,0x003AD31A,0x003AB4BA,.text,code,?getClass@?$ConcreteModuleTemplate@V?$ModuleTag@$04$E?BOX_EMISSION_VOLUME_MODULE_KEY@FXParticleSystem@@3QBDB$E?BOX_EMISSION_VOLUME_MODULE_NAME@2@3QBDBVBoxEmissionVolumeModule@2@VBoxEmissionVolumeModuleTemplate@2@V?$DefaultParticleModule@$04@2@@FXParticleSystem@@@FXParticleSystem@@UBEABV?$ConcreteModuleClass@V?$ModuleTag@$04$E?BOX_EMISSION_VOLUME_MODULE_KEY@FXParticleSystem@@3QBDB$E?BOX_EMISSION_VOLUME_MODULE_NAME@2@3QBDBVBoxEmissionVolumeModule@2@VBoxEmissionVolumeModuleTemplate@2@V?$DefaultParticleModule@$04@2@@FXParticleSystem@@@2@XZ
1663,0x003AD386,0x003AB5CA,.text,code,?getClass@?$ConcreteModuleTemplate@V?$ModuleTag@$04$E?CYLINDER_EMISSION_VOLUME_MODULE_KEY@FXParticleSystem@@3QBDB$E?CYLINDER_EMISSION_VOLUME_MODULE_NAME@2@3QBDBVCylinderEmissionVolumeModule@2@VCylinderEmissionVolumeModuleTemplate@2@V?$DefaultParticleModule@$04@2@@FXParticleSystem@@@FXParticleSystem@@UBEABV?$ConcreteModuleClass@V?$ModuleTag@$04$E?CYLINDER_EMISSION_VOLUME_MODULE_KEY@FXParticleSystem@@3QBDB$E?CYLINDER_EMISSION_VOLUME_MODULE_NAME@2@3QBDBVCylinderEmissionVolumeModule@2@VCylinderEmissionVolumeModuleTemplate@2@V?$DefaultParticleModule@$04@2@@FXParticleSystem@@@2@XZ
1664,0x003AD3BC,0x003AB652,.text,code,?getClass@?$ConcreteModuleTemplate@V?$ModuleTag@$04$E?LIGHTNING_EMISSION_MODULE_KEY@FXParticleSystem@@3QBDB$E?LIGHTNING_EMISSION_MODULE_NAME@2@3QBDBVLightningEmissionModule@2@VLightningEmissionModuleTemplate@2@V?$DefaultParticleModule@$04@2@@FXParticleSystem@@@FXParticleSystem@@UBEABV?$ConcreteModuleClass@V?$ModuleTag@$04$E?LIGHTNING_EMISSION_MODULE_KEY@FXParticleSystem@@3QBDB$E?LIGHTNING_EMISSION_MODULE_NAME@2@3QBDBVLightningEmissionModule@2@VLightningEmissionModuleTemplate@2@V?$DefaultParticleModule@$04@2@@FXParticleSystem@@@2@XZ
1665,0x003AD2E4,0x003AB432,.text,code,?getClass@?$ConcreteModuleTemplate@V?$ModuleTag@$04$E?LINE_EMISSION_VOLUME_MODULE_KEY@FXParticleSystem@@3QBDB$E?LINE_EMISSION_VOLUME_MODULE_NAME@2@3QBDBVLineEmissionVolumeModule@2@VLineEmissionVolumeModuleTemplate@2@V?$DefaultParticleModule@$04@2@@FXParticleSystem@@@FXParticleSystem@@UBEABV?$ConcreteModuleClass@V?$ModuleTag@$04$E?LINE_EMISSION_VOLUME_MODULE_KEY@FXParticleSystem@@3QBDB$E?LINE_EMISSION_VOLUME_MODULE_NAME@2@3QBDBVLineEmissionVolumeModule@2@VLineEmissionVolumeModuleTemplate@2@V?$DefaultParticleModule@$04@2@@FXParticleSystem@@@2@XZ
1666,0x003AD350,0x003AB542,.text,code,?getClass@?$ConcreteModuleTemplate@V?$ModuleTag@$04$E?SPHERE_EMISSION_VOLUME_MODULE_KEY@FXParticleSystem@@3QBDB$E?SPHERE_EMISSION_VOLUME_MODULE_NAME@2@3QBDBVSphereEmissionVolumeModule@2@VSphereEmissionVolumeModuleTemplate@2@V?$DefaultParticleModule@$04@2@@FXParticleSystem@@@FXParticleSystem@@UBEABV?$ConcreteModuleClass@V?$ModuleTag@$04$E?SPHERE_EMISSION_VOLUME_MODULE_KEY@FXParticleSystem@@3QBDB$E?SPHERE_EMISSION_VOLUME_MODULE_NAME@2@3QBDBVSphereEmissionVolumeModule@2@VSphereEmissionVolumeModuleTemplate@2@V?$DefaultParticleModule@$04@2@@FXParticleSystem@@@2@XZ
1667,0x003AD3F2,0x003AB703,.text,code,?getClass@?$ConcreteModuleTemplate@V?$ModuleTag@$04$E?TERRAIN_FIRE_EMISSION_MODULE_KEY@FXParticleSystem@@3QBDB$E?TERRAIN_FIRE_EMISSION_MODULE_NAME@2@3QBDBVTerrainFireEmissionModule@2@VTerrainFireEmissionModuleTemplate@2@V?$DefaultParticleModule@$04@2@@FXParticleSystem@@@FXParticleSystem@@UBEABV?$ConcreteModuleClass@V?$ModuleTag@$04$E?TERRAIN_FIRE_EMISSION_MODULE_KEY@FXParticleSystem@@3QBDB$E?TERRAIN_FIRE_EMISSION_MODULE_NAME@2@3QBDBVTerrainFireEmissionModule@2@VTerrainFireEmissionModuleTemplate@2@V?$DefaultParticleModule@$04@2@@FXParticleSystem@@@2@XZ
1668,0x003ACE28,0x003AA4D1,.text,code,?getClass@?$ConcreteModuleTemplate@V?$ModuleTag@$05$E?BUTTERFLY_DRAW_MODULE_KEY@FXParticleSystem@@3QBDB$E?BUTTERFLY_DRAW_MODULE_NAME@2@3QBDBVButterflyDrawModule@2@VButterflyDrawModuleTemplate@2@V?$DefaultParticleModule@$05@2@@FXParticleSystem@@@FXParticleSystem@@UBEABV?$ConcreteModuleClass@V?$ModuleTag@$05$E?BUTTERFLY_DRAW_MODULE_KEY@FXParticleSystem@@3QBDB$E?BUTTERFLY_DRAW_MODULE_NAME@2@3QBDBVButterflyDrawModule@2@VButterflyDrawModuleTemplate@2@V?$DefaultParticleModule@$05@2@@FXParticleSystem@@@2@XZ
1669,0x003ACEB5,0x003AA652,.text,code,?getClass@?$ConcreteModuleTemplate@V?$ModuleTag@$05$E?GPU_DRAW_MODULE_KEY@FXParticleSystem@@3QBDB$E?GPU_DRAW_MODULE_NAME@2@3QBDBVGpuDrawModule@2@VGpuDrawModuleTemplate@2@V?$DefaultParticleModule@$05@2@@FXParticleSystem@@@FXParticleSystem@@UBEABV?$ConcreteModuleClass@V?$ModuleTag@$05$E?GPU_DRAW_MODULE_KEY@FXParticleSystem@@3QBDB$E?GPU_DRAW_MODULE_NAME@2@3QBDBVGpuDrawModule@2@VGpuDrawModuleTemplate@2@V?$DefaultParticleModule@$05@2@@FXParticleSystem@@@2@XZ
1670,0x003ACE86,0x003AA5A7,.text,code,?getClass@?$ConcreteModuleTemplate@V?$ModuleTag@$05$E?LIGHTNING_DRAW_MODULE_KEY@FXParticleSystem@@3QBDB$E?LIGHTNING_DRAW_MODULE_NAME@2@3QBDBVLightningDrawModule@2@VLightningDrawModuleTemplate@2@V?$DefaultParticleModule@$05@2@@FXParticleSystem@@@FXParticleSystem@@UBEABV?$ConcreteModuleClass@V?$ModuleTag@$05$E?LIGHTNING_DRAW_MODULE_KEY@FXParticleSystem@@3QBDB$E?LIGHTNING_DRAW_MODULE_NAME@2@3QBDBVLightningDrawModule@2@VLightningDrawModuleTemplate@2@V?$DefaultParticleModule@$05@2@@FXParticleSystem@@@2@XZ
1671,0x003ACDF9,0x003AA426,.text,code,?getClass@?$ConcreteModuleTemplate@V?$ModuleTag@$05$E?QUAD_DRAW_MODULE_KEY@FXParticleSystem@@3QBDB$E?QUAD_DRAW_MODULE_NAME@2@3QBDBVQuadDrawModule@2@VQuadDrawModuleTemplate@2@V?$DefaultParticleModule@$05@2@@FXParticleSystem@@@FXParticleSystem@@UBEABV?$ConcreteModuleClass@V?$ModuleTag@$05$E?QUAD_DRAW_MODULE_KEY@FXParticleSystem@@3QBDB$E?QUAD_DRAW_MODULE_NAME@2@3QBDBVQuadDrawModule@2@VQuadDrawModuleTemplate@2@V?$DefaultParticleModule@$05@2@@FXParticleSystem@@@2@XZ
1672,0x003ACE57,0x003AA57C,.text,code,?getClass@?$ConcreteModuleTemplate@V?$ModuleTag@$05$E?RENDEROBJECT_DRAW_MODULE_KEY@FXParticleSystem@@3QBDB$E?RENDEROBJECT_DRAW_MODULE_NAME@2@3QBDBVRenderObjectDrawModule@2@VRenderObjectDrawModuleTemplate@2@V?$DefaultParticleModule@$05@2@@FXParticleSystem@@@FXParticleSystem@@UBEABV?$ConcreteModuleClass@V?$ModuleTag@$05$E?RENDEROBJECT_DRAW_MODULE_KEY@FXParticleSystem@@3QBDB$E?RENDEROBJECT_DRAW_MODULE_NAME@2@3QBDBVRenderObjectDrawModule@2@VRenderObjectDrawModuleTemplate@2@V?$DefaultParticleModule@$05@2@@FXParticleSystem@@@2@XZ
1673,0x003ACDCA,0x003AA37B,.text,code,?getClass@?$ConcreteModuleTemplate@V?$ModuleTag@$05$E?STREAK_DRAW_MODULE_KEY@FXParticleSystem@@3QBDB$E?STREAK_DRAW_MODULE_NAME@2@3QBDBVStreakDrawModule@2@VStreakDrawModuleTemplate@2@V?$DefaultParticleModule@$05@2@@FXParticleSystem@@@FXParticleSystem@@UBEABV?$ConcreteModuleClass@V?$ModuleTag@$05$E?STREAK_DRAW_MODULE_KEY@FXParticleSystem@@3QBDB$E?STREAK_DRAW_MODULE_NAME@2@3QBDBVStreakDrawModule@2@VStreakDrawModuleTemplate@2@V?$DefaultParticleModule@$05@2@@FXParticleSystem@@@2@XZ
1674,0x003AD0FB,0x003AAF4C,.text,code,?getClass@?$ConcreteModuleTemplate@V?$ModuleTag@$07$E?LIFE_EVENT_MODULE_KEY@FXParticleSystem@@3QBDB$E?LIFE_EVENT_MODULE_NAME@2@3QBDBVLifeEventModule@2@VLifeEventModuleTemplate@2@VParticleLifeEventModule@2@@FXParticleSystem@@@FXParticleSystem@@UBEABV?$ConcreteModuleClass@V?$ModuleTag@$07$E?LIFE_EVENT_MODULE_KEY@FXParticleSystem@@3QBDB$E?LIFE_EVENT_MODULE_NAME@2@3QBDBVLifeEventModule@2@VLifeEventModuleTemplate@2@VParticleLifeEventModule@2@@FXParticleSystem@@@2@XZ
1675,0x003AD167,0x003AB028,.text,code,?getClass@?$ConcreteModuleTemplate@V?$ModuleTag@$07$E?TERRAIN_COLLISION_MODULE_KEY@FXParticleSystem@@3QBDB$E?TERRAIN_COLLISION_MODULE_NAME@2@3QBDBVTerrainCollisionModule@2@VTerrainCollisionModuleTemplate@2@VParticleTerrainCollisionModule@2@@FXParticleSystem@@@FXParticleSystem@@UBEABV?$ConcreteModuleClass@V?$ModuleTag@$07$E?TERRAIN_COLLISION_MODULE_KEY@FXParticleSystem@@3QBDB$E?TERRAIN_COLLISION_MODULE_NAME@2@3QBDBVTerrainCollisionModule@2@VTerrainCollisionModuleTemplate@2@VParticleTerrainCollisionModule@2@@FXParticleSystem@@@2@XZ
1676,0x001F435D,,.text,code,?getDefault@?$CategoryModuleClassBase@$00$00@FXParticleSystem@@SAABV?$CategoryModuleClass@$00@2@XZ
1677,0x001F437F,,.text,code,?getDefault@?$CategoryModuleClassBase@$01$00@FXParticleSystem@@SAABV?$CategoryModuleClass@$01@2@XZ
1678,0x001F43A1,,.text,code,?getDefault@?$CategoryModuleClassBase@$02$00@FXParticleSystem@@SAABV?$CategoryModuleClass@$02@2@XZ
1679,0x001F43E4,,.text,code,?getDefault@?$CategoryModuleClassBase@$03$00@FXParticleSystem@@SAABV?$CategoryModuleClass@$03@2@XZ
1680,0x001F4406,,.text,code,?getDefault@?$CategoryModuleClassBase@$04$00@FXParticleSystem@@SAABV?$CategoryModuleClass@$04@2@XZ
1681,0x001F4428,,.text,code,?getDefault@?$CategoryModuleClassBase@$05$00@FXParticleSystem@@SAABV?$CategoryModuleClass@$05@2@XZ
1682,0x001F444A,,.text,code,?getDefault@?$CategoryModuleClassBase@$06$00@FXParticleSystem@@SAABV?$CategoryModuleClass@$06@2@XZ
1683,0x001F433B,,.text,code,?getDefault@?$CategoryModuleClassBase@$0A@$00@FXParticleSystem@@SAABV?$CategoryModuleClass@$0A@@2@XZ
1684,0x00421795,,.text,code,?getDistributionType@GameClientRandomVariable@@QBE?AW4DistributionType@1@XZ
1685,0x0056410F,,.text,code,?getEventFX@LifeEventModuleInfo@FXParticleSystem@@QAEPBVFXList@@XZ
1686,0x0056468E,,.text,code,?getEventFX@TerrainCollisionModuleInfo@FXParticleSystem@@QAEPBVFXList@@XZ
1687,0x001F4357,,.text,code,?getFirst@?$CategoryModuleClass@$00@FXParticleSystem@@SAPBV12@XZ
1688,0x001F4379,,.text,code,?getFirst@?$CategoryModuleClass@$01@FXParticleSystem@@SAPBV12@XZ
1689,0x001F439B,,.text,code,?getFirst@?$CategoryModuleClass@$02@FXParticleSystem@@SAPBV12@XZ
1690,0x001F43DE,,.text,code,?getFirst@?$CategoryModuleClass@$03@FXParticleSystem@@SAPBV12@XZ
1691,0x001F4400,,.text,code,?getFirst@?$CategoryModuleClass@$04@FXParticleSystem@@SAPBV12@XZ
1692,0x001F4422,,.text,code,?getFirst@?$CategoryModuleClass@$05@FXParticleSystem@@SAPBV12@XZ
1693,0x001F4444,,.text,code,?getFirst@?$CategoryModuleClass@$06@FXParticleSystem@@SAPBV12@XZ
1694,0x001F4466,,.text,code,?getFirst@?$CategoryModuleClass@$07@FXParticleSystem@@SAPBV12@XZ
1695,0x001F4335,,.text,code,?getFirst@?$CategoryModuleClass@$0A@@FXParticleSystem@@SAPBV12@XZ
1696,0x006CB780,,.text,code,?getHash@PooledString@@ABEIPBDH@Z
1697,0x00421795,,.text,code,?getId@PooledString@@QBEIXZ
1698,0x0060B820,,.text,code,?getIdNoCase@PooledString@@QBEIXZ
1699,0x003AB053,,.text,code,?getInstance@?$ConcreteModuleClass@UOrthoEmissionVelocityModuleTag@FXParticleSystem@@@FXParticleSystem@@SAABV12@XZ
1700,0x003AB3AA,,.text,code,?getInstance@?$ConcreteModuleClass@UPointEmissionVolumeModuleTag@FXParticleSystem@@@FXParticleSystem@@SAABV12@XZ
1701,0x003AAA7D,,.text,code,?getInstance@?$ConcreteModuleClass@V?$DefaultModuleTag@$00@FXParticleSystem@@@FXParticleSystem@@SAABV12@XZ
1702,0x003AADF8,,.text,code,?getInstance@?$ConcreteModuleClass@V?$DefaultModuleTag@$01@FXParticleSystem@@@FXParticleSystem@@SAABV12@XZ
1703,0x003AACCF,,.text,code,?getInstance@?$ConcreteModuleClass@V?$DefaultModuleTag@$02@FXParticleSystem@@@FXParticleSystem@@SAABV12@XZ
1704,0x003AA350,,.text,code,?getInstance@?$ConcreteModuleClass@V?$DefaultModuleTag@$05@FXParticleSystem@@@FXParticleSystem@@SAABV12@XZ
1705,0x003AAF21,,.text,code,?getInstance@?$ConcreteModuleClass@V?$DefaultModuleTag@$06@FXParticleSystem@@@FXParticleSystem@@SAABV12@XZ
1706,0x003AABA6,,.text,code,?getInstance@?$ConcreteModuleClass@V?$DefaultModuleTag@$0A@@FXParticleSystem@@@FXParticleSystem@@SAABV12@XZ
1707,0x003AAF77,,.text,code,?getInstance@?$ConcreteModuleClass@V?$ModuleTag@$01$E?RENDEROBJECT_UPDATE_MODULE_KEY@FXParticleSystem@@3QBDB$E?RENDEROBJECT_UPDATE_MODULE_NAME@2@3QBDBVRenderObjectUpdateModule@2@VRenderObjectUpdateModuleTemplate@2@VRenderObjectParticleUpdateModule@2@@FXParticleSystem@@@FXParticleSystem@@SAABV12@XZ
1708,0x003AB254,,.text,code,?getInstance@?$ConcreteModuleClass@V?$ModuleTag@$03$E?CYLINDRICAL_EMISSION_VELOCITY_MODULE_KEY@FXParticleSystem@@3QBDB$E?CYLINDRICAL_EMISSION_VELOCITY_MODULE_NAME@2@3QBDBVCylindricalEmissionVelocityModule@2@VCylindricalEmissionVelocityModuleTemplate@2@V?$DefaultParticleModule@$03@2@@FXParticleSystem@@@FXParticleSystem@@SAABV12@XZ
1709,0x003AB1A9,,.text,code,?getInstance@?$ConcreteModuleClass@V?$ModuleTag@$03$E?HEMISPHERICAL_EMISSION_VELOCITY_MODULE_KEY@FXParticleSystem@@3QBDB$E?HEMISPHERICAL_EMISSION_VELOCITY_MODULE_NAME@2@3QBDBVHemisphericalEmissionVelocityModule@2@VHemisphericalEmissionVelocityModuleTemplate@2@V?$DefaultParticleModule@$03@2@@FXParticleSystem@@@FXParticleSystem@@SAABV12@XZ
1710,0x003AB2FF,,.text,code,?getInstance@?$ConcreteModuleClass@V?$ModuleTag@$03$E?OUTWARD_EMISSION_VELOCITY_MODULE_KEY@FXParticleSystem@@3QBDB$E?OUTWARD_EMISSION_VELOCITY_MODULE_NAME@2@3QBDBVOutwardEmissionVelocityModule@2@VOutwardEmissionVelocityModuleTemplate@2@V?$DefaultParticleModule@$03@2@@FXParticleSystem@@@FXParticleSystem@@SAABV12@XZ
1711,0x003AB0FE,,.text,code,?getInstance@?$ConcreteModuleClass@V?$ModuleTag@$03$E?SPHERICAL_EMISSION_VELOCITY_MODULE_KEY@FXParticleSystem@@3QBDB$E?SPHERICAL_EMISSION_VELOCITY_MODULE_NAME@2@3QBDBVSphericalEmissionVelocityModule@2@VSphericalEmissionVelocityModuleTemplate@2@V?$DefaultParticleModule@$03@2@@FXParticleSystem@@@FXParticleSystem@@SAABV12@XZ
1712,0x003AB4BA,,.text,code,?getInstance@?$ConcreteModuleClass@V?$ModuleTag@$04$E?BOX_EMISSION_VOLUME_MODULE_KEY@FXParticleSystem@@3QBDB$E?BOX_EMISSION_VOLUME_MODULE_NAME@2@3QBDBVBoxEmissionVolumeModule@2@VBoxEmissionVolumeModuleTemplate@2@V?$DefaultParticleModule@$04@2@@FXParticleSystem@@@FXParticleSystem@@SAABV12@XZ
1713,0x003AB5CA,,.text,code,?getInstance@?$ConcreteModuleClass@V?$ModuleTag@$04$E?CYLINDER_EMISSION_VOLUME_MODULE_KEY@FXParticleSystem@@3QBDB$E?CYLINDER_EMISSION_VOLUME_MODULE_NAME@2@3QBDBVCylinderEmissionVolumeModule@2@VCylinderEmissionVolumeModuleTemplate@2@V?$DefaultParticleModule@$04@2@@FXParticleSystem@@@FXParticleSystem@@SAABV12@XZ
1714,0x003AB652,,.text,code,?getInstance@?$ConcreteModuleClass@V?$ModuleTag@$04$E?LIGHTNING_EMISSION_MODULE_KEY@FXParticleSystem@@3QBDB$E?LIGHTNING_EMISSION_MODULE_NAME@2@3QBDBVLightningEmissionModule@2@VLightningEmissionModuleTemplate@2@V?$DefaultParticleModule@$04@2@@FXParticleSystem@@@FXParticleSystem@@SAABV12@XZ
1715,0x003AB432,,.text,code,?getInstance@?$ConcreteModuleClass@V?$ModuleTag@$04$E?LINE_EMISSION_VOLUME_MODULE_KEY@FXParticleSystem@@3QBDB$E?LINE_EMISSION_VOLUME_MODULE_NAME@2@3QBDBVLineEmissionVolumeModule@2@VLineEmissionVolumeModuleTemplate@2@V?$DefaultParticleModule@$04@2@@FXParticleSystem@@@FXParticleSystem@@SAABV12@XZ
1716,0x003AB542,,.text,code,?getInstance@?$ConcreteModuleClass@V?$ModuleTag@$04$E?SPHERE_EMISSION_VOLUME_MODULE_KEY@FXParticleSystem@@3QBDB$E?SPHERE_EMISSION_VOLUME_MODULE_NAME@2@3QBDBVSphereEmissionVolumeModule@2@VSphereEmissionVolumeModuleTemplate@2@V?$DefaultParticleModule@$04@2@@FXParticleSystem@@@FXParticleSystem@@SAABV12@XZ
1717,0x003AB703,,.text,code,?getInstance@?$ConcreteModuleClass@V?$ModuleTag@$04$E?TERRAIN_FIRE_EMISSION_MODULE_KEY@FXParticleSystem@@3QBDB$E?TERRAIN_FIRE_EMISSION_MODULE_NAME@2@3QBDBVTerrainFireEmissionModule@2@VTerrainFireEmissionModuleTemplate@2@V?$DefaultParticleModule@$04@2@@FXParticleSystem@@@FXParticleSystem@@SAABV12@XZ
1718,0x003AA4D1,,.text,code,?getInstance@?$ConcreteModuleClass@V?$ModuleTag@$05$E?BUTTERFLY_DRAW_MODULE_KEY@FXParticleSystem@@3QBDB$E?BUTTERFLY_DRAW_MODULE_NAME@2@3QBDBVButterflyDrawModule@2@VButterflyDrawModuleTemplate@2@V?$DefaultParticleModule@$05@2@@FXParticleSystem@@@FXParticleSystem@@SAABV12@XZ
1719,0x003AA652,,.text,code,?getInstance@?$ConcreteModuleClass@V?$ModuleTag@$05$E?GPU_DRAW_MODULE_KEY@FXParticleSystem@@3QBDB$E?GPU_DRAW_MODULE_NAME@2@3QBDBVGpuDrawModule@2@VGpuDrawModuleTemplate@2@V?$DefaultParticleModule@$05@2@@FXParticleSystem@@@FXParticleSystem@@SAABV12@XZ
1720,0x003AA5A7,,.text,code,?getInstance@?$ConcreteModuleClass@V?$ModuleTag@$05$E?LIGHTNING_DRAW_MODULE_KEY@FXParticleSystem@@3QBDB$E?LIGHTNING_DRAW_MODULE_NAME@2@3QBDBVLightningDrawModule@2@VLightningDrawModuleTemplate@2@V?$DefaultParticleModule@$05@2@@FXParticleSystem@@@FXParticleSystem@@SAABV12@XZ
1721,0x003AA426,,.text,code,?getInstance@?$ConcreteModuleClass@V?$ModuleTag@$05$E?QUAD_DRAW_MODULE_KEY@FXParticleSystem@@3QBDB$E?QUAD_DRAW_MODULE_NAME@2@3QBDBVQuadDrawModule@2@VQuadDrawModuleTemplate@2@V?$DefaultParticleModule@$05@2@@FXParticleSystem@@@FXParticleSystem@@SAABV12@XZ
1722,0x003AA57C,,.text,code,?getInstance@?$ConcreteModuleClass@V?$ModuleTag@$05$E?RENDEROBJECT_DRAW_MODULE_KEY@FXParticleSystem@@3QBDB$E?RENDEROBJECT_DRAW_MODULE_NAME@2@3QBDBVRenderObjectDrawModule@2@VRenderObjectDrawModuleTemplate@2@V?$DefaultParticleModule@$05@2@@FXParticleSystem@@@FXParticleSystem@@SAABV12@XZ
1723,0x003AA37B,,.text,code,?getInstance@?$ConcreteModuleClass@V?$ModuleTag@$05$E?STREAK_DRAW_MODULE_KEY@FXParticleSystem@@3QBDB$E?STREAK_DRAW_MODULE_NAME@2@3QBDBVStreakDrawModule@2@VStreakDrawModuleTemplate@2@V?$DefaultParticleModule@$05@2@@FXParticleSystem@@@FXParticleSystem@@SAABV12@XZ
1724,0x003AAF4C,,.text,code,?getInstance@?$ConcreteModuleClass@V?$ModuleTag@$07$E?LIFE_EVENT_MODULE_KEY@FXParticleSystem@@3QBDB$E?LIFE_EVENT_MODULE_NAME@2@3QBDBVLifeEventModule@2@VLifeEventModuleTemplate@2@VParticleLifeEventModule@2@@FXParticleSystem@@@FXParticleSystem@@SAABV12@XZ
1725,0x003AB028,,.text,code,?getInstance@?$ConcreteModuleClass@V?$ModuleTag@$07$E?TERRAIN_COLLISION_MODULE_KEY@FXParticleSystem@@3QBDB$E?TERRAIN_COLLISION_MODULE_NAME@2@3QBDBVTerrainCollisionModule@2@VTerrainCollisionModuleTemplate@2@VParticleTerrainCollisionModule@2@@FXParticleSystem@@@FXParticleSystem@@SAABV12@XZ
1726,0x005801F2,,.text,code,?getKey@?$CategoryModuleClass@$00@FXParticleSystem@@QBEPBDXZ
1727,0x005801F2,,.text,code,?getKey@?$CategoryModuleClass@$01@FXParticleSystem@@QBEPBDXZ
1728,0x005801F2,,.text,code,?getKey@?$CategoryModuleClass@$02@FXParticleSystem@@QBEPBDXZ
1729,0x005801F2,,.text,code,?getKey@?$CategoryModuleClass@$03@FXParticleSystem@@QBEPBDXZ
1730,0x005801F2,,.text,code,?getKey@?$CategoryModuleClass@$04@FXParticleSystem@@QBEPBDXZ
1731,0x005801F2,,.text,code,?getKey@?$CategoryModuleClass@$05@FXParticleSystem@@QBEPBDXZ
1732,0x005801F2,,.text,code,?getKey@?$CategoryModuleClass@$06@FXParticleSystem@@QBEPBDXZ
1733,0x005801F2,,.text,code,?getKey@?$CategoryModuleClass@$07@FXParticleSystem@@QBEPBDXZ
1734,0x005801F2,,.text,code,?getKey@?$CategoryModuleClass@$0A@@FXParticleSystem@@QBEPBDXZ
1735,0x00005808,,.text,code,?getLength@?$StringBase@D@@QBEHXZ
1736,0x00005808,,.text,code,?getLength@?$StringBase@G@@QBEHXZ
1737,0x0060B7E2,,.text,code,?getLength@PooledString@@QBEHXZ
1738,0x004F5F92,,.text,code,?getMaximumValue@GameClientRandomVariable@@QBEMXZ
1739,0x00452D82,,.text,code,?getMinimumValue@GameClientRandomVariable@@QBEMXZ
1740,0x0030F45F,,.text,code,?getName@?$CategoryModuleClass@$00@FXParticleSystem@@QBEPBDXZ
1741,0x0030F45F,,.text,code,?getName@?$CategoryModuleClass@$01@FXParticleSystem@@QBEPBDXZ
1742,0x0030F45F,,.text,code,?getName@?$CategoryModuleClass@$02@FXParticleSystem@@QBEPBDXZ
1743,0x0030F45F,,.text,code,?getName@?$CategoryModuleClass@$03@FXParticleSystem@@QBEPBDXZ
1744,0x0030F45F,,.text,code,?getName@?$CategoryModuleClass@$04@FXParticleSystem@@QBEPBDXZ
1745,0x0030F45F,,.text,code,?getName@?$CategoryModuleClass@$05@FXParticleSystem@@QBEPBDXZ
1746,0x0030F45F,,.text,code,?getName@?$CategoryModuleClass@$06@FXParticleSystem@@QBEPBDXZ
1747,0x0030F45F,,.text,code,?getName@?$CategoryModuleClass@$07@FXParticleSystem@@QBEPBDXZ
1748,0x0030F45F,,.text,code,?getName@?$CategoryModuleClass@$0A@@FXParticleSystem@@QBEPBDXZ
1749,0x00002600,,.text,code,?getName@ParticleSystemTemplate@FXParticleSystem@@QBE?AVAsciiString@@XZ
1750,0x001DB0A8,,.text,code,?getNext@?$CategoryModuleClass@$00@FXParticleSystem@@QBEPBV12@XZ
1751,0x001DB0A8,,.text,code,?getNext@?$CategoryModuleClass@$01@FXParticleSystem@@QBEPBV12@XZ
1752,0x001DB0A8,,.text,code,?getNext@?$CategoryModuleClass@$02@FXParticleSystem@@QBEPBV12@XZ
1753,0x001DB0A8,,.text,code,?getNext@?$CategoryModuleClass@$03@FXParticleSystem@@QBEPBV12@XZ
1754,0x001DB0A8,,.text,code,?getNext@?$CategoryModuleClass@$04@FXParticleSystem@@QBEPBV12@XZ
1755,0x001DB0A8,,.text,code,?getNext@?$CategoryModuleClass@$05@FXParticleSystem@@QBEPBV12@XZ
1756,0x001DB0A8,,.text,code,?getNext@?$CategoryModuleClass@$06@FXParticleSystem@@QBEPBV12@XZ
1757,0x001DB0A8,,.text,code,?getNext@?$CategoryModuleClass@$07@FXParticleSystem@@QBEPBV12@XZ
1758,0x001DB0A8,,.text,code,?getNext@?$CategoryModuleClass@$0A@@FXParticleSystem@@QBEPBV12@XZ
1759,0x001DB0A8,,.text,code,?getParticleType@ParticleSystemTemplate@FXParticleSystem@@QBE?AW4ParticleType@2@XZ
1760,0x0000261E,,.text,code,?getTextureFilename@ParticleSystemTemplate@FXParticleSystem@@QBE?AVAsciiString@@XZ
1761,0x0055C414,,.text,code,?getUV@ParticleSystemTemplate@FXParticleSystem@@QBEPBURegion2D@@XZ
1762,0x002341A1,,.text,code,?getValue@GameClientRandomVariable@@QBEMXZ
1763,0x00004D51,,.text,code,?height@IRegion2D@@QBEHXZ
1764,0x00004E99,,.text,code,?height@IRegion3D@@QBEHXZ
1765,0x0004259B,,.text,code,?height@Region2D@@QBEMXZ
1766,0x00004DE0,,.text,code,?height@Region3D@@QBEMXZ
1767,0x00A029E8,,.data,data,?initialized@?1??GetValue@?$DefaultModuleKey@$00@FXParticleSystem@@CAPBDXZ@4_NA
1768,0x00A02A6C,,.data,data,?initialized@?1??GetValue@?$DefaultModuleKey@$01@FXParticleSystem@@CAPBDXZ@4_NA
1769,0x00A02A40,,.data,data,?initialized@?1??GetValue@?$DefaultModuleKey@$02@FXParticleSystem@@CAPBDXZ@4_NA
1770,0x00A02944,,.data,data,?initialized@?1??GetValue@?$DefaultModuleKey@$05@FXParticleSystem@@CAPBDXZ@4_NA
1771,0x00A02A98,,.data,data,?initialized@?1??GetValue@?$DefaultModuleKey@$06@FXParticleSystem@@CAPBDXZ@4_NA
1772,0x00A02A14,,.data,data,?initialized@?1??GetValue@?$DefaultModuleKey@$0A@@FXParticleSystem@@CAPBDXZ@4_NA
1773,0x00A029F4,,.data,data,?initialized@?1??GetValue@?$DefaultModuleName@$00@FXParticleSystem@@CAPBDXZ@4_NA
1774,0x00A02A78,,.data,data,?initialized@?1??GetValue@?$DefaultModuleName@$01@FXParticleSystem@@CAPBDXZ@4_NA
1775,0x00A02A4C,,.data,data,?initialized@?1??GetValue@?$DefaultModuleName@$02@FXParticleSystem@@CAPBDXZ@4_NA
1776,0x00A02950,,.data,data,?initialized@?1??GetValue@?$DefaultModuleName@$05@FXParticleSystem@@CAPBDXZ@4_NA
1777,0x00A02AA4,,.data,data,?initialized@?1??GetValue@?$DefaultModuleName@$06@FXParticleSystem@@CAPBDXZ@4_NA
1778,0x00A02A20,,.data,data,?initialized@?1??GetValue@?$DefaultModuleName@$0A@@FXParticleSystem@@CAPBDXZ@4_NA
1779,0x00001E2F,,.text,code,?isEmpty@?$StringBase@D@@QBE_NXZ
1780,0x00035740,,.text,code,?isEmpty@?$StringBase@G@@QBE_NXZ
1781,0x0060B7EF,,.text,code,?isEmpty@PooledString@@QBE_NXZ
1782,0x001F4325,,.text,code,?isEqual@PooledString@@QBE_NABV1@@Z
1783,0x0060B82B,,.text,code,?isEqualNoCase@PooledString@@QBE_NABV1@@Z
1784,0x00004E0F,,.text,code,?isInRegionNoZ@Region3D@@QBE_NPBVCoord3D@@@Z
1785,0x00004E46,,.text,code,?isInRegionWithZ@Region3D@@QBE_NPBVCoord3D@@@Z
1786,0x00004C2E,,.text,code,?isInside@Region2D@@QBE_NABVCoord2D@@@Z
1787,0x00037DE0,,.text,code,?isNone@?$StringBase@D@@QBE_NXZ
1788,0x00038040,,.text,code,?isNone@?$StringBase@G@@QBE_NXZ
1789,0x00407101,,.text,code,?isNotEmpty@?$StringBase@D@@QBE_NXZ
1790,0x000358E0,,.text,code,?isNotEmpty@?$StringBase@G@@QBE_NXZ
1791,0x0060B7FB,,.text,code,?isNotEmpty@PooledString@@QBE_NXZ
1792,0x00038050,,.text,code,?isNotNone@?$StringBase@D@@QBE_NXZ
1793,0x00038070,,.text,code,?isNotNone@?$StringBase@G@@QBE_NXZ
1794,0x00003755,,.text,code,?length@Coord2D@@QBEMXZ
1795,0x00003571,,.text,code,?length@Coord3D@@QBEMXZ
1796,0x00004D95,,.text,code,?length@ICoord3D@@QBEHXZ
1797,0x00003ACE,,.text,code,?lengthEstimate@Coord3D@@QBEMXZ
1798,0x00065A1A,,.text,code,?lengthSqr@Coord3D@@QBEMXZ
1799,0x000062FD,,.text,code,?lineSegmentIntersects@Region2D@@QAE_NABVCoord2D@@0@Z
1800,0x00A17698,,.data,data,?m_buf@PooledString@@0PADA
1801,0x00A1769C,,.data,data,?m_bufUsed@PooledString@@0IA
1802,0x00A0C8A0,,.data,data,?m_hash@PooledString@@0PAPAUStringEntry@1@A
1803,0x00A1768C,,.data,data,?m_null@PooledString@@0UStringEntry@1@A
1804,0x00036D90,,.text,code,?nextToken@?$StringBase@D@@QAE_NPAV1@PBD@Z
1805,0x00037830,,.text,code,?nextToken@?$StringBase@G@@QAE_NPAV1@PBG@Z
1806,0x0000378A,,.text,code,?normalize@Coord2D@@QAEXXZ
1807,0x000035B6,,.text,code,?normalize@Coord3D@@QAEXXZ
1808,0x0055B2FD,,.text,code,?parse@?$DefaultModuleTemplate@$00@FXParticleSystem@@QAEXPAVINI@@@Z
1809,0x0055F4BC,,.text,code,?parse@?$DefaultModuleTemplate@$01@FXParticleSystem@@QAEXPAVINI@@@Z
1810,0x0055EE4C,,.text,code,?parse@?$DefaultModuleTemplate@$02@FXParticleSystem@@QAEXPAVINI@@@Z
1811,0x0055C434,,.text,code,?parse@?$DefaultModuleTemplate@$05@FXParticleSystem@@QAEXPAVINI@@@Z
1812,0x0055B93F,,.text,code,?parse@?$DefaultModuleTemplate@$0A@@FXParticleSystem@@QAEXPAVINI@@@Z
1813,0x0055CFB1,,.text,code,?parse@BoxEmissionVolumeModuleTemplate@FXParticleSystem@@QAEXPAVINI@@@Z
1814,0x00560A9F,,.text,code,?parse@ButterflyDrawModuleTemplate@FXParticleSystem@@QAEXPAVINI@@@Z
1815,0x0055D604,,.text,code,?parse@CylinderEmissionVolumeModuleTemplate@FXParticleSystem@@QAEXPAVINI@@@Z
1816,0x0055EB72,,.text,code,?parse@CylindricalEmissionVelocityModuleTemplate@FXParticleSystem@@QAEXPAVINI@@@Z
1817,0x005638F8,,.text,code,?parse@GpuDrawModuleTemplate@FXParticleSystem@@QAEXPAVINI@@@Z
1818,0x00563EBF,,.text,code,?parse@LifeEventModuleTemplate@FXParticleSystem@@QAEXPAVINI@@@Z
1819,0x0056141C,,.text,code,?parse@LightningDrawModuleTemplate@FXParticleSystem@@QAEXPAVINI@@@Z
1820,0x0055D976,,.text,code,?parse@LightningEmissionModuleTemplate@FXParticleSystem@@QAEXPAVINI@@@Z
1821,0x0055CD26,,.text,code,?parse@LineEmissionVolumeModuleTemplate@FXParticleSystem@@QAEXPAVINI@@@Z
1822,0x0055E80D,,.text,code,?parse@OrthoEmissionVelocityModuleTemplate@FXParticleSystem@@QAEXPAVINI@@@Z
1823,0x0055ECE7,,.text,code,?parse@OutwardEmissionVelocityModuleTemplate@FXParticleSystem@@QAEXPAVINI@@@Z
1824,0x001F3D2E,,.text,code,?parse@ParticleSystemTemplate@FXParticleSystem@@SAXPAVINI@@PAX1PBX@Z
1825,0x0055CA78,,.text,code,?parse@PointEmissionVolumeModuleTemplate@FXParticleSystem@@QAEXPAVINI@@@Z
1826,0x0056017F,,.text,code,?parse@QuadDrawModuleTemplate@FXParticleSystem@@QAEXPAVINI@@@Z
1827,0x00562933,,.text,code,?parse@RenderObjectDrawModuleTemplate@FXParticleSystem@@QAEXPAVINI@@@Z
1828,0x00561F0E,,.text,code,?parse@RenderObjectUpdateModuleTemplate@FXParticleSystem@@QAEXPAVINI@@@Z
1829,0x0055D3C7,,.text,code,?parse@SphereEmissionVolumeModuleTemplate@FXParticleSystem@@QAEXPAVINI@@@Z
1830,0x0055EA7C,,.text,code,?parse@SphericalEmissionVelocityModuleTemplate@FXParticleSystem@@QAEXPAVINI@@@Z
1831,0x0055FD2F,,.text,code,?parse@StreakDrawModuleTemplate@FXParticleSystem@@QAEXPAVINI@@@Z
1832,0x00564497,,.text,code,?parse@TerrainCollisionModuleTemplate@FXParticleSystem@@QAEXPAVINI@@@Z
1833,0x0055E5E4,,.text,code,?parse@TerrainFireEmissionModuleTemplate@FXParticleSystem@@QAEXPAVINI@@@Z
1834,0x00563EA8,,.text,code,?parseEventFXListName@LifeEventModuleTemplate@FXParticleSystem@@SAXPAVINI@@PAX1PBX@Z
1835,0x00563EA8,,.text,code,?parseEventFXListName@TerrainCollisionModuleTemplate@FXParticleSystem@@SAXPAVINI@@PAX1PBX@Z
1836,0x0055B913,,.text,code,?parseRGBColorKeyframe@?$DefaultModuleTemplate@$0A@@FXParticleSystem@@SAXPAVINI@@PAX1PBX@Z
1837,0x0055B29C,,.text,code,?parseRandomKeyframe@?$DefaultModuleTemplate@$00@FXParticleSystem@@SAXPAVINI@@PAX1PBX@Z
1838,0x0048DC01,,.text,code,?peek@?$StringBase@D@@ABEPADXZ
1839,0x0048DC01,,.text,code,?peek@?$StringBase@G@@ABEPAGXZ
1840,0x00003524,,.text,code,?rad2deg@@YAMM@Z
1841,0x00036410,,.text,code,?releaseBuffer@?$StringBase@D@@AAEXXZ
1842,0x00036E70,,.text,code,?releaseBuffer@?$StringBase@G@@AAEXXZ
1843,0x00036C50,,.text,code,?removeLastChar@?$StringBase@D@@QAEXXZ
1844,0x000376E0,,.text,code,?removeLastChar@?$StringBase@G@@QAEXXZ
1845,0x00035930,,.text,code,?reverseFind@?$StringBase@D@@QBEPBDD@Z
1846,0x00035AF0,,.text,code,?reverseFind@?$StringBase@G@@QBEPBGG@Z
1847,0x009FDD20,,.data,data,?s_default@?$CategoryModuleClassBase@$00$00@FXParticleSystem@@0PBV?$CategoryModuleClass@$00@2@B
1848,0x009FDD24,,.data,data,?s_default@?$CategoryModuleClassBase@$01$00@FXParticleSystem@@0PBV?$CategoryModuleClass@$01@2@B
1849,0x009FDD28,,.data,data,?s_default@?$CategoryModuleClassBase@$02$00@FXParticleSystem@@0PBV?$CategoryModuleClass@$02@2@B
1850,0x009FDD2C,,.data,data,?s_default@?$CategoryModuleClassBase@$03$00@FXParticleSystem@@0PBV?$CategoryModuleClass@$03@2@B
1851,0x009FDD30,,.data,data,?s_default@?$CategoryModuleClassBase@$04$00@FXParticleSystem@@0PBV?$CategoryModuleClass@$04@2@B
1852,0x009FDD34,,.data,data,?s_default@?$CategoryModuleClassBase@$05$00@FXParticleSystem@@0PBV?$CategoryModuleClass@$05@2@B
1853,0x009FDD38,,.data,data,?s_default@?$CategoryModuleClassBase@$06$00@FXParticleSystem@@0PBV?$CategoryModuleClass@$06@2@B
1854,0x009FDD1C,,.data,data,?s_default@?$CategoryModuleClassBase@$0A@$00@FXParticleSystem@@0PBV?$CategoryModuleClass@$0A@@2@B
1855,0x009FDD40,,.data,data,?s_first@?$CategoryModuleClass@$00@FXParticleSystem@@0PBV12@B
1856,0x009FDD44,,.data,data,?s_first@?$CategoryModuleClass@$01@FXParticleSystem@@0PBV12@B
1857,0x009FDD48,,.data,data,?s_first@?$CategoryModuleClass@$02@FXParticleSystem@@0PBV12@B
1858,0x009FDD4C,,.data,data,?s_first@?$CategoryModuleClass@$03@FXParticleSystem@@0PBV12@B
1859,0x009FDD50,,.data,data,?s_first@?$CategoryModuleClass@$04@FXParticleSystem@@0PBV12@B
1860,0x009FDD54,,.data,data,?s_first@?$CategoryModuleClass@$05@FXParticleSystem@@0PBV12@B
1861,0x009FDD58,,.data,data,?s_first@?$CategoryModuleClass@$06@FXParticleSystem@@0PBV12@B
1862,0x009FDD5C,,.data,data,?s_first@?$CategoryModuleClass@$07@FXParticleSystem@@0PBV12@B
1863,0x009FDD3C,,.data,data,?s_first@?$CategoryModuleClass@$0A@@FXParticleSystem@@0PBV12@B
1864,0x000036D1,,.text,code,?scale@Coord3D@@QAEXM@Z
1865,0x000366F0,,.text,code,?set@?$StringBase@D@@QAEXABV1@@Z
1866,0x00037C70,,.text,code,?set@?$StringBase@D@@QAEXABV1@HH@Z
1867,0x000368C0,,.text,code,?set@?$StringBase@D@@QAEXABV?$CharSource@D@@@Z
1868,0x0000561A,,.text,code,?set@?$StringBase@D@@QAEXD@Z
1869,0x000055F5,,.text,code,?set@?$StringBase@D@@QAEXPBD@Z
1870,0x00036780,,.text,code,?set@?$StringBase@D@@QAEXPBDH@Z
1871,0x00037C10,,.text,code,?set@?$StringBase@D@@QAEXPBDHH@Z
1872,0x00037150,,.text,code,?set@?$StringBase@G@@QAEXABV1@@Z
1873,0x00037EF0,,.text,code,?set@?$StringBase@G@@QAEXABV1@HH@Z
1874,0x00037330,,.text,code,?set@?$StringBase@G@@QAEXABV?$CharSource@G@@@Z
1875,0x00005683,,.text,code,?set@?$StringBase@G@@QAEXG@Z
1876,0x0000565D,,.text,code,?set@?$StringBase@G@@QAEXPBG@Z
1877,0x000371E0,,.text,code,?set@?$StringBase@G@@QAEXPBGH@Z
1878,0x00037E90,,.text,code,?set@?$StringBase@G@@QAEXPBGHH@Z
1879,0x000036AE,,.text,code,?set@Coord3D@@QAEXMMM@Z
1880,0x000DFCB6,,.text,code,?set@Coord3D@@QAEXPBUCoord3DBase@@@Z
1881,0x00004EDF,,.text,code,?setFromInt@RGBColor@@QAEXH@Z
1882,0x002341E7,,.text,code,?setRange@GameClientRandomVariable@@QAEXMMW4DistributionType@1@@Z
1883,0x001F3FD0,,.text,code,?setSlaveSystemName@ParticleSystemTemplate@FXParticleSystem@@QAEXABVAsciiString@@@Z
1884,0x006CB7C0,,.text,code,?setString@PooledString@@AAEXPBD@Z
1885,0x00382015,,.text,code,?setTextureFilename@ParticleSystemTemplate@FXParticleSystem@@QAEXABVAsciiString@@@Z
1886,0x00001278,,.text,code,?setUV@ParticleSystemTemplate@FXParticleSystem@@QAEXPBURegion2D@@@Z
1887,0x00035FB0,,.text,code,?startsWith@?$StringBase@D@@QBE_NABV1@@Z
1888,0x0002BE9C,,.text,code,?startsWith@?$StringBase@D@@QBE_NPBD@Z
1889,0x00035970,,.text,code,?startsWith@?$StringBase@D@@QBE_NPBDH@Z
1890,0x000361F0,,.text,code,?startsWith@?$StringBase@G@@QBE_NABV1@@Z
1891,0x00036190,,.text,code,?startsWith@?$StringBase@G@@QBE_NPBG@Z
1892,0x00035B30,,.text,code,?startsWith@?$StringBase@G@@QBE_NPBGH@Z
1893,0x0002C42F,,.text,code,?startsWithNoCase@?$StringBase@D@@QBE_NABV1@@Z
1894,0x00036000,,.text,code,?startsWithNoCase@?$StringBase@D@@QBE_NPBD@Z
1895,0x000359B0,,.text,code,?startsWithNoCase@?$StringBase@D@@QBE_NPBDH@Z
1896,0x000362B0,,.text,code,?startsWithNoCase@?$StringBase@G@@QBE_NABV1@@Z
1897,0x00036250,,.text,code,?startsWithNoCase@?$StringBase@G@@QBE_NPBG@Z
1898,0x00035B80,,.text,code,?startsWithNoCase@?$StringBase@G@@QBE_NPBGH@Z
1899,0x003AE381,,.text,code,?staticInitModules@FXParticleSystem@@YAXXZ
1900,0x000023EE,,.text,code,?str@?$StringBase@D@@QBEPBDXZ
1901,0x000023FE,,.text,code,?str@?$StringBase@G@@QBEPBGXZ
1902,0x0048DC01,,.text,code,?str@PooledString@@QBEPBDXZ
1903,0x0000367D,,.text,code,?sub@Coord3D@@QAEXPBUCoord3DBase@@@Z
1904,0x00035910,,.text,code,?swap@?$StringBase@D@@QAEXAAV1@@Z
1905,0x00035910,,.text,code,?swap@?$StringBase@G@@QAEXAAV1@@Z
1906,0x0055B863,,.text,code,?tintAllColors@DefaultColorModuleInfo@FXParticleSystem@@QAEXH@Z
1907,0x00005923,,.text,code,?toAngle@Coord2D@@QBEMXZ
1908,0x00036A70,,.text,code,?toLower@?$StringBase@D@@QAEXXZ
1909,0x000374E0,,.text,code,?toLower@?$StringBase@G@@QAEXXZ
1910,0x00036B60,,.text,code,?toUpper@?$StringBase@D@@QAEXXZ
1911,0x000375E0,,.text,code,?toUpper@?$StringBase@G@@QAEXXZ
1912,0x00038220,,.text,code,?translate@AsciiString@@QAEXABVUnicodeString@@@Z
1913,0x00038170,,.text,code,?translate@AsciiString@@QAEXPBG@Z
1914,0x006CB6A0,,.text,code,?translate@UnicodeString@@QAEXABVAsciiString@@@Z
1915,0x006CB5F0,,.text,code,?translate@UnicodeString@@QAEXPBD@Z
1916,0x00037CF0,,.text,code,?trim@?$StringBase@D@@QAEXXZ
1917,0x00037F70,,.text,code,?trim@?$StringBase@G@@QAEXXZ
1918,0x000B3FD0,,.text,code,?validate@?$StringBase@D@@ABEXXZ
1919,0x000B3FD0,,.text,code,?validate@?$StringBase@G@@ABEXXZ
1920,0x00A029EC,,.data,data,?value@?1??GetValue@?$DefaultModuleKey@$00@FXParticleSystem@@CAPBDXZ@4VAsciiString@@A
1921,0x00A02A70,,.data,data,?value@?1??GetValue@?$DefaultModuleKey@$01@FXParticleSystem@@CAPBDXZ@4VAsciiString@@A
1922,0x00A02A44,,.data,data,?value@?1??GetValue@?$DefaultModuleKey@$02@FXParticleSystem@@CAPBDXZ@4VAsciiString@@A
1923,0x00A02948,,.data,data,?value@?1??GetValue@?$DefaultModuleKey@$05@FXParticleSystem@@CAPBDXZ@4VAsciiString@@A
1924,0x00A02A9C,,.data,data,?value@?1??GetValue@?$DefaultModuleKey@$06@FXParticleSystem@@CAPBDXZ@4VAsciiString@@A
1925,0x00A02A18,,.data,data,?value@?1??GetValue@?$DefaultModuleKey@$0A@@FXParticleSystem@@CAPBDXZ@4VAsciiString@@A
1926,0x00A029F8,,.data,data,?value@?1??GetValue@?$DefaultModuleName@$00@FXParticleSystem@@CAPBDXZ@4VAsciiString@@A
1927,0x00A02A7C,,.data,data,?value@?1??GetValue@?$DefaultModuleName@$01@FXParticleSystem@@CAPBDXZ@4VAsciiString@@A
1928,0x00A02A50,,.data,data,?value@?1??GetValue@?$DefaultModuleName@$02@FXParticleSystem@@CAPBDXZ@4VAsciiString@@A
1929,0x00A02954,,.data,data,?value@?1??GetValue@?$DefaultModuleName@$05@FXParticleSystem@@CAPBDXZ@4VAsciiString@@A
1930,0x00A02AA8,,.data,data,?value@?1??GetValue@?$DefaultModuleName@$06@FXParticleSystem@@CAPBDXZ@4VAsciiString@@A
1931,0x00A02A24,,.data,data,?value@?1??GetValue@?$DefaultModuleName@$0A@@FXParticleSystem@@CAPBDXZ@4VAsciiString@@A
1932,0x00004D4B,,.text,code,?width@IRegion2D@@QBEHXZ
1933,0x00004E93,,.text,code,?width@IRegion3D@@QBEHXZ
1934,0x00004C28,,.text,code,?width@Region2D@@QBEMXZ
1935,0x00004DDA,,.text,code,?width@Region3D@@QBEMXZ
1936,0x0055B735,,.text,code,?writeINI@?$DefaultModuleTemplate@$00@FXParticleSystem@@UBEXAAVFile@@I@Z
1937,0x0055FB37,,.text,code,?writeINI@?$DefaultModuleTemplate@$01@FXParticleSystem@@UBEXAAVFile@@I@Z
1938,0x0055F368,,.text,code,?writeINI@?$DefaultModuleTemplate@$02@FXParticleSystem@@UBEXAAVFile@@I@Z
1939,0x005613F9,,.text,code,?writeINI@?$DefaultModuleTemplate@$05@FXParticleSystem@@UBEXAAVFile@@I@Z
1940,0x0055C263,,.text,code,?writeINI@?$DefaultModuleTemplate@$0A@@FXParticleSystem@@UBEXAAVFile@@I@Z
1941,0x0055D2E8,,.text,code,?writeINI@BoxEmissionVolumeModuleTemplate@FXParticleSystem@@UBEXAAVFile@@I@Z
1942,0x005613F9,,.text,code,?writeINI@ButterflyDrawModuleTemplate@FXParticleSystem@@UBEXAAVFile@@I@Z
1943,0x0055D815,,.text,code,?writeINI@CylinderEmissionVolumeModuleTemplate@FXParticleSystem@@UBEXAAVFile@@I@Z
1944,0x0055EBFA,,.text,code,?writeINI@CylindricalEmissionVelocityModuleTemplate@FXParticleSystem@@UBEXAAVFile@@I@Z
1945,0x00563D3F,,.text,code,?writeINI@GpuDrawModuleTemplate@FXParticleSystem@@UBEXAAVFile@@I@Z
1946,0x0056435C,,.text,code,?writeINI@LifeEventModuleTemplate@FXParticleSystem@@UBEXAAVFile@@I@Z
1947,0x00561DB3,,.text,code,?writeINI@LightningDrawModuleTemplate@FXParticleSystem@@UBEXAAVFile@@I@Z
1948,0x0055E39E,,.text,code,?writeINI@LightningEmissionModuleTemplate@FXParticleSystem@@UBEXAAVFile@@I@Z
1949,0x0055CEAA,,.text,code,?writeINI@LineEmissionVolumeModuleTemplate@FXParticleSystem@@UBEXAAVFile@@I@Z
1950,0x0055E969,,.text,code,?writeINI@OrthoEmissionVelocityModuleTemplate@FXParticleSystem@@UBEXAAVFile@@I@Z
1951,0x0055ED5F,,.text,code,?writeINI@OutwardEmissionVelocityModuleTemplate@FXParticleSystem@@UBEXAAVFile@@I@Z
1952,0x001FB418,,.text,code,?writeINI@ParticleSystemTemplate@FXParticleSystem@@QBEXAAVFile@@I@Z
1953,0x0055CC35,,.text,code,?writeINI@PointEmissionVolumeModuleTemplate@FXParticleSystem@@UBEXAAVFile@@I@Z
1954,0x005613F9,,.text,code,?writeINI@QuadDrawModuleTemplate@FXParticleSystem@@UBEXAAVFile@@I@Z
1955,0x00563655,,.text,code,?writeINI@RenderObjectDrawModuleTemplate@FXParticleSystem@@UBEXAAVFile@@I@Z
1956,0x005625C5,,.text,code,?writeINI@RenderObjectUpdateModuleTemplate@FXParticleSystem@@UBEXAAVFile@@I@Z
1957,0x0055D525,,.text,code,?writeINI@SphereEmissionVolumeModuleTemplate@FXParticleSystem@@UBEXAAVFile@@I@Z
1958,0x0055EAAD,,.text,code,?writeINI@SphericalEmissionVelocityModuleTemplate@FXParticleSystem@@UBEXAAVFile@@I@Z
1959,0x005613F9,,.text,code,?writeINI@StreakDrawModuleTemplate@FXParticleSystem@@UBEXAAVFile@@I@Z
1960,0x0056499B,,.text,code,?writeINI@TerrainCollisionModuleTemplate@FXParticleSystem@@UBEXAAVFile@@I@Z
1961,0x0055E6D4,,.text,code,?writeINI@TerrainFireEmissionModuleTemplate@FXParticleSystem@@UBEXAAVFile@@I@Z
1962,0x0000366B,,.text,code,?zero@Coord3D@@QAEXXZ
1963,0x00004DCF,,.text,code,?zero@ICoord3D@@QAEXXZ
1964,0x00004DEE,,.text,code,?zero@Region3D@@QAEXXZ
