name,export_rva,target_rva,target_size,source,status,notes
_compress2,,0x0068AAB0,169,Code/Libraries/Source/Compression/ZLib/compress.c,matched,vendored=zlib-1.1.4
_compress,,0x0068AB60,31,Code/Libraries/Source/Compression/ZLib/compress.c,matched,vendored=zlib-1.1.4
_uncompress,,0x0068DA00,156,Code/Libraries/Source/Compression/ZLib/uncompr.c,matched,vendored=zlib-1.1.4
_deflateSetDictionary,,0x0068EDA0,238,Code/Libraries/Source/Compression/ZLib/deflate.c,matched,vendored=zlib-1.1.4
_putShortMSB,,0x0068EE90,39,Code/Libraries/Source/Compression/ZLib/deflate.c,matched,vendored=zlib-1.1.4
_flush_pending,,0x0068EEC0,100,Code/Libraries/Source/Compression/ZLib/deflate.c,matched,vendored=zlib-1.1.4
_deflate,,0x0068EF30,656,Code/Libraries/Source/Compression/ZLib/deflate.c,matched,vendored=zlib-1.1.4
_deflateEnd,,0x0068F1C0,178,Code/Libraries/Source/Compression/ZLib/deflate.c,matched,vendored=zlib-1.1.4
_deflateCopy,,0x0068F280,423,Code/Libraries/Source/Compression/ZLib/deflate.c,matched,vendored=zlib-1.1.4
_read_buf,,0x0068F430,109,Code/Libraries/Source/Compression/ZLib/deflate.c,matched,vendored=zlib-1.1.4
_lm_init,,0x0068F4A0,135,Code/Libraries/Source/Compression/ZLib/deflate.c,matched,vendored=zlib-1.1.4
_longest_match,,0x0068F530,359,Code/Libraries/Source/Compression/ZLib/deflate.c,matched,vendored=zlib-1.1.4
_fill_window,,0x0068F6A0,392,Code/Libraries/Source/Compression/ZLib/deflate.c,matched,vendored=zlib-1.1.4
_deflate_stored,,0x0068F830,525,Code/Libraries/Source/Compression/ZLib/deflate.c,matched,vendored=zlib-1.1.4
_deflate_fast,,0x0068FA40,867,Code/Libraries/Source/Compression/ZLib/deflate.c,matched,vendored=zlib-1.1.4
_deflate_slow,,0x0068FDB0,994,Code/Libraries/Source/Compression/ZLib/deflate.c,matched,vendored=zlib-1.1.4
_deflateReset,,0x006901A0,114,Code/Libraries/Source/Compression/ZLib/deflate.c,matched,vendored=zlib-1.1.4
_deflateParams,,0x00690220,631,Code/Libraries/Source/Compression/ZLib/deflate.c,matched,vendored=zlib-1.1.4
_deflateInit2_,,0x006904A0,490,Code/Libraries/Source/Compression/ZLib/deflate.c,matched,vendored=zlib-1.1.4
_deflateInit_,,0x00690690,37,Code/Libraries/Source/Compression/ZLib/deflate.c,matched,vendored=zlib-1.1.4
_inflateReset,,0x006906C0,66,Code/Libraries/Source/Compression/ZLib/inflate.c,matched,vendored=zlib-1.1.4
_inflateEnd,,0x00690710,72,Code/Libraries/Source/Compression/ZLib/inflate.c,matched,vendored=zlib-1.1.4
_inflateInit2_,,0x00690760,250,Code/Libraries/Source/Compression/ZLib/inflate.c,matched,vendored=zlib-1.1.4
_inflateInit_,,0x00690860,26,Code/Libraries/Source/Compression/ZLib/inflate.c,matched,vendored=zlib-1.1.4
_inflate,,0x00690880,1020,Code/Libraries/Source/Compression/ZLib/inflate.c,matched,vendored=zlib-1.1.4
_inflateSetDictionary,,0x00690C80,129,Code/Libraries/Source/Compression/ZLib/inflate.c,matched,vendored=zlib-1.1.4
_inflateSync,,0x00690D10,198,Code/Libraries/Source/Compression/ZLib/inflate.c,matched,vendored=zlib-1.1.4
_inflateSyncPoint,,0x00690DE0,37,Code/Libraries/Source/Compression/ZLib/inflate.c,matched,vendored=zlib-1.1.4
_adler32,,0x00692AC0,297,Code/Libraries/Source/Compression/ZLib/adler32.c,matched,stock zlib 1.1.4 adler32.c as vendored in the tree
_init_block,,0x00692BF0,100,Code/Libraries/Source/Compression/ZLib/trees.c,matched,vendored=zlib-1.1.4
_pqdownheap,,0x00692C60,196,Code/Libraries/Source/Compression/ZLib/trees.c,matched,vendored=zlib-1.1.4
_gen_bitlen,,0x00692D30,563,Code/Libraries/Source/Compression/ZLib/trees.c,matched,vendored=zlib-1.1.4
_scan_tree,,0x00692F70,216,Code/Libraries/Source/Compression/ZLib/trees.c,matched,vendored=zlib-1.1.4
_send_tree,,0x00693050,1290,Code/Libraries/Source/Compression/ZLib/trees.c,matched,vendored=zlib-1.1.4
_send_all_trees,,0x00693560,621,Code/Libraries/Source/Compression/ZLib/trees.c,matched,vendored=zlib-1.1.4
__tr_tally,,0x006937D0,161,Code/Libraries/Source/Compression/ZLib/trees.c,matched,vendored=zlib-1.1.4
_compress_block,,0x00693880,1055,Code/Libraries/Source/Compression/ZLib/trees.c,matched,vendored=zlib-1.1.4
_set_data_type,,0x00693CA0,129,Code/Libraries/Source/Compression/ZLib/trees.c,matched,vendored=zlib-1.1.4
_bi_reverse,,0x00693D30,23,Code/Libraries/Source/Compression/ZLib/trees.c,matched,vendored=zlib-1.1.4
_bi_flush,,0x00693D50,127,Code/Libraries/Source/Compression/ZLib/trees.c,matched,vendored=zlib-1.1.4
_bi_windup,,0x00693DD0,109,Code/Libraries/Source/Compression/ZLib/trees.c,matched,vendored=zlib-1.1.4
_copy_block,,0x00693E40,130,Code/Libraries/Source/Compression/ZLib/trees.c,matched,vendored=zlib-1.1.4
__tr_init,,0x00693ED0,100,Code/Libraries/Source/Compression/ZLib/trees.c,matched,vendored=zlib-1.1.4
_gen_codes,,0x00693F40,113,Code/Libraries/Source/Compression/ZLib/trees.c,matched,vendored=zlib-1.1.4
_build_tree,,0x00693FC0,498,Code/Libraries/Source/Compression/ZLib/trees.c,matched,vendored=zlib-1.1.4
_build_bl_tree,,0x006941C0,108,Code/Libraries/Source/Compression/ZLib/trees.c,matched,vendored=zlib-1.1.4
__tr_stored_block,,0x00694230,160,Code/Libraries/Source/Compression/ZLib/trees.c,matched,vendored=zlib-1.1.4
__tr_align,,0x006942D0,497,Code/Libraries/Source/Compression/ZLib/trees.c,matched,vendored=zlib-1.1.4
__tr_flush_block,,0x006944D0,485,Code/Libraries/Source/Compression/ZLib/trees.c,matched,vendored=zlib-1.1.4
_zcalloc,,0x006946F0,20,Code/Libraries/Source/Compression/ZLib/zutil.c,matched,vendored=zlib-1.1.4
_inflate_blocks_reset,,0x00694720,123,Code/Libraries/Source/Compression/ZLib/infblock.c,matched,vendored=zlib-1.1.4
_inflate_blocks_new,,0x006947A0,155,Code/Libraries/Source/Compression/ZLib/infblock.c,matched,vendored=zlib-1.1.4
_inflate_blocks,,0x00694840,2960,Code/Libraries/Source/Compression/ZLib/infblock.c,matched,vendored=zlib-1.1.4
_inflate_blocks_free,,0x006953D0,132,Code/Libraries/Source/Compression/ZLib/infblock.c,matched,vendored=zlib-1.1.4
_inflate_set_dictionary,,0x00695460,49,Code/Libraries/Source/Compression/ZLib/infblock.c,matched,vendored=zlib-1.1.4
_inflate_blocks_sync_point,,0x006954A0,15,Code/Libraries/Source/Compression/ZLib/infblock.c,matched,vendored=zlib-1.1.4
_inflate_codes_new,,0x006954B0,57,Code/Libraries/Source/Compression/ZLib/infcodes.c,matched,vendored=zlib-1.1.4
_inflate_codes,,0x006954F0,1812,Code/Libraries/Source/Compression/ZLib/infcodes.c,matched,vendored=zlib-1.1.4
_inflate_codes_free,,0x00695C10,20,Code/Libraries/Source/Compression/ZLib/infcodes.c,matched,vendored=zlib-1.1.4
_huft_build,,0x00695C30,1256,Code/Libraries/Source/Compression/ZLib/inftrees.c,matched,vendored=zlib-1.1.4
_inflate_trees_bits,,0x00696120,163,Code/Libraries/Source/Compression/ZLib/inftrees.c,matched,vendored=zlib-1.1.4
_inflate_trees_dynamic,,0x006961D0,387,Code/Libraries/Source/Compression/ZLib/inftrees.c,matched,vendored=zlib-1.1.4
_inflate_trees_fixed,,0x00696360,46,Code/Libraries/Source/Compression/ZLib/inftrees.c,matched,vendored=zlib-1.1.4
_inflate_flush,,0x00696390,300,Code/Libraries/Source/Compression/ZLib/infutil.c,matched,vendored=zlib-1.1.4
_inflate_fast,,0x006964C0,917,Code/Libraries/Source/Compression/ZLib/inffast.c,matched,vendored=zlib-1.1.4
?MD5Init@@YAXPAUMD5_CTX@@@Z,,0x00606220,40,Code/Libraries/Source/WWVegas/WWLib/md5.cpp,matched,
?Encode@@YAXPAEPAKI@Z,,0x00606250,49,Code/Libraries/Source/WWVegas/WWLib/md5.cpp,matched,
?Decode@@YAXPAKPAEI@Z,,0x00606290,57,Code/Libraries/Source/WWVegas/WWLib/md5.cpp,matched,
?MD5Transform@@YAXQAKQAE@Z,,0x00606360,2268,Code/Libraries/Source/WWVegas/WWLib/md5.cpp,matched,
?MD5Update@@YAXPAUMD5_CTX@@PAEI@Z,,0x00606C40,185,Code/Libraries/Source/WWVegas/WWLib/md5.cpp,matched,Open-BFME5 canonical C++ conversion using retail intrinsic memcpy
?MD5Final@@YAXQAEPAUMD5_CTX@@@Z,,0x00606D00,174,Code/Libraries/Source/WWVegas/WWLib/md5.cpp,matched,
?getCompressionType@CompressionManager@@SA?AW4CompressionType@@PBXH@Z,,0x0068A1B0,233,Code/Libraries/Source/Compression/CompressionManager_decompressData.cpp,matched,promoted from exact clean C++ proxy; proper CompressionManager owner
?getUncompressedSize@CompressionManager@@SAHPBXH@Z,,0x0068A320,49,Code/Libraries/Source/Compression/CompressionManager_decompressData.cpp,matched,promoted from exact clean C++ proxy; proper CompressionManager owner
?decompressData@CompressionManager@@SAHPBXHPAXH@Z,,0x0068A4E0,240,Code/Libraries/Source/Compression/CompressionManager_decompressData.cpp,matched,reference body unchanged; named by a byte-true call site in CachedFileInputStream_open_Thunk.cpp and confirmed arm for arm by the compression-type constants
?isDataCompressed@CompressionManager@@SA_NPBXH@Z,,0x0068A5D0,25,Code/Libraries/Source/Compression/CompressionManager_decompressData.cpp,matched,promoted from exact clean C++ proxy; proper CompressionManager owner
?DecompressMemory@@YA_NPAXH0AAH@Z,,0x0068A7B0,197,Code/Libraries/Source/Compression/LZHCompress/NoxCompress.cpp,matched,Open-BFME5 clean C++; EA reference Nox LZH decompressor
?matchlen@@YAIPAE0I@Z,,0x0068AB80,35,Code/Libraries/Source/Compression/EAC/refencode.cpp,matched,
?refcompress@@YAHPAEH0HH@Z,,0x0068ABB0,1095,Code/Libraries/Source/Compression/EAC/refencode.cpp,matched,real C++; needed galloc/gfree as __cdecl dllimports (they are IAT slots)
?HUFF_deltabytes@@YAXPBXPAXH@Z,,0x0068B0C0,36,Code/Libraries/Source/Compression/EAC/huffencode.cpp,matched,
?HUFF_writebits@@YAXPAUHuffEncodeContext@@PAUHUFFMemStruct@@II@Z,,0x0068B0F0,180,Code/Libraries/Source/Compression/EAC/huffencode.cpp,matched,
?HUFF_treechase@@YAXPAUHuffEncodeContext@@II@Z,,0x0068B1B0,85,Code/Libraries/Source/Compression/EAC/huffencode.cpp,matched,
?HUFF_maketree@@YAXPAUHuffEncodeContext@@@Z,,0x0068B210,398,Code/Libraries/Source/Compression/EAC/huffencode.cpp,matched,
?HUFF_minrep@@YAHPAUHuffEncodeContext@@II@Z,,0x0068B3A0,174,Code/Libraries/Source/Compression/EAC/huffencode.cpp,matched,
?HUFF_writenum@@YAXPAUHuffEncodeContext@@PAUHUFFMemStruct@@I@Z,,0x0068B450,348,Code/Libraries/Source/Compression/EAC/huffencode.cpp,matched,
?HUFF_writeexp@@YAXPAUHuffEncodeContext@@PAUHUFFMemStruct@@I@Z,,0x0068B5B0,90,Code/Libraries/Source/Compression/EAC/huffencode.cpp,matched,
?HUFF_writecode@@YAXPAUHuffEncodeContext@@PAUHUFFMemStruct@@I@Z,,0x0068B610,55,Code/Libraries/Source/Compression/EAC/huffencode.cpp,matched,
?HUFF_init@@YAXPAUHuffEncodeContext@@@Z,,0x0068B650,292,Code/Libraries/Source/Compression/EAC/huffencode.cpp,matched,
?HUFF_analysis@@YAXPAUHuffEncodeContext@@II@Z,,0x0068B780,2599,Code/Libraries/Source/Compression/EAC/huffencode.cpp,matched,true size 2599B; row claimed 453B
?HUFF_pack@@YAXPAUHuffEncodeContext@@PAUHUFFMemStruct@@I@Z,,0x0068C1B0,1358,Code/Libraries/Source/Compression/EAC/huffencode.cpp,matched,
?HUFF_packfile@@YAHPAUHuffEncodeContext@@PAUHUFFMemStruct@@1HH@Z,,0x0068C700,473,Code/Libraries/Source/Compression/EAC/huffencode.cpp,matched,
_HUFF_encode@16,,0x0068C8E0,200,Code/Libraries/Source/Compression/EAC/huffencode.cpp,matched,pristine Lua 4.0.1 upstream source; located by masked-body search
?BTREE_writebits@@YAXPAUBTreeEncodeContext@@PAUBTREEMemStruct@@II@Z,,0x0068C9B0,137,Code/Libraries/Source/Compression/EAC/btreeencode.cpp,matched,
?BTREE_adjcount@@YAXPAE0PAF@Z,,0x0068CA40,365,Code/Libraries/Source/Compression/EAC/btreeencode.cpp,matched,
?BTREE_clearcount@@YAXPAEPAF@Z,,0x0068CBB0,99,Code/Libraries/Source/Compression/EAC/btreeencode.cpp,matched,
?BTREE_joinnodes@@YAXPAUBTreeEncodeContext@@PAE11I@Z,,0x0068CC20,154,Code/Libraries/Source/Compression/EAC/btreeencode.cpp,matched,
?BTREE_findbest@@YAIPAFPAEPAI2H@Z,,0x0068CCC0,357,Code/Libraries/Source/Compression/EAC/btreeencode.cpp,matched,
?BTREE_treepack@@YAXPAUBTreeEncodeContext@@PAUBTREEMemStruct@@IIIH@Z,,0x0068CE30,2593,Code/Libraries/Source/Compression/EAC/btreeencode.cpp,matched,real C++ already in tree; row pointed at the MASM dump (true size 2593B)
?BTREE_compressfile@@YAHPAUBTreeEncodeContext@@PAUBTREEMemStruct@@1HH@Z,,0x0068D860,305,Code/Libraries/Source/Compression/EAC/btreeencode.cpp,matched,
_BTREE_encode@16,,0x0068D9A0,92,Code/Libraries/Source/Compression/EAC/btreeencode.cpp,matched,
_REF_decode@12,,0x0068DAA0,444,Code/Libraries/Source/Compression/EAC/refdecode.cpp,matched,
_ggetm,,0x0068DC60,82,Code/Libraries/Source/Compression/EAC/refdecode.cpp,matched,
dup_822d90,,0x0068DC60,82,Code/Libraries/Source/Compression/EAC/huffdecode.cpp,matched,dup-of=_ggetm;object-symbol=_ggetm;second static ggetm copy emitted into huffdecode.obj
_REF_is@4,,0x0068DCC0,52,Code/Libraries/Source/Compression/EAC/refdecode.cpp,matched,stock EAC codec source; ggetm inlines here as it does in retail
_REF_size@4,,0x0068DD00,56,Code/Libraries/Source/Compression/EAC/refdecode.cpp,matched,stock EAC codec source; ggetm is a static switch that inlines on constant byte counts
?HUFF_decompress@@YAHPAE0@Z,,0x0068DD40,3195,Code/Libraries/Source/Compression/EAC/huffdecode.cpp,matched,true size 3195B; row claimed 3161B
_HUFF_is@4,,0x0068E9C0,116,Code/Libraries/Source/Compression/EAC/huffdecode.cpp,matched,stock EAC codec source; ggetm inlines here as it does in retail
_HUFF_decode@12,,0x0068EA80,20,Code/Libraries/Source/Compression/EAC/huffdecode.cpp,matched,
?BTREE_chase@@YAXPAUBTreeDecodeContext@@E@Z,,0x0068EAA0,74,Code/Libraries/Source/Compression/EAC/btreedecode.cpp,matched,
_BTREE_is@4,,0x0068EAF0,41,Code/Libraries/Source/Compression/EAC/btreedecode.cpp,matched,stock EAC codec source; ggetm inlines here as it does in retail
_BTREE_decode@12,,0x0068EC70,16,Code/Libraries/Source/Compression/EAC/btreedecode.cpp,matched,
?LZHLCreateDecompressor@@YAPAXXZ,,0x0068ECE0,27,Code/Libraries/Source/Compression/LZHCompress/NoxCompress.cpp,matched,LZH-Light decompressor factory wrapper
?LZHLDecompress@@YAHPAXPAEPAIPBE2@Z,,0x0068ED00,30,Code/Libraries/Source/Compression/LZHCompress/NoxCompress.cpp,matched,LZH-Light decompression wrapper
?_calcHash@@YAKPBE@Z,,0x00690E10,31,Code/Libraries/Source/Compression/LZHCompress/CompLibSource/Lz.cpp,matched,vendored=lzhl-1.0
?_nMatch@LZBuffer@@IAEHHPBEH@Z,,0x00690E30,190,Code/Libraries/Source/Compression/LZHCompress/CompLibSource/Lz.cpp,matched,vendored=lzhl-1.0
??0LZHLEncoder@@QAE@PAVLZHLEncoderStat@@PAE@Z,,0x00690EF0,40,Code/Libraries/Source/Compression/LZHCompress/CompLibSource/Lz.cpp,matched,vendored=lzhl-1.0
??0LZBuffer@@IAE@XZ,,0x00690F20,29,Code/Libraries/Source/Compression/LZHCompress/CompLibSource/Lz.cpp,matched,vendored=lzhl-1.0
?_toBuf@LZBuffer@@IAEXE@Z,,0x00690F60,26,Code/Libraries/Source/Compression/LZHCompress/CompLibSource/Lz.cpp,matched,vendored=lzhl-1.0
?_toBuf@LZBuffer@@IAEXPBEI@Z,,0x00690F80,106,Code/Libraries/Source/Compression/LZHCompress/CompLibSource/Lz.cpp,matched,vendored=lzhl-1.0
??0LZHLCompressor@@QAE@XZ,,0x00690FF0,133,Code/Libraries/Source/Compression/LZHCompress/CompLibSource/Lz.cpp,matched,vendored=lzhl-1.0
??1LZHLCompressor@@QAE@XZ,,0x00691080,97,Code/Libraries/Source/Compression/LZHCompress/CompLibSource/Lz.cpp,matched,vendored=lzhl-1.0
?_updateTable@LZHLCompressor@@AAEKKPBEKH@Z,,0x006910F0,186,Code/Libraries/Source/Compression/LZHCompress/CompLibSource/Lz.cpp,matched,vendored=lzhl-1.0
??0HuffStat@@QAE@XZ,,0x00691880,35,Code/Libraries/Source/Compression/LZHCompress/CompLibSource/Huff.cpp,matched,vendored=lzhl-1.0
?cmpHuffStatTmpStruct@@YAHABUHuffStatTmpStruct@@0@Z,,0x006918C0,31,Code/Libraries/Source/Compression/LZHCompress/CompLibSource/Huff.cpp,matched,vendored=lzhl-1.0
??M@YAHABUHuffStatTmpStruct@@0@Z,,0x006918E0,40,Code/Libraries/Source/Compression/LZHCompress/CompLibSource/Huff.cpp,matched,vendored=lzhl-1.0
?shellSort@@YAXPAUHuffStatTmpStruct@@H@Z,,0x00691910,155,Code/Libraries/Source/Compression/LZHCompress/CompLibSource/Huff.cpp,matched,vendored=lzhl-1.0
?makeSortedTmp@HuffStat@@IAEHPAUHuffStatTmpStruct@@@Z,,0x006919B0,129,Code/Libraries/Source/Compression/LZHCompress/CompLibSource/Huff.cpp,matched,vendored=lzhl-1.0
?_putBits@LZHLEncoder@@AAEXHK@Z,,0x00691A40,92,Code/Libraries/Source/Compression/LZHCompress/CompLibSource/Huff.cpp,matched,vendored=lzhl-1.0
??0LZHLEncoderStat@@QAE@XZ,,0x00691AA0,115,Code/Libraries/Source/Compression/LZHCompress/CompLibSource/Huff.cpp,matched,vendored=lzhl-1.0
??1LZHLEncoderStat@@QAE@XZ,,0x00691B20,81,Code/Libraries/Source/Compression/LZHCompress/CompLibSource/Huff.cpp,matched,vendored=lzhl-1.0
?_addGroup@LZHLEncoderStat@@CAXPAHHH@Z,,0x00691B80,57,Code/Libraries/Source/Compression/LZHCompress/CompLibSource/Huff.cpp,matched,vendored=lzhl-1.0
?calcStat@LZHLEncoderStat@@QAEXPAH@Z,,0x00691BC0,887,Code/Libraries/Source/Compression/LZHCompress/CompLibSource/Huff.cpp,matched,vendored=lzhl-1.0
?_bufCpy@LZBuffer@@IAEXPAEHI@Z,,0x00691F40,119,Code/Libraries/Source/Compression/LZHCompress/CompLibSource/Huff.cpp,matched,vendored=lzhl-1.0
?_callStat@LZHLEncoder@@AAEXXZ,,0x00691FC0,436,Code/Libraries/Source/Compression/LZHCompress/CompLibSource/Huff.cpp,matched,vendored=lzhl-1.0
??0LZHLDecoderStat@@QAE@XZ,,0x00692180,126,Code/Libraries/Source/Compression/LZHCompress/CompLibSource/Huff.cpp,matched,vendored=lzhl-1.0
??1LZHLDecoderStat@@QAE@XZ,,0x00692200,84,Code/Libraries/Source/Compression/LZHCompress/CompLibSource/Huff.cpp,matched,vendored=lzhl-1.0
??0LZHLDecompressor@@QAE@XZ,,0x006922A0,93,Code/Libraries/Source/Compression/LZHCompress/CompLibSource/Huff.cpp,matched,vendored=lzhl-1.0
??1LZHLDecompressor@@QAE@XZ,,0x00692300,82,Code/Libraries/Source/Compression/LZHCompress/CompLibSource/Huff.cpp,matched,vendored=lzhl-1.0
?_get@LZHLDecompressor@@AAEHAAPBEPBEH@Z,,0x006923B0,132,Code/Libraries/Source/Compression/LZHCompress/CompLibSource/Huff.cpp,matched,vendored=lzhl-1.0
?_put@LZHLEncoder@@AAEXG@Z,,0x00692780,67,Code/Libraries/Source/Compression/LZHCompress/CompLibSource/Huff.cpp,matched,vendored=lzhl-1.0
?_put@LZHLEncoder@@AAEXGHK@Z,,0x006927D0,83,Code/Libraries/Source/Compression/LZHCompress/CompLibSource/Huff.cpp,matched,vendored=lzhl-1.0
?putRaw@LZHLEncoder@@QAEXPBEI@Z,,0x00692830,183,Code/Libraries/Source/Compression/LZHCompress/CompLibSource/Huff.cpp,matched,vendored=lzhl-1.0
?putMatch@LZHLEncoder@@QAEXPBEIII@Z,,0x006928F0,327,Code/Libraries/Source/Compression/LZHCompress/CompLibSource/Huff.cpp,matched,vendored=lzhl-1.0
?flush@LZHLEncoder@@QAEIXZ,,0x00692A40,124,Code/Libraries/Source/Compression/LZHCompress/CompLibSource/Huff.cpp,matched,vendored=lzhl-1.0
_zError,,0x006946D0,21,Code/Libraries/Source/Compression/ZLib/zutil.c,matched,vendored=zlib-1.1.4
_zcfree,,0x00694710,13,Code/Libraries/Source/Compression/ZLib/zutil.c,matched,vendored=zlib-1.1.4
_zlibVersion,,0x006946C0,6,Code/Libraries/Source/Compression/ZLib/zutil.c,matched,vendored=zlib-1.1.4
?d_000010cf@@YAXXZ,,0x000010CF,80,Code/gen_asm/d_000010cf.asm,matched,gen-dump;ghidra=FUN_004010cf
??0ModuleTemplate@FXParticleSystem@@QAE@XZ,0x000011B4,0x000011B4,9,Code/GameEngine/Source/GameClient/FXParticleSystem.cpp,matched,Open-BFME5 clean C++; FXParticleSystem ModuleTemplate default constructor
??1ModuleTemplate@FXParticleSystem@@UAE@XZ,0x000011BD,0x000011BD,7,Code/GameEngine/Source/GameClient/FXParticleSystem.cpp,matched,Open-BFME5 clean C++; FXParticleSystem ModuleTemplate destructor
??0ModuleTemplate@FXParticleSystem@@QAE@ABV01@@Z,0x000011C4,0x000011C4,11,Code/GameEngine/Source/GameClient/FXParticleSystem.cpp,matched,Open-BFME5 clean C++; FXParticleSystem ModuleTemplate copy constructor
??4?$CategoryModuleTemplate@$07@FXParticleSystem@@QAEAAV01@ABV01@@Z,0x0000124F,0x0000124F,27,Code/GameEngine/Source/GameClient/FXParticleSystem.cpp,matched,Open-BFME5 clean C++; generated assignment adjusting the source by 8 to reach the EventModuleInfo base
?setUV@ParticleSystemTemplate@FXParticleSystem@@QAEXPBURegion2D@@@Z,0x00001278,0x00001278,25,Code/GameEngine/Source/GameClient/FXParticleSystem.cpp,matched,Open-BFME5 clean C++; ParticleSystemTemplate conditionally copies the 16-byte UV region at offset 0x88
?d_00001423@@YAXXZ,,0x00001423,34,Code/gen_asm/d_000010cf.asm,matched,gen-dump;ghidra=`vector_constructor_iterator'
?d_00001720@@YAXXZ,,0x00001720,19,Code/gen_asm/d_000010cf.asm,matched,gen-dump;ghidra=FUN_00401720
??0Snapshot@@QAE@ABV0@@Z,0x00001745,0x00001745,11,Code/GameEngine/Source/Common/System/Snapshot.cpp,matched,Open-BFME5 clean C++; Snapshot copy constructor ignoring its argument
?d_0000179f@@YAXXZ,,0x0000179F,1167,Code/gen_asm/d_000010cf.asm,matched,gen-dump;ghidra=FUN_0040179f
?d_00001c72@@YAXXZ,,0x00001C72,126,Code/gen_asm/d_000010cf.asm,matched,gen-dump;ghidra=FUN_00401c72
?isEmpty@?$StringBase@D@@QBE_NXZ,0x00001E2F,0x00001E2F,20,Code/GameEngine/Source/Common/System/AsciiString.cpp,matched,Open-BFME5 clean C++; narrow StringBase emptiness test over the 16-bit length at offset 4
??0RandomAlphaKeyframe@FXParticleSystem@@QAE@XZ,0x00001E7F,0x00001E7F,47,Code/Libraries/Source/WWVegas/WWMath/color.cpp,matched,Open-BFME5 clean C++; RandomAlphaKeyframe initializes a zero uniform alpha range and frame
?d_0000200d@@YAXXZ,,0x0000200D,260,Code/gen_asm/d_000010cf.asm,matched,gen-dump;ghidra=operator=
?d_00002152@@YAXXZ,,0x00002152,10,Code/gen_asm/d_000010cf.asm,matched,gen-dump;ghidra=FUN_00402152
?d_000021c7@@YAXXZ,,0x000021C7,28,Code/gen_asm/d_000010cf.asm,matched,gen-dump;ghidra=FUN_004021c7
?d_0000232b@@YAXXZ,,0x0000232B,34,Code/gen_asm/d_000010cf.asm,matched,gen-dump;ghidra=FUN_0040232b
?d_0000240e@@YAXXZ,,0x0000240E,10,Code/gen_asm/d_000010cf.asm,matched,gen-dump;ghidra=~ParticleSystemInfo
?d_00002459@@YAXXZ,,0x00002459,10,Code/gen_asm/d_000010cf.asm,matched,gen-dump;ghidra=ParticleSystemInfo
?d_00002596@@YAXXZ,,0x00002596,28,Code/gen_asm/d_000010cf.asm,matched,gen-dump;ghidra=FUN_00402596
?d_00002690@@YAXXZ,,0x00002690,205,Code/gen_asm/d_000010cf.asm,matched,gen-dump;ghidra=FUN_00402690
?d_0000275d@@YAXXZ,,0x0000275D,395,Code/gen_asm/d_000010cf.asm,matched,gen-dump;ghidra=FUN_0040275d
?d_00002c39@@YAXXZ,,0x00002C39,10,Code/gen_asm/d_000010cf.asm,matched,gen-dump;ghidra=FUN_00402c39
?d_0000319f@@YAXXZ,,0x0000319F,6,Code/gen_asm/d_000010cf.asm,matched,gen-dump;ghidra=Catch@0040319f
?d_000032da@@YAXXZ,,0x000032DA,62,Code/gen_asm/d_000010cf.asm,matched,gen-dump;ghidra=FUN_004032da
?d_00003318@@YAXXZ,,0x00003318,122,Code/gen_asm/d_000010cf.asm,matched,gen-dump;ghidra=FUN_00403318
?areApproxEqual@@YA_NMMM@Z,0x000034FA,0x000034FA,42,Code/Libraries/Source/WWVegas/WWMath/wwmath.cpp,matched,Open-BFME5 clean C++; float equality within a signed tolerance band
?scale@Coord3D@@QAEXM@Z,0x000036D1,0x000036D1,49,Code/Libraries/Source/WWVegas/WWMath/region.cpp,matched,Open-BFME5 clean C++; Coord3D component-wise scalar multiplication
?d_00003916@@YAXXZ,,0x00003916,101,Code/gen_asm/d_000010cf.asm,matched,gen-dump;ghidra=Rotate
?d_00003c70@@YAXXZ,,0x00003C70,97,Code/gen_asm/d_000010cf.asm,matched,gen-dump;ghidra=CrossProduct
?d_00004079@@YAXXZ,,0x00004079,357,Code/gen_asm/d_000010cf.asm,matched,gen-dump;ghidra=Matrix4D
??0Snapshot@@QAE@XZ,0x000053A6,0x000053A6,9,Code/GameEngine/Source/Common/System/Snapshot.cpp,matched,Open-BFME5 clean C++; Snapshot default constructor installing the vtable at 0x00BBB554
??0Xfer@@QAE@XZ,0x000053DE,0x000053DE,9,Code/GameEngine/Source/Common/System/Xfer.cpp,matched,Open-BFME5 clean C++; Xfer constructor installing the vtable at 0x00BBB910
??1Xfer@@UAE@XZ,0x000053E7,0x000053E7,7,Code/GameEngine/Source/Common/System/Xfer.cpp,matched,Open-BFME5 clean C++; Xfer destructor restoring the vtable at 0x00BBB910
?Version1@Xfer@@QAEXXZ,0x000053EE,0x000053EE,23,Code/GameEngine/Source/Common/System/Xfer.cpp,matched,Open-BFME5 clean C++; Xfer::Version1 transferring a 1/1 Version pair through vtable slot 10
??8Xfer@@UAEAAV0@AAD@Z,0x0000546C,0x0000546C,28,Code/GameEngine/Source/Common/System/Xfer.cpp,matched,Open-BFME5 clean C++; Xfer 'byte' transfer operator at slot 35 of the retail vtable
??8Xfer@@UAEAAV0@AAE@Z,0x00005488,0x00005488,28,Code/GameEngine/Source/Common/System/Xfer.cpp,matched,Open-BFME5 clean C++; Xfer 'ubyt' transfer operator at slot 34 of the retail vtable
??8Xfer@@UAEAAV0@AA_N@Z,0x000054A4,0x000054A4,28,Code/GameEngine/Source/Common/System/Xfer.cpp,matched,Open-BFME5 clean C++; Xfer 'bool' transfer operator at slot 36 of the retail vtable
??8Xfer@@UAEAAV0@AAH@Z,0x000054C0,0x000054C0,28,Code/GameEngine/Source/Common/System/Xfer.cpp,matched,Open-BFME5 clean C++; Xfer 'int' transfer operator at slot 31 of the retail vtable
??8Xfer@@UAEAAV0@AA_J@Z,0x000054DC,0x000054DC,28,Code/GameEngine/Source/Common/System/Xfer.cpp,matched,Open-BFME5 clean C++; Xfer 'i64' transfer operator at slot 29 of the retail vtable
??8Xfer@@UAEAAV0@AAI@Z,0x000054F8,0x000054F8,28,Code/GameEngine/Source/Common/System/Xfer.cpp,matched,Open-BFME5 clean C++; Xfer 'uint' transfer operator at slot 30 of the retail vtable
??8Xfer@@UAEAAV0@AAF@Z,0x00005514,0x00005514,28,Code/GameEngine/Source/Common/System/Xfer.cpp,matched,Open-BFME5 clean C++; Xfer 'shrt' transfer operator at slot 33 of the retail vtable
??8Xfer@@UAEAAV0@AAG@Z,0x00005530,0x00005530,28,Code/GameEngine/Source/Common/System/Xfer.cpp,matched,Open-BFME5 clean C++; Xfer 'usht' transfer operator at slot 32 of the retail vtable
??8Xfer@@UAEAAV0@AAM@Z,0x0000554C,0x0000554C,28,Code/GameEngine/Source/Common/System/Xfer.cpp,matched,Open-BFME5 clean C++; Xfer 'real' transfer operator at slot 28 of the retail vtable
??8@YA_NABVGameClientRandomVariable@@0@Z,0x00005568,0x00005568,51,Code/GameEngine/Source/GameClient/ClientRandomValue.cpp,matched,Open-BFME5 clean C++; GameClientRandomVariable equality over type and both Real bounds
??9@YA_NABVGameClientRandomVariable@@0@Z,0x0000559B,0x0000559B,21,Code/GameEngine/Source/GameClient/ClientRandomValue.cpp,matched,Open-BFME5 clean C++; GameClientRandomVariable inequality forwarding to the equality body
?d_0000685e@@YAXXZ,,0x0000685E,10,Code/gen_asm/d_00005cd4.asm,matched,gen-dump;ghidra=FUN_0040685e
?d_00006960@@YAXXZ,,0x00006960,34,Code/gen_asm/d_00005cd4.asm,matched,gen-dump;ghidra=FUN_00406960
?d_00006b09@@YAXXZ,,0x00006B09,10,Code/gen_asm/d_00005cd4.asm,matched,gen-dump;ghidra=FUN_00406b09
?d_00006cf0@@YAXXZ,,0x00006CF0,34,Code/gen_asm/d_00005cd4.asm,matched,gen-dump;ghidra=FUN_00406cf0
?d_00006f80@@YAXXZ,,0x00006F80,241,Code/gen_asm/d_00005cd4.asm,matched,gen-dump;ghidra=FUN_00406f80
?d_000071b0@@YAXXZ,,0x000071B0,6,Code/gen_asm/d_00005cd4.asm,matched,gen-dump;ghidra=FUN_004071b0
?d_000072f0@@YAXXZ,,0x000072F0,107,Code/gen_asm/d_00005cd4.asm,matched,gen-dump;ghidra=FUN_004072f0
?d_000074d0@@YAXXZ,,0x000074D0,30,Code/gen_asm/d_00005cd4.asm,matched,gen-dump;ghidra=FUN_004074d0
?d_00007510@@YAXXZ,,0x00007510,30,Code/gen_asm/d_00005cd4.asm,matched,gen-dump;ghidra=FUN_00407510
?d_00007550@@YAXXZ,,0x00007550,30,Code/gen_asm/d_00005cd4.asm,matched,gen-dump;ghidra=FUN_00407550
?d_00007590@@YAXXZ,,0x00007590,30,Code/gen_asm/d_00005cd4.asm,matched,gen-dump;ghidra=FUN_00407590
?d_000075d0@@YAXXZ,,0x000075D0,30,Code/gen_asm/d_00005cd4.asm,matched,gen-dump;ghidra=FUN_004075d0
?d_00007610@@YAXXZ,,0x00007610,30,Code/gen_asm/d_00005cd4.asm,matched,gen-dump;ghidra=FUN_00407610
?d_00007650@@YAXXZ,,0x00007650,30,Code/gen_asm/d_00005cd4.asm,matched,gen-dump;ghidra=FUN_00407650
?d_00009450@@YAXXZ,,0x00009450,385,Code/gen_asm/d_00005cd4.asm,matched,gen-dump;ghidra=FUN_00409450
?d_000095e0@@YAXXZ,,0x000095E0,569,Code/gen_asm/d_00005cd4.asm,matched,gen-dump;ghidra=FUN_004095e0
?d_0000b730@@YAXXZ,,0x0000B730,908,Code/gen_asm/d_0000b550.asm,matched,gen-dump;ghidra=FUN_0040b730
?d_0000bb10@@YAXXZ,,0x0000BB10,295,Code/gen_asm/d_0000b550.asm,matched,gen-dump;ghidra=FUN_0040bb10
?d_0000bc60@@YAXXZ,,0x0000BC60,314,Code/gen_asm/d_0000b550.asm,matched,gen-dump;ghidra=FUN_0040bc60
?d_0000bda0@@YAXXZ,,0x0000BDA0,174,Code/gen_asm/d_0000b550.asm,matched,gen-dump;ghidra=FUN_0040bda0
?d_0000be50@@YAXXZ,,0x0000BE50,205,Code/gen_asm/d_0000b550.asm,matched,gen-dump;ghidra=FUN_0040be50
?d_0000c000@@YAXXZ,,0x0000C000,277,Code/gen_asm/d_0000b550.asm,matched,gen-dump;ghidra=FUN_0040c000
?d_0000d050@@YAXXZ,,0x0000D050,214,Code/gen_asm/d_0000b550.asm,matched,gen-dump;ghidra=FUN_0040d050
?d_0000d540@@YAXXZ,,0x0000D540,118,Code/gen_asm/d_0000b550.asm,matched,gen-dump;ghidra=FUN_0040d540
?d_0000daa0@@YAXXZ,,0x0000DAA0,277,Code/gen_asm/d_0000b550.asm,matched,gen-dump;ghidra=FUN_0040daa0
?d_0000dea0@@YAXXZ,,0x0000DEA0,102,Code/gen_asm/d_0000b550.asm,matched,gen-dump;ghidra=FUN_0040dea0
?d_0000df10@@YAXXZ,,0x0000DF10,5,Code/gen_asm/d_0000b550.asm,matched,gen-dump;ghidra=thunk_FUN_004179b0
?d_0000eb60@@YAXXZ,,0x0000EB60,371,Code/gen_asm/d_0000b550.asm,matched,gen-dump;ghidra=FUN_0040eb60
?d_00011230@@YAXXZ,,0x00011230,122,Code/gen_asm/d_0000b550.asm,matched,gen-dump;ghidra=FUN_00411230
?d_000112aa@@YAXXZ,,0x000112AA,2406,Code/gen_asm/d_000112aa.asm,matched,gen-dump;ghidra=FUN_004112aa
?d_00012190@@YAXXZ,,0x00012190,122,Code/gen_asm/d_000112aa.asm,matched,gen-dump;ghidra=FUN_00412190
?d_0001220a@@YAXXZ,,0x0001220A,2680,Code/gen_asm/d_000112aa.asm,matched,gen-dump;ghidra=FUN_0041220a
?zero@ICoord3D@@QAEXXZ,0x00004DCF,0x00004DCF,11,Code/Libraries/Source/WWVegas/WWMath/icoord.cpp,matched,Open-BFME5 clean C++; ICoord3D zero from EA reference
??4ICoord3D@@QAEAAU0@ABU0@@Z,0x0000353A,0x0000353A,18,Code/Libraries/Source/WWVegas/WWMath/icoord.cpp,matched,Open-BFME5 clean C++; ICoord3D aggregate assignment from EA reference
??8ICoord2D@@QBE_NABUICoord2DBase@@@Z,0x00004CAD,0x00004CAD,28,Code/Libraries/Source/WWVegas/WWMath/icoord.cpp,matched,Open-BFME5 clean C++; ICoord2D equality from EA reference
??9ICoord2D@@QBE_NABUICoord2DBase@@@Z,0x00004CC9,0x00004CC9,28,Code/Libraries/Source/WWVegas/WWMath/icoord.cpp,matched,Open-BFME5 clean C++; ICoord2D inequality from EA reference
?length@ICoord3D@@QBEHXZ,0x00004D95,0x00004D95,58,Code/Libraries/Source/WWVegas/WWMath/icoord.cpp,matched,Open-BFME5 clean C++; ICoord3D integer length from EA reference
??6@YAAAVDebug@@AAV0@ABUICoord2DBase@@@Z,0x00005016,0x00005016,70,Code/Libraries/Source/WWVegas/WWMath/icoord.cpp,matched,Open-BFME5 clean C++; ICoord2DBase debug output from EA reference
??6@YAAAVDebug@@AAV0@ABUICoord3D@@@Z,0x00005121,0x00005121,91,Code/Libraries/Source/WWVegas/WWMath/icoord.cpp,matched,Open-BFME5 clean C++; ICoord3D debug output from EA reference
?width@IRegion2D@@QBEHXZ,0x00004D4B,0x00004D4B,6,Code/Libraries/Source/WWVegas/WWMath/region.cpp,matched,Open-BFME5 clean C++; IRegion2D width from EA reference
?height@IRegion2D@@QBEHXZ,0x00004D51,0x00004D51,7,Code/Libraries/Source/WWVegas/WWMath/region.cpp,matched,Open-BFME5 clean C++; IRegion2D height from EA reference
?width@IRegion3D@@QBEHXZ,0x00004E93,0x00004E93,6,Code/Libraries/Source/WWVegas/WWMath/region.cpp,matched,Open-BFME5 clean C++; IRegion3D width from EA reference
?height@IRegion3D@@QBEHXZ,0x00004E99,0x00004E99,7,Code/Libraries/Source/WWVegas/WWMath/region.cpp,matched,Open-BFME5 clean C++; IRegion3D height from EA reference
?depth@IRegion3D@@QBEHXZ,0x00004EA0,0x00004EA0,7,Code/Libraries/Source/WWVegas/WWMath/region.cpp,matched,Open-BFME5 clean C++; IRegion3D depth from EA reference
??8IRegion2D@@QBE_NABU0@@Z,0x00004D58,0x00004D58,44,Code/Libraries/Source/WWVegas/WWMath/region.cpp,matched,Open-BFME5 clean C++; IRegion2D equality from EA reference
??9IRegion2D@@QBE_NABU0@@Z,0x00004D84,0x00004D84,17,Code/Libraries/Source/WWVegas/WWMath/region.cpp,matched,Open-BFME5 clean C++; IRegion2D inequality from EA reference
?width@Region3D@@QBEMXZ,0x00004DDA,0x00004DDA,6,Code/Libraries/Source/WWVegas/WWMath/region.cpp,matched,Open-BFME5 clean C++; Region3D width from pinned BFME1 source
?height@Region3D@@QBEMXZ,0x00004DE0,0x00004DE0,7,Code/Libraries/Source/WWVegas/WWMath/region.cpp,matched,Open-BFME5 clean C++; Region3D height from pinned BFME1 source
?depth@Region3D@@QBEMXZ,0x00004DE7,0x00004DE7,7,Code/Libraries/Source/WWVegas/WWMath/region.cpp,matched,Open-BFME5 clean C++; Region3D depth from pinned BFME1 source
?zero@Region3D@@QAEXXZ,0x00004DEE,0x00004DEE,33,Code/Libraries/Source/WWVegas/WWMath/region.cpp,matched,Open-BFME5 clean C++; Region3D zero from EA source with SSE2 retail codegen
?isInRegionNoZ@Region3D@@QBE_NPBVCoord3D@@@Z,0x00004E0F,0x00004E0F,55,Code/Libraries/Source/WWVegas/WWMath/region.cpp,matched,Open-BFME5 clean C++; Region3D no-Z containment from EA source
?isInRegionWithZ@Region3D@@QBE_NPBVCoord3D@@@Z,0x00004E46,0x00004E46,77,Code/Libraries/Source/WWVegas/WWMath/region.cpp,matched,Open-BFME5 clean C++; Region3D with-Z containment from EA source
?width@Region2D@@QBEMXZ,0x00004C28,0x00004C28,6,Code/Libraries/Source/WWVegas/WWMath/region.cpp,matched,Open-BFME5 clean C++; Region2D width from pinned BFME1 source
?isInside@Region2D@@QBE_NABVCoord2D@@@Z,0x00004C2E,0x00004C2E,55,Code/Libraries/Source/WWVegas/WWMath/region.cpp,matched,Open-BFME5 clean C++; direct Open-BFME-1 Region2D isInside source
?IsExactlyEqualTo@Region2D@@QBE_NABU1@@Z,0x00004C65,0x00004C65,72,Code/Libraries/Source/WWVegas/WWMath/region.cpp,matched,Open-BFME5 clean C++; direct Open-BFME-1 Region2D exact equality source
?expandBy@Region2D@@QAEXABVCoord2D@@@Z,0x00006423,0x00006423,70,Code/Libraries/Source/WWVegas/WWMath/region.cpp,matched,Open-BFME5 clean C++; verbatim Open-BFME-1 Region2D expandBy source
?expandBy@Region3D@@QAEXABVCoord3D@@@Z,0x00006495,0x00006495,103,Code/Libraries/Source/WWVegas/WWMath/region.cpp,matched,Open-BFME5 clean C++; verbatim Open-BFME-1 Region3D expandBy source
??0Region2D@@QAE@ABVCoord2D@@0@Z,0x00004C06,0x00004C06,34,Code/Libraries/Source/WWVegas/WWMath/region.cpp,matched,Open-BFME5 clean C++; Open-BFME-1 Region2D ctor; LineSegment2D export folded alias
??6@YAAAVDebug@@AAV0@ABUIRegion3D@@@Z,0x000051AB,0x000051AB,47,Code/Libraries/Source/WWVegas/WWMath/region.cpp,matched,Open-BFME5 clean C++; Open-BFME-1 IRegion3D Debug streamer
??6@YAAAVDebug@@AAV0@ABVCoord3D@@@Z,0x000050BA,0x000050BA,103,Code/Libraries/Source/WWVegas/WWMath/coord3d.cpp,matched,Open-BFME5 clean C++; Open-BFME-1 Coord3D Debug streamer; RGBColor folded alias
??6@YAAAVDebug@@AAV0@ABURegion3D@@@Z,0x0000517C,0x0000517C,47,Code/Libraries/Source/WWVegas/WWMath/region.cpp,matched,Open-BFME5 clean C++; Open-BFME-1 Region3D Debug streamer
?getAsInt@RGBColor@@QBEHXZ,0x00004EA7,0x00004EA7,56,Code/Libraries/Source/WWVegas/WWMath/color.cpp,matched,Open-BFME5 clean C++; Open-BFME-1 RGBColor getAsInt with BFME2 O1 codegen
?setFromInt@RGBColor@@QAEXH@Z,0x00004EDF,0x00004EDF,76,Code/Libraries/Source/WWVegas/WWMath/color.cpp,matched,Open-BFME5 clean C++; Open-BFME-1 RGBColor setFromInt with BFME2 SSE2 codegen
??8@YA_NABURGBColor@@0@Z,0x00004F2B,0x00004F2B,58,Code/Libraries/Source/WWVegas/WWMath/color.cpp,matched,Open-BFME5 clean C++; Open-BFME-1 RGBColor equality source
??9@YA_NABURGBColor@@0@Z,0x00004F65,0x00004F65,21,Code/Libraries/Source/WWVegas/WWMath/color.cpp,matched,Open-BFME5 clean C++; Open-BFME-1 RGBColor inequality source
??6@YAAAVDebug@@AAV0@ABURGBAColorReal@@@Z,0x000051DA,0x000051DA,125,Code/Libraries/Source/WWVegas/WWMath/color.cpp,matched,
??6@YAAAVDebug@@AAV0@ABURGBAColorInt@@@Z,0x00005257,0x00005257,109,Code/Libraries/Source/WWVegas/WWMath/color.cpp,matched,
??0RGBColorKeyframe@FXParticleSystem@@QAE@XZ,0x00001E67,0x00001E67,24,Code/Libraries/Source/WWVegas/WWMath/color.cpp,matched,
?rad2deg@@YAMM@Z,0x00003524,0x00003524,11,Code/GameEngine/Source/Common/System/Trig.cpp,matched,
?deg2rad@@YAMM@Z,0x0000352F,0x0000352F,11,Code/GameEngine/Source/Common/System/Trig.cpp,matched,
?GetXVector@Matrix4D@@QBEAAVCoord3D@@AAV2@@Z,0x00004BBF,0x00004BBF,23,Code/Libraries/Source/WWVegas/WWMath/matrix4d.cpp,matched,
?GetYVector@Matrix4D@@QBEAAVCoord3D@@AAV2@@Z,0x00004BD6,0x00004BD6,24,Code/Libraries/Source/WWVegas/WWMath/matrix4d.cpp,matched,
?GetZVector@Matrix4D@@QBEAAVCoord3D@@AAV2@@Z,0x00004BEE,0x00004BEE,24,Code/Libraries/Source/WWVegas/WWMath/matrix4d.cpp,matched,
??YICoord2D@@QAEAAU0@ABUICoord2DBase@@@Z,0x00004CE5,0x00004CE5,19,Code/Libraries/Source/WWVegas/WWMath/icoord.cpp,matched,
??ZICoord2D@@QAEAAU0@ABUICoord2DBase@@@Z,0x00004CF8,0x00004CF8,19,Code/Libraries/Source/WWVegas/WWMath/icoord.cpp,matched,
?MoveBy@ICoord2D@@QAEAAU1@H@Z,0x00004D3D,0x00004D3D,14,Code/Libraries/Source/WWVegas/WWMath/icoord.cpp,matched,
??XICoord2D@@QAEAAU0@H@Z,0x00004D0B,0x00004D0B,25,Code/Libraries/Source/WWVegas/WWMath/icoord.cpp,matched,
??_0ICoord2D@@QAEAAU0@H@Z,0x00004D24,0x00004D24,25,Code/Libraries/Source/WWVegas/WWMath/icoord.cpp,matched,
?SetMinVect@Coord3D@@QAEAAV1@XZ,0x00003FA8,0x00003FA8,25,Code/Libraries/Source/WWVegas/WWMath/coord3d.cpp,matched,
?SetMaxVect@Coord3D@@QAEAAV1@XZ,0x00003FC1,0x00003FC1,25,Code/Libraries/Source/WWVegas/WWMath/coord3d.cpp,matched,
?SetZAxis@Coord3D@@QAEAAV1@XZ,0x00003F8C,0x00003F8C,28,Code/Libraries/Source/WWVegas/WWMath/coord3d.cpp,matched,
?SetXAxis@Coord3D@@QAEAAV1@XZ,0x00003F54,0x00003F54,28,Code/Libraries/Source/WWVegas/WWMath/coord3d.cpp,matched,
?SetYAxis@Coord3D@@QAEAAV1@XZ,0x00003F70,0x00003F70,28,Code/Libraries/Source/WWVegas/WWMath/coord3d.cpp,matched,
?SetZero@Coord3D@@QAEAAV1@XZ,0x00003FDA,0x00003FDA,20,Code/Libraries/Source/WWVegas/WWMath/coord3d.cpp,matched,
?Add2D@Coord3D@@QAEAAV1@ABUCoord3DBase@@0@Z,0x00003E04,0x00003E04,40,Code/Libraries/Source/WWVegas/WWMath/coord3d.cpp,matched,
?Sub2D@Coord3D@@QAEAAV1@ABUCoord3DBase@@0@Z,0x00003E2C,0x00003E2C,40,Code/Libraries/Source/WWVegas/WWMath/coord3d.cpp,matched,
?Scale2D@Coord3D@@QAEAAV1@ABUCoord3DBase@@M@Z,0x00003E54,0x00003E54,39,Code/Libraries/Source/WWVegas/WWMath/coord3d.cpp,matched,
?Add@Coord3D@@QAEAAV1@ABVCoord2D@@ABUCoord3DBase@@@Z,0x00003E7B,0x00003E7B,46,Code/Libraries/Source/WWVegas/WWMath/coord3d.cpp,matched,
?Add@Coord3D@@QAEAAV1@ABUCoord3DBase@@ABVCoord2D@@@Z,0x00003EA9,0x00003EA9,46,Code/Libraries/Source/WWVegas/WWMath/coord3d.cpp,matched,
?Sub@Coord3D@@QAEAAV1@ABVCoord2D@@ABUCoord3DBase@@@Z,0x00003ED7,0x00003ED7,53,Code/Libraries/Source/WWVegas/WWMath/coord3d.cpp,matched,
?Sub@Coord3D@@QAEAAV1@ABUCoord3DBase@@ABVCoord2D@@@Z,0x00003F0C,0x00003F0C,46,Code/Libraries/Source/WWVegas/WWMath/coord3d.cpp,matched,
?Set2D@Coord3D@@QAEAAV1@MM@Z,0x00003F3A,0x00003F3A,26,Code/Libraries/Source/WWVegas/WWMath/coord3d.cpp,matched,
?GetLengthSqrd2D@Coord3D@@QBEMXZ,0x000059BF,0x000059BF,20,Code/Libraries/Source/WWVegas/WWMath/coord3d.cpp,matched,
?GetLengthSqrd@Coord3D@@QBEMXZ,0x00005A51,0x00005A51,31,Code/Libraries/Source/WWVegas/WWMath/coord3d.cpp,matched,
?GetLength2D@Coord3D@@QBEMXZ,0x0000599F,0x0000599F,32,Code/Libraries/Source/WWVegas/WWMath/coord3d.cpp,matched,
?GetLength@Coord3D@@QBEMXZ,0x00005A26,0x00005A26,43,Code/Libraries/Source/WWVegas/WWMath/coord3d.cpp,matched,
?Normalize2D@Coord3D@@QAEMXZ,0x00005AB2,0x00005AB2,53,Code/Libraries/Source/WWVegas/WWMath/coord3d.cpp,matched,
?Normalize@Coord3D@@QAEMXZ,0x00005A70,0x00005A70,66,Code/Libraries/Source/WWVegas/WWMath/coord3d.cpp,matched,
??0Coord3D@@QAE@HHH@Z,0x0000354C,0x0000354C,37,Code/Libraries/Source/WWVegas/WWMath/coord3d.cpp,matched,
?set@Coord3D@@QAEXMMM@Z,0x000036AE,0x000036AE,35,Code/Libraries/Source/WWVegas/WWMath/coord3d.cpp,matched,
?sub@Coord3D@@QAEXPBUCoord3DBase@@@Z,0x0000367D,0x0000367D,49,Code/Libraries/Source/WWVegas/WWMath/coord3d.cpp,matched,
??DCoord3D@@QBEMABUCoord3DBase@@@Z,0x00003C42,0x00003C42,27,Code/Libraries/Source/WWVegas/WWMath/coord3d.cpp,matched,
?Add@Coord3D@@QAEAAV1@ABUCoord3DBase@@0@Z,0x00003D04,0x00003D04,55,Code/Libraries/Source/WWVegas/WWMath/coord3d.cpp,matched,
?Sub@Coord3D@@QAEAAV1@ABUCoord3DBase@@0@Z,0x00003D3B,0x00003D3B,55,Code/Libraries/Source/WWVegas/WWMath/coord3d.cpp,matched,
?Scale@Coord3D@@QAEAAV1@ABUCoord3DBase@@M@Z,0x00003DA5,0x00003DA5,55,Code/Libraries/Source/WWVegas/WWMath/coord3d.cpp,matched,
?Negate@Coord3D@@QAEAAV1@XZ,0x00003DDC,0x00003DDC,40,Code/Libraries/Source/WWVegas/WWMath/coord3d.cpp,matched,
?crossProduct@Coord3D@@SAXPBV1@0PAV1@@Z,0x0000360C,0x0000360C,95,Code/Libraries/Source/WWVegas/WWMath/coord3d.cpp,matched,
?length@Coord3D@@QBEMXZ,0x00003571,0x00003571,69,Code/Libraries/Source/WWVegas/WWMath/coord3d.cpp,matched,
??DCoord3D@@QBEMABVCoord2D@@@Z,0x00003C5D,0x00003C5D,19,Code/Libraries/Source/WWVegas/WWMath/coord3d.cpp,matched,
??0Coord3D@@QAE@ABVCoord2D@@@Z,0x00003AB3,0x00003AB3,27,Code/Libraries/Source/WWVegas/WWMath/coord3d.cpp,matched,
?Scale2D@Coord3D@@QAEAAV1@M@Z,0x00003867,0x00003867,35,Code/Libraries/Source/WWVegas/WWMath/coord3d.cpp,matched,
??YCoord3D@@QAEAAV0@ABVCoord2D@@@Z,0x000038B3,0x000038B3,36,Code/Libraries/Source/WWVegas/WWMath/coord3d.cpp,matched,
??ZCoord3D@@QAEAAV0@ABVCoord2D@@@Z,0x000038D7,0x000038D7,36,Code/Libraries/Source/WWVegas/WWMath/coord3d.cpp,matched,
??YCoord3D@@QAEAAV0@ABUCoord3DBase@@@Z,0x00003CD1,0x00003CD1,51,Code/Libraries/Source/WWVegas/WWMath/coord3d.cpp,matched,
??8Coord3D@@QBE_NABV0@@Z,0x00003702,0x00003702,57,Code/Libraries/Source/WWVegas/WWMath/coord3d.cpp,matched,
?SetZero@Coord2D@@QAEAAV1@XZ,0x00003AA4,0x00003AA4,15,Code/Libraries/Source/WWVegas/WWMath/coord2d.cpp,matched,
?Scale@Coord3D@@QAEAAV1@M@Z,0x00003D72,0x00003D72,51,Code/Libraries/Source/WWVegas/WWMath/coord3d.cpp,matched,
?zero@Coord3D@@QAEXXZ,0x0000366B,0x0000366B,18,Code/Libraries/Source/WWVegas/WWMath/coord3d.cpp,matched,
?normalize@Coord3D@@QAEXXZ,0x000035B6,0x000035B6,86,Code/Libraries/Source/WWVegas/WWMath/coord3d.cpp,matched,
?GetLengthEstimate2D@Coord3D@@QBEMXZ,0x000037D1,0x000037D1,108,Code/Libraries/Source/WWVegas/WWMath/coord3d.cpp,matched,
??0Coord2D@@QAE@HH@Z,0x0000373B,0x0000373B,26,Code/Libraries/Source/WWVegas/WWMath/coord2d.cpp,matched,
?Negate@Coord2D@@QAEAAV1@XZ,0x000038FB,0x000038FB,27,Code/Libraries/Source/WWVegas/WWMath/coord2d.cpp,matched,
?IsExactlyEqualTo@Coord2D@@QBE_NABV1@@Z,0x0000383D,0x0000383D,42,Code/Libraries/Source/WWVegas/WWMath/coord2d.cpp,matched,
?SetXAxis@Coord2D@@QAEAAV1@XZ,0x00003A4E,0x00003A4E,23,Code/Libraries/Source/WWVegas/WWMath/coord2d.cpp,matched,
?SetYAxis@Coord2D@@QAEAAV1@XZ,0x00003A65,0x00003A65,23,Code/Libraries/Source/WWVegas/WWMath/coord2d.cpp,matched,
?SetMinVect@Coord2D@@QAEAAV1@XZ,0x00003A7C,0x00003A7C,20,Code/Libraries/Source/WWVegas/WWMath/coord2d.cpp,matched,
?SetMaxVect@Coord2D@@QAEAAV1@XZ,0x00003A90,0x00003A90,20,Code/Libraries/Source/WWVegas/WWMath/coord2d.cpp,matched,
??_0Coord2D@@QAEAAV0@M@Z,0x0000388A,0x0000388A,41,Code/Libraries/Source/WWVegas/WWMath/coord2d.cpp,matched,
?length@Coord2D@@QBEMXZ,0x00003755,0x00003755,53,Code/Libraries/Source/WWVegas/WWMath/coord2d.cpp,matched,
?Rotate@Coord2D@@QAEAAV1@MM@Z,0x0000397B,0x0000397B,64,Code/Libraries/Source/WWVegas/WWMath/coord2d.cpp,matched,
?Rotate@Coord2D@@QAEAAV1@AAV1@MM@Z,0x00003A0B,0x00003A0B,67,Code/Libraries/Source/WWVegas/WWMath/coord2d.cpp,matched,
??6@YAAAVDebug@@AAV0@ABVCoord2D@@@Z,0x00004FC8,0x00004FC8,78,Code/Libraries/Source/WWVegas/WWMath/coord2d.cpp,matched,
?normalize@Coord2D@@QAEXXZ,0x0000378A,0x0000378A,71,Code/Libraries/Source/WWVegas/WWMath/coord2d.cpp,matched,
?set@?$StringBase@D@@QAEXD@Z,0x0000561A,0x0000561A,15,Code/Libraries/Source/WWVegas/WWLib/string_base.cpp,matched,
?concat@?$StringBase@D@@QAEXD@Z,0x0000564E,0x0000564E,15,Code/Libraries/Source/WWVegas/WWLib/string_base.cpp,matched,
?set@?$StringBase@G@@QAEXG@Z,0x00005683,0x00005683,15,Code/Libraries/Source/WWVegas/WWLib/string_base.cpp,matched,
?concat@?$StringBase@G@@QAEXG@Z,0x000056B8,0x000056B8,15,Code/Libraries/Source/WWVegas/WWLib/string_base.cpp,matched,
?getLength@?$StringBase@D@@QBEHXZ,0x00005808,0x00005808,14,Code/Libraries/Source/WWVegas/WWLib/string_base.cpp,matched,
?str@?$StringBase@D@@QBEPBDXZ,0x000023EE,0x000023EE,16,Code/Libraries/Source/WWVegas/WWLib/string_base.cpp,matched,
?str@?$StringBase@G@@QBEPBGXZ,0x000023FE,0x000023FE,16,Code/Libraries/Source/WWVegas/WWLib/string_base.cpp,matched,
?compare@?$StringBase@D@@QBEHABV1@@Z,0x000069D6,0x000069D6,42,Code/Libraries/Source/WWVegas/WWLib/string_base.cpp,matched,
?concat@?$StringBase@D@@QAEXABV1@@Z,0x00006987,0x00006987,42,Code/Libraries/Source/WWVegas/WWLib/string_base.cpp,matched,
?compareNoCase@?$StringBase@D@@QBEHABV1@@Z,0x00006A00,0x00006A00,42,Code/Libraries/Source/WWVegas/WWLib/string_base.cpp,matched,
?concat@?$StringBase@G@@QAEXABV1@@Z,0x00006A2A,0x00006A2A,42,Code/Libraries/Source/WWVegas/WWLib/string_base.cpp,matched,
?compare@?$StringBase@G@@QBEHABV1@@Z,0x00006A7A,0x00006A7A,42,Code/Libraries/Source/WWVegas/WWLib/string_base.cpp,matched,
?compareNoCase@?$StringBase@G@@QBEHABV1@@Z,0x00006AA4,0x00006AA4,42,Code/Libraries/Source/WWVegas/WWLib/string_base.cpp,matched,
?compare@?$StringBase@D@@QBEHPBD@Z,0x000069B1,0x000069B1,37,Code/Libraries/Source/WWVegas/WWLib/string_base.cpp,matched,
?compare@?$StringBase@G@@QBEHPBG@Z,0x00006A54,0x00006A54,38,Code/Libraries/Source/WWVegas/WWLib/string_base.cpp,matched,
?Detach@CImage@ATL@@QAEPAUHBITMAP__@@XZ,,0x000015A6,34,Code/Libraries/Source/ATL/atlimage.cpp,matched,vendored=atl-7.1
?GetDC@CDCCache@CImage@ATL@@QAEPAUHDC__@@XZ,,0x00001514,38,Code/Libraries/Source/ATL/atlimage.cpp,matched,vendored=atl-7.1
?ReleaseDC@CDCCache@CImage@ATL@@QAEXPAUHDC__@@@Z,,0x0000153A,46,Code/Libraries/Source/ATL/atlimage.cpp,matched,vendored=atl-7.1
?GetDC@CImage@ATL@@QBEPAUHDC__@@XZ,,0x000015C8,43,Code/Libraries/Source/ATL/atlimage.cpp,matched,vendored=atl-7.1
?ReleaseDC@CImage@ATL@@QBEXXZ,,0x000015F3,39,Code/Libraries/Source/ATL/atlimage.cpp,matched,vendored=atl-7.1
?SetColorTable@CImage@ATL@@QAEXIIPBUtagRGBQUAD@@@Z,,0x0000161A,40,Code/Libraries/Source/ATL/atlimage.cpp,matched,vendored=atl-7.1
?IncreaseCImageCount@CInitGDIPlus@CImage@ATL@@QAEXXZ,,0x000014D5,27,Code/Libraries/Source/ATL/atlimage.cpp,matched,vendored=atl-7.1
?ReleaseGDIPlus@CInitGDIPlus@CImage@ATL@@QAEXXZ,,0x000014AE,39,Code/Libraries/Source/ATL/atlimage.cpp,matched,vendored=atl-7.1
?DecreaseCImageCount@CInitGDIPlus@CImage@ATL@@QAEXXZ,,0x000014F0,36,Code/Libraries/Source/ATL/atlimage.cpp,matched,vendored=atl-7.1
?UpdateBitmapInfo@CImage@ATL@@AAEXW4DIBOrientation@12@@Z,,0x00001642,174,Code/Libraries/Source/ATL/atlimage.cpp,matched,vendored=atl-7.1
??4AsciiString@@QAEAAV0@ABV0@@Z,0x00001733,0x00001733,18,Code/Libraries/Source/WWVegas/WWLib/ascii_string.cpp,matched,
??4AsciiString@@QAEAAV0@D@Z,0x000065CA,0x000065CA,30,Code/Libraries/Source/WWVegas/WWLib/ascii_string.cpp,matched,
??YAsciiString@@QAEAAV0@D@Z,0x000065FA,0x000065FA,30,Code/Libraries/Source/WWVegas/WWLib/ascii_string.cpp,matched,
??0AsciiString@@QAE@PBD@Z,0x0000654A,0x0000654A,18,Code/Libraries/Source/WWVegas/WWLib/ascii_string.cpp,matched,
??0AsciiString@@QAE@D@Z,0x00006572,0x00006572,18,Code/Libraries/Source/WWVegas/WWLib/ascii_string.cpp,matched,
??0AsciiString@@QAE@PBDH@Z,0x0000655C,0x0000655C,22,Code/Libraries/Source/WWVegas/WWLib/ascii_string.cpp,matched,
??0AsciiString@@QAE@ABV0@HH@Z,0x00006584,0x00006584,26,Code/Libraries/Source/WWVegas/WWLib/ascii_string.cpp,matched,
??0AsciiString@@QAE@PBDHH@Z,0x0000659E,0x0000659E,26,Code/Libraries/Source/WWVegas/WWLib/ascii_string.cpp,matched,
??YAsciiString@@QAEAAV0@ABV0@@Z,0x00006D12,0x00006D12,18,Code/Libraries/Source/WWVegas/WWLib/ascii_string.cpp,matched,
??4AsciiString@@QAEAAV0@PBD@Z,0x000065B8,0x000065B8,18,Code/Libraries/Source/WWVegas/WWLib/ascii_string.cpp,matched,
??YAsciiString@@QAEAAV0@PBD@Z,0x000065E8,0x000065E8,18,Code/Libraries/Source/WWVegas/WWLib/ascii_string.cpp,matched,
?set@?$StringBase@D@@QAEXPBD@Z,0x000055F5,0x000055F5,37,Code/Libraries/Source/WWVegas/WWLib/string_base.cpp,matched,
?concat@?$StringBase@D@@QAEXPBD@Z,0x00005629,0x00005629,37,Code/Libraries/Source/WWVegas/WWLib/string_base.cpp,matched,
?set@?$StringBase@G@@QAEXPBG@Z,0x0000565D,0x0000565D,38,Code/Libraries/Source/WWVegas/WWLib/string_base.cpp,matched,
?concat@?$StringBase@G@@QAEXPBG@Z,0x00005692,0x00005692,38,Code/Libraries/Source/WWVegas/WWLib/string_base.cpp,matched,
??0EventModuleInfo@FXParticleSystem@@QAE@XZ,0x00001236,0x00001236,10,Code/GameEngine/Source/GameClient/System/FXParticleSystem/fx_particle_system.cpp,matched,
?GetSnapshotName@ParticleSystemInfo@FXParticleSystem@@UAEPBDXZ,0x00001272,0x00001272,6,Code/GameEngine/Source/GameClient/System/FXParticleSystem/fx_particle_system.cpp,matched,
?Determinant@Matrix4D@@QBEMXZ,0x0000424D,0x0000424D,188,Code/Libraries/Source/WWVegas/WWMath/matrix4d.cpp,matched,
?Transpose@Matrix4D@@QAEAAV1@XZ,0x000041DE,0x000041DE,111,Code/Libraries/Source/WWVegas/WWMath/matrix4d.cpp,matched,
?RotateCoord@Matrix4D@@QAEAAVCoord3D@@ABV2@AAV2@@Z,0x00004753,0x00004753,135,Code/Libraries/Source/WWVegas/WWMath/matrix4d.cpp,matched,
?TransformCoord@Matrix4D@@QAEAAVCoord3D@@ABV2@AAV2@@Z,0x000046BD,0x000046BD,150,Code/Libraries/Source/WWVegas/WWMath/matrix4d.cpp,matched,
??0Matrix4D@@QAE@ABV0@@Z,0x00005B4D,0x00005B4D,107,Code/Libraries/Source/WWVegas/WWMath/matrix4d.cpp,matched,
??0Matrix4D@@QAE@MMMMMMMMMMMMMMMM@Z,0x00005C2C,0x00005C2C,168,Code/Libraries/Source/WWVegas/WWMath/matrix4d.cpp,matched,
??XMatrix4D@@QAEAAV0@M@Z,0x000044F5,0x000044F5,233,Code/Libraries/Source/WWVegas/WWMath/matrix4d.cpp,matched,
??YMatrix4D@@QAEAAV0@ABV0@@Z,0x00004309,0x00004309,246,Code/Libraries/Source/WWVegas/WWMath/matrix4d.cpp,matched,
??ZMatrix4D@@QAEAAV0@ABV0@@Z,0x000043FF,0x000043FF,246,Code/Libraries/Source/WWVegas/WWMath/matrix4d.cpp,matched,
??_0Matrix4D@@QAEAAV0@M@Z,0x000045DE,0x000045DE,223,Code/Libraries/Source/WWVegas/WWMath/matrix4d.cpp,matched,
?Inverse@Matrix4D@@QAEMXZ,0x00005CD4,0x00005CD4,1497,Code/Libraries/Source/WWVegas/WWMath/matrix4d.cpp,matched,
?pubimbue@?$basic_streambuf@GV?$char_traits@G@_STL@@@_STL@@QAE?AVlocale@2@ABV32@@Z,,0x00013660,132,Code/Libraries/Source/WWVegas/WWLib/stlport_wide_streambuf_pubimbue.cpp,matched,vendored=stlport-4.5.3;wide basic_streambuf pubimbue upstream body
?push_back@?$basic_string@DV?$char_traits@D@_STL@@V?$allocator@D@2@@_STL@@QAEXD@Z,,0x0000C330,84,Code/Libraries/Source/WWVegas/WWLib/stlport_narrow_string_push_back.cpp,matched,vendored=stlport-4.5.3;narrow basic_string push_back upstream body
_free,,0x00030830,17,Code/GameEngine/Source/Common/System/GameMemoryFree.cpp,matched,Open-BFME-1 GameMemory.cpp MEMORYPOOL_OVERRIDE_MALLOC free wrapper; game allocator class 3
??1?$basic_string@DV?$char_traits@D@_STL@@V?$allocator@D@2@@_STL@@QAE@XZ,,0x00142D70,14,Code/Libraries/Source/WWVegas/WWLib/stlport_narrow_num_get_double.cpp,matched,STLport 4.5.3 narrow string destructor selected by the 0x0000FCC0 unwind map; calls GameMemory free
?do_get@?$num_get@DV?$istreambuf_iterator@DV?$char_traits@D@_STL@@@_STL@@@_STL@@MBE?AV?$istreambuf_iterator@DV?$char_traits@D@_STL@@@2@V32@0AAVios_base@2@AAHAAN@Z,,0x0000FCC0,191,Code/Libraries/Source/WWVegas/WWLib/stlport_narrow_num_get_double.cpp,matched,vendored=stlport-4.5.3;narrow num_get double upstream body
?do_get@?$num_get@DV?$istreambuf_iterator@DV?$char_traits@D@_STL@@@_STL@@@_STL@@MBE?AV?$istreambuf_iterator@DV?$char_traits@D@_STL@@@2@V32@0AAVios_base@2@AAHAAM@Z,,0x0000FD80,191,Code/Libraries/Source/WWVegas/WWLib/stlport_narrow_num_get_double.cpp,matched,vendored=stlport-4.5.3;narrow num_get float upstream body
??$_M_do_put_float@DV?$ostreambuf_iterator@DV?$char_traits@D@_STL@@@_STL@@O@_STL@@YA?AV?$ostreambuf_iterator@DV?$char_traits@D@_STL@@@0@V10@AAVios_base@0@DO@Z,,0x0000FE80,222,Code/Libraries/Source/WWVegas/WWLib/stlport_narrow_num_get_double.cpp,matched,vendored=stlport-4.6;narrow long double output formatter upstream body
??$__put_float@V?$ostreambuf_iterator@DV?$char_traits@D@_STL@@@_STL@@@_STL@@YA?AV?$ostreambuf_iterator@DV?$char_traits@D@_STL@@@0@PAD0V10@AAVios_base@0@DDDABV?$basic_string@DV?$char_traits@D@_STL@@V?$allocator@D@2@@0@@Z,,0x0000FF60,280,Code/Libraries/Source/WWVegas/WWLib/stlport_narrow_num_get_double.cpp,matched,vendored=stlport-4.6;narrow float grouping and padding helper
??$__find@PADD@_STL@@YAPADPAD0ABDABUrandom_access_iterator_tag@0@@Z,,0x00010080,105,Code/Libraries/Source/WWVegas/WWLib/stlport_narrow_num_get_double.cpp,matched,vendored=stlport-4.6;narrow random-access find helper upstream body
??$__copy_float_and_fill@DV?$ostreambuf_iterator@DV?$char_traits@D@_STL@@@_STL@@@_STL@@YA?AV?$ostreambuf_iterator@DV?$char_traits@D@_STL@@@0@PBD0V10@HHDDD@Z,,0x000100F0,300,Code/Libraries/Source/WWVegas/WWLib/stlport_narrow_copy_float_and_fill.cpp,matched,vendored=stlport-4.6;narrow float copy-and-fill helper upstream-equivalent body
??$_M_do_put_float@DV?$ostreambuf_iterator@DV?$char_traits@D@_STL@@@_STL@@N@_STL@@YA?AV?$ostreambuf_iterator@DV?$char_traits@D@_STL@@@0@V10@AAVios_base@0@DN@Z,,0x00010260,222,Code/Libraries/Source/WWVegas/WWLib/stlport_narrow_num_get_double.cpp,matched,vendored=stlport-4.6;narrow double output formatter upstream body
?do_get@?$num_get@GV?$istreambuf_iterator@GV?$char_traits@G@_STL@@@_STL@@@_STL@@MBE?AV?$istreambuf_iterator@GV?$char_traits@G@_STL@@@2@V32@0AAVios_base@2@AAHAAO@Z,,0x00010340,217,Code/Libraries/Source/WWVegas/WWLib/stlport_wide_num_get_long_double.cpp,matched,vendored=stlport-4.5.3;wide long-double numeric input upstream body
??$_M_read_float@V?$istreambuf_iterator@GV?$char_traits@G@_STL@@@_STL@@G@_STL@@YA_NAAV?$basic_string@DV?$char_traits@D@_STL@@V?$allocator@D@2@@0@AAV?$istreambuf_iterator@GV?$char_traits@G@_STL@@@0@1AAVios_base@0@PAG@Z,,0x00010420,493,Code/Libraries/Source/WWVegas/WWLib/stlport_wide_read_float.cpp,matched,vendored=stlport-4.5.3;wide floating-point scanner upstream-equivalent body
?equal@?$istreambuf_iterator@GV?$char_traits@G@_STL@@@_STL@@QBE_NABV12@@Z,,0x00010610,46,Code/Libraries/Source/WWVegas/WWLib/stlport_wide_istreambuf_iterator_equal.cpp,matched,vendored=stlport-4.5.3;wide istreambuf_iterator equality member upstream body
??$__copy_sign@V?$istreambuf_iterator@GV?$char_traits@G@_STL@@@_STL@@G@_STL@@YA?AV?$istreambuf_iterator@GV?$char_traits@G@_STL@@@0@V10@0AAV?$basic_string@DV?$char_traits@D@_STL@@V?$allocator@D@2@@0@GG@Z,,0x00010640,89,Code/Libraries/Source/WWVegas/WWLib/stlport_wide_copy_sign.cpp,matched,vendored=stlport-4.5.3;wide floating-point sign scanner upstream body
??$__copy_grouped_digits@V?$istreambuf_iterator@GV?$char_traits@G@_STL@@@_STL@@G@_STL@@YA_NAAV?$istreambuf_iterator@GV?$char_traits@G@_STL@@@0@0AAV?$basic_string@DV?$char_traits@D@_STL@@V?$allocator@D@2@@0@PBGGABV20@AA_N@Z,,0x000106A0,303,Code/Libraries/Source/WWVegas/WWLib/stlport_wide_copy_grouped_digits.cpp,matched,vendored=stlport-4.5.3;wide grouped-digit scanner upstream body
??$__copy_digits@V?$istreambuf_iterator@GV?$char_traits@G@_STL@@@_STL@@G@_STL@@YA_NAAV?$istreambuf_iterator@GV?$char_traits@G@_STL@@@0@0AAV?$basic_string@DV?$char_traits@D@_STL@@V?$allocator@D@2@@0@PBG@Z,,0x000107D0,195,Code/Libraries/Source/WWVegas/WWLib/stlport_wide_copy_digits.cpp,matched,vendored=stlport-4.5.3;wide digit scanner upstream body
?do_get@?$num_get@GV?$istreambuf_iterator@GV?$char_traits@G@_STL@@@_STL@@@_STL@@MBE?AV?$istreambuf_iterator@GV?$char_traits@G@_STL@@@2@V32@0AAVios_base@2@AAHAAN@Z,,0x000108A0,191,Code/Libraries/Source/WWVegas/WWLib/stlport_wide_num_get_double.cpp,matched,vendored=stlport-4.5.3;wide double numeric input upstream body
?do_get@?$num_get@GV?$istreambuf_iterator@GV?$char_traits@G@_STL@@@_STL@@@_STL@@MBE?AV?$istreambuf_iterator@GV?$char_traits@G@_STL@@@2@V32@0AAVios_base@2@AAHAAM@Z,,0x00010960,191,Code/Libraries/Source/WWVegas/WWLib/stlport_wide_num_get_float.cpp,matched,vendored=stlport-4.5.3;wide float numeric input upstream body
??$__put_integer@V?$ostreambuf_iterator@GV?$char_traits@G@_STL@@@_STL@@@_STL@@YA?AV?$ostreambuf_iterator@GV?$char_traits@G@_STL@@@0@PAD0V10@AAVios_base@0@HG@Z,,0x00010A70,332,Code/Libraries/Source/WWVegas/WWLib/stlport_wide_put_integer.cpp,matched,vendored=stlport-4.5.3;wide integer formatter upstream body
??$_M_do_put_float@GV?$ostreambuf_iterator@GV?$char_traits@G@_STL@@@_STL@@O@_STL@@YA?AV?$ostreambuf_iterator@GV?$char_traits@G@_STL@@@0@V10@AAVios_base@0@GO@Z,,0x00010CF0,224,Code/Libraries/Source/WWVegas/WWLib/stlport_wide_num_put_long_double.cpp,matched,vendored=stlport-4.5.3;wide long-double output formatter upstream body
??$__put_float@V?$ostreambuf_iterator@GV?$char_traits@G@_STL@@@_STL@@@_STL@@YA?AV?$ostreambuf_iterator@GV?$char_traits@G@_STL@@@0@PAD0V10@AAVios_base@0@GGGABV?$basic_string@DV?$char_traits@D@_STL@@V?$allocator@D@2@@0@@Z,,0x00010DD0,393,Code/Libraries/Source/WWVegas/WWLib/stlport_wide_put_float.cpp,matched,vendored=stlport-4.6;wide float conversion grouping and padding helper
??$__find@PAGG@_STL@@YAPAGPAG0ABGABUrandom_access_iterator_tag@0@@Z,,0x00010F60,119,Code/Libraries/Source/WWVegas/WWLib/stlport_wide_find.cpp,matched,vendored=stlport-4.5.3;wide random-access find upstream body
??$__copy_float_and_fill@GV?$ostreambuf_iterator@GV?$char_traits@G@_STL@@@_STL@@@_STL@@YA?AV?$ostreambuf_iterator@GV?$char_traits@G@_STL@@@0@PBG0V10@HHGGG@Z,,0x00010FE0,300,Code/Libraries/Source/WWVegas/WWLib/stlport_wide_copy_float_and_fill.cpp,matched,vendored=stlport-4.6;wide float copy-and-fill helper upstream-equivalent body
??$_M_do_put_float@GV?$ostreambuf_iterator@GV?$char_traits@G@_STL@@@_STL@@N@_STL@@YA?AV?$ostreambuf_iterator@GV?$char_traits@G@_STL@@@0@V10@AAVios_base@0@GN@Z,,0x00011150,224,Code/Libraries/Source/WWVegas/WWLib/stlport_wide_num_put_double.cpp,matched,vendored=stlport-4.6;wide double output formatter upstream body
??$_M_do_get_integer@V?$istreambuf_iterator@DV?$char_traits@D@_STL@@@_STL@@_KD@_STL@@YA?AV?$istreambuf_iterator@DV?$char_traits@D@_STL@@@0@AAV10@0AAVios_base@0@AAHAA_KPAD@Z,,0x00007B30,260,Code/Libraries/Source/WWVegas/WWLib/stlport_narrow_do_get_integer_uint64.cpp,matched,vendored=stlport-4.5.3;narrow unsigned 64-bit integer scanner upstream body
??$_M_do_get_integer@V?$istreambuf_iterator@DV?$char_traits@D@_STL@@@_STL@@_JD@_STL@@YA?AV?$istreambuf_iterator@DV?$char_traits@D@_STL@@@0@AAV10@0AAVios_base@0@AAHAA_JPAD@Z,,0x00008120,260,Code/Libraries/Source/WWVegas/WWLib/stlport_narrow_do_get_integer_int64.cpp,matched,vendored=stlport-4.5.3;narrow signed 64-bit integer scanner upstream body
??$_M_do_get_integer@V?$istreambuf_iterator@DV?$char_traits@D@_STL@@@_STL@@GD@_STL@@YA?AV?$istreambuf_iterator@DV?$char_traits@D@_STL@@@0@AAV10@0AAVios_base@0@AAHAAGPAD@Z,,0x000087A0,251,Code/Libraries/Source/WWVegas/WWLib/stlport_narrow_do_get_integer_uint16.cpp,matched,vendored=stlport-4.5.3;narrow unsigned-short integer scanner upstream body
??$__get_integer@V?$istreambuf_iterator@DV?$char_traits@D@_STL@@@_STL@@_J@_STL@@YA_NAAV?$istreambuf_iterator@DV?$char_traits@D@_STL@@@0@0HAA_JH_NDABV?$basic_string@DV?$char_traits@D@_STL@@V?$allocator@D@2@@0@ABU__true_type@0@@Z,,0x00008230,537,Code/Libraries/Source/WWVegas/WWLib/stlport_narrow_get_integer_int64.cpp,matched,vendored=stlport-4.5.3;narrow signed 64-bit integer accumulator upstream body
??$_M_do_get_integer@V?$istreambuf_iterator@DV?$char_traits@D@_STL@@@_STL@@KD@_STL@@YA?AV?$istreambuf_iterator@DV?$char_traits@D@_STL@@@0@AAV10@0AAVios_base@0@AAHAAKPAD@Z,,0x000084B0,252,Code/Libraries/Source/WWVegas/WWLib/stlport_narrow_do_get_integer_ulong.cpp,matched,vendored=stlport-4.5.3;narrow unsigned-long integer scanner upstream body
??$__get_integer@V?$istreambuf_iterator@DV?$char_traits@D@_STL@@@_STL@@_K@_STL@@YA_NAAV?$istreambuf_iterator@DV?$char_traits@D@_STL@@@0@0HAA_KH_NDABV?$basic_string@DV?$char_traits@D@_STL@@V?$allocator@D@2@@0@ABU__false_type@0@@Z,,0x00007EE0,522,Code/Libraries/Source/WWVegas/WWLib/stlport_narrow_get_integer_uint64.cpp,matched,vendored=stlport-4.5.3;narrow unsigned 64-bit integer accumulator upstream body
??$__get_integer@V?$istreambuf_iterator@DV?$char_traits@D@_STL@@@_STL@@G@_STL@@YA_NAAV?$istreambuf_iterator@DV?$char_traits@D@_STL@@@0@0HAAGH_NDABV?$basic_string@DV?$char_traits@D@_STL@@V?$allocator@D@2@@0@ABU__false_type@0@@Z,,0x000088A0,399,Code/Libraries/Source/WWVegas/WWLib/stlport_narrow_get_integer_uint16.cpp,matched,vendored=stlport-4.5.3;narrow unsigned-short integer accumulator upstream body
??$_M_do_get_integer@V?$istreambuf_iterator@DV?$char_traits@D@_STL@@@_STL@@JD@_STL@@YA?AV?$istreambuf_iterator@DV?$char_traits@D@_STL@@@0@AAV10@0AAVios_base@0@AAHAAJPAD@Z,,0x00008A60,252,Code/Libraries/Source/WWVegas/WWLib/stlport_narrow_do_get_integer_long.cpp,matched,vendored=stlport-4.5.3;narrow signed-long integer scanner upstream body
??$__get_integer@V?$istreambuf_iterator@DV?$char_traits@D@_STL@@@_STL@@J@_STL@@YA_NAAV?$istreambuf_iterator@DV?$char_traits@D@_STL@@@0@0HAAJH_NDABV?$basic_string@DV?$char_traits@D@_STL@@V?$allocator@D@2@@0@ABU__true_type@0@@Z,,0x00008B60,404,Code/Libraries/Source/WWVegas/WWLib/stlport_narrow_get_integer_long.cpp,matched,vendored=stlport-4.5.3;narrow signed-long integer accumulator upstream body
??1_Locale_impl@_STL@@UAE@XZ,,0x00008D60,21,Code/Libraries/Source/WWVegas/WWLib/stlport_locale_impl_dtor.cpp,matched,vendored=stlport-4.5.3;retail RTTI and scalar deleting destructor confirm _Locale_impl identity
??0?$time_get@DV?$istreambuf_iterator@DV?$char_traits@D@_STL@@@_STL@@@_STL@@QAE@I@Z,,0x00008D80,108,Code/Libraries/Source/WWVegas/WWLib/stlport_narrow_time_get_ctor.cpp,matched,vendored=stlport-4.5.3;narrow time_get default constructor from _time_facets.h
??0?$time_put@DV?$ostreambuf_iterator@DV?$char_traits@D@_STL@@@_STL@@@_STL@@QAE@I@Z,,0x00008DF0,108,Code/Libraries/Source/WWVegas/WWLib/stlport_narrow_time_put_ctor.cpp,matched,vendored=stlport-4.5.3;narrow time_put default constructor from _time_facets.h
??0?$time_get@GV?$istreambuf_iterator@GV?$char_traits@G@_STL@@@_STL@@@_STL@@QAE@I@Z,,0x00008E60,108,Code/Libraries/Source/WWVegas/WWLib/stlport_wide_time_get_ctor.cpp,matched,vendored=stlport-4.5.3;wide time_get default constructor from _time_facets.h
??0?$time_put@GV?$ostreambuf_iterator@GV?$char_traits@G@_STL@@@_STL@@@_STL@@QAE@I@Z,,0x00008ED0,108,Code/Libraries/Source/WWVegas/WWLib/stlport_wide_time_put_ctor.cpp,matched,vendored=stlport-4.5.3;wide time_put default constructor from _time_facets.h
??$__get_integer@V?$istreambuf_iterator@DV?$char_traits@D@_STL@@@_STL@@K@_STL@@YA_NAAV?$istreambuf_iterator@DV?$char_traits@D@_STL@@@0@0HAAKH_NDABV?$basic_string@DV?$char_traits@D@_STL@@V?$allocator@D@2@@0@ABU__false_type@0@@Z,,0x000085B0,387,Code/Libraries/Source/WWVegas/WWLib/stlport_narrow_get_integer_ulong.cpp,matched,stlport-4.5.3
??$__copy_sign@V?$istreambuf_iterator@DV?$char_traits@D@_STL@@@_STL@@D@_STL@@YA?AV?$istreambuf_iterator@DV?$char_traits@D@_STL@@@0@V10@0AAV?$basic_string@DV?$char_traits@D@_STL@@V?$allocator@D@2@@0@DD@Z,,0x0000FA80,86,Code/Libraries/Source/WWVegas/WWLib/stlport_narrow_copy_sign.cpp,matched,stlport-4.5.3
??$__copy_digits@V?$istreambuf_iterator@DV?$char_traits@D@_STL@@@_STL@@D@_STL@@YA_NAAV?$istreambuf_iterator@DV?$char_traits@D@_STL@@@0@0AAV?$basic_string@DV?$char_traits@D@_STL@@V?$allocator@D@2@@0@PBD@Z,,0x0000FC00,184,Code/Libraries/Source/WWVegas/WWLib/stlport_narrow_copy_digits.cpp,matched,stlport-4.5.3
??$__copy_grouped_digits@V?$istreambuf_iterator@DV?$char_traits@D@_STL@@@_STL@@D@_STL@@YA_NAAV?$istreambuf_iterator@DV?$char_traits@D@_STL@@@0@0AAV?$basic_string@DV?$char_traits@D@_STL@@V?$allocator@D@2@@0@PBDDABV20@AA_N@Z,,0x0000FAE0,282,Code/Libraries/Source/WWVegas/WWLib/stlport_narrow_copy_grouped_digits.cpp,matched,stlport-4.5.3
??$_M_read_float@V?$istreambuf_iterator@DV?$char_traits@D@_STL@@@_STL@@D@_STL@@YA_NAAV?$basic_string@DV?$char_traits@D@_STL@@V?$allocator@D@2@@0@AAV?$istreambuf_iterator@DV?$char_traits@D@_STL@@@0@1AAVios_base@0@PAD@Z,,0x0000F850,419,Code/Libraries/Source/WWVegas/WWLib/stlport_narrow_read_float.cpp,matched,stlport-4.5.3
?do_get@?$num_get@DV?$istreambuf_iterator@DV?$char_traits@D@_STL@@@_STL@@@_STL@@MBE?AV?$istreambuf_iterator@DV?$char_traits@D@_STL@@@2@V32@0AAVios_base@2@AAHAAO@Z,,0x0000F770,213,Code/Libraries/Source/WWVegas/WWLib/stlport_narrow_num_get_long_double.cpp,matched,stlport-4.5.3
??4UnicodeString@@QAEAAV0@PBG@Z,0x0000667E,0x0000667E,18,Code/Libraries/Source/WWVegas/WWLib/unicode_string.cpp,matched,
??4UnicodeString@@QAEAAV0@G@Z,0x00006690,0x00006690,30,Code/Libraries/Source/WWVegas/WWLib/unicode_string.cpp,matched,
??YUnicodeString@@QAEAAV0@PBG@Z,0x000066AE,0x000066AE,18,Code/Libraries/Source/WWVegas/WWLib/unicode_string.cpp,matched,
??YUnicodeString@@QAEAAV0@G@Z,0x000066C0,0x000066C0,30,Code/Libraries/Source/WWVegas/WWLib/unicode_string.cpp,matched,
??0UnicodeString@@QAE@G@Z,0x00006652,0x00006652,18,Code/Libraries/Source/WWVegas/WWLib/unicode_string.cpp,matched,
??0UnicodeString@@QAE@ABV0@HH@Z,0x00006664,0x00006664,26,Code/Libraries/Source/WWVegas/WWLib/unicode_string.cpp,matched,
??0UnicodeString@@QAE@PBG@Z,0x0000662A,0x0000662A,18,Code/Libraries/Source/WWVegas/WWLib/unicode_string.cpp,matched,
??0UnicodeString@@QAE@PBGH@Z,0x0000663C,0x0000663C,22,Code/Libraries/Source/WWVegas/WWLib/unicode_string.cpp,matched,
??YUnicodeString@@QAEAAV0@ABV0@@Z,0x00006D24,0x00006D24,18,Code/Libraries/Source/WWVegas/WWLib/unicode_string.cpp,matched,
??4UnicodeString@@QAEAAV0@ABV0@@Z,0x00005394,0x00005394,18,Code/Libraries/Source/WWVegas/WWLib/unicode_string.cpp,matched,
?_M_bumpc@?$istreambuf_iterator@DV?$char_traits@D@_STL@@@_STL@@AAEXXZ,,0x00017D50,41,Code/Libraries/Source/WWVegas/WWLib/stlport_narrow_istreambuf_iterator.cpp,matched,stlport-4.5.3
??E?$istreambuf_iterator@DV?$char_traits@D@_STL@@@_STL@@QAE?AV01@H@Z,,0x00017FF0,74,Code/Libraries/Source/WWVegas/WWLib/stlport_narrow_istreambuf_iterator.cpp,matched,stlport-4.5.3
??E?$istreambuf_iterator@DV?$char_traits@D@_STL@@@_STL@@QAEAAV01@XZ,,0x00018100,45,Code/Libraries/Source/WWVegas/WWLib/stlport_narrow_istreambuf_iterator.cpp,matched,stlport-4.5.3
??D?$istreambuf_iterator@DV?$char_traits@D@_STL@@@_STL@@QBEDXZ,,0x000182C0,55,Code/Libraries/Source/WWVegas/WWLib/stlport_narrow_istreambuf_iterator.cpp,matched,stlport-4.5.3
??0?$istreambuf_iterator@DV?$char_traits@D@_STL@@@_STL@@QAE@AAV?$basic_istream@DV?$char_traits@D@_STL@@@1@@Z,,0x00018370,32,Code/Libraries/Source/WWVegas/WWLib/stlport_narrow_istreambuf_iterator.cpp,matched,stlport-4.5.3
??0?$ostreambuf_iterator@DV?$char_traits@D@_STL@@@_STL@@QAE@AAV?$basic_ostream@DV?$char_traits@D@_STL@@@1@@Z,,0x0001A3C0,28,Code/Libraries/Source/WWVegas/WWLib/stlport_ostreambuf_iterator.cpp,matched,stlport-4.5.3
?__copy_trivial@_STL@@YAPAXPBX0PAX@Z,,0x000179B0,41,Code/Libraries/Source/WWVegas/WWLib/stlport_narrow_string.cpp,matched,stlport-4.5.3
?copy@?$__char_traits_base@DH@_STL@@SAPADPADPBDI@Z,,0x0001B320,42,Code/Libraries/Source/WWVegas/WWLib/stlport_narrow_string.cpp,matched,stlport-4.5.3
?assign@?$char_traits@D@_STL@@SAPADPADID@Z,,0x0001C680,50,Code/Libraries/Source/WWVegas/WWLib/stlport_narrow_string.cpp,matched,stlport-4.5.3
?fill@_STL@@YAXPAD0ABD@Z,,0x000237C0,48,Code/Libraries/Source/WWVegas/WWLib/stlport_narrow_string.cpp,matched,stlport-4.5.3
??4?$basic_string@DV?$char_traits@D@_STL@@V?$allocator@D@2@@_STL@@QAEAAV01@ABV01@@Z,,0x00019DE0,36,Code/Libraries/Source/WWVegas/WWLib/stlport_narrow_string.cpp,matched,stlport-4.5.3
?assign@?$basic_string@DV?$char_traits@D@_STL@@V?$allocator@D@2@@_STL@@QAEAAV12@PBD0@Z,,0x0001B4E0,152,Code/Libraries/Source/WWVegas/WWLib/stlport_narrow_string.cpp,matched,stlport-4.5.3
??4?$basic_string@DV?$char_traits@D@_STL@@V?$allocator@D@2@@_STL@@QAEAAV01@PBD@Z,,0x0001B790,36,Code/Libraries/Source/WWVegas/WWLib/stlport_narrow_string.cpp,matched,stlport-4.5.3
??0?$_String_base@DV?$allocator@D@_STL@@@_STL@@QAE@ABV?$allocator@D@1@@Z,,0x00689600,37,Code/Libraries/Source/WWVegas/WWLib/stlport_narrow_string.cpp,matched,stlport-4.5.3
?length@?$__char_traits_base@GG@_STL@@SAIPBG@Z,,0x000179E0,22,Code/Libraries/Source/WWVegas/WWLib/stlport_wide_string.cpp,matched,stlport-4.5.3
?move@?$__char_traits_base@GG@_STL@@SAPAGPAGPBGI@Z,,0x000199A0,25,Code/Libraries/Source/WWVegas/WWLib/stlport_wide_string.cpp,matched,stlport-4.5.3
?copy@?$__char_traits_base@GG@_STL@@SAPAGPAGPBGI@Z,,0x0001C900,45,Code/Libraries/Source/WWVegas/WWLib/stlport_wide_string.cpp,matched,stlport-4.5.3
?assign@?$__char_traits_base@GG@_STL@@SAPAGPAGIG@Z,,0x0001C930,50,Code/Libraries/Source/WWVegas/WWLib/stlport_wide_string.cpp,matched,stlport-4.5.3
?push_back@?$basic_string@GV?$char_traits@G@_STL@@V?$allocator@G@2@@_STL@@QAEXG@Z,,0x0000DE40,91,Code/Libraries/Source/WWVegas/WWLib/stlport_wide_string.cpp,matched,stlport-4.5.3
?insert@?$basic_string@GV?$char_traits@G@_STL@@V?$allocator@G@2@@_STL@@QAEPAGPAGG@Z,,0x00019CB0,51,Code/Libraries/Source/WWVegas/WWLib/stlport_wide_string.cpp,matched,stlport-4.5.3
??0facet@locale@_STL@@IAE@I@Z,,0x00006F50,30,Code/Libraries/Source/WWVegas/WWLib/stlport_narrow_num_put.cpp,matched,stlport-4.5.3
?do_put@?$num_put@DV?$ostreambuf_iterator@DV?$char_traits@D@_STL@@@_STL@@@_STL@@MBE?AV?$ostreambuf_iterator@DV?$char_traits@D@_STL@@@2@V32@AAVios_base@2@DO@Z,,0x0000FE40,50,Code/Libraries/Source/WWVegas/WWLib/stlport_narrow_num_put.cpp,matched,stlport-4.5.3
?do_put@?$num_put@DV?$ostreambuf_iterator@DV?$char_traits@D@_STL@@@_STL@@@_STL@@MBE?AV?$ostreambuf_iterator@DV?$char_traits@D@_STL@@@2@V32@AAVios_base@2@DN@Z,,0x00010220,50,Code/Libraries/Source/WWVegas/WWLib/stlport_narrow_num_put.cpp,matched,stlport-4.5.3
??$__copy_aux@PBDV?$ostreambuf_iterator@DV?$char_traits@D@_STL@@@_STL@@@_STL@@YA?AV?$ostreambuf_iterator@DV?$char_traits@D@_STL@@@0@PBD0V10@ABU__false_type@0@@Z,,0x00019BF0,45,Code/Libraries/Source/WWVegas/WWLib/stlport_narrow_num_put.cpp,matched,stlport-4.5.3
?setf@ios_base@_STL@@QAEHHH@Z,,0x0001A0C0,31,Code/Libraries/Source/WWVegas/WWLib/stlport_narrow_num_put.cpp,matched,stlport-4.5.3
?put@?$num_put@DV?$ostreambuf_iterator@DV?$char_traits@D@_STL@@@_STL@@@_STL@@QBE?AV?$ostreambuf_iterator@DV?$char_traits@D@_STL@@@2@V32@AAVios_base@2@DO@Z,,0x0001A0F0,47,Code/Libraries/Source/WWVegas/WWLib/stlport_narrow_num_put.cpp,matched,stlport-4.5.3
?put@?$num_put@DV?$ostreambuf_iterator@DV?$char_traits@D@_STL@@@_STL@@@_STL@@QBE?AV?$ostreambuf_iterator@DV?$char_traits@D@_STL@@@2@V32@AAVios_base@2@D_N@Z,,0x0001A140,42,Code/Libraries/Source/WWVegas/WWLib/stlport_narrow_num_put.cpp,matched,stlport-4.5.3
?put@?$num_put@DV?$ostreambuf_iterator@DV?$char_traits@D@_STL@@@_STL@@@_STL@@QBE?AV?$ostreambuf_iterator@DV?$char_traits@D@_STL@@@2@V32@AAVios_base@2@DJ@Z,,0x0001A170,42,Code/Libraries/Source/WWVegas/WWLib/stlport_narrow_num_put.cpp,matched,stlport-4.5.3
?put@?$num_put@DV?$ostreambuf_iterator@DV?$char_traits@D@_STL@@@_STL@@@_STL@@QBE?AV?$ostreambuf_iterator@DV?$char_traits@D@_STL@@@2@V32@AAVios_base@2@DK@Z,,0x0001A1A0,42,Code/Libraries/Source/WWVegas/WWLib/stlport_narrow_num_put.cpp,matched,stlport-4.5.3
?put@?$num_put@DV?$ostreambuf_iterator@DV?$char_traits@D@_STL@@@_STL@@@_STL@@QBE?AV?$ostreambuf_iterator@DV?$char_traits@D@_STL@@@2@V32@AAVios_base@2@D_J@Z,,0x0001A1D0,47,Code/Libraries/Source/WWVegas/WWLib/stlport_narrow_num_put.cpp,matched,stlport-4.5.3
?put@?$num_put@DV?$ostreambuf_iterator@DV?$char_traits@D@_STL@@@_STL@@@_STL@@QBE?AV?$ostreambuf_iterator@DV?$char_traits@D@_STL@@@2@V32@AAVios_base@2@D_K@Z,,0x0001A200,47,Code/Libraries/Source/WWVegas/WWLib/stlport_narrow_num_put.cpp,matched,stlport-4.5.3
?put@?$num_put@DV?$ostreambuf_iterator@DV?$char_traits@D@_STL@@@_STL@@@_STL@@QBE?AV?$ostreambuf_iterator@DV?$char_traits@D@_STL@@@2@V32@AAVios_base@2@DN@Z,,0x0001A230,47,Code/Libraries/Source/WWVegas/WWLib/stlport_narrow_num_put.cpp,matched,stlport-4.5.3
?put@?$num_put@DV?$ostreambuf_iterator@DV?$char_traits@D@_STL@@@_STL@@@_STL@@QBE?AV?$ostreambuf_iterator@DV?$char_traits@D@_STL@@@2@V32@AAVios_base@2@DPBX@Z,,0x0001A260,42,Code/Libraries/Source/WWVegas/WWLib/stlport_narrow_num_put.cpp,matched,stlport-4.5.3
??$fill_n@V?$ostreambuf_iterator@DV?$char_traits@D@_STL@@@_STL@@HD@_STL@@YA?AV?$ostreambuf_iterator@DV?$char_traits@D@_STL@@@0@V10@HABD@Z,,0x0001A320,113,Code/Libraries/Source/WWVegas/WWLib/stlport_narrow_num_put.cpp,matched,stlport-4.5.3
??$find@PADD@_STL@@YAPADPAD0ABD@Z,,0x0001A3A0,30,Code/Libraries/Source/WWVegas/WWLib/stlport_narrow_num_put.cpp,matched,stlport-4.5.3
?do_put@?$num_put@GV?$ostreambuf_iterator@GV?$char_traits@G@_STL@@@_STL@@@_STL@@MBE?AV?$ostreambuf_iterator@GV?$char_traits@G@_STL@@@2@V32@AAVios_base@2@GO@Z,,0x00010CB0,50,Code/Libraries/Source/WWVegas/WWLib/stlport_wide_num_put.cpp,matched,stlport-4.5.3
?do_put@?$num_put@GV?$ostreambuf_iterator@GV?$char_traits@G@_STL@@@_STL@@@_STL@@MBE?AV?$ostreambuf_iterator@GV?$char_traits@G@_STL@@@2@V32@AAVios_base@2@GN@Z,,0x00011110,50,Code/Libraries/Source/WWVegas/WWLib/stlport_wide_num_put.cpp,matched,stlport-4.5.3
??$find@PAGG@_STL@@YAPAGPAG0ABG@Z,,0x00018150,30,Code/Libraries/Source/WWVegas/WWLib/stlport_wide_num_put.cpp,matched,stlport-4.5.3
??$__copy_aux@PBGV?$ostreambuf_iterator@GV?$char_traits@G@_STL@@@_STL@@@_STL@@YA?AV?$ostreambuf_iterator@GV?$char_traits@G@_STL@@@0@PBG0V10@ABU__false_type@0@@Z,,0x00019C70,45,Code/Libraries/Source/WWVegas/WWLib/stlport_wide_num_put.cpp,matched,stlport-4.5.3
??$fill_n@V?$ostreambuf_iterator@GV?$char_traits@G@_STL@@@_STL@@HG@_STL@@YA?AV?$ostreambuf_iterator@GV?$char_traits@G@_STL@@@0@V10@HABG@Z,,0x0001A3E0,103,Code/Libraries/Source/WWVegas/WWLib/stlport_wide_num_put.cpp,matched,stlport-4.5.3
?do_get@?$num_get@DV?$istreambuf_iterator@DV?$char_traits@D@_STL@@@_STL@@@_STL@@MBE?AV?$istreambuf_iterator@DV?$char_traits@D@_STL@@@2@V32@0AAVios_base@2@AAHAA_K@Z,,0x00007B00,47,Code/Libraries/Source/WWVegas/WWLib/stlport_narrow_num_get.cpp,matched,stlport-4.5.3
?do_get@?$num_get@DV?$istreambuf_iterator@DV?$char_traits@D@_STL@@@_STL@@@_STL@@MBE?AV?$istreambuf_iterator@DV?$char_traits@D@_STL@@@2@V32@0AAVios_base@2@AAHAA_J@Z,,0x000080F0,47,Code/Libraries/Source/WWVegas/WWLib/stlport_narrow_num_get.cpp,matched,stlport-4.5.3
?do_get@?$num_get@DV?$istreambuf_iterator@DV?$char_traits@D@_STL@@@_STL@@@_STL@@MBE?AV?$istreambuf_iterator@DV?$char_traits@D@_STL@@@2@V32@0AAVios_base@2@AAHAAPAX@Z,,0x00008450,83,Code/Libraries/Source/WWVegas/WWLib/stlport_narrow_num_get.cpp,matched,stlport-4.5.3
?do_get@?$num_get@DV?$istreambuf_iterator@DV?$char_traits@D@_STL@@@_STL@@@_STL@@MBE?AV?$istreambuf_iterator@DV?$char_traits@D@_STL@@@2@V32@0AAVios_base@2@AAHAAK@Z,,0x00008740,47,Code/Libraries/Source/WWVegas/WWLib/stlport_narrow_num_get.cpp,matched,stlport-4.5.3
?do_get@?$num_get@DV?$istreambuf_iterator@DV?$char_traits@D@_STL@@@_STL@@@_STL@@MBE?AV?$istreambuf_iterator@DV?$char_traits@D@_STL@@@2@V32@0AAVios_base@2@AAHAAG@Z,,0x00008770,47,Code/Libraries/Source/WWVegas/WWLib/stlport_narrow_num_get.cpp,matched,stlport-4.5.3
?do_get@?$num_get@DV?$istreambuf_iterator@DV?$char_traits@D@_STL@@@_STL@@@_STL@@MBE?AV?$istreambuf_iterator@DV?$char_traits@D@_STL@@@2@V32@0AAVios_base@2@AAHAAJ@Z,,0x00008A30,47,Code/Libraries/Source/WWVegas/WWLib/stlport_narrow_num_get.cpp,matched,stlport-4.5.3
?_Initialize_get_float@_STL@@YAXABV?$ctype@D@1@AAD111PAD@Z,,0x00017BB0,29,Code/Libraries/Source/WWVegas/WWLib/stlport_narrow_num_get.cpp,matched,stlport-4.5.3
?__get_fdigit_or_sep@_STL@@YA_NAADDPBD@Z,,0x00017BF0,35,Code/Libraries/Source/WWVegas/WWLib/stlport_narrow_num_get.cpp,matched,stlport-4.5.3
?get@?$num_get@DV?$istreambuf_iterator@DV?$char_traits@D@_STL@@@_STL@@@_STL@@QBE?AV?$istreambuf_iterator@DV?$char_traits@D@_STL@@@2@V32@0AAVios_base@2@AAHAAJ@Z,,0x00017CF0,52,Code/Libraries/Source/WWVegas/WWLib/stlport_narrow_num_get.cpp,matched,stlport-4.5.3
?get@?$num_get@DV?$istreambuf_iterator@DV?$char_traits@D@_STL@@@_STL@@@_STL@@QBE?AV?$istreambuf_iterator@DV?$char_traits@D@_STL@@@2@V32@0AAVios_base@2@AAHAA_N@Z,,0x00017D80,52,Code/Libraries/Source/WWVegas/WWLib/stlport_narrow_num_get.cpp,matched,stlport-4.5.3
?get@?$num_get@DV?$istreambuf_iterator@DV?$char_traits@D@_STL@@@_STL@@@_STL@@QBE?AV?$istreambuf_iterator@DV?$char_traits@D@_STL@@@2@V32@0AAVios_base@2@AAHAAG@Z,,0x00017DC0,52,Code/Libraries/Source/WWVegas/WWLib/stlport_narrow_num_get.cpp,matched,stlport-4.5.3
?get@?$num_get@DV?$istreambuf_iterator@DV?$char_traits@D@_STL@@@_STL@@@_STL@@QBE?AV?$istreambuf_iterator@DV?$char_traits@D@_STL@@@2@V32@0AAVios_base@2@AAHAAI@Z,,0x00017E00,52,Code/Libraries/Source/WWVegas/WWLib/stlport_narrow_num_get.cpp,matched,stlport-4.5.3
?get@?$num_get@DV?$istreambuf_iterator@DV?$char_traits@D@_STL@@@_STL@@@_STL@@QBE?AV?$istreambuf_iterator@DV?$char_traits@D@_STL@@@2@V32@0AAVios_base@2@AAHAAK@Z,,0x00017E40,52,Code/Libraries/Source/WWVegas/WWLib/stlport_narrow_num_get.cpp,matched,stlport-4.5.3
?get@?$num_get@DV?$istreambuf_iterator@DV?$char_traits@D@_STL@@@_STL@@@_STL@@QBE?AV?$istreambuf_iterator@DV?$char_traits@D@_STL@@@2@V32@0AAVios_base@2@AAHAA_J@Z,,0x00017E80,52,Code/Libraries/Source/WWVegas/WWLib/stlport_narrow_num_get.cpp,matched,stlport-4.5.3
?get@?$num_get@DV?$istreambuf_iterator@DV?$char_traits@D@_STL@@@_STL@@@_STL@@QBE?AV?$istreambuf_iterator@DV?$char_traits@D@_STL@@@2@V32@0AAVios_base@2@AAHAA_K@Z,,0x00017EC0,52,Code/Libraries/Source/WWVegas/WWLib/stlport_narrow_num_get.cpp,matched,stlport-4.5.3
?get@?$num_get@DV?$istreambuf_iterator@DV?$char_traits@D@_STL@@@_STL@@@_STL@@QBE?AV?$istreambuf_iterator@DV?$char_traits@D@_STL@@@2@V32@0AAVios_base@2@AAHAAN@Z,,0x00017F00,52,Code/Libraries/Source/WWVegas/WWLib/stlport_narrow_num_get.cpp,matched,stlport-4.5.3
?get@?$num_get@DV?$istreambuf_iterator@DV?$char_traits@D@_STL@@@_STL@@@_STL@@QBE?AV?$istreambuf_iterator@DV?$char_traits@D@_STL@@@2@V32@0AAVios_base@2@AAHAAO@Z,,0x00017F40,52,Code/Libraries/Source/WWVegas/WWLib/stlport_narrow_num_get.cpp,matched,stlport-4.5.3
?get@?$num_get@DV?$istreambuf_iterator@DV?$char_traits@D@_STL@@@_STL@@@_STL@@QBE?AV?$istreambuf_iterator@DV?$char_traits@D@_STL@@@2@V32@0AAVios_base@2@AAHAAPAX@Z,,0x00017F80,52,Code/Libraries/Source/WWVegas/WWLib/stlport_narrow_num_get.cpp,matched,stlport-4.5.3
??$?8DV?$char_traits@D@_STL@@@_STL@@YA_NABV?$istreambuf_iterator@DV?$char_traits@D@_STL@@@0@0@Z,,0x00018390,48,Code/Libraries/Source/WWVegas/WWLib/stlport_narrow_num_get.cpp,matched,stlport-4.5.3
??$?9DV?$char_traits@D@_STL@@@_STL@@YA_NABV?$istreambuf_iterator@DV?$char_traits@D@_STL@@@0@0@Z,,0x000183C0,52,Code/Libraries/Source/WWVegas/WWLib/stlport_narrow_num_get.cpp,matched,stlport-4.5.3
?get@?$num_get@DV?$istreambuf_iterator@DV?$char_traits@D@_STL@@@_STL@@@_STL@@QBE?AV?$istreambuf_iterator@DV?$char_traits@D@_STL@@@2@V32@0AAVios_base@2@AAHAAM@Z,,0x000185D0,52,Code/Libraries/Source/WWVegas/WWLib/stlport_narrow_num_get.cpp,matched,stlport-4.5.3
?_M_bumpc@?$istreambuf_iterator@GV?$char_traits@G@_STL@@@_STL@@AAEXXZ,,0x00018290,36,Code/Libraries/Source/WWVegas/WWLib/stlport_wide_num_get.cpp,matched,stlport-4.5.3
??D?$istreambuf_iterator@GV?$char_traits@G@_STL@@@_STL@@QBEGXZ,,0x00018400,54,Code/Libraries/Source/WWVegas/WWLib/stlport_wide_num_get.cpp,matched,stlport-4.5.3
??E?$istreambuf_iterator@GV?$char_traits@G@_STL@@@_STL@@QAEAAV01@XZ,,0x00018440,40,Code/Libraries/Source/WWVegas/WWLib/stlport_wide_num_get.cpp,matched,stlport-4.5.3
??$?8GV?$char_traits@G@_STL@@@_STL@@YA_NABV?$istreambuf_iterator@GV?$char_traits@G@_STL@@@0@0@Z,,0x00018470,48,Code/Libraries/Source/WWVegas/WWLib/stlport_wide_num_get.cpp,matched,stlport-4.5.3
??$?9GV?$char_traits@G@_STL@@@_STL@@YA_NABV?$istreambuf_iterator@GV?$char_traits@G@_STL@@@0@0@Z,,0x000184A0,52,Code/Libraries/Source/WWVegas/WWLib/stlport_wide_num_get.cpp,matched,stlport-4.5.3
?setg@?$basic_streambuf@GV?$char_traits@G@_STL@@@_STL@@IAEXPAG00@Z,,0x0001C820,24,Code/Libraries/Source/WWVegas/WWLib/stlport_wide_streambuf.cpp,matched,stlport-4.5.3
?pubseekoff@?$basic_streambuf@GV?$char_traits@G@_STL@@@_STL@@QAE?AV?$fpos@H@2@JHH@Z,,0x0001C870,32,Code/Libraries/Source/WWVegas/WWLib/stlport_wide_streambuf.cpp,matched,stlport-4.5.3
?pubseekpos@?$basic_streambuf@GV?$char_traits@G@_STL@@@_STL@@QAE?AV?$fpos@H@2@V32@H@Z,,0x0001C890,32,Code/Libraries/Source/WWVegas/WWLib/stlport_wide_streambuf.cpp,matched,stlport-4.5.3
?getloc@?$basic_streambuf@GV?$char_traits@G@_STL@@@_STL@@QBE?AVlocale@2@XZ,,0x0001C8E0,32,Code/Libraries/Source/WWVegas/WWLib/stlport_wide_streambuf.cpp,matched,stlport-4.5.3
?sputbackc@?$basic_streambuf@GV?$char_traits@G@_STL@@@_STL@@QAEGG@Z,,0x0001CC50,40,Code/Libraries/Source/WWVegas/WWLib/stlport_wide_streambuf.cpp,matched,stlport-4.5.3
?sungetc@?$basic_streambuf@GV?$char_traits@G@_STL@@@_STL@@QAEGXZ,,0x0001CC80,29,Code/Libraries/Source/WWVegas/WWLib/stlport_wide_streambuf.cpp,matched,stlport-4.5.3
?_M_snextc_aux@?$basic_streambuf@GV?$char_traits@G@_STL@@@_STL@@AAEGXZ,,0x0001CCC0,63,Code/Libraries/Source/WWVegas/WWLib/stlport_wide_streambuf.cpp,matched,stlport-4.5.3
?snextc@?$basic_streambuf@GV?$char_traits@G@_STL@@@_STL@@QAEGXZ,,0x0001CD00,81,Code/Libraries/Source/WWVegas/WWLib/stlport_wide_streambuf.cpp,matched,stlport-4.5.3
?grouping@?$numpunct@D@_STL@@QBE?AV?$basic_string@DV?$char_traits@D@_STL@@V?$allocator@D@2@@2@XZ,,0x00015E50,27,Code/Libraries/Source/WWVegas/WWLib/stlport_narrow_ostream.cpp,matched,stlport-4.5.3
??0?$basic_istream@DV?$char_traits@D@_STL@@@_STL@@QAE@PAV?$basic_streambuf@DV?$char_traits@D@_STL@@@1@@Z,,0x00016590,33,Code/Libraries/Source/WWVegas/WWLib/stlport_narrow_istream.cpp,matched,stlport-4.5.3
?is@?$ctype@D@_STL@@QBE_NW4mask@ctype_base@2@D@Z,,0x00019650,24,Code/Libraries/Source/WWVegas/WWLib/stlport_narrow_istream.cpp,matched,stlport-4.5.3
?exceptions@?$basic_ios@DV?$char_traits@D@_STL@@@_STL@@QAEXH@Z,,0x000137E0,37,Code/Libraries/Source/WWVegas/WWLib/stlport_narrow_ios.cpp,matched,stlport-4.5.3
??0?$basic_ios@DV?$char_traits@D@_STL@@@_STL@@QAE@PAV?$basic_streambuf@DV?$char_traits@D@_STL@@@1@@Z,,0x0001C5C0,87,Code/Libraries/Source/WWVegas/WWLib/stlport_narrow_ios.cpp,matched,stlport-4.5.3
?init@?$basic_ios@GV?$char_traits@G@_STL@@@_STL@@IAEXPAV?$basic_streambuf@GV?$char_traits@G@_STL@@@2@@Z,,0x00016440,179,Code/Libraries/Source/WWVegas/WWLib/stlport_wide_ios.cpp,matched,stlport-4.5.3
??0?$basic_ios@GV?$char_traits@G@_STL@@@_STL@@QAE@PAV?$basic_streambuf@GV?$char_traits@G@_STL@@@1@@Z,,0x0001C620,88,Code/Libraries/Source/WWVegas/WWLib/stlport_wide_ios.cpp,matched,stlport-4.5.3
??$find_if@PBDU?$_Eq_int_bound@V?$char_traits@D@_STL@@@_STL@@@_STL@@YAPBDPBD0U?$_Eq_int_bound@V?$char_traits@D@_STL@@@0@@Z,,0x006BE980,30,Code/Libraries/Source/WWVegas/WWLib/stlport_narrow_istream.cpp,matched,stlport-4.5.3
??0?$basic_istream@GV?$char_traits@G@_STL@@@_STL@@QAE@PAV?$basic_streambuf@GV?$char_traits@G@_STL@@@1@@Z,,0x00016620,33,Code/Libraries/Source/WWVegas/WWLib/stlport_wide_istream.cpp,matched,stlport-4.5.3
?_FILE_I_set@_STL@@YAXPAU_iobuf@@PAD11@Z,,0x00013300,27,Code/Libraries/Source/WWVegas/WWLib/stlport_narrow_stringbuf.cpp,matched,stlport-4.5.3
?setg@?$basic_streambuf@DV?$char_traits@D@_STL@@@_STL@@IAEXPAD00@Z,,0x0001D100,28,Code/Libraries/Source/WWVegas/WWLib/stlport_narrow_stringbuf.cpp,matched,stlport-4.5.3
?setp@?$basic_streambuf@DV?$char_traits@D@_STL@@@_STL@@IAEXPAD0@Z,,0x0001D120,24,Code/Libraries/Source/WWVegas/WWLib/stlport_narrow_stringbuf.cpp,matched,stlport-4.5.3
??0?$basic_ostream@DV?$char_traits@D@_STL@@@_STL@@QAE@PAV?$basic_streambuf@DV?$char_traits@D@_STL@@@1@@Z,,0x000163B0,141,Code/Libraries/Source/WWVegas/WWLib/stlport_narrow_ostringstream.cpp,matched,stlport-4.5.3
?pbackfail@?$basic_filebuf@DV?$char_traits@D@_STL@@@_STL@@MAEHH@Z,,0x00013DA0,232,Code/Libraries/Source/WWVegas/WWLib/stlport_narrow_filebuf.cpp,matched,stlport-4.5.3
?sync@?$basic_filebuf@DV?$char_traits@D@_STL@@@_STL@@MAEHXZ,,0x00013E90,29,Code/Libraries/Source/WWVegas/WWLib/stlport_narrow_filebuf.cpp,matched,stlport-4.5.3
?_M_exit_putback_mode@?$basic_filebuf@DV?$char_traits@D@_STL@@@_STL@@AAEXXZ,,0x000144D0,40,Code/Libraries/Source/WWVegas/WWLib/stlport_narrow_filebuf.cpp,matched,stlport-4.5.3
?_M_output_error@?$basic_filebuf@DV?$char_traits@D@_STL@@@_STL@@AAEHXZ,,0x00015BE0,27,Code/Libraries/Source/WWVegas/WWLib/stlport_narrow_filebuf.cpp,matched,stlport-4.5.3
?out@?$codecvt@DDH@_STL@@QBE?AW4result@codecvt_base@2@HPBD0AAPBDPAD2AAPAD@Z,,0x0001D140,43,Code/Libraries/Source/WWVegas/WWLib/stlport_narrow_filebuf.cpp,matched,stlport-4.5.3
?_M_do_noconv_input@?$basic_filebuf@DV?$char_traits@D@_STL@@@_STL@@QAEHXZ,,0x0001D810,34,Code/Libraries/Source/WWVegas/WWLib/stlport_narrow_filebuf.cpp,matched,stlport-4.5.3
?_M_get_offset@_Filebuf_base@_STL@@QAEJPAD0@Z,,0x0001DA90,53,Code/Libraries/Source/WWVegas/WWLib/stlport_narrow_filebuf.cpp,matched,stlport-4.5.3
?_M_doit@?$_Noconv_input@V?$char_traits@D@_STL@@@_STL@@SAHPAV?$basic_filebuf@DV?$char_traits@D@_STL@@@2@@Z,,0x0001DAD0,38,Code/Libraries/Source/WWVegas/WWLib/stlport_narrow_filebuf.cpp,matched,stlport-4.5.3
??$equal@PADPADU?$_Eq_traits@V?$char_traits@D@_STL@@@_STL@@@_STL@@YA_NPAD00U?$_Eq_traits@V?$char_traits@D@_STL@@@0@@Z,,0x0001DEF0,37,Code/Libraries/Source/WWVegas/WWLib/stlport_narrow_filebuf.cpp,matched,stlport-4.5.3
?showmanyc@?$basic_filebuf@DV?$char_traits@D@_STL@@@_STL@@MAEHXZ,,0x00013D20,102,Code/Libraries/Source/WWVegas/WWLib/stlport_narrow_filebuf.cpp,matched,stlport-4.5.3
?_M_exit_input_mode@?$basic_filebuf@DV?$char_traits@D@_STL@@@_STL@@AAEXXZ,,0x00014430,44,Code/Libraries/Source/WWVegas/WWLib/stlport_narrow_filebuf.cpp,matched,stlport-4.5.3
?_M_unshift@?$basic_filebuf@DV?$char_traits@D@_STL@@@_STL@@AAE_NXZ,,0x00014500,123,Code/Libraries/Source/WWVegas/WWLib/stlport_narrow_filebuf.cpp,matched,stlport-4.5.3
?imbue@?$basic_filebuf@DV?$char_traits@D@_STL@@@_STL@@MAEXABVlocale@2@@Z,,0x00014650,29,Code/Libraries/Source/WWVegas/WWLib/stlport_narrow_filebuf.cpp,matched,stlport-4.5.3
??_G?$basic_filebuf@DV?$char_traits@D@_STL@@@_STL@@UAEPAXI@Z,,0x00015010,30,Code/Libraries/Source/WWVegas/WWLib/stlport_narrow_filebuf.cpp,matched,stlport-4.5.3
??1?$basic_filebuf@DV?$char_traits@D@_STL@@@_STL@@UAE@XZ,,0x00015030,122,Code/Libraries/Source/WWVegas/WWLib/stlport_narrow_filebuf.cpp,matched,stlport-4.5.3
?close@?$basic_filebuf@DV?$char_traits@D@_STL@@@_STL@@QAEPAV12@XZ,,0x000150B0,221,Code/Libraries/Source/WWVegas/WWLib/stlport_narrow_filebuf.cpp,matched,stlport-4.5.3
?open@?$basic_filebuf@DV?$char_traits@D@_STL@@@_STL@@QAEPAV12@PBDHJ@Z,,0x0001D7E0,36,Code/Libraries/Source/WWVegas/WWLib/stlport_narrow_filebuf.cpp,matched,stlport-4.5.3
??0?$_Filebuf_Tmp_Buf@D@_STL@@QAE@H@Z,,0x0001D9F0,30,Code/Libraries/Source/WWVegas/WWLib/stlport_narrow_filebuf.cpp,matched,stlport-4.5.3
?open@?$basic_filebuf@DV?$char_traits@D@_STL@@@_STL@@QAEPAV12@PBDH@Z,,0x0001DDD0,31,Code/Libraries/Source/WWVegas/WWLib/stlport_narrow_filebuf.cpp,matched,stlport-4.5.3
?_M_doit@?$_Noconv_output@V?$char_traits@D@_STL@@@_STL@@SA_NPAV?$basic_filebuf@DV?$char_traits@D@_STL@@@2@PAD1@Z,,0x0001DF50,30,Code/Libraries/Source/WWVegas/WWLib/stlport_narrow_filebuf.cpp,matched,stlport-4.5.3
?_M_switch_to_input_mode@?$basic_filebuf@DV?$char_traits@D@_STL@@@_STL@@AAE_NXZ,,0x0001E370,81,Code/Libraries/Source/WWVegas/WWLib/stlport_narrow_filebuf.cpp,matched,stlport-4.5.3
??$fill@PAHH@_STL@@YAXPAH0ABH@Z,,0x0001BCB0,30,Code/Libraries/Source/WWVegas/WWLib/stlport_vector_int.cpp,matched,stlport-4.5.3
?__copy_trivial_backward@_STL@@YAPAXPBX0PAX@Z,,0x00620840,38,Code/Libraries/Source/WWVegas/WWLib/stlport_vector_int.cpp,matched,stlport-4.5.3
??$fill_n@PAHIH@_STL@@YAPAHPAHIABH@Z,,0x00688330,29,Code/Libraries/Source/WWVegas/WWLib/stlport_vector_int.cpp,matched,stlport-4.5.3
?erase@?$vector@HV?$allocator@H@_STL@@@_STL@@QAEPAHPAH0@Z,,0x00688710,59,Code/Libraries/Source/WWVegas/WWLib/stlport_vector_int.cpp,matched,stlport-4.5.3
?clear@?$vector@HV?$allocator@H@_STL@@@_STL@@QAEXXZ,,0x006887C0,42,Code/Libraries/Source/WWVegas/WWLib/stlport_vector_int.cpp,matched,stlport-4.5.3
?push_back@?$vector@HV?$allocator@H@_STL@@@_STL@@QAEXABH@Z,,0x00688940,50,Code/Libraries/Source/WWVegas/WWLib/stlport_vector_int.cpp,matched,stlport-4.5.3
?_M_decrement@?$_Deque_iterator_base@H@_STL@@QAEXXZ,,0x003B3EA8,35,Code/Libraries/Source/WWVegas/WWLib/stlport_deque_int.cpp,matched,stlport-4.5.3
??0?$_Deque_iterator@HU?$_Nonconst_traits@H@_STL@@@_STL@@QAE@ABU01@@Z,,0x00620020,35,Code/Libraries/Source/WWVegas/WWLib/stlport_deque_int.cpp,matched,stlport-4.5.3
?_M_subtract@?$_Deque_iterator_base@H@_STL@@QBEHABU12@@Z,,0x00620060,47,Code/Libraries/Source/WWVegas/WWLib/stlport_deque_int.cpp,matched,stlport-4.5.3
?_M_advance@?$_Deque_iterator_base@H@_STL@@QAEXH@Z,,0x006202E0,105,Code/Libraries/Source/WWVegas/WWLib/stlport_deque_int.cpp,matched,stlport-4.5.3
?size@?$deque@HV?$allocator@H@_STL@@@_STL@@QBEIXZ,,0x006205D0,42,Code/Libraries/Source/WWVegas/WWLib/stlport_deque_int.cpp,matched,stlport-4.5.3
??H?$_Deque_iterator@HU?$_Const_traits@H@_STL@@@_STL@@QBE?AU01@H@Z,,0x00620AD0,81,Code/Libraries/Source/WWVegas/WWLib/stlport_deque_int.cpp,matched,stlport-4.5.3
??A?$_Deque_iterator@HU?$_Nonconst_traits@H@_STL@@@_STL@@QBEAAHH@Z,,0x00620F10,76,Code/Libraries/Source/WWVegas/WWLib/stlport_deque_int.cpp,matched,stlport-4.5.3
?_M_reserve_map_at_back@?$deque@HV?$allocator@H@_STL@@@_STL@@IAEXI@Z,,0x00620FD0,38,Code/Libraries/Source/WWVegas/WWLib/stlport_deque_int.cpp,matched,stlport-4.5.3
?_M_reserve_map_at_front@?$deque@HV?$allocator@H@_STL@@@_STL@@IAEXI@Z,,0x00621000,30,Code/Libraries/Source/WWVegas/WWLib/stlport_deque_int.cpp,matched,stlport-4.5.3
?push_front@?$deque@HV?$allocator@H@_STL@@@_STL@@QAEXABH@Z,,0x006223F0,31,Code/Libraries/Source/WWVegas/WWLib/stlport_deque_int.cpp,matched,stlport-4.5.3
??R?$less@H@_STL@@QBE_NABH0@Z,,0x00626F90,24,Code/Libraries/Source/WWVegas/WWLib/stlport_list_int.cpp,matched,stlport-4.5.3
?_S_minimum@_Rb_tree_node_base@_STL@@SAPAU12@PAU12@@Z,,0x000237F0,23,Code/Libraries/Source/WWVegas/WWLib/stlport_map_int_int.cpp,matched,stlport-4.5.3
?_S_maximum@_Rb_tree_node_base@_STL@@SAPAU12@PAU12@@Z,,0x00023810,23,Code/Libraries/Source/WWVegas/WWLib/stlport_map_int_int.cpp,matched,stlport-4.5.3
?_M_empty_initialize@?$_Rb_tree@HU?$pair@$$CBHH@_STL@@U?$_Select1st@U?$pair@$$CBHH@_STL@@@2@U?$less@H@2@V?$allocator@U?$pair@$$CBHH@_STL@@@2@@_STL@@AAEXXZ,,0x006202C0,25,Code/Libraries/Source/WWVegas/WWLib/stlport_map_int_int.cpp,matched,stlport-4.5.3
??E?$_Rb_tree_iterator@U?$pair@$$CBHH@_STL@@U?$_Nonconst_traits@U?$pair@$$CBHH@_STL@@@2@@_STL@@QAE?AU01@H@Z,,0x0061F640,28,Code/Libraries/Source/WWVegas/WWLib/stlport_map_int_int.cpp,matched,stlport-4.5.3
??$__distance@U?$_Rb_tree_iterator@U?$pair@$$CBHH@_STL@@U?$_Nonconst_traits@U?$pair@$$CBHH@_STL@@@2@@_STL@@@_STL@@YAHABU?$_Rb_tree_iterator@U?$pair@$$CBHH@_STL@@U?$_Nonconst_traits@U?$pair@$$CBHH@_STL@@@2@@0@0ABUinput_iterator_tag@0@@Z,,0x0061F6C0,41,Code/Libraries/Source/WWVegas/WWLib/stlport_map_int_int.cpp,matched,stlport-4.5.3
??0?$pair@U?$_Ht_iterator@U?$pair@$$CBHH@_STL@@U?$_Nonconst_traits@U?$pair@$$CBHH@_STL@@@2@HU?$hash@H@2@U?$_Select1st@U?$pair@$$CBHH@_STL@@@2@U?$equal_to@H@2@V?$allocator@U?$pair@$$CBHH@_STL@@@2@@_STL@@_N@_STL@@QAE@ABU?$_Ht_iterator@U?$pair@$$CBHH@_STL@@U?$_Nonconst_traits@U?$pair@$$CBHH@_STL@@@2@HU?$hash@H@2@U?$_Select1st@U?$pair@$$CBHH@_STL@@@2@U?$equal_to@H@2@V?$allocator@U?$pair@$$CBHH@_STL@@@2@@1@AB_N@Z,,0x00019A20,28,Code/Libraries/Source/WWVegas/WWLib/stlport_hash_map_int.cpp,matched,stlport-4.5.3
??0?$pair@U?$_Ht_iterator@U?$pair@$$CBHH@_STL@@U?$_Const_traits@U?$pair@$$CBHH@_STL@@@2@HU?$hash@H@2@U?$_Select1st@U?$pair@$$CBHH@_STL@@@2@U?$equal_to@H@2@V?$allocator@U?$pair@$$CBHH@_STL@@@2@@_STL@@U12@@_STL@@QAE@ABU?$_Ht_iterator@U?$pair@$$CBHH@_STL@@U?$_Const_traits@U?$pair@$$CBHH@_STL@@@2@HU?$hash@H@2@U?$_Select1st@U?$pair@$$CBHH@_STL@@@2@U?$equal_to@H@2@V?$allocator@U?$pair@$$CBHH@_STL@@@2@@1@0@Z,,0x00133850,34,Code/Libraries/Source/WWVegas/WWLib/stlport_hash_map_int.cpp,matched,stlport-4.5.3
?_M_bkt_num_key@?$hashtable@U?$pair@$$CBHH@_STL@@HU?$hash@H@2@U?$_Select1st@U?$pair@$$CBHH@_STL@@@2@U?$equal_to@H@2@V?$allocator@U?$pair@$$CBHH@_STL@@@2@@_STL@@ABEIABH@Z,,0x00620490,28,Code/Libraries/Source/WWVegas/WWLib/stlport_hash_map_int.cpp,matched,stlport-4.5.3
??$_M_find@H@?$hashtable@U?$pair@$$CBHH@_STL@@HU?$hash@H@2@U?$_Select1st@U?$pair@$$CBHH@_STL@@@2@U?$equal_to@H@2@V?$allocator@U?$pair@$$CBHH@_STL@@@2@@_STL@@ABEPAU?$_Hashtable_node@U?$pair@$$CBHH@_STL@@@1@ABH@Z,,0x00620800,51,Code/Libraries/Source/WWVegas/WWLib/stlport_hash_map_int.cpp,matched,stlport-4.5.3
?begin@?$hashtable@U?$pair@$$CBHH@_STL@@HU?$hash@H@2@U?$_Select1st@U?$pair@$$CBHH@_STL@@@2@U?$equal_to@H@2@V?$allocator@U?$pair@$$CBHH@_STL@@@2@@_STL@@QAE?AU?$_Ht_iterator@U?$pair@$$CBHH@_STL@@U?$_Nonconst_traits@U?$pair@$$CBHH@_STL@@@2@HU?$hash@H@2@U?$_Select1st@U?$pair@$$CBHH@_STL@@@2@U?$equal_to@H@2@V?$allocator@U?$pair@$$CBHH@_STL@@@2@@2@XZ,,0x00620A80,78,Code/Libraries/Source/WWVegas/WWLib/stlport_hash_map_int.cpp,matched,stlport-4.5.3
??$find@H@?$hashtable@U?$pair@$$CBHH@_STL@@HU?$hash@H@2@U?$_Select1st@U?$pair@$$CBHH@_STL@@@2@U?$equal_to@H@2@V?$allocator@U?$pair@$$CBHH@_STL@@@2@@_STL@@QAE?AU?$_Ht_iterator@U?$pair@$$CBHH@_STL@@U?$_Nonconst_traits@U?$pair@$$CBHH@_STL@@@2@HU?$hash@H@2@U?$_Select1st@U?$pair@$$CBHH@_STL@@@2@U?$equal_to@H@2@V?$allocator@U?$pair@$$CBHH@_STL@@@2@@1@ABH@Z,,0x00620DD0,60,Code/Libraries/Source/WWVegas/WWLib/stlport_hash_map_int.cpp,matched,stlport-4.5.3
?_M_next_size@?$hashtable@U?$pair@$$CBHH@_STL@@HU?$hash@H@2@U?$_Select1st@U?$pair@$$CBHH@_STL@@@2@U?$equal_to@H@2@V?$allocator@U?$pair@$$CBHH@_STL@@@2@@_STL@@ABEII@Z,,0x0016DB60,50,Code/Libraries/Source/WWVegas/WWLib/stlport_hash_map_int.cpp,matched,stlport-4.5.3
??A?$hash_map@HHU?$hash@H@_STL@@U?$equal_to@H@2@V?$allocator@U?$pair@$$CBHH@_STL@@@2@@_STL@@QAEAAHABH@Z,,0x006215B0,99,Code/Libraries/Source/WWVegas/WWLib/stlport_hash_map_int.cpp,matched,stlport-4.5.3
?_M_initialize_buckets@?$hashtable@U?$pair@$$CBHH@_STL@@HU?$hash@H@2@U?$_Select1st@U?$pair@$$CBHH@_STL@@@2@U?$equal_to@H@2@V?$allocator@U?$pair@$$CBHH@_STL@@@2@@_STL@@AAEXI@Z,,0x00622410,106,Code/Libraries/Source/WWVegas/WWLib/stlport_hash_map_int.cpp,matched,stlport-4.5.3
?xsgetn@?$basic_streambuf@GV?$char_traits@G@_STL@@@_STL@@MAEHPAGH@Z,,0x00013870,171,Code/Libraries/Source/WWVegas/WWLib/stlport_wide_stringbuf.cpp,matched,stlport-4.5.3
?showmanyc@?$basic_filebuf@GV?$char_traits@G@_STL@@@_STL@@MAEHXZ,,0x00014750,94,Code/Libraries/Source/WWVegas/WWLib/stlport_wide_filebuf.cpp,matched,stlport-4.5.3
?pbackfail@?$basic_filebuf@GV?$char_traits@G@_STL@@@_STL@@MAEGG@Z,,0x000147B0,176,Code/Libraries/Source/WWVegas/WWLib/stlport_wide_filebuf.cpp,matched,stlport-4.5.3
?sync@?$basic_filebuf@GV?$char_traits@G@_STL@@@_STL@@MAEHXZ,,0x00014860,33,Code/Libraries/Source/WWVegas/WWLib/stlport_wide_filebuf.cpp,matched,stlport-4.5.3
?_M_deallocate_buffers@?$basic_filebuf@GV?$char_traits@G@_STL@@@_STL@@AAEXXZ,,0x000149B0,54,Code/Libraries/Source/WWVegas/WWLib/stlport_wide_filebuf.cpp,matched,stlport-4.5.3
?_M_exit_input_mode@?$basic_filebuf@GV?$char_traits@G@_STL@@@_STL@@AAEXXZ,,0x00014DF0,35,Code/Libraries/Source/WWVegas/WWLib/stlport_wide_filebuf.cpp,matched,stlport-4.5.3
?_M_unshift@?$basic_filebuf@GV?$char_traits@G@_STL@@@_STL@@AAE_NXZ,,0x00014EB0,117,Code/Libraries/Source/WWVegas/WWLib/stlport_wide_filebuf.cpp,matched,stlport-4.5.3
?close@?$basic_filebuf@GV?$char_traits@G@_STL@@@_STL@@QAEPAV12@XZ,,0x00015240,188,Code/Libraries/Source/WWVegas/WWLib/stlport_wide_filebuf.cpp,matched,stlport-4.5.3
?_M_input_error@?$basic_filebuf@GV?$char_traits@G@_STL@@@_STL@@AAEGXZ,,0x00016090,55,Code/Libraries/Source/WWVegas/WWLib/stlport_wide_filebuf.cpp,matched,stlport-4.5.3
?in@?$codecvt@GDH@_STL@@QBE?AW4result@codecvt_base@2@HPBD0AAPBDPAG2AAPAG@Z,,0x0001D180,43,Code/Libraries/Source/WWVegas/WWLib/stlport_wide_filebuf.cpp,matched,stlport-4.5.3
?open@?$basic_filebuf@GV?$char_traits@G@_STL@@@_STL@@QAEPAV12@PBDHJ@Z,,0x0001D8A0,36,Code/Libraries/Source/WWVegas/WWLib/stlport_wide_filebuf.cpp,matched,stlport-4.5.3
??0?$_Filebuf_Tmp_Buf@G@_STL@@QAE@H@Z,,0x0001DA10,33,Code/Libraries/Source/WWVegas/WWLib/stlport_wide_filebuf.cpp,matched,stlport-4.5.3
?open@?$basic_filebuf@GV?$char_traits@G@_STL@@@_STL@@QAEPAV12@PBDH@Z,,0x0001DE00,31,Code/Libraries/Source/WWVegas/WWLib/stlport_wide_filebuf.cpp,matched,stlport-4.5.3
?_M_output_error@?$basic_filebuf@GV?$char_traits@G@_STL@@@_STL@@AAEGXZ,,0x0001DE50,26,Code/Libraries/Source/WWVegas/WWLib/stlport_wide_filebuf.cpp,matched,stlport-4.5.3
??$equal@PAGPAGU?$_Eq_traits@V?$char_traits@G@_STL@@@_STL@@@_STL@@YA_NPAG00U?$_Eq_traits@V?$char_traits@G@_STL@@@0@@Z,,0x0001DF20,43,Code/Libraries/Source/WWVegas/WWLib/stlport_wide_filebuf.cpp,matched,stlport-4.5.3
??0?$basic_filebuf@GV?$char_traits@G@_STL@@@_STL@@QAE@XZ,,0x00014670,215,Code/Libraries/Source/WWVegas/WWLib/stlport_wide_filebuf.cpp,matched,stlport-4.5.3
?setbuf@?$basic_filebuf@GV?$char_traits@G@_STL@@@_STL@@MAEPAV?$basic_streambuf@GV?$char_traits@G@_STL@@@2@PAGH@Z,,0x00014890,86,Code/Libraries/Source/WWVegas/WWLib/stlport_wide_filebuf.cpp,matched,stlport-4.5.3
?imbue@?$basic_filebuf@GV?$char_traits@G@_STL@@@_STL@@MAEXABVlocale@2@@Z,,0x00014FF0,29,Code/Libraries/Source/WWVegas/WWLib/stlport_wide_filebuf.cpp,matched,stlport-4.5.3
??_G?$basic_filebuf@GV?$char_traits@G@_STL@@@_STL@@UAEPAXI@Z,,0x00015190,30,Code/Libraries/Source/WWVegas/WWLib/stlport_wide_filebuf.cpp,matched,stlport-4.5.3
??1?$basic_filebuf@GV?$char_traits@G@_STL@@@_STL@@UAE@XZ,,0x000151B0,129,Code/Libraries/Source/WWVegas/WWLib/stlport_wide_filebuf.cpp,matched,stlport-4.5.3
?overflow@?$basic_filebuf@GV?$char_traits@G@_STL@@@_STL@@MAEGG@Z,,0x00015C80,326,Code/Libraries/Source/WWVegas/WWLib/stlport_wide_filebuf.cpp,matched,stlport-4.5.3
?_M_doit@?$_Underflow@GV?$char_traits@G@_STL@@@_STL@@SAGPAV?$basic_filebuf@GV?$char_traits@G@_STL@@@2@@Z,,0x00015EA0,75,Code/Libraries/Source/WWVegas/WWLib/stlport_wide_filebuf.cpp,matched,stlport-4.5.3
?_M_allocate_buffers@?$basic_filebuf@GV?$char_traits@G@_STL@@@_STL@@AAE_NXZ,,0x0001DF90,30,Code/Libraries/Source/WWVegas/WWLib/stlport_wide_filebuf.cpp,matched,stlport-4.5.3
?_M_seek_init@?$basic_filebuf@DV?$char_traits@D@_STL@@@_STL@@AAE_N_N@Z,,0x00014460,105,Code/Libraries/Source/WWVegas/WWLib/stlport_narrow_ifstream.cpp,matched,stlport-4.5.3
?close@?$basic_ifstream@DV?$char_traits@D@_STL@@@_STL@@QAEXXZ,,0x0001E010,56,Code/Libraries/Source/WWVegas/WWLib/stlport_narrow_ifstream.cpp,matched,stlport-4.5.3
??1?$basic_ifstream@DV?$char_traits@D@_STL@@@_STL@@UAE@XZ,,0x0001E6F0,98,Code/Libraries/Source/WWVegas/WWLib/stlport_narrow_ifstream.cpp,matched,stlport-4.5.3
??_G?$basic_istream@DV?$char_traits@D@_STL@@@_STL@@UAEPAXI@Z,,0x00013810,47,Code/Libraries/Source/WWVegas/WWLib/stlport_narrow_ifstream.cpp,matched,stlport-4.5.3
?seekoff@?$basic_filebuf@DV?$char_traits@D@_STL@@@_STL@@MAE?AV?$fpos@H@2@JHH@Z,,0x00014010,911,Code/Libraries/Source/WWVegas/WWLib/stlport_narrow_ifstream.cpp,matched,stlport-4.5.3
?seekpos@?$basic_filebuf@DV?$char_traits@D@_STL@@@_STL@@MAE?AV?$fpos@H@2@V32@H@Z,,0x00014580,201,Code/Libraries/Source/WWVegas/WWLib/stlport_narrow_ifstream.cpp,matched,stlport-4.5.3
?_M_switch_to_output_mode@?$basic_filebuf@DV?$char_traits@D@_STL@@@_STL@@AAE_NXZ,,0x00015C00,120,Code/Libraries/Source/WWVegas/WWLib/stlport_narrow_ifstream.cpp,matched,stlport-4.5.3
??_G?$basic_ifstream@DV?$char_traits@D@_STL@@@_STL@@UAEPAXI@Z,,0x0001EA90,51,Code/Libraries/Source/WWVegas/WWLib/stlport_narrow_ifstream.cpp,matched,stlport-4.5.3
??_G?$basic_ostream@DV?$char_traits@D@_STL@@@_STL@@UAEPAXI@Z,,0x00013AD0,47,Code/Libraries/Source/WWVegas/WWLib/stlport_narrow_ofstream.cpp,matched,stlport-4.5.3
?close@?$basic_ofstream@DV?$char_traits@D@_STL@@@_STL@@QAEXXZ,,0x0001E0B0,56,Code/Libraries/Source/WWVegas/WWLib/stlport_narrow_ofstream.cpp,matched,stlport-4.5.3
??1?$basic_ofstream@DV?$char_traits@D@_STL@@@_STL@@UAE@XZ,,0x0001E760,98,Code/Libraries/Source/WWVegas/WWLib/stlport_narrow_ofstream.cpp,matched,stlport-4.5.3
??_G?$basic_ofstream@DV?$char_traits@D@_STL@@@_STL@@UAEPAXI@Z,,0x0001EAD0,51,Code/Libraries/Source/WWVegas/WWLib/stlport_narrow_ofstream.cpp,matched,stlport-4.5.3
?close@?$basic_fstream@DV?$char_traits@D@_STL@@@_STL@@QAEXXZ,,0x0001E150,56,Code/Libraries/Source/WWVegas/WWLib/stlport_narrow_fstream.cpp,matched,stlport-4.5.3
??1?$basic_fstream@DV?$char_traits@D@_STL@@@_STL@@UAE@XZ,,0x0001E7D0,138,Code/Libraries/Source/WWVegas/WWLib/stlport_narrow_fstream.cpp,matched,stlport-4.5.3
??_G?$basic_fstream@DV?$char_traits@D@_STL@@@_STL@@UAEPAXI@Z,,0x0001EB10,51,Code/Libraries/Source/WWVegas/WWLib/stlport_narrow_fstream.cpp,matched,stlport-4.5.3
??0?$basic_iostream@DV?$char_traits@D@_STL@@@_STL@@QAE@PAV?$basic_streambuf@DV?$char_traits@D@_STL@@@1@@Z,,0x0001F3D0,223,Code/Libraries/Source/WWVegas/WWLib/stlport_narrow_fstream.cpp,matched,stlport-4.5.3
??_G?$basic_iostream@DV?$char_traits@D@_STL@@@_STL@@UAEPAXI@Z,,0x0001DE70,45,Code/Libraries/Source/WWVegas/WWLib/stlport_narrow_fstream.cpp,matched,stlport-4.5.3
??0?$basic_fstream@DV?$char_traits@D@_STL@@@_STL@@QAE@XZ,,0x0001F980,179,Code/Libraries/Source/WWVegas/WWLib/stlport_narrow_fstream.cpp,matched,stlport-4.5.3
??0?$basic_fstream@DV?$char_traits@D@_STL@@@_STL@@QAE@PBDH@Z,,0x0001FB40,243,Code/Libraries/Source/WWVegas/WWLib/stlport_narrow_fstream.cpp,matched,stlport-4.5.3
??0?$basic_fstream@DV?$char_traits@D@_STL@@@_STL@@QAE@PBDHJ@Z,,0x0001FC40,248,Code/Libraries/Source/WWVegas/WWLib/stlport_narrow_fstream.cpp,matched,stlport-4.5.3
?_M_switch_to_output_mode@?$basic_filebuf@GV?$char_traits@G@_STL@@@_STL@@AAE_NXZ,,0x00015DD0,113,Code/Libraries/Source/WWVegas/WWLib/stlport_wide_ifstream.cpp,matched,stlport-4.5.3
?_M_switch_to_input_mode@?$basic_filebuf@GV?$char_traits@G@_STL@@@_STL@@AAE_NXZ,,0x00015EF0,96,Code/Libraries/Source/WWVegas/WWLib/stlport_wide_ifstream.cpp,matched,stlport-4.5.3
?close@?$basic_ifstream@GV?$char_traits@G@_STL@@@_STL@@QAEXXZ,,0x0001E1F0,56,Code/Libraries/Source/WWVegas/WWLib/stlport_wide_ifstream.cpp,matched,stlport-4.5.3
??1?$basic_ifstream@GV?$char_traits@G@_STL@@@_STL@@UAE@XZ,,0x0001E860,98,Code/Libraries/Source/WWVegas/WWLib/stlport_wide_ifstream.cpp,matched,stlport-4.5.3
??0?$basic_ifstream@GV?$char_traits@G@_STL@@@_STL@@QAE@XZ,,0x0001FD40,192,Code/Libraries/Source/WWVegas/WWLib/stlport_wide_ifstream.cpp,matched,stlport-4.5.3
??0?$basic_ifstream@GV?$char_traits@G@_STL@@@_STL@@QAE@PBDH@Z,,0x0001FF10,259,Code/Libraries/Source/WWVegas/WWLib/stlport_wide_ifstream.cpp,matched,stlport-4.5.3
??0?$basic_ifstream@GV?$char_traits@G@_STL@@@_STL@@QAE@PBDHJ@Z,,0x00020020,264,Code/Libraries/Source/WWVegas/WWLib/stlport_wide_ifstream.cpp,matched,stlport-4.5.3
?_M_seek_init@?$basic_filebuf@GV?$char_traits@G@_STL@@@_STL@@AAE_N_N@Z,,0x00014E20,107,Code/Libraries/Source/WWVegas/WWLib/stlport_wide_ifstream.cpp,matched,stlport-4.5.3
?seekpos@?$basic_filebuf@GV?$char_traits@G@_STL@@@_STL@@MAE?AV?$fpos@H@2@V32@H@Z,,0x00014F30,187,Code/Libraries/Source/WWVegas/WWLib/stlport_wide_ifstream.cpp,matched,stlport-4.5.3
?_M_underflow_aux@?$basic_filebuf@GV?$char_traits@G@_STL@@@_STL@@AAEGXZ,,0x00015F50,308,Code/Libraries/Source/WWVegas/WWLib/stlport_wide_ifstream.cpp,matched,stlport-4.5.3
??_G?$basic_ifstream@GV?$char_traits@G@_STL@@@_STL@@UAEPAXI@Z,,0x0001EB50,51,Code/Libraries/Source/WWVegas/WWLib/stlport_wide_ifstream.cpp,matched,stlport-4.5.3
??_G?$basic_ostream@GV?$char_traits@G@_STL@@@_STL@@UAEPAXI@Z,,0x00013B00,47,Code/Libraries/Source/WWVegas/WWLib/stlport_wide_ofstream.cpp,matched,stlport-4.5.3
??0?$basic_ostream@GV?$char_traits@G@_STL@@@_STL@@QAE@PAV?$basic_streambuf@GV?$char_traits@G@_STL@@@1@@Z,,0x00016500,142,Code/Libraries/Source/WWVegas/WWLib/stlport_wide_ofstream.cpp,matched,stlport-4.5.3
?close@?$basic_ofstream@GV?$char_traits@G@_STL@@@_STL@@QAEXXZ,,0x0001E290,56,Code/Libraries/Source/WWVegas/WWLib/stlport_wide_ofstream.cpp,matched,stlport-4.5.3
??1?$basic_ofstream@GV?$char_traits@G@_STL@@@_STL@@UAE@XZ,,0x0001E8D0,98,Code/Libraries/Source/WWVegas/WWLib/stlport_wide_ofstream.cpp,matched,stlport-4.5.3
??_G?$basic_ofstream@GV?$char_traits@G@_STL@@@_STL@@UAEPAXI@Z,,0x0001EB90,51,Code/Libraries/Source/WWVegas/WWLib/stlport_wide_ofstream.cpp,matched,stlport-4.5.3
??0?$basic_ofstream@GV?$char_traits@G@_STL@@@_STL@@QAE@XZ,,0x0001EFF0,189,Code/Libraries/Source/WWVegas/WWLib/stlport_wide_ofstream.cpp,matched,stlport-4.5.3
??0?$basic_ofstream@GV?$char_traits@G@_STL@@@_STL@@QAE@PBDH@Z,,0x0001F1C0,256,Code/Libraries/Source/WWVegas/WWLib/stlport_wide_ofstream.cpp,matched,stlport-4.5.3
??0?$basic_ofstream@GV?$char_traits@G@_STL@@@_STL@@QAE@PBDHJ@Z,,0x0001F2C0,261,Code/Libraries/Source/WWVegas/WWLib/stlport_wide_ofstream.cpp,matched,stlport-4.5.3
??_G?$basic_istream@GV?$char_traits@G@_STL@@@_STL@@UAEPAXI@Z,,0x00013840,47,Code/Libraries/Source/WWVegas/WWLib/stlport_wide_fstream.cpp,matched,stlport-4.5.3
?close@?$basic_fstream@GV?$char_traits@G@_STL@@@_STL@@QAEXXZ,,0x0001E330,56,Code/Libraries/Source/WWVegas/WWLib/stlport_wide_fstream.cpp,matched,stlport-4.5.3
??1?$basic_fstream@GV?$char_traits@G@_STL@@@_STL@@UAE@XZ,,0x0001E940,138,Code/Libraries/Source/WWVegas/WWLib/stlport_wide_fstream.cpp,matched,stlport-4.5.3
??_G?$basic_fstream@GV?$char_traits@G@_STL@@@_STL@@UAEPAXI@Z,,0x0001EBD0,51,Code/Libraries/Source/WWVegas/WWLib/stlport_wide_fstream.cpp,matched,stlport-4.5.3
??0?$basic_iostream@GV?$char_traits@G@_STL@@@_STL@@QAE@PAV?$basic_streambuf@GV?$char_traits@G@_STL@@@1@@Z,,0x0001F4B0,224,Code/Libraries/Source/WWVegas/WWLib/stlport_wide_fstream.cpp,matched,stlport-4.5.3
??0?$basic_fstream@GV?$char_traits@G@_STL@@@_STL@@QAE@XZ,,0x00020130,180,Code/Libraries/Source/WWVegas/WWLib/stlport_wide_fstream.cpp,matched,stlport-4.5.3
??0?$basic_fstream@GV?$char_traits@G@_STL@@@_STL@@QAE@PBDH@Z,,0x000202F0,244,Code/Libraries/Source/WWVegas/WWLib/stlport_wide_fstream.cpp,matched,stlport-4.5.3
??0?$basic_fstream@GV?$char_traits@G@_STL@@@_STL@@QAE@PBDHJ@Z,,0x000203F0,249,Code/Libraries/Source/WWVegas/WWLib/stlport_wide_fstream.cpp,matched,stlport-4.5.3
??_G?$basic_iostream@GV?$char_traits@G@_STL@@@_STL@@UAEPAXI@Z,,0x0001DEA0,45,Code/Libraries/Source/WWVegas/WWLib/stlport_wide_fstream.cpp,matched,stlport-4.5.3
??0?$istreambuf_iterator@GV?$char_traits@G@_STL@@@_STL@@QAE@AAV?$basic_istream@GV?$char_traits@G@_STL@@@1@@Z,,0x00018300,32,Code/Libraries/Source/WWVegas/WWLib/stlport_wide_streambuf_iterators.cpp,matched,stlport-4.5.3
??E?$istreambuf_iterator@GV?$char_traits@G@_STL@@@_STL@@QAE?AV01@H@Z,,0x00018320,69,Code/Libraries/Source/WWVegas/WWLib/stlport_wide_streambuf_iterators.cpp,matched,stlport-4.5.3
?swap@?$StringBase@D@@QAEXAAV1@@Z,0x00035910,0x00035910,17,Code/Libraries/Source/WWVegas/WWLib/string_base.cpp,matched,
?sbumpc@?$basic_streambuf@GV?$char_traits@G@_STL@@@_STL@@QAEGXZ,,0x0000A300,23,Code/Libraries/Source/WWVegas/WWLib/stlport_wide_filebuf.cpp,matched,gen-alias;object-symbol=?sbumpc@?$basic_streambuf@GV?$char_traits@G@_STL@@@_STL@@QAEGXZ;C++ alias
?uflow@?$basic_streambuf@GV?$char_traits@G@_STL@@@_STL@@MAEGXZ,,0x00013930,35,Code/Libraries/Source/WWVegas/WWLib/stlport_wide_filebuf.cpp,matched,gen-alias;object-symbol=?uflow@?$basic_streambuf@GV?$char_traits@G@_STL@@@_STL@@MAEGXZ;C++ alias
?xsputn@?$basic_streambuf@GV?$char_traits@G@_STL@@@_STL@@MAEHPBGH@Z,,0x00013970,180,Code/Libraries/Source/WWVegas/WWLib/stlport_wide_filebuf.cpp,matched,gen-alias;object-symbol=?xsputn@?$basic_streambuf@GV?$char_traits@G@_STL@@@_STL@@MAEHPBGH@Z;C++ alias
?_M_xsputnc@?$basic_streambuf@GV?$char_traits@G@_STL@@@_STL@@MAEHGH@Z,,0x00013A30,154,Code/Libraries/Source/WWVegas/WWLib/stlport_wide_filebuf.cpp,matched,gen-alias;object-symbol=?_M_xsputnc@?$basic_streambuf@GV?$char_traits@G@_STL@@@_STL@@MAEHGH@Z;C++ alias
?_M_exit_putback_mode@?$basic_filebuf@GV?$char_traits@G@_STL@@@_STL@@AAEXXZ,,0x00014E90,23,Code/Libraries/Source/WWVegas/WWLib/stlport_wide_filebuf.cpp,matched,gen-alias;object-symbol=?_M_exit_putback_mode@?$basic_filebuf@GV?$char_traits@G@_STL@@@_STL@@AAEXXZ;C++ alias
??$__copy@PBDV?$ostreambuf_iterator@DV?$char_traits@D@_STL@@@_STL@@H@_STL@@YA?AV?$ostreambuf_iterator@DV?$char_traits@D@_STL@@@0@PBD0V10@ABUrandom_access_iterator_tag@0@PAH@Z,,0x000098A0,114,Code/Libraries/Source/WWVegas/WWLib/stlport_narrow_num_put.cpp,matched,gen-alias;object-symbol=??$__copy@PBDV?$ostreambuf_iterator@DV?$char_traits@D@_STL@@@_STL@@H@_STL@@YA?AV?$ostreambuf_iterator@DV?$char_traits@D@_STL@@@0@PBD0V10@ABUrandom_access_iterator_tag@0@PAH@Z;C++ alias
??0?$vector@PAXV?$allocator@PAX@_STL@@@_STL@@QAE@ABV?$allocator@PAX@1@@Z,,0x00142E20,15,Code/Libraries/Source/WWVegas/WWLib/stlport_hash_map_int.cpp,matched,gen-alias;object-symbol=??0?$vector@PAXV?$allocator@PAX@_STL@@@_STL@@QAE@ABV?$allocator@PAX@1@@Z;C++ alias
?bucket_count@?$hash_map@HHU?$hash@H@_STL@@U?$equal_to@H@2@V?$allocator@U?$pair@$$CBHH@_STL@@@2@@_STL@@QBEIXZ,,0x002BEDAB,10,Code/Libraries/Source/WWVegas/WWLib/stlport_hash_map_int.cpp,matched,gen-alias;object-symbol=?bucket_count@?$hash_map@HHU?$hash@H@_STL@@U?$equal_to@H@2@V?$allocator@U?$pair@$$CBHH@_STL@@@2@@_STL@@QBEIXZ;C++ alias
?dup_0060c9d9@@YAXXZ,,0x0060C9D9,23,Code/Libraries/Source/WWVegas/WWLib/stlport_hash_map_int.cpp,matched,gen-alias;object-symbol=??$_Construct@U?$pair@$$CBHH@_STL@@U12@@_STL@@YAXPAU?$pair@$$CBHH@0@ABU10@@Z;C++ alias
??0?$_Hashtable_iterator@U?$pair@$$CBHH@_STL@@HU?$hash@H@2@U?$_Select1st@U?$pair@$$CBHH@_STL@@@2@U?$equal_to@H@2@V?$allocator@U?$pair@$$CBHH@_STL@@@2@@_STL@@QAE@PAU?$_Hashtable_node@U?$pair@$$CBHH@_STL@@@1@PAV?$hashtable@U?$pair@$$CBHH@_STL@@HU?$hash@H@2@U?$_Select1st@U?$pair@$$CBHH@_STL@@@2@U?$equal_to@H@2@V?$allocator@U?$pair@$$CBHH@_STL@@@2@@1@@Z,,0x006200B0,18,Code/Libraries/Source/WWVegas/WWLib/stlport_hash_map_int.cpp,matched,gen-alias;object-symbol=??0?$_Hashtable_iterator@U?$pair@$$CBHH@_STL@@HU?$hash@H@2@U?$_Select1st@U?$pair@$$CBHH@_STL@@@2@U?$equal_to@H@2@V?$allocator@U?$pair@$$CBHH@_STL@@@2@@_STL@@QAE@PAU?$_Hashtable_node@U?$pair@$$CBHH@_STL@@@1@PAV?$hashtable@U?$pair@$$CBHH@_STL@@HU?$hash@H@2@U?$_Select1st@U?$pair@$$CBHH@_STL@@@2@U?$equal_to@H@2@V?$allocator@U?$pair@$$CBHH@_STL@@@2@@1@@Z;C++ alias
?dup_006204b0@@YAXXZ,,0x006204B0,23,Code/Libraries/Source/WWVegas/WWLib/stlport_hash_map_int.cpp,matched,gen-alias;object-symbol=??$_Construct@U?$pair@$$CBHH@_STL@@U12@@_STL@@YAXPAU?$pair@$$CBHH@0@ABU10@@Z;C++ alias
??$__copy@PBGV?$ostreambuf_iterator@GV?$char_traits@G@_STL@@@_STL@@H@_STL@@YA?AV?$ostreambuf_iterator@GV?$char_traits@G@_STL@@@0@PBG0V10@ABUrandom_access_iterator_tag@0@PAH@Z,,0x0000E9C0,106,Code/Libraries/Source/WWVegas/WWLib/stlport_wide_num_put.cpp,matched,gen-alias;object-symbol=??$__copy@PBGV?$ostreambuf_iterator@GV?$char_traits@G@_STL@@@_STL@@H@_STL@@YA?AV?$ostreambuf_iterator@GV?$char_traits@G@_STL@@@0@PBG0V10@ABUrandom_access_iterator_tag@0@PAH@Z;C++ alias
?sgetc@?$basic_streambuf@DV?$char_traits@D@_STL@@@_STL@@QAEHXZ,,0x00007C70,21,Code/Libraries/Source/WWVegas/WWLib/stlport_narrow_istream.cpp,matched,gen-alias;object-symbol=?sgetc@?$basic_streambuf@DV?$char_traits@D@_STL@@@_STL@@QAEHXZ;C++ alias
?sbumpc@?$basic_streambuf@DV?$char_traits@D@_STL@@@_STL@@QAEHXZ,,0x00007E90,32,Code/Libraries/Source/WWVegas/WWLib/stlport_narrow_istream.cpp,matched,gen-alias;object-symbol=?sbumpc@?$basic_streambuf@DV?$char_traits@D@_STL@@@_STL@@QAEHXZ;C++ alias
?sputc@?$basic_streambuf@DV?$char_traits@D@_STL@@@_STL@@QAEHD@Z,,0x00009860,49,Code/Libraries/Source/WWVegas/WWLib/stlport_narrow_istream.cpp,matched,gen-alias;object-symbol=?sputc@?$basic_streambuf@DV?$char_traits@D@_STL@@@_STL@@QAEHD@Z;C++ alias
?_M_getc@?$istreambuf_iterator@GV?$char_traits@G@_STL@@@_STL@@ABEXXZ,,0x0000A0A0,68,Code/Libraries/Source/WWVegas/WWLib/stlport_wide_num_get.cpp,matched,gen-alias;object-symbol=?_M_getc@?$istreambuf_iterator@GV?$char_traits@G@_STL@@@_STL@@ABEXXZ;C++ alias
?_M_initialize@_STLP_mutex_base@_STL@@QAEXXZ,,0x00013260,7,Code/Libraries/Source/WWVegas/WWLib/stlport_narrow_filebuf.cpp,matched,gen-alias;object-symbol=?_M_initialize@_STLP_mutex_base@_STL@@QAEXXZ;C++ alias
??$count@PADD@_STL@@YAHPAD0ABD@Z,,0x000143A0,35,Code/Libraries/Source/WWVegas/WWLib/stlport_narrow_filebuf.cpp,matched,gen-alias;object-symbol=??$count@PADD@_STL@@YAHPAD0ABD@Z;C++ alias
?_FILE_I_begin@_STL@@YAPADPBU_iobuf@@@Z,,0x00030BE0,8,Code/Libraries/Source/WWVegas/WWLib/stlport_narrow_filebuf.cpp,matched,gen-alias;object-symbol=?_FILE_I_begin@_STL@@YAPADPBU_iobuf@@@Z;C++ alias
??0_STLP_mutex@_STL@@QAE@XZ,,0x006CE7D0,9,Code/Libraries/Source/WWVegas/WWLib/stlport_narrow_filebuf.cpp,matched,gen-alias;object-symbol=??0_STLP_mutex@_STL@@QAE@XZ;C++ alias
?truename@?$numpunct@D@_STL@@QBE?AV?$basic_string@DV?$char_traits@D@_STL@@V?$allocator@D@2@@2@XZ,,0x0000EA30,27,Code/Libraries/Source/WWVegas/WWLib/stlport_narrow_num_get.cpp,matched,gen-alias;object-symbol=?truename@?$numpunct@D@_STL@@QBE?AV?$basic_string@DV?$char_traits@D@_STL@@V?$allocator@D@2@@2@XZ;C++ alias
?falsename@?$numpunct@D@_STL@@QBE?AV?$basic_string@DV?$char_traits@D@_STL@@V?$allocator@D@2@@2@XZ,,0x0000EA50,27,Code/Libraries/Source/WWVegas/WWLib/stlport_narrow_num_get.cpp,matched,gen-alias;object-symbol=?falsename@?$numpunct@D@_STL@@QBE?AV?$basic_string@DV?$char_traits@D@_STL@@V?$allocator@D@2@@2@XZ;C++ alias
?sputc@?$basic_streambuf@GV?$char_traits@G@_STL@@@_STL@@QAEGG@Z,,0x0000E9A0,31,Code/Libraries/Source/WWVegas/WWLib/stlport_ostreambuf_iterator.cpp,matched,gen-alias;object-symbol=?sputc@?$basic_streambuf@GV?$char_traits@G@_STL@@@_STL@@QAEGG@Z;C++ alias
?compare@?$char_traits@D@_STL@@SAHPBD0I@Z,,0x00006F10,28,Code/Libraries/Source/WWVegas/WWLib/stlport_narrow_string.cpp,matched,gen-alias;object-symbol=?compare@?$char_traits@D@_STL@@SAHPBD0I@Z;C++ alias
??2@YAPAXIPAX@Z,,0x00006EE0,5,Code/Libraries/Source/WWVegas/WWLib/stlport_deque_int.cpp,matched,gen-alias;object-symbol=??2@YAPAXIPAX@Z;C++ alias
?dup_00007410@@YAXXZ,,0x00007410,11,Code/Libraries/Source/WWVegas/WWLib/stlport_deque_int.cpp,matched,gen-alias;object-symbol=??0?$_STLP_alloc_proxy@IHV?$allocator@H@_STL@@@_STL@@QAE@ABV?$allocator@H@1@I@Z;C++ alias
?dup_0014f3c4@@YAXXZ,,0x0014F3C4,11,Code/Libraries/Source/WWVegas/WWLib/stlport_deque_int.cpp,matched,gen-alias;object-symbol=??0?$_STLP_alloc_proxy@IHV?$allocator@H@_STL@@@_STL@@QAE@ABV?$allocator@H@1@I@Z;C++ alias
??0?$_List_iterator@HU?$_Const_traits@H@_STL@@@_STL@@QAE@PAU?$_List_node@H@1@@Z,,0x0007B719,11,Code/Libraries/Source/WWVegas/WWLib/stlport_list_int.cpp,matched,gen-alias;object-symbol=??0?$_List_iterator@HU?$_Const_traits@H@_STL@@@_STL@@QAE@PAU?$_List_node@H@1@@Z;C++ alias
??8_List_iterator_base@_STL@@QBE_NABU01@@Z,,0x001F4325,16,Code/Libraries/Source/WWVegas/WWLib/stlport_list_int.cpp,matched,gen-alias;object-symbol=??8_List_iterator_base@_STL@@QBE_NABU01@@Z;C++ alias
?assign@?$char_traits@D@_STL@@SAXAADABD@Z,,0x00013270,13,Code/Libraries/Source/WWVegas/WWLib/stlport_narrow_fstream.cpp,matched,gen-alias;object-symbol=?assign@?$char_traits@D@_STL@@SAXAADABD@Z;C++ alias
?_M_clear_nothrow@ios_base@_STL@@IAEXH@Z,,0x0013ED10,10,Code/Libraries/Source/WWVegas/WWLib/stlport_narrow_fstream.cpp,matched,gen-alias;object-symbol=?_M_clear_nothrow@ios_base@_STL@@IAEXH@Z;C++ alias
?length@?$char_traits@D@_STL@@SAIPBD@Z,,0x00006F30,17,Code/Libraries/Source/WWVegas/WWLib/stlport_narrow_ostream.cpp,matched,gen-alias;object-symbol=?length@?$char_traits@D@_STL@@SAIPBD@Z;C++ alias
?_S_left@?$_Rb_tree@HU?$pair@$$CBHH@_STL@@U?$_Select1st@U?$pair@$$CBHH@_STL@@@2@U?$less@H@2@V?$allocator@U?$pair@$$CBHH@_STL@@@2@@_STL@@KAAAPAU?$_Rb_tree_node@U?$pair@$$CBHH@_STL@@@2@PAU32@@Z,,0x00169660,8,Code/Libraries/Source/WWVegas/WWLib/stlport_map_int_int.cpp,matched,gen-alias;object-symbol=?_S_left@?$_Rb_tree@HU?$pair@$$CBHH@_STL@@U?$_Select1st@U?$pair@$$CBHH@_STL@@@2@U?$less@H@2@V?$allocator@U?$pair@$$CBHH@_STL@@@2@@_STL@@KAAAPAU?$_Rb_tree_node@U?$pair@$$CBHH@_STL@@@2@PAU32@@Z;C++ alias
?erase@?$basic_string@DV?$char_traits@D@_STL@@V?$allocator@D@2@@_STL@@QAEPADPAD0@Z,,0x00012150,57,Code/Libraries/Source/WWVegas/WWLib/stlport_narrow_fstream.cpp,matched,gen-alias;object-symbol=?erase@?$basic_string@DV?$char_traits@D@_STL@@V?$allocator@D@2@@_STL@@QAEPADPAD0@Z;C++ alias
??1?$basic_istream@DV?$char_traits@D@_STL@@@_STL@@UAE@XZ,,0x00013410,15,Code/Libraries/Source/WWVegas/WWLib/stlport_narrow_fstream.cpp,matched,gen-alias;object-symbol=??1?$basic_istream@DV?$char_traits@D@_STL@@@_STL@@UAE@XZ;C++ alias
??1?$basic_ostream@DV?$char_traits@D@_STL@@@_STL@@UAE@XZ,,0x00013520,15,Code/Libraries/Source/WWVegas/WWLib/stlport_narrow_fstream.cpp,matched,gen-alias;object-symbol=??1?$basic_ostream@DV?$char_traits@D@_STL@@@_STL@@UAE@XZ;C++ alias
??1?$basic_iostream@DV?$char_traits@D@_STL@@@_STL@@UAE@XZ,,0x0001D950,55,Code/Libraries/Source/WWVegas/WWLib/stlport_narrow_fstream.cpp,matched,gen-alias;object-symbol=??1?$basic_iostream@DV?$char_traits@D@_STL@@@_STL@@UAE@XZ;C++ alias
??1?$basic_istream@GV?$char_traits@G@_STL@@@_STL@@UAE@XZ,,0x00013430,15,Code/Libraries/Source/WWVegas/WWLib/stlport_wide_fstream.cpp,matched,gen-alias;object-symbol=??1?$basic_istream@GV?$char_traits@G@_STL@@@_STL@@UAE@XZ;C++ alias
??1?$basic_ostream@GV?$char_traits@G@_STL@@@_STL@@UAE@XZ,,0x00013550,15,Code/Libraries/Source/WWVegas/WWLib/stlport_wide_fstream.cpp,matched,gen-alias;object-symbol=??1?$basic_ostream@GV?$char_traits@G@_STL@@@_STL@@UAE@XZ;C++ alias
??1?$basic_iostream@GV?$char_traits@G@_STL@@@_STL@@UAE@XZ,,0x0001D990,55,Code/Libraries/Source/WWVegas/WWLib/stlport_wide_fstream.cpp,matched,gen-alias;object-symbol=??1?$basic_iostream@GV?$char_traits@G@_STL@@@_STL@@UAE@XZ;C++ alias
?erase@?$basic_string@GV?$char_traits@G@_STL@@V?$allocator@G@2@@_STL@@QAEPAGPAG0@Z,,0x00013110,65,Code/Libraries/Source/WWVegas/WWLib/stlport_wide_string.cpp,matched,gen-alias;object-symbol=?erase@?$basic_string@GV?$char_traits@G@_STL@@V?$allocator@G@2@@_STL@@QAEPAGPAG0@Z;C++ alias
?_M_deallocate_buffers@?$basic_filebuf@DV?$char_traits@D@_STL@@@_STL@@AAEXXZ,,0x00013FD0,54,Code/Libraries/Source/WWVegas/WWLib/stlport_narrow_filebuf.cpp,matched,gen-alias;object-symbol=?_M_deallocate_buffers@?$basic_filebuf@DV?$char_traits@D@_STL@@@_STL@@AAEXXZ;C++ alias
??_G?$basic_ios@DV?$char_traits@D@_STL@@@_STL@@UAEPAXI@Z,,0x00013470,30,Code/Libraries/Source/WWVegas/WWLib/stlport_narrow_fstream.cpp,matched,gen-alias;object-symbol=??_G?$basic_ios@DV?$char_traits@D@_STL@@@_STL@@UAEPAXI@Z;C++ alias
?clear@?$basic_ios@DV?$char_traits@D@_STL@@@_STL@@QAEXH@Z,,0x000134B0,30,Code/Libraries/Source/WWVegas/WWLib/stlport_narrow_fstream.cpp,matched,gen-alias;object-symbol=?clear@?$basic_ios@DV?$char_traits@D@_STL@@@_STL@@QAEXH@Z;C++ alias
??0?$basic_ios@DV?$char_traits@D@_STL@@@_STL@@IAE@XZ,,0x000134D0,29,Code/Libraries/Source/WWVegas/WWLib/stlport_narrow_fstream.cpp,matched,gen-alias;object-symbol=??0?$basic_ios@DV?$char_traits@D@_STL@@@_STL@@IAE@XZ;C++ alias
?rdbuf@?$basic_ios@DV?$char_traits@D@_STL@@@_STL@@QAEPAV?$basic_streambuf@DV?$char_traits@D@_STL@@@2@PAV32@@Z,,0x000134F0,39,Code/Libraries/Source/WWVegas/WWLib/stlport_narrow_fstream.cpp,matched,gen-alias;object-symbol=?rdbuf@?$basic_ios@DV?$char_traits@D@_STL@@@_STL@@QAEPAV?$basic_streambuf@DV?$char_traits@D@_STL@@@2@PAV32@@Z;C++ alias
??_G?$basic_streambuf@DV?$char_traits@D@_STL@@@_STL@@UAEPAXI@Z,,0x00013360,30,Code/Libraries/Source/WWVegas/WWLib/stlport_narrow_filebuf.cpp,matched,gen-alias;object-symbol=??_G?$basic_streambuf@DV?$char_traits@D@_STL@@@_STL@@UAEPAXI@Z;C++ alias
?setbuf@?$basic_filebuf@DV?$char_traits@D@_STL@@@_STL@@MAEPAV?$basic_streambuf@DV?$char_traits@D@_STL@@@2@PADH@Z,,0x00013EB0,86,Code/Libraries/Source/WWVegas/WWLib/stlport_narrow_filebuf.cpp,matched,gen-alias;object-symbol=?setbuf@?$basic_filebuf@DV?$char_traits@D@_STL@@@_STL@@MAEPAV?$basic_streambuf@DV?$char_traits@D@_STL@@@2@PADH@Z;C++ alias
??_G?$basic_ios@GV?$char_traits@G@_STL@@@_STL@@UAEPAXI@Z,,0x00013490,30,Code/Libraries/Source/WWVegas/WWLib/stlport_wide_fstream.cpp,matched,gen-alias;object-symbol=??_G?$basic_ios@GV?$char_traits@G@_STL@@@_STL@@UAEPAXI@Z;C++ alias
??0?$basic_ios@GV?$char_traits@G@_STL@@@_STL@@IAE@XZ,,0x00013530,30,Code/Libraries/Source/WWVegas/WWLib/stlport_wide_fstream.cpp,matched,gen-alias;object-symbol=??0?$basic_ios@GV?$char_traits@G@_STL@@@_STL@@IAE@XZ;C++ alias
??0?$basic_streambuf@GV?$char_traits@G@_STL@@@_STL@@IAE@XZ,,0x00013600,46,Code/Libraries/Source/WWVegas/WWLib/stlport_wide_filebuf.cpp,matched,gen-alias;object-symbol=??0?$basic_streambuf@GV?$char_traits@G@_STL@@@_STL@@IAE@XZ;C++ alias
?dup_0007fab3@@YAXXZ,,0x0007FAB3,14,Code/Libraries/Source/WWVegas/WWLib/stlport_narrow_num_get_long_double.cpp,matched,gen-alias;object-symbol=??1?$basic_string@DV?$char_traits@D@_STL@@V?$allocator@D@2@@_STL@@QAE@XZ;C++ alias
?size@?$vector@_NV?$allocator@_N@_STL@@@_STL@@QBEIXZ,,0x0006BE05,26,Code/Libraries/Source/WWVegas/WWLib/stlport_vector_bool.cpp,matched,stlport-4.5.3
??0?$_Bvector_base@V?$allocator@_N@_STL@@@_STL@@QAE@ABV?$allocator@_N@1@@Z,,0x0006BE8F,38,Code/Libraries/Source/WWVegas/WWLib/stlport_vector_bool.cpp,matched,stlport-4.5.3
??$fill@PAU?$pair@HH@_STL@@U12@@_STL@@YAXPAU?$pair@HH@0@0ABU10@@Z,,0x0001BCD0,36,Code/Libraries/Source/WWVegas/WWLib/stlport_vector_pair.cpp,matched,stlport-4.5.3
??$__copy_ptrs@PAU?$pair@HH@_STL@@PAU12@@_STL@@YAPAU?$pair@HH@0@PAU10@00ABU__false_type@0@@Z,,0x0001C160,46,Code/Libraries/Source/WWVegas/WWLib/stlport_vector_pair.cpp,matched,stlport-4.5.3
??$__uninitialized_copy@PBU?$pair@HH@_STL@@PAU12@@_STL@@YAPAU?$pair@HH@0@PBU10@0PAU10@ABU__false_type@0@@Z,,0x001814A0,43,Code/Libraries/Source/WWVegas/WWLib/stlport_vector_pair.cpp,matched,stlport-4.5.3
??$__copy_backward@PAU?$pair@HH@_STL@@PAU12@H@_STL@@YAPAU?$pair@HH@0@PAU10@00ABUrandom_access_iterator_tag@0@PAH@Z,,0x00625B30,59,Code/Libraries/Source/WWVegas/WWLib/stlport_vector_pair.cpp,matched,stlport-4.5.3
??$__copy_backward_ptrs@PAU?$pair@HH@_STL@@PAU12@@_STL@@YAPAU?$pair@HH@0@PAU10@00ABU__false_type@0@@Z,,0x00625D70,53,Code/Libraries/Source/WWVegas/WWLib/stlport_vector_pair.cpp,matched,stlport-4.5.3
??$__uninitialized_fill_n@PAU?$pair@HH@_STL@@IU12@@_STL@@YAPAU?$pair@HH@0@PAU10@IABU10@ABU__false_type@0@@Z,,0x00627300,39,Code/Libraries/Source/WWVegas/WWLib/stlport_vector_pair.cpp,matched,stlport-4.5.3
??$__copy@PAU?$pair@HH@_STL@@PAU12@H@_STL@@YAPAU?$pair@HH@0@PAU10@00ABUrandom_access_iterator_tag@0@PAH@Z,,0x001D973C,50,Code/Libraries/Source/WWVegas/WWLib/stlport_vector_pair.cpp,matched,gen-alias;object-symbol=??$__copy@PAU?$pair@HH@_STL@@PAU12@H@_STL@@YAPAU?$pair@HH@0@PAU10@00ABUrandom_access_iterator_tag@0@PAH@Z;C++ alias
??$swap@U?$_Bit_iter@U_Bit_reference@_STL@@PAU12@@_STL@@@_STL@@YAXAAU?$_Bit_iter@U_Bit_reference@_STL@@PAU12@@0@0@Z,,0x005A9125,33,Code/Libraries/Source/WWVegas/WWLib/stlport_vector_bool.cpp,matched,gen-alias;object-symbol=??$swap@U?$_Bit_iter@U_Bit_reference@_STL@@PAU12@@_STL@@@_STL@@YAXAAU?$_Bit_iter@U_Bit_reference@_STL@@PAU12@@0@0@Z;C++ alias
??0?$_Bit_iter@U_Bit_reference@_STL@@PAU12@@_STL@@QAE@XZ,,0x00672310,16,Code/Libraries/Source/WWVegas/WWLib/stlport_vector_bool.cpp,matched,gen-alias;object-symbol=??0?$_Bit_iter@U_Bit_reference@_STL@@PAU12@@_STL@@QAE@XZ;C++ alias
?BTREE_decompress@@YAHPAE0@Z,,0x0068EB60,258,Code/Libraries/Source/Compression/EAC/btreedecode.cpp,matched,gen-alias;object-symbol=?BTREE_decompress@@YAHPAE0@Z;C++ alias
??$__lexicographical_compare_3way@PADPAD@_STL@@YAHPAD000@Z,,0x00017650,74,Code/Libraries/Source/WWVegas/WWLib/stlport_rope_char.cpp,matched,stlport-4.5.3
??0?$gslice_array@H@_STL@@QAE@ABV01@@Z,,0x000B68F0,27,Code/Libraries/Source/WWVegas/WWLib/stlport_valarray_int.cpp,matched,stlport-4.5.3
?compress@LZHLCompressor@@QAEIPAEPBEI@Z,,0x006911B0,1741,Code/Libraries/Source/Compression/LZHCompress/CompLibSource/Lz.cpp,matched,stlport-4.5.3
??$__get_integer@V?$istreambuf_iterator@GV?$char_traits@G@_STL@@@_STL@@J@_STL@@YA_NAAV?$istreambuf_iterator@GV?$char_traits@G@_STL@@@0@0HAAJH_NDABV?$basic_string@DV?$char_traits@D@_STL@@V?$allocator@D@2@@0@ABU__true_type@0@@Z,,0x0000AFA0,404,Code/Libraries/Source/WWVegas/WWLib/stlport_wide_get_integer_long.cpp,matched,stlport-4.5.3
??$__get_integer@V?$istreambuf_iterator@GV?$char_traits@G@_STL@@@_STL@@K@_STL@@YA_NAAV?$istreambuf_iterator@GV?$char_traits@G@_STL@@@0@0HAAKH_NDABV?$basic_string@DV?$char_traits@D@_STL@@V?$allocator@D@2@@0@ABU__false_type@0@@Z,,0x0000A920,387,Code/Libraries/Source/WWVegas/WWLib/stlport_wide_get_integer_ulong.cpp,matched,stlport-4.5.3
??$__get_integer@V?$istreambuf_iterator@GV?$char_traits@G@_STL@@@_STL@@G@_STL@@YA_NAAV?$istreambuf_iterator@GV?$char_traits@G@_STL@@@0@0HAAGH_NDABV?$basic_string@DV?$char_traits@D@_STL@@V?$allocator@D@2@@0@ABU__false_type@0@@Z,,0x0000ACE0,399,Code/Libraries/Source/WWVegas/WWLib/stlport_wide_get_integer_uint16.cpp,matched,stlport-4.5.3
??$__get_integer@V?$istreambuf_iterator@GV?$char_traits@G@_STL@@@_STL@@_K@_STL@@YA_NAAV?$istreambuf_iterator@GV?$char_traits@G@_STL@@@0@0HAA_KH_NDABV?$basic_string@DV?$char_traits@D@_STL@@V?$allocator@D@2@@0@ABU__false_type@0@@Z,,0x0000A320,522,Code/Libraries/Source/WWVegas/WWLib/stlport_wide_get_integer_uint64.cpp,matched,stlport-4.5.3
??$__get_integer@V?$istreambuf_iterator@GV?$char_traits@G@_STL@@@_STL@@_J@_STL@@YA_NAAV?$istreambuf_iterator@GV?$char_traits@G@_STL@@@0@0HAA_JH_NDABV?$basic_string@DV?$char_traits@D@_STL@@V?$allocator@D@2@@0@ABU__true_type@0@@Z,,0x0000A670,537,Code/Libraries/Source/WWVegas/WWLib/stlport_wide_get_integer_int64.cpp,matched,stlport-4.5.3
??$_M_do_get_integer@V?$istreambuf_iterator@GV?$char_traits@G@_STL@@@_STL@@JD@_STL@@YA?AV?$istreambuf_iterator@GV?$char_traits@G@_STL@@@0@AAV10@0AAVios_base@0@AAHAAJPAD@Z,,0x0000AEA0,252,Code/Libraries/Source/WWVegas/WWLib/stlport_wide_do_get_integer_long.cpp,matched,stlport-4.5.3
??$_M_do_get_integer@V?$istreambuf_iterator@GV?$char_traits@G@_STL@@@_STL@@KD@_STL@@YA?AV?$istreambuf_iterator@GV?$char_traits@G@_STL@@@0@AAV10@0AAVios_base@0@AAHAAKPAD@Z,,0x0000AAB0,252,Code/Libraries/Source/WWVegas/WWLib/stlport_wide_do_get_integer_ulong.cpp,matched,stlport-4.5.3
??$_M_do_get_integer@V?$istreambuf_iterator@GV?$char_traits@G@_STL@@@_STL@@GD@_STL@@YA?AV?$istreambuf_iterator@GV?$char_traits@G@_STL@@@0@AAV10@0AAVios_base@0@AAHAAGPAD@Z,,0x0000ABE0,251,Code/Libraries/Source/WWVegas/WWLib/stlport_wide_do_get_integer_uint16.cpp,matched,stlport-4.5.3
??$_M_do_get_integer@V?$istreambuf_iterator@GV?$char_traits@G@_STL@@@_STL@@_JD@_STL@@YA?AV?$istreambuf_iterator@GV?$char_traits@G@_STL@@@0@AAV10@0AAVios_base@0@AAHAA_JPAD@Z,,0x0000A560,260,Code/Libraries/Source/WWVegas/WWLib/stlport_wide_do_get_integer_int64.cpp,matched,stlport-4.5.3
??$__get_integer@V?$istreambuf_iterator@DV?$char_traits@D@_STL@@@_STL@@J@_STL@@YA_NAAV?$istreambuf_iterator@DV?$char_traits@D@_STL@@@0@0HAAJH_NDABV?$basic_string@DV?$char_traits@D@_STL@@V?$allocator@D@2@@0@ABU__false_type@0@@Z,,0x00009D60,392,Code/Libraries/Source/WWVegas/WWLib/stlport_narrow_get_decimal_long.cpp,matched,stlport-4.5.3
??$__get_integer@V?$istreambuf_iterator@GV?$char_traits@G@_STL@@@_STL@@J@_STL@@YA_NAAV?$istreambuf_iterator@GV?$char_traits@G@_STL@@@0@0HAAJH_NDABV?$basic_string@DV?$char_traits@D@_STL@@V?$allocator@D@2@@0@ABU__false_type@0@@Z,,0x0000B550,392,Code/Libraries/Source/WWVegas/WWLib/stlport_wide_get_decimal_long.cpp,matched,stlport-4.5.3
??$__get_decimal_integer@V?$istreambuf_iterator@DV?$char_traits@D@_STL@@@_STL@@J@_STL@@YA_NAAV?$istreambuf_iterator@DV?$char_traits@D@_STL@@@0@0AAJ@Z,,0x00009CD0,133,Code/Libraries/Source/WWVegas/WWLib/stlport_narrow_get_decimal_reader.cpp,matched,stlport-4.5.3
??$__get_decimal_integer@V?$istreambuf_iterator@GV?$char_traits@G@_STL@@@_STL@@J@_STL@@YA_NAAV?$istreambuf_iterator@GV?$char_traits@G@_STL@@@0@0AAJ@Z,,0x0000B4C0,133,Code/Libraries/Source/WWVegas/WWLib/stlport_wide_get_decimal_reader.cpp,matched,stlport-4.5.3
?_M_allocate_buffers@?$basic_filebuf@DV?$char_traits@D@_STL@@@_STL@@AAE_NXZ,,0x0001DF70,30,Code/Libraries/Source/WWVegas/WWLib/stlport_narrow_filebuf.cpp,matched,stlport-4.5.3
??$__copy@PBU?$pair@HH@_STL@@PAU12@H@_STL@@YAPAU?$pair@HH@0@PBU10@0PAU10@ABUrandom_access_iterator_tag@0@PAH@Z,,0x00626F50,50,Code/Libraries/Source/WWVegas/WWLib/stlport_vector_pair.cpp,matched,stlport-4.5.3
?do_get@?$num_get@GV?$istreambuf_iterator@GV?$char_traits@G@_STL@@@_STL@@@_STL@@MBE?AV?$istreambuf_iterator@GV?$char_traits@G@_STL@@@2@V32@0AAVios_base@2@AAHAA_K@Z,,0x00009F60,47,Code/Libraries/Source/WWVegas/WWLib/stlport_wide_num_get.cpp,matched,stlport-4.5.3
?do_get@?$num_get@GV?$istreambuf_iterator@GV?$char_traits@G@_STL@@@_STL@@@_STL@@MBE?AV?$istreambuf_iterator@GV?$char_traits@G@_STL@@@2@V32@0AAVios_base@2@AAHAAPAX@Z,,0x0000A890,83,Code/Libraries/Source/WWVegas/WWLib/stlport_wide_num_get.cpp,matched,stlport-4.5.3
??0CImage@ATL@@QAE@XZ,,0x00001568,62,Code/Libraries/Source/ATL/atlimage.cpp,matched,stlport-4.5.3
?Destroy@CImage@ATL@@QAEXXZ,,0x0000213F,19,Code/Libraries/Source/ATL/atlimage.cpp,matched,vendored=atl-7.1
??1CImage@ATL@@UAE@XZ,,0x0000267B,21,Code/Libraries/Source/ATL/atlimage.cpp,matched,vendored=atl-7.1
??0locale@_STL@@QAE@ABV01@@Z,,0x00007130,32,Code/Libraries/Source/WWVegas/WWLib/stlport_locale.cpp,matched,stlport-4.5.3
??1locale@_STL@@QAE@XZ,,0x00007150,7,Code/Libraries/Source/WWVegas/WWLib/stlport_locale.cpp,matched,stlport-4.5.3
??4locale@_STL@@QAEAAV01@ABV01@@Z,,0x00007160,39,Code/Libraries/Source/WWVegas/WWLib/stlport_locale.cpp,matched,stlport-4.5.3
?_M_use_facet@locale@_STL@@QBEPAVfacet@12@ABVid@12@@Z,,0x00007190,27,Code/Libraries/Source/WWVegas/WWLib/stlport_locale.cpp,matched,stlport-4.5.3
??0locale@_STL@@QAE@XZ,,0x00007100,30,Code/Libraries/Source/WWVegas/WWLib/stlport_locale.cpp,matched,stlport-4.5.3
?getloc@ios_base@_STL@@QBE?AVlocale@2@XZ,,0x00007EB0,41,Code/Libraries/Source/WWVegas/WWLib/stlport_locale.cpp,matched,stlport-4.5.3
??1?$basic_ios@DV?$char_traits@D@_STL@@@_STL@@UAE@XZ,,0x00013420,11,Code/Libraries/Source/WWVegas/WWLib/stlport_narrow_ios.cpp,matched,stlport-4.5.3
??1?$basic_ios@GV?$char_traits@G@_STL@@@_STL@@UAE@XZ,,0x00013440,11,Code/Libraries/Source/WWVegas/WWLib/stlport_wide_ios.cpp,matched,stlport-4.5.3
??$_M_do_get_integer@V?$istreambuf_iterator@GV?$char_traits@G@_STL@@@_STL@@_KD@_STL@@YA?AV?$istreambuf_iterator@GV?$char_traits@G@_STL@@@0@AAV10@0AAVios_base@0@AAHAA_KPAD@Z,,0x00009F90,260,Code/Libraries/Source/WWVegas/WWLib/stlport_wide_do_get_integer_uint64.cpp,matched,stlport-4.5.3
??4?$ostreambuf_iterator@DV?$char_traits@D@_STL@@@_STL@@QAEAAV01@D@Z,,0x00009820,52,Code/Libraries/Source/WWVegas/WWLib/stlport_ostreambuf_iterator_assign.cpp,matched,stlport-4.5.3
??4?$ostreambuf_iterator@GV?$char_traits@G@_STL@@@_STL@@QAEAAV01@G@Z,,0x0000E960,53,Code/Libraries/Source/WWVegas/WWLib/stlport_ostreambuf_iterator_assign.cpp,matched,stlport-4.5.3
?_M_getc@?$istreambuf_iterator@DV?$char_traits@D@_STL@@@_STL@@ABEXXZ,,0x00007C40,35,Code/Libraries/Source/WWVegas/WWLib/stlport_narrow_istreambuf_iterator_getc.cpp,matched,stlport-4.5.3
?equal@?$istreambuf_iterator@DV?$char_traits@D@_STL@@@_STL@@QBE_NABV12@@Z,,0x0000FA00,126,Code/Libraries/Source/WWVegas/WWLib/stlport_narrow_istreambuf_iterator_equal.cpp,matched,stlport-4.5.3
?_M_setup_codecvt@?$basic_filebuf@DV?$char_traits@D@_STL@@@_STL@@AAEXABVlocale@2@@Z,,0x00013B30,112,Code/Libraries/Source/WWVegas/WWLib/stlport_narrow_filebuf.cpp,matched,stlport-4.5.3
?_M_setup_codecvt@?$basic_filebuf@GV?$char_traits@G@_STL@@@_STL@@AAEXABVlocale@2@@Z,,0x00013BA0,97,Code/Libraries/Source/WWVegas/WWLib/stlport_wide_filebuf.cpp,matched,stlport-4.5.3
??0?$basic_filebuf@DV?$char_traits@D@_STL@@@_STL@@QAE@XZ,,0x00013C10,264,Code/Libraries/Source/WWVegas/WWLib/stlport_narrow_filebuf.cpp,matched,stlport-4.5.3
??4?$back_insert_iterator@V?$basic_string@DV?$char_traits@D@_STL@@V?$allocator@D@2@@_STL@@@_STL@@QAEAAV01@ABD@Z,,0x00019160,25,Code/Libraries/Source/WWVegas/WWLib/stlport_money_get.cpp,matched,stlport-4.5.3
?get@?$money_get@DV?$istreambuf_iterator@DV?$char_traits@D@_STL@@@_STL@@@_STL@@QBE?AV?$istreambuf_iterator@DV?$char_traits@D@_STL@@@2@V32@0_NAAVios_base@2@AAHAAV?$basic_string@DV?$char_traits@D@_STL@@V?$allocator@D@2@@2@@Z,,0x00019850,57,Code/Libraries/Source/WWVegas/WWLib/stlport_money_get.cpp,matched,stlport-4.5.3
?get@?$money_get@DV?$istreambuf_iterator@DV?$char_traits@D@_STL@@@_STL@@@_STL@@QBE?AV?$istreambuf_iterator@DV?$char_traits@D@_STL@@@2@V32@0_NAAVios_base@2@AAHAAO@Z,,0x000198D0,57,Code/Libraries/Source/WWVegas/WWLib/stlport_money_get.cpp,matched,stlport-4.5.3
??$make_pair@V?$istreambuf_iterator@DV?$char_traits@D@_STL@@@_STL@@_N@_STL@@YA?AU?$pair@V?$istreambuf_iterator@DV?$char_traits@D@_STL@@@_STL@@_N@0@ABV?$istreambuf_iterator@DV?$char_traits@D@_STL@@@0@AB_N@Z,,0x00019B60,28,Code/Libraries/Source/WWVegas/WWLib/stlport_money_get.cpp,matched,stlport-4.5.3
??0?$pair@V?$istreambuf_iterator@DV?$char_traits@D@_STL@@@_STL@@PAD@_STL@@QAE@ABV?$istreambuf_iterator@DV?$char_traits@D@_STL@@@1@ABQAD@Z,,0x0016CB20,28,Code/Libraries/Source/WWVegas/WWLib/stlport_money_get.cpp,matched,stlport-4.5.3
??$__get_string@V?$istreambuf_iterator@DV?$char_traits@D@_STL@@@_STL@@PAD@_STL@@YA?AU?$pair@V?$istreambuf_iterator@DV?$char_traits@D@_STL@@@_STL@@_N@0@V?$istreambuf_iterator@DV?$char_traits@D@_STL@@@0@0PAD1@Z,,0x00019C20,75,Code/Libraries/Source/WWVegas/WWLib/stlport_money_get.cpp,matched,stlport-4.5.3
??4?$back_insert_iterator@V?$basic_string@GV?$char_traits@G@_STL@@V?$allocator@G@2@@_STL@@@_STL@@QAEAAV01@ABG@Z,,0x00019CF0,26,Code/Libraries/Source/WWVegas/WWLib/stlport_money_get_wide.cpp,matched,stlport-4.5.3
?put@?$money_put@DV?$ostreambuf_iterator@DV?$char_traits@D@_STL@@@_STL@@@_STL@@QBE?AV?$ostreambuf_iterator@DV?$char_traits@D@_STL@@@2@V32@_NAAVios_base@2@DO@Z,,0x00019890,52,Code/Libraries/Source/WWVegas/WWLib/stlport_money_put.cpp,matched,stlport-4.5.3
?put@?$money_put@DV?$ostreambuf_iterator@DV?$char_traits@D@_STL@@@_STL@@@_STL@@QBE?AV?$ostreambuf_iterator@DV?$char_traits@D@_STL@@@2@V32@_NAAVios_base@2@DABV?$basic_string@DV?$char_traits@D@_STL@@V?$allocator@D@2@@2@@Z,,0x00019910,47,Code/Libraries/Source/WWVegas/WWLib/stlport_money_put.cpp,matched,stlport-4.5.3
??$fill_n@V?$ostreambuf_iterator@DV?$char_traits@D@_STL@@@_STL@@ID@_STL@@YA?AV?$ostreambuf_iterator@DV?$char_traits@D@_STL@@@0@V10@IABD@Z,,0x00019AD0,113,Code/Libraries/Source/WWVegas/WWLib/stlport_money_put.cpp,matched,stlport-4.5.3
??$fill_n@V?$ostreambuf_iterator@GV?$char_traits@G@_STL@@@_STL@@IG@_STL@@YA?AV?$ostreambuf_iterator@GV?$char_traits@G@_STL@@@0@V10@IABG@Z,,0x00019B80,103,Code/Libraries/Source/WWVegas/WWLib/stlport_money_put_wide.cpp,matched,stlport-4.5.3
?put@?$time_put@DV?$ostreambuf_iterator@DV?$char_traits@D@_STL@@@_STL@@@_STL@@QBE?AV?$ostreambuf_iterator@DV?$char_traits@D@_STL@@@2@V32@AAVios_base@2@DPBUtm@@PBD3@Z,,0x00018630,290,Code/Libraries/Source/WWVegas/WWLib/stlport_time_put.cpp,matched,stlport-4.5.3
?negative_sign@?$moneypunct@D$00@_STL@@QBE?AV?$basic_string@DV?$char_traits@D@_STL@@V?$allocator@D@2@@2@XZ,,0x0000EA70,27,Code/Libraries/Source/WWVegas/WWLib/stlport_money_get.cpp,matched,gen-alias;object-symbol=?negative_sign@?$moneypunct@D$00@_STL@@QBE?AV?$basic_string@DV?$char_traits@D@_STL@@V?$allocator@D@2@@2@XZ;C++ alias
??0?$basic_streambuf@DV?$char_traits@D@_STL@@@_STL@@IAE@XZ,,0x00013320,60,Code/Libraries/Source/WWVegas/WWLib/stlport_narrow_filebuf.cpp,matched,gen-alias;object-symbol=??0?$basic_streambuf@DV?$char_traits@D@_STL@@@_STL@@IAE@XZ;C++ alias
??_GCImage@ATL@@UAEPAXI@Z,,0x00002926,28,Code/Libraries/Source/ATL/atlimage.cpp,matched,gen-alias;object-symbol=??_GCImage@ATL@@UAEPAXI@Z;C++ alias
?put@?$time_put@GV?$ostreambuf_iterator@GV?$char_traits@G@_STL@@@_STL@@@_STL@@QBE?AV?$ostreambuf_iterator@GV?$char_traits@G@_STL@@@2@V32@AAVios_base@2@GPBUtm@@PBG3@Z,,0x00018D30,264,Code/Libraries/Source/WWVegas/WWLib/stlport_time_put_wide.cpp,matched,stlport-4.5.3
?do_put@?$time_put@GV?$ostreambuf_iterator@GV?$char_traits@G@_STL@@@_STL@@@_STL@@MBE?AV?$ostreambuf_iterator@GV?$char_traits@G@_STL@@@2@V32@AAVios_base@2@GPBUtm@@DD@Z,,0x0000F680,78,Code/Libraries/Source/WWVegas/WWLib/stlport_time_put_wide.cpp,matched,stlport-4.5.3
??$__put_time@V?$ostreambuf_iterator@GV?$char_traits@G@_STL@@@_STL@@@_STL@@YA?AV?$ostreambuf_iterator@GV?$char_traits@G@_STL@@@0@PAD0V10@ABVios_base@0@G@Z,,0x0000F6D0,103,Code/Libraries/Source/WWVegas/WWLib/stlport_time_put_wide.cpp,matched,stlport-4.5.3
??$__write_integer_backward@J@_STL@@YAPADPADHJ@Z,,0x0000D460,216,Code/Libraries/Source/WWVegas/WWLib/stlport_write_integer_backward.cpp,matched,stlport-4.5.3
?do_put@?$num_put@GV?$ostreambuf_iterator@GV?$char_traits@G@_STL@@@_STL@@@_STL@@MBE?AV?$ostreambuf_iterator@GV?$char_traits@G@_STL@@@2@V32@AAVios_base@2@GJ@Z,,0x00010C60,74,Code/Libraries/Source/WWVegas/WWLib/stlport_wide_num_put.cpp,matched,stlport-4.5.3
?do_put@?$num_put@GV?$ostreambuf_iterator@GV?$char_traits@G@_STL@@@_STL@@@_STL@@MBE?AV?$ostreambuf_iterator@GV?$char_traits@G@_STL@@@2@V32@AAVios_base@2@GK@Z,,0x00010C10,74,Code/Libraries/Source/WWVegas/WWLib/stlport_wide_num_put.cpp,matched,stlport-4.5.3
??$__copy_integer_and_fill@GV?$ostreambuf_iterator@GV?$char_traits@G@_STL@@@_STL@@@_STL@@YA?AV?$ostreambuf_iterator@GV?$char_traits@G@_STL@@@0@PBGHV10@HHGGG@Z,,0x0000ECE0,459,Code/Libraries/Source/WWVegas/WWLib/stlport_wide_copy_integer_and_fill.cpp,matched,stlport-4.6
?do_put@?$num_put@DV?$ostreambuf_iterator@DV?$char_traits@D@_STL@@@_STL@@@_STL@@MBE?AV?$ostreambuf_iterator@DV?$char_traits@D@_STL@@@2@V32@AAVios_base@2@DK@Z,,0x0000D2D0,74,Code/Libraries/Source/WWVegas/WWLib/stlport_narrow_num_put.cpp,matched,stlport-4.5.3
?do_put@?$num_put@DV?$ostreambuf_iterator@DV?$char_traits@D@_STL@@@_STL@@@_STL@@MBE?AV?$ostreambuf_iterator@DV?$char_traits@D@_STL@@@2@V32@AAVios_base@2@DJ@Z,,0x0000D410,74,Code/Libraries/Source/WWVegas/WWLib/stlport_narrow_num_put.cpp,matched,stlport-4.5.3
??$_M_get_base_or_zero@V?$istreambuf_iterator@DV?$char_traits@D@_STL@@@_STL@@D@_STL@@YAHAAV?$istreambuf_iterator@DV?$char_traits@D@_STL@@@0@0AAVios_base@0@PAD@Z,,0x00007C90,508,Code/Libraries/Source/WWVegas/WWLib/stlport_narrow_get_base_or_zero.cpp,matched,stlport-4.5.3
??$_M_get_base_or_zero@V?$istreambuf_iterator@GV?$char_traits@G@_STL@@@_STL@@G@_STL@@YAHAAV?$istreambuf_iterator@GV?$char_traits@G@_STL@@@0@0AAVios_base@0@PAG@Z,,0x0000A0F0,523,Code/Libraries/Source/WWVegas/WWLib/stlport_wide_get_base_or_zero.cpp,matched,stlport-4.5.3
??$_M_range_initialize@PBD@?$basic_string@DV?$char_traits@D@_STL@@V?$allocator@D@2@@_STL@@QAEXPBD0ABUforward_iterator_tag@1@@Z,,0x000078C0,84,Code/Libraries/Source/WWVegas/WWLib/stlport_narrow_string_range_init.cpp,matched,stlport-4.5.3
??$?9DV?$char_traits@D@_STL@@V?$allocator@D@1@@_STL@@YA_NABV?$basic_string@DV?$char_traits@D@_STL@@V?$allocator@D@2@@0@0@Z,,0x000077B0,65,Code/Libraries/Source/WWVegas/WWLib/stlport_narrow_string_not_equal.cpp,matched,stlport-4.5.3
??3@YAXPAX@Z,,0x0002FD60,21,Code/Libraries/Source/WWVegas/WWLib/mem_ops.cpp,matched,game memory-manager pointer table; class 1 scalar class 2 array
??_V@YAXPAX@Z,,0x0002FD80,21,Code/Libraries/Source/WWVegas/WWLib/mem_ops.cpp,matched,game memory-manager pointer table; class 1 scalar class 2 array
??2@YAPAXI@Z,,0x0002FDA0,19,Code/Libraries/Source/WWVegas/WWLib/mem_ops.cpp,matched,game memory-manager pointer table; class 1 scalar class 2 array
??_U@YAPAXI@Z,,0x0002FDE0,19,Code/Libraries/Source/WWVegas/WWLib/mem_ops.cpp,matched,game memory-manager pointer table; class 1 scalar class 2 array
?__adjust_float_buffer@_STL@@YAXPAD0D@Z,,0x0001B3B0,34,Code/Libraries/Source/WWVegas/WWLib/stlport_adjust_float_buffer.cpp,matched,stlport-4.5.3
?__valid_grouping@_STL@@YA_NPBD000@Z,,0x00017C80,77,Code/Libraries/Source/WWVegas/WWLib/stlport_valid_grouping.cpp,matched,stlport-4.5.3
?__get_fdigit@_STL@@YA_NAAGPBG@Z,,0x00018200,59,Code/Libraries/Source/WWVegas/WWLib/stlport_wide_get_fdigit.cpp,matched,stlport-4.5.3
?__get_fdigit_or_sep@_STL@@YA_NAAGGPBG@Z,,0x00018240,78,Code/Libraries/Source/WWVegas/WWLib/stlport_wide_get_fdigit.cpp,matched,stlport-4.5.3
?_M_increment@?$_Rb_global@_N@_STL@@SAPAU_Rb_tree_node_base@2@PAU32@@Z,,0x00024250,105,Code/Libraries/Source/WWVegas/WWLib/stlport_rb_tree_increment.cpp,matched,stlport-4.5.3
??$__write_integer_backward@K@_STL@@YAPADPADHK@Z,,0x0000D320,234,Code/Libraries/Source/WWVegas/WWLib/stlport_write_integer_backward.cpp,matched,stlport-4.5.3
?_M_unmap@_Filebuf_base@_STL@@QAEXPAXJ@Z,,0x0001D780,43,Code/Libraries/Source/WWVegas/WWLib/stlport_filebuf_base.cpp,matched,stlport-4.5.3
?_M_file_size@_Filebuf_base@_STL@@QAEJXZ,,0x0001D360,48,Code/Libraries/Source/WWVegas/WWLib/stlport_filebuf_base.cpp,matched,stlport-4.5.3
?_M_close@_Filebuf_base@_STL@@QAE_NXZ,,0x0001D570,93,Code/Libraries/Source/WWVegas/WWLib/stlport_filebuf_base.cpp,matched,stlport-4.5.3
??0_Filebuf_base@_STL@@QAE@XZ,,0x0001D300,82,Code/Libraries/Source/WWVegas/WWLib/stlport_filebuf_base.cpp,matched,stlport-4.5.3
?_M_seek@_Filebuf_base@_STL@@QAEJJH@Z,,0x0001D6D0,165,Code/Libraries/Source/WWVegas/WWLib/stlport_filebuf_base.cpp,matched,stlport-4.5.3
??0?$basic_string@DV?$char_traits@D@_STL@@V?$allocator@D@2@@_STL@@QAE@XZ,,0x00007850,101,Code/Libraries/Source/WWVegas/WWLib/stlport_narrow_string_default_ctor.cpp,matched,stlport-4.5.3
??0ios_base@_STL@@IAE@XZ,,0x0001C1A0,125,Code/Libraries/Source/WWVegas/WWLib/stlport_ios_base_ctor.cpp,matched,stlport-4.5.3
?do_get_monthname@?$time_get@GV?$istreambuf_iterator@GV?$char_traits@G@_STL@@@_STL@@@_STL@@MBE?AV?$istreambuf_iterator@GV?$char_traits@G@_STL@@@2@V32@0AAVios_base@2@AAHPAUtm@@@Z,,0x0000F5C0,179,Code/Libraries/Source/WWVegas/WWLib/stlport_wide_time_get_names.cpp,matched,stlport-4.5.3
?do_get_weekday@?$time_get@GV?$istreambuf_iterator@GV?$char_traits@G@_STL@@@_STL@@@_STL@@MBE?AV?$istreambuf_iterator@GV?$char_traits@G@_STL@@@2@V32@0AAVios_base@2@AAHPAUtm@@@Z,,0x0000F510,167,Code/Libraries/Source/WWVegas/WWLib/stlport_wide_time_get_names.cpp,matched,stlport-4.5.3
?Init@?$CA2WEX@$0IA@@ATL@@AAEXPBDI@Z,,0x00001DB1,98,Code/Libraries/Source/ATL/atlconv.cpp,matched,vendored=atl-7.1
??1?$CA2WEX@$0IA@@ATL@@QAE@XZ,,0x00001D9A,18,Code/Libraries/Source/ATL/atlconv.cpp,matched,vendored=atl-7.1
?AtlThrowLastWin32@ATL@@YGXXZ,,0x0000113D,26,Code/Libraries/Source/ATL/atlconv.cpp,matched,vendored=atl-7.1
??6@YAAAVDebug@@AAV0@ABURealRange@@@Z,0x00004F7A,0x00004F7A,78,Code/Libraries/Source/WWVegas/WWMath/region.cpp,matched,Open-BFME5 RealRange debug insertion
??6@YAAAVDebug@@AAV0@ABURegion2D@@@Z,0x0000505C,0x0000505C,47,Code/Libraries/Source/WWVegas/WWMath/region.cpp,matched,Open-BFME5 Region2D debug insertion
??6@YAAAVDebug@@AAV0@ABUIRegion2D@@@Z,0x0000508B,0x0000508B,47,Code/Libraries/Source/WWVegas/WWMath/region.cpp,matched,Open-BFME5 IRegion2D debug insertion
??$mismatch@V?$istreambuf_iterator@DV?$char_traits@D@_STL@@@_STL@@PBD@_STL@@YA?AU?$pair@V?$istreambuf_iterator@DV?$char_traits@D@_STL@@@_STL@@PBD@0@V?$istreambuf_iterator@DV?$char_traits@D@_STL@@@0@0PBD@Z,,0x00011C30,95,Code/Libraries/Source/WWVegas/WWLib/stlport_narrow_mismatch.cpp,matched,stlport-4.5.3
??$__get_string@V?$istreambuf_iterator@DV?$char_traits@D@_STL@@@_STL@@PBD@_STL@@YA?AU?$pair@V?$istreambuf_iterator@DV?$char_traits@D@_STL@@@_STL@@_N@0@V?$istreambuf_iterator@DV?$char_traits@D@_STL@@@0@0PBD1@Z,,0x00011C90,75,Code/Libraries/Source/WWVegas/WWLib/stlport_narrow_mismatch.cpp,matched,stlport-4.5.3
?insert@?$basic_string@DV?$char_traits@D@_STL@@V?$allocator@D@2@@_STL@@QAEPADPADD@Z,,0x00011CE0,49,Code/Libraries/Source/WWVegas/WWLib/stlport_narrow_string_insert.cpp,matched,stlport-4.5.3
??1?$basic_streambuf@GV?$char_traits@G@_STL@@@_STL@@UAE@XZ,,0x00013560,14,Code/Libraries/Source/WWVegas/WWLib/stlport_wide_streambuf.cpp,matched,vendored=stlport-4.5.3;wide streambuf destructor identified from the RTTI descriptor behind its vtable at 0x00BBBD14
??_G?$basic_streambuf@GV?$char_traits@G@_STL@@@_STL@@UAEPAXI@Z,,0x000135A0,30,Code/Libraries/Source/WWVegas/WWLib/stlport_wide_streambuf.cpp,matched,vendored=stlport-4.5.3;wide streambuf scalar deleting destructor calling the body at 0x00013560
??$min@I@_STL@@YAABIABI0@Z,,0x000173C0,17,Code/Libraries/Source/WWVegas/WWLib/stlport_wide_streambuf.cpp,matched,vendored=stlport-4.5.3
?to_int_type@?$__char_traits_base@GG@_STL@@SAGABG@Z,,0x00017FC0,8,Code/Libraries/Source/WWVegas/WWLib/stlport_wide_streambuf.cpp,matched,vendored=stlport-4.5.3
?eq@?$__char_traits_base@GG@_STL@@SA_NABG0@Z,,0x00017FD0,21,Code/Libraries/Source/WWVegas/WWLib/stlport_wide_streambuf.cpp,matched,vendored=stlport-4.5.3
?sgetc@?$basic_streambuf@GV?$char_traits@G@_STL@@@_STL@@QAEGXZ,,0x00018130,17,Code/Libraries/Source/WWVegas/WWLib/stlport_wide_streambuf.cpp,matched,vendored=stlport-4.5.3
??0?$fpos@H@_STL@@QAE@J@Z,,0x0001C7F0,18,Code/Libraries/Source/WWVegas/WWLib/stlport_wide_streambuf.cpp,matched,vendored=stlport-4.5.3
?gbump@?$basic_streambuf@GV?$char_traits@G@_STL@@@_STL@@IAEXH@Z,,0x0001C810,13,Code/Libraries/Source/WWVegas/WWLib/stlport_wide_streambuf.cpp,matched,vendored=stlport-4.5.3
?pbump@?$basic_streambuf@GV?$char_traits@G@_STL@@@_STL@@IAEXH@Z,,0x0001C840,13,Code/Libraries/Source/WWVegas/WWLib/stlport_wide_streambuf.cpp,matched,vendored=stlport-4.5.3
?setp@?$basic_streambuf@GV?$char_traits@G@_STL@@@_STL@@IAEXPAG0@Z,,0x0001C850,20,Code/Libraries/Source/WWVegas/WWLib/stlport_wide_streambuf.cpp,matched,vendored=stlport-4.5.3
?in_avail@?$basic_streambuf@GV?$char_traits@G@_STL@@@_STL@@QAEHXZ,,0x0001C8C0,20,Code/Libraries/Source/WWVegas/WWLib/stlport_wide_streambuf.cpp,matched,vendored=stlport-4.5.3
?seekoff@?$basic_streambuf@GV?$char_traits@G@_STL@@@_STL@@MAE?AV?$fpos@H@2@JHH@Z,,0x0001C970,20,Code/Libraries/Source/WWVegas/WWLib/stlport_wide_streambuf.cpp,matched,vendored=stlport-4.5.3
?stossc@?$basic_streambuf@GV?$char_traits@G@_STL@@@_STL@@QAEXXZ,,0x0001CCA0,20,Code/Libraries/Source/WWVegas/WWLib/stlport_wide_streambuf.cpp,matched,vendored=stlport-4.5.3
??0?$_Eq_int_bound@V?$char_traits@D@_STL@@@_STL@@QAE@H@Z,,0x00007120,11,Code/Libraries/Source/WWVegas/WWLib/stlport_narrow_istream.cpp,matched,vendored=stlport-4.5.3
??$__distance@PAD@_STL@@YAHABQAD0ABUrandom_access_iterator_tag@0@@Z,,0x00007810,13,Code/Libraries/Source/WWVegas/WWLib/stlport_narrow_istream.cpp,matched,vendored=stlport-4.5.3
?flags@ios_base@_STL@@QAEHH@Z,,0x000132A0,13,Code/Libraries/Source/WWVegas/WWLib/stlport_narrow_istream.cpp,matched,vendored=stlport-4.5.3
?precision@ios_base@_STL@@QAEHH@Z,,0x000132D0,13,Code/Libraries/Source/WWVegas/WWLib/stlport_narrow_istream.cpp,matched,vendored=stlport-4.5.3
?width@ios_base@_STL@@QAEHH@Z,,0x000132E0,13,Code/Libraries/Source/WWVegas/WWLib/stlport_narrow_istream.cpp,matched,vendored=stlport-4.5.3
?_M_check_exception_mask@ios_base@_STL@@IAEXXZ,,0x000132F0,14,Code/Libraries/Source/WWVegas/WWLib/stlport_narrow_istream.cpp,matched,vendored=stlport-4.5.3
?tie@?$basic_ios@DV?$char_traits@D@_STL@@@_STL@@QAEPAV?$basic_ostream@DV?$char_traits@D@_STL@@@2@PAV32@@Z,,0x00013450,13,Code/Libraries/Source/WWVegas/WWLib/stlport_narrow_istream.cpp,matched,vendored=stlport-4.5.3
?fill@?$basic_ios@DV?$char_traits@D@_STL@@@_STL@@QAEDD@Z,,0x000135C0,13,Code/Libraries/Source/WWVegas/WWLib/stlport_narrow_istream.cpp,matched,vendored=stlport-4.5.3
?move@?$__char_traits_base@DH@_STL@@SAPADPADPBDI@Z,,0x00013700,23,Code/Libraries/Source/WWVegas/WWLib/stlport_narrow_istream.cpp,matched,vendored=stlport-4.5.3
?_M_construct_null_aux@?$basic_string@DV?$char_traits@D@_STL@@V?$allocator@D@2@@_STL@@AAEXPADABU__true_type@2@@Z,,0x00013730,10,Code/Libraries/Source/WWVegas/WWLib/stlport_narrow_istream.cpp,matched,vendored=stlport-4.5.3
??$max@I@_STL@@YAABIABI0@Z,,0x00013740,17,Code/Libraries/Source/WWVegas/WWLib/stlport_narrow_istream.cpp,matched,vendored=stlport-4.5.3
??_D?$basic_istream@DV?$char_traits@D@_STL@@@_STL@@QAEXXZ,,0x00013760,21,Code/Libraries/Source/WWVegas/WWLib/stlport_narrow_istream.cpp,matched,vendored=stlport-4.5.3
??$min@H@_STL@@YAABHABH0@Z,,0x000173E0,17,Code/Libraries/Source/WWVegas/WWLib/stlport_narrow_istream.cpp,matched,vendored=stlport-4.5.3
?_FILE_I_avail@_STL@@YAHPBU_iobuf@@@Z,,0x00017B90,8,Code/Libraries/Source/WWVegas/WWLib/stlport_narrow_istream.cpp,matched,vendored=stlport-4.5.3
?_FILE_I_postincr@_STL@@YAAADPAU_iobuf@@@Z,,0x00017BA0,15,Code/Libraries/Source/WWVegas/WWLib/stlport_narrow_istream.cpp,matched,vendored=stlport-4.5.3
?_M_init@?$istreambuf_iterator@DV?$char_traits@D@_STL@@@_STL@@AAEXPAV?$basic_streambuf@DV?$char_traits@D@_STL@@@2@@Z,,0x00017D30,21,Code/Libraries/Source/WWVegas/WWLib/stlport_narrow_istream.cpp,matched,vendored=stlport-4.5.3
??0?$istreambuf_iterator@DV?$char_traits@D@_STL@@@_STL@@QAE@PAV?$basic_streambuf@DV?$char_traits@D@_STL@@@1@@Z,,0x000180E0,23,Code/Libraries/Source/WWVegas/WWLib/stlport_narrow_istream.cpp,matched,vendored=stlport-4.5.3
??$assign@PAD@?$basic_string@DV?$char_traits@D@_STL@@V?$allocator@D@2@@_STL@@QAEAAV01@PAD0@Z,,0x00019DC0,23,Code/Libraries/Source/WWVegas/WWLib/stlport_narrow_istream.cpp,matched,vendored=stlport-4.5.3
?_M_setstate_nothrow@ios_base@_STL@@IAEXH@Z,,0x0001BBE0,15,Code/Libraries/Source/WWVegas/WWLib/stlport_narrow_istream.cpp,matched,vendored=stlport-4.5.3
?_S_eof@?$basic_ios@DV?$char_traits@D@_STL@@@_STL@@SA_NH@Z,,0x0001BE10,13,Code/Libraries/Source/WWVegas/WWLib/stlport_narrow_istream.cpp,matched,vendored=stlport-4.5.3
?_FILE_I_end@_STL@@YAPADPBU_iobuf@@@Z,,0x0001C6C0,10,Code/Libraries/Source/WWVegas/WWLib/stlport_narrow_istream.cpp,matched,vendored=stlport-4.5.3
?_FILE_I_bump@_STL@@YAXPAU_iobuf@@H@Z,,0x0001C6D0,14,Code/Libraries/Source/WWVegas/WWLib/stlport_narrow_istream.cpp,matched,vendored=stlport-4.5.3
?_M_gbump@?$basic_streambuf@DV?$char_traits@D@_STL@@@_STL@@QAEXH@Z,,0x0001CD80,15,Code/Libraries/Source/WWVegas/WWLib/stlport_narrow_istream.cpp,matched,vendored=stlport-4.5.3
?egptr@?$basic_streambuf@DV?$char_traits@D@_STL@@@_STL@@IBEPADXZ,,0x0001D0F0,9,Code/Libraries/Source/WWVegas/WWLib/stlport_narrow_istream.cpp,matched,vendored=stlport-4.5.3
?eq@?$__char_traits_base@DH@_STL@@SA_NABD0@Z,,0x0001D9D0,18,Code/Libraries/Source/WWVegas/WWLib/stlport_narrow_istream.cpp,matched,vendored=stlport-4.5.3
??0?$_Scan_for_char_val@V?$char_traits@D@_STL@@@_STL@@QAE@D@Z,,0x0003CD00,11,Code/Libraries/Source/WWVegas/WWLib/stlport_narrow_istream.cpp,matched,vendored=stlport-4.5.3
?eq_int_type@?$__char_traits_base@DH@_STL@@SA_NABH0@Z,,0x00620120,18,Code/Libraries/Source/WWVegas/WWLib/stlport_narrow_istream.cpp,matched,vendored=stlport-4.5.3
?_M_set_exception_mask@ios_base@_STL@@IAEXH@Z,,0x00665630,10,Code/Libraries/Source/WWVegas/WWLib/stlport_narrow_istream.cpp,matched,vendored=stlport-4.5.3
?_M_construct_null@?$basic_string@DV?$char_traits@D@_STL@@V?$allocator@D@2@@_STL@@AAEXPAD@Z,,0x00665B20,10,Code/Libraries/Source/WWVegas/WWLib/stlport_narrow_istream.cpp,matched,vendored=stlport-4.5.3
??0?$_Constant_binary_fun@HHH@_STL@@QAE@ABH@Z,,0x006CFE10,13,Code/Libraries/Source/WWVegas/WWLib/stlport_narrow_istream.cpp,matched,vendored=stlport-4.5.3
??_D?$basic_ostream@DV?$char_traits@D@_STL@@@_STL@@QAEXXZ,,0x00013780,21,Code/Libraries/Source/WWVegas/WWLib/stlport_narrow_ostream.cpp,matched,vendored=stlport-4.5.3
?failed@?$ostreambuf_iterator@DV?$char_traits@D@_STL@@@_STL@@QBE_NXZ,,0x0001A0E0,11,Code/Libraries/Source/WWVegas/WWLib/stlport_narrow_ostream.cpp,matched,vendored=stlport-4.5.3
??0?$ostreambuf_iterator@DV?$char_traits@D@_STL@@@_STL@@QAE@PAV?$basic_streambuf@DV?$char_traits@D@_STL@@@1@@Z,,0x0001A120,19,Code/Libraries/Source/WWVegas/WWLib/stlport_narrow_ostream.cpp,matched,vendored=stlport-4.5.3
?__is_open@_Filebuf_base@_STL@@QBE_NXZ,,0x000133B0,11,Code/Libraries/Source/WWVegas/WWLib/stlport_narrow_fstream.cpp,matched,vendored=stlport-4.5.3
?is_open@?$basic_filebuf@DV?$char_traits@D@_STL@@@_STL@@QBE_NXZ,,0x00013400,11,Code/Libraries/Source/WWVegas/WWLib/stlport_narrow_fstream.cpp,matched,vendored=stlport-4.5.3
??$max@H@_STL@@YAABHABH0@Z,,0x00013630,17,Code/Libraries/Source/WWVegas/WWLib/stlport_narrow_fstream.cpp,matched,vendored=stlport-4.5.3
?is_open@?$basic_fstream@DV?$char_traits@D@_STL@@@_STL@@QAE_NXZ,,0x0001D860,11,Code/Libraries/Source/WWVegas/WWLib/stlport_narrow_fstream.cpp,matched,vendored=stlport-4.5.3
??_D?$basic_fstream@DV?$char_traits@D@_STL@@@_STL@@QAEXXZ,,0x0001EA10,22,Code/Libraries/Source/WWVegas/WWLib/stlport_narrow_fstream.cpp,matched,vendored=stlport-4.5.3
?_M_terminate_string_aux@?$basic_string@DV?$char_traits@D@_STL@@V?$allocator@D@2@@_STL@@AAEXABU__true_type@2@@Z,,0x00007400,9,Code/Libraries/Source/WWVegas/WWLib/stlport_narrow_num_get.cpp,matched,vendored=stlport-4.5.3
?__get_fdigit@_STL@@YA_NAADPBD@Z,,0x00017BD0,23,Code/Libraries/Source/WWVegas/WWLib/stlport_narrow_num_get.cpp,matched,vendored=stlport-4.5.3
?__get_digit_from_table@_STL@@YAHI@Z,,0x00017C20,23,Code/Libraries/Source/WWVegas/WWLib/stlport_narrow_num_get.cpp,matched,vendored=stlport-4.5.3
?empty@?$basic_string@DV?$char_traits@D@_STL@@V?$allocator@D@2@@_STL@@QBE_NXZ,,0x00018070,11,Code/Libraries/Source/WWVegas/WWLib/stlport_narrow_num_get.cpp,matched,vendored=stlport-4.5.3
?min@?$_Integer_limits@_J$0?IAAAAAAAAAAAAAAA@$0HPPPPPPPPPPPPPPP@$0?0$00@_STL@@SA_JXZ,,0x00018090,8,Code/Libraries/Source/WWVegas/WWLib/stlport_narrow_num_get.cpp,matched,vendored=stlport-4.5.3
?max@?$_Integer_limits@_J$0?IAAAAAAAAAAAAAAA@$0HPPPPPPPPPPPPPPP@$0?0$00@_STL@@SA_JXZ,,0x000180A0,9,Code/Libraries/Source/WWVegas/WWLib/stlport_narrow_num_get.cpp,matched,vendored=stlport-4.5.3
??A?$basic_string@DV?$char_traits@D@_STL@@V?$allocator@D@2@@_STL@@QBEABDI@Z,,0x00018620,9,Code/Libraries/Source/WWVegas/WWLib/stlport_narrow_num_get.cpp,matched,vendored=stlport-4.5.3
?is_open@?$basic_filebuf@GV?$char_traits@G@_STL@@@_STL@@QBE_NXZ,,0x00013460,11,Code/Libraries/Source/WWVegas/WWLib/stlport_wide_fstream.cpp,matched,vendored=stlport-4.5.3
?fill@?$basic_ios@GV?$char_traits@G@_STL@@@_STL@@QAEGG@Z,,0x000135D0,16,Code/Libraries/Source/WWVegas/WWLib/stlport_wide_fstream.cpp,matched,vendored=stlport-4.5.3
?widen@?$basic_ios@GV?$char_traits@G@_STL@@@_STL@@QBEGD@Z,,0x000135F0,8,Code/Libraries/Source/WWVegas/WWLib/stlport_wide_fstream.cpp,matched,vendored=stlport-4.5.3
?is_open@?$basic_fstream@GV?$char_traits@G@_STL@@@_STL@@QAE_NXZ,,0x0001D8F0,11,Code/Libraries/Source/WWVegas/WWLib/stlport_wide_fstream.cpp,matched,vendored=stlport-4.5.3
??_D?$basic_fstream@GV?$char_traits@G@_STL@@@_STL@@QAEXXZ,,0x0001EA70,22,Code/Libraries/Source/WWVegas/WWLib/stlport_wide_fstream.cpp,matched,vendored=stlport-4.5.3
??$_M_append_dispatch@PBD@?$basic_string@DV?$char_traits@D@_STL@@V?$allocator@D@2@@_STL@@AAEAAV01@PBD0ABU__false_type@1@@Z,,0x00015E80,13,Code/Libraries/Source/WWVegas/WWLib/stlport_narrow_string.cpp,matched,vendored=stlport-4.5.3
??$append@PBD@?$basic_string@DV?$char_traits@D@_STL@@V?$allocator@D@2@@_STL@@QAEAAV01@PBD0@Z,,0x000160D0,23,Code/Libraries/Source/WWVegas/WWLib/stlport_narrow_string.cpp,matched,vendored=stlport-4.5.3
??$_Construct@DD@_STL@@YAXPADABD@Z,,0x000199E0,17,Code/Libraries/Source/WWVegas/WWLib/stlport_narrow_string.cpp,matched,vendored=stlport-4.5.3
??R?$_Eq_traits@V?$char_traits@D@_STL@@@_STL@@QBE_NABD0@Z,,0x0001DA50,20,Code/Libraries/Source/WWVegas/WWLib/stlport_narrow_string.cpp,matched,vendored=stlport-4.5.3
??$swap@PAD@_STL@@YAXAAPAD0@Z,,0x000357A0,19,Code/Libraries/Source/WWVegas/WWLib/stlport_narrow_string.cpp,matched,vendored=stlport-4.5.3
?rbegin@?$basic_string@DV?$char_traits@D@_STL@@V?$allocator@D@2@@_STL@@QAE?AV?$reverse_iterator@PAD@2@XZ,,0x0015DF00,12,Code/Libraries/Source/WWVegas/WWLib/stlport_narrow_string.cpp,matched,vendored=stlport-4.5.3
??$?9PBD@_STL@@YA_NABV?$reverse_iterator@PBD@0@0@Z,,0x0073B5E0,22,Code/Libraries/Source/WWVegas/WWLib/stlport_narrow_string.cpp,matched,vendored=stlport-4.5.3
?rend@?$basic_string@DV?$char_traits@D@_STL@@V?$allocator@D@2@@_STL@@QAE?AV?$reverse_iterator@PAD@2@XZ,,0x007593E0,11,Code/Libraries/Source/WWVegas/WWLib/stlport_narrow_string.cpp,matched,vendored=stlport-4.5.3
?setf@ios_base@_STL@@QAEHH@Z,,0x000132B0,19,Code/Libraries/Source/WWVegas/WWLib/stlport_narrow_num_put.cpp,matched,vendored=stlport-4.5.3
?size@?$basic_string@GV?$char_traits@G@_STL@@V?$allocator@G@2@@_STL@@QBEIXZ,,0x00018040,8,Code/Libraries/Source/WWVegas/WWLib/stlport_wide_num_get.cpp,matched,vendored=stlport-4.5.3
??A?$basic_string@GV?$char_traits@G@_STL@@V?$allocator@G@2@@_STL@@QBEABGI@Z,,0x00155320,12,Code/Libraries/Source/WWVegas/WWLib/stlport_wide_num_get.cpp,matched,vendored=stlport-4.5.3
??_D?$basic_istream@GV?$char_traits@G@_STL@@@_STL@@QAEXXZ,,0x000137A0,21,Code/Libraries/Source/WWVegas/WWLib/stlport_wide_istream.cpp,matched,vendored=stlport-4.5.3
?_M_init@?$istreambuf_iterator@GV?$char_traits@G@_STL@@@_STL@@AAEXPAV?$basic_streambuf@GV?$char_traits@G@_STL@@@2@@Z,,0x00017CD0,21,Code/Libraries/Source/WWVegas/WWLib/stlport_wide_istream.cpp,matched,vendored=stlport-4.5.3
??0?$istreambuf_iterator@GV?$char_traits@G@_STL@@@_STL@@QAE@PAV?$basic_streambuf@GV?$char_traits@G@_STL@@@1@@Z,,0x000180C0,23,Code/Libraries/Source/WWVegas/WWLib/stlport_wide_istream.cpp,matched,vendored=stlport-4.5.3
?_S_eof@?$basic_ios@GV?$char_traits@G@_STL@@@_STL@@SA_NG@Z,,0x0001BE20,13,Code/Libraries/Source/WWVegas/WWLib/stlport_wide_istream.cpp,matched,vendored=stlport-4.5.3
?_M_terminate_string_aux@?$basic_string@GV?$char_traits@G@_STL@@V?$allocator@G@2@@_STL@@AAEXABU__false_type@2@@Z,,0x00017700,11,Code/Libraries/Source/WWVegas/WWLib/stlport_wide_string.cpp,matched,vendored=stlport-4.5.3
??$?GPBG@_STL@@YAHABV?$reverse_iterator@PBG@0@0@Z,,0x00017730,15,Code/Libraries/Source/WWVegas/WWLib/stlport_wide_string.cpp,matched,vendored=stlport-4.5.3
?_M_terminate_string@?$basic_string@GV?$char_traits@G@_STL@@V?$allocator@G@2@@_STL@@AAEXXZ,,0x00017780,9,Code/Libraries/Source/WWVegas/WWLib/stlport_wide_string.cpp,matched,vendored=stlport-4.5.3
?assign@?$__char_traits_base@GG@_STL@@SAXAAGABG@Z,,0x00019940,15,Code/Libraries/Source/WWVegas/WWLib/stlport_wide_string.cpp,matched,vendored=stlport-4.5.3
?_M_construct_null_aux@?$basic_string@GV?$char_traits@G@_STL@@V?$allocator@G@2@@_STL@@AAEXPAGABU__true_type@2@@Z,,0x00019950,12,Code/Libraries/Source/WWVegas/WWLib/stlport_wide_string.cpp,matched,vendored=stlport-4.5.3
?capacity@?$basic_string@GV?$char_traits@G@_STL@@V?$allocator@G@2@@_STL@@QBEIXZ,,0x000199C0,9,Code/Libraries/Source/WWVegas/WWLib/stlport_wide_string.cpp,matched,vendored=stlport-4.5.3
??$_Construct@GG@_STL@@YAXPAGABG@Z,,0x00019A00,19,Code/Libraries/Source/WWVegas/WWLib/stlport_wide_string.cpp,matched,vendored=stlport-4.5.3
?_M_construct_null@?$basic_string@GV?$char_traits@G@_STL@@V?$allocator@G@2@@_STL@@AAEXPAG@Z,,0x00019AC0,12,Code/Libraries/Source/WWVegas/WWLib/stlport_wide_string.cpp,matched,vendored=stlport-4.5.3
??R?$_Eq_traits@V?$char_traits@G@_STL@@@_STL@@QBE_NABG0@Z,,0x0001DA70,23,Code/Libraries/Source/WWVegas/WWLib/stlport_wide_string.cpp,matched,vendored=stlport-4.5.3
?not_eof@?$__char_traits_base@DH@_STL@@SAHABH@Z,,0x0001D030,18,Code/Libraries/Source/WWVegas/WWLib/stlport_narrow_stringbuf.cpp,matched,vendored=stlport-4.5.3
?pbump@?$basic_streambuf@DV?$char_traits@D@_STL@@@_STL@@IAEXH@Z,,0x00602670,15,Code/Libraries/Source/WWVegas/WWLib/stlport_narrow_stringbuf.cpp,matched,vendored=stlport-4.5.3
??Z?$fpos@H@_STL@@QAEAAV01@J@Z,,0x00602890,15,Code/Libraries/Source/WWVegas/WWLib/stlport_narrow_stringbuf.cpp,matched,vendored=stlport-4.5.3
??G?$fpos@H@_STL@@QAE?AV01@J@Z,,0x00602F40,23,Code/Libraries/Source/WWVegas/WWLib/stlport_narrow_stringbuf.cpp,matched,vendored=stlport-4.5.3
?not_eof@?$__char_traits_base@GG@_STL@@SAGABG@Z,,0x0001DED0,20,Code/Libraries/Source/WWVegas/WWLib/stlport_wide_stringbuf.cpp,matched,vendored=stlport-4.5.3
?_M_in_binary_mode@_Filebuf_base@_STL@@QBE_NXZ,,0x0001D1B0,10,Code/Libraries/Source/WWVegas/WWLib/stlport_narrow_filebuf.cpp,matched,vendored=stlport-4.5.3
?state@?$fpos@H@_STL@@QAEXH@Z,,0x00187F40,10,Code/Libraries/Source/WWVegas/WWLib/stlport_narrow_filebuf.cpp,matched,vendored=stlport-4.5.3
?_M_do_noconv_input@?$basic_filebuf@GV?$char_traits@G@_STL@@@_STL@@QAEGXZ,,0x0001DE30,23,Code/Libraries/Source/WWVegas/WWLib/stlport_wide_filebuf.cpp,matched,vendored=stlport-4.5.3
?neg_format@?$moneypunct@D$00@_STL@@QBE?AUpattern@money_base@2@XZ,,0x00019690,17,Code/Libraries/Source/WWVegas/WWLib/stlport_money_get.cpp,matched,vendored=stlport-4.5.3
?pos_format@?$moneypunct@D$00@_STL@@QBE?AUpattern@money_base@2@XZ,,0x00019670,17,Code/Libraries/Source/WWVegas/WWLib/stlport_money_put.cpp,matched,vendored=stlport-4.5.3
?_Atomic_swap@_STL@@YAJPCJJ@Z,,0x00006EF0,17,Code/Libraries/Source/WWVegas/WWLib/stlport_rope_char.cpp,matched,vendored=stlport-4.5.3
?_S_ref@?$_Rope_RopeRep@DV?$allocator@D@_STL@@@_STL@@SAXPAU12@@Z,,0x006C5300,16,Code/Libraries/Source/WWVegas/WWLib/stlport_rope_char.cpp,matched,vendored=stlport-4.5.3
?empty@?$rope@DV?$allocator@D@_STL@@@_STL@@QBE_NXZ,,0x006CFE00,10,Code/Libraries/Source/WWVegas/WWLib/stlport_rope_char.cpp,matched,vendored=stlport-4.5.3
??$?GDV?$allocator@D@_STL@@@_STL@@YAHABV?$_Rope_const_iterator@DV?$allocator@D@_STL@@@0@0@Z,,0x00731F80,13,Code/Libraries/Source/WWVegas/WWLib/stlport_rope_char.cpp,matched,vendored=stlport-4.5.3
??0?$pair@PBDPAD@_STL@@QAE@ABQBDABQAD@Z,,0x00758C70,22,Code/Libraries/Source/WWVegas/WWLib/stlport_rope_char.cpp,matched,vendored=stlport-4.5.3
?_M_set_node@?$_Deque_iterator_base@H@_STL@@QAEXPAPAH@Z,,0x00620100,23,Code/Libraries/Source/WWVegas/WWLib/stlport_deque_int.cpp,matched,vendored=stlport-4.5.3
??$_Construct@HH@_STL@@YAXPAHABH@Z,,0x00620140,17,Code/Libraries/Source/WWVegas/WWLib/stlport_deque_int.cpp,matched,vendored=stlport-4.5.3
?empty@?$deque@HV?$allocator@H@_STL@@@_STL@@QBE_NXZ,,0x00620250,11,Code/Libraries/Source/WWVegas/WWLib/stlport_deque_int.cpp,matched,vendored=stlport-4.5.3
??Y?$_Deque_iterator@HU?$_Const_traits@H@_STL@@@_STL@@QAEAAU01@H@Z,,0x00620750,19,Code/Libraries/Source/WWVegas/WWLib/stlport_deque_int.cpp,matched,vendored=stlport-4.5.3
??0?$_Deque_iterator_base@H@_STL@@QAE@XZ,,0x00666EB0,16,Code/Libraries/Source/WWVegas/WWLib/stlport_deque_int.cpp,matched,vendored=stlport-4.5.3
?end@?$hashtable@U?$pair@$$CBHH@_STL@@HU?$hash@H@2@U?$_Select1st@U?$pair@$$CBHH@_STL@@@2@U?$equal_to@H@2@V?$allocator@U?$pair@$$CBHH@_STL@@@2@@_STL@@QAE?AU?$_Ht_iterator@U?$pair@$$CBHH@_STL@@U?$_Nonconst_traits@U?$pair@$$CBHH@_STL@@@2@HU?$hash@H@2@U?$_Select1st@U?$pair@$$CBHH@_STL@@@2@U?$equal_to@H@2@V?$allocator@U?$pair@$$CBHH@_STL@@@2@@2@XZ,,0x0016D580,16,Code/Libraries/Source/WWVegas/WWLib/stlport_hash_map_int.cpp,matched,vendored=stlport-4.5.3
?bucket_count@?$hashtable@U?$pair@$$CBHH@_STL@@HU?$hash@H@2@U?$_Select1st@U?$pair@$$CBHH@_STL@@@2@U?$equal_to@H@2@V?$allocator@U?$pair@$$CBHH@_STL@@@2@@_STL@@QBEIXZ,,0x00620160,10,Code/Libraries/Source/WWVegas/WWLib/stlport_hash_map_int.cpp,matched,vendored=stlport-4.5.3
?_M_bkt_num_key@?$hashtable@U?$pair@$$CBHH@_STL@@HU?$hash@H@2@U?$_Select1st@U?$pair@$$CBHH@_STL@@@2@U?$equal_to@H@2@V?$allocator@U?$pair@$$CBHH@_STL@@@2@@_STL@@ABEIABHI@Z,,0x00620230,17,Code/Libraries/Source/WWVegas/WWLib/stlport_hash_map_int.cpp,matched,vendored=stlport-4.5.3
?_M_set@?$vector@PAXV?$allocator@PAX@_STL@@@_STL@@IAEXPAPAX00@Z,,0x00688310,23,Code/Libraries/Source/WWVegas/WWLib/stlport_hash_map_int.cpp,matched,vendored=stlport-4.5.3
??0?$_Ht_iterator@U?$pair@$$CBHH@_STL@@U?$_Nonconst_traits@U?$pair@$$CBHH@_STL@@@2@HU?$hash@H@2@U?$_Select1st@U?$pair@$$CBHH@_STL@@@2@U?$equal_to@H@2@V?$allocator@U?$pair@$$CBHH@_STL@@@2@@_STL@@QAE@ABU01@@Z,,0x0073B520,19,Code/Libraries/Source/WWVegas/WWLib/stlport_hash_map_int.cpp,matched,vendored=stlport-4.5.3
??R?$less@I@_STL@@QBE_NABI0@Z,,0x00758C50,19,Code/Libraries/Source/WWVegas/WWLib/stlport_hash_map_int.cpp,matched,vendored=stlport-4.5.3
??F?$_List_iterator@HU?$_Nonconst_traits@H@_STL@@@_STL@@QAEAAU01@XZ,,0x006CFE20,10,Code/Libraries/Source/WWVegas/WWLib/stlport_list_int.cpp,matched,vendored=stlport-4.5.3
??9_List_iterator_base@_STL@@QBE_NABU01@@Z,,0x006CFE40,22,Code/Libraries/Source/WWVegas/WWLib/stlport_list_int.cpp,matched,vendored=stlport-4.5.3
??0?$pair@U?$_Rb_tree_iterator@U?$pair@$$CBHH@_STL@@U?$_Nonconst_traits@U?$pair@$$CBHH@_STL@@@2@@_STL@@_N@_STL@@QAE@ABU?$_Rb_tree_iterator@U?$pair@$$CBHH@_STL@@U?$_Nonconst_traits@U?$pair@$$CBHH@_STL@@@2@@1@AB_N@Z,,0x00154E80,22,Code/Libraries/Source/WWVegas/WWLib/stlport_map_int_int.cpp,matched,vendored=stlport-4.5.3
?_S_right@?$_Rb_tree@HU?$pair@$$CBHH@_STL@@U?$_Select1st@U?$pair@$$CBHH@_STL@@@2@U?$less@H@2@V?$allocator@U?$pair@$$CBHH@_STL@@@2@@_STL@@KAAAPAU?$_Rb_tree_node@U?$pair@$$CBHH@_STL@@@2@PAU32@@Z,,0x00169EC0,8,Code/Libraries/Source/WWVegas/WWLib/stlport_map_int_int.cpp,matched,vendored=stlport-4.5.3
??E?$_Rb_tree_iterator@U?$pair@$$CBHH@_STL@@U?$_Nonconst_traits@U?$pair@$$CBHH@_STL@@@2@@_STL@@QAEAAU01@XZ,,0x00169ED0,20,Code/Libraries/Source/WWVegas/WWLib/stlport_map_int_int.cpp,matched,vendored=stlport-4.5.3
?_S_parent@?$_Rb_tree@HU?$pair@$$CBHH@_STL@@U?$_Select1st@U?$pair@$$CBHH@_STL@@@2@U?$less@H@2@V?$allocator@U?$pair@$$CBHH@_STL@@@2@@_STL@@KAAAPAU?$_Rb_tree_node@U?$pair@$$CBHH@_STL@@@2@PAU32@@Z,,0x00169F80,8,Code/Libraries/Source/WWVegas/WWLib/stlport_map_int_int.cpp,matched,vendored=stlport-4.5.3
?empty@?$_Rb_tree@HU?$pair@$$CBHH@_STL@@U?$_Select1st@U?$pair@$$CBHH@_STL@@@2@U?$less@H@2@V?$allocator@U?$pair@$$CBHH@_STL@@@2@@_STL@@QBE_NXZ,,0x00620050,11,Code/Libraries/Source/WWVegas/WWLib/stlport_map_int_int.cpp,matched,vendored=stlport-4.5.3
??8_Rb_tree_base_iterator@_STL@@QBE_NABU01@@Z,,0x006CD580,16,Code/Libraries/Source/WWVegas/WWLib/stlport_map_int_int.cpp,matched,vendored=stlport-4.5.3
?begin@?$_Rb_tree@HU?$pair@$$CBHH@_STL@@U?$_Select1st@U?$pair@$$CBHH@_STL@@@2@U?$less@H@2@V?$allocator@U?$pair@$$CBHH@_STL@@@2@@_STL@@QAE?AU?$_Rb_tree_iterator@U?$pair@$$CBHH@_STL@@U?$_Nonconst_traits@U?$pair@$$CBHH@_STL@@@2@@2@XZ,,0x007593D0,14,Code/Libraries/Source/WWVegas/WWLib/stlport_map_int_int.cpp,matched,vendored=stlport-4.5.3
?capacity@?$vector@_NV?$allocator@_N@_STL@@@_STL@@QBEIXZ,,0x00069F60,21,Code/Libraries/Source/WWVegas/WWLib/stlport_vector_bool.cpp,matched,vendored=stlport-4.5.3
?size@?$vector@U?$pair@HH@_STL@@V?$allocator@U?$pair@HH@_STL@@@2@@_STL@@QBEIXZ,,0x00626DE0,9,Code/Libraries/Source/WWVegas/WWLib/stlport_vector_pair.cpp,matched,vendored=stlport-4.5.3
?capacity@?$vector@U?$pair@HH@_STL@@V?$allocator@U?$pair@HH@_STL@@@2@@_STL@@QBEIXZ,,0x00626EE0,9,Code/Libraries/Source/WWVegas/WWLib/stlport_vector_pair.cpp,matched,vendored=stlport-4.5.3
??A?$vector@U?$pair@HH@_STL@@V?$allocator@U?$pair@HH@_STL@@@2@@_STL@@QAEAAU?$pair@HH@1@I@Z,,0x006272C0,12,Code/Libraries/Source/WWVegas/WWLib/stlport_vector_pair.cpp,matched,vendored=stlport-4.5.3
?is_open@?$basic_ifstream@DV?$char_traits@D@_STL@@@_STL@@QAE_NXZ,,0x0001D840,11,Code/Libraries/Source/WWVegas/WWLib/stlport_narrow_ifstream.cpp,matched,vendored=stlport-4.5.3
??_D?$basic_ifstream@DV?$char_traits@D@_STL@@@_STL@@QAEXXZ,,0x0001E9D0,22,Code/Libraries/Source/WWVegas/WWLib/stlport_narrow_ifstream.cpp,matched,vendored=stlport-4.5.3
?is_open@?$basic_ifstream@GV?$char_traits@G@_STL@@@_STL@@QAE_NXZ,,0x0001D8D0,11,Code/Libraries/Source/WWVegas/WWLib/stlport_wide_ifstream.cpp,matched,vendored=stlport-4.5.3
??_D?$basic_ifstream@GV?$char_traits@G@_STL@@@_STL@@QAEXXZ,,0x0001EA30,22,Code/Libraries/Source/WWVegas/WWLib/stlport_wide_ifstream.cpp,matched,vendored=stlport-4.5.3
?is_open@?$basic_ofstream@DV?$char_traits@D@_STL@@@_STL@@QAE_NXZ,,0x0001D850,11,Code/Libraries/Source/WWVegas/WWLib/stlport_narrow_ofstream.cpp,matched,vendored=stlport-4.5.3
??_D?$basic_ofstream@DV?$char_traits@D@_STL@@@_STL@@QAEXXZ,,0x0001E9F0,22,Code/Libraries/Source/WWVegas/WWLib/stlport_narrow_ofstream.cpp,matched,vendored=stlport-4.5.3
?is_open@?$basic_ofstream@GV?$char_traits@G@_STL@@@_STL@@QAE_NXZ,,0x0001D8E0,11,Code/Libraries/Source/WWVegas/WWLib/stlport_wide_ofstream.cpp,matched,vendored=stlport-4.5.3
??_D?$basic_ofstream@GV?$char_traits@G@_STL@@@_STL@@QAEXXZ,,0x0001EA50,22,Code/Libraries/Source/WWVegas/WWLib/stlport_wide_ofstream.cpp,matched,vendored=stlport-4.5.3
?narrow@?$basic_ios@GV?$char_traits@G@_STL@@@_STL@@QBEDGD@Z,,0x0001BCA0,8,Code/Libraries/Source/WWVegas/WWLib/stlport_wide_ios.cpp,matched,vendored=stlport-4.5.3
??$_M_get_ostreambuf@DV?$char_traits@D@_STL@@@_STL@@YAPAV?$basic_streambuf@DV?$char_traits@D@_STL@@@0@AAV?$basic_ostream@DV?$char_traits@D@_STL@@@0@@Z,,0x00018170,14,Code/Libraries/Source/WWVegas/WWLib/stlport_ostreambuf_iterator.cpp,matched,vendored=stlport-4.5.3
?_wrap@LZBuffer@@KAHK@Z,,0x00690F50,10,Code/Libraries/Source/Compression/LZHCompress/CompLibSource/Huff.cpp,matched,vendored=stlport-4.5.3
?MD5_memcpy@@YAXPAE0I@Z,,0x006062D0,23,Code/Libraries/Source/WWVegas/WWLib/md5.cpp,matched,vendored=stlport-4.5.3
??0?$CategoryModuleTemplate@$00@FXParticleSystem@@QAE@XZ,0x00001D69,0x00001D69,23,Code/GameEngine/Source/GameClient/FXParticleSystem.cpp,matched,Open-BFME5 clean C++; CategoryModuleTemplate<1> default constructor
??0?$CategoryModuleTemplate@$07@FXParticleSystem@@QAE@XZ,0x00001EF9,0x00001EF9,31,Code/GameEngine/Source/GameClient/FXParticleSystem.cpp,matched,Open-BFME5 clean C++; CategoryModuleTemplate<8> default constructor
??1?$CategoryModuleTemplate@$00@FXParticleSystem@@UAE@XZ,0x00001F18,0x00001F18,24,Code/GameEngine/Source/GameClient/FXParticleSystem.cpp,matched,Open-BFME5 clean C++; CategoryModuleTemplate<1> destructor
??0UnicodeString@@QAE@ABV0@@Z,0x00006618,0x00006618,18,Code/Libraries/Source/WWVegas/WWLib/unicode_string.cpp,matched,Open-BFME5 clean C++; UnicodeString copy constructor
?compare@?$StringBase@D@@QBEHPBDH@Z,0x00006733,0x00006733,63,Code/Libraries/Source/WWVegas/WWLib/string_base.cpp,matched,Open-BFME5 clean C++; StringBase<char> compare with explicit length
?compareNoCase@?$StringBase@D@@QBEHPBDH@Z,0x00006772,0x00006772,63,Code/Libraries/Source/WWVegas/WWLib/string_base.cpp,matched,Open-BFME5 clean C++; StringBase<char> compareNoCase with explicit length
?compare@?$StringBase@G@@QBEHPBGH@Z,0x000067B1,0x000067B1,63,Code/Libraries/Source/WWVegas/WWLib/string_base.cpp,matched,Open-BFME5 clean C++; StringBase<wchar_t> compare with explicit length
?compareNoCase@?$StringBase@G@@QBEHPBGH@Z,0x000067F0,0x000067F0,63,Code/Libraries/Source/WWVegas/WWLib/string_base.cpp,matched,Open-BFME5 clean C++; StringBase<wchar_t> compareNoCase with explicit length
??0CComCriticalSection@ATL@@QAE@XZ,,0x00003227,20,Code/Libraries/Source/ATL/atlcore.cpp,matched,Open-BFME5 clean C++; ATL 7.1 CComCriticalSection zero-initializes its 24-byte critical-section storage
??G@YA?AVCoord3D@@V0@@Z,0x00003FEE,0x00003FEE,46,Code/Libraries/Source/WWVegas/WWMath/coord3d.cpp,matched,Open-BFME5 clean C++; Coord3D unary minus
??0_ATL_WIN_MODULE70@ATL@@QAE@XZ,,0x0000683C,26,Code/Libraries/Source/ATL/atlbase.cpp,matched,Open-BFME5 clean C++; ATL 7.1 _ATL_WIN_MODULE70 constructor initializes its window atom array after constructing the embedded critical section
?SetIdentity@Matrix4D@@QAEAAV1@XZ,0x0000401C,0x0000401C,93,Code/Libraries/Source/WWVegas/WWMath/matrix4d.cpp,matched,Open-BFME5 clean C++; Matrix4D SetIdentity
?combine@RealRange@@QAEXAAU1@@Z,0x000062AD,0x000062AD,43,Code/Libraries/Source/WWVegas/WWMath/region.cpp,matched,Open-BFME5 clean C++; RealRange combine
?combine@IntRange@@QAEXAAU1@@Z,0x000062D8,0x000062D8,37,Code/Libraries/Source/WWVegas/WWMath/region.cpp,matched,Open-BFME5 clean C++; IntRange combine
?expandBy@IRegion2D@@QAEXABUICoord2D@@@Z,0x00006469,0x00006469,44,Code/Libraries/Source/WWVegas/WWMath/region.cpp,matched,Open-BFME5 clean C++; IRegion2D expandBy
?expandRange@@YAXPAHH0@Z,,0x000057F1,23,Code/Libraries/Source/WWVegas/WWMath/icoord.cpp,matched,Open-BFME5 clean C++; shared integer expandBy axis worker
?expandBy@IRegion3D@@QAEXABUICoord3D@@@Z,0x000064FC,0x000064FC,60,Code/Libraries/Source/WWVegas/WWMath/region.cpp,matched,Open-BFME5 clean C++; IRegion3D expandBy
??0Matrix4D@@QAE@_N@Z,0x00005AE7,0x00005AE7,102,Code/Libraries/Source/WWVegas/WWMath/matrix4d.cpp,matched,Open-BFME5 clean C++; Matrix4D identity-flag constructor
??0Matrix4D@@QAE@ABVCoord3D@@@Z,0x00005BB8,0x00005BB8,116,Code/Libraries/Source/WWVegas/WWMath/matrix4d.cpp,matched,Open-BFME5 clean C++; Matrix4D translation constructor
??$?6D@@YAAAVDebug@@AAV0@ABV?$StringBase@D@@@Z,0x000028E8,0x000028E8,37,Code/Libraries/Source/WWVegas/WWLib/string_base.cpp,matched,Open-BFME5 clean C++; Debug stream insertion for StringBase<char>
??0?$CW2AEX@$0IA@@ATL@@QAE@PBG@Z,,0x000066F0,32,Code/Libraries/Source/ATL/atlconv.cpp,matched,Open-BFME5 clean C++; ATL 7.1 CW2AEX<> constructor primes its inline buffer and dispatches conversion through Init
?Sin@@YAMM@Z,0x0002FBB0,0x0002FBB0,7,Code/Libraries/Source/WWVegas/WWMath/wwmath.cpp,matched,Open-BFME5 clean C++; x87 transcendental wrapper
?Cos@@YAMM@Z,0x0002FBC0,0x0002FBC0,7,Code/Libraries/Source/WWVegas/WWMath/wwmath.cpp,matched,Open-BFME5 clean C++; x87 transcendental wrapper
?Tan@@YAMM@Z,0x0002FBA0,0x0002FBA0,9,Code/Libraries/Source/WWVegas/WWMath/wwmath.cpp,matched,Open-BFME5 clean C++; x87 transcendental wrapper
?ACos@@YAMM@Z,0x0002FB90,0x0002FB90,10,Code/Libraries/Source/WWVegas/WWMath/wwmath.cpp,matched,Open-BFME5 clean C++; x87 inverse trigonometric wrapper
?ASin@@YAMM@Z,0x00711AC0,0x00711AC0,10,Code/Libraries/Source/WWVegas/WWMath/wwmath.cpp,matched,Open-BFME5 clean C++; x87 inverse trigonometric wrapper
?isNotEmpty@?$StringBase@D@@QBE_NXZ,0x00407101,0x00407101,11,Code/Libraries/Source/WWVegas/WWLib/string_base.cpp,matched,Open-BFME5 clean C++; StringBase predicate and accessor
?isNone@?$StringBase@D@@QBE_NXZ,0x00037DE0,0x00037DE0,16,Code/Libraries/Source/WWVegas/WWLib/string_base.cpp,matched,Open-BFME5 clean C++; StringBase predicate and accessor
?isNone@?$StringBase@G@@QBE_NXZ,0x00038040,0x00038040,16,Code/Libraries/Source/WWVegas/WWLib/string_base.cpp,matched,Open-BFME5 clean C++; StringBase predicate and accessor
?isNotNone@?$StringBase@D@@QBE_NXZ,0x00038050,0x00038050,17,Code/Libraries/Source/WWVegas/WWLib/string_base.cpp,matched,Open-BFME5 clean C++; StringBase predicate and accessor
?isNotNone@?$StringBase@G@@QBE_NXZ,0x00038070,0x00038070,17,Code/Libraries/Source/WWVegas/WWLib/string_base.cpp,matched,Open-BFME5 clean C++; StringBase predicate and accessor
?getCharAt@?$StringBase@D@@QBEDH@Z,0x00035720,0x00035720,23,Code/Libraries/Source/WWVegas/WWLib/string_base_inline.cpp,matched,Open-BFME5 clean C++; StringBase accessor from the speed-built unit
?isEmpty@?$StringBase@G@@QBE_NXZ,0x00035740,0x00035740,22,Code/Libraries/Source/WWVegas/WWLib/string_base_inline.cpp,matched,Open-BFME5 clean C++; StringBase accessor from the speed-built unit
?getCharAt@?$StringBase@G@@QBEGH@Z,0x00035760,0x00035760,23,Code/Libraries/Source/WWVegas/WWLib/string_base_inline.cpp,matched,Open-BFME5 clean C++; StringBase accessor from the speed-built unit
??4?$StringBase@D@@QAEAAV0@ABV0@@Z,0x00036E50,0x00036E50,19,Code/Libraries/Source/WWVegas/WWLib/string_base_inline.cpp,matched,Open-BFME5 clean C++; StringBase copy assignment
??4?$StringBase@G@@QAEAAV0@ABV0@@Z,0x00037900,0x00037900,19,Code/Libraries/Source/WWVegas/WWLib/string_base_inline.cpp,matched,Open-BFME5 clean C++; StringBase copy assignment
?_M_insert_aux@?$basic_string@DV?$char_traits@D@_STL@@V?$allocator@D@2@@_STL@@AAEPADPADD@Z,,0x00011D20,261,Code/Libraries/Source/WWVegas/WWLib/stlport_narrow_string_insert_aux.cpp,matched,Open-BFME5 clean C++; STLport 4.5.3 narrow basic_string reallocating insert helper
??0PooledString@@QAE@XZ,0x0060B7C4,0x0060B7C4,9,Code/GameEngine/Source/Common/System/PooledString.cpp,matched,Open-BFME5 clean C++; PooledString accessor
??0PooledString@@QAE@PBD@Z,0x0060B7CD,0x0060B7CD,21,Code/GameEngine/Source/Common/System/PooledString.cpp,matched,Open-BFME5 clean C++; PooledString accessor
?getLength@PooledString@@QBEHXZ,0x0060B7E2,0x0060B7E2,13,Code/GameEngine/Source/Common/System/PooledString.cpp,matched,Open-BFME5 clean C++; PooledString accessor
?isEmpty@PooledString@@QBE_NXZ,0x0060B7EF,0x0060B7EF,12,Code/GameEngine/Source/Common/System/PooledString.cpp,matched,Open-BFME5 clean C++; PooledString accessor
?isNotEmpty@PooledString@@QBE_NXZ,0x0060B7FB,0x0060B7FB,12,Code/GameEngine/Source/Common/System/PooledString.cpp,matched,Open-BFME5 clean C++; PooledString accessor
??4PooledString@@QAEAAV0@PBD@Z,0x0060B80E,0x0060B80E,18,Code/GameEngine/Source/Common/System/PooledString.cpp,matched,Open-BFME5 clean C++; PooledString accessor
??6@YAAAVDebug@@AAV0@ABVPooledString@@@Z,0x0060B84F,0x0060B84F,26,Code/GameEngine/Source/Common/System/PooledString.cpp,matched,Open-BFME5 clean C++; PooledString accessor
??0AsciiString@@QAE@ABV0@@Z,0x001D8F56,0x001D8F56,18,Code/Libraries/Source/WWVegas/WWLib/ascii_string.cpp,matched,Open-BFME5 clean C++; AsciiString copy constructor
??0GameClientRandomVariable@@QAE@XZ,0x000B4979,0x000B4979,19,Code/GameEngine/Source/GameClient/ClientRandomValue.cpp,matched,Open-BFME5 clean C++; GameClientRandomVariable
?setRange@GameClientRandomVariable@@QAEXMMW4DistributionType@1@@Z,0x002341E7,0x002341E7,31,Code/GameEngine/Source/GameClient/ClientRandomValue.cpp,matched,Open-BFME5 clean C++; GameClientRandomVariable
??0ICoord3D@@QAE@HHH@Z,0x005CC49A,0x005CC49A,25,Code/Libraries/Source/WWVegas/WWMath/icoord.cpp,matched,Open-BFME5 clean C++; ICoord3D component constructor
?set@Coord3D@@QAEXPBUCoord3DBase@@@Z,0x000DFCB6,0x000DFCB6,23,Code/Libraries/Source/WWVegas/WWMath/coord3d.cpp,matched,Open-BFME5 clean C++; Coord3D set from a base pointer
?GetTranslationVector@Matrix4D@@QBEAAVCoord3D@@AAV2@@Z,0x0009314A,0x0009314A,24,Code/Libraries/Source/WWVegas/WWMath/matrix4d.cpp,matched,Open-BFME5 clean C++; Matrix4D translation vector accessor
?lengthSqr@Coord3D@@QBEMXZ,0x00065A1A,0x00065A1A,31,Code/Libraries/Source/WWVegas/WWMath/coord3d.cpp,matched,Open-BFME5 clean C++; Coord3D squared length
?AtlW2AHelper@@YGPADPADPBGHI@Z,,0x000031DC,56,Code/Libraries/Source/ATL/atlconv.cpp,matched,Open-BFME5 clean C++; ATL 7.1 global wide-to-ANSI conversion helper
?AtlA2WHelper@@YGPAGPAGPBDHI@Z,,0x000031A5,55,Code/Libraries/Source/ATL/atlconv.cpp,matched,Open-BFME5 clean C++; ATL 7.1 global ANSI-to-wide conversion helper
??0?$StringBase@D@@AAE@D@Z,0x00037B60,0x00037B60,27,Code/Libraries/Source/WWVegas/WWLib/string_base_inline.cpp,matched,Open-BFME5 clean C++; StringBase private constructor
??0?$StringBase@D@@AAE@PBDH@Z,0x00037B80,0x00037B80,32,Code/Libraries/Source/WWVegas/WWLib/string_base_inline.cpp,matched,Open-BFME5 clean C++; StringBase private constructor
??0?$StringBase@G@@AAE@G@Z,0x00037DF0,0x00037DF0,27,Code/Libraries/Source/WWVegas/WWLib/string_base_inline.cpp,matched,Open-BFME5 clean C++; StringBase private constructor
??0?$StringBase@G@@AAE@PBGH@Z,0x00037E10,0x00037E10,32,Code/Libraries/Source/WWVegas/WWLib/string_base_inline.cpp,matched,Open-BFME5 clean C++; StringBase private constructor
??0?$StringBase@D@@AAE@ABV?$CharSource@D@@@Z,0x00037BF0,0x00037BF0,25,Code/Libraries/Source/WWVegas/WWLib/string_base_inline.cpp,matched,Open-BFME5 clean C++; StringBase CharSource constructor
??0?$StringBase@G@@AAE@ABV?$CharSource@G@@@Z,0x00037E70,0x00037E70,25,Code/Libraries/Source/WWVegas/WWLib/string_base_inline.cpp,matched,Open-BFME5 clean C++; StringBase CharSource constructor
?translate@AsciiString@@QAEXABVUnicodeString@@@Z,0x00038220,0x00038220,36,Code/Libraries/Source/WWVegas/WWLib/string_inline.cpp,matched,Open-BFME5 clean C++; string formatting and translation from the speed-built unit
?translate@UnicodeString@@QAEXABVAsciiString@@@Z,0x006CB6A0,0x006CB6A0,36,Code/Libraries/Source/WWVegas/WWLib/string_inline.cpp,matched,Open-BFME5 clean C++; string formatting and translation from the speed-built unit
?format@AsciiString@@QAAXPBDZZ,0x00038150,0x00038150,20,Code/Libraries/Source/WWVegas/WWLib/string_inline.cpp,matched,Open-BFME5 clean C++; varargs format forwarder
?clear@PooledString@@QAEXXZ,0x0060B807,0x0060B807,7,Code/GameEngine/Source/Common/System/PooledString.cpp,matched,Open-BFME5 clean C++; PooledString comparison and conversion
??4PooledString@@QAEAAV0@ABVAsciiString@@@Z,0x0060BE7F,0x0060BE7F,37,Code/GameEngine/Source/Common/System/PooledString.cpp,matched,Open-BFME5 clean C++; PooledString comparison and conversion
?format@UnicodeString@@QAAXPBGZZ,0x006CB5D0,0x006CB5D0,20,Code/Libraries/Source/WWVegas/WWLib/string_inline.cpp,matched,Open-BFME5 clean C++; varargs format forwarder
??1?$CW2AEX@$0IA@@ATL@@QAE@XZ,,0x000066DE,13,Code/Libraries/Source/ATL/atlconv.cpp,matched,Open-BFME5 clean C++; ATL 7.1 CW2AEX destructor tail-dispatches to its out-of-line deallocator
?deallocate@?$CW2AEX@$0IA@@ATL@@QAEXXZ,,0x000056C7,10,Code/Libraries/Source/ATL/atlconv.cpp,matched,Open-BFME5 clean C++; ATL 7.1 CW2AEX out-of-line member deallocator
?compare@PooledString@@QBEHPBDH@Z,0x0060BCAB,0x0060BCAB,55,Code/GameEngine/Source/Common/System/PooledString.cpp,matched,Open-BFME5 clean C++; PooledString comparison
?compareNoCase@PooledString@@QBEHPBDH@Z,0x0060BCE2,0x0060BCE2,55,Code/GameEngine/Source/Common/System/PooledString.cpp,matched,Open-BFME5 clean C++; PooledString comparison
?compare@PooledString@@QBEHPBD@Z,0x0060BD47,0x0060BD47,37,Code/GameEngine/Source/Common/System/PooledString.cpp,matched,Open-BFME5 clean C++; PooledString comparison and conversion
?compareNoCase@PooledString@@QBEHPBD@Z,0x0060BD8E,0x0060BD8E,37,Code/GameEngine/Source/Common/System/PooledString.cpp,matched,Open-BFME5 clean C++; PooledString comparison and conversion
?compare@PooledString@@QBEHABVAsciiString@@@Z,0x0060BE2B,0x0060BE2B,42,Code/GameEngine/Source/Common/System/PooledString.cpp,matched,Open-BFME5 clean C++; PooledString comparison and conversion
?compareNoCase@PooledString@@QBEHABVAsciiString@@@Z,0x0060BE55,0x0060BE55,42,Code/GameEngine/Source/Common/System/PooledString.cpp,matched,Open-BFME5 clean C++; PooledString comparison and conversion
??0PooledString@@QAE@ABVAsciiString@@@Z,0x0060BE03,0x0060BE03,40,Code/GameEngine/Source/Common/System/PooledString.cpp,matched,Open-BFME5 clean C++; PooledString comparison and conversion
??YAsciiString@@QAEAAV0@ABVPooledString@@@Z,0x0060BD19,0x0060BD19,24,Code/Libraries/Source/WWVegas/WWLib/ascii_string.cpp,matched,Open-BFME5 clean C++; AsciiString append of a PooledString
??8Xfer@@UAEAAV0@AAVSnapshot@@@Z,0x0060B8C6,0x0060B8C6,19,Code/GameEngine/Source/Common/System/Xfer.cpp,matched,Open-BFME5 clean C++; Xfer transfer operator for a Snapshot
?GetName@FXParticleSystem@@YAPBDW4ModuleCategory@1@@Z,0x003AFD0A,0x003AFD0A,12,Code/GameEngine/Source/GameClient/FXParticleSystem.cpp,matched,Open-BFME5 clean C++; FXParticleSystem module category and emission info
?GetKey@FXParticleSystem@@YAPBDW4ModuleCategory@1@@Z,0x003AFD16,0x003AFD16,12,Code/GameEngine/Source/GameClient/FXParticleSystem.cpp,matched,Open-BFME5 clean C++; FXParticleSystem module category and emission info
??0EmissionVolumeInfo@FXParticleSystem@@QAE@XZ,0x001F353D,0x001F353D,13,Code/GameEngine/Source/GameClient/FXParticleSystem.cpp,matched,Open-BFME5 clean C++; FXParticleSystem module category and emission info
??4EmissionVolumeInfo@FXParticleSystem@@QAEAAV01@ABV01@@Z,0x001F3565,0x001F3565,15,Code/GameEngine/Source/GameClient/FXParticleSystem.cpp,matched,Open-BFME5 clean C++; FXParticleSystem module category and emission info
??0EmissionVelocityInfo@FXParticleSystem@@QAE@XZ,0x001F35C5,0x001F35C5,9,Code/GameEngine/Source/GameClient/FXParticleSystem.cpp,matched,Open-BFME5 clean C++; FXParticleSystem module category and emission info
??0EmissionVelocityInfo@FXParticleSystem@@QAE@ABV01@@Z,0x001F35CE,0x001F35CE,11,Code/GameEngine/Source/GameClient/FXParticleSystem.cpp,matched,Open-BFME5 clean C++; FXParticleSystem module category and emission info
??0Keyframe@FXParticleSystem@@QAE@XZ,0x005993CD,0x005993CD,14,Code/GameEngine/Source/GameClient/FXParticleSystem.cpp,matched,Open-BFME5 clean C++; FXParticleSystem Keyframe default constructor
??0?$CategoryModuleClassBase@$0A@$00@FXParticleSystem@@IAE@ABV?$CategoryModuleClass@$0A@@1@_N@Z,0x001F4341,0x001F4341,22,Code/GameEngine/Source/GameClient/FXParticleSystem.cpp,matched,Open-BFME5 clean C++; CategoryModuleClassBase registration constructor
??0?$CategoryModuleClassBase@$00$00@FXParticleSystem@@IAE@ABV?$CategoryModuleClass@$00@1@_N@Z,0x001F4363,0x001F4363,22,Code/GameEngine/Source/GameClient/FXParticleSystem.cpp,matched,Open-BFME5 clean C++; CategoryModuleClassBase registration constructor
??0?$CategoryModuleClassBase@$01$00@FXParticleSystem@@IAE@ABV?$CategoryModuleClass@$01@1@_N@Z,0x001F4385,0x001F4385,22,Code/GameEngine/Source/GameClient/FXParticleSystem.cpp,matched,Open-BFME5 clean C++; CategoryModuleClassBase registration constructor
??0?$CategoryModuleClassBase@$02$00@FXParticleSystem@@IAE@ABV?$CategoryModuleClass@$02@1@_N@Z,0x001F43A7,0x001F43A7,22,Code/GameEngine/Source/GameClient/FXParticleSystem.cpp,matched,Open-BFME5 clean C++; CategoryModuleClassBase registration constructor
??0?$CategoryModuleClassBase@$03$00@FXParticleSystem@@IAE@ABV?$CategoryModuleClass@$03@1@_N@Z,0x001F43EA,0x001F43EA,22,Code/GameEngine/Source/GameClient/FXParticleSystem.cpp,matched,Open-BFME5 clean C++; CategoryModuleClassBase registration constructor
??0?$CategoryModuleClassBase@$04$00@FXParticleSystem@@IAE@ABV?$CategoryModuleClass@$04@1@_N@Z,0x001F440C,0x001F440C,22,Code/GameEngine/Source/GameClient/FXParticleSystem.cpp,matched,Open-BFME5 clean C++; CategoryModuleClassBase registration constructor
??0?$CategoryModuleClassBase@$05$00@FXParticleSystem@@IAE@ABV?$CategoryModuleClass@$05@1@_N@Z,0x001F442E,0x001F442E,22,Code/GameEngine/Source/GameClient/FXParticleSystem.cpp,matched,Open-BFME5 clean C++; CategoryModuleClassBase registration constructor
??0?$CategoryModuleClassBase@$06$00@FXParticleSystem@@IAE@ABV?$CategoryModuleClass@$06@1@_N@Z,0x001F4450,0x001F4450,22,Code/GameEngine/Source/GameClient/FXParticleSystem.cpp,matched,Open-BFME5 clean C++; CategoryModuleClassBase registration constructor
??0DefaultDrawModuleInfo@FXParticleSystem@@QAE@XZ,0x0055C446,0x0055C446,9,Code/GameEngine/Source/GameClient/FXParticleSystem.cpp,matched,Open-BFME5 clean C++; draw module info constructor
??0DefaultDrawModuleInfo@FXParticleSystem@@QAE@ABV01@@Z,0x003A643C,0x003A643C,11,Code/GameEngine/Source/GameClient/FXParticleSystem.cpp,matched,Open-BFME5 clean C++; draw module info constructor
??0StreakDrawModuleInfo@FXParticleSystem@@QAE@XZ,0x0055FD41,0x0055FD41,9,Code/GameEngine/Source/GameClient/FXParticleSystem.cpp,matched,Open-BFME5 clean C++; draw module info constructor
??0StreakDrawModuleInfo@FXParticleSystem@@QAE@ABV01@@Z,0x003A7AB2,0x003A7AB2,11,Code/GameEngine/Source/GameClient/FXParticleSystem.cpp,matched,Open-BFME5 clean C++; draw module info constructor
??0QuadDrawModuleInfo@FXParticleSystem@@QAE@XZ,0x005601AD,0x005601AD,9,Code/GameEngine/Source/GameClient/FXParticleSystem.cpp,matched,Open-BFME5 clean C++; draw module info constructor
??0QuadDrawModuleInfo@FXParticleSystem@@QAE@ABV01@@Z,0x003A7BEA,0x003A7BEA,11,Code/GameEngine/Source/GameClient/FXParticleSystem.cpp,matched,Open-BFME5 clean C++; draw module info constructor
??0ButterflyDrawModuleInfo@FXParticleSystem@@QAE@XZ,0x00560AB1,0x00560AB1,9,Code/GameEngine/Source/GameClient/FXParticleSystem.cpp,matched,Open-BFME5 clean C++; draw module info constructor
??0ButterflyDrawModuleInfo@FXParticleSystem@@QAE@ABV01@@Z,0x003A7C8C,0x003A7C8C,11,Code/GameEngine/Source/GameClient/FXParticleSystem.cpp,matched,Open-BFME5 clean C++; draw module info constructor
??0EmissionVolumeInfo@FXParticleSystem@@QAE@ABV01@@Z,0x001F3550,0x001F3550,21,Code/GameEngine/Source/GameClient/FXParticleSystem.cpp,matched,Open-BFME5 clean C++; emission volume info
??0SphereEmissionVolumeInfo@FXParticleSystem@@QAE@XZ,0x003A67E8,0x003A67E8,21,Code/GameEngine/Source/GameClient/FXParticleSystem.cpp,matched,Open-BFME5 clean C++; emission volume info
??4SphereEmissionVolumeInfo@FXParticleSystem@@QAEAAV01@ABV01@@Z,0x003A681E,0x003A681E,21,Code/GameEngine/Source/GameClient/FXParticleSystem.cpp,matched,Open-BFME5 clean C++; emission volume info
??8Xfer@@UAEAAV0@AAUCoord3DBase@@@Z,0x0060B971,0x0060B971,44,Code/GameEngine/Source/Common/System/Xfer.cpp,matched,Open-BFME5 clean C++; Xfer composite transfer operator
??8Xfer@@UAEAAV0@AAUICoord3D@@@Z,0x0060B99D,0x0060B99D,44,Code/GameEngine/Source/Common/System/Xfer.cpp,matched,Open-BFME5 clean C++; Xfer composite transfer operator
??8Xfer@@UAEAAV0@AAVCoord2D@@@Z,0x0060BA4B,0x0060BA4B,44,Code/GameEngine/Source/Common/System/Xfer.cpp,matched,Open-BFME5 clean C++; Xfer composite transfer operator
??8Xfer@@UAEAAV0@AAUICoord2D@@@Z,0x0060BA77,0x0060BA77,44,Code/GameEngine/Source/Common/System/Xfer.cpp,matched,Open-BFME5 clean C++; Xfer composite transfer operator
??8Xfer@@UAEAAV0@AAURealRange@@@Z,0x0060BB25,0x0060BB25,44,Code/GameEngine/Source/Common/System/Xfer.cpp,matched,Open-BFME5 clean C++; Xfer composite transfer operator
??8Xfer@@UAEAAV0@AAURGBColor@@@Z,0x0060BB51,0x0060BB51,44,Code/GameEngine/Source/Common/System/Xfer.cpp,matched,Open-BFME5 clean C++; Xfer composite transfer operator
??8Xfer@@UAEAAV0@AAURGBAColorReal@@@Z,0x0060BB7D,0x0060BB7D,44,Code/GameEngine/Source/Common/System/Xfer.cpp,matched,Open-BFME5 clean C++; Xfer composite transfer operator
??8Xfer@@UAEAAV0@AAURGBAColorInt@@@Z,0x0060BBA9,0x0060BBA9,44,Code/GameEngine/Source/Common/System/Xfer.cpp,matched,Open-BFME5 clean C++; Xfer composite transfer operator
??8Xfer@@UAEAAV0@AAURegion3D@@@Z,0x0060B9C9,0x0060B9C9,65,Code/GameEngine/Source/Common/System/Xfer.cpp,matched,Open-BFME5 clean C++; Xfer composite transfer operator
??8Xfer@@UAEAAV0@AAUIRegion3D@@@Z,0x0060BA0A,0x0060BA0A,65,Code/GameEngine/Source/Common/System/Xfer.cpp,matched,Open-BFME5 clean C++; Xfer composite transfer operator
??8Xfer@@UAEAAV0@AAURegion2D@@@Z,0x0060BAA3,0x0060BAA3,65,Code/GameEngine/Source/Common/System/Xfer.cpp,matched,Open-BFME5 clean C++; Xfer composite transfer operator
??8Xfer@@UAEAAV0@AAUIRegion2D@@@Z,0x0060BAE4,0x0060BAE4,65,Code/GameEngine/Source/Common/System/Xfer.cpp,matched,Open-BFME5 clean C++; Xfer composite transfer operator
??XCoord3D@@QAEAAV0@M@Z,0x000852C4,0x000852C4,51,Code/Libraries/Source/WWVegas/WWMath/coord3d.cpp,matched,Open-BFME5 clean C++; Coord3D scalar operator
??_0Coord3D@@QAEAAV0@M@Z,0x00083B9E,0x00083B9E,54,Code/Libraries/Source/WWVegas/WWMath/coord3d.cpp,matched,Open-BFME5 clean C++; Coord3D scalar operator
??0Region3D@@QAE@ABU0@@Z,0x0009AC04,0x0009AC04,43,Code/Libraries/Source/WWVegas/WWMath/region.cpp,matched,Open-BFME5 clean C++; Region3D copy constructor
??0?$CategoryModuleClass@$0A@@FXParticleSystem@@IAE@_NPBD1@Z,0x003A8711,0x003A8711,51,Code/GameEngine/Source/GameClient/FXParticleSystem.cpp,matched,Open-BFME5 clean C++; CategoryModuleClass registration constructor
??0?$CategoryModuleClass@$00@FXParticleSystem@@IAE@_NPBD1@Z,0x003A86DE,0x003A86DE,51,Code/GameEngine/Source/GameClient/FXParticleSystem.cpp,matched,Open-BFME5 clean C++; CategoryModuleClass registration constructor
??0?$CategoryModuleClass@$01@FXParticleSystem@@IAE@_NPBD1@Z,0x003A8777,0x003A8777,51,Code/GameEngine/Source/GameClient/FXParticleSystem.cpp,matched,Open-BFME5 clean C++; CategoryModuleClass registration constructor
??0?$CategoryModuleClass@$02@FXParticleSystem@@IAE@_NPBD1@Z,0x003A8744,0x003A8744,51,Code/GameEngine/Source/GameClient/FXParticleSystem.cpp,matched,Open-BFME5 clean C++; CategoryModuleClass registration constructor
??0?$CategoryModuleClass@$03@FXParticleSystem@@IAE@_NPBD1@Z,0x003A8848,0x003A8848,51,Code/GameEngine/Source/GameClient/FXParticleSystem.cpp,matched,Open-BFME5 clean C++; CategoryModuleClass registration constructor
??0?$CategoryModuleClass@$04@FXParticleSystem@@IAE@_NPBD1@Z,0x003A8903,0x003A8903,51,Code/GameEngine/Source/GameClient/FXParticleSystem.cpp,matched,Open-BFME5 clean C++; CategoryModuleClass registration constructor
??0?$CategoryModuleClass@$05@FXParticleSystem@@IAE@_NPBD1@Z,0x003A8215,0x003A8215,51,Code/GameEngine/Source/GameClient/FXParticleSystem.cpp,matched,Open-BFME5 clean C++; CategoryModuleClass registration constructor
??0?$CategoryModuleClass@$06@FXParticleSystem@@IAE@_NPBD1@Z,0x003A87AA,0x003A87AA,51,Code/GameEngine/Source/GameClient/FXParticleSystem.cpp,matched,Open-BFME5 clean C++; CategoryModuleClass registration constructor
??0?$CategoryModuleClass@$07@FXParticleSystem@@IAE@_NPBD1@Z,0x003A87DD,0x003A87DD,39,Code/GameEngine/Source/GameClient/FXParticleSystem.cpp,matched,Open-BFME5 clean C++; CategoryModuleClass category 8 constructor
?isNotEmpty@?$StringBase@G@@QBE_NXZ,0x000358E0,0x000358E0,40,Code/Libraries/Source/WWVegas/WWLib/string_base_inline.cpp,matched,Open-BFME5 clean C++; StringBase search predicate
?startsWith@?$StringBase@D@@QBE_NPBDH@Z,0x00035970,0x00035970,60,Code/Libraries/Source/WWVegas/WWLib/string_base_inline.cpp,matched,Open-BFME5 clean C++; StringBase prefix and suffix test
?endsWith@?$StringBase@D@@QBE_NPBDH@Z,0x00035A00,0x00035A00,75,Code/Libraries/Source/WWVegas/WWLib/string_base_inline.cpp,matched,Open-BFME5 clean C++; StringBase prefix and suffix test
?startsWith@?$StringBase@D@@QBE_NABV1@@Z,0x00035FB0,0x00035FB0,79,Code/Libraries/Source/WWVegas/WWLib/string_base_inline.cpp,matched,Open-BFME5 clean C++; StringBase prefix and suffix test
?endsWith@?$StringBase@D@@QBE_NABV1@@Z,0x00036060,0x00036060,111,Code/Libraries/Source/WWVegas/WWLib/string_base_inline.cpp,matched,Open-BFME5 clean C++; StringBase prefix and suffix test
??0BoxEmissionVolumeInfo@FXParticleSystem@@QAE@XZ,0x003A664A,0x003A664A,31,Code/GameEngine/Source/GameClient/FXParticleSystem.cpp,matched,Open-BFME5 clean C++; emission volume info body
??4BoxEmissionVolumeInfo@FXParticleSystem@@QAEAAV01@ABV01@@Z,0x003A6696,0x003A6696,28,Code/GameEngine/Source/GameClient/FXParticleSystem.cpp,matched,Open-BFME5 clean C++; emission volume info body
??4LineEmissionVolumeInfo@FXParticleSystem@@QAEAAV01@ABV01@@Z,0x003A657A,0x003A657A,37,Code/GameEngine/Source/GameClient/FXParticleSystem.cpp,matched,Open-BFME5 clean C++; emission volume info body
??4CylinderEmissionVolumeInfo@FXParticleSystem@@QAEAAV01@ABV01@@Z,0x003A6986,0x003A6986,46,Code/GameEngine/Source/GameClient/FXParticleSystem.cpp,matched,Open-BFME5 clean C++; emission volume info body
??0BoxEmissionVolumeInfo@FXParticleSystem@@QAE@ABV01@@Z,0x003A6669,0x003A6669,45,Code/GameEngine/Source/GameClient/FXParticleSystem.cpp,matched,Open-BFME5 clean C++; BoxEmissionVolumeInfo copy constructor
??4WindModuleInfo@FXParticleSystem@@QAEAAV01@ABV01@@Z,0x001F3654,0x001F3654,111,Code/GameEngine/Source/GameClient/FXParticleSystem.cpp,matched,Open-BFME5 clean C++; WindModuleInfo
??0WindModuleInfo@FXParticleSystem@@QAE@ABV01@@Z,0x001F35DF,0x001F35DF,117,Code/GameEngine/Source/GameClient/FXParticleSystem.cpp,matched,Open-BFME5 clean C++; WindModuleInfo
??4DefaultPhysicsModuleInfo@FXParticleSystem@@QAEAAV01@ABV01@@Z,0x003A7776,0x003A7776,49,Code/GameEngine/Source/GameClient/FXParticleSystem.cpp,matched,Open-BFME5 clean C++; module info layout
??4LightningDrawModuleInfo@FXParticleSystem@@QAEAAV01@ABV01@@Z,0x003A7E04,0x003A7E04,52,Code/GameEngine/Source/GameClient/FXParticleSystem.cpp,matched,Open-BFME5 clean C++; module info layout
??0LightningDrawModuleInfo@FXParticleSystem@@QAE@ABV01@@Z,0x003A7DCA,0x003A7DCA,58,Code/GameEngine/Source/GameClient/FXParticleSystem.cpp,matched,Open-BFME5 clean C++; module info layout
??4OrthoEmissionVelocityInfo@FXParticleSystem@@QAEAAV01@ABV01@@Z,0x003A70A9,0x003A70A9,40,Code/GameEngine/Source/GameClient/FXParticleSystem.cpp,matched,Open-BFME5 clean C++; module info layout
??4TerrainFireEmissionInfo@FXParticleSystem@@QAEAAV01@ABV01@@Z,0x003A6E4E,0x003A6E4E,52,Code/GameEngine/Source/GameClient/FXParticleSystem.cpp,matched,Open-BFME5 clean C++; module info layout
??4LightningEmissionInfo@FXParticleSystem@@QAEAAV01@ABV01@@Z,0x003A6B8F,0x003A6B8F,124,Code/GameEngine/Source/GameClient/FXParticleSystem.cpp,matched,Open-BFME5 clean C++; module info layout
??4DefaultUpdateModuleInfo@FXParticleSystem@@QAEAAV01@ABV01@@Z,0x003A78FF,0x003A78FF,91,Code/GameEngine/Source/GameClient/FXParticleSystem.cpp,matched,Open-BFME5 clean C++; module info layout
??0DefaultUpdateModuleInfo@FXParticleSystem@@QAE@ABV01@@Z,0x003A789E,0x003A789E,97,Code/GameEngine/Source/GameClient/FXParticleSystem.cpp,matched,Open-BFME5 clean C++; module info layout
??4RenderObjectUpdateModuleInfo@FXParticleSystem@@QAEAAV01@ABV01@@Z,0x003A7FCF,0x003A7FCF,139,Code/GameEngine/Source/GameClient/FXParticleSystem.cpp,matched,Open-BFME5 clean C++; module info layout
??4DefaultAlphaModuleInfo@FXParticleSystem@@QAEAAV01@ABV01@@Z,0x003A618D,0x003A618D,38,Code/GameEngine/Source/GameClient/FXParticleSystem.cpp,matched,Open-BFME5 clean C++; module info layout
??4DefaultColorModuleInfo@FXParticleSystem@@QAEAAV01@ABV01@@Z,0x003A6306,0x003A6306,57,Code/GameEngine/Source/GameClient/FXParticleSystem.cpp,matched,Open-BFME5 clean C++; module info layout
??0DefaultAlphaModuleInfo@FXParticleSystem@@QAE@ABV01@@Z,0x003A616F,0x003A616F,30,Code/GameEngine/Source/GameClient/FXParticleSystem.cpp,matched,Open-BFME5 clean C++; DefaultAlphaModuleInfo copy constructor
?add@Coord3D@@QAEXPBUCoord3DBase@@@Z,0x000F0E3B,0x000F0E3B,49,Code/Libraries/Source/WWVegas/WWMath/coord3d.cpp,matched,Open-BFME5 clean C++; Coord3D add from a base pointer
??4SphericalEmissionVelocityInfo@FXParticleSystem@@QAEAAV01@ABV01@@Z,0x003A7296,0x003A7296,22,Code/GameEngine/Source/GameClient/FXParticleSystem.cpp,matched,Open-BFME5 clean C++; module info layout
??0DefaultColorModuleInfo@FXParticleSystem@@QAE@ABV01@@Z,0x003A62D9,0x003A62D9,45,Code/GameEngine/Source/GameClient/FXParticleSystem.cpp,matched,Open-BFME5 clean C++; module info layout
??0RenderObjectUpdateModuleInfo@FXParticleSystem@@QAE@ABV01@@Z,0x003A7F3E,0x003A7F3E,145,Code/GameEngine/Source/GameClient/FXParticleSystem.cpp,matched,Open-BFME5 clean C++; module info layout
??0PointEmissionVolumeModuleTemplate@FXParticleSystem@@QAE@XZ,0x003A6487,0x003A6487,41,Code/GameEngine/Source/GameClient/FXParticleSystem.cpp,matched,Open-BFME5 clean C++; emission module template
??0SphereEmissionVolumeModuleTemplate@FXParticleSystem@@QAE@XZ,0x003A687E,0x003A687E,49,Code/GameEngine/Source/GameClient/FXParticleSystem.cpp,matched,Open-BFME5 clean C++; emission module template
??0BoxEmissionVolumeModuleTemplate@FXParticleSystem@@QAE@XZ,0x003A66FD,0x003A66FD,59,Code/GameEngine/Source/GameClient/FXParticleSystem.cpp,matched,Open-BFME5 clean C++; emission module template
??4BoxEmissionVolumeModuleTemplate@FXParticleSystem@@QAEAAV01@ABV01@@Z,0x003A6778,0x003A6778,37,Code/GameEngine/Source/GameClient/FXParticleSystem.cpp,matched,Open-BFME5 clean C++; emission module template
??4SphericalEmissionVelocityModuleTemplate@FXParticleSystem@@QAEAAV01@ABV01@@Z,0x003A738E,0x003A738E,31,Code/GameEngine/Source/GameClient/FXParticleSystem.cpp,matched,Open-BFME5 clean C++; emission module template
??4LineEmissionVolumeModuleTemplate@FXParticleSystem@@QAEAAV01@ABV01@@Z,0x003A6629,0x003A6629,33,Code/GameEngine/Source/GameClient/FXParticleSystem.cpp,matched,Open-BFME5 clean C++; emission module template
??4CylinderEmissionVolumeModuleTemplate@FXParticleSystem@@QAEAAV01@ABV01@@Z,0x003A6A89,0x003A6A89,33,Code/GameEngine/Source/GameClient/FXParticleSystem.cpp,matched,Open-BFME5 clean C++; emission module template
??0LineEmissionVolumeModuleTemplate@FXParticleSystem@@QAE@XZ,0x003A659F,0x003A659F,74,Code/GameEngine/Source/GameClient/FXParticleSystem.cpp,matched,Open-BFME5 clean C++; emission module template
??0CylinderEmissionVolumeModuleTemplate@FXParticleSystem@@QAE@XZ,0x003A69FF,0x003A69FF,74,Code/GameEngine/Source/GameClient/FXParticleSystem.cpp,matched,Open-BFME5 clean C++; emission module template
?GetSnapshotName@EmissionVolumeInfo@FXParticleSystem@@UAEPBDXZ,0x001F354A,0x001F354A,6,Code/GameEngine/Source/GameClient/FXParticleSystem.cpp,matched,Open-BFME5 clean C++; snapshot name accessor
?GetSnapshotName@EmissionVelocityInfo@FXParticleSystem@@UAEPBDXZ,0x001F35BF,0x001F35BF,6,Code/GameEngine/Source/GameClient/FXParticleSystem.cpp,matched,Open-BFME5 clean C++; snapshot name accessor
?GetSnapshotName@WindModuleInfo@FXParticleSystem@@UAEPBDXZ,0x001F35D9,0x001F35D9,6,Code/GameEngine/Source/GameClient/FXParticleSystem.cpp,matched,Open-BFME5 clean C++; snapshot name accessor
?GetSnapshotName@DefaultAlphaModuleInfo@FXParticleSystem@@UAEPBDXZ,0x003A611B,0x003A611B,6,Code/GameEngine/Source/GameClient/FXParticleSystem.cpp,matched,Open-BFME5 clean C++; snapshot name accessor
?GetSnapshotName@DefaultColorModuleInfo@FXParticleSystem@@UAEPBDXZ,0x003A6121,0x003A6121,6,Code/GameEngine/Source/GameClient/FXParticleSystem.cpp,matched,Open-BFME5 clean C++; snapshot name accessor
?GetSnapshotName@DefaultDrawModuleInfo@FXParticleSystem@@UAEPBDXZ,0x003A6127,0x003A6127,6,Code/GameEngine/Source/GameClient/FXParticleSystem.cpp,matched,Open-BFME5 clean C++; snapshot name accessor
?GetSnapshotName@DefaultPhysicsModuleInfo@FXParticleSystem@@UAEPBDXZ,0x003A612D,0x003A612D,6,Code/GameEngine/Source/GameClient/FXParticleSystem.cpp,matched,Open-BFME5 clean C++; snapshot name accessor
?GetSnapshotName@DefaultUpdateModuleInfo@FXParticleSystem@@UAEPBDXZ,0x003A6133,0x003A6133,6,Code/GameEngine/Source/GameClient/FXParticleSystem.cpp,matched,Open-BFME5 clean C++; snapshot name accessor
?GetSnapshotName@LifeEventModuleInfo@FXParticleSystem@@UAEPBDXZ,0x003A6139,0x003A6139,6,Code/GameEngine/Source/GameClient/FXParticleSystem.cpp,matched,Open-BFME5 clean C++; snapshot name accessor
?GetSnapshotName@StreakDrawModuleInfo@FXParticleSystem@@UAEPBDXZ,0x003A613F,0x003A613F,6,Code/GameEngine/Source/GameClient/FXParticleSystem.cpp,matched,Open-BFME5 clean C++; snapshot name accessor
?GetSnapshotName@QuadDrawModuleInfo@FXParticleSystem@@UAEPBDXZ,0x003A6145,0x003A6145,6,Code/GameEngine/Source/GameClient/FXParticleSystem.cpp,matched,Open-BFME5 clean C++; snapshot name accessor
?GetSnapshotName@ButterflyDrawModuleInfo@FXParticleSystem@@UAEPBDXZ,0x003A614B,0x003A614B,6,Code/GameEngine/Source/GameClient/FXParticleSystem.cpp,matched,Open-BFME5 clean C++; snapshot name accessor
?GetSnapshotName@RenderObjectDrawModuleInfo@FXParticleSystem@@UAEPBDXZ,0x003A6151,0x003A6151,6,Code/GameEngine/Source/GameClient/FXParticleSystem.cpp,matched,Open-BFME5 clean C++; snapshot name accessor
?GetSnapshotName@LightningDrawModuleInfo@FXParticleSystem@@UAEPBDXZ,0x003A6157,0x003A6157,6,Code/GameEngine/Source/GameClient/FXParticleSystem.cpp,matched,Open-BFME5 clean C++; snapshot name accessor
?GetSnapshotName@GpuDrawModuleInfo@FXParticleSystem@@UAEPBDXZ,0x003A615D,0x003A615D,6,Code/GameEngine/Source/GameClient/FXParticleSystem.cpp,matched,Open-BFME5 clean C++; snapshot name accessor
?GetSnapshotName@RenderObjectUpdateModuleInfo@FXParticleSystem@@UAEPBDXZ,0x003A6163,0x003A6163,6,Code/GameEngine/Source/GameClient/FXParticleSystem.cpp,matched,Open-BFME5 clean C++; snapshot name accessor
?GetSnapshotName@TerrainCollisionModuleInfo@FXParticleSystem@@UAEPBDXZ,0x003A6169,0x003A6169,6,Code/GameEngine/Source/GameClient/FXParticleSystem.cpp,matched,Open-BFME5 clean C++; snapshot name accessor
?getFirst@?$CategoryModuleClass@$0A@@FXParticleSystem@@SAPBV12@XZ,0x001F4335,0x001F4335,6,Code/GameEngine/Source/GameClient/FXParticleSystem.cpp,matched,Open-BFME5 clean C++; module class list head accessor
?getFirst@?$CategoryModuleClass@$00@FXParticleSystem@@SAPBV12@XZ,0x001F4357,0x001F4357,6,Code/GameEngine/Source/GameClient/FXParticleSystem.cpp,matched,Open-BFME5 clean C++; module class list head accessor
?getFirst@?$CategoryModuleClass@$01@FXParticleSystem@@SAPBV12@XZ,0x001F4379,0x001F4379,6,Code/GameEngine/Source/GameClient/FXParticleSystem.cpp,matched,Open-BFME5 clean C++; module class list head accessor
?getFirst@?$CategoryModuleClass@$02@FXParticleSystem@@SAPBV12@XZ,0x001F439B,0x001F439B,6,Code/GameEngine/Source/GameClient/FXParticleSystem.cpp,matched,Open-BFME5 clean C++; module class list head accessor
?getFirst@?$CategoryModuleClass@$03@FXParticleSystem@@SAPBV12@XZ,0x001F43DE,0x001F43DE,6,Code/GameEngine/Source/GameClient/FXParticleSystem.cpp,matched,Open-BFME5 clean C++; module class list head accessor
?getFirst@?$CategoryModuleClass@$04@FXParticleSystem@@SAPBV12@XZ,0x001F4400,0x001F4400,6,Code/GameEngine/Source/GameClient/FXParticleSystem.cpp,matched,Open-BFME5 clean C++; module class list head accessor
?getFirst@?$CategoryModuleClass@$05@FXParticleSystem@@SAPBV12@XZ,0x001F4422,0x001F4422,6,Code/GameEngine/Source/GameClient/FXParticleSystem.cpp,matched,Open-BFME5 clean C++; module class list head accessor
?getFirst@?$CategoryModuleClass@$06@FXParticleSystem@@SAPBV12@XZ,0x001F4444,0x001F4444,6,Code/GameEngine/Source/GameClient/FXParticleSystem.cpp,matched,Open-BFME5 clean C++; module class list head accessor
?getFirst@?$CategoryModuleClass@$07@FXParticleSystem@@SAPBV12@XZ,0x001F4466,0x001F4466,6,Code/GameEngine/Source/GameClient/FXParticleSystem.cpp,matched,Open-BFME5 clean C++; module class list head accessor
?XferRawBytes@Xfer@@UAEAAV1@PAXI@Z,0x0060B886,0x0060B886,64,Code/GameEngine/Source/Common/System/Xfer.cpp,matched,Open-BFME5 clean C++; Xfer raw byte transfer
??0?$ConcreteModuleTemplate@V?$ModuleTag@$05$E?BUTTERFLY_DRAW_MODULE_KEY@FXParticleSystem@@3QBDB$E?BUTTERFLY_DRAW_MODULE_NAME@2@3QBDBVButterflyDrawModule@2@VButterflyDrawModuleTemplate@2@V?$DefaultParticleModule@$05@2@@FXParticleSystem@@@FXParticleSystem@@QAE@XZ,0x003A8586,0x003A8586,32,Code/GameEngine/Source/GameClient/FXParticleSystem.cpp,matched,Open-BFME5 clean C++; concrete module template default constructor
??0?$ConcreteModuleTemplate@V?$ModuleTag@$05$E?QUAD_DRAW_MODULE_KEY@FXParticleSystem@@3QBDB$E?QUAD_DRAW_MODULE_NAME@2@3QBDBVQuadDrawModule@2@VQuadDrawModuleTemplate@2@V?$DefaultParticleModule@$05@2@@FXParticleSystem@@@FXParticleSystem@@QAE@XZ,0x003A8540,0x003A8540,32,Code/GameEngine/Source/GameClient/FXParticleSystem.cpp,matched,Open-BFME5 clean C++; concrete module template default constructor
??0?$ConcreteModuleTemplate@V?$ModuleTag@$05$E?STREAK_DRAW_MODULE_KEY@FXParticleSystem@@3QBDB$E?STREAK_DRAW_MODULE_NAME@2@3QBDBVStreakDrawModule@2@VStreakDrawModuleTemplate@2@V?$DefaultParticleModule@$05@2@@FXParticleSystem@@@FXParticleSystem@@QAE@XZ,0x003A84FA,0x003A84FA,32,Code/GameEngine/Source/GameClient/FXParticleSystem.cpp,matched,Open-BFME5 clean C++; concrete module template default constructor
?compare@?$StringBase@D@@QBEHD@Z,0x00035F60,0x00035F60,67,Code/Libraries/Source/WWVegas/WWLib/string_base_inline.cpp,matched,Open-BFME5 clean C++; StringBase single-character comparison
??0?$StringBase@D@@AAE@PBDHH@Z,0x00038090,0x00038090,37,Code/Libraries/Source/WWVegas/WWLib/string_base_inline.cpp,matched,Open-BFME5 clean C++; StringBase substring constructor
??0?$StringBase@D@@AAE@ABV0@HH@Z,0x000380C0,0x000380C0,37,Code/Libraries/Source/WWVegas/WWLib/string_base_inline.cpp,matched,Open-BFME5 clean C++; StringBase substring constructor
??0?$StringBase@G@@AAE@PBGHH@Z,0x000380F0,0x000380F0,37,Code/Libraries/Source/WWVegas/WWLib/string_base_inline.cpp,matched,Open-BFME5 clean C++; StringBase substring constructor
??0?$StringBase@G@@AAE@ABV0@HH@Z,0x00038120,0x00038120,37,Code/Libraries/Source/WWVegas/WWLib/string_base_inline.cpp,matched,Open-BFME5 clean C++; StringBase substring constructor
?startsWith@?$StringBase@D@@QBE_NPBD@Z,0x0002BE9C,0x0002BE9C,37,Code/Libraries/Source/WWVegas/WWLib/string_base.cpp,matched,Open-BFME5 clean C++; StringBase prefix and suffix test over a C string
?endsWith@?$StringBase@D@@QBE_NPBD@Z,0x0002BEC1,0x0002BEC1,37,Code/Libraries/Source/WWVegas/WWLib/string_base.cpp,matched,Open-BFME5 clean C++; StringBase prefix and suffix test over a C string
?endsWithNoCase@?$StringBase@D@@QBE_NPBDH@Z,0x00035A50,0x00035A50,80,Code/Libraries/Source/WWVegas/WWLib/string_base_inline.cpp,matched,Open-BFME5 clean C++; case-insensitive prefix and suffix test
??0?$ConcreteModuleTemplate@V?$ModuleTag@$05$E?STREAK_DRAW_MODULE_KEY@FXParticleSystem@@3QBDB$E?STREAK_DRAW_MODULE_NAME@2@3QBDBVStreakDrawModule@2@VStreakDrawModuleTemplate@2@V?$DefaultParticleModule@$05@2@@FXParticleSystem@@@FXParticleSystem@@QAE@ABV01@@Z,0x003A851A,0x003A851A,32,Code/GameEngine/Source/GameClient/FXParticleSystem.cpp,matched,Open-BFME5 clean C++; concrete module template copy constructor or clone
?clone@?$ConcreteModuleTemplate@V?$ModuleTag@$05$E?STREAK_DRAW_MODULE_KEY@FXParticleSystem@@3QBDB$E?STREAK_DRAW_MODULE_NAME@2@3QBDBVStreakDrawModule@2@VStreakDrawModuleTemplate@2@V?$DefaultParticleModule@$05@2@@FXParticleSystem@@@FXParticleSystem@@UBEPAVStreakDrawModuleTemplate@2@XZ,0x003A8A1F,0x003A8A1F,29,Code/GameEngine/Source/GameClient/FXParticleSystem.cpp,matched,Open-BFME5 clean C++; concrete module template copy constructor or clone
??0?$ConcreteModuleTemplate@V?$ModuleTag@$05$E?BUTTERFLY_DRAW_MODULE_KEY@FXParticleSystem@@3QBDB$E?BUTTERFLY_DRAW_MODULE_NAME@2@3QBDBVButterflyDrawModule@2@VButterflyDrawModuleTemplate@2@V?$DefaultParticleModule@$05@2@@FXParticleSystem@@@FXParticleSystem@@QAE@ABV01@@Z,0x003A85A6,0x003A85A6,32,Code/GameEngine/Source/GameClient/FXParticleSystem.cpp,matched,Open-BFME5 clean C++; concrete module template copy constructor
??0?$ConcreteModuleTemplate@V?$ModuleTag@$05$E?QUAD_DRAW_MODULE_KEY@FXParticleSystem@@3QBDB$E?QUAD_DRAW_MODULE_NAME@2@3QBDBVQuadDrawModule@2@VQuadDrawModuleTemplate@2@V?$DefaultParticleModule@$05@2@@FXParticleSystem@@@FXParticleSystem@@QAE@ABV01@@Z,0x003A8560,0x003A8560,32,Code/GameEngine/Source/GameClient/FXParticleSystem.cpp,matched,Open-BFME5 clean C++; concrete module template copy constructor
?clone@?$ConcreteModuleTemplate@V?$ModuleTag@$05$E?BUTTERFLY_DRAW_MODULE_KEY@FXParticleSystem@@3QBDB$E?BUTTERFLY_DRAW_MODULE_NAME@2@3QBDBVButterflyDrawModule@2@VButterflyDrawModuleTemplate@2@V?$DefaultParticleModule@$05@2@@FXParticleSystem@@@FXParticleSystem@@UBEPAVButterflyDrawModuleTemplate@2@XZ,0x003A8A59,0x003A8A59,29,Code/GameEngine/Source/GameClient/FXParticleSystem.cpp,matched,Open-BFME5 clean C++; concrete module template clone
?clone@?$ConcreteModuleTemplate@V?$ModuleTag@$05$E?QUAD_DRAW_MODULE_KEY@FXParticleSystem@@3QBDB$E?QUAD_DRAW_MODULE_NAME@2@3QBDBVQuadDrawModule@2@VQuadDrawModuleTemplate@2@V?$DefaultParticleModule@$05@2@@FXParticleSystem@@@FXParticleSystem@@UBEPAVQuadDrawModuleTemplate@2@XZ,0x003A8A3C,0x003A8A3C,29,Code/GameEngine/Source/GameClient/FXParticleSystem.cpp,matched,Open-BFME5 clean C++; concrete module template clone
??0?$ConcreteModuleTemplate@V?$ModuleTag@$04$E?BOX_EMISSION_VOLUME_MODULE_KEY@FXParticleSystem@@3QBDB$E?BOX_EMISSION_VOLUME_MODULE_NAME@2@3QBDBVBoxEmissionVolumeModule@2@VBoxEmissionVolumeModuleTemplate@2@V?$DefaultParticleModule@$04@2@@FXParticleSystem@@@FXParticleSystem@@QAE@ABV01@@Z,0x003A911A,0x003A911A,38,Code/GameEngine/Source/GameClient/FXParticleSystem.cpp,matched,Open-BFME5 clean C++; concrete emission module template body
??0?$ConcreteModuleTemplate@V?$ModuleTag@$04$E?CYLINDER_EMISSION_VOLUME_MODULE_KEY@FXParticleSystem@@3QBDB$E?CYLINDER_EMISSION_VOLUME_MODULE_NAME@2@3QBDBVCylinderEmissionVolumeModule@2@VCylinderEmissionVolumeModuleTemplate@2@V?$DefaultParticleModule@$04@2@@FXParticleSystem@@@FXParticleSystem@@QAE@ABV01@@Z,0x003A924E,0x003A924E,38,Code/GameEngine/Source/GameClient/FXParticleSystem.cpp,matched,Open-BFME5 clean C++; concrete emission module template body
??0?$ConcreteModuleTemplate@V?$ModuleTag@$04$E?LINE_EMISSION_VOLUME_MODULE_KEY@FXParticleSystem@@3QBDB$E?LINE_EMISSION_VOLUME_MODULE_NAME@2@3QBDBVLineEmissionVolumeModule@2@VLineEmissionVolumeModuleTemplate@2@V?$DefaultParticleModule@$04@2@@FXParticleSystem@@@FXParticleSystem@@QAE@ABV01@@Z,0x003A90C2,0x003A90C2,38,Code/GameEngine/Source/GameClient/FXParticleSystem.cpp,matched,Open-BFME5 clean C++; concrete emission module template body
?clone@?$ConcreteModuleTemplate@V?$ModuleTag@$04$E?BOX_EMISSION_VOLUME_MODULE_KEY@FXParticleSystem@@3QBDB$E?BOX_EMISSION_VOLUME_MODULE_NAME@2@3QBDBVBoxEmissionVolumeModule@2@VBoxEmissionVolumeModuleTemplate@2@V?$DefaultParticleModule@$04@2@@FXParticleSystem@@@FXParticleSystem@@UBEPAVBoxEmissionVolumeModuleTemplate@2@XZ,0x003A95A1,0x003A95A1,29,Code/GameEngine/Source/GameClient/FXParticleSystem.cpp,matched,Open-BFME5 clean C++; concrete emission module template body
?clone@?$ConcreteModuleTemplate@V?$ModuleTag@$04$E?CYLINDER_EMISSION_VOLUME_MODULE_KEY@FXParticleSystem@@3QBDB$E?CYLINDER_EMISSION_VOLUME_MODULE_NAME@2@3QBDBVCylinderEmissionVolumeModule@2@VCylinderEmissionVolumeModuleTemplate@2@V?$DefaultParticleModule@$04@2@@FXParticleSystem@@@FXParticleSystem@@UBEPAVCylinderEmissionVolumeModuleTemplate@2@XZ,0x003A95DB,0x003A95DB,29,Code/GameEngine/Source/GameClient/FXParticleSystem.cpp,matched,Open-BFME5 clean C++; concrete emission module template body
?clone@?$ConcreteModuleTemplate@V?$ModuleTag@$04$E?LINE_EMISSION_VOLUME_MODULE_KEY@FXParticleSystem@@3QBDB$E?LINE_EMISSION_VOLUME_MODULE_NAME@2@3QBDBVLineEmissionVolumeModule@2@VLineEmissionVolumeModuleTemplate@2@V?$DefaultParticleModule@$04@2@@FXParticleSystem@@@FXParticleSystem@@UBEPAVLineEmissionVolumeModuleTemplate@2@XZ,0x003A9584,0x003A9584,29,Code/GameEngine/Source/GameClient/FXParticleSystem.cpp,matched,Open-BFME5 clean C++; concrete emission module template body
??0?$ConcreteModuleTemplate@V?$ModuleTag@$04$E?LINE_EMISSION_VOLUME_MODULE_KEY@FXParticleSystem@@3QBDB$E?LINE_EMISSION_VOLUME_MODULE_NAME@2@3QBDBVLineEmissionVolumeModule@2@VLineEmissionVolumeModuleTemplate@2@V?$DefaultParticleModule@$04@2@@FXParticleSystem@@@FXParticleSystem@@QAE@XZ,0x003A90A2,0x003A90A2,32,Code/GameEngine/Source/GameClient/FXParticleSystemModules.cpp,matched,Open-BFME5 clean C++; line emission wrapper default constructor
??0?$ConcreteModuleTemplate@V?$ModuleTag@$04$E?BOX_EMISSION_VOLUME_MODULE_KEY@FXParticleSystem@@3QBDB$E?BOX_EMISSION_VOLUME_MODULE_NAME@2@3QBDBVBoxEmissionVolumeModule@2@VBoxEmissionVolumeModuleTemplate@2@V?$DefaultParticleModule@$04@2@@FXParticleSystem@@@FXParticleSystem@@QAE@XZ,0x003A90FA,0x003A90FA,32,Code/GameEngine/Source/GameClient/FXParticleSystemModules.cpp,matched,Open-BFME5 clean C++; emission volume wrapper body
??0?$ConcreteModuleTemplate@V?$ModuleTag@$04$E?CYLINDER_EMISSION_VOLUME_MODULE_KEY@FXParticleSystem@@3QBDB$E?CYLINDER_EMISSION_VOLUME_MODULE_NAME@2@3QBDBVCylinderEmissionVolumeModule@2@VCylinderEmissionVolumeModuleTemplate@2@V?$DefaultParticleModule@$04@2@@FXParticleSystem@@@FXParticleSystem@@QAE@XZ,0x003A922E,0x003A922E,32,Code/GameEngine/Source/GameClient/FXParticleSystemModules.cpp,matched,Open-BFME5 clean C++; emission volume wrapper body
??0?$ConcreteModuleTemplate@V?$ModuleTag@$04$E?SPHERE_EMISSION_VOLUME_MODULE_KEY@FXParticleSystem@@3QBDB$E?SPHERE_EMISSION_VOLUME_MODULE_NAME@2@3QBDBVSphereEmissionVolumeModule@2@VSphereEmissionVolumeModuleTemplate@2@V?$DefaultParticleModule@$04@2@@FXParticleSystem@@@FXParticleSystem@@QAE@XZ,0x003A919D,0x003A919D,32,Code/GameEngine/Source/GameClient/FXParticleSystemModules.cpp,matched,Open-BFME5 clean C++; emission volume wrapper body
??0?$ConcreteModuleTemplate@V?$ModuleTag@$04$E?SPHERE_EMISSION_VOLUME_MODULE_KEY@FXParticleSystem@@3QBDB$E?SPHERE_EMISSION_VOLUME_MODULE_NAME@2@3QBDBVSphereEmissionVolumeModule@2@VSphereEmissionVolumeModuleTemplate@2@V?$DefaultParticleModule@$04@2@@FXParticleSystem@@@FXParticleSystem@@QAE@ABV01@@Z,0x003A91BD,0x003A91BD,38,Code/GameEngine/Source/GameClient/FXParticleSystemModules.cpp,matched,Open-BFME5 clean C++; sphere emission wrapper body
?clone@?$ConcreteModuleTemplate@V?$ModuleTag@$04$E?SPHERE_EMISSION_VOLUME_MODULE_KEY@FXParticleSystem@@3QBDB$E?SPHERE_EMISSION_VOLUME_MODULE_NAME@2@3QBDBVSphereEmissionVolumeModule@2@VSphereEmissionVolumeModuleTemplate@2@V?$DefaultParticleModule@$04@2@@FXParticleSystem@@@FXParticleSystem@@UBEPAVSphereEmissionVolumeModuleTemplate@2@XZ,0x003A95BE,0x003A95BE,29,Code/GameEngine/Source/GameClient/FXParticleSystemModules.cpp,matched,Open-BFME5 clean C++; sphere emission wrapper body
?createTemplate@?$ConcreteModuleClass@V?$ModuleTag@$04$E?BOX_EMISSION_VOLUME_MODULE_KEY@FXParticleSystem@@3QBDB$E?BOX_EMISSION_VOLUME_MODULE_NAME@2@3QBDBVBoxEmissionVolumeModule@2@VBoxEmissionVolumeModuleTemplate@2@V?$DefaultParticleModule@$04@2@@FXParticleSystem@@@FXParticleSystem@@UBEPAVBoxEmissionVolumeModuleTemplate@2@XZ,0x003AB52C,0x003AB52C,22,Code/GameEngine/Source/GameClient/FXParticleSystemModules.cpp,matched,Open-BFME5 clean C++; emission module class template factory
?createTemplate@?$ConcreteModuleClass@V?$ModuleTag@$04$E?CYLINDER_EMISSION_VOLUME_MODULE_KEY@FXParticleSystem@@3QBDB$E?CYLINDER_EMISSION_VOLUME_MODULE_NAME@2@3QBDBVCylinderEmissionVolumeModule@2@VCylinderEmissionVolumeModuleTemplate@2@V?$DefaultParticleModule@$04@2@@FXParticleSystem@@@FXParticleSystem@@UBEPAVCylinderEmissionVolumeModuleTemplate@2@XZ,0x003AB63C,0x003AB63C,22,Code/GameEngine/Source/GameClient/FXParticleSystemModules.cpp,matched,Open-BFME5 clean C++; emission module class template factory
?createTemplate@?$ConcreteModuleClass@V?$ModuleTag@$04$E?LINE_EMISSION_VOLUME_MODULE_KEY@FXParticleSystem@@3QBDB$E?LINE_EMISSION_VOLUME_MODULE_NAME@2@3QBDBVLineEmissionVolumeModule@2@VLineEmissionVolumeModuleTemplate@2@V?$DefaultParticleModule@$04@2@@FXParticleSystem@@@FXParticleSystem@@UBEPAVLineEmissionVolumeModuleTemplate@2@XZ,0x003AB4A4,0x003AB4A4,22,Code/GameEngine/Source/GameClient/FXParticleSystemModules.cpp,matched,Open-BFME5 clean C++; emission module class template factory
?createTemplate@?$ConcreteModuleClass@V?$ModuleTag@$04$E?SPHERE_EMISSION_VOLUME_MODULE_KEY@FXParticleSystem@@3QBDB$E?SPHERE_EMISSION_VOLUME_MODULE_NAME@2@3QBDBVSphereEmissionVolumeModule@2@VSphereEmissionVolumeModuleTemplate@2@V?$DefaultParticleModule@$04@2@@FXParticleSystem@@@FXParticleSystem@@UBEPAVSphereEmissionVolumeModuleTemplate@2@XZ,0x003AB5B4,0x003AB5B4,22,Code/GameEngine/Source/GameClient/FXParticleSystemModules.cpp,matched,Open-BFME5 clean C++; emission module class template factory
??0?$ConcreteModuleTemplate@UPointEmissionVolumeModuleTag@FXParticleSystem@@@FXParticleSystem@@QAE@ABV01@@Z,0x003A9017,0x003A9017,38,Code/GameEngine/Source/GameClient/FXParticleSystemModules.cpp,matched,Open-BFME5 clean C++; point emission wrapper body
??0?$ConcreteModuleTemplate@UPointEmissionVolumeModuleTag@FXParticleSystem@@@FXParticleSystem@@QAE@XZ,0x003A8FF7,0x003A8FF7,32,Code/GameEngine/Source/GameClient/FXParticleSystemModules.cpp,matched,Open-BFME5 clean C++; point emission wrapper body
?clone@?$ConcreteModuleTemplate@UPointEmissionVolumeModuleTag@FXParticleSystem@@@FXParticleSystem@@UBEPAVPointEmissionVolumeModuleTemplate@2@XZ,0x003A9567,0x003A9567,29,Code/GameEngine/Source/GameClient/FXParticleSystemModules.cpp,matched,Open-BFME5 clean C++; point emission wrapper body
?createTemplate@?$ConcreteModuleClass@UPointEmissionVolumeModuleTag@FXParticleSystem@@@FXParticleSystem@@UBEPAVPointEmissionVolumeModuleTemplate@2@XZ,0x003AB41C,0x003AB41C,22,Code/GameEngine/Source/GameClient/FXParticleSystemModules.cpp,matched,Open-BFME5 clean C++; point emission wrapper body
??0?$ConcreteModuleTemplate@UOrthoEmissionVelocityModuleTag@FXParticleSystem@@@FXParticleSystem@@QAE@ABV01@@Z,0x003A8DED,0x003A8DED,38,Code/GameEngine/Source/GameClient/FXParticleSystemModules.cpp,matched,Open-BFME5 clean C++; emission velocity wrapper body
??0?$ConcreteModuleTemplate@UOrthoEmissionVelocityModuleTag@FXParticleSystem@@@FXParticleSystem@@QAE@XZ,0x003A8DCD,0x003A8DCD,32,Code/GameEngine/Source/GameClient/FXParticleSystemModules.cpp,matched,Open-BFME5 clean C++; emission velocity wrapper body
??0?$ConcreteModuleTemplate@V?$ModuleTag@$03$E?CYLINDRICAL_EMISSION_VELOCITY_MODULE_KEY@FXParticleSystem@@3QBDB$E?CYLINDRICAL_EMISSION_VELOCITY_MODULE_NAME@2@3QBDBVCylindricalEmissionVelocityModule@2@VCylindricalEmissionVelocityModuleTemplate@2@V?$DefaultParticleModule@$03@2@@FXParticleSystem@@@FXParticleSystem@@QAE@ABV01@@Z,0x003A8F2E,0x003A8F2E,38,Code/GameEngine/Source/GameClient/FXParticleSystemModules.cpp,matched,Open-BFME5 clean C++; emission velocity wrapper body
??0?$ConcreteModuleTemplate@V?$ModuleTag@$03$E?HEMISPHERICAL_EMISSION_VELOCITY_MODULE_KEY@FXParticleSystem@@3QBDB$E?HEMISPHERICAL_EMISSION_VELOCITY_MODULE_NAME@2@3QBDBVHemisphericalEmissionVelocityModule@2@VHemisphericalEmissionVelocityModuleTemplate@2@V?$DefaultParticleModule@$03@2@@FXParticleSystem@@@FXParticleSystem@@QAE@ABV01@@Z,0x003A8ED6,0x003A8ED6,38,Code/GameEngine/Source/GameClient/FXParticleSystemModules.cpp,matched,Open-BFME5 clean C++; emission velocity wrapper body
??0?$ConcreteModuleTemplate@V?$ModuleTag@$03$E?OUTWARD_EMISSION_VELOCITY_MODULE_KEY@FXParticleSystem@@3QBDB$E?OUTWARD_EMISSION_VELOCITY_MODULE_NAME@2@3QBDBVOutwardEmissionVelocityModule@2@VOutwardEmissionVelocityModuleTemplate@2@V?$DefaultParticleModule@$03@2@@FXParticleSystem@@@FXParticleSystem@@QAE@ABV01@@Z,0x003A8F74,0x003A8F74,38,Code/GameEngine/Source/GameClient/FXParticleSystemModules.cpp,matched,Open-BFME5 clean C++; emission velocity wrapper body
??0?$ConcreteModuleTemplate@V?$ModuleTag@$03$E?SPHERICAL_EMISSION_VELOCITY_MODULE_KEY@FXParticleSystem@@3QBDB$E?SPHERICAL_EMISSION_VELOCITY_MODULE_NAME@2@3QBDBVSphericalEmissionVelocityModule@2@VSphericalEmissionVelocityModuleTemplate@2@V?$DefaultParticleModule@$03@2@@FXParticleSystem@@@FXParticleSystem@@QAE@ABV01@@Z,0x003A8E90,0x003A8E90,38,Code/GameEngine/Source/GameClient/FXParticleSystemModules.cpp,matched,Open-BFME5 clean C++; emission velocity wrapper body
?clone@?$ConcreteModuleTemplate@UOrthoEmissionVelocityModuleTag@FXParticleSystem@@@FXParticleSystem@@UBEPAVOrthoEmissionVelocityModuleTemplate@2@XZ,0x003A94D6,0x003A94D6,29,Code/GameEngine/Source/GameClient/FXParticleSystemModules.cpp,matched,Open-BFME5 clean C++; emission velocity wrapper body
?clone@?$ConcreteModuleTemplate@V?$ModuleTag@$03$E?CYLINDRICAL_EMISSION_VELOCITY_MODULE_KEY@FXParticleSystem@@3QBDB$E?CYLINDRICAL_EMISSION_VELOCITY_MODULE_NAME@2@3QBDBVCylindricalEmissionVelocityModule@2@VCylindricalEmissionVelocityModuleTemplate@2@V?$DefaultParticleModule@$03@2@@FXParticleSystem@@@FXParticleSystem@@UBEPAVCylindricalEmissionVelocityModuleTemplate@2@XZ,0x003A952D,0x003A952D,29,Code/GameEngine/Source/GameClient/FXParticleSystemModules.cpp,matched,Open-BFME5 clean C++; emission velocity wrapper body
?clone@?$ConcreteModuleTemplate@V?$ModuleTag@$03$E?HEMISPHERICAL_EMISSION_VELOCITY_MODULE_KEY@FXParticleSystem@@3QBDB$E?HEMISPHERICAL_EMISSION_VELOCITY_MODULE_NAME@2@3QBDBVHemisphericalEmissionVelocityModule@2@VHemisphericalEmissionVelocityModuleTemplate@2@V?$DefaultParticleModule@$03@2@@FXParticleSystem@@@FXParticleSystem@@UBEPAVHemisphericalEmissionVelocityModuleTemplate@2@XZ,0x003A9510,0x003A9510,29,Code/GameEngine/Source/GameClient/FXParticleSystemModules.cpp,matched,Open-BFME5 clean C++; emission velocity wrapper body
?clone@?$ConcreteModuleTemplate@V?$ModuleTag@$03$E?OUTWARD_EMISSION_VELOCITY_MODULE_KEY@FXParticleSystem@@3QBDB$E?OUTWARD_EMISSION_VELOCITY_MODULE_NAME@2@3QBDBVOutwardEmissionVelocityModule@2@VOutwardEmissionVelocityModuleTemplate@2@V?$DefaultParticleModule@$03@2@@FXParticleSystem@@@FXParticleSystem@@UBEPAVOutwardEmissionVelocityModuleTemplate@2@XZ,0x003A954A,0x003A954A,29,Code/GameEngine/Source/GameClient/FXParticleSystemModules.cpp,matched,Open-BFME5 clean C++; emission velocity wrapper body
?clone@?$ConcreteModuleTemplate@V?$ModuleTag@$03$E?SPHERICAL_EMISSION_VELOCITY_MODULE_KEY@FXParticleSystem@@3QBDB$E?SPHERICAL_EMISSION_VELOCITY_MODULE_NAME@2@3QBDBVSphericalEmissionVelocityModule@2@VSphericalEmissionVelocityModuleTemplate@2@V?$DefaultParticleModule@$03@2@@FXParticleSystem@@@FXParticleSystem@@UBEPAVSphericalEmissionVelocityModuleTemplate@2@XZ,0x003A94F3,0x003A94F3,29,Code/GameEngine/Source/GameClient/FXParticleSystemModules.cpp,matched,Open-BFME5 clean C++; emission velocity wrapper body
??0?$ConcreteModuleTemplate@V?$ModuleTag@$03$E?CYLINDRICAL_EMISSION_VELOCITY_MODULE_KEY@FXParticleSystem@@3QBDB$E?CYLINDRICAL_EMISSION_VELOCITY_MODULE_NAME@2@3QBDBVCylindricalEmissionVelocityModule@2@VCylindricalEmissionVelocityModuleTemplate@2@V?$DefaultParticleModule@$03@2@@FXParticleSystem@@@FXParticleSystem@@QAE@XZ,0x003A8F0E,0x003A8F0E,32,Code/GameEngine/Source/GameClient/FXParticleSystemModules.cpp,matched,Open-BFME5 clean C++; emission velocity wrapper default constructor
??0?$ConcreteModuleTemplate@V?$ModuleTag@$03$E?HEMISPHERICAL_EMISSION_VELOCITY_MODULE_KEY@FXParticleSystem@@3QBDB$E?HEMISPHERICAL_EMISSION_VELOCITY_MODULE_NAME@2@3QBDBVHemisphericalEmissionVelocityModule@2@VHemisphericalEmissionVelocityModuleTemplate@2@V?$DefaultParticleModule@$03@2@@FXParticleSystem@@@FXParticleSystem@@QAE@XZ,0x003A8EB6,0x003A8EB6,32,Code/GameEngine/Source/GameClient/FXParticleSystemModules.cpp,matched,Open-BFME5 clean C++; emission velocity wrapper default constructor
??0?$ConcreteModuleTemplate@V?$ModuleTag@$03$E?OUTWARD_EMISSION_VELOCITY_MODULE_KEY@FXParticleSystem@@3QBDB$E?OUTWARD_EMISSION_VELOCITY_MODULE_NAME@2@3QBDBVOutwardEmissionVelocityModule@2@VOutwardEmissionVelocityModuleTemplate@2@V?$DefaultParticleModule@$03@2@@FXParticleSystem@@@FXParticleSystem@@QAE@XZ,0x003A8F54,0x003A8F54,32,Code/GameEngine/Source/GameClient/FXParticleSystemModules.cpp,matched,Open-BFME5 clean C++; emission velocity wrapper default constructor
??0?$ConcreteModuleTemplate@V?$ModuleTag@$03$E?SPHERICAL_EMISSION_VELOCITY_MODULE_KEY@FXParticleSystem@@3QBDB$E?SPHERICAL_EMISSION_VELOCITY_MODULE_NAME@2@3QBDBVSphericalEmissionVelocityModule@2@VSphericalEmissionVelocityModuleTemplate@2@V?$DefaultParticleModule@$03@2@@FXParticleSystem@@@FXParticleSystem@@QAE@XZ,0x003A8E70,0x003A8E70,32,Code/GameEngine/Source/GameClient/FXParticleSystemModules.cpp,matched,Open-BFME5 clean C++; emission velocity wrapper default constructor
??0?$ConcreteModuleClass@UOrthoEmissionVelocityModuleTag@FXParticleSystem@@@FXParticleSystem@@AAE@XZ,0x003AA8CD,0x003AA8CD,34,Code/GameEngine/Source/GameClient/FXParticleSystemModules.cpp,matched,Open-BFME5 clean C++; module class registration constructor
??0?$ConcreteModuleClass@UPointEmissionVolumeModuleTag@FXParticleSystem@@@FXParticleSystem@@AAE@XZ,0x003AA8EF,0x003AA8EF,34,Code/GameEngine/Source/GameClient/FXParticleSystemModules.cpp,matched,Open-BFME5 clean C++; module class registration constructor
??0?$ConcreteModuleClass@V?$ModuleTag@$03$E?CYLINDRICAL_EMISSION_VELOCITY_MODULE_KEY@FXParticleSystem@@3QBDB$E?CYLINDRICAL_EMISSION_VELOCITY_MODULE_NAME@2@3QBDBVCylindricalEmissionVelocityModule@2@VCylindricalEmissionVelocityModuleTemplate@2@V?$DefaultParticleModule@$03@2@@FXParticleSystem@@@FXParticleSystem@@AAE@XZ,0x003A88BF,0x003A88BF,34,Code/GameEngine/Source/GameClient/FXParticleSystemModules.cpp,matched,Open-BFME5 clean C++; module class registration constructor
??0?$ConcreteModuleClass@V?$ModuleTag@$03$E?HEMISPHERICAL_EMISSION_VELOCITY_MODULE_KEY@FXParticleSystem@@3QBDB$E?HEMISPHERICAL_EMISSION_VELOCITY_MODULE_NAME@2@3QBDBVHemisphericalEmissionVelocityModule@2@VHemisphericalEmissionVelocityModuleTemplate@2@V?$DefaultParticleModule@$03@2@@FXParticleSystem@@@FXParticleSystem@@AAE@XZ,0x003A889D,0x003A889D,34,Code/GameEngine/Source/GameClient/FXParticleSystemModules.cpp,matched,Open-BFME5 clean C++; module class registration constructor
??0?$ConcreteModuleClass@V?$ModuleTag@$03$E?OUTWARD_EMISSION_VELOCITY_MODULE_KEY@FXParticleSystem@@3QBDB$E?OUTWARD_EMISSION_VELOCITY_MODULE_NAME@2@3QBDBVOutwardEmissionVelocityModule@2@VOutwardEmissionVelocityModuleTemplate@2@V?$DefaultParticleModule@$03@2@@FXParticleSystem@@@FXParticleSystem@@AAE@XZ,0x003A88E1,0x003A88E1,34,Code/GameEngine/Source/GameClient/FXParticleSystemModules.cpp,matched,Open-BFME5 clean C++; module class registration constructor
??0?$ConcreteModuleClass@V?$ModuleTag@$03$E?SPHERICAL_EMISSION_VELOCITY_MODULE_KEY@FXParticleSystem@@3QBDB$E?SPHERICAL_EMISSION_VELOCITY_MODULE_NAME@2@3QBDBVSphericalEmissionVelocityModule@2@VSphericalEmissionVelocityModuleTemplate@2@V?$DefaultParticleModule@$03@2@@FXParticleSystem@@@FXParticleSystem@@AAE@XZ,0x003A887B,0x003A887B,34,Code/GameEngine/Source/GameClient/FXParticleSystemModules.cpp,matched,Open-BFME5 clean C++; module class registration constructor
??0?$ConcreteModuleClass@V?$ModuleTag@$04$E?BOX_EMISSION_VOLUME_MODULE_KEY@FXParticleSystem@@3QBDB$E?BOX_EMISSION_VOLUME_MODULE_NAME@2@3QBDBVBoxEmissionVolumeModule@2@VBoxEmissionVolumeModuleTemplate@2@V?$DefaultParticleModule@$04@2@@FXParticleSystem@@@FXParticleSystem@@AAE@XZ,0x003A8958,0x003A8958,34,Code/GameEngine/Source/GameClient/FXParticleSystemModules.cpp,matched,Open-BFME5 clean C++; module class registration constructor
??0?$ConcreteModuleClass@V?$ModuleTag@$04$E?CYLINDER_EMISSION_VOLUME_MODULE_KEY@FXParticleSystem@@3QBDB$E?CYLINDER_EMISSION_VOLUME_MODULE_NAME@2@3QBDBVCylinderEmissionVolumeModule@2@VCylinderEmissionVolumeModuleTemplate@2@V?$DefaultParticleModule@$04@2@@FXParticleSystem@@@FXParticleSystem@@AAE@XZ,0x003A899C,0x003A899C,34,Code/GameEngine/Source/GameClient/FXParticleSystemModules.cpp,matched,Open-BFME5 clean C++; module class registration constructor
??0?$ConcreteModuleClass@V?$ModuleTag@$04$E?LINE_EMISSION_VOLUME_MODULE_KEY@FXParticleSystem@@3QBDB$E?LINE_EMISSION_VOLUME_MODULE_NAME@2@3QBDBVLineEmissionVolumeModule@2@VLineEmissionVolumeModuleTemplate@2@V?$DefaultParticleModule@$04@2@@FXParticleSystem@@@FXParticleSystem@@AAE@XZ,0x003A8936,0x003A8936,34,Code/GameEngine/Source/GameClient/FXParticleSystemModules.cpp,matched,Open-BFME5 clean C++; module class registration constructor
??0?$ConcreteModuleClass@V?$ModuleTag@$04$E?SPHERE_EMISSION_VOLUME_MODULE_KEY@FXParticleSystem@@3QBDB$E?SPHERE_EMISSION_VOLUME_MODULE_NAME@2@3QBDBVSphereEmissionVolumeModule@2@VSphereEmissionVolumeModuleTemplate@2@V?$DefaultParticleModule@$04@2@@FXParticleSystem@@@FXParticleSystem@@AAE@XZ,0x003A897A,0x003A897A,34,Code/GameEngine/Source/GameClient/FXParticleSystemModules.cpp,matched,Open-BFME5 clean C++; module class registration constructor
??0?$ConcreteModuleTemplate@V?$DefaultModuleTag@$05@FXParticleSystem@@@FXParticleSystem@@QAE@ABV01@@Z,0x003A84D4,0x003A84D4,38,Code/GameEngine/Source/GameClient/FXParticleSystemModules.cpp,matched,Open-BFME5 clean C++; module wrapper body
??0?$ConcreteModuleTemplate@V?$ModuleTag@$05$E?LIGHTNING_DRAW_MODULE_KEY@FXParticleSystem@@3QBDB$E?LIGHTNING_DRAW_MODULE_NAME@2@3QBDBVLightningDrawModule@2@VLightningDrawModuleTemplate@2@V?$DefaultParticleModule@$05@2@@FXParticleSystem@@@FXParticleSystem@@QAE@XZ,0x003A8629,0x003A8629,32,Code/GameEngine/Source/GameClient/FXParticleSystemModules.cpp,matched,Open-BFME5 clean C++; module wrapper body
??0?$ConcreteModuleTemplate@V?$ModuleTag@$05$E?LIGHTNING_DRAW_MODULE_KEY@FXParticleSystem@@3QBDB$E?LIGHTNING_DRAW_MODULE_NAME@2@3QBDBVLightningDrawModule@2@VLightningDrawModuleTemplate@2@V?$DefaultParticleModule@$05@2@@FXParticleSystem@@@FXParticleSystem@@QAE@ABV01@@Z,0x003A8649,0x003A8649,38,Code/GameEngine/Source/GameClient/FXParticleSystemModules.cpp,matched,Open-BFME5 clean C++; module wrapper body
?clone@?$ConcreteModuleTemplate@V?$DefaultModuleTag@$05@FXParticleSystem@@@FXParticleSystem@@UBEPAV?$DefaultModuleTemplate@$05@2@XZ,0x003A8A02,0x003A8A02,29,Code/GameEngine/Source/GameClient/FXParticleSystemModules.cpp,matched,Open-BFME5 clean C++; module wrapper body
?clone@?$ConcreteModuleTemplate@V?$ModuleTag@$05$E?LIGHTNING_DRAW_MODULE_KEY@FXParticleSystem@@3QBDB$E?LIGHTNING_DRAW_MODULE_NAME@2@3QBDBVLightningDrawModule@2@VLightningDrawModuleTemplate@2@V?$DefaultParticleModule@$05@2@@FXParticleSystem@@@FXParticleSystem@@UBEPAVLightningDrawModuleTemplate@2@XZ,0x003A8A76,0x003A8A76,29,Code/GameEngine/Source/GameClient/FXParticleSystemModules.cpp,matched,Open-BFME5 clean C++; module wrapper body
??0?$ConcreteModuleTemplate@V?$DefaultModuleTag@$00@FXParticleSystem@@@FXParticleSystem@@QAE@ABV01@@Z,0x003A8A93,0x003A8A93,38,Code/GameEngine/Source/GameClient/FXParticleSystemModules.cpp,matched,Open-BFME5 clean C++; module wrapper body
??0?$ConcreteModuleTemplate@V?$DefaultModuleTag@$0A@@FXParticleSystem@@@FXParticleSystem@@QAE@ABV01@@Z,0x003A8B19,0x003A8B19,38,Code/GameEngine/Source/GameClient/FXParticleSystemModules.cpp,matched,Open-BFME5 clean C++; module wrapper body
??0?$ConcreteModuleTemplate@V?$DefaultModuleTag@$02@FXParticleSystem@@@FXParticleSystem@@QAE@ABV01@@Z,0x003A8B9F,0x003A8B9F,38,Code/GameEngine/Source/GameClient/FXParticleSystemModules.cpp,matched,Open-BFME5 clean C++; module wrapper body
??0?$ConcreteModuleTemplate@V?$DefaultModuleTag@$01@FXParticleSystem@@@FXParticleSystem@@QAE@ABV01@@Z,0x003A8C22,0x003A8C22,38,Code/GameEngine/Source/GameClient/FXParticleSystemModules.cpp,matched,Open-BFME5 clean C++; module wrapper body
??0?$ConcreteModuleTemplate@V?$DefaultModuleTag@$06@FXParticleSystem@@@FXParticleSystem@@QAE@ABV01@@Z,0x003A8CCB,0x003A8CCB,38,Code/GameEngine/Source/GameClient/FXParticleSystemModules.cpp,matched,Open-BFME5 clean C++; module wrapper body
?clone@?$ConcreteModuleTemplate@V?$DefaultModuleTag@$00@FXParticleSystem@@@FXParticleSystem@@UBEPAV?$DefaultModuleTemplate@$00@2@XZ,0x003A941F,0x003A941F,32,Code/GameEngine/Source/GameClient/FXParticleSystemModules.cpp,matched,Open-BFME5 clean C++; module wrapper body
?clone@?$ConcreteModuleTemplate@V?$DefaultModuleTag@$0A@@FXParticleSystem@@@FXParticleSystem@@UBEPAV?$DefaultModuleTemplate@$0A@@2@XZ,0x003A943F,0x003A943F,32,Code/GameEngine/Source/GameClient/FXParticleSystemModules.cpp,matched,Open-BFME5 clean C++; module wrapper body
?clone@?$ConcreteModuleTemplate@V?$DefaultModuleTag@$02@FXParticleSystem@@@FXParticleSystem@@UBEPAV?$DefaultModuleTemplate@$02@2@XZ,0x003A945F,0x003A945F,29,Code/GameEngine/Source/GameClient/FXParticleSystemModules.cpp,matched,Open-BFME5 clean C++; module wrapper body
?clone@?$ConcreteModuleTemplate@V?$DefaultModuleTag@$01@FXParticleSystem@@@FXParticleSystem@@UBEPAV?$DefaultModuleTemplate@$01@2@XZ,0x003A947C,0x003A947C,29,Code/GameEngine/Source/GameClient/FXParticleSystemModules.cpp,matched,Open-BFME5 clean C++; module wrapper body
??0?$ConcreteModuleTemplate@V?$DefaultModuleTag@$05@FXParticleSystem@@@FXParticleSystem@@QAE@XZ,0x003AA67D,0x003AA67D,32,Code/GameEngine/Source/GameClient/FXParticleSystemModules.cpp,matched,Open-BFME5 clean C++; module wrapper body
??0?$ConcreteModuleTemplate@V?$DefaultModuleTag@$00@FXParticleSystem@@@FXParticleSystem@@QAE@XZ,0x003AB7AE,0x003AB7AE,32,Code/GameEngine/Source/GameClient/FXParticleSystemModules.cpp,matched,Open-BFME5 clean C++; module wrapper body
??0?$ConcreteModuleTemplate@V?$DefaultModuleTag@$0A@@FXParticleSystem@@@FXParticleSystem@@QAE@XZ,0x003AB7CE,0x003AB7CE,32,Code/GameEngine/Source/GameClient/FXParticleSystemModules.cpp,matched,Open-BFME5 clean C++; module wrapper body
??0?$ConcreteModuleTemplate@V?$DefaultModuleTag@$02@FXParticleSystem@@@FXParticleSystem@@QAE@XZ,0x003AB7EE,0x003AB7EE,32,Code/GameEngine/Source/GameClient/FXParticleSystemModules.cpp,matched,Open-BFME5 clean C++; module wrapper body
??0?$ConcreteModuleTemplate@V?$DefaultModuleTag@$01@FXParticleSystem@@@FXParticleSystem@@QAE@XZ,0x003AB80E,0x003AB80E,32,Code/GameEngine/Source/GameClient/FXParticleSystemModules.cpp,matched,Open-BFME5 clean C++; module wrapper body
??0?$ConcreteModuleTemplate@V?$DefaultModuleTag@$06@FXParticleSystem@@@FXParticleSystem@@QAE@XZ,0x003AB82E,0x003AB82E,32,Code/GameEngine/Source/GameClient/FXParticleSystemModules.cpp,matched,Open-BFME5 clean C++; module wrapper body
??0?$ConcreteModuleTemplate@V?$ModuleTag@$01$E?RENDEROBJECT_UPDATE_MODULE_KEY@FXParticleSystem@@3QBDB$E?RENDEROBJECT_UPDATE_MODULE_NAME@2@3QBDBVRenderObjectUpdateModule@2@VRenderObjectUpdateModuleTemplate@2@VRenderObjectParticleUpdateModule@2@@FXParticleSystem@@@FXParticleSystem@@QAE@XZ,0x003A8D15,0x003A8D15,32,Code/GameEngine/Source/GameClient/FXParticleSystemModules.cpp,matched,Open-BFME5 clean C++; module wrapper body
??0?$ConcreteModuleTemplate@V?$ModuleTag@$01$E?RENDEROBJECT_UPDATE_MODULE_KEY@FXParticleSystem@@3QBDB$E?RENDEROBJECT_UPDATE_MODULE_NAME@2@3QBDBVRenderObjectUpdateModule@2@VRenderObjectUpdateModuleTemplate@2@VRenderObjectParticleUpdateModule@2@@FXParticleSystem@@@FXParticleSystem@@QAE@ABV01@@Z,0x003A8D35,0x003A8D35,38,Code/GameEngine/Source/GameClient/FXParticleSystemModules.cpp,matched,Open-BFME5 clean C++; module wrapper body
??0?$ConcreteModuleTemplate@V?$ModuleTag@$04$E?LIGHTNING_EMISSION_MODULE_KEY@FXParticleSystem@@3QBDB$E?LIGHTNING_EMISSION_MODULE_NAME@2@3QBDBVLightningEmissionModule@2@VLightningEmissionModuleTemplate@2@V?$DefaultParticleModule@$04@2@@FXParticleSystem@@@FXParticleSystem@@QAE@XZ,0x003A92D1,0x003A92D1,32,Code/GameEngine/Source/GameClient/FXParticleSystemModules.cpp,matched,Open-BFME5 clean C++; module wrapper body
??0?$ConcreteModuleTemplate@V?$ModuleTag@$04$E?LIGHTNING_EMISSION_MODULE_KEY@FXParticleSystem@@3QBDB$E?LIGHTNING_EMISSION_MODULE_NAME@2@3QBDBVLightningEmissionModule@2@VLightningEmissionModuleTemplate@2@V?$DefaultParticleModule@$04@2@@FXParticleSystem@@@FXParticleSystem@@QAE@ABV01@@Z,0x003A92F1,0x003A92F1,38,Code/GameEngine/Source/GameClient/FXParticleSystemModules.cpp,matched,Open-BFME5 clean C++; module wrapper body
??0?$ConcreteModuleTemplate@V?$ModuleTag@$04$E?TERRAIN_FIRE_EMISSION_MODULE_KEY@FXParticleSystem@@3QBDB$E?TERRAIN_FIRE_EMISSION_MODULE_NAME@2@3QBDBVTerrainFireEmissionModule@2@VTerrainFireEmissionModuleTemplate@2@V?$DefaultParticleModule@$04@2@@FXParticleSystem@@@FXParticleSystem@@QAE@XZ,0x003A9377,0x003A9377,32,Code/GameEngine/Source/GameClient/FXParticleSystemModules.cpp,matched,Open-BFME5 clean C++; module wrapper body
??0?$ConcreteModuleTemplate@V?$ModuleTag@$04$E?TERRAIN_FIRE_EMISSION_MODULE_KEY@FXParticleSystem@@3QBDB$E?TERRAIN_FIRE_EMISSION_MODULE_NAME@2@3QBDBVTerrainFireEmissionModule@2@VTerrainFireEmissionModuleTemplate@2@V?$DefaultParticleModule@$04@2@@FXParticleSystem@@@FXParticleSystem@@QAE@ABV01@@Z,0x003A939C,0x003A939C,38,Code/GameEngine/Source/GameClient/FXParticleSystemModules.cpp,matched,Open-BFME5 clean C++; module wrapper body
?clone@?$ConcreteModuleTemplate@V?$ModuleTag@$01$E?RENDEROBJECT_UPDATE_MODULE_KEY@FXParticleSystem@@3QBDB$E?RENDEROBJECT_UPDATE_MODULE_NAME@2@3QBDBVRenderObjectUpdateModule@2@VRenderObjectUpdateModuleTemplate@2@VRenderObjectParticleUpdateModule@2@@FXParticleSystem@@@FXParticleSystem@@UBEPAVRenderObjectUpdateModuleTemplate@2@XZ,0x003A94B6,0x003A94B6,32,Code/GameEngine/Source/GameClient/FXParticleSystemModules.cpp,matched,Open-BFME5 clean C++; module wrapper body
?clone@?$ConcreteModuleTemplate@V?$ModuleTag@$04$E?LIGHTNING_EMISSION_MODULE_KEY@FXParticleSystem@@3QBDB$E?LIGHTNING_EMISSION_MODULE_NAME@2@3QBDBVLightningEmissionModule@2@VLightningEmissionModuleTemplate@2@V?$DefaultParticleModule@$04@2@@FXParticleSystem@@@FXParticleSystem@@UBEPAVLightningEmissionModuleTemplate@2@XZ,0x003A95F8,0x003A95F8,32,Code/GameEngine/Source/GameClient/FXParticleSystemModules.cpp,matched,Open-BFME5 clean C++; module wrapper body
?clone@?$ConcreteModuleTemplate@V?$ModuleTag@$04$E?TERRAIN_FIRE_EMISSION_MODULE_KEY@FXParticleSystem@@3QBDB$E?TERRAIN_FIRE_EMISSION_MODULE_NAME@2@3QBDBVTerrainFireEmissionModule@2@VTerrainFireEmissionModuleTemplate@2@V?$DefaultParticleModule@$04@2@@FXParticleSystem@@@FXParticleSystem@@UBEPAVTerrainFireEmissionModuleTemplate@2@XZ,0x003A9618,0x003A9618,29,Code/GameEngine/Source/GameClient/FXParticleSystemModules.cpp,matched,Open-BFME5 clean C++; module wrapper body
??0?$ConcreteModuleTemplate@V?$ModuleTag@$05$E?RENDEROBJECT_DRAW_MODULE_KEY@FXParticleSystem@@3QBDB$E?RENDEROBJECT_DRAW_MODULE_NAME@2@3QBDBVRenderObjectDrawModule@2@VRenderObjectDrawModuleTemplate@2@V?$DefaultParticleModule@$05@2@@FXParticleSystem@@@FXParticleSystem@@QAE@XZ,0x003AA69D,0x003AA69D,32,Code/GameEngine/Source/GameClient/FXParticleSystemModules.cpp,matched,Open-BFME5 clean C++; module wrapper body
??0?$ConcreteModuleTemplate@V?$ModuleTag@$05$E?RENDEROBJECT_DRAW_MODULE_KEY@FXParticleSystem@@3QBDB$E?RENDEROBJECT_DRAW_MODULE_NAME@2@3QBDBVRenderObjectDrawModule@2@VRenderObjectDrawModuleTemplate@2@V?$DefaultParticleModule@$05@2@@FXParticleSystem@@@FXParticleSystem@@QAE@ABV01@@Z,0x003AA6C2,0x003AA6C2,38,Code/GameEngine/Source/GameClient/FXParticleSystemModules.cpp,matched,Open-BFME5 clean C++; module wrapper body
??0?$ConcreteModuleTemplate@V?$ModuleTag@$05$E?GPU_DRAW_MODULE_KEY@FXParticleSystem@@3QBDB$E?GPU_DRAW_MODULE_NAME@2@3QBDBVGpuDrawModule@2@VGpuDrawModuleTemplate@2@V?$DefaultParticleModule@$05@2@@FXParticleSystem@@@FXParticleSystem@@QAE@XZ,0x003AA74F,0x003AA74F,32,Code/GameEngine/Source/GameClient/FXParticleSystemModules.cpp,matched,Open-BFME5 clean C++; module wrapper body
??0?$ConcreteModuleTemplate@V?$ModuleTag@$05$E?GPU_DRAW_MODULE_KEY@FXParticleSystem@@3QBDB$E?GPU_DRAW_MODULE_NAME@2@3QBDBVGpuDrawModule@2@VGpuDrawModuleTemplate@2@V?$DefaultParticleModule@$05@2@@FXParticleSystem@@@FXParticleSystem@@QAE@ABV01@@Z,0x003AA774,0x003AA774,38,Code/GameEngine/Source/GameClient/FXParticleSystemModules.cpp,matched,Open-BFME5 clean C++; module wrapper body
??4?$ConcreteModuleTemplate@V?$ModuleTag@$05$E?RENDEROBJECT_DRAW_MODULE_KEY@FXParticleSystem@@3QBDB$E?RENDEROBJECT_DRAW_MODULE_NAME@2@3QBDBVRenderObjectDrawModule@2@VRenderObjectDrawModuleTemplate@2@V?$DefaultParticleModule@$05@2@@FXParticleSystem@@@FXParticleSystem@@QAEAAV01@ABV01@@Z,0x003A8617,0x003A8617,18,Code/GameEngine/Source/GameClient/FXParticleSystemModules.cpp,matched,Open-BFME5 clean C++; concrete module template assignment
??4?$ConcreteModuleTemplate@V?$ModuleTag@$05$E?LIGHTNING_DRAW_MODULE_KEY@FXParticleSystem@@3QBDB$E?LIGHTNING_DRAW_MODULE_NAME@2@3QBDBVLightningDrawModule@2@VLightningDrawModuleTemplate@2@V?$DefaultParticleModule@$05@2@@FXParticleSystem@@@FXParticleSystem@@QAEAAV01@ABV01@@Z,0x003A866F,0x003A866F,18,Code/GameEngine/Source/GameClient/FXParticleSystemModules.cpp,matched,Open-BFME5 clean C++; concrete module template assignment
??4?$ConcreteModuleTemplate@V?$ModuleTag@$05$E?GPU_DRAW_MODULE_KEY@FXParticleSystem@@3QBDB$E?GPU_DRAW_MODULE_NAME@2@3QBDBVGpuDrawModule@2@VGpuDrawModuleTemplate@2@V?$DefaultParticleModule@$05@2@@FXParticleSystem@@@FXParticleSystem@@QAEAAV01@ABV01@@Z,0x003A86CC,0x003A86CC,18,Code/GameEngine/Source/GameClient/FXParticleSystemModules.cpp,matched,Open-BFME5 clean C++; concrete module template assignment
??4?$ConcreteModuleTemplate@V?$ModuleTag@$04$E?LINE_EMISSION_VOLUME_MODULE_KEY@FXParticleSystem@@3QBDB$E?LINE_EMISSION_VOLUME_MODULE_NAME@2@3QBDBVLineEmissionVolumeModule@2@VLineEmissionVolumeModuleTemplate@2@V?$DefaultParticleModule@$04@2@@FXParticleSystem@@@FXParticleSystem@@QAEAAV01@ABV01@@Z,0x003A90E8,0x003A90E8,18,Code/GameEngine/Source/GameClient/FXParticleSystemModules.cpp,matched,Open-BFME5 clean C++; concrete module template assignment
??4?$ConcreteModuleTemplate@V?$ModuleTag@$04$E?BOX_EMISSION_VOLUME_MODULE_KEY@FXParticleSystem@@3QBDB$E?BOX_EMISSION_VOLUME_MODULE_NAME@2@3QBDBVBoxEmissionVolumeModule@2@VBoxEmissionVolumeModuleTemplate@2@V?$DefaultParticleModule@$04@2@@FXParticleSystem@@@FXParticleSystem@@QAEAAV01@ABV01@@Z,0x003A9140,0x003A9140,18,Code/GameEngine/Source/GameClient/FXParticleSystemModules.cpp,matched,Open-BFME5 clean C++; concrete module template assignment
??4?$ConcreteModuleTemplate@V?$ModuleTag@$04$E?CYLINDER_EMISSION_VOLUME_MODULE_KEY@FXParticleSystem@@3QBDB$E?CYLINDER_EMISSION_VOLUME_MODULE_NAME@2@3QBDBVCylinderEmissionVolumeModule@2@VCylinderEmissionVolumeModuleTemplate@2@V?$DefaultParticleModule@$04@2@@FXParticleSystem@@@FXParticleSystem@@QAEAAV01@ABV01@@Z,0x003A9274,0x003A9274,18,Code/GameEngine/Source/GameClient/FXParticleSystemModules.cpp,matched,Open-BFME5 clean C++; concrete module template assignment
??4?$ConcreteModuleTemplate@V?$ModuleTag@$04$E?LIGHTNING_EMISSION_MODULE_KEY@FXParticleSystem@@3QBDB$E?LIGHTNING_EMISSION_MODULE_NAME@2@3QBDBVLightningEmissionModule@2@VLightningEmissionModuleTemplate@2@V?$DefaultParticleModule@$04@2@@FXParticleSystem@@@FXParticleSystem@@QAEAAV01@ABV01@@Z,0x003A9317,0x003A9317,18,Code/GameEngine/Source/GameClient/FXParticleSystemModules.cpp,matched,Open-BFME5 clean C++; concrete module template assignment
??4?$ConcreteModuleTemplate@V?$ModuleTag@$04$E?TERRAIN_FIRE_EMISSION_MODULE_KEY@FXParticleSystem@@3QBDB$E?TERRAIN_FIRE_EMISSION_MODULE_NAME@2@3QBDBVTerrainFireEmissionModule@2@VTerrainFireEmissionModuleTemplate@2@V?$DefaultParticleModule@$04@2@@FXParticleSystem@@@FXParticleSystem@@QAEAAV01@ABV01@@Z,0x003A93C2,0x003A93C2,18,Code/GameEngine/Source/GameClient/FXParticleSystemModules.cpp,matched,Open-BFME5 clean C++; concrete module template assignment
??4?$ConcreteModuleTemplate@UOrthoEmissionVelocityModuleTag@FXParticleSystem@@@FXParticleSystem@@QAEAAV01@ABV01@@Z,0x003A8E13,0x003A8E13,18,Code/GameEngine/Source/GameClient/FXParticleSystemModules.cpp,matched,Open-BFME5 clean C++; concrete module template assignment
??4?$ConcreteModuleTemplate@V?$DefaultModuleTag@$00@FXParticleSystem@@@FXParticleSystem@@QAEAAV01@ABV01@@Z,0x003A8AB9,0x003A8AB9,18,Code/GameEngine/Source/GameClient/FXParticleSystemModules.cpp,matched,Open-BFME5 clean C++; concrete module template assignment
??4?$ConcreteModuleTemplate@V?$DefaultModuleTag@$01@FXParticleSystem@@@FXParticleSystem@@QAEAAV01@ABV01@@Z,0x003A8C48,0x003A8C48,18,Code/GameEngine/Source/GameClient/FXParticleSystemModules.cpp,matched,Open-BFME5 clean C++; concrete module template assignment
??4?$ConcreteModuleTemplate@V?$DefaultModuleTag@$02@FXParticleSystem@@@FXParticleSystem@@QAEAAV01@ABV01@@Z,0x003A8BC5,0x003A8BC5,18,Code/GameEngine/Source/GameClient/FXParticleSystemModules.cpp,matched,Open-BFME5 clean C++; concrete module template assignment
??4?$ConcreteModuleTemplate@V?$DefaultModuleTag@$0A@@FXParticleSystem@@@FXParticleSystem@@QAEAAV01@ABV01@@Z,0x003A8B3F,0x003A8B3F,18,Code/GameEngine/Source/GameClient/FXParticleSystemModules.cpp,matched,Open-BFME5 clean C++; concrete module template assignment
??4?$ConcreteModuleTemplate@V?$ModuleTag@$01$E?RENDEROBJECT_UPDATE_MODULE_KEY@FXParticleSystem@@3QBDB$E?RENDEROBJECT_UPDATE_MODULE_NAME@2@3QBDBVRenderObjectUpdateModule@2@VRenderObjectUpdateModuleTemplate@2@VRenderObjectParticleUpdateModule@2@@FXParticleSystem@@@FXParticleSystem@@QAEAAV01@ABV01@@Z,0x003A8D5B,0x003A8D5B,18,Code/GameEngine/Source/GameClient/FXParticleSystemModules.cpp,matched,Open-BFME5 clean C++; concrete module template assignment
??4?$ConcreteModuleTemplate@V?$ModuleTag@$07$E?LIFE_EVENT_MODULE_KEY@FXParticleSystem@@3QBDB$E?LIFE_EVENT_MODULE_NAME@2@3QBDBVLifeEventModule@2@VLifeEventModuleTemplate@2@VParticleLifeEventModule@2@@FXParticleSystem@@@FXParticleSystem@@QAEAAV01@ABV01@@Z,0x003A8D03,0x003A8D03,18,Code/GameEngine/Source/GameClient/FXParticleSystemModules.cpp,matched,Open-BFME5 clean C++; concrete module template assignment
??4?$ConcreteModuleTemplate@V?$ModuleTag@$07$E?TERRAIN_COLLISION_MODULE_KEY@FXParticleSystem@@3QBDB$E?TERRAIN_COLLISION_MODULE_NAME@2@3QBDBVTerrainCollisionModule@2@VTerrainCollisionModuleTemplate@2@VParticleTerrainCollisionModule@2@@FXParticleSystem@@@FXParticleSystem@@QAEAAV01@ABV01@@Z,0x003A8DBB,0x003A8DBB,18,Code/GameEngine/Source/GameClient/FXParticleSystemModules.cpp,matched,Open-BFME5 clean C++; concrete module template assignment
??4LightningEmissionModuleTemplate@FXParticleSystem@@QAEAAV01@ABV01@@Z,0x003A6CF0,0x003A6CF0,33,Code/GameEngine/Source/GameClient/FXParticleSystem.cpp,matched,Open-BFME5 clean C++; module template generated assignment
??4TerrainFireEmissionModuleTemplate@FXParticleSystem@@QAEAAV01@ABV01@@Z,0x003A6F64,0x003A6F64,33,Code/GameEngine/Source/GameClient/FXParticleSystem.cpp,matched,Open-BFME5 clean C++; module template generated assignment
??4OrthoEmissionVelocityModuleTemplate@FXParticleSystem@@QAEAAV01@ABV01@@Z,0x003A71B3,0x003A71B3,33,Code/GameEngine/Source/GameClient/FXParticleSystem.cpp,matched,Open-BFME5 clean C++; module template generated assignment
??4LightningDrawModuleTemplate@FXParticleSystem@@QAEAAV01@ABV01@@Z,0x003A7ECF,0x003A7ECF,33,Code/GameEngine/Source/GameClient/FXParticleSystem.cpp,matched,Open-BFME5 clean C++; module template generated assignment
??4RenderObjectUpdateModuleTemplate@FXParticleSystem@@QAEAAV01@ABV01@@Z,0x003A813F,0x003A813F,33,Code/GameEngine/Source/GameClient/FXParticleSystem.cpp,matched,Open-BFME5 clean C++; module template generated assignment
??4?$DefaultModuleTemplate@$00@FXParticleSystem@@QAEAAV01@ABV01@@Z,0x003A626A,0x003A626A,33,Code/GameEngine/Source/GameClient/FXParticleSystem.cpp,matched,Open-BFME5 clean C++; default module template assignment
??4?$DefaultModuleTemplate@$0A@@FXParticleSystem@@QAEAAV01@ABV01@@Z,0x003A63CD,0x003A63CD,33,Code/GameEngine/Source/GameClient/FXParticleSystem.cpp,matched,Open-BFME5 clean C++; default module template assignment
??4?$DefaultModuleTemplate@$02@FXParticleSystem@@QAEAAV01@ABV01@@Z,0x003A7832,0x003A7832,33,Code/GameEngine/Source/GameClient/FXParticleSystem.cpp,matched,Open-BFME5 clean C++; default module template assignment
??4?$DefaultModuleTemplate@$01@FXParticleSystem@@QAEAAV01@ABV01@@Z,0x003A79E5,0x003A79E5,33,Code/GameEngine/Source/GameClient/FXParticleSystem.cpp,matched,Open-BFME5 clean C++; default module template assignment
??4RenderObjectDrawModuleTemplate@FXParticleSystem@@QAEAAV01@ABV01@@Z,0x003A7DA9,0x003A7DA9,33,Code/GameEngine/Source/GameClient/FXParticleSystem.cpp,matched,Open-BFME5 clean C++; module template generated assignment
??4GpuDrawModuleTemplate@FXParticleSystem@@QAEAAV01@ABV01@@Z,0x003A7F1D,0x003A7F1D,33,Code/GameEngine/Source/GameClient/FXParticleSystem.cpp,matched,Open-BFME5 clean C++; module template generated assignment
?endsWithNoCase@?$StringBase@D@@QBE_NPBD@Z,0x000360D0,0x000360D0,50,Code/Libraries/Source/WWVegas/WWLib/string_base_inline.cpp,matched,Open-BFME5 clean C++; case-insensitive string test
?endsWithNoCase@?$StringBase@D@@QBE_NABV1@@Z,0x00036110,0x00036110,50,Code/Libraries/Source/WWVegas/WWLib/string_base_inline.cpp,matched,Open-BFME5 clean C++; case-insensitive string test
?compareNoCase@?$StringBase@D@@QBEHD@Z,0x000379E0,0x000379E0,66,Code/Libraries/Source/WWVegas/WWLib/string_base_inline.cpp,matched,Open-BFME5 clean C++; case-insensitive string test
?startsWithNoCase@?$StringBase@D@@QBE_NABV1@@Z,0x0002C42F,0x0002C42F,42,Code/Libraries/Source/WWVegas/WWLib/string_base.cpp,matched,Open-BFME5 clean C++; case-insensitive prefix test over another string
?reverseFind@?$StringBase@D@@QBEPBDD@Z,0x00035930,0x00035930,53,Code/Libraries/Source/WWVegas/WWLib/string_base_inline.cpp,matched,Open-BFME5 clean C++; StringBase reverse character search
?format_va@?$StringBase@D@@QAEXPBDPAD@Z,0x00036D40,0x00036D40,71,Code/Libraries/Source/WWVegas/WWLib/string_base_inline.cpp,matched,Open-BFME5 clean C++; StringBase varargs formatter
?format@?$StringBase@D@@QAAXPBDZZ,0x00037D90,0x00037D90,70,Code/Libraries/Source/WWVegas/WWLib/string_base_inline.cpp,matched,Open-BFME5 clean C++; StringBase formatting
?format_va@?$StringBase@D@@QAEXABV1@PAD@Z,0x00037920,0x00037920,87,Code/Libraries/Source/WWVegas/WWLib/string_base_inline.cpp,matched,Open-BFME5 clean C++; StringBase formatting
?format_va@?$StringBase@G@@QAEXPBGPAD@Z,0x000377E0,0x000377E0,71,Code/Libraries/Source/WWVegas/WWLib/string_base_inline.cpp,matched,Open-BFME5 clean C++; wide StringBase formatting
?format_va@?$StringBase@G@@QAEXABV1@PAD@Z,0x00037A30,0x00037A30,87,Code/Libraries/Source/WWVegas/WWLib/string_base_inline.cpp,matched,Open-BFME5 clean C++; wide StringBase formatting
?format@?$StringBase@G@@QAAXPBGZZ,0x00037FF0,0x00037FF0,70,Code/Libraries/Source/WWVegas/WWLib/string_base_inline.cpp,matched,Open-BFME5 clean C++; wide StringBase formatting
?format@AsciiString@@QAAXPBV1@ZZ,0x000381E0,0x000381E0,50,Code/Libraries/Source/WWVegas/WWLib/string_inline.cpp,matched,Open-BFME5 clean C++; string formatting from another string
?format@UnicodeString@@QAAXPBV1@ZZ,0x006CB660,0x006CB660,50,Code/Libraries/Source/WWVegas/WWLib/string_inline.cpp,matched,Open-BFME5 clean C++; string formatting from another string
??0?$StringBase@D@@AAE@PBD@Z,0x00037BA0,0x00037BA0,65,Code/Libraries/Source/WWVegas/WWLib/string_base_inline.cpp,matched,Open-BFME5 clean C++; StringBase C-string constructor
??0?$StringBase@G@@AAE@PBG@Z,0x00037E30,0x00037E30,62,Code/Libraries/Source/WWVegas/WWLib/string_base_inline.cpp,matched,Open-BFME5 clean C++; StringBase C-string constructor
?getMinimumValue@GameClientRandomVariable@@QBEMXZ,0x00452D82,0x00452D82,4,Code/GameEngine/Source/GameClient/ClientRandomValue.cpp,matched,Open-BFME5 clean C++; simple accessor
?getMaximumValue@GameClientRandomVariable@@QBEMXZ,0x004F5F92,0x004F5F92,4,Code/GameEngine/Source/GameClient/ClientRandomValue.cpp,matched,Open-BFME5 clean C++; simple accessor
?height@Region2D@@QBEMXZ,0x0004259B,0x0004259B,7,Code/Libraries/Source/WWVegas/WWMath/region.cpp,matched,Open-BFME5 clean C++; simple accessor
?IsExactlyEqualTo@Matrix4D@@QAE_NABV1@@Z,0x00004B70,0x00004B70,79,Code/Libraries/Source/WWVegas/WWMath/matrix4d.cpp,matched,Open-BFME5 clean C++; Matrix4D exact bitwise comparison
??4EventModuleInfo@FXParticleSystem@@QAEAAV01@ABV01@@Z,0x00001240,0x00001240,15,Code/GameEngine/Source/GameClient/FXParticleSystem.cpp,matched,Open-BFME5 clean C++; EventModuleInfo generated assignment
??0?$CategoryModuleTemplate@$07@FXParticleSystem@@QAE@ABV01@@Z,0x00001F30,0x00001F30,52,Code/GameEngine/Source/GameClient/FXParticleSystem.cpp,matched,Open-BFME5 clean C++; CategoryModuleTemplate copy constructor
?getHash@PooledString@@ABEIPBDH@Z,0x006CB780,0x006CB780,60,Code/Libraries/Source/WWVegas/WWLib/string_inline.cpp,matched,Open-BFME5 clean C++; PooledString case-insensitive hash
??0?$CategoryModuleInfo@$0A@@FXParticleSystem@@QAE@XZ,0x0035982C,0x0035982C,9,Code/GameEngine/Source/GameClient/FXParticleSystem.cpp,matched,
??0?$CategoryModuleInfo@$00@FXParticleSystem@@QAE@XZ,0x0035982C,0x0035982C,9,Code/GameEngine/Source/GameClient/FXParticleSystem.cpp,matched,
??0?$CategoryModuleInfo@$01@FXParticleSystem@@QAE@XZ,0x0035982C,0x0035982C,9,Code/GameEngine/Source/GameClient/FXParticleSystem.cpp,matched,
??0?$CategoryModuleInfo@$02@FXParticleSystem@@QAE@XZ,0x0035982C,0x0035982C,9,Code/GameEngine/Source/GameClient/FXParticleSystem.cpp,matched,
??0?$CategoryModuleInfo@$03@FXParticleSystem@@QAE@XZ,0x0035982C,0x0035982C,9,Code/GameEngine/Source/GameClient/FXParticleSystem.cpp,matched,
??0?$CategoryModuleInfo@$04@FXParticleSystem@@QAE@XZ,0x0035982C,0x0035982C,9,Code/GameEngine/Source/GameClient/FXParticleSystem.cpp,matched,
??0?$CategoryModuleInfo@$05@FXParticleSystem@@QAE@XZ,0x0035982C,0x0035982C,9,Code/GameEngine/Source/GameClient/FXParticleSystem.cpp,matched,
??0?$CategoryModuleInfo@$06@FXParticleSystem@@QAE@XZ,0x0035982C,0x0035982C,9,Code/GameEngine/Source/GameClient/FXParticleSystem.cpp,matched,
??0?$CategoryModuleInfo@$07@FXParticleSystem@@QAE@XZ,0x0035982C,0x0035982C,9,Code/GameEngine/Source/GameClient/FXParticleSystem.cpp,matched,
??1?$CategoryModuleInfo@$0A@@FXParticleSystem@@IAE@XZ,0x005FED52,0x005FED52,7,Code/GameEngine/Source/GameClient/FXParticleSystem.cpp,matched,
??0?$CategoryModuleInfo@$0A@@FXParticleSystem@@QAE@ABV01@@Z,0x001F370E,0x001F370E,11,Code/GameEngine/Source/GameClient/FXParticleSystem.cpp,matched,
??4?$CategoryModuleInfo@$0A@@FXParticleSystem@@QAEAAV01@ABV01@@Z,0x001FD28E,0x001FD28E,5,Code/GameEngine/Source/GameClient/FXParticleSystem.cpp,matched,
??1?$CategoryModuleInfo@$00@FXParticleSystem@@IAE@XZ,0x005FED52,0x005FED52,7,Code/GameEngine/Source/GameClient/FXParticleSystem.cpp,matched,
??0?$CategoryModuleInfo@$00@FXParticleSystem@@QAE@ABV01@@Z,0x001F370E,0x001F370E,11,Code/GameEngine/Source/GameClient/FXParticleSystem.cpp,matched,
??4?$CategoryModuleInfo@$00@FXParticleSystem@@QAEAAV01@ABV01@@Z,0x001FD28E,0x001FD28E,5,Code/GameEngine/Source/GameClient/FXParticleSystem.cpp,matched,
??1?$CategoryModuleInfo@$01@FXParticleSystem@@IAE@XZ,0x005FED52,0x005FED52,7,Code/GameEngine/Source/GameClient/FXParticleSystem.cpp,matched,
??0?$CategoryModuleInfo@$01@FXParticleSystem@@QAE@ABV01@@Z,0x001F370E,0x001F370E,11,Code/GameEngine/Source/GameClient/FXParticleSystem.cpp,matched,
??4?$CategoryModuleInfo@$01@FXParticleSystem@@QAEAAV01@ABV01@@Z,0x001FD28E,0x001FD28E,5,Code/GameEngine/Source/GameClient/FXParticleSystem.cpp,matched,
??1?$CategoryModuleInfo@$02@FXParticleSystem@@IAE@XZ,0x005FED52,0x005FED52,7,Code/GameEngine/Source/GameClient/FXParticleSystem.cpp,matched,
??0?$CategoryModuleInfo@$02@FXParticleSystem@@QAE@ABV01@@Z,0x001F370E,0x001F370E,11,Code/GameEngine/Source/GameClient/FXParticleSystem.cpp,matched,
??4?$CategoryModuleInfo@$02@FXParticleSystem@@QAEAAV01@ABV01@@Z,0x001FD28E,0x001FD28E,5,Code/GameEngine/Source/GameClient/FXParticleSystem.cpp,matched,
??1?$CategoryModuleInfo@$03@FXParticleSystem@@IAE@XZ,0x005FED52,0x005FED52,7,Code/GameEngine/Source/GameClient/FXParticleSystem.cpp,matched,
??0?$CategoryModuleInfo@$03@FXParticleSystem@@QAE@ABV01@@Z,0x001F370E,0x001F370E,11,Code/GameEngine/Source/GameClient/FXParticleSystem.cpp,matched,
??4?$CategoryModuleInfo@$03@FXParticleSystem@@QAEAAV01@ABV01@@Z,0x001FD28E,0x001FD28E,5,Code/GameEngine/Source/GameClient/FXParticleSystem.cpp,matched,
??1?$CategoryModuleInfo@$04@FXParticleSystem@@IAE@XZ,0x005FED52,0x005FED52,7,Code/GameEngine/Source/GameClient/FXParticleSystem.cpp,matched,
??0?$CategoryModuleInfo@$04@FXParticleSystem@@QAE@ABV01@@Z,0x001F370E,0x001F370E,11,Code/GameEngine/Source/GameClient/FXParticleSystem.cpp,matched,
??4?$CategoryModuleInfo@$04@FXParticleSystem@@QAEAAV01@ABV01@@Z,0x001FD28E,0x001FD28E,5,Code/GameEngine/Source/GameClient/FXParticleSystem.cpp,matched,
??1?$CategoryModuleInfo@$05@FXParticleSystem@@IAE@XZ,0x005FED52,0x005FED52,7,Code/GameEngine/Source/GameClient/FXParticleSystem.cpp,matched,
??0?$CategoryModuleInfo@$05@FXParticleSystem@@QAE@ABV01@@Z,0x001F370E,0x001F370E,11,Code/GameEngine/Source/GameClient/FXParticleSystem.cpp,matched,
??4?$CategoryModuleInfo@$05@FXParticleSystem@@QAEAAV01@ABV01@@Z,0x001FD28E,0x001FD28E,5,Code/GameEngine/Source/GameClient/FXParticleSystem.cpp,matched,
??1?$CategoryModuleInfo@$06@FXParticleSystem@@IAE@XZ,0x005FED52,0x005FED52,7,Code/GameEngine/Source/GameClient/FXParticleSystem.cpp,matched,
??0?$CategoryModuleInfo@$06@FXParticleSystem@@QAE@ABV01@@Z,0x001F370E,0x001F370E,11,Code/GameEngine/Source/GameClient/FXParticleSystem.cpp,matched,
??4?$CategoryModuleInfo@$06@FXParticleSystem@@QAEAAV01@ABV01@@Z,0x001FD28E,0x001FD28E,5,Code/GameEngine/Source/GameClient/FXParticleSystem.cpp,matched,
??1?$CategoryModuleInfo@$07@FXParticleSystem@@IAE@XZ,0x005FED52,0x005FED52,7,Code/GameEngine/Source/GameClient/FXParticleSystem.cpp,matched,
??0?$CategoryModuleInfo@$07@FXParticleSystem@@QAE@ABV01@@Z,0x001F370E,0x001F370E,11,Code/GameEngine/Source/GameClient/FXParticleSystem.cpp,matched,
??4?$CategoryModuleInfo@$07@FXParticleSystem@@QAEAAV01@ABV01@@Z,0x001FD28E,0x001FD28E,5,Code/GameEngine/Source/GameClient/FXParticleSystem.cpp,matched,
??0?$CategoryModuleClassBase@$07$0A@@FXParticleSystem@@QAE@ABV?$CategoryModuleClass@$07@1@_N@Z,0x001F446C,0x001F446C,5,Code/GameEngine/Source/GameClient/FXParticleSystem.cpp,matched,
??0?$CategoryModuleTemplate@$06@FXParticleSystem@@QAE@ABV01@@Z,0x001F44E4,0x001F44E4,64,Code/GameEngine/Source/GameClient/FXParticleSystem.cpp,matched,
?getKey@?$CategoryModuleClass@$0A@@FXParticleSystem@@QBEPBDXZ,0x005801F2,0x005801F2,4,Code/GameEngine/Source/GameClient/FXParticleSystem.cpp,matched,
?getName@?$CategoryModuleClass@$0A@@FXParticleSystem@@QBEPBDXZ,0x0030F45F,0x0030F45F,4,Code/GameEngine/Source/GameClient/FXParticleSystem.cpp,matched,
?getNext@?$CategoryModuleClass@$0A@@FXParticleSystem@@QBEPBV12@XZ,0x001DB0A8,0x001DB0A8,4,Code/GameEngine/Source/GameClient/FXParticleSystem.cpp,matched,
??1?$CategoryModuleClass@$0A@@FXParticleSystem@@IAE@XZ,0x0057C03B,0x0057C03B,7,Code/GameEngine/Source/GameClient/FXParticleSystem.cpp,matched,
?getKey@?$CategoryModuleClass@$00@FXParticleSystem@@QBEPBDXZ,0x005801F2,0x005801F2,4,Code/GameEngine/Source/GameClient/FXParticleSystem.cpp,matched,
?getName@?$CategoryModuleClass@$00@FXParticleSystem@@QBEPBDXZ,0x0030F45F,0x0030F45F,4,Code/GameEngine/Source/GameClient/FXParticleSystem.cpp,matched,
?getNext@?$CategoryModuleClass@$00@FXParticleSystem@@QBEPBV12@XZ,0x001DB0A8,0x001DB0A8,4,Code/GameEngine/Source/GameClient/FXParticleSystem.cpp,matched,
??1?$CategoryModuleClass@$00@FXParticleSystem@@IAE@XZ,0x0057C03B,0x0057C03B,7,Code/GameEngine/Source/GameClient/FXParticleSystem.cpp,matched,
?getKey@?$CategoryModuleClass@$01@FXParticleSystem@@QBEPBDXZ,0x005801F2,0x005801F2,4,Code/GameEngine/Source/GameClient/FXParticleSystem.cpp,matched,
?getName@?$CategoryModuleClass@$01@FXParticleSystem@@QBEPBDXZ,0x0030F45F,0x0030F45F,4,Code/GameEngine/Source/GameClient/FXParticleSystem.cpp,matched,
?getNext@?$CategoryModuleClass@$01@FXParticleSystem@@QBEPBV12@XZ,0x001DB0A8,0x001DB0A8,4,Code/GameEngine/Source/GameClient/FXParticleSystem.cpp,matched,
??1?$CategoryModuleClass@$01@FXParticleSystem@@IAE@XZ,0x0057C03B,0x0057C03B,7,Code/GameEngine/Source/GameClient/FXParticleSystem.cpp,matched,
?getKey@?$CategoryModuleClass@$02@FXParticleSystem@@QBEPBDXZ,0x005801F2,0x005801F2,4,Code/GameEngine/Source/GameClient/FXParticleSystem.cpp,matched,
?getName@?$CategoryModuleClass@$02@FXParticleSystem@@QBEPBDXZ,0x0030F45F,0x0030F45F,4,Code/GameEngine/Source/GameClient/FXParticleSystem.cpp,matched,
?getNext@?$CategoryModuleClass@$02@FXParticleSystem@@QBEPBV12@XZ,0x001DB0A8,0x001DB0A8,4,Code/GameEngine/Source/GameClient/FXParticleSystem.cpp,matched,
??1?$CategoryModuleClass@$02@FXParticleSystem@@IAE@XZ,0x0057C03B,0x0057C03B,7,Code/GameEngine/Source/GameClient/FXParticleSystem.cpp,matched,
?getKey@?$CategoryModuleClass@$03@FXParticleSystem@@QBEPBDXZ,0x005801F2,0x005801F2,4,Code/GameEngine/Source/GameClient/FXParticleSystem.cpp,matched,
?getName@?$CategoryModuleClass@$03@FXParticleSystem@@QBEPBDXZ,0x0030F45F,0x0030F45F,4,Code/GameEngine/Source/GameClient/FXParticleSystem.cpp,matched,
?getNext@?$CategoryModuleClass@$03@FXParticleSystem@@QBEPBV12@XZ,0x001DB0A8,0x001DB0A8,4,Code/GameEngine/Source/GameClient/FXParticleSystem.cpp,matched,
??1?$CategoryModuleClass@$03@FXParticleSystem@@IAE@XZ,0x0057C03B,0x0057C03B,7,Code/GameEngine/Source/GameClient/FXParticleSystem.cpp,matched,
?getKey@?$CategoryModuleClass@$04@FXParticleSystem@@QBEPBDXZ,0x005801F2,0x005801F2,4,Code/GameEngine/Source/GameClient/FXParticleSystem.cpp,matched,
?getName@?$CategoryModuleClass@$04@FXParticleSystem@@QBEPBDXZ,0x0030F45F,0x0030F45F,4,Code/GameEngine/Source/GameClient/FXParticleSystem.cpp,matched,
?getNext@?$CategoryModuleClass@$04@FXParticleSystem@@QBEPBV12@XZ,0x001DB0A8,0x001DB0A8,4,Code/GameEngine/Source/GameClient/FXParticleSystem.cpp,matched,
??1?$CategoryModuleClass@$04@FXParticleSystem@@IAE@XZ,0x0057C03B,0x0057C03B,7,Code/GameEngine/Source/GameClient/FXParticleSystem.cpp,matched,
?getKey@?$CategoryModuleClass@$05@FXParticleSystem@@QBEPBDXZ,0x005801F2,0x005801F2,4,Code/GameEngine/Source/GameClient/FXParticleSystem.cpp,matched,
?getName@?$CategoryModuleClass@$05@FXParticleSystem@@QBEPBDXZ,0x0030F45F,0x0030F45F,4,Code/GameEngine/Source/GameClient/FXParticleSystem.cpp,matched,
?getNext@?$CategoryModuleClass@$05@FXParticleSystem@@QBEPBV12@XZ,0x001DB0A8,0x001DB0A8,4,Code/GameEngine/Source/GameClient/FXParticleSystem.cpp,matched,
??1?$CategoryModuleClass@$05@FXParticleSystem@@IAE@XZ,0x0057C03B,0x0057C03B,7,Code/GameEngine/Source/GameClient/FXParticleSystem.cpp,matched,
?getKey@?$CategoryModuleClass@$06@FXParticleSystem@@QBEPBDXZ,0x005801F2,0x005801F2,4,Code/GameEngine/Source/GameClient/FXParticleSystem.cpp,matched,
?getName@?$CategoryModuleClass@$06@FXParticleSystem@@QBEPBDXZ,0x0030F45F,0x0030F45F,4,Code/GameEngine/Source/GameClient/FXParticleSystem.cpp,matched,
?getNext@?$CategoryModuleClass@$06@FXParticleSystem@@QBEPBV12@XZ,0x001DB0A8,0x001DB0A8,4,Code/GameEngine/Source/GameClient/FXParticleSystem.cpp,matched,
??1?$CategoryModuleClass@$06@FXParticleSystem@@IAE@XZ,0x0057C03B,0x0057C03B,7,Code/GameEngine/Source/GameClient/FXParticleSystem.cpp,matched,
?getKey@?$CategoryModuleClass@$07@FXParticleSystem@@QBEPBDXZ,0x005801F2,0x005801F2,4,Code/GameEngine/Source/GameClient/FXParticleSystem.cpp,matched,
?getName@?$CategoryModuleClass@$07@FXParticleSystem@@QBEPBDXZ,0x0030F45F,0x0030F45F,4,Code/GameEngine/Source/GameClient/FXParticleSystem.cpp,matched,
?getNext@?$CategoryModuleClass@$07@FXParticleSystem@@QBEPBV12@XZ,0x001DB0A8,0x001DB0A8,4,Code/GameEngine/Source/GameClient/FXParticleSystem.cpp,matched,
??1?$CategoryModuleClass@$07@FXParticleSystem@@IAE@XZ,0x0057C03B,0x0057C03B,7,Code/GameEngine/Source/GameClient/FXParticleSystem.cpp,matched,
??0?$CategoryModuleTemplate@$0A@@FXParticleSystem@@QAE@ABV01@@Z,0x0004CB7B,0x0004CB7B,31,Code/GameEngine/Source/GameClient/FXParticleSystem.cpp,matched,
??0?$CategoryModuleTemplate@$0A@@FXParticleSystem@@QAE@XZ,0x00001D69,0x00001D69,23,Code/GameEngine/Source/GameClient/FXParticleSystem.cpp,matched,
??0?$CategoryModuleTemplate@$01@FXParticleSystem@@QAE@XZ,0x00001D69,0x00001D69,23,Code/GameEngine/Source/GameClient/FXParticleSystem.cpp,matched,
??0?$CategoryModuleTemplate@$02@FXParticleSystem@@QAE@XZ,0x00001D69,0x00001D69,23,Code/GameEngine/Source/GameClient/FXParticleSystem.cpp,matched,
??0?$CategoryModuleTemplate@$03@FXParticleSystem@@QAE@XZ,0x00001D69,0x00001D69,23,Code/GameEngine/Source/GameClient/FXParticleSystem.cpp,matched,
??0?$CategoryModuleTemplate@$04@FXParticleSystem@@QAE@XZ,0x00001D69,0x00001D69,23,Code/GameEngine/Source/GameClient/FXParticleSystem.cpp,matched,
??0?$CategoryModuleTemplate@$05@FXParticleSystem@@QAE@XZ,0x00001D69,0x00001D69,23,Code/GameEngine/Source/GameClient/FXParticleSystem.cpp,matched,
??0?$CategoryModuleTemplate@$00@FXParticleSystem@@QAE@ABV01@@Z,0x0004CB7B,0x0004CB7B,31,Code/GameEngine/Source/GameClient/FXParticleSystem.cpp,matched,
??0?$CategoryModuleTemplate@$01@FXParticleSystem@@QAE@ABV01@@Z,0x0004CB7B,0x0004CB7B,31,Code/GameEngine/Source/GameClient/FXParticleSystem.cpp,matched,
??0?$CategoryModuleTemplate@$02@FXParticleSystem@@QAE@ABV01@@Z,0x0004CB7B,0x0004CB7B,31,Code/GameEngine/Source/GameClient/FXParticleSystem.cpp,matched,
??0?$CategoryModuleTemplate@$03@FXParticleSystem@@QAE@ABV01@@Z,0x0004CB7B,0x0004CB7B,31,Code/GameEngine/Source/GameClient/FXParticleSystem.cpp,matched,
??0?$CategoryModuleTemplate@$04@FXParticleSystem@@QAE@ABV01@@Z,0x0004CB7B,0x0004CB7B,31,Code/GameEngine/Source/GameClient/FXParticleSystem.cpp,matched,
??0?$CategoryModuleTemplate@$05@FXParticleSystem@@QAE@ABV01@@Z,0x0004CB7B,0x0004CB7B,31,Code/GameEngine/Source/GameClient/FXParticleSystem.cpp,matched,
??1?$CategoryModuleTemplate@$0A@@FXParticleSystem@@UAE@XZ,0x00001F18,0x00001F18,24,Code/GameEngine/Source/GameClient/FXParticleSystem.cpp,matched,
??1?$CategoryModuleTemplate@$01@FXParticleSystem@@UAE@XZ,0x00001F18,0x00001F18,24,Code/GameEngine/Source/GameClient/FXParticleSystem.cpp,matched,
??1?$CategoryModuleTemplate@$02@FXParticleSystem@@UAE@XZ,0x00001F18,0x00001F18,24,Code/GameEngine/Source/GameClient/FXParticleSystem.cpp,matched,
??1?$CategoryModuleTemplate@$03@FXParticleSystem@@UAE@XZ,0x00001F18,0x00001F18,24,Code/GameEngine/Source/GameClient/FXParticleSystem.cpp,matched,
??1?$CategoryModuleTemplate@$04@FXParticleSystem@@UAE@XZ,0x00001F18,0x00001F18,24,Code/GameEngine/Source/GameClient/FXParticleSystem.cpp,matched,
??1?$CategoryModuleTemplate@$05@FXParticleSystem@@UAE@XZ,0x00001F18,0x00001F18,24,Code/GameEngine/Source/GameClient/FXParticleSystem.cpp,matched,
??1?$CategoryModuleTemplate@$07@FXParticleSystem@@UAE@XZ,0x00001F18,0x00001F18,24,Code/GameEngine/Source/GameClient/FXParticleSystem.cpp,matched,
??0?$CategoryModuleTemplateBase@$0A@@FXParticleSystem@@QAE@ABV01@@Z,0x001F421B,0x001F421B,25,Code/GameEngine/Source/GameClient/FXParticleSystem.cpp,matched,
??0?$CategoryModuleTemplateBase@$00@FXParticleSystem@@QAE@ABV01@@Z,0x001F421B,0x001F421B,25,Code/GameEngine/Source/GameClient/FXParticleSystem.cpp,matched,
??0?$CategoryModuleTemplateBase@$01@FXParticleSystem@@QAE@ABV01@@Z,0x001F421B,0x001F421B,25,Code/GameEngine/Source/GameClient/FXParticleSystem.cpp,matched,
??0?$CategoryModuleTemplateBase@$02@FXParticleSystem@@QAE@ABV01@@Z,0x001F421B,0x001F421B,25,Code/GameEngine/Source/GameClient/FXParticleSystem.cpp,matched,
??0?$CategoryModuleTemplateBase@$03@FXParticleSystem@@QAE@ABV01@@Z,0x001F421B,0x001F421B,25,Code/GameEngine/Source/GameClient/FXParticleSystem.cpp,matched,
??0?$CategoryModuleTemplateBase@$04@FXParticleSystem@@QAE@ABV01@@Z,0x001F421B,0x001F421B,25,Code/GameEngine/Source/GameClient/FXParticleSystem.cpp,matched,
??0?$CategoryModuleTemplateBase@$05@FXParticleSystem@@QAE@ABV01@@Z,0x001F421B,0x001F421B,25,Code/GameEngine/Source/GameClient/FXParticleSystem.cpp,matched,
??0?$CategoryModuleTemplateBase@$06@FXParticleSystem@@QAE@ABV01@@Z,0x001F421B,0x001F421B,25,Code/GameEngine/Source/GameClient/FXParticleSystem.cpp,matched,
??0?$CategoryModuleTemplateBase@$07@FXParticleSystem@@QAE@ABV01@@Z,0x001F421B,0x001F421B,25,Code/GameEngine/Source/GameClient/FXParticleSystem.cpp,matched,
?getDefault@?$CategoryModuleClassBase@$0A@$00@FXParticleSystem@@SAABV?$CategoryModuleClass@$0A@@2@XZ,0x001F433B,0x001F433B,6,Code/GameEngine/Source/GameClient/FXParticleSystem.cpp,matched,
?getDefault@?$CategoryModuleClassBase@$00$00@FXParticleSystem@@SAABV?$CategoryModuleClass@$00@2@XZ,0x001F435D,0x001F435D,6,Code/GameEngine/Source/GameClient/FXParticleSystem.cpp,matched,
?getDefault@?$CategoryModuleClassBase@$01$00@FXParticleSystem@@SAABV?$CategoryModuleClass@$01@2@XZ,0x001F437F,0x001F437F,6,Code/GameEngine/Source/GameClient/FXParticleSystem.cpp,matched,
?getDefault@?$CategoryModuleClassBase@$02$00@FXParticleSystem@@SAABV?$CategoryModuleClass@$02@2@XZ,0x001F43A1,0x001F43A1,6,Code/GameEngine/Source/GameClient/FXParticleSystem.cpp,matched,
?getDefault@?$CategoryModuleClassBase@$03$00@FXParticleSystem@@SAABV?$CategoryModuleClass@$03@2@XZ,0x001F43E4,0x001F43E4,6,Code/GameEngine/Source/GameClient/FXParticleSystem.cpp,matched,
?getDefault@?$CategoryModuleClassBase@$04$00@FXParticleSystem@@SAABV?$CategoryModuleClass@$04@2@XZ,0x001F4406,0x001F4406,6,Code/GameEngine/Source/GameClient/FXParticleSystem.cpp,matched,
?getDefault@?$CategoryModuleClassBase@$05$00@FXParticleSystem@@SAABV?$CategoryModuleClass@$05@2@XZ,0x001F4428,0x001F4428,6,Code/GameEngine/Source/GameClient/FXParticleSystem.cpp,matched,
?getDefault@?$CategoryModuleClassBase@$06$00@FXParticleSystem@@SAABV?$CategoryModuleClass@$06@2@XZ,0x001F444A,0x001F444A,6,Code/GameEngine/Source/GameClient/FXParticleSystem.cpp,matched,
??4?$CategoryModuleTemplate@$0A@@FXParticleSystem@@QAEAAV01@ABV01@@Z,0x001FD28E,0x001FD28E,5,Code/GameEngine/Source/GameClient/FXParticleSystem.cpp,matched,
??4?$CategoryModuleTemplateBase@$07@FXParticleSystem@@QAEAAV01@ABV01@@Z,0x001FD28E,0x001FD28E,5,Code/GameEngine/Source/GameClient/FXParticleSystem.cpp,matched,
??4?$CategoryModuleTemplate@$00@FXParticleSystem@@QAEAAV01@ABV01@@Z,0x001FD28E,0x001FD28E,5,Code/GameEngine/Source/GameClient/FXParticleSystem.cpp,matched,
??4?$CategoryModuleTemplate@$01@FXParticleSystem@@QAEAAV01@ABV01@@Z,0x001FD28E,0x001FD28E,5,Code/GameEngine/Source/GameClient/FXParticleSystem.cpp,matched,
??4?$CategoryModuleTemplate@$02@FXParticleSystem@@QAEAAV01@ABV01@@Z,0x001FD28E,0x001FD28E,5,Code/GameEngine/Source/GameClient/FXParticleSystem.cpp,matched,
??4?$CategoryModuleTemplate@$03@FXParticleSystem@@QAEAAV01@ABV01@@Z,0x001FD28E,0x001FD28E,5,Code/GameEngine/Source/GameClient/FXParticleSystem.cpp,matched,
??4?$CategoryModuleTemplate@$04@FXParticleSystem@@QAEAAV01@ABV01@@Z,0x001FD28E,0x001FD28E,5,Code/GameEngine/Source/GameClient/FXParticleSystem.cpp,matched,
??4?$CategoryModuleTemplate@$05@FXParticleSystem@@QAEAAV01@ABV01@@Z,0x001FD28E,0x001FD28E,5,Code/GameEngine/Source/GameClient/FXParticleSystem.cpp,matched,
??4?$CategoryModuleTemplateBase@$0A@@FXParticleSystem@@QAEAAV01@ABV01@@Z,0x001FD28E,0x001FD28E,5,Code/GameEngine/Source/GameClient/FXParticleSystem.cpp,matched,
??4?$CategoryModuleTemplateBase@$00@FXParticleSystem@@QAEAAV01@ABV01@@Z,0x001FD28E,0x001FD28E,5,Code/GameEngine/Source/GameClient/FXParticleSystem.cpp,matched,
??4?$CategoryModuleTemplateBase@$01@FXParticleSystem@@QAEAAV01@ABV01@@Z,0x001FD28E,0x001FD28E,5,Code/GameEngine/Source/GameClient/FXParticleSystem.cpp,matched,
??4?$CategoryModuleTemplateBase@$02@FXParticleSystem@@QAEAAV01@ABV01@@Z,0x001FD28E,0x001FD28E,5,Code/GameEngine/Source/GameClient/FXParticleSystem.cpp,matched,
??4?$CategoryModuleTemplateBase@$03@FXParticleSystem@@QAEAAV01@ABV01@@Z,0x001FD28E,0x001FD28E,5,Code/GameEngine/Source/GameClient/FXParticleSystem.cpp,matched,
??4?$CategoryModuleTemplateBase@$04@FXParticleSystem@@QAEAAV01@ABV01@@Z,0x001FD28E,0x001FD28E,5,Code/GameEngine/Source/GameClient/FXParticleSystem.cpp,matched,
??4?$CategoryModuleTemplateBase@$05@FXParticleSystem@@QAEAAV01@ABV01@@Z,0x001FD28E,0x001FD28E,5,Code/GameEngine/Source/GameClient/FXParticleSystem.cpp,matched,
??4?$CategoryModuleClassBase@$0A@$00@FXParticleSystem@@QAEAAV01@ABV01@@Z,0x001FD28E,0x001FD28E,5,Code/GameEngine/Source/GameClient/FXParticleSystem.cpp,matched,
??4?$CategoryModuleClassBase@$00$00@FXParticleSystem@@QAEAAV01@ABV01@@Z,0x001FD28E,0x001FD28E,5,Code/GameEngine/Source/GameClient/FXParticleSystem.cpp,matched,
??4?$CategoryModuleClassBase@$01$00@FXParticleSystem@@QAEAAV01@ABV01@@Z,0x001FD28E,0x001FD28E,5,Code/GameEngine/Source/GameClient/FXParticleSystem.cpp,matched,
??4?$CategoryModuleClassBase@$02$00@FXParticleSystem@@QAEAAV01@ABV01@@Z,0x001FD28E,0x001FD28E,5,Code/GameEngine/Source/GameClient/FXParticleSystem.cpp,matched,
??4?$CategoryModuleClassBase@$03$00@FXParticleSystem@@QAEAAV01@ABV01@@Z,0x001FD28E,0x001FD28E,5,Code/GameEngine/Source/GameClient/FXParticleSystem.cpp,matched,
??4?$CategoryModuleClassBase@$04$00@FXParticleSystem@@QAEAAV01@ABV01@@Z,0x001FD28E,0x001FD28E,5,Code/GameEngine/Source/GameClient/FXParticleSystem.cpp,matched,
??4?$CategoryModuleClassBase@$05$00@FXParticleSystem@@QAEAAV01@ABV01@@Z,0x001FD28E,0x001FD28E,5,Code/GameEngine/Source/GameClient/FXParticleSystem.cpp,matched,
??4?$CategoryModuleClassBase@$06$00@FXParticleSystem@@QAEAAV01@ABV01@@Z,0x001FD28E,0x001FD28E,5,Code/GameEngine/Source/GameClient/FXParticleSystem.cpp,matched,
??4?$CategoryModuleClassBase@$07$0A@@FXParticleSystem@@QAEAAV01@ABV01@@Z,0x001FD28E,0x001FD28E,5,Code/GameEngine/Source/GameClient/FXParticleSystem.cpp,matched,
??1?$ConcreteModuleClass@UOrthoEmissionVelocityModuleTag@FXParticleSystem@@@FXParticleSystem@@QAE@XZ,0x0057C03B,0x0057C03B,7,Code/GameEngine/Source/GameClient/FXParticleSystemModules.cpp,matched,
??1?$ConcreteModuleClass@UPointEmissionVolumeModuleTag@FXParticleSystem@@@FXParticleSystem@@QAE@XZ,0x0057C03B,0x0057C03B,7,Code/GameEngine/Source/GameClient/FXParticleSystemModules.cpp,matched,
??1?$ConcreteModuleClass@V?$ModuleTag@$03$E?CYLINDRICAL_EMISSION_VELOCITY_MODULE_KEY@FXParticleSystem@@3QBDB$E?CYLINDRICAL_EMISSION_VELOCITY_MODULE_NAME@2@3QBDBVCylindricalEmissionVelocityModule@2@VCylindricalEmissionVelocityModuleTemplate@2@V?$DefaultParticleModule@$03@2@@FXParticleSystem@@@FXParticleSystem@@QAE@XZ,0x0057C03B,0x0057C03B,7,Code/GameEngine/Source/GameClient/FXParticleSystemModules.cpp,matched,
??1?$ConcreteModuleClass@V?$ModuleTag@$03$E?HEMISPHERICAL_EMISSION_VELOCITY_MODULE_KEY@FXParticleSystem@@3QBDB$E?HEMISPHERICAL_EMISSION_VELOCITY_MODULE_NAME@2@3QBDBVHemisphericalEmissionVelocityModule@2@VHemisphericalEmissionVelocityModuleTemplate@2@V?$DefaultParticleModule@$03@2@@FXParticleSystem@@@FXParticleSystem@@QAE@XZ,0x0057C03B,0x0057C03B,7,Code/GameEngine/Source/GameClient/FXParticleSystemModules.cpp,matched,
??1?$ConcreteModuleClass@V?$ModuleTag@$03$E?OUTWARD_EMISSION_VELOCITY_MODULE_KEY@FXParticleSystem@@3QBDB$E?OUTWARD_EMISSION_VELOCITY_MODULE_NAME@2@3QBDBVOutwardEmissionVelocityModule@2@VOutwardEmissionVelocityModuleTemplate@2@V?$DefaultParticleModule@$03@2@@FXParticleSystem@@@FXParticleSystem@@QAE@XZ,0x0057C03B,0x0057C03B,7,Code/GameEngine/Source/GameClient/FXParticleSystemModules.cpp,matched,
??1?$ConcreteModuleClass@V?$ModuleTag@$03$E?SPHERICAL_EMISSION_VELOCITY_MODULE_KEY@FXParticleSystem@@3QBDB$E?SPHERICAL_EMISSION_VELOCITY_MODULE_NAME@2@3QBDBVSphericalEmissionVelocityModule@2@VSphericalEmissionVelocityModuleTemplate@2@V?$DefaultParticleModule@$03@2@@FXParticleSystem@@@FXParticleSystem@@QAE@XZ,0x0057C03B,0x0057C03B,7,Code/GameEngine/Source/GameClient/FXParticleSystemModules.cpp,matched,
??1?$ConcreteModuleClass@V?$ModuleTag@$04$E?BOX_EMISSION_VOLUME_MODULE_KEY@FXParticleSystem@@3QBDB$E?BOX_EMISSION_VOLUME_MODULE_NAME@2@3QBDBVBoxEmissionVolumeModule@2@VBoxEmissionVolumeModuleTemplate@2@V?$DefaultParticleModule@$04@2@@FXParticleSystem@@@FXParticleSystem@@QAE@XZ,0x0057C03B,0x0057C03B,7,Code/GameEngine/Source/GameClient/FXParticleSystemModules.cpp,matched,
??1?$ConcreteModuleClass@V?$ModuleTag@$04$E?CYLINDER_EMISSION_VOLUME_MODULE_KEY@FXParticleSystem@@3QBDB$E?CYLINDER_EMISSION_VOLUME_MODULE_NAME@2@3QBDBVCylinderEmissionVolumeModule@2@VCylinderEmissionVolumeModuleTemplate@2@V?$DefaultParticleModule@$04@2@@FXParticleSystem@@@FXParticleSystem@@QAE@XZ,0x0057C03B,0x0057C03B,7,Code/GameEngine/Source/GameClient/FXParticleSystemModules.cpp,matched,
??1?$ConcreteModuleClass@V?$ModuleTag@$04$E?LIGHTNING_EMISSION_MODULE_KEY@FXParticleSystem@@3QBDB$E?LIGHTNING_EMISSION_MODULE_NAME@2@3QBDBVLightningEmissionModule@2@VLightningEmissionModuleTemplate@2@V?$DefaultParticleModule@$04@2@@FXParticleSystem@@@FXParticleSystem@@QAE@XZ,0x0057C03B,0x0057C03B,7,Code/GameEngine/Source/GameClient/FXParticleSystemModules.cpp,matched,
??1?$ConcreteModuleClass@V?$ModuleTag@$04$E?LINE_EMISSION_VOLUME_MODULE_KEY@FXParticleSystem@@3QBDB$E?LINE_EMISSION_VOLUME_MODULE_NAME@2@3QBDBVLineEmissionVolumeModule@2@VLineEmissionVolumeModuleTemplate@2@V?$DefaultParticleModule@$04@2@@FXParticleSystem@@@FXParticleSystem@@QAE@XZ,0x0057C03B,0x0057C03B,7,Code/GameEngine/Source/GameClient/FXParticleSystemModules.cpp,matched,
??1?$ConcreteModuleClass@V?$ModuleTag@$04$E?SPHERE_EMISSION_VOLUME_MODULE_KEY@FXParticleSystem@@3QBDB$E?SPHERE_EMISSION_VOLUME_MODULE_NAME@2@3QBDBVSphereEmissionVolumeModule@2@VSphereEmissionVolumeModuleTemplate@2@V?$DefaultParticleModule@$04@2@@FXParticleSystem@@@FXParticleSystem@@QAE@XZ,0x0057C03B,0x0057C03B,7,Code/GameEngine/Source/GameClient/FXParticleSystemModules.cpp,matched,
??1?$ConcreteModuleClass@V?$ModuleTag@$04$E?TERRAIN_FIRE_EMISSION_MODULE_KEY@FXParticleSystem@@3QBDB$E?TERRAIN_FIRE_EMISSION_MODULE_NAME@2@3QBDBVTerrainFireEmissionModule@2@VTerrainFireEmissionModuleTemplate@2@V?$DefaultParticleModule@$04@2@@FXParticleSystem@@@FXParticleSystem@@QAE@XZ,0x0057C03B,0x0057C03B,7,Code/GameEngine/Source/GameClient/FXParticleSystemModules.cpp,matched,
??1?$ConcreteModuleClass@V?$ModuleTag@$05$E?GPU_DRAW_MODULE_KEY@FXParticleSystem@@3QBDB$E?GPU_DRAW_MODULE_NAME@2@3QBDBVGpuDrawModule@2@VGpuDrawModuleTemplate@2@V?$DefaultParticleModule@$05@2@@FXParticleSystem@@@FXParticleSystem@@QAE@XZ,0x0057C03B,0x0057C03B,7,Code/GameEngine/Source/GameClient/FXParticleSystemModules.cpp,matched,
??1?$ConcreteModuleClass@V?$ModuleTag@$05$E?LIGHTNING_DRAW_MODULE_KEY@FXParticleSystem@@3QBDB$E?LIGHTNING_DRAW_MODULE_NAME@2@3QBDBVLightningDrawModule@2@VLightningDrawModuleTemplate@2@V?$DefaultParticleModule@$05@2@@FXParticleSystem@@@FXParticleSystem@@QAE@XZ,0x0057C03B,0x0057C03B,7,Code/GameEngine/Source/GameClient/FXParticleSystemModules.cpp,matched,
??1?$ConcreteModuleClass@V?$ModuleTag@$05$E?RENDEROBJECT_DRAW_MODULE_KEY@FXParticleSystem@@3QBDB$E?RENDEROBJECT_DRAW_MODULE_NAME@2@3QBDBVRenderObjectDrawModule@2@VRenderObjectDrawModuleTemplate@2@V?$DefaultParticleModule@$05@2@@FXParticleSystem@@@FXParticleSystem@@QAE@XZ,0x0057C03B,0x0057C03B,7,Code/GameEngine/Source/GameClient/FXParticleSystemModules.cpp,matched,
??1?$CategoryModuleTemplate@$06@FXParticleSystem@@UAE@XZ,0x003A6201,0x003A6201,41,Code/GameEngine/Source/GameClient/FXParticleSystem.cpp,matched,
??1BoxEmissionVolumeModuleTemplate@FXParticleSystem@@UAE@XZ,0x003A6201,0x003A6201,41,Code/GameEngine/Source/GameClient/FXParticleSystem.cpp,matched,
??1ButterflyDrawModuleTemplate@FXParticleSystem@@UAE@XZ,0x003A6201,0x003A6201,41,Code/GameEngine/Source/GameClient/FXParticleSystem.cpp,matched,
??1CylinderEmissionVolumeModuleTemplate@FXParticleSystem@@UAE@XZ,0x003A6201,0x003A6201,41,Code/GameEngine/Source/GameClient/FXParticleSystem.cpp,matched,
??1LineEmissionVolumeModuleTemplate@FXParticleSystem@@UAE@XZ,0x003A6201,0x003A6201,41,Code/GameEngine/Source/GameClient/FXParticleSystem.cpp,matched,
??1PointEmissionVolumeModuleTemplate@FXParticleSystem@@UAE@XZ,0x003A6201,0x003A6201,41,Code/GameEngine/Source/GameClient/FXParticleSystem.cpp,matched,
??1QuadDrawModuleTemplate@FXParticleSystem@@UAE@XZ,0x003A6201,0x003A6201,41,Code/GameEngine/Source/GameClient/FXParticleSystem.cpp,matched,
??1SphereEmissionVolumeModuleTemplate@FXParticleSystem@@UAE@XZ,0x003A6201,0x003A6201,41,Code/GameEngine/Source/GameClient/FXParticleSystem.cpp,matched,
??1SphericalEmissionVelocityModuleTemplate@FXParticleSystem@@UAE@XZ,0x003A6201,0x003A6201,41,Code/GameEngine/Source/GameClient/FXParticleSystem.cpp,matched,
??1StreakDrawModuleTemplate@FXParticleSystem@@UAE@XZ,0x003A6201,0x003A6201,41,Code/GameEngine/Source/GameClient/FXParticleSystem.cpp,matched,
??1BoxEmissionVolumeInfo@FXParticleSystem@@UAE@XZ,0x0049B47C,0x0049B47C,7,Code/GameEngine/Source/GameClient/FXParticleSystem.cpp,matched,
??1ButterflyDrawModuleInfo@FXParticleSystem@@UAE@XZ,0x0049B47C,0x0049B47C,7,Code/GameEngine/Source/GameClient/FXParticleSystem.cpp,matched,
??1CylinderEmissionVolumeInfo@FXParticleSystem@@UAE@XZ,0x0049B47C,0x0049B47C,7,Code/GameEngine/Source/GameClient/FXParticleSystem.cpp,matched,
??1EmissionVelocityInfo@FXParticleSystem@@UAE@XZ,0x0049B47C,0x0049B47C,7,Code/GameEngine/Source/GameClient/FXParticleSystem.cpp,matched,
??1EmissionVolumeInfo@FXParticleSystem@@UAE@XZ,0x0049B47C,0x0049B47C,7,Code/GameEngine/Source/GameClient/FXParticleSystem.cpp,matched,
??1LineEmissionVolumeInfo@FXParticleSystem@@UAE@XZ,0x0049B47C,0x0049B47C,7,Code/GameEngine/Source/GameClient/FXParticleSystem.cpp,matched,
??1QuadDrawModuleInfo@FXParticleSystem@@UAE@XZ,0x0049B47C,0x0049B47C,7,Code/GameEngine/Source/GameClient/FXParticleSystem.cpp,matched,
??1SphereEmissionVolumeInfo@FXParticleSystem@@UAE@XZ,0x0049B47C,0x0049B47C,7,Code/GameEngine/Source/GameClient/FXParticleSystem.cpp,matched,
??1SphericalEmissionVelocityInfo@FXParticleSystem@@UAE@XZ,0x0049B47C,0x0049B47C,7,Code/GameEngine/Source/GameClient/FXParticleSystem.cpp,matched,
??1StreakDrawModuleInfo@FXParticleSystem@@UAE@XZ,0x0049B47C,0x0049B47C,7,Code/GameEngine/Source/GameClient/FXParticleSystem.cpp,matched,
??1WindModuleInfo@FXParticleSystem@@UAE@XZ,0x0049B47C,0x0049B47C,7,Code/GameEngine/Source/GameClient/FXParticleSystem.cpp,matched,
??1DefaultAlphaModuleInfo@FXParticleSystem@@UAE@XZ,0x0049B47C,0x0049B47C,7,Code/GameEngine/Source/GameClient/FXParticleSystem.cpp,matched,
??1DefaultColorModuleInfo@FXParticleSystem@@UAE@XZ,0x0049B47C,0x0049B47C,7,Code/GameEngine/Source/GameClient/FXParticleSystem.cpp,matched,
??1DefaultPhysicsModuleInfo@FXParticleSystem@@UAE@XZ,0x0049B47C,0x0049B47C,7,Code/GameEngine/Source/GameClient/FXParticleSystem.cpp,matched,
??1DefaultUpdateModuleInfo@FXParticleSystem@@UAE@XZ,0x0049B47C,0x0049B47C,7,Code/GameEngine/Source/GameClient/FXParticleSystem.cpp,matched,
??1LightningDrawModuleInfo@FXParticleSystem@@UAE@XZ,0x0049B47C,0x0049B47C,7,Code/GameEngine/Source/GameClient/FXParticleSystem.cpp,matched,
??1OrthoEmissionVelocityInfo@FXParticleSystem@@UAE@XZ,0x0049B47C,0x0049B47C,7,Code/GameEngine/Source/GameClient/FXParticleSystem.cpp,matched,
??1RenderObjectUpdateModuleInfo@FXParticleSystem@@UAE@XZ,0x0049B47C,0x0049B47C,7,Code/GameEngine/Source/GameClient/FXParticleSystem.cpp,matched,
??1LightningEmissionInfo@FXParticleSystem@@UAE@XZ,0x0049B47C,0x0049B47C,7,Code/GameEngine/Source/GameClient/FXParticleSystem.cpp,matched,
??1TerrainFireEmissionInfo@FXParticleSystem@@UAE@XZ,0x0049B47C,0x0049B47C,7,Code/GameEngine/Source/GameClient/FXParticleSystem.cpp,matched,
??1DefaultDrawModuleInfo@FXParticleSystem@@UAE@XZ,0x0049B47C,0x0049B47C,7,Code/GameEngine/Source/GameClient/FXParticleSystem.cpp,matched,
??1Snapshot@@UAE@XZ,0x0049B47C,0x0049B47C,7,Code/GameEngine/Source/Common/System/Snapshot.cpp,matched,
??4ButterflyDrawModuleInfo@FXParticleSystem@@QAEAAV01@ABV01@@Z,0x001FD28E,0x001FD28E,5,Code/GameEngine/Source/GameClient/FXParticleSystem.cpp,matched,
??4ButterflyDrawModuleTemplate@FXParticleSystem@@QAEAAV01@ABV01@@Z,0x001FD28E,0x001FD28E,5,Code/GameEngine/Source/GameClient/FXParticleSystem.cpp,matched,
??4DefaultDrawModuleInfo@FXParticleSystem@@QAEAAV01@ABV01@@Z,0x001FD28E,0x001FD28E,5,Code/GameEngine/Source/GameClient/FXParticleSystem.cpp,matched,
??4EmissionVelocityInfo@FXParticleSystem@@QAEAAV01@ABV01@@Z,0x001FD28E,0x001FD28E,5,Code/GameEngine/Source/GameClient/FXParticleSystem.cpp,matched,
??4ModuleTemplate@FXParticleSystem@@QAEAAV01@ABV01@@Z,0x001FD28E,0x001FD28E,5,Code/GameEngine/Source/GameClient/FXParticleSystem.cpp,matched,
??4QuadDrawModuleInfo@FXParticleSystem@@QAEAAV01@ABV01@@Z,0x001FD28E,0x001FD28E,5,Code/GameEngine/Source/GameClient/FXParticleSystem.cpp,matched,
??4QuadDrawModuleTemplate@FXParticleSystem@@QAEAAV01@ABV01@@Z,0x001FD28E,0x001FD28E,5,Code/GameEngine/Source/GameClient/FXParticleSystem.cpp,matched,
??4StreakDrawModuleInfo@FXParticleSystem@@QAEAAV01@ABV01@@Z,0x001FD28E,0x001FD28E,5,Code/GameEngine/Source/GameClient/FXParticleSystem.cpp,matched,
??4StreakDrawModuleTemplate@FXParticleSystem@@QAEAAV01@ABV01@@Z,0x001FD28E,0x001FD28E,5,Code/GameEngine/Source/GameClient/FXParticleSystem.cpp,matched,
??4Snapshot@@QAEAAV0@ABV0@@Z,0x001FD28E,0x001FD28E,5,Code/GameEngine/Source/Common/System/Snapshot.cpp,matched,
??4?$ModuleTag@$03$E?CYLINDRICAL_EMISSION_VELOCITY_MODULE_KEY@FXParticleSystem@@3QBDB$E?CYLINDRICAL_EMISSION_VELOCITY_MODULE_NAME@2@3QBDBVCylindricalEmissionVelocityModule@2@VCylindricalEmissionVelocityModuleTemplate@2@V?$DefaultParticleModule@$03@2@@FXParticleSystem@@QAEAAV01@ABV01@@Z,0x001FD28E,0x001FD28E,5,Code/GameEngine/Source/GameClient/FXParticleSystemModules.cpp,matched,
??4?$ModuleTag@$03$E?HEMISPHERICAL_EMISSION_VELOCITY_MODULE_KEY@FXParticleSystem@@3QBDB$E?HEMISPHERICAL_EMISSION_VELOCITY_MODULE_NAME@2@3QBDBVHemisphericalEmissionVelocityModule@2@VHemisphericalEmissionVelocityModuleTemplate@2@V?$DefaultParticleModule@$03@2@@FXParticleSystem@@QAEAAV01@ABV01@@Z,0x001FD28E,0x001FD28E,5,Code/GameEngine/Source/GameClient/FXParticleSystemModules.cpp,matched,
??4?$ModuleTag@$03$E?OUTWARD_EMISSION_VELOCITY_MODULE_KEY@FXParticleSystem@@3QBDB$E?OUTWARD_EMISSION_VELOCITY_MODULE_NAME@2@3QBDBVOutwardEmissionVelocityModule@2@VOutwardEmissionVelocityModuleTemplate@2@V?$DefaultParticleModule@$03@2@@FXParticleSystem@@QAEAAV01@ABV01@@Z,0x001FD28E,0x001FD28E,5,Code/GameEngine/Source/GameClient/FXParticleSystemModules.cpp,matched,
??4?$ModuleTag@$03$E?SPHERICAL_EMISSION_VELOCITY_MODULE_KEY@FXParticleSystem@@3QBDB$E?SPHERICAL_EMISSION_VELOCITY_MODULE_NAME@2@3QBDBVSphericalEmissionVelocityModule@2@VSphericalEmissionVelocityModuleTemplate@2@V?$DefaultParticleModule@$03@2@@FXParticleSystem@@QAEAAV01@ABV01@@Z,0x001FD28E,0x001FD28E,5,Code/GameEngine/Source/GameClient/FXParticleSystemModules.cpp,matched,
??4?$ModuleTag@$04$E?BOX_EMISSION_VOLUME_MODULE_KEY@FXParticleSystem@@3QBDB$E?BOX_EMISSION_VOLUME_MODULE_NAME@2@3QBDBVBoxEmissionVolumeModule@2@VBoxEmissionVolumeModuleTemplate@2@V?$DefaultParticleModule@$04@2@@FXParticleSystem@@QAEAAV01@ABV01@@Z,0x001FD28E,0x001FD28E,5,Code/GameEngine/Source/GameClient/FXParticleSystemModules.cpp,matched,
??4?$ModuleTag@$04$E?CYLINDER_EMISSION_VOLUME_MODULE_KEY@FXParticleSystem@@3QBDB$E?CYLINDER_EMISSION_VOLUME_MODULE_NAME@2@3QBDBVCylinderEmissionVolumeModule@2@VCylinderEmissionVolumeModuleTemplate@2@V?$DefaultParticleModule@$04@2@@FXParticleSystem@@QAEAAV01@ABV01@@Z,0x001FD28E,0x001FD28E,5,Code/GameEngine/Source/GameClient/FXParticleSystemModules.cpp,matched,
??4?$ModuleTag@$04$E?LIGHTNING_EMISSION_MODULE_KEY@FXParticleSystem@@3QBDB$E?LIGHTNING_EMISSION_MODULE_NAME@2@3QBDBVLightningEmissionModule@2@VLightningEmissionModuleTemplate@2@V?$DefaultParticleModule@$04@2@@FXParticleSystem@@QAEAAV01@ABV01@@Z,0x001FD28E,0x001FD28E,5,Code/GameEngine/Source/GameClient/FXParticleSystemModules.cpp,matched,
??4?$ModuleTag@$04$E?LINE_EMISSION_VOLUME_MODULE_KEY@FXParticleSystem@@3QBDB$E?LINE_EMISSION_VOLUME_MODULE_NAME@2@3QBDBVLineEmissionVolumeModule@2@VLineEmissionVolumeModuleTemplate@2@V?$DefaultParticleModule@$04@2@@FXParticleSystem@@QAEAAV01@ABV01@@Z,0x001FD28E,0x001FD28E,5,Code/GameEngine/Source/GameClient/FXParticleSystemModules.cpp,matched,
??4?$ModuleTag@$04$E?SPHERE_EMISSION_VOLUME_MODULE_KEY@FXParticleSystem@@3QBDB$E?SPHERE_EMISSION_VOLUME_MODULE_NAME@2@3QBDBVSphereEmissionVolumeModule@2@VSphereEmissionVolumeModuleTemplate@2@V?$DefaultParticleModule@$04@2@@FXParticleSystem@@QAEAAV01@ABV01@@Z,0x001FD28E,0x001FD28E,5,Code/GameEngine/Source/GameClient/FXParticleSystemModules.cpp,matched,
??4?$ModuleTag@$04$E?TERRAIN_FIRE_EMISSION_MODULE_KEY@FXParticleSystem@@3QBDB$E?TERRAIN_FIRE_EMISSION_MODULE_NAME@2@3QBDBVTerrainFireEmissionModule@2@VTerrainFireEmissionModuleTemplate@2@V?$DefaultParticleModule@$04@2@@FXParticleSystem@@QAEAAV01@ABV01@@Z,0x001FD28E,0x001FD28E,5,Code/GameEngine/Source/GameClient/FXParticleSystemModules.cpp,matched,
??4?$ModuleTag@$05$E?GPU_DRAW_MODULE_KEY@FXParticleSystem@@3QBDB$E?GPU_DRAW_MODULE_NAME@2@3QBDBVGpuDrawModule@2@VGpuDrawModuleTemplate@2@V?$DefaultParticleModule@$05@2@@FXParticleSystem@@QAEAAV01@ABV01@@Z,0x001FD28E,0x001FD28E,5,Code/GameEngine/Source/GameClient/FXParticleSystemModules.cpp,matched,
??4?$ModuleTag@$05$E?LIGHTNING_DRAW_MODULE_KEY@FXParticleSystem@@3QBDB$E?LIGHTNING_DRAW_MODULE_NAME@2@3QBDBVLightningDrawModule@2@VLightningDrawModuleTemplate@2@V?$DefaultParticleModule@$05@2@@FXParticleSystem@@QAEAAV01@ABV01@@Z,0x001FD28E,0x001FD28E,5,Code/GameEngine/Source/GameClient/FXParticleSystemModules.cpp,matched,
??4?$ModuleTag@$05$E?RENDEROBJECT_DRAW_MODULE_KEY@FXParticleSystem@@3QBDB$E?RENDEROBJECT_DRAW_MODULE_NAME@2@3QBDBVRenderObjectDrawModule@2@VRenderObjectDrawModuleTemplate@2@V?$DefaultParticleModule@$05@2@@FXParticleSystem@@QAEAAV01@ABV01@@Z,0x001FD28E,0x001FD28E,5,Code/GameEngine/Source/GameClient/FXParticleSystemModules.cpp,matched,
??4?$ModuleTag@$01$E?RENDEROBJECT_UPDATE_MODULE_KEY@FXParticleSystem@@3QBDB$E?RENDEROBJECT_UPDATE_MODULE_NAME@2@3QBDBVRenderObjectUpdateModule@2@VRenderObjectUpdateModuleTemplate@2@VRenderObjectParticleUpdateModule@2@@FXParticleSystem@@QAEAAV01@ABV01@@Z,0x001FD28E,0x001FD28E,5,Code/GameEngine/Source/GameClient/FXParticleSystemModules.cpp,matched,
??4?$ModuleTag@$07$E?LIFE_EVENT_MODULE_KEY@FXParticleSystem@@3QBDB$E?LIFE_EVENT_MODULE_NAME@2@3QBDBVLifeEventModule@2@VLifeEventModuleTemplate@2@VParticleLifeEventModule@2@@FXParticleSystem@@QAEAAV01@ABV01@@Z,0x001FD28E,0x001FD28E,5,Code/GameEngine/Source/GameClient/FXParticleSystemModules.cpp,matched,
??4?$ModuleTag@$07$E?TERRAIN_COLLISION_MODULE_KEY@FXParticleSystem@@3QBDB$E?TERRAIN_COLLISION_MODULE_NAME@2@3QBDBVTerrainCollisionModule@2@VTerrainCollisionModuleTemplate@2@VParticleTerrainCollisionModule@2@@FXParticleSystem@@QAEAAV01@ABV01@@Z,0x001FD28E,0x001FD28E,5,Code/GameEngine/Source/GameClient/FXParticleSystemModules.cpp,matched,
?GetValue@?$DefaultModuleKey@$00@FXParticleSystem@@CAPBDXZ,0x003AA97F,0x003AA97F,126,Code/GameEngine/Source/GameClient/FXParticleSystemDefaults.cpp,matched,
?GetValue@?$DefaultModuleName@$00@FXParticleSystem@@CAPBDXZ,0x003AA9FE,0x003AA9FE,126,Code/GameEngine/Source/GameClient/FXParticleSystemDefaults.cpp,matched,
?GetValue@?$DefaultModuleKey@$01@FXParticleSystem@@CAPBDXZ,0x003AACFA,0x003AACFA,126,Code/GameEngine/Source/GameClient/FXParticleSystemDefaults.cpp,matched,
?GetValue@?$DefaultModuleName@$01@FXParticleSystem@@CAPBDXZ,0x003AAD79,0x003AAD79,126,Code/GameEngine/Source/GameClient/FXParticleSystemDefaults.cpp,matched,
?GetValue@?$DefaultModuleKey@$02@FXParticleSystem@@CAPBDXZ,0x003AABD1,0x003AABD1,126,Code/GameEngine/Source/GameClient/FXParticleSystemDefaults.cpp,matched,
?GetValue@?$DefaultModuleName@$02@FXParticleSystem@@CAPBDXZ,0x003AAC50,0x003AAC50,126,Code/GameEngine/Source/GameClient/FXParticleSystemDefaults.cpp,matched,
?GetValue@?$DefaultModuleKey@$05@FXParticleSystem@@CAPBDXZ,0x003AA252,0x003AA252,126,Code/GameEngine/Source/GameClient/FXParticleSystemDefaults.cpp,matched,
?GetValue@?$DefaultModuleName@$05@FXParticleSystem@@CAPBDXZ,0x003AA2D1,0x003AA2D1,126,Code/GameEngine/Source/GameClient/FXParticleSystemDefaults.cpp,matched,
?GetValue@?$DefaultModuleKey@$06@FXParticleSystem@@CAPBDXZ,0x003AAE23,0x003AAE23,126,Code/GameEngine/Source/GameClient/FXParticleSystemDefaults.cpp,matched,
?GetValue@?$DefaultModuleName@$06@FXParticleSystem@@CAPBDXZ,0x003AAEA2,0x003AAEA2,126,Code/GameEngine/Source/GameClient/FXParticleSystemDefaults.cpp,matched,
??4?$DefaultModuleKey@$0A@@FXParticleSystem@@QAEAAU01@ABU01@@Z,0x001FD28E,0x001FD28E,5,Code/GameEngine/Source/GameClient/FXParticleSystemDefaults.cpp,matched,
??4?$DefaultModuleKey@$00@FXParticleSystem@@QAEAAU01@ABU01@@Z,0x001FD28E,0x001FD28E,5,Code/GameEngine/Source/GameClient/FXParticleSystemDefaults.cpp,matched,
??4?$DefaultModuleKey@$01@FXParticleSystem@@QAEAAU01@ABU01@@Z,0x001FD28E,0x001FD28E,5,Code/GameEngine/Source/GameClient/FXParticleSystemDefaults.cpp,matched,
??4?$DefaultModuleKey@$02@FXParticleSystem@@QAEAAU01@ABU01@@Z,0x001FD28E,0x001FD28E,5,Code/GameEngine/Source/GameClient/FXParticleSystemDefaults.cpp,matched,
??4?$DefaultModuleKey@$05@FXParticleSystem@@QAEAAU01@ABU01@@Z,0x001FD28E,0x001FD28E,5,Code/GameEngine/Source/GameClient/FXParticleSystemDefaults.cpp,matched,
??4?$DefaultModuleKey@$06@FXParticleSystem@@QAEAAU01@ABU01@@Z,0x001FD28E,0x001FD28E,5,Code/GameEngine/Source/GameClient/FXParticleSystemDefaults.cpp,matched,
??4?$DefaultModuleName@$0A@@FXParticleSystem@@QAEAAU01@ABU01@@Z,0x001FD28E,0x001FD28E,5,Code/GameEngine/Source/GameClient/FXParticleSystemDefaults.cpp,matched,
??4?$DefaultModuleName@$00@FXParticleSystem@@QAEAAU01@ABU01@@Z,0x001FD28E,0x001FD28E,5,Code/GameEngine/Source/GameClient/FXParticleSystemDefaults.cpp,matched,
??4?$DefaultModuleName@$01@FXParticleSystem@@QAEAAU01@ABU01@@Z,0x001FD28E,0x001FD28E,5,Code/GameEngine/Source/GameClient/FXParticleSystemDefaults.cpp,matched,
??4?$DefaultModuleName@$02@FXParticleSystem@@QAEAAU01@ABU01@@Z,0x001FD28E,0x001FD28E,5,Code/GameEngine/Source/GameClient/FXParticleSystemDefaults.cpp,matched,
??4?$DefaultModuleName@$05@FXParticleSystem@@QAEAAU01@ABU01@@Z,0x001FD28E,0x001FD28E,5,Code/GameEngine/Source/GameClient/FXParticleSystemDefaults.cpp,matched,
??4?$DefaultModuleName@$06@FXParticleSystem@@QAEAAU01@ABU01@@Z,0x001FD28E,0x001FD28E,5,Code/GameEngine/Source/GameClient/FXParticleSystemDefaults.cpp,matched,
??0Coord2D@@QAE@XZ,0x0047A6A9,0x0047A6A9,3,Code/Libraries/Source/WWVegas/WWMath/coord2d.cpp,matched,
??1Coord2D@@QAE@XZ,0x000B3FD0,0x000B3FD0,1,Code/Libraries/Source/WWVegas/WWMath/coord2d.cpp,matched,
??0Coord2D@@QAE@ABV0@@Z,0x005CFBC2,0x005CFBC2,19,Code/Libraries/Source/WWVegas/WWMath/coord2d.cpp,matched,
??0Coord2D@@QAE@ABUCoord2DBase@@@Z,0x005CFBC2,0x005CFBC2,19,Code/Libraries/Source/WWVegas/WWMath/coord2d.cpp,matched,
??0Coord2D@@QAE@ABUCoord3DBase@@@Z,0x005CFBC2,0x005CFBC2,19,Code/Libraries/Source/WWVegas/WWMath/coord2d.cpp,matched,
??4Coord2D@@QAEAAV0@ABV0@@Z,0x005CFBC2,0x005CFBC2,19,Code/Libraries/Source/WWVegas/WWMath/coord2d.cpp,matched,
??4Coord2D@@QAEAAV0@ABUCoord2DBase@@@Z,0x005CFBC2,0x005CFBC2,19,Code/Libraries/Source/WWVegas/WWMath/coord2d.cpp,matched,
??4Coord2D@@QAEAAV0@ABUCoord3DBase@@@Z,0x005CFBC2,0x005CFBC2,19,Code/Libraries/Source/WWVegas/WWMath/coord2d.cpp,matched,
??0Coord2D@@QAE@MM@Z,0x00003F3A,0x00003F3A,26,Code/Libraries/Source/WWVegas/WWMath/coord2d.cpp,matched,
?Set@Coord2D@@QAEAAV1@MM@Z,0x00003F3A,0x00003F3A,26,Code/Libraries/Source/WWVegas/WWMath/coord2d.cpp,matched,
??XCoord2D@@QAEAAV0@M@Z,0x00003867,0x00003867,35,Code/Libraries/Source/WWVegas/WWMath/coord2d.cpp,matched,
?Scale@Coord2D@@QAEAAV1@M@Z,0x00003867,0x00003867,35,Code/Libraries/Source/WWVegas/WWMath/coord2d.cpp,matched,
??YCoord2D@@QAEAAV0@ABV0@@Z,0x000038B3,0x000038B3,36,Code/Libraries/Source/WWVegas/WWMath/coord2d.cpp,matched,
??YCoord2D@@QAEAAV0@ABUCoord3DBase@@@Z,0x000038B3,0x000038B3,36,Code/Libraries/Source/WWVegas/WWMath/coord2d.cpp,matched,
?Add@Coord2D@@QAEAAV1@ABV1@@Z,0x000038B3,0x000038B3,36,Code/Libraries/Source/WWVegas/WWMath/coord2d.cpp,matched,
?Add@Coord2D@@QAEAAV1@ABUCoord3DBase@@@Z,0x000038B3,0x000038B3,36,Code/Libraries/Source/WWVegas/WWMath/coord2d.cpp,matched,
??ZCoord2D@@QAEAAV0@ABV0@@Z,0x000038D7,0x000038D7,36,Code/Libraries/Source/WWVegas/WWMath/coord2d.cpp,matched,
??ZCoord2D@@QAEAAV0@ABUCoord3DBase@@@Z,0x000038D7,0x000038D7,36,Code/Libraries/Source/WWVegas/WWMath/coord2d.cpp,matched,
?Sub@Coord2D@@QAEAAV1@ABV1@@Z,0x000038D7,0x000038D7,36,Code/Libraries/Source/WWVegas/WWMath/coord2d.cpp,matched,
?Sub@Coord2D@@QAEAAV1@ABUCoord3DBase@@@Z,0x000038D7,0x000038D7,36,Code/Libraries/Source/WWVegas/WWMath/coord2d.cpp,matched,
??DCoord2D@@QBEMABV0@@Z,0x00003C5D,0x00003C5D,19,Code/Libraries/Source/WWVegas/WWMath/coord2d.cpp,matched,
??DCoord2D@@QBEMABUCoord3DBase@@@Z,0x00003C5D,0x00003C5D,19,Code/Libraries/Source/WWVegas/WWMath/coord2d.cpp,matched,
??0?$_Ht_iterator@U?$pair@$$CBHH@_STL@@U?$_Const_traits@U?$pair@$$CBHH@_STL@@@2@HU?$hash@H@2@U?$_Select1st@U?$pair@$$CBHH@_STL@@@2@U?$equal_to@H@2@V?$allocator@U?$pair@$$CBHH@_STL@@@2@@_STL@@QAE@ABU?$_Ht_iterator@U?$pair@$$CBHH@_STL@@U?$_Nonconst_traits@U?$pair@$$CBHH@_STL@@@2@HU?$hash@H@2@U?$_Select1st@U?$pair@$$CBHH@_STL@@@2@U?$equal_to@H@2@V?$allocator@U?$pair@$$CBHH@_STL@@@2@@1@@Z,,0x005CFBC2,19,Code/Libraries/Source/WWVegas/WWLib/stlport_hash_map_int.cpp,matched,STLport hash-map iterator conversion constructor; two pointer copies that ICF-fold onto Coord2D copy constructor at the same address
?GetLengthEstimate@Coord2D@@QBEMXZ,0x000037D1,0x000037D1,108,Code/Libraries/Source/WWVegas/WWMath/coord2d.cpp,matched,
?GetLength@Coord2D@@QBEMXZ,0x0000599F,0x0000599F,32,Code/Libraries/Source/WWVegas/WWMath/coord2d.cpp,matched,
?GetLengthSqrd@Coord2D@@QBEMXZ,0x000059BF,0x000059BF,20,Code/Libraries/Source/WWVegas/WWMath/coord2d.cpp,matched,
??0Coord3D@@QAE@XZ,0x0047A6A9,0x0047A6A9,3,Code/Libraries/Source/WWVegas/WWMath/coord3d.cpp,matched,
??1Coord3D@@QAE@XZ,0x000B3FD0,0x000B3FD0,1,Code/Libraries/Source/WWVegas/WWMath/coord3d.cpp,matched,
??0Coord3D@@QAE@ABUCoord3DBase@@@Z,0x004216D3,0x004216D3,22,Code/Libraries/Source/WWVegas/WWMath/coord3d.cpp,matched,
??0Coord3D@@QAE@ABV0@@Z,0x004216D3,0x004216D3,22,Code/Libraries/Source/WWVegas/WWMath/coord3d.cpp,matched,
??4Coord3D@@QAEAAV0@ABUCoord3DBase@@@Z,0x004216D3,0x004216D3,22,Code/Libraries/Source/WWVegas/WWMath/coord3d.cpp,matched,
??0Coord3D@@QAE@MMM@Z,0x000423A0,0x000423A0,37,Code/Libraries/Source/WWVegas/WWMath/coord3d.cpp,matched,
?Set@Coord3D@@QAEAAV1@MMM@Z,0x000423A0,0x000423A0,37,Code/Libraries/Source/WWVegas/WWMath/coord3d.cpp,matched,
??ZCoord3D@@QAEAAV0@ABUCoord3DBase@@@Z,0x0006634F,0x0006634F,51,Code/Libraries/Source/WWVegas/WWMath/coord3d.cpp,matched,
?Sub@Coord3D@@QAEAAV1@ABUCoord3DBase@@@Z,0x0006634F,0x0006634F,51,Code/Libraries/Source/WWVegas/WWMath/coord3d.cpp,matched,
??4Coord3D@@QAEAAV0@ABV0@@Z,0x0000353A,0x0000353A,18,Code/Libraries/Source/WWVegas/WWMath/coord3d.cpp,matched,
??4Coord3D@@QAEAAV0@ABUCoord2DBase@@@Z,0x00003AB3,0x00003AB3,27,Code/Libraries/Source/WWVegas/WWMath/coord3d.cpp,matched,
?Add@Coord3D@@QAEAAV1@ABVCoord2D@@@Z,0x000038B3,0x000038B3,36,Code/Libraries/Source/WWVegas/WWMath/coord3d.cpp,matched,
?Add2D@Coord3D@@QAEAAV1@ABUCoord3DBase@@@Z,0x000038B3,0x000038B3,36,Code/Libraries/Source/WWVegas/WWMath/coord3d.cpp,matched,
?Sub@Coord3D@@QAEAAV1@ABVCoord2D@@@Z,0x000038D7,0x000038D7,36,Code/Libraries/Source/WWVegas/WWMath/coord3d.cpp,matched,
?Sub2D@Coord3D@@QAEAAV1@ABUCoord3DBase@@@Z,0x000038D7,0x000038D7,36,Code/Libraries/Source/WWVegas/WWMath/coord3d.cpp,matched,
?Add@Coord3D@@QAEAAV1@ABUCoord3DBase@@@Z,0x00003CD1,0x00003CD1,51,Code/Libraries/Source/WWVegas/WWMath/coord3d.cpp,matched,
?IsExactlyEqualTo@Coord3D@@QBE_NABV1@@Z,0x00003702,0x00003702,57,Code/Libraries/Source/WWVegas/WWMath/coord3d.cpp,matched,
?equals@Coord3D@@QBE_NABUCoord3DBase@@@Z,0x00003702,0x00003702,57,Code/Libraries/Source/WWVegas/WWMath/coord3d.cpp,matched,
??4Coord3D@@QAEAAV0@ABVCoord2D@@@Z,0x00003AB3,0x00003AB3,27,Code/Libraries/Source/WWVegas/WWMath/coord3d.cpp,matched,
??0ICoord2D@@QAE@XZ,0x0047A6A9,0x0047A6A9,3,Code/Libraries/Source/WWVegas/WWMath/icoord.cpp,matched,
??0ICoord3D@@QAE@XZ,0x0047A6A9,0x0047A6A9,3,Code/Libraries/Source/WWVegas/WWMath/icoord.cpp,matched,
??0ICoord2D@@QAE@ABUICoord2DBase@@@Z,0x005CFBC2,0x005CFBC2,19,Code/Libraries/Source/WWVegas/WWMath/icoord.cpp,matched,
??4ICoord2D@@QAEAAU0@ABU0@@Z,0x005CFBC2,0x005CFBC2,19,Code/Libraries/Source/WWVegas/WWMath/icoord.cpp,matched,
??4ICoord2D@@QAEAAU0@ABUICoord2DBase@@@Z,0x005CFBC2,0x005CFBC2,19,Code/Libraries/Source/WWVegas/WWMath/icoord.cpp,matched,
??0ICoord2D@@QAE@HH@Z,0x0007E523,0x0007E523,18,Code/Libraries/Source/WWVegas/WWMath/icoord.cpp,matched,
??0RealRange@@QAE@XZ,0x0047A6A9,0x0047A6A9,3,Code/Libraries/Source/WWVegas/WWMath/region.cpp,matched,
??0Region2D@@QAE@XZ,0x0047A6A9,0x0047A6A9,3,Code/Libraries/Source/WWVegas/WWMath/region.cpp,matched,
??0Region3D@@QAE@XZ,0x0047A6A9,0x0047A6A9,3,Code/Libraries/Source/WWVegas/WWMath/region.cpp,matched,
??0IRegion3D@@QAE@XZ,0x0047A6A9,0x0047A6A9,3,Code/Libraries/Source/WWVegas/WWMath/region.cpp,matched,
??1Region2D@@QAE@XZ,0x000B3FD0,0x000B3FD0,1,Code/Libraries/Source/WWVegas/WWMath/region.cpp,matched,
??1Region3D@@QAE@XZ,0x000B3FD0,0x000B3FD0,1,Code/Libraries/Source/WWVegas/WWMath/region.cpp,matched,
??0RealRange@@QAE@MM@Z,0x00003F3A,0x00003F3A,26,Code/Libraries/Source/WWVegas/WWMath/region.cpp,matched,
??4RealRange@@QAEAAU0@ABU0@@Z,0x005CFBC2,0x005CFBC2,19,Code/Libraries/Source/WWVegas/WWMath/region.cpp,matched,
??0Region2D@@QAE@ABU0@@Z,0x0004254E,0x0004254E,29,Code/Libraries/Source/WWVegas/WWMath/region.cpp,matched,
??4IRegion2D@@QAEAAU0@ABU0@@Z,0x002E7FDA,0x002E7FDA,19,Code/Libraries/Source/WWVegas/WWMath/region.cpp,matched,
??4IRegion3D@@QAEAAU0@ABU0@@Z,0x005F178F,0x005F178F,20,Code/Libraries/Source/WWVegas/WWMath/region.cpp,matched,
??4Region3D@@QAEAAU0@ABU0@@Z,0x005F178F,0x005F178F,20,Code/Libraries/Source/WWVegas/WWMath/region.cpp,matched,
??1?$ConcreteModuleTemplate@UPointEmissionVolumeModuleTag@FXParticleSystem@@@FXParticleSystem@@UAE@XZ,0x003A9397,0x003A9397,5,Code/GameEngine/Source/GameClient/FXParticleSystemModules.cpp,matched,
??1?$ConcreteModuleTemplate@V?$ModuleTag@$03$E?SPHERICAL_EMISSION_VELOCITY_MODULE_KEY@FXParticleSystem@@3QBDB$E?SPHERICAL_EMISSION_VELOCITY_MODULE_NAME@2@3QBDBVSphericalEmissionVelocityModule@2@VSphericalEmissionVelocityModuleTemplate@2@V?$DefaultParticleModule@$03@2@@FXParticleSystem@@@FXParticleSystem@@UAE@XZ,0x003A9397,0x003A9397,5,Code/GameEngine/Source/GameClient/FXParticleSystemModules.cpp,matched,
??1?$ConcreteModuleTemplate@V?$ModuleTag@$04$E?BOX_EMISSION_VOLUME_MODULE_KEY@FXParticleSystem@@3QBDB$E?BOX_EMISSION_VOLUME_MODULE_NAME@2@3QBDBVBoxEmissionVolumeModule@2@VBoxEmissionVolumeModuleTemplate@2@V?$DefaultParticleModule@$04@2@@FXParticleSystem@@@FXParticleSystem@@UAE@XZ,0x003A9397,0x003A9397,5,Code/GameEngine/Source/GameClient/FXParticleSystemModules.cpp,matched,
??1?$ConcreteModuleTemplate@V?$ModuleTag@$04$E?CYLINDER_EMISSION_VOLUME_MODULE_KEY@FXParticleSystem@@3QBDB$E?CYLINDER_EMISSION_VOLUME_MODULE_NAME@2@3QBDBVCylinderEmissionVolumeModule@2@VCylinderEmissionVolumeModuleTemplate@2@V?$DefaultParticleModule@$04@2@@FXParticleSystem@@@FXParticleSystem@@UAE@XZ,0x003A9397,0x003A9397,5,Code/GameEngine/Source/GameClient/FXParticleSystemModules.cpp,matched,
??1?$ConcreteModuleTemplate@V?$ModuleTag@$04$E?LINE_EMISSION_VOLUME_MODULE_KEY@FXParticleSystem@@3QBDB$E?LINE_EMISSION_VOLUME_MODULE_NAME@2@3QBDBVLineEmissionVolumeModule@2@VLineEmissionVolumeModuleTemplate@2@V?$DefaultParticleModule@$04@2@@FXParticleSystem@@@FXParticleSystem@@UAE@XZ,0x003A9397,0x003A9397,5,Code/GameEngine/Source/GameClient/FXParticleSystemModules.cpp,matched,
??1?$ConcreteModuleTemplate@V?$ModuleTag@$04$E?SPHERE_EMISSION_VOLUME_MODULE_KEY@FXParticleSystem@@3QBDB$E?SPHERE_EMISSION_VOLUME_MODULE_NAME@2@3QBDBVSphereEmissionVolumeModule@2@VSphereEmissionVolumeModuleTemplate@2@V?$DefaultParticleModule@$04@2@@FXParticleSystem@@@FXParticleSystem@@UAE@XZ,0x003A9397,0x003A9397,5,Code/GameEngine/Source/GameClient/FXParticleSystemModules.cpp,matched,
??1?$ConcreteModuleTemplate@UOrthoEmissionVelocityModuleTag@FXParticleSystem@@@FXParticleSystem@@UAE@XZ,0x003A9397,0x003A9397,5,Code/GameEngine/Source/GameClient/FXParticleSystemModules.cpp,matched,
??1?$ConcreteModuleTemplate@V?$ModuleTag@$01$E?RENDEROBJECT_UPDATE_MODULE_KEY@FXParticleSystem@@3QBDB$E?RENDEROBJECT_UPDATE_MODULE_NAME@2@3QBDBVRenderObjectUpdateModule@2@VRenderObjectUpdateModuleTemplate@2@VRenderObjectParticleUpdateModule@2@@FXParticleSystem@@@FXParticleSystem@@UAE@XZ,0x003A9397,0x003A9397,5,Code/GameEngine/Source/GameClient/FXParticleSystemModules.cpp,matched,
??1?$ConcreteModuleTemplate@V?$ModuleTag@$03$E?CYLINDRICAL_EMISSION_VELOCITY_MODULE_KEY@FXParticleSystem@@3QBDB$E?CYLINDRICAL_EMISSION_VELOCITY_MODULE_NAME@2@3QBDBVCylindricalEmissionVelocityModule@2@VCylindricalEmissionVelocityModuleTemplate@2@V?$DefaultParticleModule@$03@2@@FXParticleSystem@@@FXParticleSystem@@UAE@XZ,0x003A9397,0x003A9397,5,Code/GameEngine/Source/GameClient/FXParticleSystemModules.cpp,matched,
??1?$ConcreteModuleTemplate@V?$ModuleTag@$03$E?OUTWARD_EMISSION_VELOCITY_MODULE_KEY@FXParticleSystem@@3QBDB$E?OUTWARD_EMISSION_VELOCITY_MODULE_NAME@2@3QBDBVOutwardEmissionVelocityModule@2@VOutwardEmissionVelocityModuleTemplate@2@V?$DefaultParticleModule@$03@2@@FXParticleSystem@@@FXParticleSystem@@UAE@XZ,0x003A9397,0x003A9397,5,Code/GameEngine/Source/GameClient/FXParticleSystemModules.cpp,matched,
??1?$ConcreteModuleTemplate@V?$ModuleTag@$04$E?LIGHTNING_EMISSION_MODULE_KEY@FXParticleSystem@@3QBDB$E?LIGHTNING_EMISSION_MODULE_NAME@2@3QBDBVLightningEmissionModule@2@VLightningEmissionModuleTemplate@2@V?$DefaultParticleModule@$04@2@@FXParticleSystem@@@FXParticleSystem@@UAE@XZ,0x003A9397,0x003A9397,5,Code/GameEngine/Source/GameClient/FXParticleSystemModules.cpp,matched,
??1?$ConcreteModuleTemplate@V?$ModuleTag@$04$E?TERRAIN_FIRE_EMISSION_MODULE_KEY@FXParticleSystem@@3QBDB$E?TERRAIN_FIRE_EMISSION_MODULE_NAME@2@3QBDBVTerrainFireEmissionModule@2@VTerrainFireEmissionModuleTemplate@2@V?$DefaultParticleModule@$04@2@@FXParticleSystem@@@FXParticleSystem@@UAE@XZ,0x003A9397,0x003A9397,5,Code/GameEngine/Source/GameClient/FXParticleSystemModules.cpp,matched,
??1?$ConcreteModuleTemplate@V?$ModuleTag@$05$E?LIGHTNING_DRAW_MODULE_KEY@FXParticleSystem@@3QBDB$E?LIGHTNING_DRAW_MODULE_NAME@2@3QBDBVLightningDrawModule@2@VLightningDrawModuleTemplate@2@V?$DefaultParticleModule@$05@2@@FXParticleSystem@@@FXParticleSystem@@UAE@XZ,0x003A9397,0x003A9397,5,Code/GameEngine/Source/GameClient/FXParticleSystemModules.cpp,matched,
??0?$CategoryModuleTemplateBase@$00@FXParticleSystem@@QAE@XZ,0x00001D69,0x00001D69,23,Code/GameEngine/Source/GameClient/FXParticleSystem.cpp,matched,
??0?$CategoryModuleTemplateBase@$01@FXParticleSystem@@QAE@XZ,0x00001D69,0x00001D69,23,Code/GameEngine/Source/GameClient/FXParticleSystem.cpp,matched,
??0?$CategoryModuleTemplateBase@$02@FXParticleSystem@@QAE@XZ,0x00001D69,0x00001D69,23,Code/GameEngine/Source/GameClient/FXParticleSystem.cpp,matched,
??0?$CategoryModuleTemplateBase@$03@FXParticleSystem@@QAE@XZ,0x00001D69,0x00001D69,23,Code/GameEngine/Source/GameClient/FXParticleSystem.cpp,matched,
??0?$CategoryModuleTemplateBase@$04@FXParticleSystem@@QAE@XZ,0x00001D69,0x00001D69,23,Code/GameEngine/Source/GameClient/FXParticleSystem.cpp,matched,
??0?$CategoryModuleTemplateBase@$05@FXParticleSystem@@QAE@XZ,0x00001D69,0x00001D69,23,Code/GameEngine/Source/GameClient/FXParticleSystem.cpp,matched,
??0?$CategoryModuleTemplateBase@$06@FXParticleSystem@@QAE@XZ,0x00001D69,0x00001D69,23,Code/GameEngine/Source/GameClient/FXParticleSystem.cpp,matched,
??0?$CategoryModuleTemplateBase@$07@FXParticleSystem@@QAE@XZ,0x00001D69,0x00001D69,23,Code/GameEngine/Source/GameClient/FXParticleSystem.cpp,matched,
??0?$CategoryModuleTemplateBase@$0A@@FXParticleSystem@@QAE@XZ,0x00001D69,0x00001D69,23,Code/GameEngine/Source/GameClient/FXParticleSystem.cpp,matched,
??1?$CategoryModuleTemplateBase@$00@FXParticleSystem@@UAE@XZ,0x00001F18,0x00001F18,24,Code/GameEngine/Source/GameClient/FXParticleSystem.cpp,matched,
??1?$CategoryModuleTemplateBase@$01@FXParticleSystem@@UAE@XZ,0x00001F18,0x00001F18,24,Code/GameEngine/Source/GameClient/FXParticleSystem.cpp,matched,
??1?$CategoryModuleTemplateBase@$02@FXParticleSystem@@UAE@XZ,0x00001F18,0x00001F18,24,Code/GameEngine/Source/GameClient/FXParticleSystem.cpp,matched,
??1?$CategoryModuleTemplateBase@$03@FXParticleSystem@@UAE@XZ,0x00001F18,0x00001F18,24,Code/GameEngine/Source/GameClient/FXParticleSystem.cpp,matched,
??1?$CategoryModuleTemplateBase@$04@FXParticleSystem@@UAE@XZ,0x00001F18,0x00001F18,24,Code/GameEngine/Source/GameClient/FXParticleSystem.cpp,matched,
??1?$CategoryModuleTemplateBase@$05@FXParticleSystem@@UAE@XZ,0x00001F18,0x00001F18,24,Code/GameEngine/Source/GameClient/FXParticleSystem.cpp,matched,
??1?$CategoryModuleTemplateBase@$06@FXParticleSystem@@UAE@XZ,0x00001F18,0x00001F18,24,Code/GameEngine/Source/GameClient/FXParticleSystem.cpp,matched,
??1?$CategoryModuleTemplateBase@$07@FXParticleSystem@@UAE@XZ,0x00001F18,0x00001F18,24,Code/GameEngine/Source/GameClient/FXParticleSystem.cpp,matched,
??1?$CategoryModuleTemplateBase@$0A@@FXParticleSystem@@UAE@XZ,0x00001F18,0x00001F18,24,Code/GameEngine/Source/GameClient/FXParticleSystem.cpp,matched,
??1?$ConcreteModuleClass@V?$DefaultModuleTag@$0A@@FXParticleSystem@@@FXParticleSystem@@QAE@XZ,0x0057C03B,0x0057C03B,7,Code/GameEngine/Source/GameClient/FXParticleSystemModules.cpp,matched,
??1?$ConcreteModuleClass@V?$DefaultModuleTag@$00@FXParticleSystem@@@FXParticleSystem@@QAE@XZ,0x0057C03B,0x0057C03B,7,Code/GameEngine/Source/GameClient/FXParticleSystemModules.cpp,matched,
??1?$ConcreteModuleClass@V?$DefaultModuleTag@$01@FXParticleSystem@@@FXParticleSystem@@QAE@XZ,0x0057C03B,0x0057C03B,7,Code/GameEngine/Source/GameClient/FXParticleSystemModules.cpp,matched,
??1?$ConcreteModuleClass@V?$DefaultModuleTag@$02@FXParticleSystem@@@FXParticleSystem@@QAE@XZ,0x0057C03B,0x0057C03B,7,Code/GameEngine/Source/GameClient/FXParticleSystemModules.cpp,matched,
??1?$ConcreteModuleClass@V?$DefaultModuleTag@$05@FXParticleSystem@@@FXParticleSystem@@QAE@XZ,0x0057C03B,0x0057C03B,7,Code/GameEngine/Source/GameClient/FXParticleSystemModules.cpp,matched,
??1?$ConcreteModuleClass@V?$DefaultModuleTag@$06@FXParticleSystem@@@FXParticleSystem@@QAE@XZ,0x0057C03B,0x0057C03B,7,Code/GameEngine/Source/GameClient/FXParticleSystemModules.cpp,matched,
??0?$ConcreteModuleClass@V?$DefaultModuleTag@$00@FXParticleSystem@@@FXParticleSystem@@AAE@XZ,0x003AA801,0x003AA801,34,Code/GameEngine/Source/GameClient/FXParticleSystemModules.cpp,matched,
??0?$ConcreteModuleClass@V?$DefaultModuleTag@$01@FXParticleSystem@@@FXParticleSystem@@AAE@XZ,0x003AA867,0x003AA867,34,Code/GameEngine/Source/GameClient/FXParticleSystemModules.cpp,matched,
??0?$ConcreteModuleClass@V?$DefaultModuleTag@$02@FXParticleSystem@@@FXParticleSystem@@AAE@XZ,0x003AA845,0x003AA845,34,Code/GameEngine/Source/GameClient/FXParticleSystemModules.cpp,matched,
??0?$ConcreteModuleClass@V?$DefaultModuleTag@$05@FXParticleSystem@@@FXParticleSystem@@AAE@XZ,0x003AA206,0x003AA206,34,Code/GameEngine/Source/GameClient/FXParticleSystemModules.cpp,matched,
??0?$ConcreteModuleClass@V?$DefaultModuleTag@$06@FXParticleSystem@@@FXParticleSystem@@AAE@XZ,0x003AA889,0x003AA889,34,Code/GameEngine/Source/GameClient/FXParticleSystemModules.cpp,matched,
??0?$ConcreteModuleClass@V?$DefaultModuleTag@$0A@@FXParticleSystem@@@FXParticleSystem@@AAE@XZ,0x003AA823,0x003AA823,34,Code/GameEngine/Source/GameClient/FXParticleSystemModules.cpp,matched,
??0?$ConcreteModuleClass@V?$ModuleTag@$04$E?LIGHTNING_EMISSION_MODULE_KEY@FXParticleSystem@@3QBDB$E?LIGHTNING_EMISSION_MODULE_NAME@2@3QBDBVLightningEmissionModule@2@VLightningEmissionModuleTemplate@2@V?$DefaultParticleModule@$04@2@@FXParticleSystem@@@FXParticleSystem@@AAE@XZ,0x003A89BE,0x003A89BE,34,Code/GameEngine/Source/GameClient/FXParticleSystemModules.cpp,matched,
??0?$ConcreteModuleClass@V?$ModuleTag@$04$E?TERRAIN_FIRE_EMISSION_MODULE_KEY@FXParticleSystem@@3QBDB$E?TERRAIN_FIRE_EMISSION_MODULE_NAME@2@3QBDBVTerrainFireEmissionModule@2@VTerrainFireEmissionModuleTemplate@2@V?$DefaultParticleModule@$04@2@@FXParticleSystem@@@FXParticleSystem@@AAE@XZ,0x003A89E0,0x003A89E0,34,Code/GameEngine/Source/GameClient/FXParticleSystemModules.cpp,matched,
??0?$ConcreteModuleClass@V?$ModuleTag@$05$E?GPU_DRAW_MODULE_KEY@FXParticleSystem@@3QBDB$E?GPU_DRAW_MODULE_NAME@2@3QBDBVGpuDrawModule@2@VGpuDrawModuleTemplate@2@V?$DefaultParticleModule@$05@2@@FXParticleSystem@@@FXParticleSystem@@AAE@XZ,0x003A82F2,0x003A82F2,34,Code/GameEngine/Source/GameClient/FXParticleSystemModules.cpp,matched,
??0?$ConcreteModuleClass@V?$ModuleTag@$05$E?LIGHTNING_DRAW_MODULE_KEY@FXParticleSystem@@3QBDB$E?LIGHTNING_DRAW_MODULE_NAME@2@3QBDBVLightningDrawModule@2@VLightningDrawModuleTemplate@2@V?$DefaultParticleModule@$05@2@@FXParticleSystem@@@FXParticleSystem@@AAE@XZ,0x003A82D0,0x003A82D0,34,Code/GameEngine/Source/GameClient/FXParticleSystemModules.cpp,matched,
??0?$ConcreteModuleClass@V?$ModuleTag@$05$E?RENDEROBJECT_DRAW_MODULE_KEY@FXParticleSystem@@3QBDB$E?RENDEROBJECT_DRAW_MODULE_NAME@2@3QBDBVRenderObjectDrawModule@2@VRenderObjectDrawModuleTemplate@2@V?$DefaultParticleModule@$05@2@@FXParticleSystem@@@FXParticleSystem@@AAE@XZ,0x003A82AE,0x003A82AE,34,Code/GameEngine/Source/GameClient/FXParticleSystemModules.cpp,matched,
??1GpuDrawModuleTemplate@FXParticleSystem@@UAE@XZ,0x003A9E80,0x003A9E80,10,Code/GameEngine/Source/GameClient/FXParticleSystemFactories.cpp,matched,
??1LifeEventModuleTemplate@FXParticleSystem@@UAE@XZ,0x003AA0C0,0x003AA0C0,10,Code/GameEngine/Source/GameClient/FXParticleSystemFactories.cpp,matched,
??1RenderObjectDrawModuleTemplate@FXParticleSystem@@UAE@XZ,0x003A9C39,0x003A9C39,10,Code/GameEngine/Source/GameClient/FXParticleSystemFactories.cpp,matched,
??1TerrainCollisionModuleTemplate@FXParticleSystem@@UAE@XZ,0x003AA0C0,0x003AA0C0,10,Code/GameEngine/Source/GameClient/FXParticleSystemFactories.cpp,matched,
?clone@?$ConcreteModuleTemplate@V?$ModuleTag@$05$E?GPU_DRAW_MODULE_KEY@FXParticleSystem@@3QBDB$E?GPU_DRAW_MODULE_NAME@2@3QBDBVGpuDrawModule@2@VGpuDrawModuleTemplate@2@V?$DefaultParticleModule@$05@2@@FXParticleSystem@@@FXParticleSystem@@UBEPAVGpuDrawModuleTemplate@2@XZ,0x003AA948,0x003AA948,10,Code/GameEngine/Source/GameClient/FXParticleSystemFactories.cpp,matched,
?clone@?$ConcreteModuleTemplate@V?$ModuleTag@$05$E?RENDEROBJECT_DRAW_MODULE_KEY@FXParticleSystem@@3QBDB$E?RENDEROBJECT_DRAW_MODULE_NAME@2@3QBDBVRenderObjectDrawModule@2@VRenderObjectDrawModuleTemplate@2@V?$DefaultParticleModule@$05@2@@FXParticleSystem@@@FXParticleSystem@@UBEPAVRenderObjectDrawModuleTemplate@2@XZ,0x003AA911,0x003AA911,10,Code/GameEngine/Source/GameClient/FXParticleSystemFactories.cpp,matched,
?clone@?$ConcreteModuleTemplate@V?$ModuleTag@$07$E?LIFE_EVENT_MODULE_KEY@FXParticleSystem@@3QBDB$E?LIFE_EVENT_MODULE_NAME@2@3QBDBVLifeEventModule@2@VLifeEventModuleTemplate@2@VParticleLifeEventModule@2@@FXParticleSystem@@@FXParticleSystem@@UBEPAVLifeEventModuleTemplate@2@XZ,0x003AB991,0x003AB991,10,Code/GameEngine/Source/GameClient/FXParticleSystemFactories.cpp,matched,
?clone@?$ConcreteModuleTemplate@V?$ModuleTag@$07$E?TERRAIN_COLLISION_MODULE_KEY@FXParticleSystem@@3QBDB$E?TERRAIN_COLLISION_MODULE_NAME@2@3QBDBVTerrainCollisionModule@2@VTerrainCollisionModuleTemplate@2@VParticleTerrainCollisionModule@2@@FXParticleSystem@@@FXParticleSystem@@UBEPAVTerrainCollisionModuleTemplate@2@XZ,0x003AB9C8,0x003AB9C8,10,Code/GameEngine/Source/GameClient/FXParticleSystemFactories.cpp,matched,
?createTemplate@?$ConcreteModuleClass@UOrthoEmissionVelocityModuleTag@FXParticleSystem@@@FXParticleSystem@@UBEPAVOrthoEmissionVelocityModuleTemplate@2@XZ,0x003AB0CC,0x003AB0CC,10,Code/GameEngine/Source/GameClient/FXParticleSystemFactories.cpp,matched,
?createTemplate@?$ConcreteModuleClass@V?$DefaultModuleTag@$00@FXParticleSystem@@@FXParticleSystem@@UBEPAV?$DefaultModuleTemplate@$00@2@XZ,0x003AC59C,0x003AC59C,10,Code/GameEngine/Source/GameClient/FXParticleSystemFactories.cpp,matched,
?createTemplate@?$ConcreteModuleClass@V?$DefaultModuleTag@$01@FXParticleSystem@@@FXParticleSystem@@UBEPAV?$DefaultModuleTemplate@$01@2@XZ,0x003AC725,0x003AC725,10,Code/GameEngine/Source/GameClient/FXParticleSystemFactories.cpp,matched,
?createTemplate@?$ConcreteModuleClass@V?$DefaultModuleTag@$02@FXParticleSystem@@@FXParticleSystem@@UBEPAV?$DefaultModuleTemplate@$02@2@XZ,0x003AC6A5,0x003AC6A5,10,Code/GameEngine/Source/GameClient/FXParticleSystemFactories.cpp,matched,
?createTemplate@?$ConcreteModuleClass@V?$DefaultModuleTag@$05@FXParticleSystem@@@FXParticleSystem@@UBEPAV?$DefaultModuleTemplate@$05@2@XZ,0x003AC329,0x003AC329,10,Code/GameEngine/Source/GameClient/FXParticleSystemFactories.cpp,matched,
?createTemplate@?$ConcreteModuleClass@V?$DefaultModuleTag@$06@FXParticleSystem@@@FXParticleSystem@@UBEPAV?$DefaultModuleTemplate@$06@2@XZ,0x003AC7A5,0x003AC7A5,10,Code/GameEngine/Source/GameClient/FXParticleSystemFactories.cpp,matched,
?createTemplate@?$ConcreteModuleClass@V?$DefaultModuleTag@$0A@@FXParticleSystem@@@FXParticleSystem@@UBEPAV?$DefaultModuleTemplate@$0A@@2@XZ,0x003AC622,0x003AC622,10,Code/GameEngine/Source/GameClient/FXParticleSystemFactories.cpp,matched,
?createTemplate@?$ConcreteModuleClass@V?$ModuleTag@$03$E?CYLINDRICAL_EMISSION_VELOCITY_MODULE_KEY@FXParticleSystem@@3QBDB$E?CYLINDRICAL_EMISSION_VELOCITY_MODULE_NAME@2@3QBDBVCylindricalEmissionVelocityModule@2@VCylindricalEmissionVelocityModuleTemplate@2@V?$DefaultParticleModule@$03@2@@FXParticleSystem@@@FXParticleSystem@@UBEPAVCylindricalEmissionVelocityModuleTemplate@2@XZ,0x003AB2CD,0x003AB2CD,10,Code/GameEngine/Source/GameClient/FXParticleSystemFactories.cpp,matched,
?createTemplate@?$ConcreteModuleClass@V?$ModuleTag@$03$E?HEMISPHERICAL_EMISSION_VELOCITY_MODULE_KEY@FXParticleSystem@@3QBDB$E?HEMISPHERICAL_EMISSION_VELOCITY_MODULE_NAME@2@3QBDBVHemisphericalEmissionVelocityModule@2@VHemisphericalEmissionVelocityModuleTemplate@2@V?$DefaultParticleModule@$03@2@@FXParticleSystem@@@FXParticleSystem@@UBEPAVHemisphericalEmissionVelocityModuleTemplate@2@XZ,0x003AB222,0x003AB222,10,Code/GameEngine/Source/GameClient/FXParticleSystemFactories.cpp,matched,
?createTemplate@?$ConcreteModuleClass@V?$ModuleTag@$03$E?OUTWARD_EMISSION_VELOCITY_MODULE_KEY@FXParticleSystem@@3QBDB$E?OUTWARD_EMISSION_VELOCITY_MODULE_NAME@2@3QBDBVOutwardEmissionVelocityModule@2@VOutwardEmissionVelocityModuleTemplate@2@V?$DefaultParticleModule@$03@2@@FXParticleSystem@@@FXParticleSystem@@UBEPAVOutwardEmissionVelocityModuleTemplate@2@XZ,0x003AB378,0x003AB378,10,Code/GameEngine/Source/GameClient/FXParticleSystemFactories.cpp,matched,
?createTemplate@?$ConcreteModuleClass@V?$ModuleTag@$03$E?SPHERICAL_EMISSION_VELOCITY_MODULE_KEY@FXParticleSystem@@3QBDB$E?SPHERICAL_EMISSION_VELOCITY_MODULE_NAME@2@3QBDBVSphericalEmissionVelocityModule@2@VSphericalEmissionVelocityModuleTemplate@2@V?$DefaultParticleModule@$03@2@@FXParticleSystem@@@FXParticleSystem@@UBEPAVSphericalEmissionVelocityModuleTemplate@2@XZ,0x003AB177,0x003AB177,10,Code/GameEngine/Source/GameClient/FXParticleSystemFactories.cpp,matched,
?createTemplate@?$ConcreteModuleClass@V?$ModuleTag@$04$E?LIGHTNING_EMISSION_MODULE_KEY@FXParticleSystem@@3QBDB$E?LIGHTNING_EMISSION_MODULE_NAME@2@3QBDBVLightningEmissionModule@2@VLightningEmissionModuleTemplate@2@V?$DefaultParticleModule@$04@2@@FXParticleSystem@@@FXParticleSystem@@UBEPAVLightningEmissionModuleTemplate@2@XZ,0x003AB6CE,0x003AB6CE,10,Code/GameEngine/Source/GameClient/FXParticleSystemFactories.cpp,matched,
?createTemplate@?$ConcreteModuleClass@V?$ModuleTag@$04$E?TERRAIN_FIRE_EMISSION_MODULE_KEY@FXParticleSystem@@3QBDB$E?TERRAIN_FIRE_EMISSION_MODULE_NAME@2@3QBDBVTerrainFireEmissionModule@2@VTerrainFireEmissionModuleTemplate@2@V?$DefaultParticleModule@$04@2@@FXParticleSystem@@@FXParticleSystem@@UBEPAVTerrainFireEmissionModuleTemplate@2@XZ,0x003AB77C,0x003AB77C,10,Code/GameEngine/Source/GameClient/FXParticleSystemFactories.cpp,matched,
?createTemplate@?$ConcreteModuleClass@V?$ModuleTag@$05$E?GPU_DRAW_MODULE_KEY@FXParticleSystem@@3QBDB$E?GPU_DRAW_MODULE_NAME@2@3QBDBVGpuDrawModule@2@VGpuDrawModuleTemplate@2@V?$DefaultParticleModule@$05@2@@FXParticleSystem@@@FXParticleSystem@@UBEPAVGpuDrawModuleTemplate@2@XZ,0x003AC429,0x003AC429,10,Code/GameEngine/Source/GameClient/FXParticleSystemFactories.cpp,matched,
?createTemplate@?$ConcreteModuleClass@V?$ModuleTag@$05$E?LIGHTNING_DRAW_MODULE_KEY@FXParticleSystem@@3QBDB$E?LIGHTNING_DRAW_MODULE_NAME@2@3QBDBVLightningDrawModule@2@VLightningDrawModuleTemplate@2@V?$DefaultParticleModule@$05@2@@FXParticleSystem@@@FXParticleSystem@@UBEPAVLightningDrawModuleTemplate@2@XZ,0x003AA620,0x003AA620,10,Code/GameEngine/Source/GameClient/FXParticleSystemFactories.cpp,matched,
?createTemplate@?$ConcreteModuleClass@V?$ModuleTag@$05$E?RENDEROBJECT_DRAW_MODULE_KEY@FXParticleSystem@@3QBDB$E?RENDEROBJECT_DRAW_MODULE_NAME@2@3QBDBVRenderObjectDrawModule@2@VRenderObjectDrawModuleTemplate@2@V?$DefaultParticleModule@$05@2@@FXParticleSystem@@@FXParticleSystem@@UBEPAVRenderObjectDrawModuleTemplate@2@XZ,0x003AC3A9,0x003AC3A9,10,Code/GameEngine/Source/GameClient/FXParticleSystemFactories.cpp,matched,
??1?$ConcreteModuleTemplate@V?$ModuleTag@$05$E?GPU_DRAW_MODULE_KEY@FXParticleSystem@@3QBDB$E?GPU_DRAW_MODULE_NAME@2@3QBDBVGpuDrawModule@2@VGpuDrawModuleTemplate@2@V?$DefaultParticleModule@$05@2@@FXParticleSystem@@@FXParticleSystem@@UAE@XZ,0x003AA76F,0x003AA76F,5,Code/GameEngine/Source/GameClient/FXParticleSystemFactories.cpp,matched,
??1?$ConcreteModuleTemplate@V?$ModuleTag@$05$E?RENDEROBJECT_DRAW_MODULE_KEY@FXParticleSystem@@3QBDB$E?RENDEROBJECT_DRAW_MODULE_NAME@2@3QBDBVRenderObjectDrawModule@2@VRenderObjectDrawModuleTemplate@2@V?$DefaultParticleModule@$05@2@@FXParticleSystem@@@FXParticleSystem@@UAE@XZ,0x003AA6BD,0x003AA6BD,5,Code/GameEngine/Source/GameClient/FXParticleSystemFactories.cpp,matched,
??1?$ConcreteModuleTemplate@V?$ModuleTag@$07$E?LIFE_EVENT_MODULE_KEY@FXParticleSystem@@3QBDB$E?LIFE_EVENT_MODULE_NAME@2@3QBDBVLifeEventModule@2@VLifeEventModuleTemplate@2@VParticleLifeEventModule@2@@FXParticleSystem@@@FXParticleSystem@@UAE@XZ,0x003AB86E,0x003AB86E,5,Code/GameEngine/Source/GameClient/FXParticleSystemFactories.cpp,matched,
??1?$ConcreteModuleTemplate@V?$ModuleTag@$07$E?TERRAIN_COLLISION_MODULE_KEY@FXParticleSystem@@3QBDB$E?TERRAIN_COLLISION_MODULE_NAME@2@3QBDBVTerrainCollisionModule@2@VTerrainCollisionModuleTemplate@2@VParticleTerrainCollisionModule@2@@FXParticleSystem@@@FXParticleSystem@@UAE@XZ,0x003AB86E,0x003AB86E,5,Code/GameEngine/Source/GameClient/FXParticleSystemFactories.cpp,matched,
?createTemplate@?$ConcreteModuleClass@UOrthoEmissionVelocityModuleTag@FXParticleSystem@@@FXParticleSystem@@UBEPAVOrthoEmissionVelocityModuleTemplate@2@PAVINI@@@Z,0x003AB07E,0x003AB07E,10,Code/GameEngine/Source/GameClient/FXParticleSystemFactories.cpp,matched,
?createTemplate@?$ConcreteModuleClass@UPointEmissionVolumeModuleTag@FXParticleSystem@@@FXParticleSystem@@UBEPAVPointEmissionVolumeModuleTemplate@2@PAVINI@@@Z,0x003AB3D5,0x003AB3D5,10,Code/GameEngine/Source/GameClient/FXParticleSystemFactories.cpp,matched,
?createTemplate@?$ConcreteModuleClass@V?$DefaultModuleTag@$00@FXParticleSystem@@@FXParticleSystem@@UBEPAV?$DefaultModuleTemplate@$00@2@PAVINI@@@Z,0x003AC54B,0x003AC54B,10,Code/GameEngine/Source/GameClient/FXParticleSystemFactories.cpp,matched,
?createTemplate@?$ConcreteModuleClass@V?$DefaultModuleTag@$01@FXParticleSystem@@@FXParticleSystem@@UBEPAV?$DefaultModuleTemplate@$01@2@PAVINI@@@Z,0x003AC6D7,0x003AC6D7,10,Code/GameEngine/Source/GameClient/FXParticleSystemFactories.cpp,matched,
?createTemplate@?$ConcreteModuleClass@V?$DefaultModuleTag@$02@FXParticleSystem@@@FXParticleSystem@@UBEPAV?$DefaultModuleTemplate@$02@2@PAVINI@@@Z,0x003AC657,0x003AC657,10,Code/GameEngine/Source/GameClient/FXParticleSystemFactories.cpp,matched,
?createTemplate@?$ConcreteModuleClass@V?$DefaultModuleTag@$05@FXParticleSystem@@@FXParticleSystem@@UBEPAV?$DefaultModuleTemplate@$05@2@PAVINI@@@Z,0x003AC2DB,0x003AC2DB,10,Code/GameEngine/Source/GameClient/FXParticleSystemFactories.cpp,matched,
?createTemplate@?$ConcreteModuleClass@V?$DefaultModuleTag@$06@FXParticleSystem@@@FXParticleSystem@@UBEPAV?$DefaultModuleTemplate@$06@2@PAVINI@@@Z,0x003AC757,0x003AC757,10,Code/GameEngine/Source/GameClient/FXParticleSystemFactories.cpp,matched,
?createTemplate@?$ConcreteModuleClass@V?$DefaultModuleTag@$0A@@FXParticleSystem@@@FXParticleSystem@@UBEPAV?$DefaultModuleTemplate@$0A@@2@PAVINI@@@Z,0x003AC5D1,0x003AC5D1,10,Code/GameEngine/Source/GameClient/FXParticleSystemFactories.cpp,matched,
?createTemplate@?$ConcreteModuleClass@V?$ModuleTag@$03$E?CYLINDRICAL_EMISSION_VELOCITY_MODULE_KEY@FXParticleSystem@@3QBDB$E?CYLINDRICAL_EMISSION_VELOCITY_MODULE_NAME@2@3QBDBVCylindricalEmissionVelocityModule@2@VCylindricalEmissionVelocityModuleTemplate@2@V?$DefaultParticleModule@$03@2@@FXParticleSystem@@@FXParticleSystem@@UBEPAVCylindricalEmissionVelocityModuleTemplate@2@PAVINI@@@Z,0x003AB27F,0x003AB27F,10,Code/GameEngine/Source/GameClient/FXParticleSystemFactories.cpp,matched,
?createTemplate@?$ConcreteModuleClass@V?$ModuleTag@$03$E?HEMISPHERICAL_EMISSION_VELOCITY_MODULE_KEY@FXParticleSystem@@3QBDB$E?HEMISPHERICAL_EMISSION_VELOCITY_MODULE_NAME@2@3QBDBVHemisphericalEmissionVelocityModule@2@VHemisphericalEmissionVelocityModuleTemplate@2@V?$DefaultParticleModule@$03@2@@FXParticleSystem@@@FXParticleSystem@@UBEPAVHemisphericalEmissionVelocityModuleTemplate@2@PAVINI@@@Z,0x003AB1D4,0x003AB1D4,10,Code/GameEngine/Source/GameClient/FXParticleSystemFactories.cpp,matched,
?createTemplate@?$ConcreteModuleClass@V?$ModuleTag@$03$E?OUTWARD_EMISSION_VELOCITY_MODULE_KEY@FXParticleSystem@@3QBDB$E?OUTWARD_EMISSION_VELOCITY_MODULE_NAME@2@3QBDBVOutwardEmissionVelocityModule@2@VOutwardEmissionVelocityModuleTemplate@2@V?$DefaultParticleModule@$03@2@@FXParticleSystem@@@FXParticleSystem@@UBEPAVOutwardEmissionVelocityModuleTemplate@2@PAVINI@@@Z,0x003AB32A,0x003AB32A,10,Code/GameEngine/Source/GameClient/FXParticleSystemFactories.cpp,matched,
?createTemplate@?$ConcreteModuleClass@V?$ModuleTag@$03$E?SPHERICAL_EMISSION_VELOCITY_MODULE_KEY@FXParticleSystem@@3QBDB$E?SPHERICAL_EMISSION_VELOCITY_MODULE_NAME@2@3QBDBVSphericalEmissionVelocityModule@2@VSphericalEmissionVelocityModuleTemplate@2@V?$DefaultParticleModule@$03@2@@FXParticleSystem@@@FXParticleSystem@@UBEPAVSphericalEmissionVelocityModuleTemplate@2@PAVINI@@@Z,0x003AB129,0x003AB129,10,Code/GameEngine/Source/GameClient/FXParticleSystemFactories.cpp,matched,
?createTemplate@?$ConcreteModuleClass@V?$ModuleTag@$04$E?BOX_EMISSION_VOLUME_MODULE_KEY@FXParticleSystem@@3QBDB$E?BOX_EMISSION_VOLUME_MODULE_NAME@2@3QBDBVBoxEmissionVolumeModule@2@VBoxEmissionVolumeModuleTemplate@2@V?$DefaultParticleModule@$04@2@@FXParticleSystem@@@FXParticleSystem@@UBEPAVBoxEmissionVolumeModuleTemplate@2@PAVINI@@@Z,0x003AB4E5,0x003AB4E5,10,Code/GameEngine/Source/GameClient/FXParticleSystemFactories.cpp,matched,
?createTemplate@?$ConcreteModuleClass@V?$ModuleTag@$04$E?CYLINDER_EMISSION_VOLUME_MODULE_KEY@FXParticleSystem@@3QBDB$E?CYLINDER_EMISSION_VOLUME_MODULE_NAME@2@3QBDBVCylinderEmissionVolumeModule@2@VCylinderEmissionVolumeModuleTemplate@2@V?$DefaultParticleModule@$04@2@@FXParticleSystem@@@FXParticleSystem@@UBEPAVCylinderEmissionVolumeModuleTemplate@2@PAVINI@@@Z,0x003AB5F5,0x003AB5F5,10,Code/GameEngine/Source/GameClient/FXParticleSystemFactories.cpp,matched,
?createTemplate@?$ConcreteModuleClass@V?$ModuleTag@$04$E?LIGHTNING_EMISSION_MODULE_KEY@FXParticleSystem@@3QBDB$E?LIGHTNING_EMISSION_MODULE_NAME@2@3QBDBVLightningEmissionModule@2@VLightningEmissionModuleTemplate@2@V?$DefaultParticleModule@$04@2@@FXParticleSystem@@@FXParticleSystem@@UBEPAVLightningEmissionModuleTemplate@2@PAVINI@@@Z,0x003AB67D,0x003AB67D,10,Code/GameEngine/Source/GameClient/FXParticleSystemFactories.cpp,matched,
?createTemplate@?$ConcreteModuleClass@V?$ModuleTag@$04$E?LINE_EMISSION_VOLUME_MODULE_KEY@FXParticleSystem@@3QBDB$E?LINE_EMISSION_VOLUME_MODULE_NAME@2@3QBDBVLineEmissionVolumeModule@2@VLineEmissionVolumeModuleTemplate@2@V?$DefaultParticleModule@$04@2@@FXParticleSystem@@@FXParticleSystem@@UBEPAVLineEmissionVolumeModuleTemplate@2@PAVINI@@@Z,0x003AB45D,0x003AB45D,10,Code/GameEngine/Source/GameClient/FXParticleSystemFactories.cpp,matched,
?createTemplate@?$ConcreteModuleClass@V?$ModuleTag@$04$E?SPHERE_EMISSION_VOLUME_MODULE_KEY@FXParticleSystem@@3QBDB$E?SPHERE_EMISSION_VOLUME_MODULE_NAME@2@3QBDBVSphereEmissionVolumeModule@2@VSphereEmissionVolumeModuleTemplate@2@V?$DefaultParticleModule@$04@2@@FXParticleSystem@@@FXParticleSystem@@UBEPAVSphereEmissionVolumeModuleTemplate@2@PAVINI@@@Z,0x003AB56D,0x003AB56D,10,Code/GameEngine/Source/GameClient/FXParticleSystemFactories.cpp,matched,
?createTemplate@?$ConcreteModuleClass@V?$ModuleTag@$04$E?TERRAIN_FIRE_EMISSION_MODULE_KEY@FXParticleSystem@@3QBDB$E?TERRAIN_FIRE_EMISSION_MODULE_NAME@2@3QBDBVTerrainFireEmissionModule@2@VTerrainFireEmissionModuleTemplate@2@V?$DefaultParticleModule@$04@2@@FXParticleSystem@@@FXParticleSystem@@UBEPAVTerrainFireEmissionModuleTemplate@2@PAVINI@@@Z,0x003AB72E,0x003AB72E,10,Code/GameEngine/Source/GameClient/FXParticleSystemFactories.cpp,matched,
?createTemplate@?$ConcreteModuleClass@V?$ModuleTag@$05$E?GPU_DRAW_MODULE_KEY@FXParticleSystem@@3QBDB$E?GPU_DRAW_MODULE_NAME@2@3QBDBVGpuDrawModule@2@VGpuDrawModuleTemplate@2@V?$DefaultParticleModule@$05@2@@FXParticleSystem@@@FXParticleSystem@@UBEPAVGpuDrawModuleTemplate@2@PAVINI@@@Z,0x003AC3DB,0x003AC3DB,10,Code/GameEngine/Source/GameClient/FXParticleSystemFactories.cpp,matched,
?createTemplate@?$ConcreteModuleClass@V?$ModuleTag@$05$E?LIGHTNING_DRAW_MODULE_KEY@FXParticleSystem@@3QBDB$E?LIGHTNING_DRAW_MODULE_NAME@2@3QBDBVLightningDrawModule@2@VLightningDrawModuleTemplate@2@V?$DefaultParticleModule@$05@2@@FXParticleSystem@@@FXParticleSystem@@UBEPAVLightningDrawModuleTemplate@2@PAVINI@@@Z,0x003AA5D2,0x003AA5D2,10,Code/GameEngine/Source/GameClient/FXParticleSystemFactories.cpp,matched,
?createTemplate@?$ConcreteModuleClass@V?$ModuleTag@$05$E?RENDEROBJECT_DRAW_MODULE_KEY@FXParticleSystem@@3QBDB$E?RENDEROBJECT_DRAW_MODULE_NAME@2@3QBDBVRenderObjectDrawModule@2@VRenderObjectDrawModuleTemplate@2@V?$DefaultParticleModule@$05@2@@FXParticleSystem@@@FXParticleSystem@@UBEPAVRenderObjectDrawModuleTemplate@2@PAVINI@@@Z,0x003AC35B,0x003AC35B,10,Code/GameEngine/Source/GameClient/FXParticleSystemFactories.cpp,matched,
??0CylinderEmissionVolumeInfo@FXParticleSystem@@QAE@XZ,0x003A6958,0x003A6958,46,Code/GameEngine/Source/GameClient/FXParticleSystem.cpp,matched,
??0LineEmissionVolumeInfo@FXParticleSystem@@QAE@XZ,0x003A6958,0x003A6958,46,Code/GameEngine/Source/GameClient/FXParticleSystem.cpp,matched,
??1?$ConcreteModuleTemplate@V?$ModuleTag@$05$E?BUTTERFLY_DRAW_MODULE_KEY@FXParticleSystem@@3QBDB$E?BUTTERFLY_DRAW_MODULE_NAME@2@3QBDBVButterflyDrawModule@2@VButterflyDrawModuleTemplate@2@V?$DefaultParticleModule@$05@2@@FXParticleSystem@@@FXParticleSystem@@UAE@XZ,0x003A9397,0x003A9397,5,Code/GameEngine/Source/GameClient/FXParticleSystem.cpp,matched,
??1?$ConcreteModuleTemplate@V?$ModuleTag@$05$E?QUAD_DRAW_MODULE_KEY@FXParticleSystem@@3QBDB$E?QUAD_DRAW_MODULE_NAME@2@3QBDBVQuadDrawModule@2@VQuadDrawModuleTemplate@2@V?$DefaultParticleModule@$05@2@@FXParticleSystem@@@FXParticleSystem@@UAE@XZ,0x003A9397,0x003A9397,5,Code/GameEngine/Source/GameClient/FXParticleSystem.cpp,matched,
??1?$ConcreteModuleTemplate@V?$ModuleTag@$05$E?STREAK_DRAW_MODULE_KEY@FXParticleSystem@@3QBDB$E?STREAK_DRAW_MODULE_NAME@2@3QBDBVStreakDrawModule@2@VStreakDrawModuleTemplate@2@V?$DefaultParticleModule@$05@2@@FXParticleSystem@@@FXParticleSystem@@UAE@XZ,0x003A9397,0x003A9397,5,Code/GameEngine/Source/GameClient/FXParticleSystem.cpp,matched,
??4PointEmissionVolumeModuleTemplate@FXParticleSystem@@QAEAAV01@ABV01@@Z,0x003A903D,0x003A903D,26,Code/GameEngine/Source/GameClient/FXParticleSystem.cpp,matched,
??4SphereEmissionVolumeModuleTemplate@FXParticleSystem@@QAEAAV01@ABV01@@Z,0x003A68EF,0x003A68EF,30,Code/GameEngine/Source/GameClient/FXParticleSystem.cpp,matched,
?GetValue@?$DefaultModuleKey@$0A@@FXParticleSystem@@CAPBDXZ,0x003AAAA8,0x003AAAA8,10,Code/GameEngine/Source/GameClient/FXParticleSystemDefaults.cpp,matched,
?GetValue@?$DefaultModuleName@$0A@@FXParticleSystem@@CAPBDXZ,0x003AAB27,0x003AAB27,10,Code/GameEngine/Source/GameClient/FXParticleSystemDefaults.cpp,matched,
?compare@PooledString@@QBEHABV1@@Z,0x0060BD6C,0x0060BD6C,32,Code/GameEngine/Source/Common/System/PooledString.cpp,matched,
?compareNoCase@PooledString@@QBEHABV1@@Z,0x0060BDB3,0x0060BDB3,32,Code/GameEngine/Source/Common/System/PooledString.cpp,matched,
?Normalize@Coord2D@@QAEMXZ,0x000059D3,0x000059D3,83,Code/Libraries/Source/WWVegas/WWMath/coord2d.cpp,matched,
?toAngle@Coord2D@@QBEMXZ,0x00005923,0x00005923,124,Code/Libraries/Source/WWVegas/WWMath/coord2d.cpp,matched,
?getUV@ParticleSystemTemplate@FXParticleSystem@@QBEPBURegion2D@@XZ,0x0055C414,0x0055C414,7,Code/GameEngine/Source/GameClient/FXParticleSystem.cpp,matched,
?getName@ParticleSystemTemplate@FXParticleSystem@@QBE?AVAsciiString@@XZ,0x00002600,0x00002600,30,Code/GameEngine/Source/GameClient/ParticleSystemTemplate.cpp,matched,
?getTextureFilename@ParticleSystemTemplate@FXParticleSystem@@QBE?AVAsciiString@@XZ,0x0000261E,0x0000261E,27,Code/GameEngine/Source/GameClient/ParticleSystemTemplate.cpp,matched,
?Multiply@Matrix4D@@QAEAAV1@ABV1@0@Z,0x000047DA,0x000047DA,918,Code/Libraries/Source/WWVegas/WWMath/matrix4d.cpp,matched,
?Set@Matrix4D@@QAEAAV1@ABVCoord3D@@@Z,0x00005BB8,0x00005BB8,116,Code/Libraries/Source/WWVegas/WWMath/matrix4d.cpp,matched,
?Clone@Image@Gdiplus@@UAEPAV12@XZ,,0x00002639,66,Code/Libraries/Source/GdiPlus/gdiplusbitmap.cpp,matched,Open-BFME5 clean C++; vendored=gdiplus-1.0 Platform SDK inline emitted by the ATL CImage TU
??1Image@Gdiplus@@UAE@XZ,,0x000012A3,15,Code/Libraries/Source/GdiPlus/gdiplusbitmap.cpp,matched,Open-BFME5 clean C++; vendored=gdiplus-1.0 Platform SDK inline
?GetWidth@Image@Gdiplus@@QAEIXZ,,0x000012B2,36,Code/Libraries/Source/GdiPlus/gdiplusbitmap.cpp,matched,Open-BFME5 clean C++; vendored=gdiplus-1.0 Platform SDK inline
?GetHeight@Image@Gdiplus@@QAEIXZ,,0x000012D6,36,Code/Libraries/Source/GdiPlus/gdiplusbitmap.cpp,matched,Open-BFME5 clean C++; vendored=gdiplus-1.0 Platform SDK inline
?GetPixelFormat@Image@Gdiplus@@QAEHXZ,,0x000012FA,32,Code/Libraries/Source/GdiPlus/gdiplusbitmap.cpp,matched,Open-BFME5 clean C++; vendored=gdiplus-1.0 Platform SDK inline
?GetPaletteSize@Image@Gdiplus@@QAEHXZ,,0x0000131A,36,Code/Libraries/Source/GdiPlus/gdiplusbitmap.cpp,matched,Open-BFME5 clean C++; vendored=gdiplus-1.0 Platform SDK inline
?GetPalette@Image@Gdiplus@@QAE?AW4Status@2@PAUColorPalette@2@H@Z,,0x0000133E,34,Code/Libraries/Source/GdiPlus/gdiplusbitmap.cpp,matched,Open-BFME5 clean C++; vendored=gdiplus-1.0 Platform SDK inline
?LockBits@Bitmap@Gdiplus@@QAE?AW4Status@2@PBVRect@2@IHPAVBitmapData@2@@Z,,0x000013DB,42,Code/Libraries/Source/GdiPlus/gdiplusbitmap.cpp,matched,Open-BFME5 clean C++; vendored=gdiplus-1.0 Platform SDK inline
?UnlockBits@Bitmap@Gdiplus@@QAE?AW4Status@2@PAVBitmapData@2@@Z,,0x00001405,30,Code/Libraries/Source/GdiPlus/gdiplusbitmap.cpp,matched,Open-BFME5 clean C++; vendored=gdiplus-1.0 Platform SDK inline
??0Bitmap@Gdiplus@@QAE@PBGH@Z,,0x00001368,58,Code/Libraries/Source/GdiPlus/gdiplusbitmap.cpp,matched,Open-BFME5 clean C++; vendored=gdiplus-1.0 Platform SDK inline
??0Bitmap@Gdiplus@@QAE@HHHHPAE@Z,,0x000013A2,57,Code/Libraries/Source/GdiPlus/gdiplusbitmap.cpp,matched,Open-BFME5 clean C++; vendored=gdiplus-1.0 Platform SDK inline
?Init@CInitGDIPlus@CImage@ATL@@QAE_NXZ,,0x0000145B,83,Code/Libraries/Source/ATL/atlimage.cpp,matched,Open-BFME5 clean C++; vendored=atl-7.1
??_GImage@Gdiplus@@UAEPAXI@Z,,0x00002111,27,Code/Libraries/Source/GdiPlus/gdiplusbitmap.cpp,matched,Open-BFME5 clean C++; vendored=gdiplus-1.0 Platform SDK inline
?Rotate@Coord2D@@QAEAAV1@ABV1@M@Z,0x000039BB,0x000039BB,80,Code/Libraries/Source/WWVegas/WWMath/coord2d_rotate.cpp,matched,Open-BFME5 clean C++; four x87 instructions for the fsincos retail fuses and ordinary C++ around them
??$clamp@M@@YAMMMM@Z,,0x0000575A,39,Code/GameEngine/Source/Common/System/Geometry.cpp,matched,Open-BFME5 clean C++; PreRTS.h clamp template instantiated for Real
??0Graphics@Gdiplus@@QAE@PAVImage@1@@Z,,0x00001FAF,45,Code/Libraries/Source/GdiPlus/gdiplusgraphics.cpp,matched,Open-BFME5 clean C++; vendored=gdiplus-1.0 Platform SDK inline
?DrawImage@Graphics@Gdiplus@@QAE?AW4Status@2@PAVImage@2@HH@Z,,0x00001FDC,49,Code/Libraries/Source/GdiPlus/gdiplusgraphics.cpp,matched,Open-BFME5 clean C++; vendored=gdiplus-1.0 Platform SDK inline
?RemoveAll@?$CSimpleArray@GV?$CSimpleArrayEqualHelper@G@ATL@@@ATL@@QAEXXZ,,0x000055B0,30,Code/Libraries/Source/ATL/atlbase.cpp,matched,Open-BFME5 clean C++; vendored=atl-7.1
_AtlWinModuleInit@4,,0x00003295,35,Code/Libraries/Source/ATL/atlbase.cpp,matched,Open-BFME5 clean C++; vendored=atl-7.1
??A?$CSimpleArray@GV?$CSimpleArrayEqualHelper@G@ATL@@@ATL@@QAEAAGH@Z,,0x000055CE,39,Code/Libraries/Source/ATL/atlbase.cpp,matched,Open-BFME5 clean C++; vendored=atl-7.1
_AtlWinModuleTerm@8,,0x000058C3,96,Code/Libraries/Source/ATL/atlbase.cpp,matched,Open-BFME5 clean C++; vendored=atl-7.1
?Init@?$CW2AEX@$0IA@@ATL@@AAEXPBGI@Z,,0x000056D1,103,Code/Libraries/Source/ATL/atlconv.cpp,matched,Open-BFME5 clean C++; vendored=atl-7.1
?Allocate@?$CAtlSafeAllocBufferManager@VCCRTAllocator@ATL@@@_ATL_SAFE_ALLOCA_IMPL@ATL@@QAEPAXI@Z,,0x000021E3,35,Code/Libraries/Source/ATL/atlalloc.cpp,matched,Open-BFME5 clean C++; vendored=atl-7.1
??1?$CAtlSafeAllocBufferManager@VCCRTAllocator@ATL@@@_ATL_SAFE_ALLOCA_IMPL@ATL@@QAE@XZ,,0x00001D80,26,Code/Libraries/Source/ATL/atlalloc.cpp,matched,Open-BFME5 clean C++; vendored=atl-7.1
??0?$CA2WEX@$0IA@@ATL@@QAE@PBD@Z,,0x00002206,32,Code/Libraries/Source/ATL/atlconv.cpp,matched,Open-BFME5 clean C++; vendored=atl-7.1
??0CAtlWinModule@ATL@@QAE@XZ,,0x00006ACE,35,Code/Libraries/Source/ATL/atlbase.cpp,matched,Open-BFME5 clean C++; vendored=atl-7.1
??0RGBColor@@QAE@H@Z,0x00006538,0x00006538,18,Code/Libraries/Source/WWVegas/WWMath/color_rgbcolor_ctor.cpp,matched,Open-BFME5 clean C++; own TU so setFromInt is only a declaration
?find@?$StringBase@D@@QBEPBDD@Z,0x0002C459,0x0002C459,44,Code/Libraries/Source/WWVegas/WWLib/string_base.cpp,matched,Open-BFME5 clean C++; while-loop scan at /O1 keeps the character parameter as a memory operand
?GetLengthEstimate@Coord3D@@QBEMXZ,0x00003ACE,0x00003ACE,372,Code/Libraries/Source/WWVegas/WWMath/coord3d_lengthestimate.cpp,matched,wip
?AtlThrow@ATL@@YGXJ@Z,,0x00001125,23,Code/Libraries/Source/ATL/atlconv.cpp,matched,Open-BFME5 clean C++; vendored=atl-7.1
?Load@CImage@ATL@@QAEJPBD@Z,,0x00002BB5,132,Code/Libraries/Source/ATL/atlimage.cpp,matched,Open-BFME5 clean C++; vendored=atl-7.1
?Create@CImage@ATL@@QAEHHHHK@Z,,0x00002942,28,Code/Libraries/Source/ATL/atlimage.cpp,matched,Open-BFME5 clean C++; vendored=atl-7.1
?CreateFromGdiplusBitmap@CImage@ATL@@QAEJAAVBitmap@Gdiplus@@@Z,,0x0000295E,524,Code/Libraries/Source/ATL/atlimage.cpp,matched,Open-BFME5 clean C++; vendored=atl-7.1
??_G_Locale_impl@_STL@@UAEPAXI@Z,,0x0000B710,30,Code/Libraries/Source/WWVegas/WWLib/stlport_locale_impl_dtor.cpp,matched,Open-BFME5 clean C++; scalar deleting destructor emitted with the vtable
??$_M_range_initialize@PBG@?$basic_string@GV?$char_traits@G@_STL@@V?$allocator@G@2@@_STL@@QAEXPBG0ABUforward_iterator_tag@1@@Z,,0x0000BF90,53,Code/Libraries/Source/WWVegas/WWLib/stlport_wide_string_range_init.cpp,matched,Open-BFME5 clean C++; stlport 4.5.3 wide twin of 0x000078C0
?_M_allocate_block@?$basic_string@GV?$char_traits@G@_STL@@V?$allocator@G@2@@_STL@@AAEXI@Z,,0x0000BFD0,48,Code/Libraries/Source/WWVegas/WWLib/stlport_wide_string_allocate_block.cpp,matched,Open-BFME5 clean C++; stlport 4.5.3
??$_M_range_initialize@PAG@?$basic_string@GV?$char_traits@G@_STL@@V?$allocator@G@2@@_STL@@QAEXPAG0ABUforward_iterator_tag@1@@Z,,0x0000EB00,84,Code/Libraries/Source/WWVegas/WWLib/stlport_wide_string_range_init_mutable.cpp,matched,Open-BFME5 clean C++; stlport 4.5.3
??$_M_range_initialize@PAD@?$basic_string@DV?$char_traits@D@_STL@@V?$allocator@D@2@@_STL@@QAEXPAD0@Z,,0x00008D00,84,Code/Libraries/Source/WWVegas/WWLib/stlport_narrow_string_range_init_2arg.cpp,matched,Open-BFME5 clean C++; stlport 4.5.3 two-argument overload
?do_get_weekday@?$time_get@DV?$istreambuf_iterator@DV?$char_traits@D@_STL@@@_STL@@@_STL@@MBE?AV?$istreambuf_iterator@DV?$char_traits@D@_STL@@@2@V32@0AAVios_base@2@AAHPAUtm@@@Z,,0x00009920,167,Code/Libraries/Source/WWVegas/WWLib/stlport_narrow_time_get_names.cpp,matched,Open-BFME5 clean C++; stlport 4.5.3 narrow twin of 0x0000F510
?do_get_monthname@?$time_get@DV?$istreambuf_iterator@DV?$char_traits@D@_STL@@@_STL@@@_STL@@MBE?AV?$istreambuf_iterator@DV?$char_traits@D@_STL@@@2@V32@0AAVios_base@2@AAHPAUtm@@@Z,,0x00009B50,179,Code/Libraries/Source/WWVegas/WWLib/stlport_narrow_time_get_names.cpp,matched,Open-BFME5 clean C++; stlport 4.5.3 narrow twin of 0x0000F5C0
??$__match@V?$istreambuf_iterator@DV?$char_traits@D@_STL@@@_STL@@PBV?$basic_string@DV?$char_traits@D@_STL@@V?$allocator@D@2@@2@J@_STL@@YAPBV?$basic_string@DV?$char_traits@D@_STL@@V?$allocator@D@2@@0@AAV?$istreambuf_iterator@DV?$char_traits@D@_STL@@@0@0PBV10@1PAJ@Z,,0x000099D0,371,Code/Libraries/Source/WWVegas/WWLib/stlport_time_get_match.cpp,matched,Open-BFME5 clean C++; stlport 4.5.3
??$__match@V?$istreambuf_iterator@GV?$char_traits@G@_STL@@@_STL@@PBV?$basic_string@DV?$char_traits@D@_STL@@V?$allocator@D@2@@2@J@_STL@@YAPBV?$basic_string@DV?$char_traits@D@_STL@@V?$allocator@D@2@@0@AAV?$istreambuf_iterator@GV?$char_traits@G@_STL@@@0@0PBV10@1PAJ@Z,,0x0000F2F0,375,Code/Libraries/Source/WWVegas/WWLib/stlport_time_get_match.cpp,matched,Open-BFME5 clean C++; stlport 4.5.3
??0?$basic_string@GV?$char_traits@G@_STL@@V?$allocator@G@2@@_STL@@QAE@XZ,,0x0000DBC0,103,Code/Libraries/Source/WWVegas/WWLib/stlport_wide_string_default_ctor.cpp,matched,Open-BFME5 clean C++; stlport 4.5.3 wide twin of 0x00007850
??0?$basic_string@DV?$char_traits@D@_STL@@V?$allocator@D@2@@_STL@@QAE@ABV01@@Z,,0x00009170,81,Code/Libraries/Source/WWVegas/WWLib/stlport_narrow_string_copy_ctor.cpp,matched,Open-BFME5 clean C++; stlport 4.5.3
??1_Time_Info@_STL@@QAE@XZ,,0x00007A00,243,Code/Libraries/Source/WWVegas/WWLib/stlport_time_info_dtor.cpp,matched,Open-BFME5 clean C++; stlport 4.5.3
??$_M_assign_dispatch@PAD@?$basic_string@DV?$char_traits@D@_STL@@V?$allocator@D@2@@_STL@@QAEAAV01@PAD0ABU__false_type@1@@Z,,0x000120F0,96,Code/Libraries/Source/WWVegas/WWLib/stlport_narrow_string_assign_dispatch.cpp,matched,Open-BFME5 clean C++; stlport 4.5.3
??0_Time_Info@_STL@@QAE@XZ,,0x00007920,212,Code/Libraries/Source/WWVegas/WWLib/stlport_time_info_ctor.cpp,matched,Open-BFME5 clean C++; stlport 4.5.3
?_M_allocate_buffers@?$basic_filebuf@DV?$char_traits@D@_STL@@@_STL@@AAE_NPADH@Z,,0x00013F10,189,Code/Libraries/Source/WWVegas/WWLib/stlport_narrow_filebuf_allocate.cpp,matched,Open-BFME5 clean C++; stlport 4.5.3
?_M_allocate_buffers@?$basic_filebuf@GV?$char_traits@G@_STL@@@_STL@@AAE_NPAGH@Z,,0x000148F0,188,Code/Libraries/Source/WWVegas/WWLib/stlport_wide_filebuf_allocate.cpp,matched,Open-BFME5 clean C++; stlport 4.5.3 wide twin of 0x00013F10
??1?$basic_streambuf@DV?$char_traits@D@_STL@@@_STL@@UAE@XZ,,0x0001C6E0,14,Code/Libraries/Source/WWVegas/WWLib/stlport_narrow_streambuf_dtor.cpp,matched,Open-BFME5 clean C++; stlport 4.5.3
?__string_to_float@_STL@@YAXABV?$basic_string@DV?$char_traits@D@_STL@@V?$allocator@D@2@@1@AAM@Z,,0x0001AFB0,22,Code/Libraries/Source/WWVegas/WWLib/stlport_string_to_float.cpp,matched,Open-BFME5 clean C++; stlport 4.5.3
?__string_to_float@_STL@@YAXABV?$basic_string@DV?$char_traits@D@_STL@@V?$allocator@D@2@@1@AAN@Z,,0x0001AFD0,22,Code/Libraries/Source/WWVegas/WWLib/stlport_string_to_float.cpp,matched,Open-BFME5 clean C++; stlport 4.5.3
?__string_to_float@_STL@@YAXABV?$basic_string@DV?$char_traits@D@_STL@@V?$allocator@D@2@@1@AAO@Z,,0x0001AFF0,22,Code/Libraries/Source/WWVegas/WWLib/stlport_string_to_float.cpp,matched,Open-BFME5 clean C++; stlport 4.5.3
?_M_throw_failure@ios_base@_STL@@IAEXXZ,,0x0001BC50,24,Code/Libraries/Source/WWVegas/WWLib/stlport_ios_throw_failure.cpp,matched,Open-BFME5 clean C++; stlport 4.5.3
?LZHLDestroyDecompressor@@YAXPAX@Z,,0x0068ED80,27,Code/Libraries/Source/Compression/LZHCompress/NoxCompress.cpp,matched,Open-BFME5 clean C++
?_M_seek_return@?$basic_filebuf@DV?$char_traits@D@_STL@@@_STL@@AAE?AV?$fpos@H@2@JH@Z,,0x000143D0,81,Code/Libraries/Source/WWVegas/WWLib/stlport_narrow_filebuf_seek_return.cpp,matched,Open-BFME5 clean C++; stlport 4.5.3
?_M_seek_return@?$basic_filebuf@GV?$char_traits@G@_STL@@@_STL@@AAE?AV?$fpos@H@2@JH@Z,,0x00014DA0,77,Code/Libraries/Source/WWVegas/WWLib/stlport_wide_filebuf_seek_return.cpp,matched,Open-BFME5 clean C++; stlport 4.5.3 wide twin of 0x000143D0
??1?$_String_base@DV?$allocator@D@_STL@@@_STL@@QAE@XZ,,0x0000B3C0,63,Code/Libraries/Source/WWVegas/WWLib/stlport_narrow_string_base_dtor.cpp,matched,Open-BFME5 clean C++; stlport 4.5.3; unwind funclet destroys the proxy at this+8
??1?$time_get@DV?$istreambuf_iterator@DV?$char_traits@D@_STL@@@_STL@@@_STL@@MAE@XZ,,0x00008F60,73,Code/Libraries/Source/WWVegas/WWLib/stlport_narrow_time_get_dtor.cpp,matched,Open-BFME5 clean C++; stlport 4.5.3; vftable 0x00BBBBC0 with _Time_Info at +0x0C
??_G?$time_get@DV?$istreambuf_iterator@DV?$char_traits@D@_STL@@@_STL@@@_STL@@MAEPAXI@Z,,0x00008F40,30,Code/Libraries/Source/WWVegas/WWLib/stlport_narrow_time_get_dtor.cpp,matched,Open-BFME5 clean C++; stlport 4.5.3; slot 0 of vftable 0x00BBBBC0
??1?$time_put@DV?$ostreambuf_iterator@DV?$char_traits@D@_STL@@@_STL@@@_STL@@MAE@XZ,,0x00008FD0,73,Code/Libraries/Source/WWVegas/WWLib/stlport_narrow_time_put_dtor.cpp,matched,Open-BFME5 clean C++; stlport 4.5.3; vftable 0x00BBBBE0 with _Time_Info at +0x0C
??_G?$time_put@DV?$ostreambuf_iterator@DV?$char_traits@D@_STL@@@_STL@@@_STL@@MAEPAXI@Z,,0x00008FB0,30,Code/Libraries/Source/WWVegas/WWLib/stlport_narrow_time_put_dtor.cpp,matched,Open-BFME5 clean C++; stlport 4.5.3; slot 0 of vftable 0x00BBBBE0
??1?$time_get@GV?$istreambuf_iterator@GV?$char_traits@G@_STL@@@_STL@@@_STL@@MAE@XZ,,0x00009040,73,Code/Libraries/Source/WWVegas/WWLib/stlport_wide_time_get_dtor.cpp,matched,Open-BFME5 clean C++; stlport 4.5.3; vftable 0x00BBBBEC with _Time_Info at +0x0C
??_G?$time_get@GV?$istreambuf_iterator@GV?$char_traits@G@_STL@@@_STL@@@_STL@@MAEPAXI@Z,,0x00009020,30,Code/Libraries/Source/WWVegas/WWLib/stlport_wide_time_get_dtor.cpp,matched,Open-BFME5 clean C++; stlport 4.5.3; slot 0 of vftable 0x00BBBBEC
??1?$time_put@GV?$ostreambuf_iterator@GV?$char_traits@G@_STL@@@_STL@@@_STL@@MAE@XZ,,0x000090B0,73,Code/Libraries/Source/WWVegas/WWLib/stlport_wide_time_put_dtor.cpp,matched,Open-BFME5 clean C++; stlport 4.5.3; vftable 0x00BBBC0C with _Time_Info at +0x0C
??_G?$time_put@GV?$ostreambuf_iterator@GV?$char_traits@G@_STL@@@_STL@@@_STL@@MAEPAXI@Z,,0x00009090,30,Code/Libraries/Source/WWVegas/WWLib/stlport_wide_time_put_dtor.cpp,matched,Open-BFME5 clean C++; stlport 4.5.3; slot 0 of vftable 0x00BBBC0C
?_M_insert_aux@?$basic_string@GV?$char_traits@G@_STL@@V?$allocator@G@2@@_STL@@AAEPAGPAGG@Z,,0x00012D10,232,Code/Libraries/Source/WWVegas/WWLib/stlport_wide_string_insert_aux.cpp,matched,Open-BFME5 clean C++; STLport 4.5.3 wide twin of 0x00011D20
??1facet@locale@_STL@@MAE@XZ,,0x000072E0,7,Code/Libraries/Source/WWVegas/WWLib/stlport_locale_facet_dtor.cpp,matched,Open-BFME5 clean C++; stlport 4.5.3; ICF owner of every trivial facet subclass destructor
??_Gfacet@locale@_STL@@MAEPAXI@Z,,0x00007490,30,Code/Libraries/Source/WWVegas/WWLib/stlport_locale_facet_dtor.cpp,matched,Open-BFME5 clean C++; stlport 4.5.3; slot 0 of the facet vftable at 0x00BBB9BC
??_G?$num_put@DV?$ostreambuf_iterator@DV?$char_traits@D@_STL@@@_STL@@@_STL@@MAEPAXI@Z,,0x000072C0,30,Code/Libraries/Source/WWVegas/WWLib/stlport_narrow_num_put.cpp,matched,Open-BFME5 clean C++; stlport 4.5.3; slot 0 of the num_put vftable at 0x007BBA2C; ICF-folded with every other trivial facet subclass
?name@locale@_STL@@QBE?AV?$basic_string@DV?$char_traits@D@_STL@@V?$allocator@D@2@@2@XZ,,0x0000BAE0,34,Code/Libraries/Source/WWVegas/WWLib/stlport_locale_name.cpp,matched,Open-BFME5 clean C++; stlport 4.5.3; the impl carries the name string at +0x0C
??9locale@_STL@@QBE_NABV01@@Z,,0x0000BC40,18,Code/Libraries/Source/WWVegas/WWLib/stlport_locale_not_equal.cpp,matched,Open-BFME5 clean C++; stlport 4.5.3
??0?$basic_string@DV?$char_traits@D@_STL@@V?$allocator@D@2@@_STL@@QAE@PBDABV?$allocator@D@1@@Z,,0x00009100,108,Code/Libraries/Source/WWVegas/WWLib/stlport_narrow_string_cstr_ctor.cpp,matched,Open-BFME5 clean C++; stlport 4.5.3; two-argument c-string constructor
?_M_allocate_block@?$basic_string@DV?$char_traits@D@_STL@@V?$allocator@D@2@@_STL@@AAEXI@Z,,0x00007460,43,Code/Libraries/Source/WWVegas/WWLib/stlport_narrow_string_allocate_block.cpp,matched,Open-BFME5 clean C++; stlport 4.5.3; narrow twin of 0x0000BFD0
?assign@?$basic_string@DV?$char_traits@D@_STL@@V?$allocator@D@2@@_STL@@QAEAAV12@ABV12@@Z,,0x000120C0,41,Code/Libraries/Source/WWVegas/WWLib/stlport_narrow_string_assign_copy.cpp,matched,Open-BFME5 clean C++; stlport 4.5.3
??0?$basic_string@GV?$char_traits@G@_STL@@V?$allocator@G@2@@_STL@@QAE@PBGABV?$allocator@G@1@@Z,,0x0000BF20,98,Code/Libraries/Source/WWVegas/WWLib/stlport_wide_string_cstr_ctor.cpp,matched,Open-BFME5 clean C++; stlport 4.5.3; wide twin of 0x00009100
?reserve@?$basic_string@DV?$char_traits@D@_STL@@V?$allocator@D@2@@_STL@@QAEXI@Z,,0x0000C390,116,Code/Libraries/Source/WWVegas/WWLib/stlport_narrow_string_reserve.cpp,matched,Open-BFME5 clean C++; stlport 4.5.3
??$append@PBG@?$basic_string@GV?$char_traits@G@_STL@@V?$allocator@G@2@@_STL@@AAEAAV01@PBG0ABUforward_iterator_tag@1@@Z,,0x00013160,241,Code/Libraries/Source/WWVegas/WWLib/stlport_wide_string_append.cpp,matched,Open-BFME5 clean C++; stlport 4.5.3; wide twin of the narrow append pinned at 0x0001B3E0
??$__write_integer_backward@_K@_STL@@YAPADPADH_K@Z,,0x0000CF60,238,Code/Libraries/Source/WWVegas/WWLib/stlport_write_integer_backward_64.cpp,matched,Open-BFME5 clean C++; stlport 4.5.3; 64-bit twin of 0x0000D320 and 0x0000D460
??_GBitmap@Gdiplus@@UAEPAXI@Z,,0x00001E43,36,Code/Libraries/Source/GdiPlus/gdiplusbitmap_dtor.cpp,matched,Open-BFME5 clean C++; slot 0 of the Bitmap vftable; ~Image folded in whole
??$_M_assign_dispatch@PAG@?$basic_string@GV?$char_traits@G@_STL@@V?$allocator@G@2@@_STL@@QAEAAV01@PAG0ABU__false_type@1@@Z,,0x000130A0,102,Code/Libraries/Source/WWVegas/WWLib/stlport_wide_string_assign_dispatch.cpp,matched,Open-BFME5 clean C++; stlport 4.5.3; wide twin of 0x000120F0
??0_Locale_impl@_STL@@QAE@PBD@Z,,0x0000B6E0,33,Code/Libraries/Source/WWVegas/WWLib/stlport_locale_impl_ctor.cpp,matched,Open-BFME5 clean C++; stlport 4.5.3; vftable 0x00BBBBB0 with the name string at +0x0C
??$?0PAD@?$basic_string@DV?$char_traits@D@_STL@@V?$allocator@D@2@@_STL@@QAE@PAD0ABV?$allocator@D@1@@Z,,0x00017830,85,Code/Libraries/Source/WWVegas/WWLib/stlport_narrow_string.cpp,matched,Open-BFME5 clean C++; stlport 4.5.3; found by locate with the node allocator swapped for malloc
?do_put@?$num_put@DV?$ostreambuf_iterator@DV?$char_traits@D@_STL@@@_STL@@@_STL@@MBE?AV?$ostreambuf_iterator@DV?$char_traits@D@_STL@@@2@V32@AAVios_base@2@D_K@Z,,0x0000CF10,79,Code/Libraries/Source/WWVegas/WWLib/stlport_narrow_num_put.cpp,matched,Open-BFME5 clean C++; stlport 4.5.3; located with the node allocator swapped for malloc
?do_put@?$num_put@DV?$ostreambuf_iterator@DV?$char_traits@D@_STL@@@_STL@@@_STL@@MBE?AV?$ostreambuf_iterator@DV?$char_traits@D@_STL@@@2@V32@AAVios_base@2@D_J@Z,,0x0000D130,79,Code/Libraries/Source/WWVegas/WWLib/stlport_narrow_num_put.cpp,matched,Open-BFME5 clean C++; stlport 4.5.3; located with the node allocator swapped for malloc
?do_put@?$num_put@GV?$ostreambuf_iterator@GV?$char_traits@G@_STL@@@_STL@@@_STL@@MBE?AV?$ostreambuf_iterator@GV?$char_traits@G@_STL@@@2@V32@AAVios_base@2@G_K@Z,,0x00010A20,79,Code/Libraries/Source/WWVegas/WWLib/stlport_wide_num_put.cpp,matched,Open-BFME5 clean C++; stlport 4.5.3; located with the node allocator swapped for malloc
?do_put@?$num_put@GV?$ostreambuf_iterator@GV?$char_traits@G@_STL@@@_STL@@@_STL@@MBE?AV?$ostreambuf_iterator@GV?$char_traits@G@_STL@@@2@V32@AAVios_base@2@G_J@Z,,0x00010BC0,79,Code/Libraries/Source/WWVegas/WWLib/stlport_wide_num_put.cpp,matched,Open-BFME5 clean C++; stlport 4.5.3; located with the node allocator swapped for malloc
??_Gios_base@_STL@@UAEPAXI@Z,,0x0001C4B0,30,Code/Libraries/Source/WWVegas/WWLib/stlport_ios_base_ctor.cpp,matched,Open-BFME5 clean C++; stlport 4.5.3; found by locate
??$__get_short_or_long_dayname@V?$istreambuf_iterator@DV?$char_traits@D@_STL@@@_STL@@@_STL@@YA_NAAV?$istreambuf_iterator@DV?$char_traits@D@_STL@@@0@0ABV_Time_Info@0@PAUtm@@@Z,,0x00018E40,83,Code/Libraries/Source/WWVegas/WWLib/stlport_narrow_time_get_names.cpp,matched,Open-BFME5 clean C++; stlport 4.5.3; found by locate
??$__get_short_or_long_monthname@V?$istreambuf_iterator@DV?$char_traits@D@_STL@@@_STL@@@_STL@@YA_NAAV?$istreambuf_iterator@DV?$char_traits@D@_STL@@@0@0ABV_Time_Info@0@PAUtm@@@Z,,0x00018EA0,95,Code/Libraries/Source/WWVegas/WWLib/stlport_narrow_time_get_names.cpp,matched,Open-BFME5 clean C++; stlport 4.5.3; found by locate
??$__get_short_or_long_dayname@V?$istreambuf_iterator@GV?$char_traits@G@_STL@@@_STL@@@_STL@@YA_NAAV?$istreambuf_iterator@GV?$char_traits@G@_STL@@@0@0ABV_Time_Info@0@PAUtm@@@Z,,0x00018F20,83,Code/Libraries/Source/WWVegas/WWLib/stlport_wide_time_get_names.cpp,matched,Open-BFME5 clean C++; stlport 4.5.3; found by locate
??$__get_short_or_long_monthname@V?$istreambuf_iterator@GV?$char_traits@G@_STL@@@_STL@@@_STL@@YA_NAAV?$istreambuf_iterator@GV?$char_traits@G@_STL@@@0@0ABV_Time_Info@0@PAUtm@@@Z,,0x00018F80,95,Code/Libraries/Source/WWVegas/WWLib/stlport_wide_time_get_names.cpp,matched,Open-BFME5 clean C++; stlport 4.5.3; found by locate
??0GdiplusStartupInput@Gdiplus@@QAE@P6GXHPAD@ZHH@Z,,0x0000115D,32,Code/Libraries/Source/ATL/atlimage.cpp,matched,Open-BFME5 clean C++; found by locate
??0Rect@Gdiplus@@QAE@HHHH@Z,,0x005DBCF0,32,Code/Libraries/Source/ATL/atlimage.cpp,matched,Open-BFME5 clean C++; found by locate
??_GLZHLDecompressor@@QAEPAXI@Z,,0x0068ED30,30,Code/Libraries/Source/Compression/LZHCompress/NoxCompress.cpp,matched,Open-BFME5 clean C++; found by locate
??_G?$ConcreteModuleTemplate@V?$ModuleTag@$01$E?RENDEROBJECT_UPDATE_MODULE_KEY@FXParticleSystem@@3QBDB$E?RENDEROBJECT_UPDATE_MODULE_NAME@2@3QBDBVRenderObjectUpdateModule@2@VRenderObjectUpdateModuleTemplate@2@VRenderObjectParticleUpdateModule@2@@FXParticleSystem@@@FXParticleSystem@@UAEPAXI@Z,,0x003AA1EA,28,Code/GameEngine/Source/GameClient/FXParticleSystemFactories.cpp,matched,Open-BFME5 clean C++; found by locate
??_G?$ConcreteModuleTemplate@V?$ModuleTag@$05$E?RENDEROBJECT_DRAW_MODULE_KEY@FXParticleSystem@@3QBDB$E?RENDEROBJECT_DRAW_MODULE_NAME@2@3QBDBVRenderObjectDrawModule@2@VRenderObjectDrawModuleTemplate@2@V?$DefaultParticleModule@$05@2@@FXParticleSystem@@@FXParticleSystem@@UAEPAXI@Z,,0x003AA6E8,28,Code/GameEngine/Source/GameClient/FXParticleSystemFactories.cpp,matched,Open-BFME5 clean C++; found by locate
??_G?$ConcreteModuleTemplate@V?$ModuleTag@$05$E?GPU_DRAW_MODULE_KEY@FXParticleSystem@@3QBDB$E?GPU_DRAW_MODULE_NAME@2@3QBDBVGpuDrawModule@2@VGpuDrawModuleTemplate@2@V?$DefaultParticleModule@$05@2@@FXParticleSystem@@@FXParticleSystem@@UAEPAXI@Z,,0x003AA79A,28,Code/GameEngine/Source/GameClient/FXParticleSystemFactories.cpp,matched,Open-BFME5 clean C++; found by locate
?createTemplate@?$ConcreteModuleClass@V?$ModuleTag@$01$E?RENDEROBJECT_UPDATE_MODULE_KEY@FXParticleSystem@@3QBDB$E?RENDEROBJECT_UPDATE_MODULE_NAME@2@3QBDBVRenderObjectUpdateModule@2@VRenderObjectUpdateModuleTemplate@2@V?$DefaultParticleModule@$01@2@@FXParticleSystem@@@FXParticleSystem@@UBEPAVRenderObjectUpdateModuleTemplate@2@XZ,,0x003AAFF3,10,Code/GameEngine/Source/GameClient/FXParticleSystemFactories.cpp,matched,Open-BFME5 clean C++; found by locate
??_G?$ConcreteModuleTemplate@V?$ModuleTag@$07$E?LIFE_EVENT_MODULE_KEY@FXParticleSystem@@3QBDB$E?LIFE_EVENT_MODULE_NAME@2@3QBDBVLifeEventModule@2@VLifeEventModuleTemplate@2@VParticleLifeEventModule@2@@FXParticleSystem@@@FXParticleSystem@@UAEPAXI@Z,,0x003AB92A,28,Code/GameEngine/Source/GameClient/FXParticleSystemFactories.cpp,matched,Open-BFME5 clean C++; found by locate
??_GPointEmissionVolumeModuleTemplate@FXParticleSystem@@UAEPAXI@Z,,0x001F4524,28,Code/GameEngine/Source/GameClient/FXParticleSystem.cpp,matched,Open-BFME5 clean C++; found by locate
??_G?$ConcreteModuleTemplate@V?$ModuleTag@$07$E?TERRAIN_COLLISION_MODULE_KEY@FXParticleSystem@@3QBDB$E?TERRAIN_COLLISION_MODULE_NAME@2@3QBDBVTerrainCollisionModule@2@VTerrainCollisionModuleTemplate@2@VParticleTerrainCollisionModule@2@@FXParticleSystem@@@FXParticleSystem@@UAEPAXI@Z,,0x003AA163,28,Code/GameEngine/Source/GameClient/FXParticleSystemModules.cpp,matched,Open-BFME5 clean C++; found by locate
??$_M_range_initialize@PAD@?$basic_string@DV?$char_traits@D@_STL@@V?$allocator@D@2@@_STL@@AAEXPAD0@Z,,0x00017790,23,Code/Libraries/Source/WWVegas/WWLib/stlport_narrow_num_put.cpp,matched,Open-BFME5 clean C++; found by locate; folded with the wide instantiation
??$_M_initialize_dispatch@PAD@?$basic_string@DV?$char_traits@D@_STL@@V?$allocator@D@2@@_STL@@AAEXPAD0ABU__false_type@1@@Z,,0x000177D0,13,Code/Libraries/Source/WWVegas/WWLib/stlport_narrow_string.cpp,matched,Open-BFME5 clean C++; found by locate
??$_M_append_dispatch@PAG@?$basic_string@GV?$char_traits@G@_STL@@V?$allocator@G@2@@_STL@@AAEAAV01@PAG0ABU__false_type@1@@Z,,0x00019CA0,13,Code/Libraries/Source/WWVegas/WWLib/stlport_money_get_wide.cpp,matched,Open-BFME5 clean C++; found by locate; folded with the const instantiation
??$append@PAG@?$basic_string@GV?$char_traits@G@_STL@@V?$allocator@G@2@@_STL@@QAEAAV01@PAG0@Z,,0x00019D10,23,Code/Libraries/Source/WWVegas/WWLib/stlport_money_get_wide.cpp,matched,Open-BFME5 clean C++; found by locate; folded with the const instantiation
?deallocate@?$_STLP_alloc_proxy@PADDV?$allocator@D@_STL@@@_STL@@QAEXPADI@Z,,0x006892B0,18,Code/Libraries/Source/WWVegas/WWLib/stlport_narrow_string_insert_aux.cpp,matched,Open-BFME5 clean C++; found by locate; folded with the wide instantiation
??0?$CSimpleArray@GV?$CSimpleArrayEqualHelper@G@ATL@@@ATL@@QAE@XZ,,0x0065D7F0,13,Code/Libraries/Source/ATL/atlbase.cpp,matched,Open-BFME5 clean C++; found by locate
?_M_delete_node@?$hashtable@U?$pair@$$CBHH@_STL@@HU?$hash@H@2@U?$_Select1st@U?$pair@$$CBHH@_STL@@@2@U?$equal_to@H@2@V?$allocator@U?$pair@$$CBHH@_STL@@@2@@_STL@@AAEXPAU?$_Hashtable_node@U?$pair@$$CBHH@_STL@@@2@@Z,,0x0016CBF0,18,Code/Libraries/Source/WWVegas/WWLib/stlport_hash_map_int.cpp,matched,Open-BFME5 clean C++; found by locate with the node allocator and CRT import decorations neutralised
?clear@?$hashtable@U?$pair@$$CBHH@_STL@@HU?$hash@H@2@U?$_Select1st@U?$pair@$$CBHH@_STL@@@2@U?$equal_to@H@2@V?$allocator@U?$pair@$$CBHH@_STL@@@2@@_STL@@QAEXXZ,,0x00620770,84,Code/Libraries/Source/WWVegas/WWLib/stlport_hash_map_int.cpp,matched,Open-BFME5 clean C++; found by locate with the node allocator and CRT import decorations neutralised
?_M_destroy_nodes@?$_Deque_base@HV?$allocator@H@_STL@@@_STL@@IAEXPAPAH0@Z,,0x00620200,43,Code/Libraries/Source/WWVegas/WWLib/stlport_deque_int.cpp,matched,Open-BFME5 clean C++; found by locate with the node allocator and CRT import decorations neutralised
?_M_pop_back_aux@?$deque@HV?$allocator@H@_STL@@@_STL@@IAEXXZ,,0x00620350,49,Code/Libraries/Source/WWVegas/WWLib/stlport_deque_int.cpp,matched,Open-BFME5 clean C++; found by locate with the node allocator and CRT import decorations neutralised
?pop_back@?$deque@HV?$allocator@H@_STL@@@_STL@@QAEXXZ,,0x00620600,64,Code/Libraries/Source/WWVegas/WWLib/stlport_deque_int.cpp,matched,Open-BFME5 clean C++; found by locate with the node allocator and CRT import decorations neutralised
?pop_front@?$deque@HV?$allocator@H@_STL@@@_STL@@QAEXXZ,,0x00620640,67,Code/Libraries/Source/WWVegas/WWLib/stlport_deque_int.cpp,matched,Open-BFME5 clean C++; found by locate with the node allocator and CRT import decorations neutralised
?_M_pop_front_aux@?$deque@HV?$allocator@H@_STL@@@_STL@@IAEXXZ,,0x0073BF10,48,Code/Libraries/Source/WWVegas/WWLib/stlport_deque_int.cpp,matched,Open-BFME5 clean C++; found by locate with the node allocator and CRT import decorations neutralised
??1?$_Deque_base@HV?$allocator@H@_STL@@@_STL@@QAE@XZ,,0x0073C8C0,46,Code/Libraries/Source/WWVegas/WWLib/stlport_deque_int.cpp,matched,Open-BFME5 clean C++; found by locate with the node allocator and CRT import decorations neutralised
?erase@?$_Rb_tree@HU?$pair@$$CBHH@_STL@@U?$_Select1st@U?$pair@$$CBHH@_STL@@@2@U?$less@H@2@V?$allocator@U?$pair@$$CBHH@_STL@@@2@@_STL@@QAEXU?$_Rb_tree_iterator@U?$pair@$$CBHH@_STL@@U?$_Nonconst_traits@U?$pair@$$CBHH@_STL@@@2@@2@0@Z,,0x0061F7B0,141,Code/Libraries/Source/WWVegas/WWLib/stlport_map_int_int.cpp,matched,Open-BFME5 clean C++; found by locate with the node allocator and CRT import decorations neutralised
?erase@?$_Rb_tree@HU?$pair@$$CBHH@_STL@@U?$_Select1st@U?$pair@$$CBHH@_STL@@@2@U?$less@H@2@V?$allocator@U?$pair@$$CBHH@_STL@@@2@@_STL@@QAEXU?$_Rb_tree_iterator@U?$pair@$$CBHH@_STL@@U?$_Nonconst_traits@U?$pair@$$CBHH@_STL@@@2@@2@@Z,,0x00620280,50,Code/Libraries/Source/WWVegas/WWLib/stlport_map_int_int.cpp,matched,Open-BFME5 clean C++; found by locate with the node allocator and CRT import decorations neutralised
??F?$_Rb_tree_iterator@U?$pair@$$CBHH@_STL@@U?$_Nonconst_traits@U?$pair@$$CBHH@_STL@@@2@@_STL@@QAEAAU01@XZ,,0x00169EF0,20,Code/Libraries/Source/WWVegas/WWLib/stlport_map_int_int.cpp,matched,Open-BFME5 clean C++; found by locate with the node allocator and CRT import decorations neutralised
?resize@?$basic_string@DV?$char_traits@D@_STL@@V?$allocator@D@2@@_STL@@QAEXI@Z,,0x00157E50,15,Code/Libraries/Source/WWVegas/WWLib/stlport_narrow_string.cpp,matched,Open-BFME5 clean C++; found by locate
??4?$vector@U?$pair@HH@_STL@@V?$allocator@U?$pair@HH@_STL@@@2@@_STL@@QAEAAV01@ABV01@@Z,,0x00627CC0,208,Code/Libraries/Source/WWVegas/WWLib/stlport_vector_pair.cpp,matched,Open-BFME5 clean C++; found by locate
?do_put@?$time_put@DV?$ostreambuf_iterator@DV?$char_traits@D@_STL@@@_STL@@@_STL@@MBE?AV?$ostreambuf_iterator@DV?$char_traits@D@_STL@@@2@V32@AAVios_base@2@DPBUtm@@DD@Z,,0x00009EF0,108,Code/Libraries/Source/WWVegas/WWLib/stlport_narrow_time_put_do_put.cpp,matched,Open-BFME5 clean C++; stlport 4.5.3; narrow twin of 0x0000F680
??$__write_decimal_backward@_J@_STL@@YAPADPAD_JHABU__true_type@0@@Z,,0x0000D250,124,Code/Libraries/Source/WWVegas/WWLib/stlport_write_decimal_backward_64.cpp,matched,Open-BFME5 clean C++; stlport 4.5.3; the __int64 instantiation
??$__write_integer_backward@_J@_STL@@YAPADPADH_J@Z,,0x0000D180,206,Code/Libraries/Source/WWVegas/WWLib/stlport_write_integer_backward_int64.cpp,matched,Open-BFME5 clean C++; stlport 4.5.3; signed twin of 0x0000CF60
?_M_do_lock@?$_STLP_mutex_spin@$0A@@_STL@@SAXPCJ@Z,,0x00007690,235,Code/Libraries/Source/WWVegas/WWLib/stlport_mutex_spin.cpp,matched,Open-BFME5 clean C++; stlport 4.5.3 spin lock
?_M_acquire_lock@_STLP_mutex_base@_STL@@QAEXXZ,,0x00007820,8,Code/Libraries/Source/WWVegas/WWLib/stlport_mutex_acquire.cpp,matched,Open-BFME5 clean C++; stlport 4.5.3
??$mismatch@V?$istreambuf_iterator@GV?$char_traits@G@_STL@@@_STL@@PBG@_STL@@YA?AU?$pair@V?$istreambuf_iterator@GV?$char_traits@G@_STL@@@_STL@@PBG@0@V?$istreambuf_iterator@GV?$char_traits@G@_STL@@@0@0PBG@Z,,0x00012CA0,99,Code/Libraries/Source/WWVegas/WWLib/stlport_wide_mismatch.cpp,matched,Open-BFME5 clean C++; stlport 4.5.3; wide twin of 0x00011C30
??0?$basic_string@GV?$char_traits@G@_STL@@V?$allocator@G@2@@_STL@@QAE@ABV01@@Z,,0x0000EA90,102,Code/Libraries/Source/WWVegas/WWLib/stlport_wide_string_copy_ctor.cpp,matched,STLport 4.5.3 wide string copy constructor; the narrow twin at 0x00009170 mirrored with get_allocator instead of a default-constructed allocator and the three-argument range initialiser
?do_get@?$num_get@GV?$istreambuf_iterator@GV?$char_traits@G@_STL@@@_STL@@@_STL@@MBE?AV?$istreambuf_iterator@GV?$char_traits@G@_STL@@@2@V32@0AAVios_base@2@AAHAA_J@Z,,0x0000A530,47,Code/Libraries/Source/WWVegas/WWLib/stlport_wide_num_get.cpp,matched,STLport 4.5.3 wide num_get do_get for __int64; found as a vtable slot rather than through a caller - it is a virtual - and sized by the next claimed row. The vendored instantiation already produced it
?do_get@?$num_get@GV?$istreambuf_iterator@GV?$char_traits@G@_STL@@@_STL@@@_STL@@MBE?AV?$istreambuf_iterator@GV?$char_traits@G@_STL@@@2@V32@0AAVios_base@2@AAHAAK@Z,,0x0000A8F0,47,Code/Libraries/Source/WWVegas/WWLib/stlport_wide_num_get.cpp,matched,STLport 4.5.3 wide num_get do_get for unsigned long; found as a vtable slot rather than through a caller - it is a virtual - and sized by the next claimed row. The vendored instantiation already produced it
?do_get@?$num_get@GV?$istreambuf_iterator@GV?$char_traits@G@_STL@@@_STL@@@_STL@@MBE?AV?$istreambuf_iterator@GV?$char_traits@G@_STL@@@2@V32@0AAVios_base@2@AAHAAG@Z,,0x0000ABB0,47,Code/Libraries/Source/WWVegas/WWLib/stlport_wide_num_get.cpp,matched,STLport 4.5.3 wide num_get do_get for unsigned short; found as a vtable slot rather than through a caller - it is a virtual - and sized by the next claimed row. The vendored instantiation already produced it
?do_get@?$num_get@GV?$istreambuf_iterator@GV?$char_traits@G@_STL@@@_STL@@@_STL@@MBE?AV?$istreambuf_iterator@GV?$char_traits@G@_STL@@@2@V32@0AAVios_base@2@AAHAAJ@Z,,0x0000AE70,47,Code/Libraries/Source/WWVegas/WWLib/stlport_wide_num_get.cpp,matched,STLport 4.5.3 wide num_get do_get for long; found as a vtable slot rather than through a caller - it is a virtual - and sized by the next claimed row. The vendored instantiation already produced it
?underflow@?$basic_filebuf@GV?$char_traits@G@_STL@@@_STL@@MAEGXZ,,0x00015E90,10,Code/Libraries/Source/WWVegas/WWLib/stlport_wide_filebuf_underflow.cpp,matched,STLport 4.5.3 wide filebuf underflow - found as the vtable slot after xsgetn and confirmed by the body: ten bytes forwarding to _Underflow::_M_doit at 0x00015EA0 which is the next claimed row. Needs /Ob0 or cl inlines _M_doit into it
?underflow@?$basic_filebuf@DV?$char_traits@D@_STL@@@_STL@@MAEHXZ,,0x00013D90,10,Code/Libraries/Source/WWVegas/WWLib/stlport_narrow_filebuf_underflow.cpp,matched,STLport 4.5.3 narrow filebuf underflow - slot 7 of the narrow filebuf vtable which lines up with the wide vtable slot for slot. Ten bytes forwarding to _Underflow::_M_doit at 0x0001E560. Needs /Ob0 like its wide twin or cl inlines _M_doit into it
?setbuf@?$basic_streambuf@GV?$char_traits@G@_STL@@@_STL@@MAEPAV12@PAGH@Z,,0x00013570,5,Code/Libraries/Source/WWVegas/WWLib/stlport_wide_streambuf.cpp,matched,STLport 4.5.3 wide streambuf base default - slot 1 - returns this unchanged with mov eax ecx / ret 8. Found by reading the wide streambuf vtable against the filebuf vtable that overrides it
?sync@?$basic_streambuf@GV?$char_traits@G@_STL@@@_STL@@MAEHXZ,,0x0065CE90,3,Code/Libraries/Source/WWVegas/WWLib/stlport_wide_streambuf.cpp,matched,STLport 4.5.3 wide streambuf base default - slot 4 - returns 0 with xor eax eax / ret. Folded with showmanyc which slot 5 holds at the same address. Found by reading the wide streambuf vtable against the filebuf vtable that overrides it
?underflow@?$basic_streambuf@GV?$char_traits@G@_STL@@@_STL@@MAEGXZ,,0x00013920,5,Code/Libraries/Source/WWVegas/WWLib/stlport_wide_streambuf.cpp,matched,STLport 4.5.3 wide streambuf base default - slot 7 - returns eof with or ax 0xFFFF / ret. Found by reading the wide streambuf vtable against the filebuf vtable that overrides it
?pbackfail@?$basic_streambuf@GV?$char_traits@G@_STL@@@_STL@@MAEGG@Z,,0x00013960,7,Code/Libraries/Source/WWVegas/WWLib/stlport_wide_streambuf.cpp,matched,STLport 4.5.3 wide streambuf base default - slot 9 - returns eof with or ax 0xFFFF / ret 4. Folded with overflow which slot 12 holds at the same address. Found by reading the wide streambuf vtable against the filebuf vtable that overrides it
?imbue@?$basic_streambuf@GV?$char_traits@G@_STL@@@_STL@@MAEXABVlocale@2@@Z,,0x00180FD0,3,Code/Libraries/Source/WWVegas/WWLib/stlport_wide_streambuf.cpp,matched,STLport 4.5.3 wide streambuf base default - slot 13 - does nothing; ret 4. Found by reading the wide streambuf vtable against the filebuf vtable that overrides it
?underflow@?$basic_streambuf@DV?$char_traits@D@_STL@@@_STL@@MAEHXZ,,0x0013B5E0,4,Code/Libraries/Source/WWVegas/WWLib/stlport_narrow_streambuf_defaults.cpp,matched,STLport 4.5.3 narrow streambuf base underflow - slot 7 of the narrow streambuf vtable. Returns eof which for char_traits<char> is the int -1 so the body is or eax -1 / ret. Hand-written because basic_streambuf<char> is an explicit specialisation in the vendored headers and cannot be instantiated
?pbackfail@?$basic_streambuf@DV?$char_traits@D@_STL@@@_STL@@MAEHH@Z,,0x0001CA70,6,Code/Libraries/Source/WWVegas/WWLib/stlport_narrow_streambuf_defaults.cpp,matched,STLport 4.5.3 narrow streambuf base pbackfail - slot 9 of the narrow streambuf vtable. or eax -1 / ret 4. Slot 12 holds the same address so overflow folded onto it
?compareRange@@YAHPBDH0HUCharCompare@@@Z,,0x00005816,43,Code/Libraries/Source/WWVegas/WWLib/string_base_compare_range.cpp,matched,WWLib narrow string comparison worker behind StringBase<char>::compare and PooledString::compare. The cmovge that blocked it needs /arch:SSE - no /G or /O flag produces a conditional move in cl 13.10
?compareRangeNoCase@@YAHPBDH0HUCharCompare@@@Z,,0x00005841,44,Code/Libraries/Source/WWVegas/WWLib/string_base_compare_range.cpp,matched,The _memicmp twin of 0x00005816 - same body and same /arch:SSE requirement
?getIdNoCase@PooledString@@QBEIXZ,0x0060B820,0x0060B820,11,Code/GameEngine/Source/Common/System/pooled_string_nocase.cpp,matched,PooledString case-folded alias accessor - selects the alias with cmovne which cl 13.10 emits only under /arch:SSE. Split out of PooledString.cpp because the rest of that unit matches at plain /O1
?isEqualNoCase@PooledString@@QBE_NABV1@@Z,0x0060B82B,0x0060B82B,36,Code/GameEngine/Source/Common/System/pooled_string_nocase.cpp,matched,getIdNoCase inlined twice and compared - blocked behind the same cmovne and lands with it
??0_Loc_init@ios_base@_STL@@QAE@XZ,,0x0000F740,37,Code/Libraries/Source/WWVegas/WWLib/stlport_loc_init.cpp,matched,STLport 4.5.3 classic-locale initialisation guard. The banked body was already byte-exact - the eight bytes recorded as differing were the two unresolved REL32 displacements and nothing else. Pinning the two callees by address closed it
?compareRange@@YAHPBGH0HUWideCharCompare@@@Z,,0x0000586D,43,Code/Libraries/Source/WWVegas/WWLib/string_base_compare_range.cpp,matched,WWLib wide string comparison worker behind StringBase<wchar_t>::compare. Same shape as the narrow pair but it reads the trait object: ecx holds its address at the call so the comparison is a member of the trait rather than memcmp
?compareRangeNoCase@@YAHPBGH0HUWideCharCompare@@@Z,,0x00005898,43,Code/Libraries/Source/WWVegas/WWLib/string_base_compare_range.cpp,matched,The case-folded twin of 0x0000586D - identical body calling the other trait member
?Get_DX8_Patch_Edge_Style_Name@DX8Wrapper@@SAPBDI@Z,,0x0011F120,32,Code/Libraries/Source/WWVegas/WW3D2/dx8wrapper_names.cpp,matched,DX8Wrapper enum-to-string helper; the TU needs /G7 so cl emits an add of -1 rather than dec eax before the switch bounds check
?Get_DX8_Debug_Monitor_Token_Name@DX8Wrapper@@SAPBDI@Z,,0x0011F140,32,Code/Libraries/Source/WWVegas/WW3D2/dx8wrapper_names.cpp,matched,DX8Wrapper enum-to-string helper; the TU needs /G7 so cl emits an add of -1 rather than dec eax before the switch bounds check
?Get_DX8_ZBuffer_Type_Name@DX8Wrapper@@SAPBDI@Z,,0x0011EE20,43,Code/Libraries/Source/WWVegas/WW3D2/dx8wrapper_names.cpp,matched,DX8Wrapper enum-to-string helper; the TU needs /G7 so cl emits an add of -1 rather than dec eax before the switch bounds check
?Get_DX8_Fill_Mode_Name@DX8Wrapper@@SAPBDI@Z,,0x0011EE50,43,Code/Libraries/Source/WWVegas/WW3D2/dx8wrapper_names.cpp,matched,DX8Wrapper enum-to-string helper; the TU needs /G7 so cl emits an add of -1 rather than dec eax before the switch bounds check
?Get_DX8_Shade_Mode_Name@DX8Wrapper@@SAPBDI@Z,,0x0011EE80,43,Code/Libraries/Source/WWVegas/WW3D2/dx8wrapper_names.cpp,matched,DX8Wrapper enum-to-string helper; the TU needs /G7 so cl emits an add of -1 rather than dec eax before the switch bounds check
?Get_DX8_Cull_Mode_Name@DX8Wrapper@@SAPBDI@Z,,0x0011EF50,43,Code/Libraries/Source/WWVegas/WW3D2/dx8wrapper_names.cpp,matched,DX8Wrapper enum-to-string helper; the TU needs /G7 so cl emits an add of -1 rather than dec eax before the switch bounds check
?Get_DX8_Material_Source_Name@DX8Wrapper@@SAPBDI@Z,,0x0011F0A0,43,Code/Libraries/Source/WWVegas/WW3D2/dx8wrapper_names.cpp,matched,DX8Wrapper enum-to-string helper; the TU needs /G7 so cl emits an add of -1 rather than dec eax before the switch bounds check
?Get_DX8_Blend_Op_Name@DX8Wrapper@@SAPBDI@Z,,0x0011F160,55,Code/Libraries/Source/WWVegas/WW3D2/dx8wrapper_names.cpp,matched,DX8Wrapper enum-to-string helper; the TU needs /G7 so cl emits an add of -1 rather than dec eax before the switch bounds check
?Get_DX8_Texture_Transform_Flag_Name@DX8Wrapper@@SAPBDI@Z,,0x0011EDC0,67,Code/Libraries/Source/WWVegas/WW3D2/dx8wrapper_names.cpp,matched,DX8Wrapper enum-to-string helper; the TU needs /G7 so cl emits an add of -1 rather than dec eax before the switch bounds check
?Get_DX8_Cmp_Func_Name@DX8Wrapper@@SAPBDI@Z,,0x0011EF80,73,Code/Libraries/Source/WWVegas/WW3D2/dx8wrapper_names.cpp,matched,DX8Wrapper enum-to-string helper; the TU needs /G7 so cl emits an add of -1 rather than dec eax before the switch bounds check
?Get_DX8_Stencil_Op_Name@DX8Wrapper@@SAPBDI@Z,,0x0011F030,73,Code/Libraries/Source/WWVegas/WW3D2/dx8wrapper_names.cpp,matched,DX8Wrapper enum-to-string helper; the TU needs /G7 so cl emits an add of -1 rather than dec eax before the switch bounds check
?Get_DX8_Vertex_Blend_Flag_Name@DX8Wrapper@@SAPBDI@Z,,0x0011F0D0,80,Code/Libraries/Source/WWVegas/WW3D2/dx8wrapper_names.cpp,matched,DX8Wrapper enum-to-string helper; the TU needs /G7 so cl emits an add of -1 rather than dec eax before the switch bounds check
?Get_DX8_Texture_Arg_Name@DX8Wrapper@@SAPBDI@Z,,0x0011EC90,83,Code/Libraries/Source/WWVegas/WW3D2/dx8wrapper_names.cpp,matched,DX8Wrapper enum-to-string helper; the TU needs /G7 so cl emits an add of -1 rather than dec eax before the switch bounds check
?Get_DX8_Blend_Name@DX8Wrapper@@SAPBDI@Z,,0x0011EEB0,103,Code/Libraries/Source/WWVegas/WW3D2/dx8wrapper_names.cpp,matched,DX8Wrapper enum-to-string helper; the TU needs /G7 so cl emits an add of -1 rather than dec eax before the switch bounds check
?Get_DX8_Texture_Op_Name@DX8Wrapper@@SAPBDI@Z,,0x0011EB60,185,Code/Libraries/Source/WWVegas/WW3D2/dx8wrapper_names.cpp,matched,DX8Wrapper enum-to-string helper; the TU needs /G7 so cl emits an add of -1 rather than dec eax before the switch bounds check
?Get_DX8_Texture_Address_Name@DX8Wrapper@@SAPBDI@Z,,0x0011ED70,76,Code/Libraries/Source/WWVegas/WW3D2/dx8wrapper_names.cpp,matched,located by masked byte-scan
?Get_DX8_Texture_Filter_Name@DX8Wrapper@@SAPBDI@Z,,0x0011ED30,46,Code/Libraries/Source/WWVegas/WW3D2/dx8wrapper_names.cpp,matched,source-order slot ahead of Texture_Address; string relocs discriminate it from the identically shaped Fog_Mode
?Get_DX8_Fog_Mode_Name@DX8Wrapper@@SAPBDI@Z,,0x0011EFF0,46,Code/Libraries/Source/WWVegas/WW3D2/dx8wrapper_names.cpp,matched,the other half of the ambiguous pair; sits between Cmp_Func and Stencil_Op exactly as source order predicts
?Resize@?$VectorClass@H@@UAE_NHPBH@Z,,0x00002226,141,Code/Libraries/Source/WWVegas/WWLib/vector_class_resize.cpp,matched,WWLib Vector.H VectorClass<T>::Resize for a four-byte T; vftable 0x007BB5AC. Needs /arch:SSE for the cmovge and operator new[] declared so the array form binds. The last statement is the conjunction Vector && !array - not array == 0 - which is where the zeroed register in the final compare comes from
??$__get_decimal_integer@PAGO@_STL@@YA_NAAPAG0AAO@Z,,0x0000DC30,133,Code/Libraries/Source/WWVegas/WWLib/stlport_wide_get_decimal_long_double.cpp,matched,stlport-4.5.3
??$__get_integer@PAGO@_STL@@YA_NAAPAG0HAAOH_NDABV?$basic_string@DV?$char_traits@D@_STL@@V?$allocator@D@2@@0@ABU__false_type@0@@Z,,0x0000DCC0,384,Code/Libraries/Source/WWVegas/WWLib/stlport_wide_get_integer_long_double.cpp,matched,stlport-4.5.3
??$__get_integer@PADO@_STL@@YA_NAAPAD0HAAOH_NDABV?$basic_string@DV?$char_traits@D@_STL@@V?$allocator@D@2@@0@ABU__false_type@0@@Z,,0x0000C1B0,382,Code/Libraries/Source/WWVegas/WWLib/stlport_narrow_get_integer_long_double.cpp,matched,stlport-4.5.3
??$__get_decimal_integer@PADO@_STL@@YA_NAAPAD0AAO@Z,,0x0000C120,133,Code/Libraries/Source/WWVegas/WWLib/stlport_narrow_get_decimal_long_double.cpp,matched,stlport-4.5.3
??1_Loc_init@ios_base@_STL@@QAE@XZ,,0x000070E0,27,Code/Libraries/Source/WWVegas/WWLib/stlport_loc_init.cpp,matched,STLport 4.5.3 ios_base::_Loc_init destructor - the != 0 guard that pairs with the == 0 guard in the constructor at 0x0000F740
?_S_uninitialize@locale@_STL@@SAXXZ,,0x00007670,27,Code/Libraries/Source/WWVegas/WWLib/stlport_loc_init.cpp,matched,STLport 4.5.3 locale::_S_uninitialize - the > 0 guard that pairs with the <= 0 guard in _S_initialize at 0x0000BAC0
?_S_initialize@locale@_STL@@SAXXZ,,0x0000BAC0,31,Code/Libraries/Source/WWVegas/WWLib/stlport_loc_init.cpp,matched,STLport 4.5.3 locale::_S_initialize - the static twin of ios_base::_Loc_init's constructor over the same counter
??$__get_formatted_time@V?$istreambuf_iterator@DV?$char_traits@D@_STL@@@_STL@@PBD@_STL@@YAPBDV?$istreambuf_iterator@DV?$char_traits@D@_STL@@@0@0PBD1ABV_Time_Info@0@AAHPAUtm@@@Z,,0x0000D650,818,Code/Libraries/Source/WWVegas/WWLib/stlport_narrow_get_formatted_time.cpp,matched,stlport-4.5.3;the time_get do_get worker. Post-increment on the iterator in the else arm is what produces the eight-byte frame - the temporary it copies - and everything downstream of the register pressure it adds
??$__get_formatted_time@V?$istreambuf_iterator@GV?$char_traits@G@_STL@@@_STL@@PBD@_STL@@YAPBDV?$istreambuf_iterator@GV?$char_traits@G@_STL@@@0@0PBD1ABV_Time_Info@0@AAHPAUtm@@@Z,,0x0000EF40,822,Code/Libraries/Source/WWVegas/WWLib/stlport_wide_get_formatted_time.cpp,matched,stlport-4.5.3;wide twin of 0x0000D650 - the call offsets are identical to the narrow body at every site - that is what identified it
??$__get_monetary_value@V?$istreambuf_iterator@DV?$char_traits@D@_STL@@@_STL@@V?$back_insert_iterator@V?$basic_string@DV?$char_traits@D@_STL@@V?$allocator@D@2@@_STL@@@2@D@_STL@@YA_NAAV?$istreambuf_iterator@DV?$char_traits@D@_STL@@@0@V10@V?$back_insert_iterator@V?$basic_string@DV?$char_traits@D@_STL@@V?$allocator@D@2@@_STL@@@0@ABV?$ctype@D@0@DHDABV?$basic_string@DV?$char_traits@D@_STL@@V?$allocator@D@2@@0@AA_N@Z,,0x00011E30,648,Code/Libraries/Source/WWVegas/WWLib/stlport_narrow_get_monetary_value.cpp,matched,stlport-4.5.3;identified from three push_back sites plus __valid_grouping. ctype_base::mask must carry _Locale_SPACE bit 31 so the enum is unsigned - that is what produces the shr/test pair at each digit test instead of a direct test byte
??$__get_monetary_value@V?$istreambuf_iterator@GV?$char_traits@G@_STL@@@_STL@@V?$back_insert_iterator@V?$basic_string@GV?$char_traits@G@_STL@@V?$allocator@G@2@@_STL@@@2@G@_STL@@YA_NAAV?$istreambuf_iterator@GV?$char_traits@G@_STL@@@0@V10@V?$back_insert_iterator@V?$basic_string@GV?$char_traits@G@_STL@@V?$allocator@G@2@@_STL@@@0@ABV?$ctype@G@0@GHGABV?$basic_string@DV?$char_traits@D@_STL@@V?$allocator@D@2@@0@AA_N@Z,,0x00012E00,653,Code/Libraries/Source/WWVegas/WWLib/stlport_wide_get_monetary_value.cpp,matched,stlport-4.5.3;wide twin of 0x00011E30. ctype<wchar_t> has no table so the digit test is the virtual do_is through vtable slot 2 - that is the only structural difference between the two bodies
?Base64_Encode@@YAHPBXHPAXH@Z,,0x0061EAB0,279,Code/Libraries/Source/WWVegas/WWLib/base64.cpp,matched,Generals WWLib base64 - the same TU Open-BFME-1 already converted. Needs /G7 so the pointer and counter steps are add/sub of 1 rather than inc/dec
?Base64_Decode@@YAHPBXHPAXH@Z,,0x0061EBD0,296,Code/Libraries/Source/WWVegas/WWLib/base64.cpp,matched,Generals WWLib base64 - the same TU Open-BFME-1 already converted. Needs /G7 so the pointer and counter steps are add/sub of 1 rather than inc/dec
??RS4Cmp00625880@@QBE_NABUS4SortElem8@@0@Z,,0x00625880,34,Code/Libraries/Source/WWVegas/WWLib/stlport_push_heap_s4sortelem8.cpp,matched,ported from the Open-BFME-1 conversion; located by masked byte-scan
??$__push_heap@PAUS4SortElem8@@HU1@US4Cmp00625880@@@_STL@@YAXPAUS4SortElem8@@HHU1@US4Cmp00625880@@@Z,,0x00625A70,96,Code/Libraries/Source/WWVegas/WWLib/stlport_push_heap_s4sortelem8.cpp,matched,stlport-4.5.3 sift-up; ported from the Open-BFME-1 conversion
??RS4Cmp006258B0@@QBE_NABUS4SortElem8@@0@Z,,0x006258B0,34,Code/Libraries/Source/WWVegas/WWLib/stlport_push_heap_s4sortelem8_desc.cpp,matched,ported from the Open-BFME-1 conversion; located by masked byte-scan
??$__push_heap@PAUS4SortElem8@@HU1@US4Cmp006258B0@@@_STL@@YAXPAUS4SortElem8@@HHU1@US4Cmp006258B0@@@Z,,0x00625AD0,96,Code/Libraries/Source/WWVegas/WWLib/stlport_push_heap_s4sortelem8_desc.cpp,matched,stlport-4.5.3 sift-up with the reversed comparator; ported from the Open-BFME-1 conversion
??4Matrix3D@@QAEAAV0@ABV0@@Z,,0x0006336E,79,Code/Libraries/Source/WWVegas/WWMath/matrix3d.cpp,matched,ported from the Open-BFME-1 conversion; placed by masked byte-scan
?Dot_Product@Vector3@@SAMABV1@0@Z,,0x000663EF,29,Code/Libraries/Source/WWVegas/WWMath/matrix3d.cpp,matched,ported from the Open-BFME-1 conversion; placed by masked byte-scan
?Set_Translation@Matrix3D@@QAEXABVVector3@@@Z,,0x0008E15A,24,Code/Libraries/Source/WWVegas/WWMath/matrix3d.cpp,matched,ported from the Open-BFME-1 conversion; placed by masked byte-scan
??4Vector4@@QAEAAV0@ABV0@@Z,,0x00133880,31,Code/Libraries/Source/WWVegas/WWMath/matrix3d.cpp,matched,ported from the Open-BFME-1 conversion; placed by masked byte-scan
??4Vector3@@QAEAAV0@ABV0@@Z,,0x00169FB0,25,Code/Libraries/Source/WWVegas/WWMath/matrix3d.cpp,matched,ported from the Open-BFME-1 conversion; placed by masked byte-scan
??0Vector3@@QAE@MMM@Z,,0x006CD510,25,Code/Libraries/Source/WWVegas/WWMath/matrix3d.cpp,matched,ported from the Open-BFME-1 conversion; placed by masked byte-scan
??0Vector4@@QAE@MMMM@Z,,0x006D8A30,32,Code/Libraries/Source/WWVegas/WWMath/matrix3d.cpp,matched,ported from the Open-BFME-1 conversion; placed by masked byte-scan
?Length2@Vector3@@QBEMXZ,,0x00711C40,31,Code/Libraries/Source/WWVegas/WWMath/matrix3d.cpp,matched,ported from the Open-BFME-1 conversion; placed by masked byte-scan
?Set_Rotation@Matrix3D@@QAEXABVMatrix3@@@Z,,0x00711EF0,59,Code/Libraries/Source/WWVegas/WWMath/matrix3d.cpp,matched,ported from the Open-BFME-1 conversion; placed by masked byte-scan
?Set_Rotation@Matrix3D@@QAEXABVQuaternion@@@Z,,0x00711F30,205,Code/Libraries/Source/WWVegas/WWMath/matrix3d.cpp,matched,ported from the Open-BFME-1 conversion; placed by masked byte-scan
?Set@Matrix3D@@QAEXABVQuaternion@@ABVVector3@@@Z,,0x00713260,34,Code/Libraries/Source/WWVegas/WWMath/matrix3d.cpp,matched,ported from the Open-BFME-1 conversion; placed by masked byte-scan
?Inv_Sqrt@WWMath@@SIMM@Z,,0x0004233A,82,Code/Libraries/Source/WWVegas/WWMath/vp.cpp,matched,ported from the Open-BFME-1 conversion; placed by masked byte-scan
?Copy@VectorProcessorClass@@SAXPAVVector2@@PBV2@H@Z,,0x0071D3E0,26,Code/Libraries/Source/WWVegas/WWMath/vp.cpp,matched,ported from the Open-BFME-1 conversion; placed by masked byte-scan
?Copy@VectorProcessorClass@@SAXPAVVector4@@PBV2@H@Z,,0x0071D450,38,Code/Libraries/Source/WWVegas/WWMath/vp.cpp,matched,ported from the Open-BFME-1 conversion; placed by masked byte-scan
?Reset@ColmathStatsStruct@CollisionMath@@QAEXXZ,,0x00714B70,44,Code/Libraries/Source/WWVegas/WWMath/colmath.cpp,matched,ported from the Open-BFME-1 conversion; placed by masked byte-scan
??0ColmathStatsStruct@CollisionMath@@QAE@XZ,,0x00714BA0,46,Code/Libraries/Source/WWVegas/WWMath/colmath.cpp,matched,ported from the Open-BFME-1 conversion; placed by masked byte-scan
?Set@Matrix3@@QAEXABVQuaternion@@@Z,,0x00716950,205,Code/Libraries/Source/WWVegas/WWMath/matrix3.cpp,matched,ported from the Open-BFME-1 conversion; placed by masked byte-scan
?Init@AABoxClass@@QAEXABVVector3@@0@Z,,0x0007E535,44,Code/Libraries/Source/WWVegas/WWMath/cullsys.cpp,matched,ported from the Open-BFME-1 conversion; placed by masked byte-scan
??4AABoxClass@@QAEAAV0@ABV0@@Z,,0x001492E0,43,Code/Libraries/Source/WWVegas/WWMath/cullsys.cpp,matched,ported from the Open-BFME-1 conversion; placed by masked byte-scan
?Is_Empty@VolumeStruct@GridCullSystemClass@@QBE_NXZ,,0x0071AB00,38,Code/Libraries/Source/WWVegas/WWMath/gridcull.cpp,matched,ported from the Open-BFME-1 conversion; placed by masked byte-scan
??0GridLinkClass@@QAE@PAVGridCullSystemClass@@@Z,,0x0071ACD0,33,Code/Libraries/Source/WWVegas/WWMath/gridcull.cpp,matched,ported from the Open-BFME-1 conversion; placed by masked byte-scan
?Reset_Statistics@GridCullSystemClass@@QAEXXZ,,0x0071AE20,30,Code/Libraries/Source/WWVegas/WWMath/gridcull.cpp,matched,ported from the Open-BFME-1 conversion; placed by masked byte-scan
?link_object_to_list@GridCullSystemClass@@IAEXPAPAVCullableClass@@PAV2@@Z,,0x0071AE50,42,Code/Libraries/Source/WWVegas/WWMath/gridcull.cpp,matched,ported from the Open-BFME-1 conversion; placed by masked byte-scan
??0GenericMultiListClass@@QAE@XZ,,0x00065815,39,Code/Libraries/Source/WWVegas/WWMath/lookuptable.cpp,matched,ported from the Open-BFME-1 conversion; placed by masked byte-scan
?Peek_Head@?$RefMultiListClass@VLookupTableClass@@@@QAEPAVLookupTableClass@@XZ,,0x00141120,24,Code/Libraries/Source/WWVegas/WWMath/lookuptable.cpp,matched,ported from the Open-BFME-1 conversion; placed by masked byte-scan
?Clear@?$VectorClass@M@@UAEXXZ,,0x00154A30,39,Code/Libraries/Source/WWVegas/WWMath/ode.cpp,matched,ported from the Open-BFME-1 conversion; placed by masked byte-scan
?Clear@?$DynamicVectorClass@M@@UAEXXZ,,0x0016FED0,42,Code/Libraries/Source/WWVegas/WWMath/ode.cpp,matched,ported from the Open-BFME-1 conversion; placed by masked byte-scan
??4_ArcInfoStruct@VehicleCurveClass@@QAEAAU01@ABU01@@Z,,0x000B2CE5,85,Code/Libraries/Source/WWVegas/WWMath/vehiclecurve.cpp,matched,ported from the Open-BFME-1 conversion; placed by masked byte-scan
?Delete_All@?$DynamicVectorClass@U_ArcInfoStruct@VehicleCurveClass@@@@QAEXXZ,,0x0011F660,25,Code/Libraries/Source/WWVegas/WWMath/vehiclecurve.cpp,matched,ported from the Open-BFME-1 conversion; placed by masked byte-scan
??8?$VectorClass@U_ArcInfoStruct@VehicleCurveClass@@@@UBE_NABV0@@Z,,0x00124580,25,Code/Libraries/Source/WWVegas/WWMath/vehiclecurve.cpp,matched,ported from the Open-BFME-1 conversion; placed by masked byte-scan
??0_ArcInfoStruct@VehicleCurveClass@@QAE@XZ,,0x0022239C,43,Code/Libraries/Source/WWVegas/WWMath/vehiclecurve.cpp,matched,ported from the Open-BFME-1 conversion; placed by masked byte-scan
?Clear@?$ShareBufferClass@E@@QAEXXZ,,0x00169930,27,Code/Libraries/Source/WWVegas/WW3D2/MeshGeometryShareBufferInstantiations.cpp,matched,ported from the Open-BFME-1 conversion; placed by masked byte-scan
??1bad_alloc@std@@UAE@XZ,,0x00023850,29,Code/Libraries/Source/WWVegas/WWLib/BadAllocDestructor.cpp,matched,ported from the Open-BFME-1 conversion; placed by masked byte-scan
??_Gbad_alloc@std@@UAEPAXI@Z,,0x00024CC0,44,Code/Libraries/Source/WWVegas/WWLib/BadAllocDestructor.cpp,matched,ported from the Open-BFME-1 conversion; placed by masked byte-scan
??$__write_integer@J@_STL@@YAPADPADHJ@Z,,0x0001A450,72,Code/Libraries/Source/WWVegas/WWLib/stlport_write_integer_backward.cpp,matched,stlport-4.5.3;the 64-byte scratch wrapper over __write_integer_backward. __copy_trivial is inlined here rather than called
??6Debug@@QAEAAV0@_N@Z,,0x00038890,30,Code/Libraries/Source/WWVegas/WWDebug/debug_operator_bool.cpp,matched,ported from the Open-BFME-1 conversion; placed by masked byte-scan
?DuplicateCRCError@INIClass@@QAEXPBD00@Z,,0x00615C00,91,Code/Libraries/Source/WWVegas/WWLib/ini_duplicate_crc_error.cpp,matched,WWLib INIClass duplicate-CRC warning; named from the Generals declaration. This engine takes a third argument for the section
?Process_Cache_Info@CPUDetectClass@@CAXI@Z,,0x00611250,737,Code/Libraries/Source/WWVegas/WWLib/cpudetect.cpp,matched,ported from the Open-BFME-1 conversion; placed by masked byte-scan
?Init_Rise_Processor_Type@CPUDetectClass@@CAXXZ,,0x00611760,77,Code/Libraries/Source/WWVegas/WWLib/cpudetect.cpp,matched,ported from the Open-BFME-1 conversion; placed by masked byte-scan
??0AABoxClass@@QAE@ABVVector3@@0@Z,,0x00108B65,46,Code/Libraries/Source/WWVegas/WWMath/aabtreecull.cpp,matched,ported from the Open-BFME-1 conversion; placed by masked byte-scan
?Shrink@?$SimpleDynVecClass@VAABoxClass@@@@IAE_NXZ,,0x001440A0,32,Code/Libraries/Source/WWVegas/WWMath/aabtreecull.cpp,matched,ported from the Open-BFME-1 conversion; placed by masked byte-scan
??4SplitChoiceStruct@AABTreeNodeClass@@QAEAAU01@ABU01@@Z,,0x00198BF0,109,Code/Libraries/Source/WWVegas/WWMath/aabtreecull.cpp,matched,ported from the Open-BFME-1 conversion; placed by masked byte-scan
?Init@Matrix4x4@@QAEXABVVector4@@000@Z,,0x0006905B,110,Code/Libraries/Source/WWVegas/WWMath/matrix4x4.cpp,matched,ported from the Open-BFME-1 conversion; placed by masked byte-scan
??0?$pair@$$CBVAsciiString@@URva00466EA7Value@@@_STL@@QAE@ABU01@@Z,,0x00466EA7,27,Code/Libraries/Source/WWVegas/WWLib/RvaTreeInsertUniqueNoCase.cpp,matched,ported from the Open-BFME-1 conversion; the mapped-value struct is a placeholder named for the address it sits at here
?RunResultFunctions@ProfileCmdInterface@@QAEXXZ,,0x006C6E30,71,Code/Libraries/Source/profile/profile_cmd_run_result_functions.cpp,matched,profile_cmd.cpp exit-time result flush; body verbatim from the Generals reference. Debug::Command is a virtual on the Debug global at 0x00DE0880 here rather than the reference's static
