uData	0x67c020
data\lotr.str	0x2e698b
E99E8455-CC9B-488a-BA22-0E8A8F74F9FA	0x275d
CLOUDY	0x31842a
CAN_ATTACK	0x28c819
DESTROYED	0x28c819
CATAPULT_ROCK	0x291a8c
FXParticleSystemInfo	0x1272
lotrbfme.ico	0x275d
false	0x38890,0x65df80,0x65d2d0,0x6dcac0,0x6dcb20,0x6d28d0,0x6d2930,0x6d2a60,0x6d2b70,0x6d2cb0,0x657500,0x657540,0x6758a0,0x655820,0x66f170,0x74e360,0x66c8b0,0x66c850,0x66c480,0x66c4f0,0x66c620,0x665c30,0x66ce20,0x665a70
%.2ld	0x18780
%a %b %e %H:%M:%S %Y	0x19260
0123456789abcdefx	0xd460,0xd180,0xd320,0xcf60
0123456789ABCDEFX	0xd460,0xd180,0xd320,0xcf60
ios failure	0x1bc50,0x1bf90,0x1c010,0x1c090,0x1c300
LC_MESSAGES=	0x20680
LC_MONETARY=	0x20680
LC_COLLATE=	0x20680
LC_NUMERIC=	0x20680
LC_TIME=	0x20680
LC_CTYPE=	0x20680
Unknown problem	0x5571b,0x16dd70,0x622410,0x620b70
 %s(%d): STL error : %s %s(%d): STL assertion failure:     %s  	0x23d30
%s(%d): STL assertion failure : %s 	0x23d00
 %s(%d): STL error: %s 	0x23cd0
out of memory 	0x24200
INTERNAL ERROR! scanIndexList: No name list provided!	0x2bcab
Token '%s' is not a valid member of the index list	0x2bcab,0x2bd39
INTERNAL ERROR! scanLookupList: No name list provided!	0x2bd85
Token '%s' is not a valid member of the lookup list	0x2bd85
Unknown error parsing INI block '%s' in file '%s'.	0x2db2a,0x2c1c8
%s  Error parsing INI block '%s' in file '%s'.	0x2daeb,0x2c18d
invalid boolean token %s -- expected Yes or No	0x2d14a
Unknown error parsing field '%s' in block '%s' in file '%s', line %i. 	0x2d96c
%s  Error parsing field '%s' in block '%s' in file '%s', line %i. 	0x2d904
Expected additional data after '%s'	0x2dfe2,0x2df97
Expected '%s' but found '%s'	0x2e06b,0x60c7ad
INTERNAL ERROR! parseBitString32: No flag list provided!	0x2eb38
you may not mix normal and +- ops in bitstring lists	0x3fb3b8,0x49b750,0x21aafe,0x33afbb,0x49d67f,0x3339ce,0x417c23,0xb664e,0x255d58,0x3b44ee,0x2c82c8,0x2eb38
Expected signed integer value, math op, or predefined macro, but found '%s'	0x2eccf
Expected unsigned integer value, math op, or predefined macro, but found '%s'	0x2ed3a
Expected floating point value, math op, or predefined macro, but found '%s'	0x2eda5
value out of range, expected -128..127	0x2ee22
value out of range, expected 0..255	0x2ee6d
value out of range, expected -32768..32767	0x2eeb9
value out of range, expected 0..65535	0x2ef09
value out of range, expected 0..%d	0x2ef72
invalid Real value %1.7f -- expected > 0	0x2efdc
invalid Real value %1.7f -- expected >= 0	0x2f02f
invalid Real value %1.7f -- expected <= 0	0x2f082
expected '%s'	0x2f2ff,0x2f3fe
can't omit value for color %s	0x2f2ff,0x2f3fe
GI.DAT ERROR	0x2fa40,0x2fa00
UserDataLeafName	0x2f720
OnlineServer	0x2f720
InstallerRegPath	0x2f720
GameRegPath	0x2f720
GameName	0x2f720
SkuName	0x2f720
Waiting...	0x30000
Paused	0x30000
-startPaused	0x30000
,%i,%i,%i,%i,%i,%i,%i,%i,%i,%i	0x30250
,%s core,comm,res,blocks,mmap,bytes,slack,free,waste,percent	0x30250
?_GetHeapAllocatorByIndex@MemoryPool@@YAPAVGeneralAllocator@Allocator@EA@@I@Z	0x30730
?_GetHeapAllocator@MemoryPool@@YAPAVGeneralAllocator@Allocator@EA@@I@Z	0x30730
?_AddHeap@MemoryPool@@YAXII@Z	0x30730
?_VerifyIntegrity@MemoryPool@@YAXXZ	0x30730
?_GetBlockHeap@MemoryPool@@YAIPAX@Z	0x30730
?_GetBlockSize@MemoryPool@@YAIPAXI@Z	0x30730
?_IsValidBlock@MemoryPool@@YA_NPAXI@Z	0x30730
?_Free@MemoryPool@@YAXPAXW4AllocType@1@@Z	0x30730
?_Reallocate@MemoryPool@@YAPAXPAXIW4AllocType@1@I@Z	0x30730
?_Allocate@MemoryPool@@YAPAXIW4AllocType@1@I@Z	0x30730
?_DumpFragmentation@MemoryPool@@YAXPAU_iobuf@@_NPBD@Z	0x30730
?_Exit@MemoryPool@@YAXXZ	0x30730
?_Init@MemoryPool@@YAXXZ	0x30730
attr: %s %s%c	0x31430
internal	0x31430
mapped	0x31430
data: %s%c	0x31430
size: %10u (%8x)%c	0x31430
addr: 0x%08x%c	0x31430
errors.txt	0x3aed0,0x38440,0x399c0
\errors.txt	0x38440
HResult:0x	0x38c30
 build 	0x395d0,0x3d46db
 release	0x395d0
 internal 	0x395d0
Version:	0x395d0
Fatal heap error.	0x398a0
%s(%i)	0x3a8a0,0x3ad80,0x3aed0,0x3a750,0x39a60,0x3e570
[%02i:%02i.%02i.%03i] 	0x39b70
Unknown command, help not available	0x39e20
Unknown command	0x39e20
Unknown command group 	0x39e20
%s.%s	0x39e20
Hint: The DLL got loaded as: 	0x3a250
 You are using an older version of the DBGHELP.DLL library. Please update to the newest available version in order to get reliable stack and symbol information.  	0x3a250
default.dbgcmd	0x3a250
-dbgcmd:	0x3a250
_EA_RTS_FILENAME	0x3a250,0x3fa20
debug	0x3a250
OutputDebugString function	0x3a250
Network via named pipe	0x3a250
Flat local file(s)	0x3a250
Console window	0x3a250
, expression 	0x3a750
, line 	0x3ad80,0x3a750
 Assertion failed in 	0x3a750
\code\	0x3ad80,0x3a750
Game crash	0x3a8a0,0x3aed0
Assert hit too often - turning check off. 	0x3a8a0
Assertion failed	0x3a8a0
 Because of the severity of this error the game will now exit.	0x3a8a0,0x3aed0
 (hit #	0x3a8a0,0x3aed0
, reason: 	0x3ad80
Error in 	0x3ad80
  ---------------------------------------------------------------    	0x3aed0
Error hit too often - turning check off. 	0x3aed0
Error hit	0x3aed0
NULL]	0x3b340
SymCleanup	0x6c4cd0
SymGetLineFromAddr	0x6c4cd0
SymGetSymFromAddr	0x6c4cd0
SymGetModuleBase	0x6c4cd0
SymFunctionTableAccess	0x6c4cd0
StackWalk	0x6c4cd0
SymGetOptions	0x3b850
SymInitialize	0x3b850,0x6c4cd0
SymEnumSymbolsForAddr	0x3b850
DBGHELP.DLL	0x3b850
 (invalid code addr)	0x3b9e0
, %s:%i+0x%x	0x3b9e0
, %s+0x%x	0x3b9e0
+0x%x	0x3b9e0
 (unknown module)	0x3b9e0
(inv code addr)	0x3bc80
(unknown)	0x3bc80
(unknown mod)	0x3bc80
 addresses: 	0x3bf60
SeDebugPrivilege	0x3c550
DUMP_%s_%04d%02d%02d-%02d%02d%02d_%s_%ld_%ld.dmp	0x3c550
MiniDumpWriteDump	0x3c550
EXCEPTION_MS	0x3c7a0
Microsoft C++ Exception	0x3c7a0
EXCEPTION_UNKNOWN	0x3c7a0
Unknown exception code 0x%08x	0x3c7a0
EXCEPTION_STACK_OVERFLOW	0x3c7a0
The thread used up its stack.	0x3c7a0
EXCEPTION_PRIV_INSTRUCTION	0x3c7a0
The thread tried to execute an instruction whose operation is not allowed in the current machine mode.	0x3c7a0
EXCEPTION_INT_OVERFLOW	0x3c7a0
The result of an integer operation caused a carry out of the most significant bit of the result.	0x3c7a0
EXCEPTION_INT_DIVIDE_BY_ZERO	0x3c7a0
The thread tried to divide an integer value by an integer divisor of zero.	0x3c7a0
EXCEPTION_FLT_UNDERFLOW	0x3c7a0
The exponent of a floating-point operation is less than the magnitude allowed by the corresponding type.	0x3c7a0
EXCEPTION_FLT_STACK_CHECK	0x3c7a0
The stack overflowed or underflowed as the result of a floating-point operation.	0x3c7a0
EXCEPTION_FLT_OVERFLOW	0x3c7a0
The exponent of a floating-point operation is greater than the magnitude allowed by the corresponding type.	0x3c7a0
EXCEPTION_FLT_INVALID_OPERATION	0x3c7a0
Some strange unknown floating point operation was attempted.	0x3c7a0
EXCEPTION_FLT_INEXACT_RESULT	0x3c7a0
The result of a floating-point operation cannot be represented exactly as a decimal fraction.	0x3c7a0
EXCEPTION_FLT_DIVIDE_BY_ZERO	0x3c7a0
The thread tried to divide a floating-point value by a floating-point divisor of zero.	0x3c7a0
EXCEPTION_FLT_DENORMAL_OPERAND	0x3c7a0
One of the operands in a floating-point operation is denormal. A denormal value is one that is too small to represent as a standard floating-point value.	0x3c7a0
EXCEPTION_NONCONTINUABLE_EXCEPTION	0x3c7a0
The thread tried to continue execution after a noncontinuable exception occurred.	0x3c7a0
EXCEPTION_INVALID_HANDLE	0x3c7a0
An invalid Windows handle was used.	0x3c7a0
EXCEPTION_INVALID_DISPOSITION	0x3c7a0
An exception handler returned an invalid disposition to the exception dispatcher. Programmers using a high-level language such as C should never encounter this exception.	0x3c7a0
EXCEPTION_ILLEGAL_INSTRUCTION	0x3c7a0
The thread tried to execute an invalid instruction.	0x3c7a0
EXCEPTION_ARRAY_BOUNDS_EXCEEDED	0x3c7a0
The thread tried to access an array element that is out of bounds and the underlying hardware supports bounds checking.	0x3c7a0
EXCEPTION_IN_PAGE_ERROR	0x3c7a0
The thread tried to access a page that was not present, and the system was unable to load the page. For example, this exception might occur if a network connection is lost while running a program over the network.	0x3c7a0
EXCEPTION_SINGLE_STEP	0x3c7a0
A trace trap or other single-instruction mechanism signaled that one instruction has been executed.	0x3c7a0
EXCEPTION_ACCESS_VIOLATION	0x3c7a0
The thread tried to read from or write to a virtual address for which it does not have the appropriate access. Access address 0x%08x was %s.	0x3c7a0
read from	0x3c7a0
written to	0x3c7a0
EXCEPTION_BREAKPOINT	0x3c7a0
A breakpoint was encountered.	0x3c7a0
EXCEPTION_GUARD_PAGE	0x3c7a0
A guard page was accessed.	0x3c7a0
EXCEPTION_DATATYPE_MISALIGNMENT	0x3c7a0
The thread tried to read or write data that is misaligned on hardware that does not provide alignment. For example, 16-bit values must be aligned on 2-byte boundaries; 32-bit values on 4-byte boundaries, and so on.	0x3c7a0
Exception occured at 	0x3dcd0,0x3cbc0
Cr0NpxState: 	0x3cd30
 DataSel: 	0x3cd30
DataOfs:     	0x3cd30
 ErrSel:  	0x3cd30
ErrOfs:      	0x3cd30
FP registers not available 	0x3cd30
Symbol	0x3d004
Module	0x3d004
Address	0x3d004
No stack data available - check for dbghelp.dll	0x3d004
IsDebuggerPresent	0x75a75f,0x3e3e0,0x3d004
kernel32	0x3e3e0,0x3d880,0x3d004
OpenThread	0x3d880
Flags:	0x3da20
 EBP:	0x3da20
 ESP:	0x3da20
 EDI:	0x3da20
 ESI:	0x3da20
 ECX:	0x3da20
 EBX:	0x3da20
ReportFault	0x3dcd0
faultrep.dll	0x3dcd0
Bytes around EIP:	0x3dcd0
crashmailer.exe %i %s	0x3dcd0
EA/DEBUG: EXCEPTION_STACK_OVERFLOW 	0x3dcd0
Exception in exception handler	0x3dcd0
Fatal error	0x3dcd0
msvcrt.dll	0x3e260
kernel32.dll	0x3e260
RaiseException	0x3e260
Internal assert failed	0x3e360
File %s, line %i: %s	0x3e360
CheckRemoteDebuggerPresent	0x3e3e0
Debug mem alloc failed	0x3e450,0x6c5940,0x6c5460
Debug mem realloc failed	0x3e4b0,0x6c54b0
Skip Stack Walk: 	0x3e570
Please specify mode and pattern	0x3e570
Extra error log: 	0x3e570
Full memory dump: 	0x3e570
unknown	0x3e570,0x697160,0x696dd0,0x449baa
Windowed: 	0x3e570
Serious test crash. Everything is fine.	0x3e570
fatalcrash	0x3e570
exception	0x3e570
crash	0x3e570
Timestamp: 	0x3e570
skipStackWalk	0x3e570
Always flush: 	0x3e570
(none) 	0x3e570
Active: 	0x3e570
Possible: 	0x3e570
Add I/O class first	0x3e570
remove	0x3e570
I/O class factory failed	0x3e570
I/O class already added	0x3e570
Unknown I/O class 	0x3e570
Unknown item type, see help.	0x3e570
 [off]	0x3e570
 hits)	0x3e570
Crashes: 	0x3e570
Asserts: 	0x3e570
Logs: 	0x3e570
Command groups: 	0x3e570
errors [ (+|-) ]  Enables/disables extra logging of DERRORs into errors.txt (default: on). 	0x3e570
errors	0x3e570
fulldump [ (+|-) ]  Enables/disables full memory dumps on crash (default: off). 	0x3e570
fulldump	0x3e570
windowed [ (+|-) ]  Enables/disables windowed mode thus overriding any auto-detected status. 	0x3e570
windowed	0x3e570
view [ (l|a|c) ]  Shows the active pattern for the given list (l=logs, a=asserts, c=crashes). 	0x3e570
add (l|a|c) (+|-) <pattern>  Adds a pattern to the given list (l=logs,  a=asserts, c=crashes). By default all asserts and crashes are active, all logs inactive. Each item is then checked  against all pattern in the respective list. If a match is found the active/inactive state is modified accordingly (+ for active, - for inactive). The final state is always the last match.	0x3e570
clear (l|a|c)  Clears the given inclusion/exclusion list (l=logs, a=asserts, c=crashes). 	0x3e570
clear	0x3e570
beep  Causes a beep on the internal system speaker. 	0x3e570
exit  Exits program immediately. 	0x3e570
timestamp [ (+|-) ]  Enables/disables timestamping each log entry (default: off). 	0x3e570
timestamp	0x3e570
skipstackwalk [ (+|-) ]  Enables/disables stack walk feature the log file (default: off). 	0x3e570
skipstackwalk	0x3e570
alwaysflush [ (+|-) ]  Enables/disables flushing after each new entry in the log file (default: off). 	0x3e570
alwaysflush	0x3e570
io <I/O Class> <cmd> { <param> }]  Issues a I/O class command. I/O class commands are used for determining where all log output should be sent.  Please check the list of  ef debug_ioclasses for a list of existing I/O classes.  Each existing I/O class must accept at least the following two commands: 'add' and 'remove'. Usually after a class has been added it reacts to the 'help' command as well.  If the command is entered without any parameters a list of active I/O classes is shown. Typing 'io ?' retrieves a list of possible I/O classes. 	0x3e570
list (g|l|d|a|c) [ <pattern> ]  Shows some or all items of a specific type.  The following items are supported: - g: command groups - l: log groups (only those encountered yet) - d: log groups with descriptions (only those that have descriptions) - a: asserts (only those hit yet) - c: crashes (only those failed yet)  If a pattern is specified only items matching that pattern are shown. A pattern can contain any character, letter, or a wildcard '*'.  Please note that assert and crash items have their line number appended to the current file name, e.g. debug.cpp(13). 	0x3e570
debug group help:   list, io, alwaysflush, skipstackwalk, timestamp, exit, beep, clear, add, view, windowed, fulldump, errors 	0x3e570
net I/O help:   add [ <machine> ]     create net I/O (optionally specifying the machine to connect to) 	0x3f690
Client at %s 	0x3f690
Could not connect to given machine. 	0x3f690
\\%s\pipe\ea_debug_v1	0x3f690
%04i%02i%02i-%02i%02i-%02i	0x3fa20
(%i)%s	0x3fdf0
Unknown flat I/O command	0x40160
splitremove <namepattern>  Removes all active splits matching the given name pattern.	0x40160
splitview  Shows all existing splits in the order they are evaluated.	0x40160
splitadd <types> <filter> <name> [ <size in kb> ]  Splits off part of the log data. Multiple splits can be defined. They  are written out to the first matching split file.  'types' defines one or more string types which should be split off: - a: asserts - c: crash - l: logs - x: exceptions - r: replies from commands - o: other messages   Next a filter is specified that determines which items are to be  filtered (only for string types a, c and l). Items can be listed with then 'list' command. The filter is exactly specified as in that command.  The third parameter defines a name for this split. If there is  already a split with the same name then both will write to the same  destination file.  Note: If splits are used and the filename given for 'add' is static  or does not contain 'n' or 'N' then the split name is automatically  appended to the log file name (before the extension).  If a size is specified then all data is internally written to a  fixed size memory based ring buffer. This data is flushed out once  the program exits.  If no size is given then the size of the log file is not limited and  any log data is written out immediately. 	0x40160
copy <directory>  Copies generated log file(s) into the given directory if the program exists or crashes. If there is already a log file with the same name a unique number is appended to the current log files' name. 	0x40160
add [ <filename> [ <size in kb> ] ]  Create flat file I/O (optionally specifying file name and file size). If a filename is specified all output is written to that file. Otherwise the magic filename '*eMN' is automatically used. Any existing files with that name are overwritten.  Instead of a real file name a 'magic' file name can be used by starting the file name with a '*' followed by any number of special characters: - 'e': inserts EXE name - 'm': inserts machine name - 'u': inserts username - 't': inserts timestamp - 'n': inserts split name (empty if main log file) - '-': inserts '-' - 'E', 'M', 'U', 'T', 'N': same as above but with '-' in front    (for 'N': empty if main log file) .log is automatically appended if using magic file names.  If a size is specified then all data is internally written to a fixed  size memory based ring buffer. This data is flushed out once the  program exits. If no size is given then the size of the log file is not  limited and any log data is written out immediately. 	0x40160
flat I/O help: The following I/O commands are defined:   add, copy, splitadd, splitview, splitremove Type in debug.io flat help <cmd> for a detailed command help. 	0x40160
splitremove	0x40160
splitview	0x40160
splitadd	0x40160
con I/O help:   add [ <width> [ <height> ] ]     create con I/O (optionally specifying the window size) 	0x40b50
 [debug console]	0x40c40
  EA/Debug console open  	0x40c40
CON@%08x	0x40c40
ZoomFadeFullEffectEdgeLength	0x4171a
ZoomFadeZeroEffectEdgeLength	0x4171a
ZoomFadeDistanceForMaxEffect	0x4171a
ZoomMaxDistance	0x4171a
ZoomMinDistance	0x4171a
MicrophoneMaxDistanceToCamera	0x4171a
MicrophoneMinDistanceToCamera	0x4171a
MicrophonePreferredFractionCameraToGround	0x4171a
---------------------------------------------------------------- 	0x43d0f,0x43d3c,0x43d69,0x43d96
SkirmishAIDebugDisplay should never be called directly, but is just a placeholder for drawSkirmishAIStats()	0x43d3c
AnimDebugDisplay(...) should never be called directly, but is just a placeholder for drawDebugStats()	0x43d69
NetworkDebugDisplay(...) should never be called directly, but is just a placeholder for drawDebugStats()	0x43d96
Index out of range in SubTitleManager::GetText().	0x46906
sshot%.4d	0x47bc0
Padded Cell	0x50f7d
<Unknown>	0x1deb8a,0x50f7d
Mono Delay Filter	0x5178d
Data\INI\AudioSettings.ini	0x5407e
Data\INI\Default\AmbientStream.ini	0x540a7
Data\INI\Default\SoundEffects.ini	0x540a7
Data\INI\Default\Speech.ini	0x540a7
Data\INI\Default\Music.ini	0x540a7
Data\INI\MiscAudio.ini	0x54120
Data\INI\AmbientStream.ini	0x54120
Data\INI\Voice.ini	0x54120
Data\INI\Speech.ini	0x54120
Data\INI\SoundEffects.ini	0x54120
Data\INI\Music.ini	0x54120
Set must be empty on load	0xbc559,0x2f1cdd,0x2e208a
std::set	0xbc559,0x2f1cdd,0x2e208a
Vector must be empty on load	0x4facd0,0x398280,0x5334db,0x3f2c0c,0x3f2394,0x390911,0x3f5a72,0x46efdb,0x40e19d,0x40e269,0x1eca2d,0x60c253
std::vector	0x4facd0,0x398280,0x5334db,0x3f2c0c,0x3f2394,0x390911,0x3f5a72,0x46efdb,0x40e19d,0x40e269,0x1eca2d,0x60c253
Mono Delay Mix	0x5ba08
Mono Delay	0x5ba08
Mono Delay Time	0x5ba08
Map must be empty on load	0x473fd4,0x470222,0x35552a,0x35568f,0x54755b
std::map	0x473fd4,0x470222
W3DDefaultDraw	0x290efe
HardwareFog	0x693ae,0x146f50
shaders\Glow.pso	0x77f80
shaders\Glow.vso	0x77f80
data/editor/molds/%s	0x7846f
%sMapPreviews/	0x7846f
Art/Textures/	0x7846f
Art/CompiledTextures/	0x7846f
Art/W3D/	0x7846f
(NULL)	0x7a706,0x789a0
ShadowMap	0x14ff57
PCAWater_M	0x7ffed
PCAWater	0x7ffed
MinWaterOpacity	0x7ffed
TransparentWaterDepth	0x7ffed
BlendUsingTerrainAlpha	0x7ffed
ReflectionTexture	0x7ffed
Bases811Z	0x80e30,0x806f3
Bases811Y	0x80e30,0x806f3
Bases811X	0x80e30,0x806f3
Bases47Z	0x80e30,0x806f3
Bases47Y	0x80e30,0x806f3
Bases47X	0x80e30,0x806f3
Bases03Z	0x80e30,0x806f3
Bases03Y	0x80e30,0x806f3
Bases03X	0x80e30,0x806f3
Default	0x1d8e99,0x360613
Arial Unicode MS	0x902a6
Times New Roman	0x2c2533
Localized Path	0x9133f
Lang/%s/Data/Movies/	0x9133f
Mod Path	0x9133f
%s%s\	0x9133f
Data\Movies	0x9133f
C:\projects\bfme2patch103\bfme2\Code\GameEngineDevice\Source\W3DDevice\GameClient\W3DFire.cpp	0x98894
%s%04d.tga	0x999e3
%s.tga	0x999e3
l %f:%f:%f:%f	0xab485
s l:%f:%d:%d:%d:%d	0xab485
s s:%d:%d:%d:%d	0xab485
s t%c:%d:%d:%d:%d:%d:%f:%f:%f:%f:%f:%f	0xab485
t %f:%f:%f:%f:%f:%f	0xab485
%s.const	0xab96d
NamedCameras	0xac9da
GlobalLighting	0xad112
LibraryMapLists	0x329ff4
Teams	0x32a4d7
Art/Terrain/	0xaf917
MANUAL	0x740a60
' for attachable submodel in 	0xb7c24
Could not find bone '	0xb7c24
*** ASSET ERROR: SubObject %s not found (%s)! 	0xbaf7b
*** ASSET ERROR: SubObject wildcard string %s must not have wildcard at beginning (%s)! 	0xbaf7b
FXTrigger	0x305f4a
 but it's not there. This is either an art error (missing bone) or a design error (INI references the wrong bone). 	0xbe245
' is needed in model 	0xbe245
A bone named '	0xbe245
 not found. 	0xbe245
Animation 	0xbe245
ASSET ERROR: Model %s not found! 	0xbe245
Offset	0xe25de,0x184350
Shadow	0x14fac2
Texture	0x33a49b,0x1f69b1,0xe2a81,0xe236d
Skeleton	0x14fac2
ModelConditionState	0x4b6481
Missing cab bone %s in model %s 	0xcb8cb
Missing secondary mid-mid-right tire bone %s in model %s 	0xcb8cb
Missing secondary mid-mid-left tire bone %s in model %s 	0xcb8cb
Missing secondary rear-left tire bone %s in model %s 	0xcb8cb
Missing secondary front-right tire bone %s in model %s 	0xcb8cb
Missing secondary front-left tire bone %s in model %s 	0xcb8cb
Missing mid-mid-right tire bone %s in model %s 	0xcb8cb
Missing mid-mid-left tire bone %s in model %s 	0xcb8cb
Missing mid-rear-right tire bone %s in model %s 	0xcb8cb
Missing mid-rear-left tire bone %s in model %s 	0xcb8cb
Missing mid-front-right tire bone %s in model %s 	0xcb8cb
Missing mid-front-left tire bone %s in model %s 	0xcb8cb
Missing rear-left tire bone %s in model %s 	0xcb8cb
Missing front-right tire bone %s in model %s 	0xcb8cb
Missing front-left tire bone %s in model %s 	0xcb8cb
TREADS	0xce16a
Color	0x43eb1d,0x18bfce,0x688b10,0x14fdca,0x14fe33,0x14feb8,0x706a40
Width	0x33a49b
MeshMatDescClass::UV	0x15b960
IsResourceTextureEnabled	0xe1f42
ResourceTexture	0xe1f42
RenderingMode	0xe1f42
IsMacroTextureStrechedToMapSize	0xe1f42
MacroTexture	0xe1f42
NormalTexture	0xe1f42
BaseTexture	0xe1f42,0xe67e3
Weather	0xe1f42
Cloud	0xe1f42
Taint	0xe1f42
Shroud	0xe1f42
ObjectShroudStatus	0xe236d
ScaleUV_OffsetUV	0xe236d
Scale	0xe25de
HighTexture	0xe25de
LowTexture	0xe25de
MaskTexture	0xe25de
IsEnabled	0x18bfce,0xe25de
ScaleUV_OffsetPerSecondUV	0xe2a81
DarkeningColor	0xe2ca7
BorderWidth	0xe2dfd
HeightScale	0xe2dfd
CellSize	0xe2dfd
C:\projects\bfme2patch103\bfme2\Code\GameEngineDevice\Source\W3DDevice\GameClient\W3DVegetationBufferBase.cpp	0xe6406
IsAlphaBlendEnabled	0xe67e3
 requires a W3DTreeDrawModule. 	0xe8f9d,0xecdf5,0x283642,0x280176
Shrub 	0xe8f9d,0x280176
C:\projects\bfme2patch103\bfme2\Code\GameEngineDevice\Source\W3DDevice\GameClient\W3DShrubBuffer.cpp	0xe91ce
Tree 	0xecdf5,0x283642
C:\projects\bfme2patch103\bfme2\Code\GameEngineDevice\Source\W3DDevice\GameClient\W3DTreeBuffer.cpp	0xecf79
). Either reduce the geometric complexity or have engineering increase SHADOW_INDEX_SIZE. Unless this is fixed the given object will not have a volumetric shadow. [mh]	0xf4316
 has too many indices (	0xf4316
). Either reduce the geometric complexity or have engineering increase SHADOW_VERTEX_SIZE. Unless this is fixed the given object will not have a volumetric shadow. [mh]	0xf4316
 with a limit of 	0xf4316
 has too many vertices (	0xf4316
Shadow geometry for 	0xf4316
shaders\hilightfilter.vso	0xfa935
shaders\monochrome.pso	0xfb9d4
Target	0x418f7d,0x102b83
LookupTablePostEffect	0x111be9
SceneAnalyst	0x117cf0
RenderDeviceTextureDepth	0x11ce40,0x1201a0
RenderDeviceWindowed	0x11ce40,0x1201a0
RenderDeviceDepth	0x11ce40,0x1201a0
RenderDeviceHeight	0x11ce40,0x1201a0
RenderDeviceWidth	0x11ce40,0x1201a0
RenderDeviceName	0x11ce40,0x1201a0
D3DTOP_LERP	0x11eb60
D3DTOP_MULTIPLYADD	0x11eb60
D3DTOP_DOTPRODUCT3	0x11eb60
D3DTOP_BUMPENVMAPLUMINANCE	0x11eb60
D3DTOP_BUMPENVMAP	0x11eb60
D3DTOP_MODULATEINVCOLOR_ADDALPHA	0x11eb60
D3DTOP_MODULATEINVALPHA_ADDCOLOR	0x11eb60
D3DTOP_MODULATECOLOR_ADDALPHA	0x11eb60
D3DTOP_MODULATEALPHA_ADDCOLOR	0x11eb60
D3DTOP_PREMODULATE	0x11eb60
D3DTOP_BLENDCURRENTALPHA	0x11eb60
D3DTOP_BLENDTEXTUREALPHAPM	0x11eb60
D3DTOP_BLENDFACTORALPHA	0x11eb60
D3DTOP_BLENDTEXTUREALPHA	0x11eb60
D3DTOP_BLENDDIFFUSEALPHA	0x11eb60
D3DTOP_ADDSMOOTH	0x11eb60
D3DTOP_SUBTRACT	0x11eb60
D3DTOP_ADDSIGNED2X	0x11eb60
D3DTOP_ADDSIGNED	0x11eb60
D3DTOP_ADD	0x11eb60
D3DTOP_MODULATE4X	0x11eb60
D3DTOP_MODULATE2X	0x11eb60
D3DTOP_MODULATE	0x11eb60
D3DTOP_SELECTARG2	0x11eb60
D3DTOP_SELECTARG1	0x11eb60
D3DTOP_DISABLE	0x11eb60
D3DTA_COMPLEMENT	0x11ec90
D3DTA_ALPHAREPLICATE	0x11ec90
D3DTA_TFACTOR	0x11ec90
D3DTA_TEXTURE	0x11ec90
D3DTA_TEMP	0x11ec90
D3DTA_SPECULAR	0x11ec90
D3DTA_SELECTMASK	0x11ec90
D3DTA_DIFFUSE	0x11ec90
D3DTA_CURRENT	0x11ec90
D3DTTFF_PROJECTED	0x11edc0
D3DTTFF_COUNT4	0x11edc0
D3DTTFF_COUNT3	0x11edc0
D3DTTFF_COUNT2	0x11edc0
D3DTTFF_COUNT1	0x11edc0
D3DTTFF_DISABLE	0x11edc0
D3DZB_FALSE	0x11ee20
D3DZB_TRUE	0x11ee20
D3DZB_USEW	0x11ee20
D3DFILL_POINT	0x11ee50
D3DFILL_WIREFRAME	0x11ee50
D3DFILL_SOLID	0x11ee50
D3DSHADE_FLAT	0x11ee80
D3DSHADE_GOURAUD	0x11ee80
D3DSHADE_PHONG	0x11ee80
D3DBLEND_BOTHINVSRCALPHA	0x11eeb0
D3DBLEND_BOTHSRCALPHA	0x11eeb0
D3DBLEND_SRCALPHASAT	0x11eeb0
D3DBLEND_INVDESTCOLOR	0x11eeb0
D3DBLEND_DESTCOLOR	0x11eeb0
D3DBLEND_INVDESTALPHA	0x11eeb0
D3DBLEND_DESTALPHA	0x11eeb0
D3DBLEND_INVSRCALPHA	0x11eeb0
D3DBLEND_SRCALPHA	0x11eeb0
D3DBLEND_INVSRCCOLOR	0x11eeb0
D3DBLEND_SRCCOLOR	0x11eeb0
D3DBLEND_ONE	0x11eeb0
D3DBLEND_ZERO	0x11eeb0
D3DCULL_NONE	0x11ef50
D3DCULL_CW	0x11ef50
D3DCULL_CCW	0x11ef50
D3DCMP_ALWAYS	0x11ef80
D3DCMP_GREATEREQUAL	0x11ef80
D3DCMP_NOTEQUAL	0x11ef80
D3DCMP_GREATER	0x11ef80
D3DCMP_LESSEQUAL	0x11ef80
D3DCMP_EQUAL	0x11ef80
D3DCMP_LESS	0x11ef80
D3DCMP_NEVER	0x11ef80
D3DFOG_LINEAR	0x11eff0
D3DFOG_EXP2	0x11eff0
D3DFOG_EXP	0x11eff0
D3DFOG_NONE	0x11eff0
D3DSTENCILOP_DECR	0x11f030
D3DSTENCILOP_INCR	0x11f030
D3DSTENCILOP_INVERT	0x11f030
D3DSTENCILOP_DECRSAT	0x11f030
D3DSTENCILOP_INCRSAT	0x11f030
D3DSTENCILOP_REPLACE	0x11f030
D3DSTENCILOP_ZERO	0x11f030
D3DSTENCILOP_KEEP	0x11f030
D3DMCS_MATERIAL	0x11f0a0
D3DMCS_COLOR1	0x11f0a0
D3DMCS_COLOR2	0x11f0a0
D3DVBF_TWEENING	0x11f0d0
D3DVBF_0WEIGHTS	0x11f0d0
D3DVBF_3WEIGHTS	0x11f0d0
D3DVBF_DISABLE	0x11f0d0
D3DVBF_1WEIGHTS	0x11f0d0
D3DVBF_2WEIGHTS	0x11f0d0
D3DPATCHEDGE_DISCRETE	0x11f120
D3DPATCHEDGE_CONTINUOUS	0x11f120
D3DDMT_ENABLE	0x11f140
D3DDMT_DISABLE	0x11f140
D3DBLENDOP_MAX	0x11f160
D3DBLENDOP_MIN	0x11f160
D3DBLENDOP_REVSUBTRACT	0x11f160
D3DBLENDOP_SUBTRACT	0x11f160
D3DBLENDOP_ADD	0x11f160
A thread held onto DirectX for more than 20000msec.	0x11f520
D3DFMT_DXT5	0x11fe20
D3DFMT_UYVY	0x11fe20
D3DFMT_DXT4	0x11fe20
D3DFMT_DXT2	0x11fe20
D3DFMT_YUY2	0x11fe20
D3DFMT_DXT3	0x11fe20
D3DFMT_DXT1	0x11fe20
D3DFMT_D24X4S4	0x11fe20
D3DFMT_D24X8	0x11fe20
D3DFMT_D16	0x11fe20
D3DFMT_D24S8	0x11fe20
D3DFMT_D15S1	0x11fe20
D3DFMT_D32	0x11fe20
D3DFMT_D16_LOCKABLE	0x11fe20
D3DFMT_V16U16	0x11fe20
D3DFMT_Q8W8V8U8	0x11fe20
D3DFMT_X8L8V8U8	0x11fe20
D3DFMT_L6V5U5	0x11fe20
D3DFMT_V8U8	0x11fe20
D3DFMT_A4L4	0x11fe20
D3DFMT_A8L8	0x11fe20
D3DFMT_A8P8	0x11fe20
D3DFMT_X4R4G4B4	0x11fe20
D3DFMT_A8R3G3B2	0x11fe20
D3DFMT_R3G3B2	0x11fe20
D3DFMT_X1R5G5B5	0x11fe20
D3DFMT_X8R8G8B8	0x11fe20
D3DFMT_P8	0x11fe20
D3DFMT_A8	0x11fe20
D3DFMT_L8	0x11fe20
D3DFMT_R5G6B5	0x11fe20
D3DFMT_A1R5G5B5	0x11fe20
D3DFMT_A4R4G4B4	0x11fe20
D3DFMT_R8G8B8	0x11fe20
D3DFMT_A8R8G8B8	0x11fe20
Unknown	0x12bde0,0x62b16a,0x11fe20
D3DTSS_TCI_CAMERASPACEREFLECTIONVECTOR|%d	0x120b90
D3DTSS_TCI_CAMERASPACEPOSITION|%d	0x120b90
D3DTSS_TCI_CAMERASPACENORMAL|%d	0x120b90
|D3DCOLORWRITEENABLE_ALPHA	0x121a10
|D3DCOLORWRITEENABLE_BLUE	0x123170,0x121a10
|D3DCOLORWRITEENABLE_GREEN	0x123170,0x121a10
|D3DCOLORWRITEENABLE_RED	0x123170,0x121a10
|D3DWRAP_W	0x121a10
|D3DWRAP_V	0x121a10
|D3DWRAP_U	0x121a10
FALSE	0x6bef80,0x2f2b88,0x2904dc,0x2f6f90,0x2f52a7,0x4aa4fe,0x26872b,0x66f380,0x34ed7b,0x34e084,0x34e3a5,0x34e5b5,0x34def8,0x123170,0x121a10,0x344138
NVIDIA NVPerfHUD	0x1246c0
%d.%d.%d.%d	0x655790,0x124890
D3DPERF_SetOptions	0x125620
D3DPERF_SetMarker	0x125620
D3DPERF_EndEvent	0x125620
D3DPERF_BeginEvent	0x125620
D3DPERF_GetStatus	0x125620
Direct3DCreate9	0x125620
D3D9.DLL	0x125620
 * = thumbnail used 	0x129e50
percent    = savings of reduction system, in percents 	0x129e50
(w/o red)     = size of reduction not used 	0x129e50
size          = amount of memory needed for texture 	0x129e50
red         = texture reduction factor 	0x129e50
changes    = # of times texture change needed - BAD IF HIGH! 	0x129e50
refs          = # of times texture is used when rendering 	0x129e50
 id              = id of texture. Use with command 'flash_texture [id]' 	0x129e50
N/A  	0x129e50
%4.4dkb         	0x129e50
%4.4d  %3.3d   %3.3d     %s 	0x129e50
Set_DX8_Texture count: %d actual changes: %d  id      refs changes  size      name -------------------------------------- 	0x129e50
Bumpmap luminance support: %s  	0x12b440
Bumpmap support: %s  	0x12b440
Texture compression support: %s  	0x12b4e0
Vertex shader version: %d.%d, pixel shader version: %d.%d  	0x12b550
Driver version status: Good  	0x12b5b0
Driver version status: OK (No known problems)  	0x12b5b0
Driver version status: Bad (Driver update recommended)  	0x12b5b0
Driver version status: Unknown  	0x12b5b0
pmx2hal.dll	0x12b5b0
ati3drai.dll	0x12b5b0
atid32ae.dll	0x12b5b0
ati2dvag.dll	0x12b5b0
v66_disp.dll	0x12b5b0
egliid.dll	0x12b5b0
egdad.dll	0x12b5b0
nvdd32.dll	0x12b5b0
nv4_disp.dll	0x12b5b0
nv4.dll	0x12b5b0
Disabling multitexturing on S3 Savage 2000  	0x12b9b0
Maximum screen resolution limited to 1024 x 768 on S3 Savage 4 cards  	0x12b9b0
Maximum screen resolution limited to 1280 x 1024 on PowerVR Kyro cards  	0x12b9b0
Disabling render-to-texture on Voodoo3  	0x12b9b0
Maximum screen resolution limited to 1280 x 1024 on Voodoo2/Voodoo3/Banshee  	0x12b9b0
Disabling multitexturing on Voodoo2/Voodoo3/Banshee  	0x12b9b0
Disabling anisotropic filtering on Radeon VE  	0x12b9b0
Disabling render-to-texture on Radeon  	0x12b9b0
ModAlphaAddClr disabled ATI Rage 128 cards (cannot put texture in 2nd arg)  	0x12b9b0
Maximum screen resolution limited to 1280 x 1024 on ATI Rage 128 cards  	0x12b9b0
Disabling render-to-texture on ATI Rage 128 Pro GL  	0x12b9b0
Disabling render-to-texture on Rage Pro  	0x12b9b0
Disabling multitexturing on ATI Rage Pro  	0x12b9b0
ModAlphaAddClr disabled Matrox G400 and G550 cards (cannot put texture in 2nd arg)  	0x12b9b0
Disabling DXT1 support on NVidia hardware.  	0x12b9b0
NVidia Driver reported N-Patch support, disabling.  	0x12b9b0
Max textures per pass: %d  	0x12bde0
Anisotropic filtering support: %s  	0x12bde0
Dot3 support: %s  	0x12bde0
ModAlphaAddClr support: %s  	0x12bde0
Gamma support: %s  	0x12bde0
ZBias support: %s  	0x12bde0
NPatch support: %s  	0x12bde0
Hardware T&L support: %s  	0x12bde0
GUID = {0x%x, 0x%x, 0x%x}, {0x%2.2x, 0x%2.2x, 0x%2.2x, 0x%2.2x, 0x%2.2x, 0x%2.2x, 0x%2.2x, 0x%2.2x}  	0x12bde0
Revision: %d  	0x12bde0
SubSys id: 0x%x  	0x12bde0
Device id: 0x%x  	0x12bde0
Vendor id: 0x%x  	0x12bde0
Type of chip: 	0x12bde0
Video Card Chip Vendor: %s  	0x12bde0
Product=%d, Version=%d, SubVersion=%d, Build=%d  	0x12bde0
Driver: %s  	0x12bde0
Video Card: %s  	0x12bde0
assetCacheBuilder.exe	0x12c889
TextureAssetBuilder.exe	0x12c907
ShaderAssetBuilder.exe	0x12c99d
[Args] %s	0x13dd10
MeshDX8Render	0x143630,0x143770
(unnamed)	0x143630,0x143770
Rendering mesh DX8Render 	0x143630
Rendering sorted mesh DX8Render 	0x143770
#%s#%s	0x14c470
HouseColorTexture	0x14c470
HouseColorEnable	0x14c470
NumShadows	0x14fac2
PointLight	0x14fac2
NumPointLights	0x14fac2
DirectionalLight	0x14fac2
NumDirectionalLights	0x14fac2
AmbientLight	0x14fac2
NumAmbientLights	0x14fac2
Camera	0x14fac2
InverseTranspose	0x14fc48
Inverse	0x14fc48
NearFarClipping	0x14fcc6
Projection	0x14fcc6
WorldToView	0x14fcc6
Direction	0x14fe33
Range	0x14feb8
Position	0x47414d,0x14feb8
Zero_Zero_OneOverMapSize_OneOverMapSize	0x14ff57
WorldToShadow	0x14ff57
MeshToJointToProjection	0x14fff6
MeshToJointToView	0x14fff6
MeshToJointToWorld	0x14fff6
NumJointsPerVertex	0x14fff6
NumJoints	0x14fff6
WW3DDynamicSet	0x1535ff
Generals	0x154630
MeshMatDescClass::MaterialArray	0x15b700
MeshMatDescClass::FXShaderArray	0x15b7a0
MeshMatDescClass::TextureArray	0x15d360
MeshMatDescClass::ShaderArray	0x15d450
RootTransform	0x1666d0
MeshGeometryClass::VertexBinormals	0x16a320
MeshGeometryClass::VertexTangents	0x16a320
MeshGeometryClass::VertexNorm	0x16aae0,0x16a320
MeshGeometryClass::Vertex	0x16ae70,0x16a320
MeshGeometryClass::Poly	0x16a320
 is not a valid shadow caster, it may contain T-junctions or not be closed. Shadow bugs are more than likely.	0x16e450
 contains at least one triangle that doesn't share an edge with another triangle. Shadow bugs will occur.	0x16e450
 shares an edge with more than two triangles, this will cause shadow bugs.	0x16e450
Geometry for model 	0x16e450
avi write error %x/%d 	0x1767d0
VScale	0x1821a0
UScale	0x1821a0
VCenter	0x1826d0
UCenter	0x1826d0
VPhase	0x182a30
VFreq	0x182a30
UPhase	0x182a30
UFreq	0x182a30
ClampFix	0x182d30,0x184170
VStep	0x182d30
UStep	0x182d30
Period	0x1830d0
VPerSec	0x1830d0,0x183410,0x1867a0,0x184170
UPerSec	0x1830d0,0x1867a0,0x184170
UseReflect	0x183410
VStart	0x183410
VOffset	0x184170
UOffset	0x184170
Log2Width	0x184350
BumpScale	0x1869b0
BumpRotation	0x1869b0
 %8d %8d %6d %6d %6d %s 	0x187d40
MeshModelClass::DefMatDesc::TextureArray	0x189cd0
OpacityOverride	0x18bf25
IsRenderingOverbright	0x18bf25
RangeEnd	0x18bfce
RangeStart	0x18bfce
BOUNDINGBOX	0x19db50
ParticleEmitter	0x1a1070
ParticleBufferClass::Diffuse	0x1a8630
ParticleBufferClass::Color	0x1a89e0,0x1ad1b0
ParticleBufferClass::Position	0x1ac860
ParticleBufferClass::TailPosition	0x1ac860
ParticleBufferClass	0x1ac860
ParticleBufferClass::TailDiffuse	0x1af060
%8d %8d %8d  	0x1b60e0
badframes.stt	0x1b60e0
F:%d G:%d Q:%d S:%d B: %d W:%d H:%d V:%d Decode:%8d, Blit:%8d, PP:%8d, P:%d	0x1bb5f0
AuthenticAMD	0x611b00,0x1d5470
GenuineIntel	0x611b00,0x1d5470
Armor	0x3f777f
Decay	0x285fa9
Priority	0x418f7d,0x1f3d2e
Slider:slidername expected after VolumeSliderMultiplier	0x1d9e91
Multiplier:number expected after VolumeSliderMultiplier = Slider:slidername	0x1d9e91
Multiplier	0x1d9e91
Slider	0x1d9e91
Transition	0x2db0db,0x2dafec
TAUNT	0x4dc696
SAVE_VIEW2	0x1db3fe
SAVE_VIEW1	0x1db3fe
Meta map entry for '%s' not found	0x1db5a2
Game message meta type for '%s' not found	0x1db5a2
TheDrawGroupInfo==NULL	0x1dcc9f
Sound	0x706a40
Cannot override MiscEvaData entries	0x1dcfe5
Expected a recognized Eva event name or 'None'; got '%s'	0x1de9c4
EVA_INVALID	0x1deb8a
Lifetime	0x1f3d2e
Shader	0x1f3d2e
InitialDelay	0x338e52,0x1f3d2e
Height	0x33a49b,0x6c01b0
BurstCount	0x1f3d2e
m_cullTrackingMin == 0 in FXList::parseCullingInfo	0x1dfd57
bad colon spacing, or unexpected token in FXList::parseCullingInfo	0x1dfd57
m_cullTrackingMax == 0 in FXList::parseCullingInfo	0x1dfd57
CullAllAbove	0x1dfd57
StartCullingAbove	0x1dfd57
TrackingSeconds	0x1dfd57
C:\projects\bfme2patch103\bfme2\Code\GameEngine\Source\GameClient\FXList.cpp	0x1e2ef1
OBSTACLE	0x2aa2f9
RIF: Locomotor reloaded	0x1e51ac
C:\projects\bfme2patch103\bfme2\Code\GameEngine\Source\GameLogic\Object\Locomotor.cpp	0x1e546b
Attempted to specify a locomotor for object %s without an AIUpdate block.	0x1ea2cf
Condition	0x3b428c
%s\%s	0x6ca540,0x6c8a40,0x600c34,0x600d7d,0x600e3a
Language	0x6c9300,0x6691c0
Campaign missions must have a Map. %s does not	0x1eb329
Normal	0x1ef291
Object	0x2dcf6c
FadeOut	0x57a7ce,0x5f9330,0x5fc02a,0x528389,0x5ed411
FadeIn	0x57a805,0x528349
C:\projects\bfme2patch103\bfme2\Code\GameEngine\Source\GameLogic\Object\ObjectCreationList.cpp	0x1f0247
Weapon	0x2dcf6c,0x3f777f
LifetimeUpdate	0x4c167e
EmissionVolumeInfo	0x1f354a
EmissionVelocityInfo	0x1f35bf
WindModuleInfo	0x1f35d9
ShroudEmitter	0x1f3d2e
UseMaximumHeight	0x1f3d2e
IsParticleUpTowardsEmitter	0x1f3d2e
IsEmitAboveGroundOnly	0x1f3d2e
IsGroundAligned	0x1f3d2e
BurstDelay	0x1f3d2e
StartSizeRate	0x1f3d2e
SortLevel	0x1f3d2e
SystemLifetime	0x1f3d2e
PerParticleAttachedSystem	0x1f3d2e
SlavePosOffset	0x1f3d2e
SlaveSystem	0x1f3d2e
ParticleName	0x1f3d2e
IsOneShot	0x1f3d2e
Update	0x1f4a90
Physics	0x1f4a90
Reflected	0x1f69b1
ShaderType	0x1f69b1
TimeKeys	0x1f69b1
ColorScale	0x1f69b1
ColorKeys	0x1f69b1
SpeedMultiplier	0x1f69b1
TextureLayout	0x1f69b1
DetailTexture	0x1f69b1
VelocityDamping	0x1f73d5
DriftVelocity	0x1f73d5
Gravity	0x1f73d5
zRotationDamping	0x1f7740
zRotationRate	0x1f7740
zRotation	0x1f7740
xyRotationDamping	0x1f7740
xyRotationRate	0x1f7740
xyRotation	0x1f7740
SizeRateDamping	0x1f7740
SizeRate	0x1f7740
Use the Pause menu to RESTART at any time..	0x1fd5b2
Reloaded PlayerTemplates require a map RESTART.	0x1fd5b2
Dwarves	0x200157
PlayerTemplate	0x43eb1d
Science name %s not known! (Did you define it in Science.ini?)	0x1ff65d
duplicate science %s! 	0x1fff3a
Mordor	0x200157
Isengard	0x200157
Elves	0x33a3f4,0x200157
Ranks must increase monotonically	0x20038e
Rank not found in map.ini	0x20038e
%s %s 	0x200a01
Custom	0x51904f
VeryLow	0x2025ac
invalid GameLODLevel token %s -- expected LOW/MEDIUM/HIGH	0x2025ac
GameLODManager::getAudioLODIndex - Invalid LOD name '	0x202c76
Resolution	0x2e4aa1
%d %d	0x5b295c,0x5b57c6
LivingWorldPlayerID	0x2034c4
RunAppFast	0x203b47
CanAppContinue	0x203b47,0x204806
SetTheSidesList	0x203c21
SetFrameNumber	0x204094
AdjustVariable	0x2054ff
AdjustVariableAndPause	0x2054ff
%d (%0.2f secs)	0x2054ff
Attempting to use an undefined attack priority - '	0x205ddd
C:\projects\bfme2patch103\bfme2\Code\GameEngine\Source\GameLogic\ScriptEngine\ScriptEngine.cpp	0x209144,0x2094cb
List must be empty on load	0x331f2d,0x36abaf,0x2ac1a9,0x460216,0x206861,0x206923,0x2069f0,0x206b02
std::list	0x331f2d,0x36abaf,0x2ac1a9,0x460216,0x206861,0x206923,0x2069f0,0x206b02
ScriptAction	0x3b5994
Data\INI\LargeGroupAudio.ini	0x20da21
_available	0x215ea4
_engaging	0x215ea4
_waiting	0x215ea4
_disabled	0x57baf8,0x57a961,0x5f92d5,0x5f921f,0x5f927a,0x579435,0x5fff62,0x5fd6d2,0x5fd677,0x5fd72d,0x215ea4
DeleteBanner	0x216621
SetBannerXOffset	0x216670
BannerMen	0x216f3b
%s is not a valid statInfo in CreateAHeroSystem.ini.	0x219453
%s has not been set in CreateAHeroSystem.ini.	0x219453
_level%d	0x6ff980,0x4128bb,0x222481
HideFrontEndBackground	0x222f55
HideInGameBackground	0x222f55
ShowFrontEndBackground	0x2233a6
ShowInGameBackground	0x2233a6
 for:	0x2239fa
Unable to find image:	0x2239fa
fscommand	0x223e4b
extern	0x223e4b
Messenger.apt	0x5116c2
 -bigmemorysentinals	0x2253c2
 -poolbigblocks	0x2253c2
--zerofillmemory	0x2253c2
-zerofillmemory	0x2253c2
World	0x3f005f
-%i.exe	0x225f81
_EA_RTS_FILENAME=	0x225f81
_EA_RTS_HEADLESS=%i	0x225f81
Uncaught Exception in GameEngine::update	0x22d53f
  Uncaught INI exception in GameEngine::update	0x22d488
Uncaught Exception during initialization.	0x230412
  Uncaught INI exception during initialization.	0x23039b
ERROR:D3DFailureMessage	0x230215
ERROR:D3DFailurePrompt	0x230215
_EA_RTS_HEADLESS	0x35c7cf,0x44a9e6,0x449baa
logicrandom = %i (%s, %i) 	0x233ff4
logicrandom = %f (%s, %i) 	0x234092
C:\projects\bfme2patch103\bfme2\Code\GameEngine\Source\Common\RandomValue.cpp	0x2341a1,0x234206
Version	0x6c9300
MapPackVersion	0x6c9300
FirewallPortAllocationDelta	0x2e4874
FirewallPortOverride	0x2e48ce
FirewallBehavior	0x2e4815
%s %s	0x699470,0x699540
drawables	0x238ff3
EALogoMovie	0x239539
MainMenu.apt	0x35c7cf
HasSeenLogoMovies	0x2e498f
Full,TotalVerts/Skin/Sort,Less Fill,NoParticles,No Spawn-NoPart,Logic,Thing,Model,Kind,Side,DrawCalls All,DrawCalls NoPart-NoSpawn,DrawCalls NoSpawn 	0x23d494
TimingLog	0x23d494
StillImage_Film%02d	0x23d614
C:\projects\bfme2patch103\bfme2\Code\GameEngine\Source\GameLogic\System\GameLogic.cpp	0x23d614
ReplayObserver	0x3bc3a8
GUI:Error	0x2dd6d2,0x2dd7bb,0x40997e
Player_%d_Start	0x24822b
fatal error! sleepy update module index mismatch. 	0x24297f
Other	0x6691c0
GUI:Observer	0x3ffbb4
GUI:Random	0x3ffbb4
LAN:ErrorUnknown	0x249445,0x248ec3
WOL:ChatErrorSerialDup	0x248ec3
LAN:ErrorBusy	0x249445,0x248ec3
LAN:ErrorGameGone	0x248ec3
LAN:ErrorGameExists	0x249445,0x248ec3
LAN:ErrorGameStarted	0x248ec3
LAN:ErrorCRCMismatch	0x248ec3
LAN:ErrorDuplicateName	0x248ec3
LAN:ErrorGameFull	0x248ec3
LAN:ErrorTimeout	0x248ec3
LAN:OK	0x248ec3
Menus/LanGameOptionsMenu.wnd	0x249445
Handicap	0x43eb1d
Selectable	0x3c4c07
RadarUpdate	0x4b488f
StancesBehavior	0x45ee2c
Avg frame time %4.4f 	0x25cf2a,0x25c4f3
Invalid Subtitle alignment!	0x25ff8f
Unrecognized SubTitleRenderState!	0x2602da
AVOID_SCARER	0x4dc6cc
BACK_AWAY	0x4dc6cc
CHEER	0x4dc696
LEADERSHIP	0x3182f3
FIRING_OR_PREATTACK_B	0x4c40ba
FIRING_OR_PREATTACK_A	0x4c40ba
ATTACKING	0x4c40ba
FRONTCRUSHED	0xb42ca
TOPPLED	0xb42ca
CritterDesync: requestAttackPath1-- m_requestedDestination changing from %g,%g,%g to %g,%g,%g	0x263a39
CritterDesync: requestApproachPath1 -- m_requestedDestination changing from %g,%g,%g to %g,%g,%g	0x263b33
CritterDesync: requestMeleeApproachPath1 -- m_requestedDestination changing from %g,%g,%g to %g,%g,%g	0x263c06
-- m_requestedDestination changing from %g,%g,%g to %g,%g,%g	0x263ea2
CritterDesync: requestSafePath 'I don't believe this line accomplishes anything' 	0x263ea2
CritterDesync:  Returning false because !m_path	0x265e0b
CritterDesync:  Returning true because m_path	0x265e0b
CritterDesync:  bblah7	0x265e0b
CritterDesync:  There isn't a theNewPath	0x265e0b
CritterDesync:  bblah6	0x265e0b
CritterDesync:  bblah5	0x265e0b
CritterDesync:  bblah4	0x265e0b
CritterDesync:  bblah3	0x265e0b
CritterDesync:  bblah2	0x265e0b
CritterDesync:  bblah1	0x265e0b
CritterDesync:  There is a theNewPath	0x265e0b
CritterDesync:  m_retryPath set.	0x265e0b
CritterDesync:  m_isBlockedAndStuck failed check.	0x265e0b
CritterDesync:  m_isBlockedAndStuck check.	0x265e0b
CritterDesync:  theNewPath = NULL;	0x265e0b
CritterDesync:  computeQuickPath4 returned FALSE.	0x265e0b
CritterDesync:  computeQuickPath4 returned TRUE.	0x265e0b
m_path=%s, theNewPath=%s, m_locomotorSet=%s, destination=%g,%g,%g	0x265e0b
CritterDesync:  computeQuickPath3 returned TRUE.	0x265e0b
CritterDesync:  computeQuickPath2 returned FALSE.	0x265e0b
CritterDesync:  computeQuickPath2 returned TRUE.	0x265e0b
CritterDesync:  m_retryPath cleared.	0x265e0b
CritterDesync:  computeQuickPath1 returned FALSE.	0x265e0b
CritterDesync:  computeQuickPath1 returned TRUE.	0x265e0b
CritterDesync:  path destroyed.	0x265e0b
CritterDesync:  return true because of portal.	0x265e0b
VALID	0x34e3a5,0x265e0b
CritterDesync:  Object %s(%d) called AIUpdateInterface::computePath()	0x265e0b
m_path=%s, m_locomotorSet=%s, destination=%g,%g,%g	0x265e0b
CritterDesync: ComputePath43	0x265e0b
        handling contactPointName %s succeeded - result=%g,%g,%g, RETURN TRUE	0x26872b
        end of contactPoints. return FALSE	0x26872b
        handling contactPointName %s failed	0x26872b
        handling contactPointName %s	0x26872b
      AIUpdateInterface::findNearestLabeledContactPointOnTarget BEGIN: Object %s(%d), target %s(%d), workingPos %g,%g,%g, skipCollideTest=%s	0x26872b
CritterDesync: requestPath1-- m_requestedDestination changing from %g,%g,%g to %g,%g,%g	0x26893f
  CritterDesync - Critter %s(%d) set to ignore NOTHING. Was previously ignoring NOTHING	0x268d88
  CritterDesync - Critter %s(%d) set to ignore NOTHING. Was previously ignoring %s(%d)	0x268d88
  CritterDesync - Critter %s(%d) set to ignore %s(%d)	0x268d88
CritterDesync: doPathfind13 -- m_requestedDestination=%g,%g,%g	0x269902
CritterDesync: doPathfind12 -- m_requestedDestination=%g,%g,%g	0x269902
CritterDesync: ComputePath42 -- m_requestedDestination=%g,%g,%g	0x269902
CritterDesync: doPathfind11 -- m_requestedDestination=%g,%g,%g	0x269902
CritterDesync: doPathfind10 -- m_requestedDestination=%g,%g,%g	0x269902
CritterDesync: doPathfind9 -- m_requestedDestination=%g,%g,%g	0x269902
CritterDesync: doPathfind8.5 -- m_requestedDestination=%g,%g,%g	0x269902
CritterDesync: doPathfind8 -- m_requestedDestination=%g,%g,%g	0x269902
CritterDesync: doPathfind7 -- m_requestedDestination=%g,%g,%g	0x269902
CritterDesync: doPathfind6 -- m_requestedDestination=%g,%g,%g	0x269902
CritterDesync: doPathfind5 -- m_requestedDestination=%g,%g,%g	0x269902
CritterDesync: doPathfind4 -- m_requestedDestination=%g,%g,%g	0x269902
CritterDesync: doPathfind3 -- m_requestedDestination=%g,%g,%g	0x269902
CritterDesync: doPathfind2 -- m_requestedDestination=%g,%g,%g	0x269902
CritterDesync: doPathfind1 -- m_requestedDestination=%g,%g,%g	0x269902
Locomotor %s not found! 	0x26e699
re-specifying a LocomotorSet is no longer allowed 	0x26e699
Attempted to specify a locomotor for object %s without an AIUpdate block.	0x26e699
UpgradeStatusType	0x26edc4
GUI:NotEnoughMoneyToUpgrade	0x26f11a
Disabled	0x2abec9
C:\projects\bfme2patch103\bfme2\Code\GameEngine\Source\GameClient\Drawable.cpp	0x275dce
B_TORNADO	0x2768ac
ReferenceDisplayName	0x2793af
 is damaged	0x2817f2
Water Grid	0x282021
    TryPosition2 succeeds - i=%d, center=%g,%g,%g, dist=%g, angle=%g, result=%g,%g,%g	0x285202
    TryPosition1 succeeds - i=%d, center=%g,%g,%g, dist=%g, angle=%g, result=%g,%g,%g	0x285202
    TerrainLogic::FindPositionAround() total failure, return FALSE	0x285202
    TryPosition1&2 both failed - i=%d, center=%g,%g,%g, dist=%g, angle=%g	0x285202
    angleSpacing=%g	0x285202
    startAngle=%g	0x285202
C:\projects\bfme2patch103\bfme2\Code\GameEngine\Source\GameLogic\Map\TerrainLogic.cpp	0x285202
    !extent.isInRegionNoZ, result = center, return true	0x285202
    TerrainLogic::FindPositionAround() center=%g,%g,%g, extent=lo:%g,%g,%g hi:%g,%g,%g	0x285202
TerrainCellType index out of valid range.	0x285fa9
Resistance	0x285fa9
MaxBurnRate	0x285fa9
TerrainCellType index expected.	0x285fa9
RIF: ExperienceLevels reloaded. All units will need to be refreshed.	0x289812
Geometry.getBestContactPoint succeeded, pointOut=%g,%g,%g, return TRUE	0x2904dc
Geometry.getBestContactPoint failed, return FALSE	0x2904dc
      Object::getWorldspaceBestContactPoint() BEGIN: Object %s(%d), callerPos=%g,%g,%g, pref=%d, seed=%d, skipCollideTest=%s	0x2904dc
C:\projects\bfme2patch103\bfme2\Code\GameEngine\Source\GameLogic\Object\Object.cpp	0x2949ae
ControlBar.wnd:ButtonIdleWorker	0x29afa6,0x31ed2c
GUI:CantBuildNoClearPath	0x29c291
GUI:CantBuildTooCloseToSupplies	0x29c291
GUI:CantBuildShroud	0x29c291
GUI:CantBuildNotFlatEnough	0x29c291
GUI:CantBuildRestrictedTerrain	0x29c291
GUI:CantBuildObjectsInTheWay	0x29c291
GUI:CantBuildThere	0x29c291
GUI:SelectedAcrossScreen	0x29cebb
GUI:NothingSelected	0x29cebb
HeroInitialSpawn	0x2a123f
HeroRespawn	0x2a1261
HeroDeath	0x2a1283
ControlBar.wnd:PowerWindow	0x31ed2c
ControlBar.wnd:MoneyDisplay	0x31ed2c
invalid Probability Denominator must be greater than zero (%d)	0x2a8845
Available	0x2abec9
%s_%d	0x607aa0,0x607b50,0x607c00
Player	0x43eb1d
LivingWorldTurnPhase	0x2b2435
LivingWorldRegionVictoryFlags	0x2b24f0
HideEndGame	0x2b29bd
C:\projects\bfme2patch103\bfme2\Code\GameEngine\Source\GameLogic\System\LivingWorld\LivingWorldLogic.cpp	0x2b3b07
%s\%s\%s.%s	0x2b47c3
Map_Roll	0x2b50bd,0x51573a
PreParchmentMapFade_LoadGame	0x2b5195
ARCHER	0x4e8de7
GARRISONABLE_UNTIL_DESTROYED	0x275d
INFANTRY	0x4e8de7
SELECTABLE	0x2aa2f9
DEFENSIVE	0x2c5dd0
ENEMY_STRUCTURE	0x2c5dd0
invalid AITARGET 	0x2c5dd0
C:\projects\bfme2patch103\bfme2\Code\GameEngine\Source\GameLogic\Object\WeaponSet.cpp	0x2c7d03
DamageSubType	0x305eea
DamageFXType	0x305eba
DeathType	0x305f02
DamageType	0x305ed2
C:\projects\bfme2patch103\bfme2\Code\GameEngine\Source\GameLogic\Object\Weapon.cpp	0x2cbbf5,0x2cb679,0x2cab3a,0x2c937c,0x2c9322,0x2c959e,0x2ce30a
CRCParameterCheck	0x2ced26
RIF: ThingTemplates (Objects, Units, etc) reloaded	0x2cf172
ENTRY MISSING: ObjectStatusOfContained entry required within ContainModule for %s.	0x2cf5ff
newObj %s id %i	0x2d0a23
C:\projects\bfme2patch103\bfme2\Code\GameEngine\Source\Common\Thing\ThingFactory.cpp	0x2d0a23
StrategicPlayerStatus.apt	0x5234ad
SpellStore.apt	0x43cb48
Skirmish.apt	0x52192d
ScoreScreen.apt	0x51e262
SaveLoad.apt	0x434160
QuitMenu.apt	0x51b369
PlayerTribute.apt	0x50ec24
PlayerStatus.apt	0x4e41ab
Options.apt	0x5185d8
OnlineShell.apt	0x516fa9
Objectives.apt	0x4e41ab
LanLobby.apt	0x444525
DisconnectScreen.apt	0x512de1
CreateAHero.apt	0x513cdf
CampaignReview.apt	0x51291c
Close	0x57bac4,0x43c7c9,0x2d4240,0x4e6846,0x4e6b9b,0x4e67d0
MoveRadarPing	0x2d4a69,0x2d4aef
CreateRadarPing	0x2d4a69
FadeOutRadarPing	0x2d4ba5
_hide	0x57a8bd,0x57ac27,0x5ff328,0x3fea72,0x5fd197,0x5fc8fd,0x5d3a55,0x5d3d4b,0x5d321d,0x5d37f1,0x5f298f,0x5f29cb,0x5f2953,0x5d2b2f,0x5f0832,0x5f086e,0x5f0bf2,0x5f7161,0x5f72c8,0x5f7412,0x5f61e4,0x5ef283,0x5ef327,0x5c7a85,0x5c7a29
_show	0x57a861,0x57ac27,0x5ff328,0x3fea72,0x5fd197,0x5fc8fd,0x5d3cfa,0x5d321d,0x5d37f1,0x5d2b2f,0x5f2cba,0x5f086e,0x5f0c54,0x5c7a85,0x5c7a29,0x5d39ea,0x5ef2be,0x5ef557
_unused	0x525783
C:\projects\bfme2patch103\bfme2\Code\GameEngine\Source\GameClient\System\Anim2D.cpp	0x2d6b66
Anim2DTemplate::parseNumImages - Invalid animation '%s', animations must have '%d' or more frames defined 	0x2d72f1
Anim2DTemplate::storeImage - Unable to store image '%s' into animation '%s' because the animation is setup to only support '%d' image frames 	0x2d7355
ControlBar.wnd:LeftHUD	0x2d7b6b
Bottom	0x2d8e83
Right	0x2d8e83
C:\projects\bfme2patch103\bfme2\Code\GameEngine\Source\Common\Audio\AudioEventRTS.cpp	0x2d9adc
Expected Damage/Repair transition keyword 	0x2db0db,0x2dafec
Effect number max on bridge transitions is '%d' 	0x2db0db,0x2dafec
EffectNum	0x2db0db,0x2dafec
ToState	0x2db0db,0x2dafec
Repair	0x2db0db,0x2dafec
Damage	0x2db0db,0x2dafec,0x41951d
GUI:ErrorSavingGame	0x2dd6d2
CHUNK_FireLogicSystem	0x2de641
CHUNK_MissionObjectives	0x2de641
CHUNK_ObjectivesMenu	0x2de641
CHUNK_SpellStore	0x2de641
CHUNK_AiOrdersManager	0x2de641
CHUNK_MineshaftPortalNetworkManager	0x2de641
CHUNK_SkirmishAISystem	0x2de641
CHUNK_WeatherSystem	0x2de641
CHUNK_TaintManager	0x2de641
CHUNK_VictorySystem	0x2de641
CHUNK_GhostObject	0x2de641
CHUNK_TerrainVisual	0x2de641
CHUNK_ParticleSystem	0x2de641
CHUNK_Collision	0x2de641
CHUNK_Shroud	0x2de641
CHUNK_Partition	0x2de641
CHUNK_InGameUI	0x2de641
CHUNK_GameClient	0x2de641
CHUNK_TacticalView	0x2de641
CHUNK_SidesList	0x2de641
CHUNK_ScriptEngine	0x2de641
CHUNK_Radar	0x2de641
CHUNK_GameLogic	0x2de641
CHUNK_Players	0x2de641
CHUNK_TeamFactory	0x2de641
CHUNK_TerrainLogic	0x2de641
CHUNK_GameStateMap	0x2de641
CHUNK_Palantir	0x2de641
CHUNK_Campaign	0x2de641
CHUNK_GameState	0x2de641
CHUNK_Audio	0x2de641
CHUNK_LivingWorldLogic	0x2de641
IncreaseCommandPoints	0x5c44c3
Unknown Living World player type '%s'	0x2e2612
SpawnArmy	0x4fac4f
TriggerAreas	0x2e37e5
AudioLOD	0x2e4767
CampaignDifficulty	0x2e4573
ScrollFactor	0x2e45da
UseSystemMapDir	0x43c32a,0x2e4653
SaveCameraInReplays	0x2e46af
UseCameraInReplays	0x2e470b
SendDelay	0x2e47b0
FirewallNeedToRefresh	0x2e4928
HasGotOnline	0x2e49eb
Brightness	0x2e4a47
LanguageFilter	0x2e4bc7
TurnOffMessengerInGame	0x2e4c2b
DoubleClickGuard	0x2e4c8f
AllHealthBars	0x2e4cf3
AlternateMouseSetup	0x2e4d4e
RefreshNet	0x2e4dae
DisplayForeignLanguage	0x2e4e12
UseEAX3	0x2e4e76
GUI:FullGameName	0x2e698b
Unexpected queue size	0x2eac9f
  best return true. found=%d,%d	0x2f92bc,0x2f8e2d,0x2eb11b,0x2eae5f
  total failure. found	0x2f92bc,0x2f8e2d,0x2eb11b,0x2eae5f
  func failed	0x2f92bc,0x2f8e2d,0x2eb11b,0x2eae5f
  func succeeded found=%d,%d	0x2f92bc,0x2f8e2d,0x2eb11b,0x2eae5f
  IterateCircular1 called with center=%d,%d, maxCells=%d	0x2f92bc,0x2f8e2d,0x2eb11b,0x2eae5f
pathfind	0x2f0f07
CritterDesync: Pathfinder::SnapClosestGoalPosition() CheckDestination4 succeeds with cell=%d,%d, layer=%d, iRadius=%d, center=%s, pos=%g%g%g	0x2f2b88
CritterDesync: Pathfinder::SnapClosestGoalPosition() iRadius=%d>0 do nothing case, pos=%g%g%g	0x2f2b88
CritterDesync: Pathfinder::SnapClosestGoalPosition() CheckDestination3 succeeds with cell=%d,%d, layer=%d, iRadius=%d, center=%s, pos=%g%g%g	0x2f2b88
CritterDesync: Pathfinder::SnapClosestGoalPosition() CheckDestination2 succeeds with cell=%d,%d, layer=%d, iRadius=%d, center=%s, pos=%g%g%g	0x2f2b88
CritterDesync: Pathfinder::SnapClosestGoalPosition() CheckDestination fails, continuing...	0x2f2b88
CritterDesync: Pathfinder::SnapClosestGoalPosition() CheckDestination succeeds, returning...	0x2f2b88
CritterDesync: Pathfinder::SnapClosestGoalPosition() CheckDestination about to get called with cell=%d,%d, layer=%d, iRadius=%d, center=%s, pos=%g%g%g	0x2f2b88
CritterDesync: Pathfinder::SnapClosestGoalPosition() iRadius=%d, center=%s	0x2f2b88
CritterDesync: Pathfinder::SnapClosestGoalPosition() called with pos=%g,%g,%g	0x2f2b88
    Pathfinder::QuickDoesPathExist() Default Exit	0x2f477e
    Pathfinder::QuickDoesPathExist() Success 2	0x2f477e
    Pathfinder::QuickDoesPathExist() Failure 5	0x2f477e
    Pathfinder::QuickDoesPathExist() Failure 4	0x2f477e
    Pathfinder::QuickDoesPathExist() Failure 3	0x2f477e
    Pathfinder::QuickDoesPathExist() Failure 2	0x2f477e
    Pathfinder::QuickDoesPathExist() Success 1	0x2f477e
    Pathfinder::QuickDoesPathExist() Failure 1	0x2f477e
    Pathfinder::QuickDoesPathExist() called with: obj=%s(%d), from=%g,%g,%g, to=%g,%g,%g	0x2f477e
        dest calculated to be %g,%g,%g and returning true	0x2f52a7
        returning false because adjustedPathExists is false	0x2f52a7
        QuickDoesPathExist1 succeeds	0x2f52a7
        QuickDoesPathExist2 succeeds. adjustedPathExists	0x2f52a7
        QuickDoesPathExist1 fails. Try adjusted destination	0x2f52a7
        adjustedPathExists=%s	0x2f52a7
        ground unit failed iteration: i=%d, j=%d, cell=NULL, onlyIfLayer	0x2f52a7
        ground unit failed iteration: i=%d, j=%d, cell=VALID, cellLayer=%d, onlyIfLayer	0x2f52a7
        MinasTirith check failed, return FALSE: originalZ=%g, adjustDest.z=%g	0x2f52a7
        onlyIfLayer=%d	0x2f52a7
        object is not kindof aircraft	0x2f52a7
        CheckDestination passed	0x2f52a7
        CheckDestination failed, return false	0x2f52a7
        cell %d,%d is outside m_logicalExtent lo:%d,%d hi:%d,%d	0x2f52a7
        isHuman is TRUE	0x2f52a7
        cellP is CLIFF, return FALSE.	0x2f52a7
        cellP is NULL, return FALSE.	0x2f52a7
    Pathfinder::CheckForAdjust called with: obj=%s(%d), loco=%s, isHuman=%s, cell=%d,%d, layer=%d, iRadius=%d, center=%s, groupDest=%g,%g,%g, originalZ=%g, onlyIfLayer=%d	0x2f52a7
    Pathfinder_IsCheckForAdjust() allyCount=%s, isInfantry=%s, returning true	0x2f6f90
    Pathfinder_IsCheckForAdjust() total failure, return false	0x2f6f90
    Pathfinder_IsCheckForAdjust() allyCount=%d, m_foundWithAllies=%d	0x2f6f90
    Pathfinder_IsCheckForAdjust() checkAdjust failed	0x2f6f90
    Pathfinder_IsCheckForAdjust() called with cell=%d,%d	0x2f6f90
  got NOTHING	0x2fcfcf
  IterateCircular with groupDest	0x2fcfcf
  got with allies %d,%d	0x2fcfcf
        badGroup = true in tighten case	0x2fcfcf
        groupDest tighten path case...	0x2fcfcf
  got %d,%d	0x2fcfcf
  AdjDest obj=%i, dest=%g,%g,%g, center=%i	0x2fcfcf
  projectile return TRUE	0x2fcfcf
  Pathfinder::AdjustDestination() onEnter dest=%g,%g,%g	0x2fcfcf
MPPositionList	0x300998
MPPositionInfo	0x300912
ModelConditionFlagType	0x305bd2
GameDifficulty	0x305bea
CommandSourceType	0x305c02
Relationship	0x305c32
WaypointID	0x305c62
PathfindLayerEnum	0x305d0a
RadarEventType	0x305d3a
TurretTargetType	0x305dca
ScaffoldTargetMotion	0x305dfa
BodyDamageType	0x305e12
BodySideDestroyedType	0x305e2a
GuardTargetType	0x305e5a
FlammabilityStatusType	0x305e72
DeployStateTypes	0x305e8a
DeployStyleAIUpdate::CommandResultTypes	0x305ea2
GameClientRandomVariable::DistributionType	0x305f92
GlobalWeatherType	0x305faa
GlobalWeatherAffectsType	0x305fc2
AttributeModifierCategoryType	0x305fda
ParticleSystemID	0x30600a
ParticleType	0x306022
ParticlePriorityType	0x30603a
ParticleShaderType	0x306052
WindMotion	0x30606a
RotationType	0x306082
BridgeTowerType	0x30609a
ObjectID	0x3060b2
DrawableID	0x3060ca
RespawnModeType	0x3060fa
SiegeTypeEnum	0x306112
StandingWaterAreas	0x308b38
StandingWaveAreas	0x30caf8
ObjectsList	0x30d526
Object	0x30d526
%s %d	0x6a3a70
COMBOBOX	0x315445,0x3174cb
TABPANE	0x316bd2
TABCONTROL	0x315445,0x3174cb
PROGRESSBAR	0x3174cb
STATICTEXT	0x315445,0x31553a,0x3174cb
ENTRYFIELD	0x315445,0x31553a,0x3174cb
SCROLLLISTBOX	0x315445,0x31553a,0x3174cb
HORZSLIDER	0x315445,0x31553a,0x3174cb
VERTSLIDER	0x315445,0x31553a,0x3174cb
CHECKBOX	0x3174cb
RADIOBUTTON	0x315445,0x31553a,0x3174cb
PUSHBUTTON	0x3174cb
ScrollIfAtEnd	0x31501a
 :,   	0x315994,0x31501a,0x315146,0x3152b2,0x315367
 ,:=   	0x31583e
Unknown weather type %s	0x31842a
Cannot define WeatherData in map.ini	0x31842a
LivingWorldArmyID	0x318d1e
ArmyIconSize	0x318d36
ControlBar.wnd:ButtonLarge	0x31ae13,0x31ed2c
Data\INI\CommandSet.ini	0x31b4d6
Data\INI\CommandButton.ini	0x31b4d6
Data\INI\Default\CommandButton.ini	0x31b4d6
ControlBarArrow	0x31b5a3,0x31e09e
ControlBar.wnd:ButtonPlaceBeacon	0x31ed2c
ControlBar.wnd:WinUAttack	0x31ed2c
ControlBar.wnd:ButtonOptions	0x31ed2c
ControlBar.wnd:PopupCommunicator	0x31ed2c
RIF: ControlBar (CommandSet/CommandButton) reloaded. Changes effective immediately.	0x31e7f0
ControlBar.wnd:ExpBarForeground	0x31ed2c
Pane %d	0x327490
Gui_ShellMapMouseOver	0x327938
Gui_ShellMapMouseOut	0x327938
Gui_ShellMapSelect	0x327938
Gui_PalantirCommandButtonClick	0x3285d4,0x5c349d
LibraryMaps	0x329ff4
UNASSIGNED	0x32cdfe
PlyrCivilian	0x39a7e2
Style	0x688b10
OnBuildVariation	0x332b7a
OnGenericEvent	0x332b7a
OnSlaughtered	0x332b7a
OnBuildingComplete	0x332b7a
OnCreated	0x332b7a
OnQuenched	0x332b7a
OnAflame	0x332b7a
DamageIncoming	0x332b7a
BeScary	0x332b7a
OnTeamDestroyed	0x332b7a
OnTeamExited	0x332b7a
OnTeamEntered	0x332b7a
OnUnitExited	0x332b7a
OnUnitEntered	0x332b7a
OnArrived	0x332b7a
OnDestroyed	0x332b7a
OnDamaged	0x332b7a
C:\projects\bfme2patch103\bfme2\Code\GameEngine\Source\GameLogic\ScriptEngine\LuaScriptEngine.cpp	0x332d75,0x33508f
 [%.70s]	0x333bca
 at line %d	0x333bca
method `%.50s'	0x333bca
function `%.50s'	0x333bca
`%.50s' tag method	0x333bca
function <%d:%.70s>	0x333bca
%.70s	0x333bca
main of %.70s	0x333bca
step 	0x333cd1
cont - Exiting LUA debug mode. 	0x333cd1
No console input devices.  Exiting LUA debug mode. 	0x333cd1
Any other text is passed to the LUA interpreter.  Try print('something') 	0x333cd1
cont - continue, step - single step script, where - describe current execution point. 	0x333cd1
where	0x333cd1
Step to 	0x334587
Error during parsing XML data: 	0x336e1e
iniParseFXList -- FXList %s not found! Either add the FXList or remove the reference to it.	0x338a09
ALL, NONE, + or - expected	0x338c0f,0x338cd0
ALL, NONE, +, or - expected	0x338d91
ReleaseTime	0x338e52
SustainTime	0x338e52
DecayTime	0x338e52
AttackTime	0x338e52
SustainOpacity	0x338e52
PeakOpacity	0x338e52
InitialOpacity	0x338e52
This is not a valid place to use the EVA: sound syntax: %s	0x33939f
Duration %u must be less than %d frames	0x339761
'FCurve' expected	0x339d74
FCurve	0x339d74
Goblins	0x33a3f4
Expected oldMode to be MODULEPARSE_NORMAL	0x33a561,0x33a50d
shadows	0x33b4cd
value out of range, expected 0..%d instead of %d	0x33b677
Can't use FuelFactor without defining Body first	0x33b677
 but can't find it. Skipping...	0x33ba46
 is looking for Portrait 	0x33ba46
CritterDesync: setAdjustDestination(TRUE) 20	0x34804e
CritterDesync: ComputePath10	0x34804e
CritterDesync: ComputePath21	0x3408c4
CritterDesync: setAdjustDestination(TRUE) 38	0x340c5f
C:\projects\bfme2patch103\bfme2\Code\GameEngine\Source\GameLogic\AI\AIStates.cpp	0x34a1bb,0x34a38e,0x34f1e1,0x34f2f7,0x34f3eb,0x34f505,0x3421b2,0x34230c,0x340f7c,0x347ca3,0x3469f5,0x346fd0
FUCK OFF DESYNC: AIAttackFireDuringApproachState::computePath will call FindMeleeEngagmentLocation with pos=%f,%f	0x341c54
CritterDesync: getAdjustsDestination1 - m_adjustsDestinations = %s	0x344138
CritterDesync: getAdjustsDestination1 - isAllowedToAdjustDestination FALSE, returning FALSE.	0x344138
CritterDesync: getAdjustsDestination1 - parachuting returning FALSE.	0x344138
CritterDesync: getAdjustsDestination() entered.	0x344138
AIAttackFireDuringApproachState::computePath[2] will call FindMeleeEngagmentLocation with %f,%f (m_goalPosition:%f,%f = m_prevVictimPosition:%f, %f;)	0x3457ac
masiwar called by AIAttackMeleeEngageState::computePath [1]	0x3457ac
CritterDesync: setAdjustDestination(FALSE) 34	0x3457ac
CritterDesync: ComputePath26	0x3457ac
CritterDesync: ComputePath34	0x345bcf
CritterDesync: ComputePath33	0x345bcf
CritterDesync: setAdjustDestination(FALSE) 53	0x345d00
CritterDesync: setAdjustDestination(TRUE) 52	0x345d00
CritterDesync: setAdjustDestination(FALSE) 51	0x345d00
AIIdleState::onEnter() called for object %s(%d) at location %g,%g,%g.	0x346fd0
CritterDesync: ComputePath2	0x347460
CritterDesync: setAdjustDestination(TRUE) 8	0x347ae8
CritterDesync: setAdjustDestination(FALSE) 14	0x347ca3
CritterDesync: setAdjustDestination(FALSE) 19	0x34804e
CritterDesync: setAdjustDestination(TRUE) 18	0x34804e
masiwar called by AIAttackApproachTargetState::updateInternal [2]	0x348356
%i AIAttackApproachTargetState success [3]	0x348356
masiwar called by AIAttackPositionApproachTargetState::updateInternal [2]	0x3489f2
CritterDesync: setAdjustDestination(FALSE) 23	0x348ba4
CritterDesync: ComputePath14	0x34939e
CritterDesync: ComputePath20	0x349611
CritterDesync: ComputePath28	0x3497e6
masiwar called by AIAttackMeleeEngageState::updateInternal [1]	0x3497e6
CritterDesync: ComputePath39	0x34a1bb
CritterDesync: ComputePath40	0x34a38e
CritterDesync: AIInternalMoveToState::onEnter() ComputePath1 succeeded. m_goalPosition=%g,%g,%g	0x34c146
CritterDesync: AIInternalMoveToState::onEnter() ComputePath1 failed. m_goalPosition=%g,%g,%g	0x34c146
CritterDesync: AIInternalMoveToState::onEnter() calling ComputePath1. m_goalPosition=%g,%g,%g	0x34c146
CritterDesync: AIInternalMoveToState::onEnter() getLengthEstimate2D fails. m_goalPosition=%g,%g,%g	0x34c146
CritterDesync: AIInternalMoveToState::onEnter() blah3. m_goalPosition=%g,%g,%g	0x34c146
CritterDesync: AIInternalMoveToState::onEnter() blah2. m_goalPosition=%g,%g,%g	0x34c146
CritterDesync: AIInternalMoveToState::onEnter() blah1. m_goalPosition=%g,%g,%g	0x34c146
CritterDesync: AIInternalMoveToState::onEnter() getLengthEstimate2D succeeds. m_goalPosition=%g,%g,%g	0x34c146
CritterDesync: AIInternalMoveToState::onEnter() NOT adjustingDestination!!!	0x34c146
CritterDesync: AIInternalMoveToState::onEnter() post-UpdateGoalPosition. m_goalPosition=%g,%g,%g	0x34c146
CritterDesync: AIInternalMoveToState::onEnter() AdjustDestination succeeded. m_goalPosition=%g,%g,%g	0x34c146
CritterDesync: AIInternalMoveToState::onEnter() post-SnapClosestGoalPosition. m_goalPosition=%g,%g,%g	0x34c146
CritterDesync: AIInternalMoveToState::onEnter() AdjustDestination failed, snap pos. m_goalPosition=%g,%g,%g	0x34c146
CritterDesync: AIInternalMoveToState::onEnter() will adjustDestination	0x34c146
CritterDesync: AIInternalMoveToState::onEnter() pre-adjustDestination. m_goalPosition=%g,%g,%g	0x34c146
CritterDesync: AIInternalMoveToState::onEnter() immobile, returning STATE_FAILURE	0x34c146
CritterDesync: AIInternalMoveToState::onEnter() entered. Object %s(%d) m_goalPosition=%g,%g,%g	0x34c146
CritterDesync: setAdjustDestination(FALSE) 5	0x34c7bd
CritterDesync: setAdjustDestination(TRUE) 4	0x34c7bd
CritterDesync: setAdjustDestination(FALSE) 16	0x34cc00
CritterDesync: setAdjustDestination(TRUE) 22	0x34cd3a
CritterDesync: setAdjustDestination(FALSE) 21	0x34cd3a
CritterDesync: setAdjustDestination(TRUE) 25	0x34d1c8
CritterDesync: setAdjustDestination(FALSE) 24	0x34d1c8
CritterDesync: ComputePath11	0x34d1c8
CritterDesync: setAdjustDestination(TRUE) 32	0x34d5b7
CritterDesync: ComputePath19	0x34d5b7
CritterDesync: setAdjustDestination(FALSE) 31	0x34d5b7
CritterDesync: ComputePath23	0x34d98b
CritterDesync: ComputePath25	0x34d98b
CritterDesync: ComputePath24	0x34d98b
CritterDesync: setAdjustDestination(TRUE) 37	0x34de21
CritterDesync: setAdjustDestination(m_adjustFinal=%s) 41	0x34def8
CritterDesync: setAdjustDestination(FALSE) 40	0x34def8
CritterDesync: setAdjustDestination(FALSE) 39	0x34def8
CritterDesync: ComputePath32	0x34e084
CritterDesync: setAdjustDestination(m_adjustFinal=%s && (m_adjustFinalOverride=%s || ai->isDoingGroundMovement()=%s) 43	0x34e084
CritterDesync: setAdjustDestination(FALSE) 42	0x34e084
CritterDesync: setAdjustDestination(m_adjustFinal=%s) 46	0x34e3a5
CritterDesync: setAdjustDestination(FALSE) 45	0x34e3a5
CritterDesync: setAdjustDestination(nextPos=%s) 44	0x34e3a5
CritterDesync: ComputePath35	0x34e5b5
CritterDesync: setAdjustDestination(m_adjustFinal=%s && (m_adjustFinalOverride=%s || ai->isDoingGroundMovement()=%s) 48	0x34e5b5
CritterDesync: setAdjustDestination(FALSE) 47	0x34e5b5
CritterDesync: setAdjustDestination(ai->isDoingGroundMovement()=%s) 55	0x34ed7b
CritterDesync: setAdjustDestination(FALSE) 54	0x34ed7b
CritterDesync: setAdjustDestination(FALSE) 56	0x34f01b
GondorTrebuchet	0x34f758
CritterDesync: setAdjustDestination(FALSE) 57	0x34fb77
CritterDesync: setAdjustDestination(FALSE) 58	0x34fcac
CritterDesync: setAdjustDestination(FALSE) 59	0x34fd0d
CritterDesync: setAdjustDestination(FALSE) 61	0x350020
AIAttackFireDuringApproachState::computePath will call FindMeleeEngagmentLocation with m_goalPosition=%f,%f	0x350497
masiwar called by AIAttackFireDuringApproachState::computePath [1]	0x350497
CritterDesync: ComputePath15	0x350497
CritterDesync: ComputePath17	0x35066b
CritterDesync: ComputePath36	0x353f13
std::hash_map	0x35552a,0x35568f,0x54755b
<This Player>	0x3b6d92,0x3b5ea5
ShowProductionCount	0x5e10a8,0x5e0fbe
ACTION	0x6ac730
FOUNDATION_CONSTRUCT	0x35af62
Command '%s' not found	0x35af62
EndFrame	0x688b10
StartFrame	0x688b10
MainMenu.wnd:WinGrowMarker	0x35e01e
GlowOutline buffs are no longer supported. They need to be removed from an INI file.	0x3625c3
C:\projects\bfme2patch103\bfme2\Code\GameEngine\Source\GameLogic\Object\Update\AIUpdate\GiantBirdAIUpdate.cpp	0x36c438
C:\projects\bfme2patch103\bfme2\Code\GameEngine\Source\GameLogic\AI\AIGroup.cpp	0x36fc23
OptionsMenu.wnd:OptionsMenuParent	0x376d49
OptionsMenu.wnd:ButtonBack	0x376d49
.BfME2Replay	0x37ba48
00000000	0x37ba62
GUI:LastReplay	0x37ba62
ERROR: Could not open Hero Memory file, in Replay!!!	0x37cad7
Quantity	0x5ff9d8
LW:ReinforcementsArrived	0x37fd2b
HideToolTip	0x3807b7
MoveToolTip	0x3807f3
ShowToolTip	0x3808f0
hostname	0x69f320
openstaging	0x69f320,0x38bdee
peerchat.gamespy.com	0x6a01f0
gamename	0x697ec0
gamemode	0x69f320
b_flags	0x6a6830,0x6a6f80,0x6a4ad0
username	0x6a6830,0x6a6f80
C:\projects\bfme2patch103\bfme2\Code\GameEngine\Source\GameLogic\Object\Update\PhysicsUpdate.cpp	0x390faf
CAMP: Frame %d: Castle %s(%d) %s ::canUnpack() -- m_needInstantBuild=%d, m_currentState=%d, checkTimer=%d, m_timer=%g	0x395f57
CritterDesync:  animal %s is scared, requesting new path to pos %g,%g,%g.	0x396c43
CritterDesync:  animal %s not scared, returning.	0x396c43
CritterDesync:  CastleBehavior::onTriggerEntered called with animal %s	0x396c43
CAMP: Frame %d: Castle %s(%d) ::isPlayerAllowedToCapture() called by %s -- alreadyMyCastle=%d, playerAllowedToCapture=%d	0x397eac
CAMP: Frame %d: Castle %s(%d) ::isPlayerAllowedToPackOrUnpack() called by %s -- alreadyMyCastle=%d, playerAllowedToCapture=%d	0x397f45
CAMP: Frame %d: Castle %s(%d) ::initiateUnpack() called by %s	0x399c6c
CAMP: Frame %d: Castle %s(%d) ::initiatePack(aka:DIE) called by %s	0x39a62b
CAMP: Frame %d: Castle %s(%d) Packed(aka:DIE) called by %s	0x39a7e2
C:\projects\bfme2patch103\bfme2\Code\GameEngine\Source\GameLogic\Object\Update\LifetimeUpdate.cpp	0x3a49f0
C:\projects\bfme2patch103\bfme2\Code\GameEngine\Source\GameClient\System\FXParticleSystem\fxpswindmodule.cpp	0x3a5572
DefaultAlphaModuleInfo	0x3a611b
DefaultColorModuleInfo	0x3a6121
DefaultDrawModuleInfo	0x3a6127
DefaultPhysicsModuleInfo	0x3a612d
DefaultUpdateModuleInfo	0x3a6133
LifeEventModuleInfo	0x3a6139
StreakDrawModuleInfo	0x3a613f
QuadDrawModuleInfo	0x3a6145
ButterflyDrawModuleInfo	0x3a614b
RenderObjectDrawModuleInfo	0x3a6151
LightningDrawModuleInfo	0x3a6157
GpuDrawModuleInfo	0x3a615d
RenderObjectUpdateModuleInfo	0x3a6163
TerrainCollisionModuleInfo	0x3a6169
C:\projects\bfme2patch103\bfme2\Code\GameEngine\Source\GameClient\System\FXParticleSystem\fxpsemittervolumemodule.cpp	0x3afa64
RiverNoiseTextures	0x3b1879
RiverSparkleTextures	0x3b1879
WaterSkyTextures	0x3b1879
RiverAlphaEdgeTextures	0x3b1879
WaterBumpMapTextures	0x3b1879
RiverTextures	0x3b1879
%s = %s 	0x3b1bf3
Player Targetable	0x3c4c07
AI Recruitable	0x3c4c07
Unsellable	0x3c4c07
Indestructible	0x3c4c07
Powered	0x3c4c07
Enabled	0x3c4c07
Script	0x3b5994
ScriptGroup	0x3b6975
PlayerScriptsList	0x3b73f6
Bogus	0x3b3dff,0x3b428c
OrCondition	0x3b4a3c
ScriptActionFalse	0x3b5994
BUILD_BASE_BUILDING_WITH_TACTIC	0x3b5ea5
BUILD_BASE_BUILDING_PER_TACTIC	0x3b5ea5
BUILD_BASE_BUILDING_PER_TACTICAL_MARKER	0x3b5ea5,0x3d46db
ScriptList	0x3b7951,0x3b73f6
Do not specify both -deepCRC and -liteCRC in your commandline arguments.	0x3b9be0,0x3b9ba1
/___MusicScript_Init	0x3c0532
Aragorn 2	0x3c3b7d
SpecialAbilityGiveUpgrade	0x41ce27,0x3c49ae,0x3c4751
 within 	0x3d46db
 units of type 	0x3d46db
 Team 	0x3d46db
 inside the base 	0x3d46db
 has 	0x3d46db
 from 	0x3d46db
 belonging to 	0x3d46db
Counter 	0x3d46db
Flash the select builder button for 	0x3d46db
User_/Flash/Flash the select builder button for a specified amount of time.	0x3d46db
SELECT_BUILDER_BUTTON_FLASH	0x3d46db
 seconds (0 for infinite) with the icon of 	0x3d46db
Interface/Notification/Display popup notification box with the icon image of an object type.	0x3d46db
DISPLAY_NOTIFICATION_BOX_WITH_OBJECT_TYPE_IMAGE_OVERRIDE	0x3d46db
 maximum level to 	0x3d46db
Unit_/ Sets a unit's maximum level	0x3d46db
UNIT_SET_MAX_LEVEL	0x3d46db
 at type 	0x3d46db
Unit_/Spawn/Spawn -- named unit on a team at an object.	0x3d46db
CREATE_NAMED_ON_TEAM_AT_OBJECTTYPE	0x3d46db
 seconds (0 for infinite).	0x3d46db
 with the message 	0x3d46db
Display a popup notification box of type 	0x3d46db
Interface/Notification/Display popup notification box.	0x3d46db
DISPLAY_NOTIFICATION_BOX	0x3d46db
The planning mode button flashes for 	0x3d46db
User_/Flash/Flash the planning mode button for a specified amount of time.	0x3d46db
FLASH_PLANNING_MODE_BUTTON	0x3d46db
The objectives button flashes for 	0x3d46db
User_/Flash/Flash the objectives button for a specified amount of time.	0x3d46db
FLASH_OBJECTIVES_BUTTON	0x3d46db
The spell store button flashes for 	0x3d46db
User_/Flash/Flash the spell store button for a specified amount of time.	0x3d46db
FLASH_SPELL_STORE_BUTTON	0x3d46db
Disable planning mode.	0x3d46db
Interface/Disable planning mode	0x3d46db
DISABLE_PLANNING_MODE	0x3d46db
Enable planning mode.	0x3d46db
Interface/Enable planning mode	0x3d46db
ENABLE_PLANNING_MODE	0x3d46db
Close the objectives screen.	0x3d46db
Interface/Close the objectives screen	0x3d46db
CLOSE_OBJECTIVES_SCREEN	0x3d46db
Disable the objectives screen.	0x3d46db
Interface/Disable the objectives screen	0x3d46db
DISABLE_OBJECTIVES_SCREEN	0x3d46db
Enable the objectives screen.	0x3d46db
Interface/Enable the objectives screen	0x3d46db
ENABLE_OBJECTIVES_SCREEN	0x3d46db
Disable the spell store.	0x3d46db
Interface/Disable the spell store	0x3d46db
DISABLE_SPELL_STORE	0x3d46db
Enable the spell store.	0x3d46db
Interface/Enable the spell store	0x3d46db
ENABLE_SPELL_STORE	0x3d46db
 is allowed to build at a fort. Unit will be built at level 	0x3d46db
Unit_/Spawn/Create unit-revival entry at level	0x3d46db
CREATE_UNIT_REVIVAL_ENTRY_AT_LEVEL	0x3d46db
 and add it to that player's list of revivable units.	0x3d46db
Take one of the delayed carryover units of type 	0x3d46db
Unit_/Spawn/Create unit-revival entry from delayed carryover unit	0x3d46db
CREATE_UNIT_REVIVAL_ENTRY_FROM_DELAYED_CARRYOVER_HERO	0x3d46db
 is allowed to revive.	0x3d46db
 to the list of units 	0x3d46db
Add a unit of type 	0x3d46db
Unit_/Spawn/Create unit-revival entry	0x3d46db
CREATE_UNIT_REVIVAL_ENTRY	0x3d46db
 to reference it.	0x3d46db
, then assign name 	0x3d46db
 and create it at 	0x3d46db
Find the first delayed-carryover unit of type 	0x3d46db
Unit_/Spawn/Spawn delayed-carryover unit	0x3d46db
CREATE_DELAYED_CARRYOVER_UNIT_AT_WAYPOINT	0x3d46db
Change burn rate in area 	0x3d46db
Map_/Fire/Change burn rate in trigger area.	0x3d46db
CHANGE_BURN_RATE_IN_AREA	0x3d46db
 within radius of 	0x3d46db
Change burn rate at 	0x3d46db
Map_/Fire/Change burn rate at waypoint.	0x3d46db
CHANGE_BURN_RATE_AT_WAYPOINT	0x3d46db
 to move to adjacent region 	0x3d46db
Order 	0x3d46db
_Army/Order army to move to adjacent region	0x3d46db
LIVING_WORLD_ORDER_ARMY_MOVE_TO_ADJACENT_REGION	0x3d46db
) and/or must not be defended (	0x3d46db
 which must be owned by the same player (	0x3d46db
 to a region adjacent to 	0x3d46db
_Region/Set region ref to adjacent region	0x3d46db
LIVING_WORLD_SET_REGION_REF_TO_ADJACENT_REGION	0x3d46db
 to the region containing 	0x3d46db
_Region/Set region ref to army's region	0x3d46db
LIVING_WORLD_SET_REGION_REF_TO_ARMY_REGION	0x3d46db
 (1 - first, 2 - second, etc) belonging to player 	0x3d46db
 to hero army #	0x3d46db
_Army/Set army ref to hero army by index	0x3d46db
LIVING_WORLD_SET_ARMY_REF_TO_HERO_ARMY_BY_INDEX	0x3d46db
 to a player with player template 	0x3d46db
_Player/Set Player Ref to player with template	0x3d46db
LIVING_WORLD_SET_PLAYER_REF_BY_TEMPLATE	0x3d46db
Call in reinforcement army named 	0x3d46db
ReinforcementArmies/Call in army clean.	0x3d46db
CALL_IN_REINFORCEMENTS_WITHOUT_MOVIE	0x3d46db
Unit_/Assimilates unit with an army by name.	0x3d46db
UNIT_ASSIMILATE_WITH_ARMY_BY_NAME	0x3d46db
Team_/Assimilates team with an army by name.	0x3d46db
TEAM_ASSIMILATE_WITH_ARMY_BY_NAME	0x3d46db
 to be assimilated by army 	0x3d46db
Player_/Assimilates player with an army by name.	0x3d46db
PLAYER_ASSIMILATE_WITH_ARMY_BY_NAME	0x3d46db
Remove reinforcement army named 	0x3d46db
ReinforcementArmies/Remove army.	0x3d46db
REMOVE_REINFORCEMENT_ARMY	0x3d46db
For all units in team 	0x3d46db
Team_/Change object status.	0x3d46db
TEAM_CHANGE_OBJECT_STATUS	0x3d46db
 set object status 	0x3d46db
For unit 	0x3d46db
Unit_/Change object status.	0x3d46db
UNIT_CHANGE_OBJECT_STATUS	0x3d46db
 as not completed.	0x3d46db
Interface/Objectives/Mark mission objective as not completed	0x3d46db
MARK_MISSION_OBJECTIVE_NOT_COMPLETED	0x3d46db
 as completed.	0x3d46db
Mark mission objective 	0x3d46db
Interface/Objectives/Mark mission objective as completed	0x3d46db
MARK_MISSION_OBJECTIVE_COMPLETED	0x3d46db
Hide mission objective 	0x3d46db
Interface/Objectives/Hide mission objective	0x3d46db
HIDE_MISSION_OBJECTIVE	0x3d46db
 visible.	0x3d46db
Make mission objective 	0x3d46db
Interface/Objectives/Show mission objective	0x3d46db
SHOW_MISSION_OBJECTIVE	0x3d46db
Team/Experience/Team Gain Level.	0x3d46db
TEAM_GAIN_LEVEL	0x3d46db
 gains a level with FX turned 	0x3d46db
Unit_/Experience/Unit Gain Level.	0x3d46db
UNIT_GAIN_LEVEL	0x3d46db
Sell everything belonging to 	0x3d46db
Player_/Player sell everything he has.	0x3d46db
PLAYER_SELL_EVERYTHING	0x3d46db
Force all units of player 	0x3d46db
Player_/Force an emotion.	0x3d46db
PLAYER_FORCE_EMOTION	0x3d46db
Force team 	0x3d46db
Team_/Force an emotion.	0x3d46db
TEAM_FORCE_EMOTION	0x3d46db
 to have 	0x3d46db
Force unit 	0x3d46db
Unit_/Force an emotion.	0x3d46db
UNIT_FORCE_EMOTION	0x3d46db
Enable the house color for all units 	0x3d46db
Script/Enables or disables the house color for all units	0x3d46db
ENABLE_HOUSE_COLOR	0x3d46db
Enable the house color for 	0x3d46db
Team_/Enables or disables the house color	0x3d46db
TEAM_ENABLE_HOUSE_COLOR	0x3d46db
Enable house color for 	0x3d46db
Unit_/Enables or disables the house color.	0x3d46db
UNIT_ENABLE_HOUSE_COLOR	0x3d46db
Unit_/Assimilates unit with the first walk on army.	0x3d46db
UNIT_ASSIMILATE_WITH_FIRST_WALK_ON_ARMY	0x3d46db
 to be assimilated by the first walk on army.	0x3d46db
Team_/Assimilates team with the first walk on army.	0x3d46db
TEAM_ASSIMILATE_WITH_FIRST_WALK_ON_ARMY	0x3d46db
Set the camera angle&  height lock to 	0x3d46db
Camera_/Lock or unlock camera height and angle (allow scrolling).	0x3d46db
LOCK_CAMERA_ANGLE_AND_HEIGHT	0x3d46db
Set the camera reset lock to 	0x3d46db
Camera_/Lock or unlock camera reset.	0x3d46db
LOCK_CAMERA_RESET	0x3d46db
Set the camera scroll lock to 	0x3d46db
Camera_/Lock or unlock camera scroll.	0x3d46db
LOCK_CAMERA_SCROLL	0x3d46db
Set the camera rotation lock to 	0x3d46db
Camera_/Lock or unlock camera rotation.	0x3d46db
LOCK_CAMERA_ROTATION	0x3d46db
Set the camera zoom lock to 	0x3d46db
Camera_/Lock or unlock camera zoom.	0x3d46db
LOCK_CAMERA_ZOOM	0x3d46db
Set the camera lock to 	0x3d46db
Camera_/Lock or unlock camera.	0x3d46db
LOCK_CAMERA	0x3d46db
Flash the select button for 	0x3d46db
User_/Flash/Flash a hero select button for a specified amount of time.	0x3d46db
HERO_SELECT_BUTTON_FLASH	0x3d46db
Deselects everything 	0x3d46db
Player_/Select/ Deselects everything.	0x3d46db
DESELECT	0x3d46db
 select object 	0x3d46db
Player_/Select/ Select an object belonging to player.	0x3d46db
SELECT_OBJECT	0x3d46db
 maximum: 	0x3d46db
 to total: 	0x3d46db
Override command points for 	0x3d46db
Player_/Command/ Override player command points.	0x3d46db
OVERRIDE_PLAYER_COMMAND_POINTS	0x3d46db
Team_/Action/Move/Teleport to a waypoint.	0x3d46db
TEAM_TELEPORT_TO_WAYPOINT	0x3d46db
Teleport 	0x3d46db
Unit_/Action/Move/Teleport to a waypoint.	0x3d46db
UNIT_TELEPORT_TO_WAYPOINT	0x3d46db
Unit/Status/Team Set Stand Ground Status.	0x3d46db
TEAM_STAND_GROUND	0x3d46db
Set Stand Ground Status of 	0x3d46db
Unit/Status/Unit Set Stand Ground Status.	0x3d46db
UNIT_STAND_GROUND	0x3d46db
 open is 	0x3d46db
 wants gate 	0x3d46db
Team_/Misc/ Set or clear a team-needs-gate open flag 	0x3d46db
TEAM_NEEDS_OPEN_GATE	0x3d46db
Exits map back to the main menu.	0x3d46db
Map_/ Exit back to the main menu	0x3d46db
MAP_EXIT	0x3d46db
Sell anything on foundation named 	0x3d46db
Base/Sell building on foundation 	0x3d46db
SELL_BUILDING_ON_FOUNDATION	0x3d46db
Find unnamed 	0x3d46db
Scripting_/Reference/ Set reference to unnamed object owned by player 	0x3d46db
SET_REF_TO_NEREST_TEAM_OF_UNNAMED_TYPE_OWNED_BY_PLAYER	0x3d46db
 nearest team 	0x3d46db
 Owned by 	0x3d46db
Find 	0x3d46db
Scripting_/Reference/ Set reference to object owned by player 	0x3d46db
SET_REF_TO_NEREST_TEAM_OF_TYPE_OWNED_BY_PLAYER	0x3d46db
 and reference as 	0x3d46db
 nearest marker 	0x3d46db
 to object type 	0x3d46db
 give upgrade 	0x3d46db
For Base 	0x3d46db
Script/Upgrade/Upgrade Base with upgrade to the nearest upgradable wall.	0x3d46db
UPGRADE_NEAREST_WALL	0x3d46db
Give Unit 	0x3d46db
Unit_/Upgrade/Give Team upgrade.	0x3d46db
NAMED_RECEIVE_UPGRADE	0x3d46db
. (Default TRUE.)	0x3d46db
Set presence of Fog of War to 	0x3d46db
Map_/Shroud or Reveal/Toggle Fog of War.	0x3d46db
SET_LOGIC_FOG_STATE	0x3d46db
Unit_/AutoAbility/Named set auto abilty to on/off.	0x3d46db
NAME_SET_AUTO_ABILITY	0x3d46db
 set auto ability 	0x3d46db
Team_/AutoAbility/Team set auto ability to on/off.	0x3d46db
TEAM_SET_AUTO_ABILITY	0x3d46db
 repair the nearest building within the radius 	0x3d46db
Team_/Reepair/Repair nearest building that needs it.	0x3d46db
TEAM_REPAIR_NEREST	0x3d46db
Team_/Siege/Deploy near team.	0x3d46db
DEPLOY_SIEGE_NEAR_TEAM	0x3d46db
Team_/Siege/Deploy near waypoint.	0x3d46db
DEPLOY_SIEGE_ON_WAYPOINT	0x3d46db
 within the radius 	0x3d46db
 attempts to Deploy near 	0x3d46db
Unit_/Siege/Deploy near waypoint.	0x3d46db
DEPLOY_NAMED_SIEGE_ON_WAYPOINT	0x3d46db
 set special weapon upgrade to 	0x3d46db
Unit_/Set unit to switch to weapon set.	0x3d46db
NAMED_SET_SPECIAL_WEAPONSET	0x3d46db
Display Reinforcements banner.	0x3d46db
LivingWorld_/Display Reinforcements banner.	0x3d46db
REINFORCEMENTS_DISPLAY_BANNER	0x3d46db
 and store in counter 	0x3d46db
Count units owned by 	0x3d46db
Base/Counters/Count units inside a base.	0x3d46db
SET_COUNTER_TO_BASE_POPULATION	0x3d46db
Scripting_/Counters/Set counter to team threat.	0x3d46db
SET_COUNTER_TO_TEAM_THREAT	0x3d46db
 for player 	0x3d46db
 to equal the threat at 	0x3d46db
Scripting_/Counters/Set counter to threat at a threatfinder.	0x3d46db
SET_COUNTER_TO_THREAT_FINDER_THREAT	0x3d46db
 radius of 	0x3d46db
Scripting_/Counters/Set counter to single unit threat.	0x3d46db
SET_COUNTER_TO_UNIT_THREAT	0x3d46db
 sets its close range weapon to 	0x3d46db
Unit/Toggle close range weapon	0x3d46db
NAMED_TOGGLE_CLOSE_RANGE_WEAPON	0x3d46db
 sets their close range weapons to 	0x3d46db
Team/Toggle close range weapon	0x3d46db
TEAM_TOGGLE_CLOSE_RANGE_WEAPON	0x3d46db
 toggle auto build 	0x3d46db
Player/Build/Turn on or off a player's structures that auto build units.  (Starts ON)	0x3d46db
TOGGLE_AUTO_BUILD	0x3d46db
 is allowed to build ALL buildings is 	0x3d46db
Base/Allow or Disallow all buildings	0x3d46db
ALLOW_DISALLOW_ALL_BUILDINGS	0x3d46db
 allowed to build 	0x3d46db
Base/Allow or Disallow one building of a specific type	0x3d46db
ALLOW_DISALLOW_ONE_BUILDING	0x3d46db
 seconds: 	0x3d46db
Gradually interpolate all the scene lights to normal Time-Of-Day color, over:	0x3d46db
Scene/Light/Restore (un-dim) all global and ambient lights.	0x3d46db
RESTORE_WORLD_LIGHTS	0x3d46db
 over 	0x3d46db
. blue: 	0x3d46db
 green: 	0x3d46db
Gradually interpolate all the scene lights to the color, red:	0x3d46db
Scene/Light/Dim all global and ambient lights.	0x3d46db
DIM_WORLD_LIGHTS	0x3d46db
Remove all reverb-suppression areas.	0x3d46db
Audio_/All Sounds/Unsuppress all reverb	0x3d46db
AUDIO_REMOVE_ALL_REVERB_SUPPRESSION_POLYGONS	0x3d46db
 to normal.	0x3d46db
Return the reverb of sounds in 	0x3d46db
Audio_/All Sounds/Unsuppress reverb in an area	0x3d46db
AUDIO_REMOVE_REVERB_SUPPRESSION_POLYGON	0x3d46db
 of normal.	0x3d46db
Lower reverb of all sounds in 	0x3d46db
Audio_/All Sounds/Suppress reverb in an area	0x3d46db
AUDIO_SET_REVERB_SUPPRESSION_POLYGON	0x3d46db
Do not use reverb effects	0x3d46db
Audio_/All Sounds/Remove all reverb effects	0x3d46db
AUDIO_REMOVE_REVERB	0x3d46db
Use global reverb room type 	0x3d46db
Audio_/All Sounds/Set Global Reverb Room Type	0x3d46db
AUDIO_SET_REVERB_ROOM_TYPE	0x3d46db
Make all sounds subject to the fade levels set by 'fade all audio.'	0x3d46db
Audio_/Volume/Make All Sounds Subject to Fade	0x3d46db
AUDIO_MAKE_ALL_SOUNDS_SUBJECT_TO_FADE	0x3d46db
 subject to the fade levels set by 'fade all audio.'	0x3d46db
Audio_/Volume/Make Sound Subject to Fade	0x3d46db
AUDIO_MAKE_SOUND_SUBJECT_TO_FADE	0x3d46db
 ignore the fade levels set by 'fade all audio.'	0x3d46db
Make the sound 	0x3d46db
Audio_/Volume/Make Sound Immune to Fade	0x3d46db
AUDIO_MAKE_SOUND_IMMUNE_TO_FADE	0x3d46db
 seconds, and decrease 	0x3d46db
 seconds to increase, hold for 	0x3d46db
. Take 	0x3d46db
 to volume 	0x3d46db
Fade (0-1) all audio from volume 	0x3d46db
Audio_/Volume/Fade all audio	0x3d46db
AUDIO_FADE_VOLUME	0x3d46db
 as though coming from a member of 	0x3d46db
Play sound 	0x3d46db
Multimedia_/Play sound effect from team	0x3d46db
PLAY_SOUND_EFFECT_AT_TEAM	0x3d46db
 ON to the counter 	0x3d46db
 with 	0x3d46db
Store the number of objects owned by 	0x3d46db
Scripting_/Set counter to number of objects owned by player with a model condition	0x3d46db
SET_COUNTER_TO_NUMBER_OBJECTS_PLAYER_OWNES_WITH_MODELCONDITION	0x3d46db
Store the number of object (include dead ones)	0x3d46db
Scripting_/Set numer of object type owned by player to counter including dead ones.	0x3d46db
SET_PLAYER_OWNERSHIP_OF_TYPE_COUNTER_INCLUDE_DEAD	0x3d46db
Store the number of object 	0x3d46db
Scripting_/Set numer of object type owned by player to counter.	0x3d46db
SET_PLAYER_OWNERSHIP_OF_TYPE_COUNTER	0x3d46db
 of the kindof 	0x3d46db
Scripting_/Set number of player kills of a kindof to counter.	0x3d46db
SET_PLAYER_KILLS_OF_KINDOF_TO_COUNTER	0x3d46db
 of the type of object 	0x3d46db
Store the amount of kills by player 	0x3d46db
Scripting_/Set numer of player kills of a type to counter.	0x3d46db
SET_PLAYER_KILLS_OF_TYPE_TO_COUNTER	0x3d46db
Store the amount of command points required to build 	0x3d46db
Scripting_/CommandPoints/Set command points required to build team to counter.	0x3d46db
SET_COMMAND_POINTS_TO_BUILD_TEAM_TO_COUNTER	0x3d46db
Store total number of command point of player 	0x3d46db
Scripting_/CommandPoints/Set command points total of player to counter.	0x3d46db
SET_PLAYER_COMMAND_POINTS_TOTAL_TO_COUNTER	0x3d46db
Store amount of command points available to player 	0x3d46db
Scripting_/CommandPoints/Set command points available to player to counter.	0x3d46db
SET_PLAYER_COMMAND_POINTS_AVAILABLE_TO_COUNTER	0x3d46db
 to the counter 	0x3d46db
Store amount of command points used by player 	0x3d46db
Scripting_/CommandPoints/Set command points used by player to counter.	0x3d46db
SET_PLAYER_COMMAND_POINTS_USED_TO_COUNTER	0x3d46db
 experience points to the counter 	0x3d46db
Scripting_/Counters/Set units experience points to counter.	0x3d46db
SET_UNIT_EXPERIENCE_TO_COUNTER	0x3d46db
 light points to the counter 	0x3d46db
Store amount of 	0x3d46db
Scripting_/Counters/Set players light points to counter.	0x3d46db
SET_PLAYER_LIGHT_POINTS_TO_COUNTER	0x3d46db
 money to the counter 	0x3d46db
Store amount of  	0x3d46db
Scripting_/Counters/Set players money to counter.	0x3d46db
SET_PLAYER_MONEY_TO_COUNTER	0x3d46db
 the upgrade 	0x3d46db
Give Team 	0x3d46db
Team_/Give Team upgrade.	0x3d46db
TEAM_UPGRADE	0x3d46db
 combo units of type 	0x3d46db
Team_/Team recruit combo units from a specific team.	0x3d46db
RECRUIT_COMBO_UNITS_FROM_TEAM	0x3d46db
Team_/Team recruit units from a specific team.	0x3d46db
TEAM_RECRUIT_UNITS_FROM_TEAM	0x3d46db
 from nearby recruitable allied teams.	0x3d46db
 will recruit 	0x3d46db
Team_/Team recruit units from nearby teams.	0x3d46db
TEAM_RECRUIT_UNITS	0x3d46db
 with value 	0x3d46db
Scripting_/Counters/Counter do math opertation with value.	0x3d46db
COUNTER_MATH_VALUE	0x3d46db
 with counter 	0x3d46db
Scripting_/Counters/Counter do math opertation with another Counter.	0x3d46db
COUNTER_MATH_COUNTER	0x3d46db
Team/Team will move to the nearest object that matches both type and player specified.	0x3d46db
TEAM_MOVE_TO_NEAREST_OBJECT_OF_TYPE_OWNED_BY_PLAYER	0x3d46db
 will move to the nearest object of type 	0x3d46db
Team/Team will move to the nearest object that matches type specified.	0x3d46db
TEAM_MOVE_TO_NEAREST_OBJECT_OF_TYPE	0x3d46db
 that is owned by the player 	0x3d46db
Team/Team will move to the nearest object that matches both kindof and player specified.	0x3d46db
TEAM_MOVE_TO_NEAREST_OBJECT_OF_KINDOF_OWNED_BY_PLAYER	0x3d46db
 will move to the nearest object of kindof 	0x3d46db
Team 	0x3d46db
Team/Team will move to the nearest object that matches kindof specified.	0x3d46db
TEAM_MOVE_TO_NEAREST_OBJECT_OF_KINDOF	0x3d46db
 at a foundation	0x3d46db
Build building on the chosen foundation.	0x3d46db
BUILD_BUILDING_ON_FOUNDATION	0x3d46db
 ... then finally reference the new building as: 	0x3d46db
 which is part of the base named, 	0x3d46db
, relative to the object of type, 	0x3d46db
 at a foundation that is the most 	0x3d46db
Base/AI build base building on a foundation chosen by proximity to tactical marker (new).	0x3d46db
 and reference it as	0x3d46db
 at slot 	0x3d46db
Base/AI build base building in slot in a referenced base.	0x3d46db
BUILD_BASE_BUILDING_IN_SLOT	0x3d46db
 and reference it as 	0x3d46db
 in base 	0x3d46db
Build building 	0x3d46db
Player_/AI/AI build base building in first available slot in a referenced base.	0x3d46db
BUILD_BASE_BUILDING	0x3d46db
Instantly unpack the free base: 	0x3d46db
Base/Instant Unpack a base so team can start building structures on it (Free).	0x3d46db
NAMED_BASE_UNPACK_FREE	0x3d46db
and reference it as 	0x3d46db
Unpack the base: 	0x3d46db
Base/Unpack a base so team can start building structures on it.	0x3d46db
NAMED_BASE_UNPACK	0x3d46db
 upgrade 	0x3d46db
 will give 	0x3d46db
Team_/Upgrades/Team gives team upgrade.	0x3d46db
TEAM_GIVE_TEAM_UPGRADE	0x3d46db
 will give nearest team upgrade	0x3d46db
Team_/Upgrades/Team gives nearest team upgrade.	0x3d46db
TEAM_GIVE_NEAREST_TEAM_UPGRADE	0x3d46db
 to reference another team reference 	0x3d46db
Scripting_/Reference/ Set reference to another team reference.	0x3d46db
SET_TEAM_REFERENCE_TO_REFERNECE	0x3d46db
 to reference another unit reference 	0x3d46db
Scripting_/Reference/ Set reference to another unit reference.	0x3d46db
SET_UNIT_REFERENCE_TO_REFERENCE	0x3d46db
 to reference team 	0x3d46db
Scripting_/Reference/ Set reference to a team.	0x3d46db
SET_TEAM_REFERENCE	0x3d46db
 delay until it is ready again.	0x3d46db
Unit/gate/ Delay a sequential script until the gate is ready again	0x3d46db
GATE_READY	0x3d46db
 Close gate.	0x3d46db
Unit/gate/ close a gate	0x3d46db
GATE_CLOSE	0x3d46db
Open gate 	0x3d46db
Unit/gate/ open a gate	0x3d46db
GATE_OPEN	0x3d46db
 to reference it. (Building must be inside map boundaries: 	0x3d46db
 and set 	0x3d46db
Find the home base owned by 	0x3d46db
_Scripting/Reference/Find home base of player	0x3d46db
FIND_HOME_BASE_OF_PLAYER	0x3d46db
 (and owned by the teams Player) and set its reference to 	0x3d46db
nearest the team	0x3d46db
Find the unit matching a type in the list 	0x3d46db
Scripting/Reference/ Set a reference to the unit nearest-to-team, owned by player.	0x3d46db
TEAM_SET_PLAYERS_NEAREST_UNIT_OF_TYPE_TO_REFERENCE	0x3d46db
 to reference unit 	0x3d46db
Scripting_/Reference/ Set reference to a unit.	0x3d46db
SET_UNIT_REFERENCE	0x3d46db
Team_/ Team has (comparison) threat level within radius.	0x3d46db
TEAM_THREAT_LEVEL	0x3d46db
 within radius 	0x3d46db
 threat level 	0x3d46db
Unit_/ Unit has (comparison) threat level within radius.	0x3d46db
UNIT_THREAT_LEVEL	0x3d46db
 to retract it's siege ramp from the wall 	0x3d46db
Unit_/Siege/ Retract the siege tower from that wall it's attached to.	0x3d46db
RETRACT_SIEGE_FROM_WALL	0x3d46db
 to attach it's siege ramp to the wall 	0x3d46db
 Request 	0x3d46db
Unit_/Siege/ Deploy the siege tower to the named wall.	0x3d46db
DEPLOY_SIEGE_ON_NAMED_WALL	0x3d46db
 allow cancel 	0x3d46db
Play Movie named 	0x3d46db
PlayMovie/ Plays a movie in game.	0x3d46db
PLAY_MOVIE_IN_GAME	0x3d46db
Toggles on & off the AVI capture.	0x3d46db
AVICapture_/ Toggles on & off AVI capture	0x3d46db
TOGGLE_AVI_CAPTURE	0x3d46db
Exit back into the living world map region view.	0x3d46db
LivingWorld_/ Exit back into region view	0x3d46db
LIVING_WORLD_EXIT_TO_REGION_VIEW	0x3d46db
 from the living world.	0x3d46db
Despawn Army named 	0x3d46db
LivingWorld_/ Despawn an army from the Living World	0x3d46db
LIVING_WORLD_DESPAWN_ARMY	0x3d46db
Spawn Army named 	0x3d46db
LivingWorld_/ Spawn an army in a named zone	0x3d46db
LIVING_WORLD_SPAWN_ARMY_IN_ZONE	0x3d46db
 of TemplateType 	0x3d46db
Spawn Army named	0x3d46db
LivingWorld_/ Spawn an army at world position	0x3d46db
LIVING_WORLD_SPAWN_ARMY_AT_POSITION	0x3d46db
 zone.	0x3d46db
 To the 	0x3d46db
LivingWorld_/ Move army to a named zone	0x3d46db
LIVING_WORLD_MOVE_ARMY_TO_ZONE	0x3d46db
 in the world.	0x3d46db
 To the position 	0x3d46db
 of faction 	0x3d46db
Move Army named	0x3d46db
LivingWorld_/ Move army to a world position	0x3d46db
LIVING_WORLD_MOVE_ARMY_TO_POSITION	0x3d46db
Unit_/ Sets a unit's experience points	0x3d46db
UNIT_SET_EXPERIENCE_POINTS	0x3d46db
Unit_/ Gives a unit experience points	0x3d46db
UNIT_GIVE_EXPERIENCE_POINTS	0x3d46db
Unit_/ Gives specified team an experience level	0x3d46db
UNIT_GIVE_EXPERIENCE_LEVEL	0x3d46db
 experience points' to 	0x3d46db
Sets 	0x3d46db
Team_/ Sets a team's experience points	0x3d46db
TEAM_SET_EXPERIENCE_POINTS	0x3d46db
 experience points 	0x3d46db
Team_/ Gives specified team experience points	0x3d46db
TEAM_GIVE_EXPERIENCE_POINTS	0x3d46db
 experience level 	0x3d46db
Team_/ Gives specified team an experience level	0x3d46db
TEAM_GIVE_EXPERIENCE_LEVEL	0x3d46db
 light point level 	0x3d46db
Takes away from 	0x3d46db
Player_/ Takes away a light point level	0x3d46db
PLAYER_REMOVE_LIGHT_POINT_LEVEL	0x3d46db
  light point level 	0x3d46db
Player_/ Gives a light point level	0x3d46db
PLAYER_GIVE_LIGHT_POINT_LEVEL	0x3d46db
Resets light points for 	0x3d46db
Player_/ Reset light points	0x3d46db
PLAYER_RESET_LIGHT_POINTS	0x3d46db
 light points.	0x3d46db
Gives 	0x3d46db
Player_/ Give light points	0x3d46db
PLAYER_GIVE_LIGHT_POINTS	0x3d46db
 (True to disable.)	0x3d46db
Disable terrain render 	0x3d46db
Camera_/Terrain/Enable or Disable Terrain Render.	0x3d46db
TERRAIN_RENDER_DISABLE	0x3d46db
Set Bloom Filter to be disabled	0x3d46db
Camera_/Lighting Effects/End bloom lighting effect.	0x3d46db
CAMERA_BLOOM_EFFECT_END	0x3d46db
Set Bloom Filter to be enabled	0x3d46db
Camera_/Lighting Effects/Begin bloom lighting effect.	0x3d46db
CAMERA_BLOOM_EFFECT_BEGIN	0x3d46db
Multimedia_/Sound Effect/Disable object's ambient sound	0x3d46db
DISABLE_OBJECT_SOUND	0x3d46db
's ambient sound.	0x3d46db
Enable (or trigger) 	0x3d46db
Multimedia_/Sound Effect/Enable object's ambient sound	0x3d46db
ENABLE_OBJECT_SOUND	0x3d46db
Force ChooseVictim to ignore game difficulty and always use Normal setting 	0x3d46db
Map_/ Force ChooseVictim to ignore game difficulty and always use Normal setting.	0x3d46db
CHOOSE_VICTIM_ALWAYS_USES_NORMAL	0x3d46db
Delete all unmanned (sniped) vehicles.	0x3d46db
Scripting_/ Delete all unmanned (sniped) vehicles.	0x3d46db
DELETE_ALL_UNMANNED	0x3d46db
) Width then height, in world units.	0x3d46db
Allow bigger objects to be perceived as onscreen near the edge (	0x3d46db
Map_/ Resize view guardband.	0x3d46db
RESIZE_VIEW_GUARDBAND	0x3d46db
Show 'Defeated' window and end game	0x3d46db
Multiplayer_/ Announce defeat.	0x3d46db
Show 'Victorious' window and end game	0x3d46db
Multiplayer_/ Announce victory.	0x3d46db
Show 'Game Over' window	0x3d46db
Multiplayer_/ Announce local defeat.	0x3d46db
LOCALDEFEAT	0x3d46db
 Enter and guard from tunnel network.	0x3d46db
Team_/ Set to guard - from inside tunnel network.	0x3d46db
TEAM_GUARD_IN_TUNNEL_NETWORK	0x3d46db
 (true to enable, false to disable).	0x3d46db
Enable Object Bonuses based on difficulty 	0x3d46db
Map_/ Adjust Object Bonuses based on difficulty.	0x3d46db
OBJECT_ALLOW_BONUSES	0x3d46db
Set the desired speech volume to 	0x3d46db
Multimedia_/ Set the current speech volume.	0x3d46db
SPEECH_SET_VOLUME	0x3d46db
Set the desired sound volume to 	0x3d46db
Multimedia_/ Set the current sound volume.	0x3d46db
SOUND_SET_VOLUME	0x3d46db
 times the usual rate (0.0 for no gain, 1.0 for normal rate)	0x3d46db
 gains experience at 	0x3d46db
Player_/ Change the modifier to generals experience that a player receives.	0x3d46db
PLAYER_AFFECT_RECEIVING_EXPERIENCE	0x3d46db
 on team 	0x3d46db
Unit_/ Spawn -- named unit on a team at a position with an orientation.	0x3d46db
UNIT_SPAWN_NAMED_LOCATION_ORIENTATION	0x3d46db
 (1-12).	0x3d46db
 in slot number 	0x3d46db
 is added to all objects of type 	0x3d46db
Scripting_/ Add a command button to an object type.	0x3d46db
COMMANDBAR_ADD_BUTTON_OBJECTTYPE_SLOT	0x3d46db
 is removed from all objects of type 	0x3d46db
Scripting_/ Remove a command button from an object type.	0x3d46db
COMMANDBAR_REMOVE_BUTTON_OBJECTTYPE	0x3d46db
Team_/ Set team to face a waypoint.	0x3d46db
TEAM_FACE_WAYPOINT	0x3d46db
Team_/ Set team to face another unit.	0x3d46db
TEAM_FACE_NAMED	0x3d46db
Unit_/ Set unit to face a waypoint.	0x3d46db
NAMED_FACE_WAYPOINT	0x3d46db
 begin facing 	0x3d46db
Unit_/ Set unit to face another unit.	0x3d46db
NAMED_FACE_NAMED	0x3d46db
 seconds. Negative value reverts to normal behavior.	0x3d46db
Override hulk lifetime to 	0x3d46db
Scripting_/ Hulk set override lifetime.	0x3d46db
SCRIPTING_OVERRIDE_HULK_LIFETIME	0x3d46db
 (1-5).	0x3d46db
 uses skillset number 	0x3d46db
Player_/ Set the skillset for a computer player.	0x3d46db
PLAYER_SELECT_SKILLSET	0x3d46db
 change the value of flag 	0x3d46db
Team_/ Affect flags set on object panel - all.	0x3d46db
TEAM_AFFECT_OBJECT_PANEL_FLAGS	0x3d46db
 changes the value of flag 	0x3d46db
Unit_/ Affect flags set on object panel.	0x3d46db
UNIT_AFFECT_OBJECT_PANEL_FLAGS	0x3d46db
Set Particle Cap to be enabled 	0x3d46db
Scripting_/ Enable or Disable Particle Cap.	0x3d46db
OPTIONS_SET_PARTICLE_CAP_MODE	0x3d46db
Set Draw-icon UI to be enabled 	0x3d46db
Scripting_/ Enable or Disable Draw-icon UI.	0x3d46db
OPTIONS_SET_DRAWICON_UI_MODE	0x3d46db
Set Occlusion to be enabled 	0x3d46db
Scripting_/ Enable or Disable Occlusion (Drawing Behind Buildings).	0x3d46db
OPTIONS_SET_OCCLUSION_MODE	0x3d46db
 (False to disable.)	0x3d46db
Set EVA to be enabled 	0x3d46db
Scripting_/ Enable or Disable EVA.	0x3d46db
EVA_SET_ENABLED_DISABLED	0x3d46db
MAP_UNDO_REVEAL_PERMANENTLY_IN_TRIGGER	0x3d46db
 is undone.	0x3d46db
Map_/ Reveal map at waypoint -- undo permanently.	0x3d46db
MAP_UNDO_REVEAL_PERMANENTLY_AT_WAYPOINT	0x3d46db
The map is permanently revealed in trigger 	0x3d46db
Map_/ Reveal map in polygon trigger -- permanently.	0x3d46db
MAP_REVEAL_PERMANENTLY_IN_TRIGGER	0x3d46db
. (Afterwards referred to as 	0x3d46db
The map is permanently revealed at 	0x3d46db
Map_/ Reveal map at waypoint -- permanently.	0x3d46db
MAP_REVEAL_PERMANENTLY_AT_WAYPOINT	0x3d46db
 : remove 	0x3d46db
Scripting_/ Object Type List -- Remove Object Type.	0x3d46db
OBJECTLIST_REMOVEOBJECTTYPE	0x3d46db
 : add 	0x3d46db
Scripting_/ Object Type List -- Add Object Type.	0x3d46db
OBJECTLIST_ADDOBJECTTYPE	0x3d46db
Unit_/ Set emoticon for duration (-1.0 permanent, otherwise duration in sec).	0x3d46db
NAMED_SET_EMOTICON	0x3d46db
 emoticon for 	0x3d46db
Team_/ Set emoticon for duration (-1.0 permanent, otherwise duration in sec).	0x3d46db
TEAM_SET_EMOTICON	0x3d46db
 delay until at least one of them is no longer contained.	0x3d46db
Team_/ Delay a sequential script until the team is no longer contained - partial	0x3d46db
TEAM_WAIT_FOR_NOT_CONTAINED_PARTIAL	0x3d46db
 all delay until they are no longer contained.	0x3d46db
Team_/ Delay a sequential script until the team is no longer contained - all	0x3d46db
TEAM_WAIT_FOR_NOT_CONTAINED_ALL	0x3d46db
 from units it has captured. (There's nothing quite like being assaulted by your own captured units!)	0x3d46db
 creates a new 	0x3d46db
Player_/ Create team from all captured units.	0x3d46db
PLAYER_CREATE_TEAM_FROM_CAPTURED_UNITS	0x3d46db
 capture the nearest unowned faction unit.	0x3d46db
Team_/ Capture unowned faction unit -- nearest.	0x3d46db
TEAM_CAPTURE_NEAREST_UNOWNED_FACTION_UNIT	0x3d46db
 perform 	0x3d46db
% of 	0x3d46db
Team_/ Use command ability -- partial -- self.	0x3d46db
TEAM_PARTIAL_USE_COMMANDBUTTON	0x3d46db
Team_/ Use command ability -- all -- nearest object type.	0x3d46db
TEAM_ALL_USE_COMMANDBUTTON_ON_NEAREST_OBJECTTYPE	0x3d46db
Team_/ Use command ability -- all -- nearest enemy building kindof.	0x3d46db
TEAM_ALL_USE_COMMANDBUTTON_ON_NEAREST_ENEMY_BUILDING_CLASS	0x3d46db
Team_/ Use command ability -- all -- nearest enemy building.	0x3d46db
TEAM_ALL_USE_COMMANDBUTTON_ON_NEAREST_ENEMY_BUILDING	0x3d46db
Team_/ Use command ability -- all -- nearest enemy object with kind of.	0x3d46db
TEAM_ALL_USE_COMMANDBUTTON_ON_NEAREST_KINDOF	0x3d46db
Team_/ Use command ability -- all -- nearest enemy garrisoned building.	0x3d46db
TEAM_ALL_USE_COMMANDBUTTON_ON_NEAREST_GARRISONED_BUILDING	0x3d46db
Team_/ Use command ability -- all -- nearest enemy unit	0x3d46db
TEAM_ALL_USE_COMMANDBUTTON_ON_NEAREST_ENEMY_UNIT	0x3d46db
  on 	0x3d46db
Team_/ Use command ability -- all -- named enemy	0x3d46db
TEAM_ALL_USE_COMMANDBUTTON_ON_NAMED	0x3d46db
 Radius.	0x3d46db
 Duration (seconds) 	0x3d46db
 with Amplitude 	0x3d46db
Add Camera Shaker Effect at waypoint 	0x3d46db
Camera_/Add Camera Shaker Effect at.	0x3d46db
CAMERA_ADD_SHAKER_AT	0x3d46db
Disable camera playback mode.	0x3d46db
Camera_/Disable 3DSMax Camera Animation Playback mode.	0x3d46db
CAMERA_DISABLE_SLAVE_MODE	0x3d46db
 containing bone name 	0x3d46db
Enable 3DSMax Camera playback of animation with thing name 	0x3d46db
Camera_/Enable 3DSMax Camera Animation Playback mode.	0x3d46db
CAMERA_ENABLE_SLAVE_MODE	0x3d46db
Team_/ Set to continue current action for some number of seconds.	0x3d46db
TEAM_SPIN_FOR_SECONDS	0x3d46db
 continue their current action for at least 	0x3d46db
Team_/ Set to continue current action for some number of frames.	0x3d46db
TEAM_SPIN_FOR_FRAMECOUNT	0x3d46db
 ready.	0x3d46db
 wait until at least one member is 	0x3d46db
Skirmish_/ Delay a sequential script until the specified command ability is ready - partial.	0x3d46db
SKIRMISH_WAIT_FOR_COMMANDBUTTON_AVAILABLE_PARTIAL	0x3d46db
 is ready.	0x3d46db
 all wait until 	0x3d46db
Skirmish_/ Delay a sequential script until the specified command ability is ready - all.	0x3d46db
SKIRMISH_WAIT_FOR_COMMANDBUTTON_AVAILABLE_ALL	0x3d46db
 (true = all valid sources, false = first valid source).	0x3d46db
 on most expensive object within 	0x3d46db
 performs 	0x3d46db
Skirmish_/ Team performs command ability on most valuable object.	0x3d46db
SKIRMISH_PERFORM_COMMANDBUTTON_ON_MOST_VALUABLE_OBJECT	0x3d46db
 attacks nearest group worth 	0x3d46db
Skirmish_/ Team attacks nearest group matching value comparison.	0x3d46db
SKIRMISH_ATTACK_NEAREST_GROUP_WITH_VALUE	0x3d46db
Set the AI Recruitable flag for 	0x3d46db
Team_/AttackMove/Set the AI Recruitable Flag for units in this team	0x3d46db
TEAM_SET_AI_RECRUITABLE_FLAG	0x3d46db
Team_/AttackMove/AttackMove team towards the nearest object of a specific type owned by a player	0x3d46db
ATTACK_MOVE_TEAM_TO_NEAREST_OBJECT_OF_TYPE_OF_PLAYER	0x3d46db
Team_/AttackMove/AttackMove team towards the nearest object of a specific type	0x3d46db
TEAM_ATTACK_MOVE_TOWARDS_NEAREST_OBJECT_TYPE	0x3d46db
Team_/ Move team towards the nearest object of a specific type in trigger area.	0x3d46db
TEAM_MOVE_TOWARDS_NEAREST_OBJECT_TYPE	0x3d46db
 will AttackMove towards the nearest 	0x3d46db
Unit_/AttackMove/AttackMove unit towards the nearest object of a specific type	0x3d46db
UNIT_ATTACK_MOVE_TOWARDS_NEAREST_OBJECT_TYPE	0x3d46db
 will move towards the nearest 	0x3d46db
Unit_/ Move unit towards the nearest object of a specific type in trigger area.	0x3d46db
UNIT_MOVE_TOWARDS_NEAREST_OBJECT_TYPE	0x3d46db
 if destroyed.	0x3d46db
 will topple towards 	0x3d46db
Unit_/ Set topple direction.	0x3d46db
NAMED_SET_TOPPLE_DIRECTION	0x3d46db
All sound events play at normal volume.	0x3d46db
Multimedia_/ Sound Events -- restore volume -- all.	0x3d46db
AUDIO_RESTORE_VOLUME_ALL_TYPE	0x3d46db
 play at normal volume.	0x3d46db
Multimedia_/ Sound Events -- restore volume -- type.	0x3d46db
AUDIO_RESTORE_VOLUME_TYPE	0x3d46db
% of full volume.	0x3d46db
 play at 	0x3d46db
Multimedia_/ Sound Events -- override volume -- type.	0x3d46db
AUDIO_OVERRIDE_VOLUME_TYPE	0x3d46db
Enable all sound events.	0x3d46db
Multimedia_/ Sound Events -- enable all.	0x3d46db
SOUND_ENABLE_ALL	0x3d46db
Remove all disabled sound events (OBSOLETE -- disable type now does all the work)	0x3d46db
Multimedia_/ Sound Events -- remove all disabled. (OBSOLETE)	0x3d46db
SOUND_REMOVE_ALL_DISABLED	0x3d46db
 is removed.	0x3d46db
Multimedia_/ Sound Events -- remove type.	0x3d46db
SOUND_REMOVE_TYPE	0x3d46db
 is enabled.	0x3d46db
Multimedia_/ Sound Events -- enable type.	0x3d46db
SOUND_ENABLE_TYPE	0x3d46db
 is disabled.	0x3d46db
Multimedia_/ Sound Events -- disable type.	0x3d46db
SOUND_DISABLE_TYPE	0x3d46db
 dollars worth of boxes. 	0x3d46db
 is set to having 	0x3d46db
Warehouse named 	0x3d46db
Unit_/ Set cash value of Warehouse.	0x3d46db
WAREHOUSE_SET_VALUE	0x3d46db
, but only if both Cave listings have no occupants. 	0x3d46db
 is set to being connected to all caves of index 	0x3d46db
Cave named 	0x3d46db
Unit_/ Set Cave connectivity index.	0x3d46db
SET_CAVE_INDEX	0x3d46db
 becomes 	0x3d46db
Map_/ Adjust the tech tree for a specific object type.	0x3d46db
TECHTREE_MODIFY_BUILDABILITY_OBJECT	0x3d46db
The screen will shake with 	0x3d46db
Camera_/ Shake Screen.	0x3d46db
SCREEN_SHAKE	0x3d46db
The radar is now reverting to its normal behavior.	0x3d46db
Radar_/ Revert radar to normal behavior.	0x3d46db
RADAR_REVERT_TO_NORMAL	0x3d46db
The radar is now forced to be enabled.	0x3d46db
Radar_/ Force enable the radar.	0x3d46db
RADAR_FORCE_ENABLE	0x3d46db
) while playing 	0x3d46db
, centers in view (	0x3d46db
 's first 	0x3d46db
Scripting_/ Select the first object type on a team.	0x3d46db
OBJECT_FORCE_SELECT	0x3d46db
 Modify the default CloudEffect speed to be 	0x3d46db
Map_/ Change the speed of the CloudEffect.	0x3d46db
MAP_CHANGE_CLOUD_SPEED	0x3d46db
 becomes the active border.	0x3d46db
Map_/ Change the active boundary.	0x3d46db
MAP_SWITCH_BORDER	0x3d46db
Team_/ Use commandbutton ability at a waypoint.	0x3d46db
TEAM_USE_COMMANDBUTTON_ABILITY_AT_WAYPOINT	0x3d46db
Team_/ Use commandbutton ability on an object.	0x3d46db
TEAM_USE_COMMANDBUTTON_ABILITY_ON_NAMED	0x3d46db
Team_/ Use commandbutton ability.	0x3d46db
TEAM_USE_COMMANDBUTTON_ABILITY	0x3d46db
 at angle 	0x3d46db
Unit_/ Build thing at waypoint.	0x3d46db
NAMED_BUILD_STRUCTURE_AT_WAYPOINT	0x3d46db
 on nearest object of type 	0x3d46db
Unit_/ Use command ability -- all -- nearest object type.	0x3d46db
NAMED_USE_COMMANDBUTTON_ON_NEAREST_OBJECTTYPE	0x3d46db
  on nearest enemy building with 	0x3d46db
Unit_/ Use command ability -- all -- nearest enemy building kindof.	0x3d46db
NAMED_USE_COMMANDBUTTON_ON_NEAREST_ENEMY_BUILDING_CLASS	0x3d46db
  on nearest enemy building.	0x3d46db
Unit_/ Use command ability -- all -- nearest enemy building.	0x3d46db
NAMED_USE_COMMANDBUTTON_ON_NEAREST_ENEMY_BUILDING	0x3d46db
  on nearest enemy with 	0x3d46db
Unit_/ Use command ability -- all -- nearest enemy object with kind of.	0x3d46db
NAMED_USE_COMMANDBUTTON_ON_NEAREST_KINDOF	0x3d46db
  on nearest enemy garrisoned building.	0x3d46db
Unit_/ Use command ability -- all -- nearest enemy garrisoned building.	0x3d46db
NAMED_USE_COMMANDBUTTON_ON_NEAREST_GARRISONED_BUILDING	0x3d46db
  on nearest enemy unit.	0x3d46db
Unit_/ Use command ability -- all -- nearest enemy unit	0x3d46db
NAMED_USE_COMMANDBUTTON_ON_NEAREST_ENEMY_UNIT	0x3d46db
Unit_/ Use commandbutton ability at a waypoint.	0x3d46db
NAMED_USE_COMMANDBUTTON_ABILITY_AT_WAYPOINT	0x3d46db
Unit_/ Use commandbutton ability on an object.	0x3d46db
NAMED_USE_COMMANDBUTTON_ABILITY_ON_NAMED	0x3d46db
Unit_/ Use commandbutton ability.	0x3d46db
NAMED_USE_COMMANDBUTTON_ABILITY	0x3d46db
 dam_/sec.	0x3d46db
 seconds doing 	0x3d46db
Map_/ Adjust water height to a new level with damage over time	0x3d46db
WATER_CHANGE_HEIGHT_OVER_TIME	0x3d46db
 impassable for human player: 	0x3d46db
 Make area 	0x3d46db
Map_/ Make area impassable for human player	0x3d46db
HUMAN_IMPASSABLE_AREA	0x3d46db
 changes altitude to 	0x3d46db
Map_/ Adjust water height to a new level	0x3d46db
WATER_CHANGE_HEIGHT	0x3d46db
Team_/ Set to idle for some number of seconds.	0x3d46db
TEAM_IDLE_FOR_SECONDS	0x3d46db
Team_/ Set to guard -- number of seconds.	0x3d46db
TEAM_GUARD_FOR_SECONDS	0x3d46db
Team_/ Set to idle for some number of frames.	0x3d46db
TEAM_IDLE_FOR_FRAMECOUNT	0x3d46db
Team_/ Set to guard -- number of frames.	0x3d46db
TEAM_GUARD_FOR_FRAMECOUNT	0x3d46db
Team_/ Set or clear the Aflame status on a team.	0x3d46db
TEAM_SET_FLAME_STATUS	0x3d46db
 is now on fire (T-F) 	0x3d46db
Unit_/ Set or clear the Aflame status on a unit.	0x3d46db
UNIT_SET_FLAME_STATUS	0x3d46db
 seconds. Percentage 	0x3d46db
Team_/ Set a model condition flag on a team for duration. % specifies # of members that get this.	0x3d46db
TEAM_SET_MODELCONDITION_FOR_DURATION	0x3d46db
 seconds. Percentage (hordes) 	0x3d46db
 sets model condition 	0x3d46db
Unit_/ Set a model condition flag on a unit for duration. % specifies # of members in horde that get this.	0x3d46db
UNIT_SET_MODELCONDITION_FOR_DURATION	0x3d46db
Team_/ Set or clear a custom model condition flag on a team.	0x3d46db
TEAM_SET_MODELCONDITION	0x3d46db
 sets custom model condition number (1-4) 	0x3d46db
Unit_/ Set or clear a custom model condition flag on a unit.	0x3d46db
UNIT_SET_MODELCONDITION	0x3d46db
Unit_/ Set to idle for some number of seconds.	0x3d46db
UNIT_IDLE_FOR_SECONDS	0x3d46db
Unit_/ Set to guard for some number of seconds.	0x3d46db
UNIT_GUARD_FOR_SECONDS	0x3d46db
 idles for 	0x3d46db
Unit_/ Set to idle for some number of frames.	0x3d46db
UNIT_IDLE_FOR_FRAMECOUNT	0x3d46db
 guards for 	0x3d46db
Unit_/ Set to guard for some number of frames.	0x3d46db
UNIT_GUARD_FOR_FRAMECOUNT	0x3d46db
Team_/ Execute script sequentially -- stop.	0x3d46db
TEAM_STOP_SEQUENTIAL_SCRIPT	0x3d46db
 stops executing.	0x3d46db
Unit_/ Set a specific unit to stop executing a sequential script.	0x3d46db
UNIT_STOP_SEQUENTIAL_SCRIPT	0x3d46db
Team_/ Execute script sequentially -- looping.	0x3d46db
TEAM_EXECUTE_SEQUENTIAL_SCRIPT_LOOPING	0x3d46db
Team_/ Execute script sequentially -- start.	0x3d46db
TEAM_EXECUTE_SEQUENTIAL_SCRIPT	0x3d46db
 times. (0=forever)	0x3d46db
 sequentially, 	0x3d46db
Unit_/ Set a specific unit to execute a looping sequential script.	0x3d46db
UNIT_EXECUTE_SEQUENTIAL_SCRIPT_LOOPING	0x3d46db
 sequentially.	0x3d46db
 executes 	0x3d46db
Unit_/ Set a specific unit to execute a script sequentially.	0x3d46db
UNIT_EXECUTE_SEQUENTIAL_SCRIPT	0x3d46db
Player_/ Remove an override to a player's relationship to another team.	0x3d46db
PLAYER_REMOVE_OVERRIDE_RELATION_TO_TEAM	0x3d46db
Player_/ Override a player's relationship to another team.	0x3d46db
PLAYER_SET_OVERRIDE_RELATION_TO_TEAM	0x3d46db
Team_/ Remove an override to a team's relationship to another player.	0x3d46db
TEAM_REMOVE_OVERRIDE_RELATION_TO_PLAYER	0x3d46db
Team_/ Override a team's relationship to another player.	0x3d46db
TEAM_SET_OVERRIDE_RELATION_TO_PLAYER	0x3d46db
 fire waypoint-weapon following waypoints starting at 	0x3d46db
Unit_/ Fire waypoint-weapon following waypoint path.	0x3d46db
NAMED_FIRE_WEAPON_FOLLOWING_WAYPOINT_PATH	0x3d46db
 are killed.	0x3d46db
All units inside 	0x3d46db
Unit_/ Kill all units contained within a specific transport or structure.	0x3d46db
UNIT_DESTROY_ALL_CONTAINED	0x3d46db
 seconds, reverse rotation 	0x3d46db
Rotate to look at 	0x3d46db
Camera (R)_/ Rotate to look at a waypoint.	0x3d46db
CAMERA_LOOK_TOWARD_WAYPOINT	0x3d46db
 seconds with z-offset of 	0x3d46db
 seconds and holding 	0x3d46db
Rotate toward 	0x3d46db
Camera (R)_/ Rotate toward unit.	0x3d46db
CAMERA_LOOK_TOWARD_OBJECT	0x3d46db
(1.0==default).	0x3d46db
(0.0 is N, 90.0 is W, etc), height = 	0x3d46db
(0.0==default), angle = 	0x3d46db
Camera Pitch = 	0x3d46db
Camera_/ Set default camera.	0x3d46db
CAMERA_SET_DEFAULT	0x3d46db
Stop tether to any units.	0x3d46db
Camera_/ Stop tether to any units.	0x3d46db
CAMERA_STOP_TETHER_NAMED	0x3d46db
.  Amount of play is 	0x3d46db
.  Snap camera to object is 	0x3d46db
Have the camera tethered to 	0x3d46db
Camera_/ Tether camera to a specific unit.	0x3d46db
CAMERA_TETHER_NAMED	0x3d46db
 uses the player relationship to all other teams and players.	0x3d46db
Team_/ Remove all overrides to team's relationship to teams and/or players.	0x3d46db
TEAM_REMOVE_ALL_OVERRIDE_RELATIONS	0x3d46db
 uses the player relationship to 	0x3d46db
Team_/ Remove an override to a team's relationship to another team.	0x3d46db
TEAM_REMOVE_OVERRIDE_RELATION_TO_TEAM	0x3d46db
 (rather than using the the player relationship).	0x3d46db
Team_/ Override a team's relationship to another team.	0x3d46db
TEAM_SET_OVERRIDE_RELATION_TO_TEAM	0x3d46db
 stops, then disbands.	0x3d46db
Team_/ Set to stop, then disband.	0x3d46db
TEAM_STOP_AND_DISBAND	0x3d46db
Team_/ Set to stop.	0x3d46db
TEAM_STOP	0x3d46db
 stops.	0x3d46db
Unit_/ Set a specific unit to stop.	0x3d46db
NAMED_STOP	0x3d46db
Refresh radar terrain.	0x3d46db
Scripting_/ Refresh radar terrain.	0x3d46db
REFRESH_RADAR	0x3d46db
Unit_/ Special power -- fire at unit.	0x3d46db
NAMED_FIRE_SPECIAL_POWER_AT_NAMED	0x3d46db
Unit_/ Special power -- fire at location.	0x3d46db
NAMED_FIRE_SPECIAL_POWER_AT_WAYPOINT	0x3d46db
 repair 	0x3d46db
Player_/ Repair named bridge or structure.	0x3d46db
PLAYER_REPAIR_NAMED_STRUCTURE	0x3d46db
Player/ Special power -- fire on team.	0x3d46db
FIRE_SPECIAL_POWER_ON_TEAM	0x3d46db
 owned by 	0x3d46db
Player/ Special power -- fire on nearest object type owned by player.	0x3d46db
FIRE_SPECIAL_POWER_ON_NEAREST_OBJECTTYPE_BY_PLAYER	0x3d46db
 on nearest object of 	0x3d46db
Player/ Special power -- fire on nearest object type.	0x3d46db
FIRE_SPECIAL_POWER_ON_NEAREST_OBJECTTYPE	0x3d46db
 at enemy's most costly area.	0x3d46db
 fire 	0x3d46db
Skirmish_/ Special power -- fire at enemy's highest cost area.	0x3d46db
SKIRMISH_FIRE_SPECIAL_POWER_AT_MOST_COST	0x3d46db
 fires 	0x3d46db
Skirmish_/ Special power -- fire at location.	0x3d46db
PLAYER_FIRE_SPECIAL_POWER_AT_WAYPOINT	0x3d46db
 seconds added to it.	0x3d46db
Unit_/ Special power countdown timer -- add seconds.	0x3d46db
NAMED_ADD_SPECIAL_POWER_COUNTDOWN	0x3d46db
Player/ Special power countdown timer -- set.	0x3d46db
PLAYER_SET_SPECIAL_POWER_COUNTDOWN	0x3d46db
Unit_/ Special power countdown timer -- set.	0x3d46db
NAMED_SET_SPECIAL_POWER_COUNTDOWN	0x3d46db
Resume 	0x3d46db
Unit_/ Special power countdown timer -- resume.	0x3d46db
NAMED_START_SPECIAL_POWER_COUNTDOWN	0x3d46db
 countdown.	0x3d46db
Pause 	0x3d46db
Unit_/ Special power countdown timer -- pause.	0x3d46db
NAMED_STOP_SPECIAL_POWER_COUNTDOWN	0x3d46db
Enables timer display.	0x3d46db
Scripting_/ Timer -- display all timers to the user.	0x3d46db
ENABLE_COUNTDOWN_TIMER_DISPLAY	0x3d46db
Disables timer display.	0x3d46db
Scripting_/ Timer -- hide all timers from the user.	0x3d46db
DISABLE_COUNTDOWN_TIMER_DISPLAY	0x3d46db
Scripting_/ Timer -- hides an individual timer from the user.	0x3d46db
HIDE_COUNTDOWN_TIMER	0x3d46db
Scripting_/ Timer -- display an individual timer to the user.	0x3d46db
DISPLAY_COUNTDOWN_TIMER	0x3d46db
Hide 	0x3d46db
Scripting_/ Counter -- hides an individual counter from the user.	0x3d46db
HIDE_COUNTER	0x3d46db
 with text 	0x3d46db
Show 	0x3d46db
Scripting_/ Counter -- display an individual counter to the user.	0x3d46db
DISPLAY_COUNTER	0x3d46db
 gets $	0x3d46db
Player_/ Gives/takes from player's money.	0x3d46db
PLAYER_GIVE_MONEY	0x3d46db
's money to $	0x3d46db
Player_/ Set player's money.	0x3d46db
PLAYER_SET_MONEY	0x3d46db
 transfers to 	0x3d46db
Control of 	0x3d46db
Team_/ Transfer control of a team to a player.	0x3d46db
TEAM_TRANSFER_TO_PLAYER	0x3d46db
%. (0-100)	0x3d46db
Set the desired music volume to 	0x3d46db
Multimedia_/ Set the current music volume.	0x3d46db
MUSIC_SET_VOLUME	0x3d46db
Shows special power countdowns for 	0x3d46db
Unit_/ Special power countdown timer -- display.	0x3d46db
NAMED_SHOW_SPECIAL_POWER_DISPLAY	0x3d46db
Hides special power countdowns for 	0x3d46db
Unit_/ Special power countdown timer -- hide.	0x3d46db
NAMED_HIDE_SPECIAL_POWER_DISPLAY	0x3d46db
Enables special power countdown display.	0x3d46db
Scripting_/ Special power countdown display -- enable.	0x3d46db
ENABLE_SPECIAL_POWER_DISPLAY	0x3d46db
Disables special power countdown display.	0x3d46db
Scripting_/ Special power countdown display -- disable.	0x3d46db
DISABLE_SPECIAL_POWER_DISPLAY	0x3d46db
.  (0 sets to default.)	0x3d46db
Set max FPS to 	0x3d46db
Scripting_/ Set max frames per second.	0x3d46db
SET_FPS_LIMIT	0x3d46db
Set stopping distances for 	0x3d46db
Team_/Move/Set stopping distance for each unit's current locomotor.	0x3d46db
SET_STOPPING_DISTANCE	0x3d46db
Set stopping distance for 	0x3d46db
Unit_/Move/Set stopping distance for current locomotor.	0x3d46db
NAMED_SET_STOPPING_DISTANCE	0x3d46db
Set Held status for 	0x3d46db
Unit_/Move/Set unit to be held in place, ignoring Physics, Locomotors, etc.	0x3d46db
NAMED_SET_HELD	0x3d46db
Set the audible range during camera-up shots to 	0x3d46db
Camera_/Sounds/Set the audible distance for camera-up shots.	0x3d46db
CAMERA_SET_AUDIBLE_DISTANCE	0x3d46db
Show military briefing 	0x3d46db
Scripting_/Briefing/Show military briefing caption.	0x3d46db
SHOW_MILITARY_CAPTION	0x3d46db
Unfreeze time.	0x3d46db
Scripting_/Time/Unfreeze time.	0x3d46db
UNFREEZE_TIME	0x3d46db
Freeze time.	0x3d46db
Scripting_/Time/Freeze time.	0x3d46db
FREEZE_TIME	0x3d46db
End skybox mode (draw black background).	0x3d46db
Camera_/Skybox/End skybox mode.	0x3d46db
DRAW_SKYBOX_END	0x3d46db
Start skybox mode (draw sky background).	0x3d46db
Camera_/Skybox/Start skybox mode.	0x3d46db
DRAW_SKYBOX_BEGIN	0x3d46db
End motion blur as the camera moves.	0x3d46db
Camera_/Fade Effects/End motion blur as the camera moves.	0x3d46db
CAMERA_MOTION_BLUR_END_FOLLOW	0x3d46db
 (start with 30 and adjust up or down). 	0x3d46db
Start motion blur as the camera moves, amount= 	0x3d46db
Camera_/Fade Effects/Start motion blur as the camera moves.	0x3d46db
CAMERA_MOTION_BLUR_FOLLOW	0x3d46db
, saturate colors = 	0x3d46db
Blur zoom, zoom in at current location, zoom out at 	0x3d46db
Camera_/Fade Effects/Motion blur zoom with jump cut.	0x3d46db
CAMERA_MOTION_BLUR_JUMP	0x3d46db
 (true=zoom in, false = zoom out), saturate colors = 	0x3d46db
Blur zoom, zoom in = 	0x3d46db
Camera_/Fade Effects/Motion blur zoom.	0x3d46db
CAMERA_MOTION_BLUR	0x3d46db
Frames to transition out of ring mode = 	0x3d46db
Camera_/Fade Effects/End Ring effect.	0x3d46db
CAMERA_RING_MODE_END	0x3d46db
Frames to transition into ring mode = 	0x3d46db
Camera_/Fade Effects/Start Ring effect.	0x3d46db
CAMERA_RING_MODE_START	0x3d46db
Frames to fade into color mode = 	0x3d46db
Camera_/Fade Effects/End black & white mode.	0x3d46db
CAMERA_BW_MODE_END	0x3d46db
Frames to fade into black & white mode = 	0x3d46db
Camera_/Fade Effects/Start black & white mode.	0x3d46db
CAMERA_BW_MODE_BEGIN	0x3d46db
Show UI	0x3d46db
Camera_/Show UI	0x3d46db
SHOW_UI	0x3d46db
Hide UI (like letterbox mode, but with no border).	0x3d46db
Camera_/Hide UI	0x3d46db
HIDE_UI	0x3d46db
End letterbox mode (show UI, remove border).	0x3d46db
Camera_/ End letterbox mode.	0x3d46db
CAMERA_LETTERBOX_END	0x3d46db
Start letterbox mode (hide UI, add border).	0x3d46db
Camera_/Letterbox/Start letterbox mode.	0x3d46db
CAMERA_LETTERBOX_BEGIN	0x3d46db
Reset the music scripting system, as if the level had just started, fading out (	0x3d46db
Multimedia_/Music/Reset music scripting system.	0x3d46db
MUSIC_RESET_MUSIC_SCRIPTING_SYSTEM	0x3d46db
) the music scripting system's music.	0x3d46db
) the current music track and fading in (	0x3d46db
Resume use of (turn on) the music scripting system, fading out (	0x3d46db
Multimedia_/Music/Return to music scripting.	0x3d46db
MUSIC_RETURN_TO_MUSIC_SCRIPTING	0x3d46db
) the music scripting system's current music.	0x3d46db
Turn off the music scripting system, fading out (	0x3d46db
Multimedia_/Music/Turn off music scripting.	0x3d46db
MUSIC_TURN_OFF_MUSIC_SCRIPTING	0x3d46db
Multimedia_/Music Scripting Internal (music.scb only!)/Push music track to play as part of the music scripting system a certain number of times, then set a flag.	0x3d46db
MUSIC_SCRIPT_PUSH_TRACK_FINITE_TIMES_AND_NOTIFY	0x3d46db
 atop the current music scripting music track and play it 	0x3d46db
Multimedia_/Music Scripting Internal (music.scb only!)/Push music track to play as part of the music scripting system a certain number of times.	0x3d46db
MUSIC_SCRIPT_PUSH_TRACK_FINITE_TIMES	0x3d46db
 times as of the music scripting system using fadeout (	0x3d46db
Multimedia_/Music Scripting Internal (music.scb only!)/Play a music track as part of the music scripting system a certain number of times, then set a flag.	0x3d46db
MUSIC_SCRIPT_PLAY_TRACK_FINITE_TIMES_AND_NOTIFY	0x3d46db
 times as part of the music scripting system, using fadeout (	0x3d46db
Multimedia_/Music Scripting Internal (music.scb only!)/Play a music track as part of a music script a certain number of times.	0x3d46db
MUSIC_SCRIPT_PLAY_TRACK_FINITE_TIMES	0x3d46db
 to TRUE. (Does NOT pop the music off the stack upon completion.) 	0x3d46db
Multimedia_/Music/Push music track to play a certain number of times, then set a flag.	0x3d46db
MUSIC_PUSH_TRACK_FINITE_TIMES_AND_NOTIFY	0x3d46db
). (Does NOT pop the music off the stack upon completion.) 	0x3d46db
 atop the current music track and play it 	0x3d46db
Multimedia_/Music/Push music track to play a certain number of times.	0x3d46db
MUSIC_PUSH_TRACK_FINITE_TIMES	0x3d46db
 to TRUE.	0x3d46db
), then set 	0x3d46db
Multimedia_/Music/Play a music track a certain number of times, then set a flag.	0x3d46db
MUSIC_PLAY_TRACK_FINITE_TIMES_AND_NOTIFY	0x3d46db
 times using fadeout (	0x3d46db
Multimedia_/Music/Play a music track a certain number of times.	0x3d46db
MUSIC_PLAY_TRACK_FINITE_TIMES	0x3d46db
Pop the current music scripting system's music track off the stack using fadeout (	0x3d46db
Multimedia_/Music Scripting Internal (music.scb only!)/Pop music track as part of the music scripting system.	0x3d46db
MUSIC_SCRIPT_POP_MUSIC	0x3d46db
Multimedia_/Music Scripting Internal (music.scb only!)/Push music track as part of the music scripting system.	0x3d46db
MUSIC_SCRIPT_PUSH_MUSIC	0x3d46db
) as part of the music scripting system.	0x3d46db
Multimedia_/Music Scripting Internal (music.scb only!)/Play a music track as part of the music scripting system.	0x3d46db
MUSIC_SCRIPT_SET_TRACK	0x3d46db
Pop the current music track off the stack using fadeout (	0x3d46db
Multimedia_/Music/Pop music track.	0x3d46db
AUDIO_POP_MUSIC	0x3d46db
 atop the current music track using fadeout (	0x3d46db
Push (stack) 	0x3d46db
Multimedia_/Music/Push music track.	0x3d46db
AUDIO_PUSH_MUSIC	0x3d46db
) and fadein (	0x3d46db
 using fadeout (	0x3d46db
Multimedia_/Music/Play a music track.	0x3d46db
MUSIC_SET_TRACK	0x3d46db
Resume the ambient sounds.	0x3d46db
Multimedia_/SoundEffects/Resume the ambient sounds.	0x3d46db
SOUND_AMBIENT_RESUME	0x3d46db
Pause the ambient sounds.	0x3d46db
Multimedia_/SoundEffects/Pause the ambient sounds.	0x3d46db
SOUND_AMBIENT_PAUSE	0x3d46db
Enable mouse and keyboard input.	0x3d46db
User_/Input/User input -- enable.	0x3d46db
ENABLE_INPUT	0x3d46db
Disable mouse and keyboard input.	0x3d46db
User_/Input/User input -- disable.	0x3d46db
DISABLE_INPUT	0x3d46db
All idle Supply Trucks attempt to resume supply routes.	0x3d46db
Scripting_/Idle or Restart/All idle Supply Trucks attempt to resume supply routes.	0x3d46db
RESUME_SUPPLY_TRUCKING	0x3d46db
Idle all units for all players.	0x3d46db
Scripting_/Idle or Restart/Idle all units for all players.	0x3d46db
IDLE_ALL_UNITS	0x3d46db
 merges onto 	0x3d46db
Team_/Merge/Merge a team into another team.	0x3d46db
TEAM_MERGE_INTO_TEAM	0x3d46db
 attempts to collect nearby units for a team.	0x3d46db
Team_/AI/Set to collect nearby units.	0x3d46db
TEAM_COLLECT_NEARBY_FOR_TEAM	0x3d46db
 sets their willingness to join teams to 	0x3d46db
Team_/AI/Set whether members of a team can be recruited into another team.	0x3d46db
TEAM_AVAILABLE_FOR_RECRUITMENT	0x3d46db
 evacuate.	0x3d46db
Player_/Garrison/All units leave their garrisons.	0x3d46db
PLAYER_EXIT_ALL_BUILDINGS	0x3d46db
 garrison buildings.	0x3d46db
Player_/Garrison/Garrison as many buildings as player has units for.	0x3d46db
PLAYER_GARRISON_ALL_BUILDINGS	0x3d46db
 leaves the building.	0x3d46db
Unit_/Garrison/Exit the building the unit is in.	0x3d46db
NAMED_EXIT_BUILDING	0x3d46db
Unit_/Garrison/Garrison a nearby building with a specific unit.	0x3d46db
NAMED_GARRISON_NEAREST_BUILDING	0x3d46db
 garrison team 	0x3d46db
Team_/Garrison/Garrison a specific team instantly with a specific team.	0x3d46db
TEAM_GARRISON_TEAM_INSTANTLY	0x3d46db
Team_/Garrison/Garrison a specific building instantly with a specific team.	0x3d46db
TEAM_GARRISON_SPECIFIC_BUILDING_INSTANTLY	0x3d46db
 instantly.	0x3d46db
Unit_/Garrison/Garrison a specific building instantly with a specific unit.	0x3d46db
NAMED_GARRISON_SPECIFIC_BUILDING_INSTANTLY	0x3d46db
 garrison building 	0x3d46db
Unit_/Garrison/Garrison a specific building with a specific unit.	0x3d46db
NAMED_GARRISON_SPECIFIC_BUILDING	0x3d46db
 exits all buildings.	0x3d46db
Team_/Garrison/Exit all buildings a team is in.	0x3d46db
TEAM_EXIT_ALL_BUILDINGS	0x3d46db
 garrison a nearby building.	0x3d46db
Team_/Garrison/Garrison a nearby building with a team.	0x3d46db
TEAM_GARRISON_NEAREST_BUILDING	0x3d46db
 empties.	0x3d46db
Unit_/Garrison/Empty a specific building.	0x3d46db
EXIT_SPECIFIC_BUILDING	0x3d46db
 enters into building named 	0x3d46db
Team_/Garrison/Garrison a specific building with a team.	0x3d46db
TEAM_GARRISON_SPECIFIC_BUILDING	0x3d46db
Shroud off the map edges is turned on.	0x3d46db
Map_/Shroud or Reveal/Border Shroud is turned on.	0x3d46db
ENABLE_BORDER_SHROUD	0x3d46db
Shroud off the map edges is turned off.	0x3d46db
Map_/Shroud or Reveal/Border Shroud is turned off.	0x3d46db
DISABLE_BORDER_SHROUD	0x3d46db
The world is shrouded for 	0x3d46db
Map_/Shroud or Reveal/Shroud the entire map for a player.	0x3d46db
MAP_SHROUD_ALL	0x3d46db
.  This will mess things up badly if called when there has been no permanent reveal.	0x3d46db
Undo the permanent reveal for 	0x3d46db
Map_/Shroud or Reveal/Un-Reveal the entire map permanently for a player.	0x3d46db
MAP_REVEAL_ALL_UNDO_PERM	0x3d46db
The world is revealed permanently for 	0x3d46db
Map_/Shroud or Reveal/Reveal the entire map permanently for a player.	0x3d46db
MAP_REVEAL_ALL_PERM	0x3d46db
The world is revealed for 	0x3d46db
Map_/Shroud or Reveal/Reveal the entire map for a player.	0x3d46db
MAP_REVEAL_ALL	0x3d46db
The map is shrouded inside 	0x3d46db
The map is shrouded at 	0x3d46db
Map_/Shroud or Reveal/Shroud map at waypoint -- add fog.	0x3d46db
MAP_SHROUD_AT_WAYPOINT	0x3d46db
The map is revealed inside 	0x3d46db
Map_/Shroud or Reveal/Reveal map inside trigger -- fog.	0x3d46db
MAP_REVEAL_IN_TRIGGER	0x3d46db
 feet for 	0x3d46db
 with a radius of 	0x3d46db
The map is revealed at 	0x3d46db
Map_/Shroud or Reveal/Reveal map at waypoint -- fog.	0x3d46db
MAP_REVEAL_AT_WAYPOINT	0x3d46db
Team_/Status/Strict Control set enabled or disabled.	0x3d46db
TEAM_SET_STRICT_CONTROL_ENABLED	0x3d46db
 strict control to 	0x3d46db
Unit_/Status/Strict Control set enabled or disabled.	0x3d46db
NAMED_SET_STRICT_CONTROL_ENABLED	0x3d46db
Team_/Status/Stealth set enabled or disabled.	0x3d46db
TEAM_SET_STEALTH_ENABLED	0x3d46db
 stealth ability to 	0x3d46db
Unit_/Status/Stealth set enabled or disabled.	0x3d46db
NAMED_SET_STEALTH_ENABLED	0x3d46db
 camera fading to 	0x3d46db
Unit_/Status/Camera fading set enabled or disabled.	0x3d46db
NAMED_SET_CAMERA_FADING	0x3d46db
The radar is enabled.	0x3d46db
Radar_/Control/Enable the radar.	0x3d46db
RADAR_ENABLE	0x3d46db
The radar is disabled.	0x3d46db
Radar_/Control/Disable the radar.	0x3d46db
RADAR_DISABLE	0x3d46db
Radar_/Create Event/Create a radar event at a specific team.	0x3d46db
TEAM_CREATE_RADAR_EVENT	0x3d46db
Radar_/Create Event/Create a radar event at a specific object.	0x3d46db
OBJECT_CREATE_RADAR_EVENT	0x3d46db
A radar event occurs at 	0x3d46db
Radar_/Create Event/Create a radar event at a specified location.	0x3d46db
RADAR_CREATE_EVENT	0x3d46db
A palantir event of type 	0x3d46db
Palantir/Create a Palantir event.	0x3d46db
PALANTIR_EVENT	0x3d46db
 to be 	0x3d46db
 considers 	0x3d46db
Player_/Alliances/Change how a player relates to another player.	0x3d46db
PLAYER_RELATES_PLAYER	0x3d46db
Turn off scoring.	0x3d46db
Player_/Score/Turn off scoring.	0x3d46db
DISABLE_SCORING	0x3d46db
Turn on scoring.	0x3d46db
Player_/Score/Turn on scoring.	0x3d46db
ENABLE_SCORING	0x3d46db
 from the score screen.	0x3d46db
Exclude 	0x3d46db
Player_/Score/Exclude this player from the score screen.	0x3d46db
PLAYER_EXCLUDE_FROM_SCORE_SCREEN	0x3d46db
 is transferred to the command of 	0x3d46db
Player_/Transfer/Transfer a specific unit to the control of a player.	0x3d46db
NAMED_TRANSFER_OWNERSHIP_PLAYER	0x3d46db
 are transferred to 	0x3d46db
All assets of 	0x3d46db
Player_/Transfer/Transfer assets from one player to another player.	0x3d46db
PLAYER_TRANSFER_OWNERSHIP_PLAYER	0x3d46db
 (true to allow, false to disallow).	0x3d46db
 plays, allowing overlap 	0x3d46db
Multimedia_/Sound Effects/Play a speech file.	0x3d46db
SPEECH_PLAY	0x3d46db
 plays as though coming from 	0x3d46db
Multimedia_/Sound Effects/Play a sound as though coming from a specific unit.	0x3d46db
SOUND_PLAY_NAMED	0x3d46db
 plays in the palantir window.	0x3d46db
Multimedia_/Movie/Play a movie in the palantir.	0x3d46db
MOVIE_PLAY_RADAR	0x3d46db
 plays fullscreen but doesn't play for low detail ( 	0x3d46db
Interface/Play a movie in fullscreen mode.	0x3d46db
MOVIE_PLAY_FULLSCREEN	0x3d46db
User_/Flash/Flash a team white for a specified amount of time.	0x3d46db
TEAM_FLASH_WHITE	0x3d46db
 flashes white for 	0x3d46db
User_/Flash/Flash a specific unit white for a specified amount of time.	0x3d46db
NAMED_FLASH_WHITE	0x3d46db
 uses the color 	0x3d46db
User_/Flash/Set a specific unit to use a special indicator color.	0x3d46db
NAMED_CUSTOM_COLOR	0x3d46db
User_/Flash/Flash a team for a specified amount of time.	0x3d46db
TEAM_FLASH	0x3d46db
User_/Flash/Flash a specific unit for a specified amount of time.	0x3d46db
NAMED_FLASH	0x3d46db
 flashes for 	0x3d46db
User_/Flash/Flash a cameo for a specified amount of time.	0x3d46db
CAMEO_FLASH	0x3d46db
 in the bottom letterbox for 	0x3d46db
 with font type 	0x3d46db
User_/String/Display a cinematic string.	0x3d46db
DISPLAY_CINEMATIC_TEXT	0x3d46db
 in the text log and message area.	0x3d46db
Displays 	0x3d46db
User_/String/Display a string.	0x3d46db
DISPLAY_TEXT	0x3d46db
's buildings and units are dealt a lethal amount of damage.	0x3d46db
All of 	0x3d46db
Player_/Damage or Remove/Kill a player.	0x3d46db
PLAYER_KILL	0x3d46db
 is dealt a lethal amount of damage.	0x3d46db
Team_/Damage or Remove/Kill an entire team.	0x3d46db
TEAM_KILL	0x3d46db
is dealt a lethal amount of damage.	0x3d46db
Unit_/Damage or Remove/Kill a specific unit.	0x3d46db
NAMED_KILL	0x3d46db
, with FX named 	0x3d46db
, zMult 	0x3d46db
, force 	0x3d46db
 will be shocked dir (0-360) 	0x3d46db
Unit_/Damage or Remove/Shock a specific unit.	0x3d46db
NAMED_SHOCK	0x3d46db
Each living member of team 	0x3d46db
Team_/Damage or Remove/Delete a team, but ignore dead guys.	0x3d46db
TEAM_DELETE_LIVING	0x3d46db
Team_/Damage or Remove/Delete a team.	0x3d46db
TEAM_DELETE	0x3d46db
 is removed from the world.	0x3d46db
Unit_/Damage or Remove/Delete a specific unit.	0x3d46db
NAMED_DELETE	0x3d46db
 percent. 	0x3d46db
 kill off  	0x3d46db
 Horde 	0x3d46db
Unit_/Damage/Kill off a percentage of the Horde.	0x3d46db
KILL_HORDE_MEMBERS	0x3d46db
 points of damage.	0x3d46db
 takes 	0x3d46db
Unit_/Damage/Deal damage to a specific unit.	0x3d46db
NAMED_DAMAGE	0x3d46db
Start building team 	0x3d46db
Team_/AI/Start building a team.	0x3d46db
BUILD_TEAM	0x3d46db
 tiles on each side [0 = reset to normal].	0x3d46db
Oversize the terrain 	0x3d46db
Camera_/Terrain/Oversize the terrain.	0x3d46db
OVERSIZE_TERRAIN	0x3d46db
The camera moves to the home base.	0x3d46db
Camera_/Move/Move the camera to the home position.	0x3d46db
CAMERA_MOVE_HOME	0x3d46db
 is able to build units.	0x3d46db
Player_/Build/Set a player to be able to build units.	0x3d46db
PLAYER_ENABLE_UNIT_CONSTRUCTION	0x3d46db
 is able to build from 	0x3d46db
Player_/Build/Set a player to be able to build from a specific building.	0x3d46db
PLAYER_ENABLE_FACTORIES	0x3d46db
 is able to build buildings.	0x3d46db
Player_/Build/Set a player to be able to build buildings.	0x3d46db
PLAYER_ENABLE_BASE_CONSTRUCTION	0x3d46db
 is unable to build units.	0x3d46db
Player_/Build/Set a player to be unable to build units.	0x3d46db
PLAYER_DISABLE_UNIT_CONSTRUCTION	0x3d46db
 is unable to build from 	0x3d46db
Player_/Build/Set a player to be unable to build from a specific building.	0x3d46db
PLAYER_DISABLE_FACTORIES	0x3d46db
 is unable to build buildings.	0x3d46db
Player_/Build/Set a player to be unable to build buildings.	0x3d46db
PLAYER_DISABLE_BASE_CONSTRUCTION	0x3d46db
 begins harvesting around 	0x3d46db
Team_/Hunt/Set to harvest.	0x3d46db
TEAM_HARVEST	0x3d46db
Player_/Hunt/Set all of a player's units to hunt.	0x3d46db
PLAYER_HUNT	0x3d46db
Team_/Hunt/Set to hunt.	0x3d46db
TEAM_HUNT	0x3d46db
 begins hunting using 	0x3d46db
Team_/Hunt/Set to hunt using commandbutton ability.	0x3d46db
TEAM_HUNT_WITH_COMMAND_BUTTON	0x3d46db
 begins hunting.	0x3d46db
Unit_/Hunt/Set a specific unit to hunt.	0x3d46db
NAMED_HUNT	0x3d46db
Unit_/Guard/Set to guard -- area, from a waypoint.	0x3d46db
UNIT_GUARD_AREA_FROM_POSITION	0x3d46db
Unit_/Guard/Set to guard -- area.	0x3d46db
UNIT_GUARD_AREA	0x3d46db
Unit_/Guard/Set to guard -- specific unit.	0x3d46db
UNIT_GUARD_OBJECT	0x3d46db
Unit_/Guard/Set to guard -- location.	0x3d46db
UNIT_GUARD_POSITION	0x3d46db
Team_/Guard/Set to guard -- nearest kindof.	0x3d46db
TEAM_GUARD_NEAREST_KINDOF	0x3d46db
 from Waypoint 	0x3d46db
Team_/Guard/Set to guard -- area, from a waypoint.	0x3d46db
TEAM_GUARD_AREA_FROM_POSITION	0x3d46db
Team_/Guard/Set to guard -- area.	0x3d46db
TEAM_GUARD_AREA	0x3d46db
 begins guarding Team 	0x3d46db
Team_/Guard/Set to guard -- a team.	0x3d46db
TEAM_GUARD_TEAM	0x3d46db
 begins guarding 	0x3d46db
Team_/Guard/Set to guard -- specific unit.	0x3d46db
TEAM_GUARD_OBJECT	0x3d46db
 begins guarding at 	0x3d46db
Team_/Guard/Set to guard -- location.	0x3d46db
TEAM_GUARD_POSITION	0x3d46db
Team_/Guard/Set to guard -- current location.	0x3d46db
TEAM_GUARD	0x3d46db
 begins guarding nearest kindof 	0x3d46db
Unit_/Move/Set to guard -- nearest kindof.	0x3d46db
UNIT_GUARD_NEAREST_KINDOF	0x3d46db
 begins guarding.	0x3d46db
Unit_/Move/Set to guard.	0x3d46db
NAMED_GUARD	0x3d46db
 EXACTLY follows waypoints, beginning at 	0x3d46db
Unit_/Move/Set a specific unit to EXACTLY follow a waypoint path.	0x3d46db
NAMED_FOLLOW_WAYPOINTS_EXACT	0x3d46db
 AttackMove follows waypoints, beginning at 	0x3d46db
Unit_/AttackMove/Set a specific unit to follow a waypoint path.	0x3d46db
NAMED_ATTACK_FOLLOW_WAYPOINTS	0x3d46db
 follows waypoints, beginning at 	0x3d46db
Unit_/Move/Set a specific unit to follow a waypoint path.	0x3d46db
NAMED_FOLLOW_WAYPOINTS	0x3d46db
 unload.	0x3d46db
Team_/Transport/Transport -- unload team from all.	0x3d46db
TEAM_EXIT_ALL	0x3d46db
 unloads.	0x3d46db
Unit_/Transport/Transport -- unload units from specific.	0x3d46db
NAMED_EXIT_ALL	0x3d46db
 attempt to load into 	0x3d46db
Team_/Transport/Transport -- load team into specific.	0x3d46db
TEAM_ENTER_NAMED	0x3d46db
 loads into 	0x3d46db
Unit_/Transport/Transport -- load unit into specific.	0x3d46db
NAMED_ENTER_NAMED	0x3d46db
 load into transports.	0x3d46db
Team_/Transport/Transport -- automatically load.	0x3d46db
TEAM_LOAD_TRANSPORTS	0x3d46db
Team_/Attack/Set to attack -- specific unit.	0x3d46db
TEAM_ATTACK_NAMED	0x3d46db
 attack anything in 	0x3d46db
Team_/Attack/Set to attack -- trigger area.	0x3d46db
TEAM_ATTACK_AREA	0x3d46db
 attacks 	0x3d46db
Unit_/Attack/Set a specific unit to attack a team.	0x3d46db
NAMED_ATTACK_TEAM	0x3d46db
 for 	0x3d46db
Unit_/Attack/Set a specific unit to attack a specific trigger area for a number of seconds.	0x3d46db
NAMED_ATTACK_AREA_FOR_SECONDS	0x3d46db
 attacks anything in 	0x3d46db
Unit_/Attack/Set a specific unit to attack a specific trigger area.	0x3d46db
NAMED_ATTACK_AREA	0x3d46db
Team_/Internal/Repulsor/Set the REPULSOR flag of a team.	0x3d46db
TEAM_SET_REPULSOR	0x3d46db
 REPULSOR flag is 	0x3d46db
Unit_/Internal/Repulsor/Set the REPULSOR flag of a specific unit.	0x3d46db
NAMED_SET_REPULSOR	0x3d46db
 change their attitude to 	0x3d46db
Team_/Mood/Set the general attitude of a team.	0x3d46db
TEAM_SET_ATTITUDE	0x3d46db
 changes his attitude to 	0x3d46db
Unit_/Mood/Set the general attitude of a specific unit.	0x3d46db
NAMED_SET_ATTITUDE	0x3d46db
 seconds between building teams.	0x3d46db
 will delay 	0x3d46db
Player_/AI/Set the delay between building teams.	0x3d46db
SET_BASE_CONSTRUCTION_SPEED	0x3d46db
 availability to 	0x3d46db
 set 	0x3d46db
Player_/Science/Set science availability.	0x3d46db
PLAYER_SCIENCE_AVAILABILITY	0x3d46db
 attempts to purchase Science 	0x3d46db
Player_/Science/Player attempts to purchase a Science.	0x3d46db
PLAYER_PURCHASE_SCIENCE	0x3d46db
 is granted 	0x3d46db
Player_/Science/Grant a Science to a given Player (ignoring prerequisites).	0x3d46db
PLAYER_GRANT_SCIENCE	0x3d46db
The current map is given a Rank Level Limit of 	0x3d46db
Map_/Experience/Set Rank Level Limit for current Map.	0x3d46db
PLAYER_SET_RANKLEVELLIMIT	0x3d46db
 is given a Rank Level of 	0x3d46db
Player_/Experience/Set Rank Level.	0x3d46db
PLAYER_SET_RANKLEVEL	0x3d46db
 Rank Levels.	0x3d46db
Player_/Experience/Add or Subtract Rank Levels.	0x3d46db
PLAYER_ADD_RANKLEVEL	0x3d46db
Set Hero experience sharing to 	0x3d46db
Player_/Experience/Set whether heroes share experience with other heroes	0x3d46db
SET_HERO_EXPERIENCE_SHARING	0x3d46db
 Skill Points.	0x3d46db
 is given 	0x3d46db
Player_/Experience/Add or Subtract Skill Points.	0x3d46db
PLAYER_ADD_SKILLPOINTS	0x3d46db
 set the default priority to 	0x3d46db
AttackPrioritySet_/Set/Specify the set's default priority.	0x3d46db
SET_DEFAULT_ATTACK_PRIORITY	0x3d46db
AttackPrioritySet_/Set/Modify a set's priorities for all of a kind.	0x3d46db
SET_ATTACK_PRIORITY_KIND_OF	0x3d46db
 set the priority of object type 	0x3d46db
AttackPrioritySet_/Set/Modify a set's priority for a single unit type.	0x3d46db
SET_ATTACK_PRIORITY_THING	0x3d46db
AttackPrioritySet_/Apply/Team/Apply a team's attack priority set.	0x3d46db
TEAM_APPLY_ATTACK_PRIORITY_SET	0x3d46db
 use 	0x3d46db
AttackPrioritySet_/Apply/Unit/Apply unit's attack priority set.	0x3d46db
NAMED_APPLY_ATTACK_PRIORITY_SET	0x3d46db
Spawn unit of type 	0x3d46db
Unit_/Spawn/Spawn -- unnamed unit on a team at a waypoint.	0x3d46db
CREATE_UNNAMED_ON_TEAM_AT_WAYPOINT	0x3d46db
 at waypoint 	0x3d46db
 of type 	0x3d46db
Spawn 	0x3d46db
Unit_/Spawn/Spawn -- named unit on a team at a waypoint.	0x3d46db
CREATE_NAMED_ON_TEAM_AT_WAYPOINT	0x3d46db
Unit_/Attack/Set unit to attack another unit.	0x3d46db
NAMED_ATTACK_NAMED	0x3d46db
 begin attack on 	0x3d46db
Team_/Attack/Set to attack -- another team.	0x3d46db
TEAM_ATTACK_TEAM	0x3d46db
), rotated 	0x3d46db
 at position (	0x3d46db
Spawn object 	0x3d46db
Unit_/Spawn/Spawn object.	0x3d46db
CREATE_OBJECT	0x3d46db
 during the camera movement.	0x3d46db
Camera_/Modify/Move/Camera look toward point while moving.	0x3d46db
CAMERA_MOD_LOOK_TOWARD	0x3d46db
 at the end of the camera movement.	0x3d46db
Look toward	0x3d46db
{Compatibility}_/Camera/Modify/Move/ Final camera look toward point.	0x3d46db
CAMERA_MOD_FINAL_LOOK_TOWARD	0x3d46db
 frames. (1=no smoothing, 5 = very smooth)	0x3d46db
Average position and angle changes over	0x3d46db
Camera_/Move/Modify/ Number of frames to average movements.	0x3d46db
CAMERA_MOD_SET_ROLLING_AVERAGE	0x3d46db
 times normal (1=normal, 2 = twice as fast, ...).	0x3d46db
Adjust game time to	0x3d46db
{Compatibility}_/Camera/Modify/Final visual game time for camera movement.	0x3d46db
CAMERA_MOD_SET_FINAL_SPEED_MULTIPLIER	0x3d46db
 time normal (1=normal, 2 = twice as fast, ...).	0x3d46db
Make visual time 	0x3d46db
{Compatibility}_/Multimedia/Modify visual game time.	0x3d46db
SET_VISUAL_SPEED_MULTIPLIER	0x3d46db
 (1.0==default, 0.0==toward horizon, >1 = toward ground) 	0x3d46db
Adjust pitch to 	0x3d46db
Camera_/Move/Modify/Set Final pitch for camera movement.	0x3d46db
CAMERA_MOD_SET_FINAL_PITCH	0x3d46db
 ease-out.	0x3d46db
 ease-in 	0x3d46db
 (1.0==max height, 0.0==in the ground) 	0x3d46db
Adjust zoom to 	0x3d46db
Camera_/Move/Modify/Set Final zoom for camera movement.	0x3d46db
CAMERA_MOD_SET_FINAL_ZOOM	0x3d46db
Resume background sounds.	0x3d46db
Multimedia_/All Sounds/Resume all sounds.	0x3d46db
RESUME_BACKGROUND_SOUNDS	0x3d46db
Suspend background sounds.	0x3d46db
Multimedia_/All Sounds/Suspend all sounds.	0x3d46db
SUSPEND_BACKGROUND_SOUNDS	0x3d46db
Freeze camera angle during the camera movement.	0x3d46db
Camera_/Move/Modify/ Freeze camera angle during the camera movement.	0x3d46db
CAMERA_MOD_FREEZE_ANGLE	0x3d46db
Freeze time during the camera movement.	0x3d46db
Camera_/Move/Modify/ Freeze time during the camera movement.	0x3d46db
CAMERA_MOD_FREEZE_TIME	0x3d46db
 seconds from timer 	0x3d46db
Scripting_/Timer/Seconds countdown timer -- subtract seconds.	0x3d46db
SUB_FROM_MSEC_TIMER	0x3d46db
 seconds to timer 	0x3d46db
Scripting_/Timer/Seconds countdown timer -- add seconds.	0x3d46db
ADD_TO_MSEC_TIMER	0x3d46db
Scripting_/Timer/Seconds countdown timer -- set random.	0x3d46db
SET_RANDOM_MSEC_TIMER	0x3d46db
Scripting_/Timer/Seconds countdown timer -- set.	0x3d46db
SET_MILLISECOND_TIMER	0x3d46db
End movement at selected unit.	0x3d46db
Camera_/Move/Modify/ End movement at selected unit.	0x3d46db
MOVE_CAMERA_TO_SELECTION	0x3d46db
, taking 	0x3d46db
Reset to 	0x3d46db
Camera_/Move/ Reset to the default view.	0x3d46db
RESET_CAMERA	0x3d46db
Rotate in place 	0x3d46db
Camera_/Rotate/ Rotate the camera in place.	0x3d46db
ROTATE_CAMERA_LOCKED	0x3d46db
 degrees, taking 	0x3d46db
Rotate camera view to 	0x3d46db
Camera_/Rotate/ Rotate to a specific view angle.	0x3d46db
ROTATE_CAMERA_TO_ANGLE	0x3d46db
 times, taking 	0x3d46db
Rotate 	0x3d46db
Camera_/Rotate/ Rotate around the current viewpoint.	0x3d46db
ROTATE_CAMERA	0x3d46db
Look at point moving along 	0x3d46db
Camera_/Locator/Order camera's locator to follow a spline path.	0x3d46db
MOVE_CAMERA_LOCATOR_ALONG_SPLINE_PATH	0x3d46db
 seconds, delay start 	0x3d46db
Move along 	0x3d46db
Camera_/Move/Move along a spline path.	0x3d46db
MOVE_CAMERA_ALONG_SPLINE_PATH	0x3d46db
Move using 	0x3d46db
Camera_/Move/Move using camera animation.	0x3d46db
MOVE_CAMERA_BY_ANIMATION	0x3d46db
 from counter 	0x3d46db
Subtract 	0x3d46db
Scripting_/Counters/Decrement counter.	0x3d46db
DECREMENT_COUNTER	0x3d46db
 to counter 	0x3d46db
Scripting_/Counters/Increment counter.	0x3d46db
INCREMENT_COUNTER	0x3d46db
(1.0==default), looking towards 	0x3d46db
(0.0 to 1.0), pitch = 	0x3d46db
, zoom = 	0x3d46db
Position camera at 	0x3d46db
Camera_/Adjust/Set up the camera.	0x3d46db
SETUP_CAMERA	0x3d46db
Stop following any units.	0x3d46db
Camera_/Move/Stop following any units.	0x3d46db
CAMERA_STOP_FOLLOW	0x3d46db
 higher than the unit.	0x3d46db
. Camera will be 	0x3d46db
. Snap camera to object is 	0x3d46db
Have the camera follow 	0x3d46db
Camera_/Move/Follow a specific unit.	0x3d46db
CAMERA_FOLLOW_NAMED	0x3d46db
 degrees in 	0x3d46db
Change camera roll to 	0x3d46db
Camera_/Adjust/Change the camera roll.	0x3d46db
ROLL_CAMERA	0x3d46db
Change camera pitch to 	0x3d46db
Camera_/Adjust/Change the camera pitch.	0x3d46db
PITCH_CAMERA	0x3d46db
 increasing saturation. Take 	0x3d46db
Fade (0.5-1) from 	0x3d46db
Camera_/Fade Effects/Fade using a saturate blend.	0x3d46db
CAMERA_FADE_SATURATE	0x3d46db
 multiplying toward black. Take 	0x3d46db
Fade (1-0) from 	0x3d46db
Camera_/Fade Effects/Fade using a multiply blend to black.	0x3d46db
CAMERA_FADE_MULTIPLY	0x3d46db
 subtracting toward black. Take 	0x3d46db
Camera_/Fade Effects/Fade using a subtractive blend to black.	0x3d46db
CAMERA_FADE_SUBTRACT	0x3d46db
 fames, and decrease 	0x3d46db
 frames to increase, hold for 	0x3d46db
 adding toward white. Take 	0x3d46db
Fade (0-1) from 	0x3d46db
Camera_/Fade Effects/Fade using an add blend to white.	0x3d46db
CAMERA_FADE_ADD	0x3d46db
mm in 	0x3d46db
Change camera focal length to 	0x3d46db
Camera_/Adjust/Change the camera's focal length (mm).	0x3d46db
FOCAL_LENGTH_CAMERA	0x3d46db
Change camera zoom to 	0x3d46db
Camera_/Adjust/Change the camera zoom.	0x3d46db
ZOOM_CAMERA	0x3d46db
Restrict camera movement to area -- REMOVE.	0x3d46db
Camera_/Move/Restrict camera movement to area -- REMOVE.	0x3d46db
CAMERA_REMOVE_AREA_RESTRICTION	0x3d46db
Restrict camera movement to 	0x3d46db
Camera_/Move/Restrict camera movement to area.	0x3d46db
CAMERA_RESTRICT_TO_AREA	0x3d46db
 seconds, ease-out 	0x3d46db
 seconds, ease-in 	0x3d46db
 seconds, camera shutter 	0x3d46db
Move camera to 	0x3d46db
Camera_/Move/Move the camera to a location.	0x3d46db
MOVE_CAMERA_TO	0x3d46db
 from the team 	0x3d46db
Team_/Create/Recruit a team from the location of another team.	0x3d46db
RECRUIT_TEAM_AT_TEAM	0x3d46db
, maximum recruiting distance (feet):	0x3d46db
Recruit an instance of 	0x3d46db
Team_/Create/Recruit a team.	0x3d46db
RECRUIT_TEAM	0x3d46db
, on the flank.	0x3d46db
Skirmish Only_/Build/Build structure on flank perimeter.	0x3d46db
SKIRMISH_BUILD_STRUCTURE_FLANK	0x3d46db
, on the front.	0x3d46db
Build one additional 	0x3d46db
Skirmish Only_/Build/Build structure on front perimeter.	0x3d46db
SKIRMISH_BUILD_STRUCTURE_FRONT	0x3d46db
Build one additional perimeter base defenses, on the flank.	0x3d46db
Skirmish Only_/Build/Build base defense on flank perimeter.	0x3d46db
SKIRMISH_BUILD_BASE_DEFENSE_FLANK	0x3d46db
Build one additional perimeter base defenses, on the front.	0x3d46db
Skirmish Only_/Build/Build base defense on front perimeter.	0x3d46db
SKIRMISH_BUILD_BASE_DEFENSE_FRONT	0x3d46db
 move to the start of enemy path 	0x3d46db
Skirmish Only_/Move/Team move to approach path.	0x3d46db
SKIRMISH_MOVE_TO_APPROACH_PATH	0x3d46db
, as a team is 	0x3d46db
 approach the enemy using path 	0x3d46db
Skirmish Only_/Move/Team follow approach path.	0x3d46db
SKIRMISH_FOLLOW_APPROACH_PATH	0x3d46db
 is given Maximum Spell Points of 	0x3d46db
Player/Upgrades and Sciences/Set Max Spell Points.	0x3d46db
PLAYER_SET_MAX_SPELLPOINTS	0x3d46db
 this upgrade: 	0x3d46db
Give 	0x3d46db
Player_/Player/Give player an upgrade.	0x3d46db
GIVE_PLAYER_UPGRADE	0x3d46db
 build this upgrade: 	0x3d46db
Player_/AI/AI player build an upgrade.	0x3d46db
AI_PLAYER_BUILD_UPGRADE	0x3d46db
 available resources	0x3d46db
 guard attacked or closest supply src with at least 	0x3d46db
Have Team 	0x3d46db
Team_/Guard/Set to guard a supply source.	0x3d46db
TEAM_GUARD_SUPPLY_CENTER	0x3d46db
 available resources.	0x3d46db
 near a supply src with at least 	0x3d46db
 build a 	0x3d46db
Have AI 	0x3d46db
Player_/AI/AI player build near a supply source.	0x3d46db
AI_PLAYER_BUILD_SUPPLY_CENTER	0x3d46db
Build a building of type 	0x3d46db
Skirmish Only_/ Build a building.	0x3d46db
SKIRMISH_BUILD_BUILDING	0x3d46db
 will join team named 	0x3d46db
Unit named 	0x3d46db
Unit_/ Force unit to join team.	0x3d46db
UNIT_SET_TEAM	0x3d46db
CREATE_REINFORCEMENT_TEAM_AT_UNIT_POSITION	0x3d46db
Spawn an instance of 	0x3d46db
Team_/ Spawn a reinforcement team.	0x3d46db
CREATE_REINFORCEMENT_TEAM	0x3d46db
 set custom state 	0x3d46db
Team_/Misc/Team state - set custom state.	0x3d46db
TEAM_SET_CUSTOM_STATE	0x3d46db
Team_/Misc/Team state - set state.	0x3d46db
TEAM_SET_STATE	0x3d46db
Unit_/AttackMove/AttackMove a specific unit to a location.	0x3d46db
ATTACK_MOVE_NAMED_UNIT_TO	0x3d46db
Unit_/Move/Move a specific unit to a location.	0x3d46db
MOVE_NAMED_UNIT_TO	0x3d46db
 move in panic along 	0x3d46db
Team_/Move/Set to follow a waypoint path -- panic.	0x3d46db
TEAM_PANIC	0x3d46db
 wander along 	0x3d46db
Team_/Move/Set to follow a waypoint path -- wander.	0x3d46db
TEAM_WANDER	0x3d46db
Decrease the AI priority for	0x3d46db
TEAM_DECREASE_PRIORITY_BY_VALUE	0x3d46db
  by its Failure Priority Decrease amount.	0x3d46db
Reduce the AI priority for	0x3d46db
Team_/AI/Reduce priority by Failure Priority Decrease amount.	0x3d46db
TEAM_DECREASE_PRIORITY	0x3d46db
  by 	0x3d46db
Team_/AI/Increase priority by a specific value.	0x3d46db
TEAM_INCREASE_PRIORITY_BY_VALUE	0x3d46db
  by its Success Priority Increase amount.	0x3d46db
Increase the AI priority for	0x3d46db
Team_/AI/Increase priority by Success Priority Increase amount.	0x3d46db
TEAM_INCREASE_PRIORITY	0x3d46db
 wander around it's current location.	0x3d46db
Team_/Move/Set to wander around current location.	0x3d46db
TEAM_WANDER_IN_PLACE	0x3d46db
 EXACTLY follow 	0x3d46db
Team_/Move/Set to EXACTLY follow a waypoint path.	0x3d46db
TEAM_FOLLOW_WAYPOINTS_EXACT	0x3d46db
 AttackMove follow 	0x3d46db
Team_/AttackMove/Set to follow a waypoint path.	0x3d46db
TEAM_ATTACK_MOVE_FOLLOW_WAYPOINTS	0x3d46db
 , in formation is 	0x3d46db
 , as a team is 	0x3d46db
 follow 	0x3d46db
Have 	0x3d46db
Team_/Move/Set to follow a waypoint path.	0x3d46db
TEAM_FOLLOW_WAYPOINTS	0x3d46db
 Home. 	0x3d46db
Team_/Move/Set to move home.	0x3d46db
MOVE_TEAM_HOME	0x3d46db
Team_/AttackMove/Attack move a team to a named object.	0x3d46db
ATTACK_MOVE_TEAM_TO_NAMED_OBJECT	0x3d46db
AttackMove 	0x3d46db
Team_/AttackMove/Set to move to a location.	0x3d46db
ATTACK_MOVE_TEAM_TO	0x3d46db
Move 	0x3d46db
Team_/Move/Set to move to a location.	0x3d46db
MOVE_TEAM_TO	0x3d46db
 to percentage (0.0 - 100.0) 	0x3d46db
Set health of 	0x3d46db
Team_/Health/Set the health of the team members (in percentage).	0x3d46db
TEAM_SET_HEALTH	0x3d46db
 (-1==kill).	0x3d46db
, amount=	0x3d46db
Damage 	0x3d46db
Team_/Damage/Damage the members of a team.	0x3d46db
DAMAGE_MEMBERS_OF_TEAM	0x3d46db
Multimedia_/Sound Effect/Play sound effect at waypoint.	0x3d46db
PLAY_SOUND_EFFECT_AT	0x3d46db
Scripting_/Script/Run subroutine script.	0x3d46db
CALL_SUBROUTINE	0x3d46db
Disable 	0x3d46db
Scripting_/Script/Disable script.	0x3d46db
DISABLE_SCRIPT	0x3d46db
Enable 	0x3d46db
Scripting_/Script/Enable Script.	0x3d46db
ENABLE_SCRIPT	0x3d46db
 as though it was a 2D sound (NOT RECOMMENDED for 3D sounds).	0x3d46db
Play 	0x3d46db
Multimedia_/Sound Effect/Play 2D sound effect.	0x3d46db
PLAY_SOUND_EFFECT	0x3d46db
Restart timer 	0x3d46db
Scripting_/Timer/Timer -- restart stopped.	0x3d46db
RESTART_TIMER	0x3d46db
Stop timer 	0x3d46db
Scripting_/Timer/Timer -- stop.	0x3d46db
STOP_TIMER	0x3d46db
 to expire between 	0x3d46db
Scripting_/Timer/Frame countdown timer -- set random.	0x3d46db
SET_RANDOM_TIMER	0x3d46db
 frames.	0x3d46db
 to expire in 	0x3d46db
Set timer 	0x3d46db
Scripting_/Timer/Frame countdown timer -- set.	0x3d46db
SET_TIMER	0x3d46db
Null operation. (Does nothing.)	0x3d46db
Scripting_/Debug/Null operation.	0x3d46db
NO_OP	0x3d46db
Announce lose.	0x3d46db
User_/ Announce lose	0x3d46db
DEFEAT	0x3d46db
Shows the victory screen, but does not behave as a victory.	0x3d46db
User_/ Show Victory Screen	0x3d46db
VICTORY_SCREEN	0x3d46db
Announce win.	0x3d46db
User_/ Announce win	0x3d46db
VICTORY	0x3d46db
End game in victory immediately.	0x3d46db
User_/ Announce quick win	0x3d46db
QUICKVICTORY	0x3d46db
 (1.0 = normal, < 1.0 shortens frustrum, > 1.0 lengthens.)	0x3d46db
Modify normal depth of Frustrum by 	0x3d46db
Camera/Adjust/Change the camera depth of field.	0x3d46db
SET_CAMERA_CLIP_DEPTH_MULTIPLIER	0x3d46db
(0=lock step, 1=large random variation).	0x3d46db
, randomness 	0x3d46db
, frames to take to sway once 	0x3d46db
, amount to lean with the wind 	0x3d46db
, amount to sway 	0x3d46db
Set wind direction to 	0x3d46db
Map_/Environment/Set wind sway amount and direction.	0x3d46db
SET_TREE_SWAY	0x3d46db
 seconds.	0x3d46db
Scripting_/Counters/Set a random counter in seconds.	0x3d46db
SET_RANDOM_COUNTER_IN_SECONDS	0x3d46db
 seconds. 	0x3d46db
Scripting_/Counters/Set counter to a time in seconds.	0x3d46db
SET_COUNTER_IN_SECONDS	0x3d46db
. WARNING: Will cause desyncs if used for multiplayer maps! Don't use unless you have a good reason!	0x3d46db
 to a CLIENT-SIDE random between 	0x3d46db
Scripting_/Counters/Set a counter to a random CLIENT-SIDE value.	0x3d46db
SET_COUNTER_TO_CLIENT_RANDOM_VALUE	0x3d46db
 and 	0x3d46db
 randomly between 	0x3d46db
Set Counter 	0x3d46db
Scripting_/Counters/Set a random counter.	0x3d46db
SET_RANDOM_COUNTER	0x3d46db
Scripting_/Counters/Set counter to another counter.	0x3d46db
SET_COUNTER_TO_COUNTER	0x3d46db
Scripting_/Counters/Set counter to a value.	0x3d46db
SET_COUNTER	0x3d46db
Scripting_/Flags/Set flag to another flag.	0x3d46db
SET_FLAG_TO_FLAG	0x3d46db
Scripting_/Flags/Set flag to value.	0x3d46db
SET_FLAG	0x3d46db
Display a crash box with the text: 	0x3d46db
{INTERNAL}_/Debug/Display a crash box (debug/internal builds only).	0x3d46db
DEBUG_CRASH_BOX	0x3d46db
Show debug string without pausing: 	0x3d46db
Scripting_/Debug/Display string	0x3d46db
DEBUG_STRING	0x3d46db
Show debug string and pause: 	0x3d46db
Scripting_/Debug/Display message and pause	0x3d46db
DEBUG_MESSAGE_BOX	0x3d46db
ringheroes	0x3e92b2
Experience	0x3f777f
Resource	0x3f1540
Connection	0x6bb240
SubObject	0x4972a9
LivingWorldRegionID	0x3efe82
PlayerWorldToMapMatchingData: You must specify an RTS player name	0x3f005f
PlayerWorldToMapMatchingData: Unknown sub-key '%s'	0x3f005f
PlayerWorldToMapMatchingData: You must specify a world player name	0x3f005f
Invalid data in LivingWorldRegion::ModuleData::BuildingRestriction::ParseINI	0x3f2576
Duplicate RTS Player names '%s' in PlayerWorldToMapMatchingData vector	0x3f25df
Duplicate World Player names '%s' in PlayerWorldToMapMatchingData vector	0x3f25df
LivingWorldBattle::ResolutionType	0x3f3fb6
LivingWorldBattleID	0x3f40bb
Unknown Living World Autio Resolve Battle Bonus type %s	0x3f777f
Duplicate MinCount entries of %d in Living World auto resolve battle bonus table	0x3f777f
Invalid data in SessionTask::ParseINI	0x3f8f2b
Invalid data in LogicTurn::ParseINI	0x3f907b
Invalid data in Tutorial::ParseINI	0x3f9258
C:\projects\bfme2patch103\bfme2\Code\GameEngine\Source\GameClient\LivingWorld\LivingWorldEyeTower.cpp	0x3f9a2b,0x3f9a99
EnablePlayerMagicButton	0x3fe88b
HighlightPlayerMagicButton	0x3fe8bb
HideScroll	0x3fe8eb
SetPlayerButtonsState	0x3fe924
_evenstar	0x3fe924
_ring	0x3fe924
SetPlayerMagicProgress	0x3fe954
HideSpellBook	0x3fe99c
PlayCommandPointEffect	0x3fe9bb
PlayPlayerSpellPointEffect	0x3fe9da
PlayPlayerLevelUpEffect	0x3fe9f9
SetResourceIconState	0x3fea72
FadeScreenToBlack	0x3febaa
FadeScreenRegionToMapBlack	0x3fec05
SetPlayerFaction	0x3fecca
MoveButtonFlash	0x3fed66
SlotState	0x3ff0b4
Invalid Category encountered by ModifierList::Category	0x403233
Civilian	0x437b4d
%X%X%X%X%X%X%X	0x407a6a
_level	0x412845
CloseWindow	0x5ec23e
Must provide a MinSciencePurchasePointsForBonus, and it must be >= 0	0x4135cd
Duplicate MinSciencePurchasePointsForBonus %d	0x4138c7
Bonus	0x4195ec
Unknown AutoResolveReinforcementSchedule type '%s'. Should be 'Attacker' or 'Defender'	0x413d58
Defender	0x413d58
Attacker	0x413d58
Must provide a MinResourceBonus, and it must be >= 0	0x413dcc
Duplicate MinResounceBonus %d	0x414009
You cannot use EVA: sound overrides in CrowdResponseTemplates (UnitSpecificSound block)	0x415218
You cannot use EVA: sound overrides in CrowdResponseTemplates	0x415218
 #HOST:	0x416143
%d %d %d	0x416143
GUIMessageBuddy	0x511620
Two BonusForLevel entries with duplicate MinLevel of %d	0x417ff0
Unknown LivingWorldAutoResolveLeadership %s	0x418143
AutoResolve_DefaultBody	0x418825
Duplicate hitpoint entries for level %d	0x4185e4
Level	0x4195ec,0x4185e4,0x41865f,0x4972a9,0x4afe6c
Hitpoints	0x4185e4
Duplicate regenerate rate entries for level %d	0x41865f
Regenerate	0x41865f
Unknown LivingWorldAutoResolveBody %s	0x418853
AutoResolve_DefaultCombatChain	0x419154
Cannot redefine attack priority for unit type %s	0x418f7d
Unknown LivingWorldAutoResolveCombatChain %s	0x419182
AutoResolve_DefaultWeapon	0x4196f8
Against	0x41951d
Duplicate LevelBonus entries for level %d	0x4195ec
Unknown LivingWorldAutoResolveWeapon %s	0x419726
fastgameplay	0x419ab8
die  Quits to desktop NOW! 	0x419ab8
game group help:   die 	0x419ab8
debug.io stringbuf add	0x419bfa
stringbuf	0x419bfa
internal string buffer	0x419bfa
MordorWorker	0x41ce99
A light point level %s already exists.	0x4214c3
MeleeBehavior	0x425ddd
AttributeModifier	0x425ddd
A MissionObjectiveList may only appear in a map.ini file.	0x426d14
_fadeIn	0x42d5dd
_fadeOut	0x5eb825,0x42d632
Cannot override AnimationSoundClientBehaviorGlobalSetting in map.ini	0x4330ee
DeleteButtonEnable	0x4340ac
LoadButtonEnable	0x4340ac
FileNameTextEntry	0x435172
AutoSaveList	0x435172
GameList	0x435172
SetBarTo	0x43a15d
Spell	0x43c832
_active	0x57ab16
SetSpellButtonState	0x43c8e4
OnClansFlagChange	0x43db6e
MapList	0x43eb1d
SetReadyState	0x43fb5c
_disabledChecked	0x43fb5c
_disabledUnchecked	0x43fb5c
_enabledUnchecked	0x43fb5c
_enabledChecked	0x43fb5c
_none	0x43fb5c
LanLobby::NameEntry	0x445da5
LanLobby::CustomGamesList	0x445da5
DoCreateGame	0x4469d1
DoJoinGame	0x446a1c
%s:%s	0x44d512
127.0.0.1	0x44a9e6,0x6ca190,0x6a2d90
Strat	0x44d512
AnimTime expected for SpecialAbilityUpdateModule::iniParseAnimAndDuration	0x44e6cd
TriggerTime	0x44e6cd
AnimTime	0x4aeb84,0x44e6cd
AnimState	0x4aeb84,0x44e6cd
C:\projects\bfme2patch103\bfme2\Code\GameEngine\Source\GameLogic\Object\Behavior\BridgeBehavior.cpp	0x4565bd
C:\projects\bfme2patch103\bfme2\Code\GameEngine\Source\GameLogic\Object\Behavior\ClickReactionBehavior.cpp	0x4596f9
iniParseQuery: Too many queries, can only have %d.	0x45a22e
C:\projects\bfme2patch103\bfme2\Code\GameEngine\Source\GameLogic\Object\Behavior\SlowDeathBehavior.cpp	0x45d636
C:\projects\bfme2patch103\bfme2\Code\GameEngine\Source\GameLogic\Object\Behavior\ShipSlowDeathBehavior.cpp	0x45ea66
StancesEnum	0x45ed66
ARROW_	0x463235
OpenContain::removeFromContain: Trying to remove an object from a container that does not currently contain it.	0x463509
C:\projects\bfme2patch103\bfme2\Code\GameEngine\Source\GameLogic\Object\Contain\OpenContain.cpp	0x464b96
AnimState expected for TransportContain::iniParseAnim	0x4b6481
UnitType	0x47414d,0x46f288
'Target' expected	0x46f288
'Result' expected	0x46f288
RankNumber	0x47414d,0x46f288
SplitResult	0x46f288
'Position' expected	0x47414d
Invalid leader index '%s' specified, only 0..%i allowed	0x47414d
Leader index expected	0x47414d
No RankInfo for specified leader rank '%s'	0x47414d
Leader rank expected	0x47414d
Only one 'Leader' per 'Position'	0x47414d
'Leader' must be preceded by 'Position'	0x47414d
The Facing field is not supported.	0x47414d
Leader	0x47414d
RevokedWeaponCondition	0x47414d
GrantedWeaponCondition	0x47414d
Facing	0x47414d
C:\projects\bfme2patch103\bfme2\Code\GameEngine\Source\GameLogic\Object\Contain\HordeContain\HordeTransportContain.cpp	0x477af3
C:\projects\bfme2patch103\bfme2\Code\GameEngine\Source\GameLogic\Object\Contain\GarrisonContain.cpp	0x478d0a
C:\projects\bfme2patch103\bfme2\Code\GameEngine\Source\GameLogic\Object\Contain\HordeContain\AODHordeContain.cpp	0x47b690
C:\projects\bfme2patch103\bfme2\Code\GameEngine\Source\GameLogic\Object\Contain\HordeContain\HordeSiegeEngineContain.cpp	0x47ce0c
C:\projects\bfme2patch103\bfme2\Code\GameEngine\Source\GameLogic\Object\Contain\TunnelContain.cpp	0x47e16b
C:\projects\bfme2patch103\bfme2\Code\GameEngine\Source\GameLogic\Object\Die\CreateCrateDie.cpp	0x485444
'bone' expected	0x4871a7
'fxlist' expected	0x4b9a57,0x487200
fxlist	0x4b9a57,0x487200
'onlyonce' expected	0x4872af,0x487200,0x48735e
onlyonce	0x4872af,0x487200,0x48735e
'ocl' expected	0x4b9ac3,0x4872af
'psys' expected	0x4b9b2e,0x48735e
DockingDesync(DOZER) END: Object %s(%d) with target %s(%d) found docking position %g,%g,%g	0x489a07
DockingDesync(DOZER) END: Object %s(%d) with no target found docking position %g,%g,%g	0x489a07
DockingDesync(DOZER) BEGIN: Object %s(%d) with target %s(%d) at %g,%g,%g	0x489a07
    DozerActionPickActionPosState::update(), moving to goalPos %.03f, %.03f	0x48a4dd
    DozerActionPickActionPosState::update() goalPos is uninitialized	0x48a4dd
C:\projects\bfme2patch103\bfme2\Code\GameEngine\Source\GameLogic\Object\Update\FireSpreadUpdate.cpp	0x48b7d9
C:\projects\bfme2patch103\bfme2\Code\GameEngine\Source\GameLogic\Object\Update\ArrowStormUpdate.cpp	0x49083c
WeaponFireSpecialWeapon	0x4925e5
Invalid Weather setting: '%s'.	0x492f6a
'ModelState' expected	0x4972a9
C:\projects\bfme2patch103\bfme2\Code\GameEngine\Source\GameLogic\Object\Update\OneRingPenaltyUpdate.cpp	0x499afd,0x499d23
C:\projects\bfme2patch103\bfme2\Code\GameEngine\Source\GameLogic\Object\Update\OCLUpdate.cpp	0x49b3f3
C:\projects\bfme2patch103\bfme2\Code\GameEngine\Source\GameLogic\Object\Update\SlavedUpdate.cpp	0x4a2144,0x4a24d3,0x4a1a69,0x4a1c77,0x4a1e3b,0x4a1fdc
C:\projects\bfme2patch103\bfme2\Code\GameEngine\Source\GameLogic\Object\Update\StructureCollapseUpdate.cpp	0x4a425c,0x4a459b,0x4a46bf
C:\projects\bfme2patch103\bfme2\Code\GameEngine\Source\GameLogic\Object\Update\RubbleRiseUpdate.cpp	0x4a4c3f,0x4a4f72
C:\projects\bfme2patch103\bfme2\Code\GameEngine\Source\GameLogic\Object\Update\StructureToppleUpdate.cpp	0x4a6042,0x4a5c8c,0x4a54ce
C:\projects\bfme2patch103\bfme2\Code\GameEngine\Source\GameLogic\Object\Update\DockUpdate\SupplyWarehouseDockUpdate.cpp	0x4a7e67
    positionOut=%g,%g,%g	0x4aa4fe
    TerrainLogic::FindPositionAround() workingPosition=%g,%g,%g, bestPosition=%g,%g,%g	0x4aa4fe
    spotFound=%s, bestPosition=%g,%g,%g, workingPosition=%g,%g,%g	0x4aa4fe
    workingPosition=%g,%g,%g	0x4aa4fe
    offset=%g,%g,%g, radius=%g	0x4aa4fe
    ourPosition=%g,%g,%g, theirPosition=%g,%g,%g	0x4aa4fe
    WorkerAIUpdate::findGoodBuildOrRepairPosition() BEGIN: Object %s(%d) with target %s(%d)	0x4aa4fe
  target has a bridge behavior	0x4aabb4
  target is a bridge case	0x4aabb4
  WorkerAIUpdate::findGoodBuildOrRepairPositionAndTarget() BEGIN: Object %s(%d) with target %s(%d)	0x4aabb4
DockingDesync(WORKER) END: Object %s(%d) with target %s(%d) found docking position %g,%g,%g	0x4aadb1
DockingDesync(WORKER) END: Object %s(%d) with no target found docking position %g,%g,%g	0x4aadb1
DockingDesync(WORKER) BEGIN: Object %s(%d) with target %s(%d) at %g,%g,%g	0x4aadb1
C:\projects\bfme2patch103\bfme2\Code\GameEngine\Source\GameLogic\Object\Update\LargeGroupAudioUpdate.cpp	0x4ab7c8
C:\projects\bfme2patch103\bfme2\Code\GameEngine\Source\GameLogic\Object\Update\RainOfFireUpdate.cpp	0x4ac2a8
C:\projects\bfme2patch103\bfme2\Code\GameEngine\Source\GameLogic\Object\Update\DetachableRiderUpdate.cpp	0x4ae988
AnimState expected	0x4aeb84
AnimDuration expected	0x4aeb84
RiderOCL expected	0x4aeb84
RiderOCL	0x4aeb84
RespawnUpdate::iniParseDefaultRule -- RespawnRules entry expecting 'AutoSpawn:Yes' or 'AutoSpawn:No' entry. You specified %s.	0x4afc5f
RespawnUpdate::iniParseDefaultRule -- RespawnRules entry expecting 'Cost' entry. You specified %s.	0x4afc5f
RespawnUpdate::iniParseDefaultRule -- RespawnRules entry expecting 'Time' entry. You specified %s.	0x4afc5f
RespawnUpdate::iniParseDefaultRule -- RespawnRules entry expecting 'Health' entry. You specified %s.	0x4afc5f
RespawnUpdate::iniParseDefaultRule -- RespawnRules entry for 'Health' is case sensitive. You specified %s.	0x4afc5f
Health	0x4afc5f,0x4afe6c
RespawnUpdate::iniParseDefaultRule -- RespawnRules entry for 'Time' is case sensitive. You specified %s.	0x4afc5f
RespawnUpdate::iniParseDefaultRule -- RespawnRules entry for 'Cost' is case sensitive. You specified %s.	0x4afc5f
RespawnUpdate::iniParseDefaultRule -- RespawnRules entry for 'AutoSpawn:Yes' or 'AutoSpawn:No' is case sensitive. You specified %s.	0x4afc5f
AutoSpawn	0x4afc5f,0x4afe6c
RespawnUpdate::iniParseDefaultRule -- Duplicate RespawnRules entry.	0x4afc5f
RespawnUpdate::iniParseNewRuleForLevel -- RespawnEntry expecting 'Level' entry. You specified %s.	0x4afe6c
RespawnUpdate::iniParseNewRuleForLevel -- RespawnEntry Level:%d entry for 'Health' is case sensitive. You specified %s.	0x4afe6c
RespawnUpdate::iniParseNewRuleForLevel -- RespawnEntry Level:%d entry for 'Time' is case sensitive. You specified %s.	0x4afe6c
RespawnUpdate::iniParseNewRuleForLevel -- RespawnEntry Level:%d Level:%d entry for 'Cost' exists multiple times. Please remove one!	0x4afe6c
RespawnUpdate::iniParseNewRuleForLevel -- RespawnRules Level:%d entry for 'Cost' is case sensitive. You specified %s.	0x4afe6c
RespawnUpdate::iniParseNewRuleForLevel -- RespawnEntry Level:%d entry for 'Cost' exists multiple times. Please remove one!	0x4afe6c
RespawnUpdate::iniParseNewRuleForLevel -- RespawnEntry Level:%d entry for 'AutoSpawn:Yes' or 'AutoSpawn:No' is case sensitive. You specified %s.	0x4afe6c
RespawnUpdate::iniParseNewRuleForLevel -- RespawnEntry Level:%d entry for 'AutoSpawn:Yes' or 'AutoSpawn:No' exists multiple times. Please remove one!	0x4afe6c
RespawnUpdate::iniParseNewRuleForLevel -- Multiple 'RespawnEntry' with the same level of %d. You may only have one!	0x4afe6c
RespawnUpdate::iniParseNewRuleForLevel -- RespawnEntry for 'Level' is case sensitive. You specified %s.	0x4afe6c
RespawnUpdate::iniParseNewRuleForLevel -- You cannot parse a 'RespawnEntry' before 'RespawnRules'. Please add a 'RespawnRules' -- which represents level 1.	0x4afe6c
C:\projects\bfme2patch103\bfme2\Code\GameEngine\Source\GameLogic\Object\Update\ReplaceObjectUpdate.cpp	0x4b2a9d
) for 	0x4b303f
Special power type is invalid for AISpecialPowerModule (	0x4b303f
. Command button not found: 	0x4b303f
) will not work for 	0x4b303f
AISpecialPower (	0x4b303f
you must specifly only two bit flags for a range.	0x4b65e4
bad colon spacing, or unexpected token in TransitionDamageFXModuleData::NeighborIDSubobjectNameDataAppend	0x688b10
C:\projects\bfme2patch103\bfme2\Code\GameEngine\Source\GameLogic\Object\Body\ActiveBody.cpp	0x4c0642
C:\projects\bfme2patch103\bfme2\Code\GameEngine\Source\GameClient\Drawable\Update\SwayClientUpdate.cpp	0x4c9125
An upgrade module references %s, which is not an Upgrade	0x4cb189
C:\projects\bfme2patch103\bfme2\Code\GameEngine\Source\GameClient\Drawable\Behavior\RandomSoundSelectorClientBehavior.cpp	0x4cbcf2
ERROR: ActivateModuleSpecialPower can not be used on it self! Check the INI for Object %s	0x4cddba
OBJECTPOS	0x4cdf2b
TARGETPOS	0x4cdf2b
C:\projects\bfme2patch103\bfme2\Code\GameEngine\Source\GameLogic\AI\TurretAI.cpp	0x4d839a,0x4d8448
AI_UPGRADEHEURISTIC_BOILINGOIL	0x4dbfa1
AI_UPGRADEHEURISTIC_IMPORTANT	0x4dbfa1
Emotion type expected.	0x4dc702
Emotion AI type expected.	0x4dc745
PathfinderFootprintAngle	0x4dd619
LivingWorldBuildingID	0x4e075f
LivingWorldSpawnArmyID	0x4e12d7
InGameChatEntry	0x4e84ff
Unknown	0x63ce18
In an AIKINDOF list, each type may only appear once 	0x4e8d8c,0x4e8ea6
invalid AI_KINDOF 	0x4e8de7
C:\projects\bfme2patch103\bfme2\Code\GameEngine\Source\GameLogic\SkirmishAI\AIWallBuilder\AIWall.cpp	0x4eafbd
C:\projects\bfme2patch103\bfme2\Code\GameEngine\Source\GameLogic\SkirmishAI\AITacticalAI\AITacticsGenerator\AITactic.cpp	0x4ece61
RegionAwardDispute::DisputeType	0x4fbddf
LivingWorldBuildPlotID	0x4fc14b
Invalid data in PlayerDefeatCondition::ParseINI	0x4fd719
Invalid data in TeamDefeatCondition::ParseINI	0x4fd7fb,0x4fd77c
C:\projects\bfme2patch103\bfme2\Code\GameEngine\Source\GameLogic\System\LivingWorld\LivingWorldAISupport\LivingWorldAIInformation.cpp	0x4ff910
UpgradeTroops	0x5c4a1d
StrengthenArmy	0x5c4720
ControlPoint::ParseINIBlock::Invalid data passed in.	0x503fd1
ColorControlPoint::ParseINIBlock::Invalid data passed in.	0x50407a
Function curve tangent angle value must be greater than -89.9 degrees	0x5046b0
Function curve tangent angle value must be less than 89.9 degrees	0x5046b0
Function curve time must be increasing	0x504f09
Function curve does not have any keyframes	0x50503c
'I' or 'O' expected, and only one of them	0x5050ea
OutPadding	0x5051da
InPadding	0x5051da
C:\projects\bfme2patch103\bfme2\Code\GameEngine\Source\GameLogic\SkirmishAI\AITacticalAI\AITargetChooser\AITargetChooser.cpp	0x5052ae
C:\projects\bfme2patch103\bfme2\Code\GameEngine\Source\GameLogic\Object\WeaponEffects\MetaImpactNugget.cpp	0x50a1e9,0x509f3a
index	0x74e560,0x74e650
_enabled	0x57baf8,0x5101e2
FlashTab1	0x511620
FlashTab0	0x511620
GUIMessageLobby	0x511620
MessengerButtonFlash	0x511620
ShowActiveTab	0x5118f3
Messenger::ChatTab_1	0x5119ff
Messenger::ChatTab_0	0x5119ff
Messenger::PlayersTab_1	0x5119ff
Messenger::PlayersTab_0	0x5119ff
Messenger::ChatEntry	0x5119ff
StopUpdatePosition	0x511e6d
CloseScreen	0x511e6d
HideKickButton	0x512ce9
ShowKickButton	0x512ce9
APT:DisconnectRules	0x51321a
RulesBox	0x51321a
ChatEntry	0x57fdef,0x51321a
ChatBox	0x51321a
Maps\CreateAHero\CreateAHero.map	0x513cdf
00000000.sav	0x51569f
ShowMainMenu	0x514950
HideCredits	0x514950
FlashTutorial	0x51508b
MainMenuToBattleSchool	0x51508b
PreParchmentMapFade_StartNew	0x5157ee
CreditsMenu	0x5158a7
OnlineHome	0x517724
OnlineLogin	0x517724
ChatMessageClose	0x516ee9
Restart	0x51af46
Forfeit	0x51af46
Surrender	0x51af46
RenameUnitsTextEntry	0x51c7cc
PersistentUnitsListBox	0x51c7cc
CloseProfilePopup	0x522a91,0x521841
CloseStats	0x521841
ShowMain	0x522290
ShowAddProfile	0x522290
ButtonReset	0x522290
CloseMain	0x522290
PlayButtonAttackedEffect	0x52557e
SetFaction	0x5255e2
SetSelectAllHeroesButtonState	0x525783
SetButtonState	0x5f92d5,0x5f921f,0x5f927a,0x5fd6d2,0x5fd677,0x5fd72d,0x52a804
SampleContentWidth	0x5279dd
HideRankInterface	0x528b98
HideRankProgress	0x529a7b
SetRankProgressBar	0x529a7b
ShowRankProgress	0x529a7b
C:\projects\bfme2patch103\bfme2\Code\GameEngine\Source\GameLogic\System\LivingWorld\LivingWorldCampaign.cpp	0x52bbf3
description	0x660340,0x660720
AutoResolveWeapon entry in Object block: Weapon name MUST be specified	0x542997
AutoResolveArmor entry in Object block: Armor name MUST be specified	0x542b61
C:\projects\bfme2patch103\bfme2\Code\GameEngine\Source\GameLogic\AI\AIGuard.cpp	0x543cc4
CritterDesync: setAdjustDestination(TRUE) 3	0x543cc4
CritterDesync: setAdjustDestination(FALSE) 1	0x544480
CritterDesync: setAdjustDestination(FALSE) 2	0x54467a
C:\projects\bfme2patch103\bfme2\Code\GameEngine\Source\GameLogic\Ai\AIHarvest.cpp	0x544c62
Change	0x54ca4a
NonInteractive	0x54ca4a
Cancel	0x54ca4a
OkCancel	0x54ca4a
YesNo	0x54ca4a
LastLadderAddr	0x5df4b9
LastLadderPort	0x5df50a
DisallowAsianText	0x54f5de
DisallowNonAsianText	0x54f63a
IcmpSendEcho	0x54f99e
IcmpCloseHandle	0x54f99e
IcmpCreateFile	0x54f99e
ICMP.DLL	0x54f99e
challenge	0x55059f
ticket	0x55059f,0x675b60,0x675d40
http://gamestats.gamespy.com/lotrbme2/display.html	0x557ac2
http://gamestats.gamespy.com/lotrbme2/IsClanWarsEnabled.asp	0x557b04
Invalid Rule	0x55a04c
C:\projects\bfme2patch103\bfme2\Code\GameEngine\Source\GameClient\System\FXParticleSystem\fxpsemitterlinevolumemodule.cpp	0x55cdec
C:\projects\bfme2patch103\bfme2\Code\GameEngine\Source\GameClient\System\FXParticleSystem\fxpsemitterboxvolumemodule.cpp	0x55d0d5
C:\projects\bfme2patch103\bfme2\Code\GameEngine\Source\GameClient\System\FXParticleSystem\fxpsemitterspherevolumemodule.cpp	0x55d48c
C:\projects\bfme2patch103\bfme2\Code\GameEngine\Source\GameClient\System\FXParticleSystem\fxpsemittercylindervolumemodule.cpp	0x55d741
C:\projects\bfme2patch103\bfme2\Code\GameEngine\Source\GameClient\System\FXParticleSystem\fxpsemittercylindervelocitymodule.cpp	0x55eb84
OffsetZ	0x6c01b0
OffsetY	0x6c01b0
ffsetX	0x6c01b0
ArmySummaryEntryID	0x56d63b
IEXPLORE.EXE	0x56e998,0x56e9eb,0x56ea3e
URL:LotrHome	0x56e998
URL:GameSpyHome	0x56e9eb
URL:LotrTOS	0x56ea3e
MoveButton	0x577cc5
EnableButtonInput	0x577d93
SetTimeRemainingState	0x57a8bd,0x57a861
CloseList	0x57a8f9
OpenList	0x57a92d
SetExpandButtonState	0x57a961
_inactive	0x57ab16
SetPhaseIndicatorState	0x57ab16
SetCurrentItemState	0x57ac27
SetItemListY	0x57ac8f
SetToggleButtonState	0x57baf8
UnloadContent	0x57c236
LoadContent	0x57c339
LivingWorld	0x57e25d
StrategicTerritoryDescription	0x57e25d
StrategicScenarioDescription	0x57e25d
StrategicScenarioType	0x57e25d
CurrentMap	0x57e25d
MapPicture	0x57e25d
MapDescription	0x57e25d
MapInfo	0x57e25d
RuleCheckBox_	0x57f036
RuleComboBox_	0x57f036
ClanName	0x57f9a3
ClanPlayers	0x57f9a3
ChatPlayers	0x57fdef
Deque must be empty on load	0x586231
std::deque	0x586231
AI_SPECIAL_POWER_CAPTURE_BUILDING	0x58a5c7
AI_SPECIAL_POWER_BASIC_SELF_BUFF	0x58a5c7
C:\projects\bfme2patch103\bfme2\Code\GameEngine\Source\GameLogic\SkirmishAI\AISpecialPowers\AISPecialPower.cpp	0x58add0
C:\projects\bfme2patch103\bfme2\Code\GameEngine\Source\GameLogic\SkirmishAI\AIDifficulty.cpp	0x58aebc,0x58afb3,0x58af47
C:\projects\bfme2patch103\bfme2\Code\GameEngine\Source\GameLogic\SkirmishAI\AIUpgrade\AIUpgradeScienceBuilder\AIUpgradeScienceBuilder.cpp	0x597983
C:\projects\bfme2patch103\bfme2\Code\GameEngine\Source\GameLogic\SkirmishAI\AIUpgrade\AIUnitUpgrader\AIUnitUpgrader.cpp	0x599264
C:\projects\bfme2patch103\bfme2\Code\GameEngine\Source\GameLogic\System\LivingWorld\LivingWorldAISupport\LivingWorldAIArmyMover.cpp	0x59be1f
Invalid data in SpawnGenericBuilding::ParseINI	0x59e436
Invalid data in SpawnGenericArmy::ParseINI	0x59e511
Invalid data in OwnershipSet::ParseINI	0x59e6d3
ClosePassword	0x59ecd2,0x59ed2c,0x5a5b38
EnableButtonJoinGame	0x5a061b
DisableButtonJoinGame	0x5a061b
NATCONNECTIONSTATE_NOSTATE	0x5a6e7a
NATCONNECTIONSTATE_WAITINGTOBEGIN	0x5a6e7a
NATCONNECTIONSTATE_WAITINGFOR_MY_PORT_OR_TARGET_PORT	0x5a6e7a
NATCONNECTIONSTATE_WAITINGFOR_TARGET_RECEIVED_MY_PROB	0x5a6e7a
NATCONNECTIONSTATE_DONE	0x5a6e7a
NATCONNECTIONSTATE_FAILED	0x5a6e7a
ERROR-unknown state	0x5a6e7a
C:\projects\bfme2patch103\bfme2\Code\GameEngine\Source\GameLogic\SkirmishAI\AITacticalAI\AITacticsGenerator\OffensiveTactics\AIFlankAttackTactic.cpp	0x5aa2d9
SimpleDefense	0x5aa7eb
C:\projects\bfme2patch103\bfme2\Code\GameEngine\Source\GameLogic\SkirmishAI\AITacticalAI\AITacticsGenerator\TargetlessTactics\AIStructureCreepTactic.cpp	0x5aba59
C:\projects\bfme2patch103\bfme2\Code\GameEngine\Source\GameLogic\SkirmishAI\AITacticalAI\AITacticsGenerator\TargetlessTactics\AIFarmKillSquad.cpp	0x5acfe7
MyPowerIcon	0x5b0416
MyPowerLevel	0x5b0416
C:\projects\bfme2patch103\bfme2\Code\GameEngine\Source\GameClient\Gui\GUICallbacks\Apt\AptMyHero.cpp	0x5b0923
_selected	0x5fe122,0x5fc8fd,0x5f618e,0x5ed7cc
PalantirBttn	0x5b2794
/mcMyPowerIcon/	0x5b2b6d
/Palantir/Buttons/	0x5b2b6d
/mcRows/	0x5b2b6d
SetPowersSelectedNum	0x5b35e8
FlashPalantir	0x5b3676
SelectPower	0x5b3e59
PowerName	0x5b3e59
UpdateSelectPowerIcon	0x5b3e59
EnableCustomizeButtons	0x5b5c70
SavedHeroStats	0x5b6967
SavedHeroList	0x5b6967
Content-Length	0x6bb240
DeleteContent	0x5c3209
Gui_PalantirCommandButtonDisabledClick	0x3285d4,0x5c349d,0x5c3427
SetFlashEffectState	0x5d2b2f,0x5c7a85
SetAutoAbilityOverlayState	0x5c7a29
STRATEGICHUD:BuildPlotName	0x5c95ca
STRATEGICHUD:SelectedRTSBattleMessage	0x5d0100
STRATEGICHUD:SelectedAutoResolveBattleMessage	0x5d0100
STRATEGICHUD:StartingRTSBattleMessage	0x5d012e
STRATEGICHUD:StartingAutoResolveBattleMessage	0x5d012e
SetCPState	0x5d3a55,0x5d39ea
Flash	0x5d4118
SetHeight	0x5d4395
SetCheckVisibility	0x5d4769
SetChecked	0x5d4769
SetEnabled	0x5d4949
SetVisible	0x5d498b
SetPageSize	0x5d4ad0
SetLineSize	0x5d4b1f
SetPos	0x5d4b6e
C:\projects\bfme2patch103\bfme2\Code\GameEngine\Source\GameLogic\SkirmishAI\AISpecialPowers\AISpellBookPowers\AISpellBookCitadel.cpp	0x5d7395
C:\projects\bfme2patch103\bfme2\Code\GameEngine\Source\GameLogic\SkirmishAI\AISpecialPowers\AISpellBookPowers\AISpellBookAssistBattle.cpp	0x5d839b
C:\projects\bfme2patch103\bfme2\Code\GameEngine\Source\GameLogic\SkirmishAI\AISpecialPowers\AISpellBookPowers\AISpellBookArmyBreaker.cpp	0x5d8571
C:\projects\bfme2patch103\bfme2\Code\GameEngine\Source\GameLogic\SkirmishAI\AITacticalAI\AITacticsGenerator\AITacticDefensive.cpp	0x5dcb32
MaxDisconnects	0x5df55b
MaxPoints	0x5df5ab
MinPoints	0x5df5fe
WaitTime	0x5df64e
NumPlayers	0x5df69e
MaxPing	0x5df6ee
Enable	0x5e10a8,0x5e0e99
ShowTimerOverlay	0x5e10a8,0x5e1008,0x5e105e
armies	0x5e2d26
SetTabEnabled	0x5e2e3a
SetPageVisibility	0x5e2e91,0x5e2eed
SetTabsState	0x5e314b
_deselect	0x5fe122,0x5ed7cc
SetPlayerRowState	0x5ed7cc
PlayerName	0x5ed937
C:\projects\bfme2patch103\bfme2\Code\GameEngine\Source\GameLogic\SkirmishAI\AISpecialPowers\AISPecialPowerTargetAoE.cpp	0x5ee317
SetArmyNameState	0x5ef283,0x5ef557
SetCommandPointsState	0x5f29cb,0x5f7412,0x5ef327,0x5ef2be
UnitArcher	0x5effa6
UnitSoldier	0x5effa6
BuildingArmory	0x5effa6
BuildingFortress	0x5effa6
STRATEGICHUD:ArmoryStructureArchetypeTooltip	0x5f0236
STRATEGICHUD:ArcherUnitArchetypeTooltip	0x5f027d
STRATEGICHUD:ConstructionTurnsRemainingTooltip	0x5f06ef,0x5f6f0c
SetBuildingNameState	0x5f0832,0x5f0c54
SetRegionFortressIconState	0x5f086e
SetIconSlotProgressState	0x5f0bf2
SetMemberRankState	0x5f2953
SetMemberRankProgressBarState	0x5f298f,0x5f2cba
SetMemberRankProgress	0x5f2cba
SetUnitIconStageY	0x5f2e85
SetUnitIconSlotVisibility	0x5f30ae
MoveUnitIconSlot	0x5f30ae
SetLeaderIconState	0x5f618e
SetLeaderRankProgressBarState	0x5f61e4
SetInProgressIconSlotState	0x5f6db0
SetUnitNameState	0x5f7161
SetBuildTimeState	0x5f72c8
SetQueuedIconSlotState	0x5f7559
AutoResolve	0x5f921f
RealTime	0x5f927a
Retreat	0x5f92d5
APT:StrategicBattlePromptSwapButton2Tooltip	0x5faa90
APT:StrategicBattlePromptSwapButton1Tooltip	0x5faa90
_eliminated	0x5fb6e2
_survived	0x5fb729
SetPlayerHealth	0x5fb8b4
PlayHitAnim	0x5fb961
PlayReinforceAnim	0x5fb9c6
SetBannerVisibility	0x5fbafe
SetResultState	0x5fbfe5
SetDisbandingOverlayState	0x5fc8fd
SetNotThereOverlayState	0x5fc8fd
SetUpgradeOverlayState	0x5fd197
SetRankDisplayState	0x5fd197
moveDown	0x5fd677
moveUp	0x5fd6d2
RegionName	0x5fd978
ArmyName	0x5fd9bb
SetPlayerNameVisibility	0x5fe00c,0x5fe047
SetTabState	0x5fe122
SetTabCount	0x5fea02
SetSelectionOverlayState	0x5ff38d,0x5ff328
_over	0x5ff38d,0x5ff328
_rollOut	0x5ff38d
SetUnitIconCount	0x5ff9d8
SetSwapButtonState	0x5fff62
SlideHeroArmyPanel	0x5fffc1
*.BIG	0x600777
lang\%s\%s	0x600c34,0x600d7d,0x600e3a
#include	0x6017da
ERROR: Could not open include in %s line %d, file %s, parent file %s	0x601c53
ERROR: Circular include in %s line %d, Circular file %s, parent file %s	0x601c53
<no file>	0x60259a
*.big	0x603944
EnglishAudio.big	0x603944
lang\%sAudio.big	0x603944
lang\	0x603944
%s*.big	0x603944
Streaming from a compressed archive file is not supported	0x605b68
CD Key or challenge too long	0x606e20
%s_t%d	0x6078a0,0x607950,0x607a00
errmsg	0x608270
pauthr	0x608270
getpidr	0x608320
\data\	0x6083b0
length	0x6da630,0x6083b0
getpdr	0x6083b0
setpdr	0x6084a0
\setpdr\	0x608550
\getpdr\	0x608550
\getpidr\	0x608550
\pauthr\	0x608550
\%s\%d	0x6098e0
\%s\%f	0x6098e0
\%s\%s	0x6098e0,0x6a28f0
0123456789abcdefghijklmnopqrstuvwxyzABCDEFGHIJKLMNOPQRSTUVWXYZ	0x60b260
Crypt	0x60b310
Software\GameSpy\GameSpy 3D\Registration	0x60b310
Don't know how to load version %i (most recent is %i)	0x60b8d9
Found version %i but the earliest supported is %i	0x60b8d9
Block end expected but EBLK ID was not found at %i	0x60c469
Could not skip over BAD block to %i	0x60c4ea
Block '%s' expected but BLOK ID was not found at %i	0x60c6f6,0x60c629
Could not skip over block '%s' to %i	0x60c6f6
 %02x	0x60d66e
--- 0 raw bytes 	0x60d66e
version: %i 	0x60d78c
%i=0x%x [byte] 	0x60d7f1
%i=0x%x [ubyte] 	0x60d825
%i [bool] 	0x60d859
%i=0x%x [int] 	0x60d88c
%I64i=0x%I64x [int64] 	0x60d8bf
%u=0x%x [uint] 	0x60d8f7
%i=0x%x [short] 	0x60d92a
%i=0x%x [ushort] 	0x60d95e
%1.6f=%f 	0x60d992
'%s' [pool] 	0x60d9cf
x:%1.6f,y:%1.6f,z:%1.6f [coord3d] 	0x60da04
x:%i,y:%i,z:%i [icoord3d] 	0x60da49
x:%1.6f,y:%1.6f,z:%1.6f to x:%1.6f,y:%1.6f,z:%1.6f [region3d] 	0x60da80
x:%i,y:%i,z:%i to x:%i,y:%i,z:%i [iregion3d] 	0x60dada
x:%1.6f,y:%1.6f [coord2d] 	0x60db1a
x:%i,y:%i [icoord2d] 	0x60db58
x:%1.6f,y:%1.6f to x:%1.6f,y:%1.6f [region2d] 	0x60db8c
x:%i,y:%i to x:%i,y:%i [iregion2d] 	0x60dbd8
%1.6f to %1.6f [range] 	0x60dc12
r:%1.3f,g:%1.3f,b:%1.3f [rgb] 	0x60dc50
r:%1.3f,g:%1.3f,b:%1.3f,a:%1.3f [rgba] 	0x60dc95
r:%i,g:%i,b:%i,a:%i [irgba] 	0x60dce1
 [%s]	0x60dd1b
'%s' [ascii] 	0x60dd97
%'%S' [unicode] 	0x60ddd7
STRING_	0x60f560
WINME	0x611930
WIN98	0x611930
Windows 95a OSR1 final Update	0x611930
WIN95	0x611930
WIN9X	0x611930
WINXX	0x611930
WINXP	0x611930
WIN2K	0x611930
WINNT	0x611930
GenuineTMx86	0x611b00
RiseRiseRise	0x611b00
CentaurHauls	0x611b00
NexGenDriven	0x611b00
CyrixInstead	0x611b00
UMC UMC UMC	0x611b00
AMD ISBETTER	0x611b00
<UNKNOWN>	0x612490
Pentium4	0x612490
Pentium III, model B	0x612490
Pentium III Xeon, model A	0x612490
Pentium III Xeon, model 8	0x612490
Pentium III, model 8	0x612490
Celeron, model 8	0x612490
Pentium III Xeon, model 7	0x612490
Pentium III, model 7	0x612490
Celeron, model 6	0x612490
Pentium II Xeon, model 5	0x612490
Pentium II, model 5	0x612490
Celeron, model 5	0x612490
Pentium II, model 4	0x612490
Pentium II, model 3	0x612490
Pentium II Overdrive	0x612490
Pentium Pro	0x612490
Pentium Pro (Engineering Sample)	0x612490
Pentium MMX	0x612490
Pentium Overdrive	0x612490
Pentium	0x612490
80486DX4(WB)	0x612490
80486DX4	0x612490
80486DX2(WB)	0x612490
80486SX2	0x612490
80486SL	0x612490
80486DX2	0x612490
80486SX	0x612490
80486DX	0x612490
80386	0x612490
L2 cache: None  	0x612770
L2 Cache: %d byte cache lines, %d way set associative, %dk  	0x612770
L1 Instruction Trace Cache: None  	0x612770
L1 Instruction Cache: None  	0x612770
L1 Instruction Cache: %d byte cache lines, %d way set associative, %dk  	0x612770
L1 Data Cache: None  	0x612770
L1 Data Cache: %d byte cache lines, %d way set associative, %dk  	0x612770
Ext. CPU Feature bits: 0x%x  	0x612770
CPU Feature bits: 0x%x  	0x612770
Extended 3DNow!: %s  	0x612770
3DNow!: %s  	0x612770
SSE2: %s  	0x612770
SSE: %s  	0x612770
MMX: %s  	0x612770
CMOV: %s  	0x612770
RDTSC: %s  	0x612770
CPUID: %s  	0x612770
Available virtual memory: %dMb  	0x612770
Total virtual memory: %dMb  	0x612770
Total available page file size: %dMb  	0x612770
Total page file size: %dMb  	0x612770
Available physical memory: %dMb  	0x612770
Total physical memory: %dMb  	0x612770
Processor type: %s  	0x612770
*Intel Reserved*	0x612770
Overdrive	0x612770
Original OEM	0x612770
Clock speed: ~%dMHz  	0x612770
Processor: %s  	0x612770
OS-Info: %s  	0x612770
Operating system build: %d.%d.%d  	0x612770
Operating system version %d.%d  	0x612770
Windows 3.1	0x612770
Windows 9x	0x612770
Windows NT	0x612770
Operating System: 	0x612770
%x %x 	0x612ed0
%s %d 	0x612ed0
TRUEVISION-XFILE	0x614a90,0x6142b0
Denzil's Targa Code	0x614a90
Duplicate CRC in INI file.	0x615c00
%s - Duplicate Entry "%s" in section "%s" (%s) 	0x615c00
<unknown>	0x617ac0,0x617b10,0x6168f0,0x6213b0
INIClass::Put_String	0x616fb0
INIClass::Load	0x617b10
ABCDEFGHIJKLMNOPQRSTUVWXYZabcdefghijklmnopqrstuvwxyz0123456789+/	0x61eab0
,%.3lf,%i 	0x623600
,%.3lf	0x623600
%d,%s,"	0x623600
frame,type,asset,tInit,tPreload,tLoad,tPostload,tTotal,recursion 	0x623600
[info] Demand load: 	0x623600
DMUS_S_STRING_TRUNCATED	0x62b16a
DMUS_S_LAST_TOOL	0x62b16a
DMUS_S_OVER_CHORD	0x62b16a
DMUS_S_UP_OCTAVE	0x62b16a
DMUS_S_DOWN_OCTAVE	0x62b16a
DMUS_S_NOBUFFERCONTROL	0x62b16a
DMUS_S_GARBAGE_COLLECTED	0x62b16a
DMUS_S_END	0x62b16a
DV_PENDING	0x62b16a
D3DOK_NOAUTOGEN	0x62b16a
DS_NO_VIRTUALIZATION	0x62b16a
DMUS_S_PARTIALLOAD	0x62b16a
DMUS_S_PARTIALDOWNLOAD	0x62b16a
DMUS_S_REQUEUE	0x62b16a
DMUS_S_FREE	0x62b16a
DV_HALFDUPLEX	0x62b16a
SEC_I_LOCAL_LOGON	0x62b16a
SEC_I_CONTEXT_EXPIRED	0x62b16a
SEC_I_INCOMPLETE_CREDENTIALS	0x62b16a
SEC_I_RENEGOTIATE	0x62b16a
SEC_I_NO_LSA_CONTEXT	0x62b16a
CRYPT_I_NEW_PROTECTION_REQUIRED	0x62b16a
DV_FULLDUPLEX	0x62b16a
SEC_I_COMPLETE_AND_CONTINUE	0x62b16a
XACT_S_LAST	0x62b16a
CONTEXT_S_FIRST	0x62b16a
CONTEXT_S_LAST	0x62b16a
CO_S_NOTALLINTERFACES	0x62b16a
CO_S_MACHINENAMENOTFOUND	0x62b16a
SEC_I_CONTINUE_NEEDED	0x62b16a
SEC_I_COMPLETE_NEEDED	0x62b16a
XACT_S_LOCALLY_OK	0x62b16a
XACT_S_SOMENORETAIN	0x62b16a
XACT_S_OKINFORM	0x62b16a
XACT_S_MADECHANGESCONTENT	0x62b16a
XACT_S_MADECHANGESINFORM	0x62b16a
XACT_S_ALLNORETAIN	0x62b16a
XACT_S_ABORTING	0x62b16a
XACT_S_SINGLEPHASE	0x62b16a
XACT_S_READONLY	0x62b16a
SCHED_S_TASK_NO_MORE_RUNS	0x62b16a
SCHED_S_TASK_NOT_SCHEDULED	0x62b16a
SCHED_S_TASK_TERMINATED	0x62b16a
SCHED_S_TASK_NO_VALID_TRIGGERS	0x62b16a
SCHED_S_EVENT_TRIGGER	0x62b16a
XACT_S_FIRST	0x62b16a
XACT_S_DEFECT	0x62b16a
SCHED_S_TASK_HAS_NOT_RUN	0x62b16a
VFW_S_NOPREVIEWPIN	0x62b16a
VFW_S_DVD_NON_ONE_SEQUENTIAL	0x62b16a
VFW_S_DVD_CHANNEL_CONTENTS_NOT_AVAILABLE	0x62b16a
VFW_S_DVD_NOT_ACCURATE	0x62b16a
SCHED_S_TASK_READY	0x62b16a
SCHED_S_TASK_RUNNING	0x62b16a
SCHED_S_TASK_DISABLED	0x62b16a
VFW_S_NO_STOP_TIME	0x62b16a
VFW_S_RESERVED	0x62b16a
VFW_S_STREAM_OFF	0x62b16a
VFW_S_CANT_CUE	0x62b16a
VFW_S_ESTIMATED	0x62b16a
VFW_S_MEDIA_TYPE_IGNORED	0x62b16a
VFW_S_VIDEO_NOT_RENDERED	0x62b16a
VFW_S_AUDIO_NOT_RENDERED	0x62b16a
VFW_S_RPZA	0x62b16a
VFW_S_RESOURCE_NOT_NEEDED	0x62b16a
MK_S_LAST	0x62b16a
EVENT_S_NOSUBSCRIBERS	0x62b16a
VFW_S_DUPLICATE_NAME	0x62b16a
VFW_S_STATE_INTERMEDIATE	0x62b16a
VFW_S_PARTIAL_RENDER	0x62b16a
VFW_S_SOME_DATA_IGNORED	0x62b16a
VFW_S_CONNECTIONS_DEFERRED	0x62b16a
MK_S_MONIKERALREADYREGISTERED	0x62b16a
CLIPBRD_S_FIRST	0x62b16a
CLIPBRD_S_LAST	0x62b16a
MK_S_FIRST	0x62b16a
MK_S_REDUCED_TO_SELF	0x62b16a
MK_S_ME	0x62b16a
MK_S_HIM	0x62b16a
MK_S_US	0x62b16a
CONVERT10_S_LAST	0x62b16a
CLIENTSITE_S_FIRST	0x62b16a
CLIENTSITE_S_LAST	0x62b16a
INPLACE_S_FIRST	0x62b16a
INPLACE_S_LAST	0x62b16a
ENUM_S_FIRST	0x62b16a
ENUM_S_LAST	0x62b16a
CONVERT10_S_FIRST	0x62b16a
OLEOBJ_S_LAST	0x62b16a
OLEOBJ_S_FIRST	0x62b16a
OLEOBJ_S_CANNOT_DOVERB_NOW	0x62b16a
OLEOBJ_S_INVALIDHWND	0x62b16a
CACHE_S_LAST	0x62b16a
REGDB_S_LAST	0x62b16a
CACHE_S_FIRST	0x62b16a
CACHE_S_SAMECACHE	0x62b16a
CACHE_S_SOMECACHES_NOTUPDATED	0x62b16a
REGDB_S_FIRST	0x62b16a
CLASSFACTORY_S_LAST	0x62b16a
MARSHAL_S_FIRST	0x62b16a
MARSHAL_S_LAST	0x62b16a
DATA_S_FIRST	0x62b16a
DATA_S_LAST	0x62b16a
VIEW_S_FIRST	0x62b16a
VIEW_S_LAST	0x62b16a
CLASSFACTORY_S_FIRST	0x62b16a
WBEM_S_SOURCE_NOT_AVAILABLE	0x62b16a
OLE_S_LAST	0x62b16a
DRAGDROP_S_FIRST	0x62b16a
DRAGDROP_S_CANCEL	0x62b16a
DRAGDROP_S_USEDEFAULTCURSORS	0x62b16a
VFW_S_NO_MORE_ITEMS	0x62b16a
DRAGDROP_S_LAST	0x62b16a
WBEM_S_PARTIAL_RESULTS	0x62b16a
MS_S_ENDOFSTREAM & WBEM_S_DIFFERENT	0x62b16a
WBEM_S_TIMEDOUT	0x62b16a
WBEM_S_NO_MORE_DATA	0x62b16a
WBEM_S_OPERATION_CANCELLED	0x62b16a
WBEM_S_PENDING	0x62b16a
WBEM_S_DUPLICATE_OBJECTS	0x62b16a
WBEM_S_ACCESS_DENIED	0x62b16a
OLE_S_MAC_CLIPFORMAT & MS_S_NOUPDATE & WBEM_S_RESET_TO_DEFAULT	0x62b16a
STG_S_CANNOTCONSOLIDATE	0x62b16a
OLE_S_FIRST	0x62b16a
OLE_S_STATIC & MS_S_PENDING & WBEM_S_ALREADY_EXISTS	0x62b16a
STG_S_CONSOLIDATIONFAILED	0x62b16a
STG_S_BLOCK	0x62b16a
STG_S_RETRYNOW	0x62b16a
STG_S_MONITORING	0x62b16a
STG_S_MULTIPLEOPENS	0x62b16a
STG_S_CONVERTED	0x62b16a
ERROR_SXS_KEY_NOT_FOUND	0x62b16a
ERROR_SXS_SECTION_NOT_FOUND	0x62b16a
ERROR_IPSEC_IKE_FAILSSPINIT	0x62b16a
ERROR_IPSEC_IKE_DH_FAIL	0x62b16a
ERROR_IPSEC_IKE_NO_CERT	0x62b16a
ERROR_IPSEC_IKE_NEG_STATUS_BEGIN	0x62b16a
ERROR_IPSEC_IKE_AUTH_FAIL	0x62b16a
ERROR_IPSEC_IKE_ATTRIB_FAIL	0x62b16a
ERROR_IPSEC_IKE_NEGOTIATION_PENDING	0x62b16a
ERROR_IPSEC_IKE_GENERAL_PROCESSING_ERROR	0x62b16a
ERROR_IPSEC_IKE_TIMED_OUT	0x62b16a
ERROR_IPSEC_QM_POLICY_PENDING_DELETION	0x62b16a
ERROR_IPSEC_TUNNEL_FILTER_EXISTS	0x62b16a
ERROR_IPSEC_TUNNEL_FILTER_NOT_FOUND	0x62b16a
ERROR_IPSEC_MM_FILTER_PENDING_DELETION	0x62b16a
ERROR_IPSEC_TRANSPORT_FILTER_PENDING_DELETION	0x62b16a
ERROR_IPSEC_TUNNEL_FILTER_PENDING_DELETION	0x62b16a
ERROR_IPSEC_MM_POLICY_PENDING_DELETION	0x62b16a
ERROR_IPSEC_MM_AUTH_PENDING_DELETION	0x62b16a
ERROR_IPSEC_DEFAULT_QM_POLICY_NOT_FOUND	0x62b16a
ERROR_IPSEC_QM_POLICY_EXISTS	0x62b16a
WSA_QOS_EFLOWSPEC	0x62b16a
WSA_QOS_RECEIVERS	0x62b16a
WSANO_RECOVERY	0x62b16a
WSATRY_AGAIN	0x62b16a
WSASYSCALLFAILURE	0x62b16a
WSASERVICE_NOT_FOUND	0x62b16a
WSATYPE_NOT_FOUND	0x62b16a
WSA_E_NO_MORE	0x62b16a
WSA_E_CANCELLED	0x62b16a
WSAEREFUSED	0x62b16a
WSAHOST_NOT_FOUND	0x62b16a
WSAEPROVIDERFAILEDINIT	0x62b16a
WSAVERNOTSUPPORTED	0x62b16a
WSANOTINITIALISED	0x62b16a
WSAEDISCON	0x62b16a
WSAENOMORE	0x62b16a
WSAECANCELLED	0x62b16a
WSAEINVALIDPROCTABLE	0x62b16a
WSAEINVALIDPROVIDER	0x62b16a
WSASYSNOTREADY	0x62b16a
DNS_ERROR_DP_ALREADY_ENLISTED	0x62b16a
DNS_ERROR_DP_NOT_ENLISTED	0x62b16a
DNS_ERROR_DP_DOES_NOT_EXIST	0x62b16a
DNS_ERROR_DP_BASE	0x62b16a
DNS_ERROR_ZONE_IS_SHUTDOWN	0x62b16a
DNS_ERROR_ZONE_REQUIRES_MASTER_IP	0x62b16a
WSAEISCONN	0x62b16a
WSAEDESTADDRREQ	0x62b16a
WSAEALREADY	0x62b16a
WSAEINPROGRESS	0x62b16a
WSAEWOULDBLOCK	0x62b16a
WSAEINVAL	0x62b16a
WSAEFAULT	0x62b16a
WSAEACCES	0x62b16a
WSAEBADF	0x62b16a
WSABASEERR	0x62b16a
DNS_ERROR_NO_DNS_SERVERS	0x62b16a
DNS_ERROR_NO_TCPIP	0x62b16a
DNS_STATUS_CONTINUE_NEEDED	0x62b16a
DNS_ERROR_SECURE_BASE	0x62b16a
DNS_INFO_ADDED_LOCAL_WINS	0x62b16a
DNS_ERROR_AXFR	0x62b16a
DNS_INFO_AXFR_COMPLETE	0x62b16a
DNS_ERROR_OPERATION_BASE	0x62b16a
DNS_ERROR_RECORD_ONLY_AT_ZONE_ROOT	0x62b16a
DNS_ERROR_RECORD_DOES_NOT_EXIST	0x62b16a
DNS_ERROR_DATAFILE_PARSING	0x62b16a
DNS_ERROR_FILE_WRITEBACK_FAILED	0x62b16a
DNS_ERROR_DATAFILE_OPEN_FAILURE	0x62b16a
DNS_ERROR_PRIMARY_REQUIRES_DATAFILE	0x62b16a
DNS_ERROR_DATAFILE_BASE	0x62b16a
DNS_ERROR_PACKET_FMT_BASE	0x62b16a
DNS_ERROR_RESPONSE_CODES_BASE	0x62b16a
ERROR_DS_RESERVED_LINK_ID	0x62b16a
ERROR_DS_CANT_RETRIEVE_CHILD	0x62b16a
ERROR_DS_ROOT_MUST_BE_NC	0x62b16a
ERROR_DS_UNAVAILABLE_CRIT_EXTENSION	0x62b16a
ERROR_DS_NO_ATTRIBUTE_OR_VALUE	0x62b16a
ERROR_DS_MEMBERSHIP_EVALUATED_LOCALLY	0x62b16a
ERROR_DS_NOT_INSTALLED	0x62b16a
FRS_ERR_INSUFFICIENT_PRIV	0x62b16a
FRS_ERR_INTERNAL	0x62b16a
FRS_ERR_INTERNAL_API	0x62b16a
FRS_ERR_STOPPING_SERVICE	0x62b16a
FRS_ERR_STARTING_SERVICE	0x62b16a
FRS_ERR_INVALID_API_SEQUENCE	0x62b16a
ERROR_CTX_WINSTATION_ACCESS_DENIED	0x62b16a
ERROR_CTX_LOGON_DISABLED	0x62b16a
ERROR_CTX_MODEM_RESPONSE_NO_DIALTONE	0x62b16a
ERROR_CTX_NO_OUTBUF	0x62b16a
ERROR_CTX_MODEM_INF_NOT_FOUND	0x62b16a
ERROR_CTX_MODEM_RESPONSE_ERROR	0x62b16a
ERROR_CTX_MODEM_RESPONSE_TIMEOUT	0x62b16a
ERROR_CTX_MODEM_RESPONSE_NO_CARRIER	0x62b16a
ERROR_CTX_CLOSE_PENDING	0x62b16a
SCHED_E_SERVICE_NOT_LOCALSYSTEM	0x62b16a
ERROR_CTX_WINSTATION_NAME_INVALID	0x62b16a
ERROR_CTX_INVALID_PD	0x62b16a
ERROR_CTX_PD_NOT_FOUND	0x62b16a
ERROR_CTX_CANNOT_MAKE_EVENTLOG_ENTRY	0x62b16a
ERROR_CTX_SERVICE_NAME_COLLISION	0x62b16a
ERROR_NO_BROWSER_SERVERS_FOUND	0x62b16a
ERROR_ENCRYPTION_FAILED	0x62b16a
ERROR_CLUSTER_MEMBERSHIP_INVALID_STATE	0x62b16a
ERROR_CLUSTER_NODE_ALREADY_UP	0x62b16a
ERROR_QUORUMLOG_OPEN_FAILED	0x62b16a
ERROR_RESMON_CREATE_FAILED	0x62b16a
ERROR_GROUP_NOT_AVAILABLE	0x62b16a
ERROR_OBJECT_ALREADY_EXISTS	0x62b16a
ERROR_CANT_EVICT_ACTIVE_NODE	0x62b16a
ERROR_SHUTDOWN_CLUSTER	0x62b16a
ERROR_RESOURCE_NOT_FOUND	0x62b16a
ERROR_RESOURCE_NOT_AVAILABLE	0x62b16a
ERROR_DEPENDENCY_NOT_FOUND	0x62b16a
ERROR_RESOURCE_NOT_ONLINE	0x62b16a
ERROR_HOST_NODE_NOT_AVAILABLE	0x62b16a
ERROR_DEPENDENT_RESOURCE_EXISTS	0x62b16a
ERROR_REPARSE_ATTRIBUTE_CONFLICT	0x62b16a
ERROR_INVALID_REPARSE_DATA	0x62b16a
ERROR_REPARSE_TAG_INVALID	0x62b16a
ERROR_VOLUME_NOT_SIS_ENABLED	0x62b16a
ERROR_NOT_A_REPARSE_POINT	0x62b16a
ERROR_UNEXPECTED_OMID	0x62b16a
ERROR_UNABLE_TO_LOAD_MEDIUM	0x62b16a
ERROR_DRIVE_MEDIA_MISMATCH	0x62b16a
ERROR_WMI_SET_FAILURE	0x62b16a
ERROR_INVALID_MEDIA	0x62b16a
ERROR_INVALID_LIBRARY	0x62b16a
ERROR_INVALID_MEDIA_POOL	0x62b16a
ERROR_WMI_READ_ONLY	0x62b16a
ERROR_WMI_SERVER_UNAVAILABLE	0x62b16a
ERROR_WMI_DP_FAILED	0x62b16a
ERROR_WMI_INVALID_MOF	0x62b16a
ERROR_WMI_INVALID_REGINFO	0x62b16a
ERROR_WMI_ALREADY_DISABLED	0x62b16a
ERROR_WMI_GUID_DISCONNECTED	0x62b16a
ERROR_WMI_TRY_AGAIN	0x62b16a
ERROR_WMI_DP_NOT_FOUND	0x62b16a
ERROR_WMI_UNRESOLVED_INSTANCE_REF	0x62b16a
ERROR_WMI_ALREADY_ENABLED	0x62b16a
ERROR_WMI_ITEMID_NOT_FOUND	0x62b16a
ERROR_REC_NON_EXISTENT	0x62b16a
ERROR_RPL_NOT_ALLOWED	0x62b16a
ERROR_DHCP_ADDRESS_CONFLICT	0x62b16a
ERROR_WMI_GUID_NOT_FOUND	0x62b16a
ERROR_WMI_INSTANCE_NOT_FOUND	0x62b16a
ERROR_WINS_INTERNAL	0x62b16a
ERROR_CAN_NOT_DEL_LOCAL_WINS	0x62b16a
ERROR_STATIC_INIT	0x62b16a
ERROR_INC_BACKUP	0x62b16a
ERROR_PRINTER_DRIVER_BLOCKED	0x62b16a
ERROR_SUCCESS_REBOOT_REQUIRED	0x62b16a
ERROR_SUCCESS_RESTART_REQUIRED	0x62b16a
ERROR_PRINTER_NOT_FOUND	0x62b16a
ERROR_PRINTER_DRIVER_WARNED	0x62b16a
ERROR_PRINTER_HAS_JOBS_QUEUED	0x62b16a
ERROR_PRINT_MONITOR_ALREADY_INSTALLED	0x62b16a
ERROR_INVALID_PRINT_MONITOR	0x62b16a
ERROR_PRINT_MONITOR_IN_USE	0x62b16a
ERROR_SPL_NO_ADDJOB	0x62b16a
ERROR_DEVICE_IN_USE	0x62b16a
ERROR_PRINTER_DRIVER_IN_USE	0x62b16a
ERROR_SPOOL_FILE_NOT_FOUND	0x62b16a
ERROR_SPL_NO_STARTDOC	0x62b16a
ERROR_ACTIVE_CONNECTIONS	0x62b16a
ERROR_CONNECTED_OTHER_PASSWORD_DEFAULT	0x62b16a
ERROR_BAD_USERNAME	0x62b16a
ERROR_NOT_CONNECTED	0x62b16a
ERROR_OPEN_FILES	0x62b16a
ERROR_CONNECTED_OTHER_PASSWORD	0x62b16a
ERROR_DELETING_ICM_XFORM	0x62b16a
ERROR_INVALID_TRANSFORM	0x62b16a
ERROR_COLORSPACE_MISMATCH	0x62b16a
ERROR_INVALID_COLORINDEX	0x62b16a
ERROR_ICM_NOT_ENABLED	0x62b16a
ERROR_METAFILE_NOT_SUPPORTED	0x62b16a
RPC_X_INVALID_ES_ACTION	0x62b16a
RPC_S_OUT_OF_RESOURCES	0x62b16a
ERROR_EVENTLOG_CANT_START	0x62b16a
ERROR_DDE_FAIL	0x62b16a
ERROR_EXCEPTION_IN_SERVICE	0x62b16a
ERROR_FAILED_SERVICE_CONTROLLER_CONNECT	0x62b16a
ERROR_INVALID_FLAGS	0x62b16a
ERROR_IO_INCOMPLETE	0x62b16a
ERROR_IO_PENDING	0x62b16a
ERROR_NOACCESS	0x62b16a
ERROR_SWAPERROR	0x62b16a
ERROR_STACK_OVERFLOW	0x62b16a
ERROR_CAN_NOT_COMPLETE	0x62b16a
ERROR_OPERATION_ABORTED	0x62b16a
ERROR_DELETE_PENDING	0x62b16a
ERROR_MR_MID_NOT_FOUND	0x62b16a
ERROR_INVALID_ADDRESS	0x62b16a
ERROR_ARITHMETIC_OVERFLOW	0x62b16a
ERROR_PIPE_CONNECTED	0x62b16a
ERROR_EA_ACCESS_DENIED	0x62b16a
ERROR_DISK_TOO_FRAGMENTED	0x62b16a
ERROR_INVALID_OPLOCK_PROTOCOL	0x62b16a
ERROR_VC_DISCONNECTED	0x62b16a
ERROR_ATOMIC_LOCKS_NOT_SUPPORTED	0x62b16a
ERROR_DISK_CHANGE	0x62b16a
ERROR_TOO_MANY_SEM_REQUESTS	0x62b16a
ERROR_INVALID_AT_INTERRUPT_TIME	0x62b16a
ERROR_SEM_OWNER_DIED	0x62b16a
ERROR_SEM_USER_LIMIT	0x62b16a
ERROR_SEM_IS_SET	0x62b16a
ERROR_NET_WRITE_FAULT	0x62b16a
ERROR_NO_PROC_SLOTS	0x62b16a
ERROR_TOO_MANY_SEMAPHORES	0x62b16a
ERROR_EXCL_SEM_ALREADY_OWNED	0x62b16a
ERROR_INVALID_PARAMETER	0x62b16a
ERROR_FAIL_I24	0x62b16a
ERROR_OUT_OF_STRUCTURES	0x62b16a
ERROR_ALREADY_ASSIGNED	0x62b16a
ERROR_INVALID_PASSWORD	0x62b16a
ERROR_CANNOT_MAKE	0x62b16a
ERROR_SHARING_PAUSED	0x62b16a
ERROR_REQ_NOT_ACCEP	0x62b16a
ERROR_REDIR_PAUSED	0x62b16a
ERROR_FILE_EXISTS	0x62b16a
ERROR_TOO_MANY_SESS	0x62b16a
ERROR_BAD_DEV_TYPE	0x62b16a
ERROR_HANDLE_DISK_FULL	0x62b16a
ERROR_NOT_SAME_DEVICE	0x62b16a
ERROR_INVALID_DATA	0x62b16a
ERROR_ARENA_TRASHED	0x62b16a
ERROR_PATH_NOT_FOUND	0x62b16a
ERROR_TOO_MANY_OPEN_FILES	0x62b16a
ERROR_ACCESS_DENIED	0x62b16a
ERROR_INVALID_HANDLE	0x62b16a
D3DXERR_INVALIDFILEFORMAT	0x62b16a
D3DXERR_NOMATCHFOUND	0x62b16a
S_FALSE	0x62b16a
D3DXERR_COLORDEPTHTOOLOW	0x62b16a
D3DXERR_INITFAILED	0x62b16a
D3DXERR_NODIRECTDRAWAVAILABLE	0x62b16a
ERROR_ALL_SIDS_FILTERED	0x62b16a
D3DXERR_NOMEMORY	0x62b16a
D3DXERR_NULLPOINTER	0x62b16a
D3DXERR_INVALIDD3DXDEVICEINDEX	0x62b16a
ERROR_AUDITING_DISABLED	0x62b16a
DMUS_E_NO_AUDIOPATH	0x62b16a
DMUS_E_INVALIDCHUNK	0x62b16a
DMUS_E_AUDIOPATH_NOGLOBALFXBUFFER	0x62b16a
DMUS_E_INVALID_CONTAINER_OBJECT	0x62b16a
DMUS_E_AUDIOPATH_NOPORT	0x62b16a
DMUS_E_NO_MASTER_CLOCK	0x62b16a
DMUS_E_NOTPCM	0x62b16a
DMUS_E_CANNOTSEEK	0x62b16a
DMUS_E_BUFFERNOTAVAILABLE	0x62b16a
DMUS_E_NOTADLSCOL	0x62b16a
DMUS_E_INVALIDOFFSET	0x62b16a
DMUS_E_ALREADY_LOADED	0x62b16a
DMUS_E_INVALIDPOS	0x62b16a
DMUS_E_INVALIDPATCH	0x62b16a
DMUS_E_BUFFERNOTSET	0x62b16a
DSERR_SENDLOOP	0x62b16a
DSERR_BADSENDBUFFERGUID	0x62b16a
DMUS_E_DRIVER_FAILED	0x62b16a
DMUS_E_PORTS_OPEN	0x62b16a
DMUS_E_DEVICE_IN_USE	0x62b16a
DMUS_E_INSUFFICIENTBUFFER	0x62b16a
DSERR_DS8_REQUIRED	0x62b16a
DSERR_NODRIVER	0x62b16a
DSERR_ALREADYINITIALIZED	0x62b16a
DSERR_BUFFERLOST	0x62b16a
DSERR_OTHERAPPHASPRIO	0x62b16a
DSERR_UNINITIALIZED	0x62b16a
DSERR_BUFFERTOOSMALL	0x62b16a
DSERR_BADFORMAT	0x62b16a
D3DXERR_DUPLICATENAMEDFRAGMENT	0x62b16a
D3DXERR_CANNOTREMOVELASTITEM	0x62b16a
DSERR_ALLOCATED	0x62b16a
DSERR_CONTROLUNAVAIL	0x62b16a
DSERR_INVALIDCALL	0x62b16a
DSERR_PRIOLEVELNEEDED	0x62b16a
D3DXERR_LOADEDMESHASNODATA	0x62b16a
D3DXERR_CANNOTMODIFYINDEXBUFFER	0x62b16a
D3DXERR_INVALIDMESH	0x62b16a
D3DXERR_CANNOTATTRSORT	0x62b16a
D3DXERR_SKINNINGNOTSUPPORTED	0x62b16a
D3DXERR_TOOMANYINFLUENCES	0x62b16a
D3DXERR_INVALIDDATA	0x62b16a
D3DERR_DRIVERINVALIDCALL	0x62b16a
D3DERR_MOREDATA	0x62b16a
D3DERR_DEVICELOST	0x62b16a
D3DERR_DEVICENOTRESET	0x62b16a
D3DERR_NOTAVAILABLE	0x62b16a
D3DERR_INVALIDDEVICE	0x62b16a
D3DERR_INVALIDCALL	0x62b16a
D3DERR_NOTFOUND	0x62b16a
D3DERR_WRONGTEXTUREFORMAT	0x62b16a
D3DXFERR_BADVALUE	0x62b16a
DDERR_UNSUPPORTEDFORMAT	0x62b16a
DDERR_SURFACENOTATTACHED	0x62b16a
DDERR_TOOBIGHEIGHT	0x62b16a
DDERR_TOOBIGSIZE	0x62b16a
DDERR_TOOBIGWIDTH	0x62b16a
DDERR_SURFACELOST	0x62b16a
DDERR_SURFACEALREADYDEPENDENT	0x62b16a
DDERR_SURFACEBUSY	0x62b16a
DDERR_CANTLOCKSURFACE	0x62b16a
DDERR_SURFACEISOBSCURED	0x62b16a
DDERR_SURFACEALREADYATTACHED	0x62b16a
DDERR_OVERLAYCANTCLIP	0x62b16a
DDERR_OVERLAYCOLORKEYONLYONEACTIVE	0x62b16a
DDERR_PALETTEBUSY	0x62b16a
DDERR_COLORKEYNOTSET	0x62b16a
D3DERR_OUTOFVIDEOMEMORY	0x62b16a
DDERR_NOTEXTUREHW	0x62b16a
DDERR_NOVSYNCHW	0x62b16a
DDERR_NOZBUFFERHW	0x62b16a
DDERR_NOZOVERLAYHW	0x62b16a
DDERR_OUTOFCAPS	0x62b16a
DDERR_NOT8BITCOLOR	0x62b16a
DDERR_NOROTATIONHW	0x62b16a
DDERR_NOSTRETCHHW	0x62b16a
DDERR_NOT4BITCOLOR	0x62b16a
DDERR_NOT4BITCOLORINDEX	0x62b16a
DDERR_NORASTEROPHW	0x62b16a
DDERR_NOMIRRORHW	0x62b16a
DDERR_NOTFOUND	0x62b16a
DDERR_NOOVERLAYHW	0x62b16a
DDERR_OVERLAPPINGRECTS	0x62b16a
DDERR_NOGDI	0x62b16a
DDERR_NOCOLORKEYHW	0x62b16a
DDERR_NODIRECTDRAWSUPPORT	0x62b16a
DDERR_NOEXCLUSIVEMODE	0x62b16a
DDERR_NOFLIPHW	0x62b16a
DDERR_NOCOLORKEY	0x62b16a
DDERR_NOSTEREOHARDWARE	0x62b16a
DDERR_NOSURFACELEFT	0x62b16a
DDERR_NOCLIPLIST	0x62b16a
DDERR_NOCOLORCONVHW	0x62b16a
DDERR_NOCOOPERATIVELEVELSET	0x62b16a
DDERR_NOALPHAHW	0x62b16a
DDERR_INVALIDPIXELFORMAT	0x62b16a
DDERR_INVALIDRECT	0x62b16a
DDERR_LOCKEDSURFACES	0x62b16a
DDERR_NO3D	0x62b16a
DDERR_INVALIDOBJECT	0x62b16a
DDERR_INCOMPATIBLEPRIMARY	0x62b16a
DDERR_INVALIDCAPS	0x62b16a
DDERR_INVALIDCLIPLIST	0x62b16a
DDERR_INVALIDMODE	0x62b16a
DDERR_HEIGHTALIGN	0x62b16a
DDERR_CANNOTATTACHSURFACE	0x62b16a
DDERR_CANNOTDETACHSURFACE	0x62b16a
DDERR_CURRENTLYNOTAVAIL	0x62b16a
DDERR_EXCEPTION	0x62b16a
DDERR_ALREADYINITIALIZED	0x62b16a
DPNERR_SESSIONFULL	0x62b16a
DPNERR_TABLEFULL	0x62b16a
DPNERR_TIMEDOUT	0x62b16a
DPNERR_UNINITIALIZED	0x62b16a
DPNERR_USERCANCEL	0x62b16a
DPNERR_SENDTOOLARGE	0x62b16a
DPNERR_PLAYERALREADYINGROUP	0x62b16a
DPNERR_PLAYERLOST	0x62b16a
DPNERR_PLAYERNOTINGROUP	0x62b16a
DPNERR_PLAYERNOTREACHABLE	0x62b16a
DPNERR_NOTREGISTERED	0x62b16a
DPNERR_NOMOREADDRESSCOMPONENTS	0x62b16a
DPNERR_NORESPONSE	0x62b16a
DPNERR_NOTALLOWED	0x62b16a
DPNERR_NOTHOST	0x62b16a
DPNERR_NOTREADY	0x62b16a
DPNERR_NOHOSTPLAYER	0x62b16a
DPNERR_INVALIDURL	0x62b16a
DPNERR_INVALIDVERSION	0x62b16a
DPNERR_NOCAPS	0x62b16a
DPNERR_NOCONNECTION	0x62b16a
DPNERR_INVALIDSTRING	0x62b16a
DPNERR_INVALIDINTERFACE	0x62b16a
DPNERR_INVALIDOBJECT	0x62b16a
DPNERR_INVALIDPASSWORD	0x62b16a
DPNERR_INVALIDPLAYER	0x62b16a
DPNERR_INVALIDPRIORITY	0x62b16a
DPNERR_INVALIDINSTANCE	0x62b16a
DPNERR_INVALIDFLAGS	0x62b16a
DPNERR_INVALIDGROUP	0x62b16a
DPNERR_INVALIDHANDLE	0x62b16a
DPNERR_INVALIDHOSTADDRESS	0x62b16a
DPNERR_INVALIDENDPOINT	0x62b16a
DPNERR_INVALIDADDRESSFORMAT	0x62b16a
DPNERR_INVALIDAPPLICATION	0x62b16a
DPNERR_INVALIDCOMMAND	0x62b16a
DPNERR_INVALIDDEVICEADDRESS	0x62b16a
DPNERR_INCOMPLETEADDRESS	0x62b16a
DPNERR_GROUPNOTEMPTY	0x62b16a
DPNERR_HOSTING	0x62b16a
DPNERR_HOSTREJECTEDCONNECTION	0x62b16a
DPNERR_HOSTTERMINATEDSESSION	0x62b16a
DPNERR_EXCEPTION	0x62b16a
DPNERR_DPNSVRNOTAVAILABLE	0x62b16a
DPNERR_DUPLICATECOMMAND	0x62b16a
DPNERR_ENDPOINTNOTRECEIVING	0x62b16a
DPNERR_ENUMQUERYTOOLARGE	0x62b16a
DPNERR_ENUMRESPONSETOOLARGE	0x62b16a
DPNERR_DOESNOTEXIST	0x62b16a
DPNERR_CONNECTING	0x62b16a
DPNERR_CONNECTIONLOST	0x62b16a
DPNERR_CONVERSION	0x62b16a
DPNERR_DATATOOLARGE	0x62b16a
DPNERR_CANTLAUNCHAPPLICATION	0x62b16a
DPNERR_BUFFERTOOSMALL	0x62b16a
DPNERR_CANNOTCANCEL	0x62b16a
DPNERR_CANTCREATEGROUP	0x62b16a
DPNERR_CANTCREATEPLAYER	0x62b16a
DPNERR_ALREADYREGISTERED	0x62b16a
DPNERR_ALREADYCLOSING	0x62b16a
DPNERR_ALREADYCONNECTED	0x62b16a
DPNERR_ALREADYDISCONNECTING	0x62b16a
DPNERR_ALREADYINITIALIZED	0x62b16a
DPNERR_ADDRESSING	0x62b16a
DVERR_USERBACK	0x62b16a
DVERR_NORECVOLAVAILABLE	0x62b16a
DVERR_INVALIDBUFFER	0x62b16a
DVERR_LOCKEDBUFFER	0x62b16a
DPNERR_ABORTED	0x62b16a
DVERR_TRANSPORTNOPLAYER	0x62b16a
DVERR_ALREADYPENDING	0x62b16a
DVERR_NOTALLOWED	0x62b16a
DVERR_INVALIDTARGET	0x62b16a
DVERR_TRANSPORTNOTHOST	0x62b16a
DVERR_COMPRESSIONNOTSUPPORTED	0x62b16a
DVERR_CONNECTABORTING	0x62b16a
DVERR_NOVOICESESSION	0x62b16a
DVERR_CONNECTIONLOST	0x62b16a
DVERR_NOTINITIALIZED	0x62b16a
DVERR_CONNECTED	0x62b16a
DVERR_NOTCONNECTED	0x62b16a
DVERR_SESSIONLOST	0x62b16a
DVERR_INVALIDOBJECT	0x62b16a
DVERR_INVALIDPLAYER	0x62b16a
DVERR_INVALIDGROUP	0x62b16a
DVERR_INVALIDHANDLE	0x62b16a
DVERR_INVALIDFLAGS	0x62b16a
COMADMIN_E_PRIVATE_ACCESSDENIED	0x62b16a
COMADMIN_E_SAFERINVALID	0x62b16a
COMADMIN_E_REGISTRY_ACCESSDENIED	0x62b16a
DVERR_BUFFERTOOSMALL	0x62b16a
DVERR_EXCEPTION	0x62b16a
COMADMIN_E_CANNOT_ALIAS_EVENTCLASS	0x62b16a
COMADMIN_E_CANTRECYCLESERVICEAPPS	0x62b16a
COMADMIN_E_OBJECT_DOES_NOT_EXIST	0x62b16a
COMADMIN_E_APP_NOT_RUNNING	0x62b16a
COMADMIN_E_INVALID_PARTITION	0x62b16a
COMADMIN_E_SVCAPP_NOT_POOLABLE_OR_RECYCLABLE	0x62b16a
COMADMIN_E_USER_IN_SET	0x62b16a
COMADMIN_E_CANTRECYCLELIBRARYAPPS	0x62b16a
COMADMIN_E_OBJECT_PARENT_MISSING	0x62b16a
COMQC_E_NO_QUEUEABLE_INTERFACES	0x62b16a
COMQC_E_QUEUING_SERVICE_NOT_AVAILABLE	0x62b16a
COMQC_E_NO_IPERSISTSTREAM	0x62b16a
COMQC_E_BAD_MESSAGE	0x62b16a
COMQC_E_UNAUTHENTICATED	0x62b16a
COMQC_E_UNTRUSTED_ENQUEUER	0x62b16a
MSDTC_E_DUPLICATE_RESOURCE	0x62b16a
COMQC_E_APPLICATION_NOT_QUEUED	0x62b16a
COMADMIN_E_APPDIRNOTFOUND	0x62b16a
COMADMIN_E_KEYMISSING	0x62b16a
SCARD_W_CANCELLED_BY_USER	0x62b16a
SCARD_W_CARD_NOT_AUTHENTICATED	0x62b16a
COMADMIN_E_OBJECTERRORS	0x62b16a
COMADMIN_E_OBJECTINVALID	0x62b16a
SCARD_W_EOF	0x62b16a
SCARD_W_REMOVED_CARD	0x62b16a
SCARD_W_SECURITY_VIOLATION	0x62b16a
SCARD_W_WRONG_CHV	0x62b16a
SCARD_W_CHV_BLOCKED	0x62b16a
SCARD_W_RESET_CARD	0x62b16a
SCARD_E_NO_KEY_CONTAINER	0x62b16a
SCARD_W_UNSUPPORTED_CARD	0x62b16a
SCARD_W_UNRESPONSIVE_CARD	0x62b16a
SCARD_W_UNPOWERED_CARD	0x62b16a
SCARD_E_COMM_DATA_LOST	0x62b16a
SCARD_E_INVALID_CHV	0x62b16a
SCARD_E_UNKNOWN_RES_MNG	0x62b16a
SCARD_E_NO_SUCH_CERTIFICATE	0x62b16a
SCARD_E_CERTIFICATE_UNAVAILABLE	0x62b16a
SCARD_E_NO_READERS_AVAILABLE	0x62b16a
SCARD_E_BAD_SEEK	0x62b16a
SCARD_F_UNKNOWN_ERROR	0x62b16a
SCARD_E_UNKNOWN_READER	0x62b16a
SCARD_E_INVALID_TARGET	0x62b16a
SCARD_E_NO_MEMORY	0x62b16a
SCARD_F_WAITED_TOO_LONG	0x62b16a
SCARD_E_INSUFFICIENT_BUFFER	0x62b16a
SCARD_E_INVALID_PARAMETER	0x62b16a
SPAPI_E_SCE_DISABLED	0x62b16a
SPAPI_E_ERROR_NOT_INSTALLED	0x62b16a
SCARD_F_INTERNAL_ERROR	0x62b16a
SCARD_E_CANCELLED	0x62b16a
SCARD_E_INVALID_HANDLE	0x62b16a
SPAPI_E_INCORRECTLY_COPIED_INF	0x62b16a
SPAPI_E_NO_CLASS_DRIVER_LIST	0x62b16a
SPAPI_E_DEVINFO_NOT_REGISTERED	0x62b16a
SPAPI_E_CLASS_MISMATCH	0x62b16a
SPAPI_E_DUPLICATE_FOUND	0x62b16a
SPAPI_E_NO_DRIVER_SELECTED	0x62b16a
SPAPI_E_KEY_DOES_NOT_EXIST	0x62b16a
SPAPI_E_INVALID_DEVINST_NAME	0x62b16a
SPAPI_E_INVALID_CLASS	0x62b16a
SPAPI_E_DEVINST_ALREADY_EXISTS	0x62b16a
SPAPI_E_NO_ASSOCIATED_CLASS	0x62b16a
SPAPI_E_BAD_SECTION_NAME_LINE	0x62b16a
SPAPI_E_SECTION_NAME_TOO_LONG	0x62b16a
SPAPI_E_GENERAL_SYNTAX	0x62b16a
SPAPI_E_WRONG_INF_STYLE	0x62b16a
SPAPI_E_SECTION_NOT_FOUND	0x62b16a
SPAPI_E_LINE_NOT_FOUND	0x62b16a
SPAPI_E_NO_BACKUP	0x62b16a
SPAPI_E_EXPECTED_SECTION_NAME	0x62b16a
PERSIST_E_NOTSELFSIZING	0x62b16a
TRUST_E_PROVIDER_UNKNOWN	0x62b16a
MSSIPOTF_E_TABLE_CHECKSUM	0x62b16a
MSSIPOTF_E_OUTOFMEMRANGE	0x62b16a
TRUST_E_TIME_STAMP	0x62b16a
TRUST_E_BAD_DIGEST	0x62b16a
TRUST_E_BASIC_CONSTRAINTS	0x62b16a
TRUST_E_FINANCIAL_CRITERIA	0x62b16a
TRUST_E_CERT_SIGNATURE	0x62b16a
XENROLL_E_RESPONSE_KA_HASH_MISMATCH	0x62b16a
XENROLL_E_KEYSPEC_SMIME_MISMATCH	0x62b16a
TRUST_E_SYSTEM_ERROR	0x62b16a
TRUST_E_NO_SIGNER_CERT	0x62b16a
TRUST_E_COUNTER_SIGNER	0x62b16a
XENROLL_E_RESPONSE_UNEXPECTED_KA_HASH	0x62b16a
XENROLL_E_CANNOT_ADD_ROOT_CERT	0x62b16a
XENROLL_E_RESPONSE_KA_HASH_NOT_FOUND	0x62b16a
XENROLL_E_KEY_NOT_EXPORTABLE	0x62b16a
CERTSRV_E_UNSUPPORTED_CERT_TYPE	0x62b16a
CERTSRV_E_ROLECONFLICT	0x62b16a
CERTSRV_E_PROPERTY_EMPTY	0x62b16a
CERTSRV_E_INVALID_CA_CERTIFICATE	0x62b16a
CERTSRV_E_SERVER_SUSPENDED	0x62b16a
CERTSRV_E_ENCODING_LENGTH	0x62b16a
CERTSRV_E_BAD_REQUESTSTATUS	0x62b16a
CRYPT_E_ASN1_NYI	0x62b16a
CRYPT_E_ASN1_EXTENDED	0x62b16a
CRYPT_E_ASN1_NOEOD	0x62b16a
CERTSRV_E_BAD_REQUESTSUBJECT	0x62b16a
CERTSRV_E_NO_REQUEST	0x62b16a
CRYPT_E_ASN1_PDU_TYPE	0x62b16a
CRYPT_E_ASN1_EOD	0x62b16a
CRYPT_E_ASN1_INTERNAL	0x62b16a
CRYPT_E_ASN1_ERROR	0x62b16a
CRYPT_E_OSS_ERROR	0x62b16a
CRYPT_E_BAD_LEN	0x62b16a
CRYPT_E_MSG_ERROR	0x62b16a
SEC_E_INSUFFICIENT_MEMORY	0x62b16a
NTE_BAD_UID	0x62b16a
CO_E_CLASS_CREATE_FAILED	0x62b16a
WSANO_DATA	0x62b16a
WSAENOTSOCK	0x62b16a
WSAEMFILE	0x62b16a
WSAEINTR	0x62b16a
DNS_ERROR_DP_ALREADY_EXISTS	0x62b16a
DNS_ERROR_SETUP_BASE	0x62b16a
DNS_ERROR_DATABASE_BASE	0x62b16a
DNS_ERROR_INVALID_DATAFILE_NAME	0x62b16a
FRS_ERR_SERVICE_COMM	0x62b16a
ERROR_CTX_INVALID_MODEMNAME	0x62b16a
ERROR_CTX_WD_NOT_FOUND	0x62b16a
ERROR_OBJECT_IN_LIST	0x62b16a
ERROR_DEPENDENCY_ALREADY_EXISTS	0x62b16a
ERROR_REPARSE_TAG_MISMATCH	0x62b16a
ERROR_FULL_BACKUP	0x62b16a
ERROR_PRINT_PROCESSOR_ALREADY_INSTALLED	0x62b16a
ERROR_UNKNOWN_PRINT_MONITOR	0x62b16a
ERROR_INVALID_MESSAGE	0x62b16a
ERROR_PIPE_LISTENING	0x62b16a
CO_E_NOSYNCHRONIZATION	0x62b16a
CONTEXT_E_LAST	0x62b16a
ERROR_INVALID_FUNCTION	0x62b16a
ERROR_FILE_NOT_FOUND	0x62b16a
CO_E_NOTCONSTRUCTED	0x62b16a
CO_E_NOIISINTRINSICS	0x62b16a
CO_E_NOCOOKIES	0x62b16a
CO_E_DBERROR	0x62b16a
CO_E_NOTPOOLED	0x62b16a
CO_E_THREADINGMODEL_CHANGED	0x62b16a
CO_E_ACTIVATIONFAILED_TIMEOUT	0x62b16a
CO_E_INITIALIZATIONFAILED	0x62b16a
CONTEXT_E_NOJIT	0x62b16a
CONTEXT_E_NOTRANSACTION	0x62b16a
CO_E_ACTIVATIONFAILED_CATALOGERROR	0x62b16a
CONTEXT_E_ROLENOTFOUND	0x62b16a
CONTEXT_E_TMNOTAVAILABLE	0x62b16a
CO_E_ACTIVATIONFAILED	0x62b16a
CO_E_ACTIVATIONFAILED_EVENTLOGGED	0x62b16a
CONTEXT_E_OLDREF	0x62b16a
CONTEXT_E_ABORTED	0x62b16a
CONTEXT_E_ABORTING	0x62b16a
CONTEXT_E_NOCONTEXT	0x62b16a
CONTEXT_E_SYNCH_TIMEOUT	0x62b16a
CONTEXT_E_FIRST	0x62b16a
XACT_E_CLERKEXISTS	0x62b16a
XACT_E_RECOVERYINPROGRESS	0x62b16a
XACT_E_TRANSACTIONCLOSED	0x62b16a
XACT_E_INVALIDLSN	0x62b16a
XACT_E_REPLAYREQUEST	0x62b16a
XACT_E_CLERKNOTFOUND	0x62b16a
XACT_E_NOISORETAIN	0x62b16a
XACT_E_FIRST	0x62b16a
WBEMMOF_E_INVALID_FILE	0x62b16a
WBEMMOF_E_UNEXPECTED_ARRAY_INIT	0x62b16a
WBEMMOF_E_EXPECTED_TYPE_IDENTIFIER	0x62b16a
WBEMMOF_E_EXPECTED_OPEN_PAREN	0x62b16a
WBEMMOF_E_UNRECOGNIZED_TOKEN	0x62b16a
WBEMMOF_E_UNRECOGNIZED_TYPE	0x62b16a
WBEMMOF_E_EXPECTED_PROPERTY_NAME	0x62b16a
WBEMMOF_E_TYPEDEF_NOT_SUPPORTED	0x62b16a
WBEMMOF_E_UNEXPECTED_ALIAS	0x62b16a
WBEMMOF_E_ILLEGAL_CONSTANT_VALUE	0x62b16a
WBEMESS_E_REGISTRATION_TOO_PRECISE	0x62b16a
WBEMMOF_E_EXPECTED_QUALIFIER_NAME	0x62b16a
WBEMMOF_E_EXPECTED_SEMI	0x62b16a
WBEMMOF_E_EXPECTED_OPEN_BRACE	0x62b16a
WBEMMOF_E_EXPECTED_CLOSE_BRACE	0x62b16a
WBEMMOF_E_EXPECTED_CLOSE_BRACKET	0x62b16a
WBEMMOF_E_EXPECTED_CLOSE_PAREN	0x62b16a
WBEMESS_E_REGISTRATION_TOO_BROAD	0x62b16a
SCHED_E_TRIGGER_NOT_FOUND	0x62b16a
WBEM_E_FAILED	0x62b16a
VFW_E_BAD_KEY	0x62b16a
CO_E_WRONGOSFORAPP	0x62b16a
DRAGDROP_E_LAST	0x62b16a
OLE_E_LAST	0x62b16a
DRAGDROP_E_FIRST	0x62b16a
DRAGDROP_E_ALREADYREGISTERED	0x62b16a
DRAGDROP_E_INVALIDHWND	0x62b16a
DV_E_NOIVIEWOBJECT	0x62b16a
DV_E_TYMED	0x62b16a
DV_E_CLIPFORMAT	0x62b16a
DV_E_DVASPECT	0x62b16a
DV_E_DVTARGETDEVICE_SIZE	0x62b16a
DV_E_LINDEX	0x62b16a
DV_E_FORMATETC	0x62b16a
DV_E_DVTARGETDEVICE	0x62b16a
DV_E_STGMEDIUM	0x62b16a
DV_E_STATDATA	0x62b16a
OLE_E_NOSTORAGE	0x62b16a
OLE_E_INVALIDRECT	0x62b16a
OLE_E_WRONGCOMPOBJ	0x62b16a
OLE_E_INVALIDHWND	0x62b16a
OLE_E_NOT_INPLACEACTIVE	0x62b16a
OLE_E_CANTCONVERT	0x62b16a
OLE_E_PROMPTSAVECANCELLED	0x62b16a
OLE_E_ADVF	0x62b16a
STG_E_CSS_SCRAMBLED_SECTOR	0x62b16a
STG_E_CSS_REGION_MISMATCH	0x62b16a
STG_E_RESETS_EXHAUSTED	0x62b16a
OLE_E_FIRST	0x62b16a
STG_E_CSS_KEY_NOT_ESTABLISHED	0x62b16a
STG_E_INCOMPLETE	0x62b16a
STG_E_TERMINATED	0x62b16a
STG_E_STATUS_COPY_PROTECTION_FAILURE	0x62b16a
STG_E_CSS_AUTHENTICATION_FAILURE	0x62b16a
STG_E_CSS_KEY_NOT_PRESENT	0x62b16a
STG_E_NOTSIMPLEFORMAT	0x62b16a
STG_E_REVERTED	0x62b16a
STG_E_UNIMPLEMENTEDFUNCTION	0x62b16a
STG_E_INVALIDFLAG	0x62b16a
STG_E_INUSE	0x62b16a
STG_E_NOTCURRENT	0x62b16a
STG_E_UNKNOWN	0x62b16a
STG_E_MEDIUMFULL	0x62b16a
STG_E_PROPSETMISMATCHED	0x62b16a
STG_E_ABNORMALAPIEXIT	0x62b16a
STG_E_INVALIDHEADER	0x62b16a
STG_E_INVALIDNAME	0x62b16a
STG_E_INVALIDPARAMETER	0x62b16a
STG_E_READFAULT	0x62b16a
STG_E_SHAREVIOLATION	0x62b16a
STG_E_LOCKVIOLATION	0x62b16a
STG_E_FILEALREADYEXISTS	0x62b16a
STG_E_WRITEFAULT	0x62b16a
STG_E_INSUFFICIENTMEMORY	0x62b16a
STG_E_INVALIDPOINTER	0x62b16a
STG_E_NOMOREFILES	0x62b16a
STG_E_DISKISWRITEPROTECTED	0x62b16a
STG_E_SEEKERROR	0x62b16a
STG_E_INVALIDHANDLE	0x62b16a
STG_E_FILENOTFOUND	0x62b16a
STG_E_PATHNOTFOUND	0x62b16a
STG_E_TOOMANYOPENFILES	0x62b16a
STG_E_ACCESSDENIED	0x62b16a
STG_E_INVALIDFUNCTION	0x62b16a
TYPE_E_IOERROR	0x62b16a
TYPE_E_CANTCREATETMPFILE	0x62b16a
TYPE_E_CANTLOADLIBRARY	0x62b16a
TYPE_E_INCONSISTENTPROPFUNCS	0x62b16a
TYPE_E_CIRCULARTYPE	0x62b16a
TYPE_E_OUTOFBOUNDS	0x62b16a
TYPE_E_SIZETOOBIG	0x62b16a
TYPE_E_DUPLICATEID	0x62b16a
TYPE_E_INVALIDID	0x62b16a
TYPE_E_TYPEMISMATCH	0x62b16a
TYPE_E_BADMODULEKIND	0x62b16a
TYPE_E_AMBIGUOUSNAME	0x62b16a
TYPE_E_NAMECONFLICT	0x62b16a
TYPE_E_UNKNOWNLCID	0x62b16a
TYPE_E_DLLFUNCTIONNOTFOUND	0x62b16a
TYPE_E_ELEMENTNOTFOUND	0x62b16a
TYPE_E_BUFFERTOOSMALL	0x62b16a
RPC_E_UNEXPECTED	0x62b16a
RPC_E_INVALID_EXTENSION	0x62b16a
RPC_E_DISCONNECTED	0x62b16a
RPC_E_FAULT	0x62b16a
RPC_E_SERVERFAULT	0x62b16a
RPC_E_CHANGED_MODE	0x62b16a
RPC_E_INVALIDMETHOD	0x62b16a
RPC_E_NOT_REGISTERED	0x62b16a
RPC_E_CANTCALLOUT_AGAIN	0x62b16a
RPC_E_SERVER_DIED_DNE	0x62b16a
RPC_E_SYS_CALL_FAILED	0x62b16a
RPC_E_OUT_OF_RESOURCES	0x62b16a
RPC_E_ATTEMPTED_MULTITHREAD	0x62b16a
RPC_E_INVALID_PARAMETER	0x62b16a
RPC_E_CANTCALLOUT_INEXTERNALCALL	0x62b16a
RPC_E_CALL_REJECTED	0x62b16a
RPC_E_CALL_CANCELED	0x62b16a
RPC_E_CANTPOST_INSENDCALL	0x62b16a
RPC_E_CANTCALLOUT_INASYNCCALL	0x62b16a
E_UNEXPECTED	0x62b16a
CO_E_NO_SECCTX_IN_ACTIVATE	0x62b16a
CO_E_TRACKER_CONFIG	0x62b16a
CO_E_THREADPOOL_CONFIG	0x62b16a
CO_E_SXS_CONFIG	0x62b16a
CO_E_MALFORMED_SPN	0x62b16a
CO_E_SERVER_INIT_TIMEOUT	0x62b16a
CO_E_WRONG_SERVER_IDENTITY	0x62b16a
CO_E_INIT_RPC_CHANNEL	0x62b16a
CO_E_INIT_TLS	0x62b16a
CO_E_INIT_SHARED_ALLOCATOR	0x62b16a
CO_E_INIT_MEMORY_ALLOCATOR	0x62b16a
CO_E_INIT_CLASS_CACHE	0x62b16a
E_FAIL	0x62b16a
E_PENDING	0x62b16a
E_NOTIMPL	0x62b16a
E_NOINTERFACE	0x62b16a
E_POINTER	0x62b16a
E_ABORT	0x62b16a
DMUS_S_STRING_TRUNCATED	0x63ce18
DMUS_S_LAST_TOOL	0x63ce18
DMUS_S_OVER_CHORD	0x63ce18
DMUS_S_UP_OCTAVE	0x63ce18
DMUS_S_DOWN_OCTAVE	0x63ce18
DMUS_S_NOBUFFERCONTROL	0x63ce18
DMUS_S_GARBAGE_COLLECTED	0x63ce18
DMUS_S_END	0x63ce18
DV_PENDING	0x63ce18
D3DOK_NOAUTOGEN	0x63ce18
DS_NO_VIRTUALIZATION	0x63ce18
DMUS_S_PARTIALLOAD	0x63ce18
DMUS_S_PARTIALDOWNLOAD	0x63ce18
DMUS_S_REQUEUE	0x63ce18
DMUS_S_FREE	0x63ce18
DV_HALFDUPLEX	0x63ce18
SEC_I_LOCAL_LOGON	0x63ce18
SEC_I_CONTEXT_EXPIRED	0x63ce18
SEC_I_INCOMPLETE_CREDENTIALS	0x63ce18
SEC_I_RENEGOTIATE	0x63ce18
SEC_I_NO_LSA_CONTEXT	0x63ce18
CRYPT_I_NEW_PROTECTION_REQUIRED	0x63ce18
DV_FULLDUPLEX	0x63ce18
SEC_I_COMPLETE_AND_CONTINUE	0x63ce18
XACT_S_LAST	0x63ce18
CONTEXT_S_FIRST	0x63ce18
CONTEXT_S_LAST	0x63ce18
CO_S_NOTALLINTERFACES	0x63ce18
CO_S_MACHINENAMENOTFOUND	0x63ce18
SEC_I_CONTINUE_NEEDED	0x63ce18
SEC_I_COMPLETE_NEEDED	0x63ce18
XACT_S_LOCALLY_OK	0x63ce18
XACT_S_SOMENORETAIN	0x63ce18
XACT_S_OKINFORM	0x63ce18
XACT_S_MADECHANGESCONTENT	0x63ce18
XACT_S_MADECHANGESINFORM	0x63ce18
XACT_S_ALLNORETAIN	0x63ce18
XACT_S_ABORTING	0x63ce18
XACT_S_SINGLEPHASE	0x63ce18
XACT_S_READONLY	0x63ce18
SCHED_S_TASK_NO_MORE_RUNS	0x63ce18
SCHED_S_TASK_NOT_SCHEDULED	0x63ce18
SCHED_S_TASK_TERMINATED	0x63ce18
SCHED_S_TASK_NO_VALID_TRIGGERS	0x63ce18
SCHED_S_EVENT_TRIGGER	0x63ce18
XACT_S_FIRST	0x63ce18
XACT_S_DEFECT	0x63ce18
SCHED_S_TASK_HAS_NOT_RUN	0x63ce18
VFW_S_NOPREVIEWPIN	0x63ce18
VFW_S_DVD_NON_ONE_SEQUENTIAL	0x63ce18
VFW_S_DVD_CHANNEL_CONTENTS_NOT_AVAILABLE	0x63ce18
VFW_S_DVD_NOT_ACCURATE	0x63ce18
SCHED_S_TASK_READY	0x63ce18
SCHED_S_TASK_RUNNING	0x63ce18
SCHED_S_TASK_DISABLED	0x63ce18
VFW_S_NO_STOP_TIME	0x63ce18
VFW_S_RESERVED	0x63ce18
VFW_S_STREAM_OFF	0x63ce18
VFW_S_CANT_CUE	0x63ce18
VFW_S_ESTIMATED	0x63ce18
VFW_S_MEDIA_TYPE_IGNORED	0x63ce18
VFW_S_VIDEO_NOT_RENDERED	0x63ce18
VFW_S_AUDIO_NOT_RENDERED	0x63ce18
VFW_S_RPZA	0x63ce18
VFW_S_RESOURCE_NOT_NEEDED	0x63ce18
MK_S_LAST	0x63ce18
EVENT_S_NOSUBSCRIBERS	0x63ce18
VFW_S_DUPLICATE_NAME	0x63ce18
VFW_S_STATE_INTERMEDIATE	0x63ce18
VFW_S_PARTIAL_RENDER	0x63ce18
VFW_S_SOME_DATA_IGNORED	0x63ce18
VFW_S_CONNECTIONS_DEFERRED	0x63ce18
MK_S_MONIKERALREADYREGISTERED	0x63ce18
CLIPBRD_S_FIRST	0x63ce18
CLIPBRD_S_LAST	0x63ce18
MK_S_FIRST	0x63ce18
MK_S_REDUCED_TO_SELF	0x63ce18
MK_S_ME	0x63ce18
MK_S_HIM	0x63ce18
MK_S_US	0x63ce18
CONVERT10_S_LAST	0x63ce18
CLIENTSITE_S_FIRST	0x63ce18
CLIENTSITE_S_LAST	0x63ce18
INPLACE_S_FIRST	0x63ce18
INPLACE_S_LAST	0x63ce18
ENUM_S_FIRST	0x63ce18
ENUM_S_LAST	0x63ce18
CONVERT10_S_FIRST	0x63ce18
OLEOBJ_S_LAST	0x63ce18
OLEOBJ_S_FIRST	0x63ce18
OLEOBJ_S_CANNOT_DOVERB_NOW	0x63ce18
OLEOBJ_S_INVALIDHWND	0x63ce18
CACHE_S_LAST	0x63ce18
REGDB_S_LAST	0x63ce18
CACHE_S_FIRST	0x63ce18
CACHE_S_SAMECACHE	0x63ce18
CACHE_S_SOMECACHES_NOTUPDATED	0x63ce18
REGDB_S_FIRST	0x63ce18
CLASSFACTORY_S_LAST	0x63ce18
MARSHAL_S_FIRST	0x63ce18
MARSHAL_S_LAST	0x63ce18
DATA_S_FIRST	0x63ce18
DATA_S_LAST	0x63ce18
VIEW_S_FIRST	0x63ce18
VIEW_S_LAST	0x63ce18
CLASSFACTORY_S_FIRST	0x63ce18
WBEM_S_SOURCE_NOT_AVAILABLE	0x63ce18
OLE_S_LAST	0x63ce18
DRAGDROP_S_FIRST	0x63ce18
DRAGDROP_S_CANCEL	0x63ce18
DRAGDROP_S_USEDEFAULTCURSORS	0x63ce18
VFW_S_NO_MORE_ITEMS	0x63ce18
DRAGDROP_S_LAST	0x63ce18
WBEM_S_PARTIAL_RESULTS	0x63ce18
MS_S_ENDOFSTREAM & WBEM_S_DIFFERENT	0x63ce18
WBEM_S_TIMEDOUT	0x63ce18
WBEM_S_NO_MORE_DATA	0x63ce18
WBEM_S_OPERATION_CANCELLED	0x63ce18
WBEM_S_PENDING	0x63ce18
WBEM_S_DUPLICATE_OBJECTS	0x63ce18
WBEM_S_ACCESS_DENIED	0x63ce18
OLE_S_MAC_CLIPFORMAT & MS_S_NOUPDATE	0x63ce18
STG_S_CANNOTCONSOLIDATE	0x63ce18
OLE_S_FIRST	0x63ce18
OLE_S_STATIC & MS_S_PENDING	0x63ce18
STG_S_CONSOLIDATIONFAILED	0x63ce18
STG_S_BLOCK	0x63ce18
STG_S_RETRYNOW	0x63ce18
STG_S_MONITORING	0x63ce18
STG_S_MULTIPLEOPENS	0x63ce18
STG_S_CONVERTED	0x63ce18
ERROR_SXS_PROCESS_DEFAULT_ALREADY_SET	0x63ce18
ERROR_SXS_SECTION_NOT_FOUND	0x63ce18
ERROR_IPSEC_IKE_GETSPIFAIL	0x63ce18
ERROR_IPSEC_IKE_NO_PUBLIC_KEY	0x63ce18
ERROR_IPSEC_IKE_QUEUE_DROP_MM	0x63ce18
ERROR_IPSEC_IKE_TIMED_OUT	0x63ce18
ERROR_IPSEC_IKE_NO_CERT	0x63ce18
ERROR_IPSEC_IKE_SA_DELETED	0x63ce18
ERROR_IPSEC_IKE_SA_REAPED	0x63ce18
ERROR_IPSEC_IKE_MM_ACQUIRE_DROP	0x63ce18
ERROR_IPSEC_IKE_QM_ACQUIRE_DROP	0x63ce18
ERROR_IPSEC_IKE_GENERAL_PROCESSING_ERROR	0x63ce18
ERROR_IPSEC_MM_POLICY_PENDING_DELETION	0x63ce18
ERROR_IPSEC_MM_AUTH_PENDING_DELETION	0x63ce18
ERROR_IPSEC_QM_POLICY_PENDING_DELETION	0x63ce18
ERROR_IPSEC_IKE_NEG_STATUS_BEGIN	0x63ce18
ERROR_IPSEC_IKE_AUTH_FAIL	0x63ce18
ERROR_IPSEC_IKE_ATTRIB_FAIL	0x63ce18
ERROR_IPSEC_IKE_NEGOTIATION_PENDING	0x63ce18
ERROR_IPSEC_TUNNEL_FILTER_PENDING_DELETION	0x63ce18
ERROR_IPSEC_QM_POLICY_EXISTS	0x63ce18
WSA_QOS_EOBJLENGTH	0x63ce18
WSA_QOS_POLICY_FAILURE	0x63ce18
WSA_QOS_REQUEST_CONFIRMED	0x63ce18
WSA_QOS_NO_RECEIVERS	0x63ce18
WSA_QOS_NO_SENDERS	0x63ce18
WSAHOST_NOT_FOUND	0x63ce18
WSANO_RECOVERY	0x63ce18
WSANO_DATA	0x63ce18
WSA_QOS_RECEIVERS	0x63ce18
WSA_QOS_SENDERS	0x63ce18
WSAEREFUSED	0x63ce18
WSAEINVALIDPROVIDER	0x63ce18
WSAEPROVIDERFAILEDINIT	0x63ce18
WSASYSCALLFAILURE	0x63ce18
WSASERVICE_NOT_FOUND	0x63ce18
WSATYPE_NOT_FOUND	0x63ce18
WSA_E_CANCELLED	0x63ce18
WSAEINVALIDPROCTABLE	0x63ce18
WSAENAMETOOLONG	0x63ce18
WSAEADDRINUSE	0x63ce18
WSAEINVAL	0x63ce18
WSABASEERR	0x63ce18
WSAEINTR	0x63ce18
WSAEBADF	0x63ce18
WSAEACCES	0x63ce18
WSAEFAULT	0x63ce18
DNS_ERROR_NO_TCPIP	0x63ce18
DNS_INFO_AXFR_COMPLETE	0x63ce18
DNS_ERROR_AXFR	0x63ce18
DNS_INFO_ADDED_LOCAL_WINS	0x63ce18
DNS_ERROR_SECURE_BASE	0x63ce18
DNS_STATUS_CONTINUE_NEEDED	0x63ce18
DNS_ERROR_SETUP_BASE	0x63ce18
DNS_ERROR_NO_BOOTFILE_IF_DS_ZONE	0x63ce18
DNS_ERROR_DS_ZONE_ALREADY_EXISTS	0x63ce18
DNS_ERROR_DS_UNAVAILABLE	0x63ce18
DNS_WARNING_PTR_CREATE_FAILED	0x63ce18
DNS_ERROR_NAME_DOES_NOT_EXIST	0x63ce18
DNS_ERROR_NO_CREATE_CACHE_DATA	0x63ce18
DNS_ERROR_SECONDARY_DATA	0x63ce18
DNS_ERROR_DATAFILE_BASE	0x63ce18
DNS_ERROR_PACKET_FMT_BASE	0x63ce18
DNS_ERROR_RESPONSE_CODES_BASE	0x63ce18
ERROR_DS_MACHINE_ACCOUNT_CREATED_PRENT4	0x63ce18
ERROR_DS_ATT_SCHEMA_REQ_SYNTAX	0x63ce18
ERROR_DS_REFERRAL_LIMIT_EXCEEDED	0x63ce18
ERROR_DS_AUTH_UNKNOWN	0x63ce18
ERROR_DS_MEMBERSHIP_EVALUATED_LOCALLY	0x63ce18
ERROR_DS_NOT_INSTALLED	0x63ce18
FRS_ERR_SERVICE_COMM	0x63ce18
FRS_ERR_INTERNAL_API	0x63ce18
FRS_ERR_STOPPING_SERVICE	0x63ce18
FRS_ERR_STARTING_SERVICE	0x63ce18
FRS_ERR_INVALID_API_SEQUENCE	0x63ce18
ERROR_CTX_WINSTATION_ACCESS_DENIED	0x63ce18
ERROR_CTX_GRAPHICS_INVALID	0x63ce18
ERROR_CTX_MODEM_RESPONSE_NO_DIALTONE	0x63ce18
ERROR_CTX_NO_OUTBUF	0x63ce18
ERROR_CTX_MODEM_INF_NOT_FOUND	0x63ce18
ERROR_CTX_MODEM_RESPONSE_ERROR	0x63ce18
ERROR_CTX_MODEM_RESPONSE_TIMEOUT	0x63ce18
ERROR_CTX_MODEM_RESPONSE_NO_CARRIER	0x63ce18
ERROR_CTX_CLOSE_PENDING	0x63ce18
SCHED_E_SERVICE_NOT_LOCALSYSTEM	0x63ce18
ERROR_CTX_WINSTATION_NAME_INVALID	0x63ce18
ERROR_CTX_INVALID_PD	0x63ce18
ERROR_CTX_PD_NOT_FOUND	0x63ce18
ERROR_CTX_CANNOT_MAKE_EVENTLOG_ENTRY	0x63ce18
ERROR_CTX_SERVICE_NAME_COLLISION	0x63ce18
ERROR_NO_BROWSER_SERVERS_FOUND	0x63ce18
ERROR_ENCRYPTION_FAILED	0x63ce18
ERROR_CLUSTER_MEMBERSHIP_INVALID_STATE	0x63ce18
ERROR_CLUSTER_NETWORK_NOT_INTERNAL	0x63ce18
ERROR_QUORUM_RESOURCE_ONLINE_FAILED	0x63ce18
ERROR_GROUP_NOT_AVAILABLE	0x63ce18
ERROR_OBJECT_IN_LIST	0x63ce18
ERROR_CANT_EVICT_ACTIVE_NODE	0x63ce18
ERROR_SHUTDOWN_CLUSTER	0x63ce18
ERROR_RESOURCE_NOT_FOUND	0x63ce18
ERROR_RESOURCE_NOT_AVAILABLE	0x63ce18
ERROR_HOST_NODE_NOT_AVAILABLE	0x63ce18
ERROR_RESOURCE_NOT_ONLINE	0x63ce18
ERROR_DEPENDENCY_ALREADY_EXISTS	0x63ce18
ERROR_DEPENDENT_RESOURCE_EXISTS	0x63ce18
ERROR_VOLUME_NOT_SIS_ENABLED	0x63ce18
ERROR_REPARSE_TAG_MISMATCH	0x63ce18
ERROR_REPARSE_TAG_INVALID	0x63ce18
ERROR_INVALID_REPARSE_DATA	0x63ce18
ERROR_REPARSE_ATTRIBUTE_CONFLICT	0x63ce18
ERROR_NOT_A_REPARSE_POINT	0x63ce18
ERROR_CLEANER_CARTRIDGE_SPENT	0x63ce18
ERROR_MEDIA_UNAVAILABLE	0x63ce18
ERROR_DRIVE_MEDIA_MISMATCH	0x63ce18
ERROR_MEDIA_OFFLINE	0x63ce18
ERROR_LIBRARY_OFFLINE	0x63ce18
ERROR_EMPTY	0x63ce18
ERROR_NOT_EMPTY	0x63ce18
ERROR_INVALID_MEDIA_POOL	0x63ce18
ERROR_WMI_INVALID_REGINFO	0x63ce18
ERROR_WMI_ALREADY_DISABLED	0x63ce18
ERROR_WMI_READ_ONLY	0x63ce18
ERROR_WMI_SET_FAILURE	0x63ce18
ERROR_INVALID_MEDIA	0x63ce18
ERROR_INVALID_LIBRARY	0x63ce18
ERROR_WMI_INVALID_MOF	0x63ce18
ERROR_WMI_UNRESOLVED_INSTANCE_REF	0x63ce18
ERROR_WMI_ALREADY_ENABLED	0x63ce18
ERROR_WMI_GUID_DISCONNECTED	0x63ce18
ERROR_WMI_SERVER_UNAVAILABLE	0x63ce18
ERROR_WMI_DP_FAILED	0x63ce18
ERROR_WMI_DP_NOT_FOUND	0x63ce18
ERROR_RPL_NOT_ALLOWED	0x63ce18
ERROR_DHCP_ADDRESS_CONFLICT	0x63ce18
ERROR_WMI_GUID_NOT_FOUND	0x63ce18
ERROR_WMI_ITEMID_NOT_FOUND	0x63ce18
ERROR_WMI_TRY_AGAIN	0x63ce18
ERROR_REC_NON_EXISTENT	0x63ce18
ERROR_WINS_INTERNAL	0x63ce18
ERROR_CAN_NOT_DEL_LOCAL_WINS	0x63ce18
ERROR_STATIC_INIT	0x63ce18
ERROR_INC_BACKUP	0x63ce18
ERROR_FULL_BACKUP	0x63ce18
ERROR_PRINTER_DRIVER_BLOCKED	0x63ce18
ERROR_PRINT_MONITOR_IN_USE	0x63ce18
ERROR_PRINTER_HAS_JOBS_QUEUED	0x63ce18
ERROR_SUCCESS_REBOOT_REQUIRED	0x63ce18
ERROR_SUCCESS_RESTART_REQUIRED	0x63ce18
ERROR_PRINTER_NOT_FOUND	0x63ce18
ERROR_PRINTER_DRIVER_WARNED	0x63ce18
ERROR_INVALID_PRINT_MONITOR	0x63ce18
ERROR_PRINTER_DRIVER_IN_USE	0x63ce18
ERROR_SPOOL_FILE_NOT_FOUND	0x63ce18
ERROR_SPL_NO_STARTDOC	0x63ce18
ERROR_SPL_NO_ADDJOB	0x63ce18
ERROR_PRINT_MONITOR_ALREADY_INSTALLED	0x63ce18
ERROR_CONNECTED_OTHER_PASSWORD_DEFAULT	0x63ce18
ERROR_BAD_USERNAME	0x63ce18
ERROR_NOT_CONNECTED	0x63ce18
ERROR_OPEN_FILES	0x63ce18
ERROR_ACTIVE_CONNECTIONS	0x63ce18
ERROR_DEVICE_IN_USE	0x63ce18
ERROR_CONNECTED_OTHER_PASSWORD	0x63ce18
ERROR_INVALID_PIXEL_FORMAT	0x63ce18
RPC_S_GROUP_MEMBER_NOT_FOUND	0x63ce18
RPC_S_NOT_RPC_ERROR	0x63ce18
RPC_S_NO_BINDINGS	0x63ce18
ERROR_REQUIRES_INTERACTIVE_WINDOWSTATION	0x63ce18
ERROR_NO_ASSOCIATION	0x63ce18
ERROR_SERVICE_NOT_ACTIVE	0x63ce18
ERROR_REGISTRY_IO_FAILED	0x63ce18
ERROR_CAN_NOT_COMPLETE	0x63ce18
ERROR_OPERATION_ABORTED	0x63ce18
ERROR_IO_INCOMPLETE	0x63ce18
ERROR_IO_PENDING	0x63ce18
ERROR_NOACCESS	0x63ce18
ERROR_SWAPERROR	0x63ce18
ERROR_STACK_OVERFLOW	0x63ce18
ERROR_INVALID_MESSAGE	0x63ce18
ERROR_DISK_TOO_FRAGMENTED	0x63ce18
ERROR_DELETE_PENDING	0x63ce18
ERROR_INVALID_ADDRESS	0x63ce18
ERROR_ARITHMETIC_OVERFLOW	0x63ce18
ERROR_PIPE_CONNECTED	0x63ce18
ERROR_PIPE_LISTENING	0x63ce18
ERROR_INVALID_OPLOCK_PROTOCOL	0x63ce18
ERROR_OPLOCK_NOT_GRANTED	0x63ce18
ERROR_TOO_MANY_POSTS	0x63ce18
ERROR_NOT_OWNER	0x63ce18
ERROR_EAS_NOT_SUPPORTED	0x63ce18
ERROR_INVALID_EA_HANDLE	0x63ce18
ERROR_EA_FILE_CORRUPT	0x63ce18
ERROR_EAS_DIDNT_FIT	0x63ce18
ERROR_DIRECTORY	0x63ce18
ERROR_CANNOT_COPY	0x63ce18
ERROR_VC_DISCONNECTED	0x63ce18
ERROR_CANCEL_VIOLATION	0x63ce18
ERROR_SEM_USER_LIMIT	0x63ce18
ERROR_SEM_IS_SET	0x63ce18
ERROR_TOO_MANY_SEM_REQUESTS	0x63ce18
ERROR_INVALID_AT_INTERRUPT_TIME	0x63ce18
ERROR_SEM_OWNER_DIED	0x63ce18
ERROR_EXCL_SEM_ALREADY_OWNED	0x63ce18
ERROR_INVALID_PARAMETER	0x63ce18
ERROR_NET_WRITE_FAULT	0x63ce18
ERROR_NO_PROC_SLOTS	0x63ce18
ERROR_TOO_MANY_SEMAPHORES	0x63ce18
ERROR_INVALID_PASSWORD	0x63ce18
ERROR_CANNOT_MAKE	0x63ce18
ERROR_FAIL_I24	0x63ce18
ERROR_OUT_OF_STRUCTURES	0x63ce18
ERROR_ALREADY_ASSIGNED	0x63ce18
ERROR_FILE_EXISTS	0x63ce18
ERROR_TOO_MANY_SESS	0x63ce18
ERROR_SHARING_PAUSED	0x63ce18
ERROR_REQ_NOT_ACCEP	0x63ce18
ERROR_REDIR_PAUSED	0x63ce18
ERROR_TOO_MANY_NAMES	0x63ce18
ERROR_NETWORK_ACCESS_DENIED	0x63ce18
ERROR_BAD_NET_RESP	0x63ce18
ERROR_NETWORK_BUSY	0x63ce18
ERROR_DEV_NOT_EXIST	0x63ce18
ERROR_TOO_MANY_CMDS	0x63ce18
ERROR_ADAP_HDW_ERR	0x63ce18
ERROR_BAD_NETPATH	0x63ce18
ERROR_HANDLE_DISK_FULL	0x63ce18
ERROR_NOT_SUPPORTED	0x63ce18
ERROR_REM_NOT_LIST	0x63ce18
ERROR_DUP_NAME	0x63ce18
ERROR_HANDLE_EOF	0x63ce18
ERROR_CURRENT_DIRECTORY	0x63ce18
ERROR_INVALID_DATA	0x63ce18
ERROR_INVALID_HANDLE	0x63ce18
ERROR_PATH_NOT_FOUND	0x63ce18
ERROR_TOO_MANY_OPEN_FILES	0x63ce18
ERROR_ACCESS_DENIED	0x63ce18
S_FALSE	0x63ce18
D3DXERR_COLORDEPTHTOOLOW	0x63ce18
D3DXERR_INVALIDFILEFORMAT	0x63ce18
D3DXERR_NOMATCHFOUND	0x63ce18
D3DXERR_ENUMFORMATSFAILED	0x63ce18
D3DXERR_INVALIDPARAMETER	0x63ce18
D3DXERR_INVALIDD3DXDEVICEINDEX	0x63ce18
ERROR_AUDITING_DISABLED	0x63ce18
ERROR_ALL_SIDS_FILTERED	0x63ce18
D3DXERR_NOMEMORY	0x63ce18
D3DXERR_NULLPOINTER	0x63ce18
DMUS_E_INVALID_CONTAINER_OBJECT	0x63ce18
DMUS_E_AUDIOPATH_NOPORT	0x63ce18
DMUS_E_NO_AUDIOPATH	0x63ce18
DMUS_E_INVALIDCHUNK	0x63ce18
DMUS_E_AUDIOPATH_NOGLOBALFXBUFFER	0x63ce18
DMUS_E_AUDIOPATH_NOBUFFER	0x63ce18
DMUS_E_NO_MASTER_CLOCK	0x63ce18
DMUS_E_BADINSTRUMENT	0x63ce18
DMUS_E_INVALIDPOS	0x63ce18
DMUS_E_BUFFERNOTSET	0x63ce18
DMUS_E_BUFFERNOTAVAILABLE	0x63ce18
DMUS_E_NOTADLSCOL	0x63ce18
DMUS_E_INVALIDOFFSET	0x63ce18
DMUS_E_ALREADY_LOADED	0x63ce18
DMUS_E_INSUFFICIENTBUFFER	0x63ce18
DSERR_DS8_REQUIRED	0x63ce18
DSERR_SENDLOOP	0x63ce18
DSERR_BADSENDBUFFERGUID	0x63ce18
DMUS_E_DRIVER_FAILED	0x63ce18
DMUS_E_PORTS_OPEN	0x63ce18
DMUS_E_DEVICE_IN_USE	0x63ce18
DSERR_BUFFERTOOSMALL	0x63ce18
DSERR_NODRIVER	0x63ce18
DSERR_ALREADYINITIALIZED	0x63ce18
DSERR_BUFFERLOST	0x63ce18
DSERR_OTHERAPPHASPRIO	0x63ce18
DSERR_UNINITIALIZED	0x63ce18
DSERR_BADFORMAT	0x63ce18
D3DXERR_DUPLICATENAMEDFRAGMENT	0x63ce18
D3DXERR_CANNOTREMOVELASTITEM	0x63ce18
DSERR_ALLOCATED	0x63ce18
DSERR_CONTROLUNAVAIL	0x63ce18
DSERR_INVALIDCALL	0x63ce18
DSERR_PRIOLEVELNEEDED	0x63ce18
D3DXERR_LOADEDMESHASNODATA	0x63ce18
D3DXERR_CANNOTMODIFYINDEXBUFFER	0x63ce18
D3DXERR_INVALIDMESH	0x63ce18
D3DXERR_CANNOTATTRSORT	0x63ce18
D3DXERR_SKINNINGNOTSUPPORTED	0x63ce18
D3DXERR_TOOMANYINFLUENCES	0x63ce18
D3DXERR_INVALIDDATA	0x63ce18
D3DERR_DRIVERINVALIDCALL	0x63ce18
D3DERR_MOREDATA	0x63ce18
D3DERR_DEVICELOST	0x63ce18
D3DERR_DEVICENOTRESET	0x63ce18
D3DERR_NOTAVAILABLE	0x63ce18
D3DERR_INVALIDDEVICE	0x63ce18
D3DERR_INVALIDCALL	0x63ce18
D3DERR_NOTFOUND	0x63ce18
D3DERR_WRONGTEXTUREFORMAT	0x63ce18
DXFILEERR_NOINTERNET	0x63ce18
DDERR_TOOBIGSIZE	0x63ce18
DDERR_SURFACEISOBSCURED	0x63ce18
DDERR_SURFACELOST	0x63ce18
DDERR_SURFACENOTATTACHED	0x63ce18
DDERR_TOOBIGHEIGHT	0x63ce18
DDERR_CANTLOCKSURFACE	0x63ce18
DDERR_COLORKEYNOTSET	0x63ce18
DDERR_SURFACEALREADYATTACHED	0x63ce18
DDERR_SURFACEALREADYDEPENDENT	0x63ce18
DDERR_SURFACEBUSY	0x63ce18
DDERR_PALETTEBUSY	0x63ce18
DDERR_OUTOFCAPS	0x63ce18
D3DERR_OUTOFVIDEOMEMORY	0x63ce18
DDERR_OVERLAYCANTCLIP	0x63ce18
DDERR_OVERLAYCOLORKEYONLYONEACTIVE	0x63ce18
DDERR_NOZOVERLAYHW	0x63ce18
DDERR_NOT4BITCOLORINDEX	0x63ce18
DDERR_NOT8BITCOLOR	0x63ce18
DDERR_NOTEXTUREHW	0x63ce18
DDERR_NOVSYNCHW	0x63ce18
DDERR_NOZBUFFERHW	0x63ce18
DDERR_NOT4BITCOLOR	0x63ce18
DDERR_OVERLAPPINGRECTS	0x63ce18
DDERR_NORASTEROPHW	0x63ce18
DDERR_NOROTATIONHW	0x63ce18
DDERR_NOSTRETCHHW	0x63ce18
DDERR_NOOVERLAYHW	0x63ce18
DDERR_NOFLIPHW	0x63ce18
DDERR_NOGDI	0x63ce18
DDERR_NOMIRRORHW	0x63ce18
DDERR_NOTFOUND	0x63ce18
DDERR_NOEXCLUSIVEMODE	0x63ce18
DDERR_NOCOOPERATIVELEVELSET	0x63ce18
DDERR_NOCOLORKEY	0x63ce18
DDERR_NOCOLORKEYHW	0x63ce18
DDERR_NODIRECTDRAWSUPPORT	0x63ce18
DDERR_NOCOLORCONVHW	0x63ce18
DDERR_NO3D	0x63ce18
DDERR_NOALPHAHW	0x63ce18
DDERR_NOSTEREOHARDWARE	0x63ce18
DDERR_NOSURFACELEFT	0x63ce18
DDERR_NOCLIPLIST	0x63ce18
DDERR_LOCKEDSURFACES	0x63ce18
DDERR_INVALIDMODE	0x63ce18
DDERR_INVALIDOBJECT	0x63ce18
DDERR_INVALIDPIXELFORMAT	0x63ce18
DDERR_INVALIDRECT	0x63ce18
DDERR_INVALIDCLIPLIST	0x63ce18
DDERR_EXCEPTION	0x63ce18
DDERR_HEIGHTALIGN	0x63ce18
DDERR_INCOMPATIBLEPRIMARY	0x63ce18
DDERR_INVALIDCAPS	0x63ce18
DDERR_CURRENTLYNOTAVAIL	0x63ce18
DPNERR_USERCANCEL	0x63ce18
DDERR_ALREADYINITIALIZED	0x63ce18
DDERR_CANNOTATTACHSURFACE	0x63ce18
DDERR_CANNOTDETACHSURFACE	0x63ce18
DPNERR_UNINITIALIZED	0x63ce18
DPNERR_PLAYERNOTREACHABLE	0x63ce18
DPNERR_SENDTOOLARGE	0x63ce18
DPNERR_SESSIONFULL	0x63ce18
DPNERR_TABLEFULL	0x63ce18
DPNERR_TIMEDOUT	0x63ce18
DPNERR_PLAYERNOTINGROUP	0x63ce18
DPNERR_NOTREADY	0x63ce18
DPNERR_NOTREGISTERED	0x63ce18
DPNERR_PLAYERALREADYINGROUP	0x63ce18
DPNERR_PLAYERLOST	0x63ce18
DPNERR_NOTHOST	0x63ce18
DPNERR_NOCONNECTION	0x63ce18
DPNERR_NOHOSTPLAYER	0x63ce18
DPNERR_NOMOREADDRESSCOMPONENTS	0x63ce18
DPNERR_NORESPONSE	0x63ce18
DPNERR_NOTALLOWED	0x63ce18
DPNERR_NOCAPS	0x63ce18
DPNERR_INVALIDPRIORITY	0x63ce18
DPNERR_INVALIDSTRING	0x63ce18
DPNERR_INVALIDURL	0x63ce18
DPNERR_INVALIDVERSION	0x63ce18
DPNERR_INVALIDPLAYER	0x63ce18
DPNERR_INVALIDHOSTADDRESS	0x63ce18
DPNERR_INVALIDINSTANCE	0x63ce18
DPNERR_INVALIDINTERFACE	0x63ce18
DPNERR_INVALIDOBJECT	0x63ce18
DPNERR_INVALIDPASSWORD	0x63ce18
DPNERR_INVALIDHANDLE	0x63ce18
DPNERR_INVALIDDEVICEADDRESS	0x63ce18
DPNERR_INVALIDENDPOINT	0x63ce18
DPNERR_INVALIDFLAGS	0x63ce18
DPNERR_INVALIDGROUP	0x63ce18
DPNERR_INVALIDCOMMAND	0x63ce18
DPNERR_HOSTTERMINATEDSESSION	0x63ce18
DPNERR_INCOMPLETEADDRESS	0x63ce18
DPNERR_INVALIDADDRESSFORMAT	0x63ce18
DPNERR_INVALIDAPPLICATION	0x63ce18
DPNERR_HOSTREJECTEDCONNECTION	0x63ce18
DPNERR_ENUMRESPONSETOOLARGE	0x63ce18
DPNERR_EXCEPTION	0x63ce18
DPNERR_GROUPNOTEMPTY	0x63ce18
DPNERR_HOSTING	0x63ce18
DPNERR_ENUMQUERYTOOLARGE	0x63ce18
DPNERR_DATATOOLARGE	0x63ce18
DPNERR_DOESNOTEXIST	0x63ce18
DPNERR_DPNSVRNOTAVAILABLE	0x63ce18
DPNERR_DUPLICATECOMMAND	0x63ce18
DPNERR_ENDPOINTNOTRECEIVING	0x63ce18
DPNERR_CONVERSION	0x63ce18
DPNERR_CANTCREATEPLAYER	0x63ce18
DPNERR_CANTLAUNCHAPPLICATION	0x63ce18
DPNERR_CONNECTING	0x63ce18
DPNERR_CONNECTIONLOST	0x63ce18
DPNERR_CANTCREATEGROUP	0x63ce18
DPNERR_ALREADYINITIALIZED	0x63ce18
DPNERR_ALREADYREGISTERED	0x63ce18
DPNERR_BUFFERTOOSMALL	0x63ce18
DPNERR_CANNOTCANCEL	0x63ce18
DPNERR_ALREADYDISCONNECTING	0x63ce18
DPNERR_ABORTED	0x63ce18
DPNERR_ADDRESSING	0x63ce18
DPNERR_ALREADYCLOSING	0x63ce18
DPNERR_ALREADYCONNECTED	0x63ce18
DVERR_LOCKEDBUFFER	0x63ce18
DVERR_TRANSPORTNOSESSION	0x63ce18
DVERR_TRANSPORTNOPLAYER	0x63ce18
DVERR_USERBACK	0x63ce18
DVERR_NORECVOLAVAILABLE	0x63ce18
DVERR_INVALIDBUFFER	0x63ce18
DVERR_TRANSPORTNOTINIT	0x63ce18
DVERR_TRANSPORTNOTHOST	0x63ce18
DVERR_NOTCONNECTED	0x63ce18
DVERR_CONNECTABORTING	0x63ce18
DVERR_NOTALLOWED	0x63ce18
DVERR_INVALIDTARGET	0x63ce18
DVERR_CONNECTED	0x63ce18
DVERR_INVALIDHANDLE	0x63ce18
DVERR_SESSIONLOST	0x63ce18
DVERR_NOVOICESESSION	0x63ce18
DVERR_CONNECTIONLOST	0x63ce18
DVERR_NOTINITIALIZED	0x63ce18
DVERR_INVALIDGROUP	0x63ce18
DVERR_EXCEPTION	0x63ce18
DVERR_INVALIDFLAGS	0x63ce18
DVERR_INVALIDOBJECT	0x63ce18
DVERR_INVALIDPLAYER	0x63ce18
DVERR_BUFFERTOOSMALL	0x63ce18
COMADMIN_E_BASEPARTITION_REQUIRED_IN_SET	0x63ce18
COMADMIN_E_CANNOT_ALIAS_EVENTCLASS	0x63ce18
COMADMIN_E_PRIVATE_ACCESSDENIED	0x63ce18
COMADMIN_E_SAFERINVALID	0x63ce18
COMADMIN_E_REGISTRY_ACCESSDENIED	0x63ce18
COMADMIN_E_COMP_MOVE_PRIVATE	0x63ce18
MSDTC_E_DUPLICATE_RESOURCE	0x63ce18
COMQC_E_NO_IPERSISTSTREAM	0x63ce18
COMQC_E_BAD_MESSAGE	0x63ce18
COMQC_E_UNAUTHENTICATED	0x63ce18
COMQC_E_UNTRUSTED_ENQUEUER	0x63ce18
COMQC_E_QUEUING_SERVICE_NOT_AVAILABLE	0x63ce18
COMADMIN_E_CAT_PAUSE_RESUME_NOT_SUPPORTED	0x63ce18
COMADMIN_E_CAT_SERVERFAULT	0x63ce18
COMQC_E_APPLICATION_NOT_QUEUED	0x63ce18
COMQC_E_NO_QUEUEABLE_INTERFACES	0x63ce18
COMADMIN_E_CAT_WRONGAPPBITNESS	0x63ce18
COMADMIN_E_MIG_VERSIONNOTSUPPORTED	0x63ce18
COMADMIN_E_MIG_SCHEMANOTFOUND	0x63ce18
COMADMIN_E_CAT_BITNESSMISMATCH	0x63ce18
COMADMIN_E_CAT_UNACCEPTABLEBITNESS	0x63ce18
COMADMIN_E_REGDB_ALREADYRUNNING	0x63ce18
COMADMIN_E_AMBIGUOUS_APPLICATION_NAME	0x63ce18
COMADMIN_E_AMBIGUOUS_PARTITION_NAME	0x63ce18
COMADMIN_E_REGDB_NOTINITIALIZED	0x63ce18
COMADMIN_E_REGDB_NOTOPEN	0x63ce18
COMADMIN_E_REGDB_SYSTEMERR	0x63ce18
COMADMIN_E_CAT_IMPORTED_COMPONENTS_NOT_ALLOWED	0x63ce18
COMADMIN_E_BADREGISTRYLIBID	0x63ce18
COMADMIN_E_OBJECTINVALID	0x63ce18
SCARD_W_EOF	0x63ce18
SCARD_W_CANCELLED_BY_USER	0x63ce18
SCARD_W_CARD_NOT_AUTHENTICATED	0x63ce18
COMADMIN_E_OBJECTERRORS	0x63ce18
SCARD_W_CHV_BLOCKED	0x63ce18
SCARD_W_RESET_CARD	0x63ce18
SCARD_W_REMOVED_CARD	0x63ce18
SCARD_W_SECURITY_VIOLATION	0x63ce18
SCARD_W_WRONG_CHV	0x63ce18
SCARD_W_UNPOWERED_CARD	0x63ce18
SCARD_E_COMM_DATA_LOST	0x63ce18
SCARD_E_NO_KEY_CONTAINER	0x63ce18
SCARD_W_UNSUPPORTED_CARD	0x63ce18
SCARD_W_UNRESPONSIVE_CARD	0x63ce18
SCARD_E_NO_READERS_AVAILABLE	0x63ce18
SCARD_E_BAD_SEEK	0x63ce18
SCARD_E_INVALID_CHV	0x63ce18
SCARD_E_UNKNOWN_RES_MNG	0x63ce18
SCARD_E_NO_SUCH_CERTIFICATE	0x63ce18
SCARD_E_CERTIFICATE_UNAVAILABLE	0x63ce18
SCARD_E_WRITE_TOO_MANY	0x63ce18
SCARD_F_COMM_ERROR	0x63ce18
SCARD_E_INSUFFICIENT_BUFFER	0x63ce18
SCARD_E_INVALID_PARAMETER	0x63ce18
SCARD_E_INVALID_TARGET	0x63ce18
SCARD_E_NO_MEMORY	0x63ce18
SCARD_F_WAITED_TOO_LONG	0x63ce18
SCARD_E_INVALID_HANDLE	0x63ce18
SPAPI_E_INCORRECTLY_COPIED_INF	0x63ce18
SPAPI_E_SCE_DISABLED	0x63ce18
SPAPI_E_ERROR_NOT_INSTALLED	0x63ce18
SCARD_F_INTERNAL_ERROR	0x63ce18
SCARD_E_CANCELLED	0x63ce18
SPAPI_E_SET_SYSTEM_RESTORE_POINT	0x63ce18
SPAPI_E_CANT_LOAD_CLASS_ICON	0x63ce18
SPAPI_E_DUPLICATE_FOUND	0x63ce18
SPAPI_E_LINE_NOT_FOUND	0x63ce18
SPAPI_E_NO_BACKUP	0x63ce18
SPAPI_E_NO_ASSOCIATED_CLASS	0x63ce18
SPAPI_E_CLASS_MISMATCH	0x63ce18
SPAPI_E_SECTION_NOT_FOUND	0x63ce18
SPAPI_E_EXPECTED_SECTION_NAME	0x63ce18
SPAPI_E_BAD_SECTION_NAME_LINE	0x63ce18
SPAPI_E_SECTION_NAME_TOO_LONG	0x63ce18
SPAPI_E_GENERAL_SYNTAX	0x63ce18
SPAPI_E_WRONG_INF_STYLE	0x63ce18
CERT_E_INVALID_NAME	0x63ce18
CERT_E_UNTRUSTEDROOT	0x63ce18
CERT_E_CRITICAL	0x63ce18
CERT_E_PURPOSE	0x63ce18
CERT_E_ISSUERCHAINING	0x63ce18
CERT_E_MALFORMED	0x63ce18
CERT_E_PATHLENCONST	0x63ce18
PERSIST_E_NOTSELFSIZING	0x63ce18
TRUST_E_NOSIGNATURE	0x63ce18
CERT_E_EXPIRED	0x63ce18
CERT_E_VALIDITYPERIODNESTING	0x63ce18
CERT_E_ROLE	0x63ce18
PERSIST_E_SIZEINDEFINITE	0x63ce18
TRUST_E_PROVIDER_UNKNOWN	0x63ce18
MSSIPOTF_E_FILETOOSMALL	0x63ce18
MSSIPOTF_E_OUTOFMEMRANGE	0x63ce18
TRUST_E_TIME_STAMP	0x63ce18
TRUST_E_BAD_DIGEST	0x63ce18
TRUST_E_BASIC_CONSTRAINTS	0x63ce18
TRUST_E_FINANCIAL_CRITERIA	0x63ce18
TRUST_E_CERT_SIGNATURE	0x63ce18
XENROLL_E_RESPONSE_KA_HASH_MISMATCH	0x63ce18
XENROLL_E_KEYSPEC_SMIME_MISMATCH	0x63ce18
TRUST_E_SYSTEM_ERROR	0x63ce18
TRUST_E_NO_SIGNER_CERT	0x63ce18
TRUST_E_COUNTER_SIGNER	0x63ce18
XENROLL_E_RESPONSE_UNEXPECTED_KA_HASH	0x63ce18
XENROLL_E_CANNOT_ADD_ROOT_CERT	0x63ce18
XENROLL_E_RESPONSE_KA_HASH_NOT_FOUND	0x63ce18
XENROLL_E_KEY_NOT_EXPORTABLE	0x63ce18
CERTSRV_E_UNSUPPORTED_CERT_TYPE	0x63ce18
CERTSRV_E_ROLECONFLICT	0x63ce18
CERTSRV_E_PROPERTY_EMPTY	0x63ce18
CERTSRV_E_INVALID_CA_CERTIFICATE	0x63ce18
CERTSRV_E_SERVER_SUSPENDED	0x63ce18
CERTSRV_E_ENCODING_LENGTH	0x63ce18
CERTSRV_E_BAD_REQUESTSTATUS	0x63ce18
CRYPT_E_ASN1_NYI	0x63ce18
CRYPT_E_ASN1_EXTENDED	0x63ce18
CRYPT_E_ASN1_NOEOD	0x63ce18
CERTSRV_E_BAD_REQUESTSUBJECT	0x63ce18
CERTSRV_E_NO_REQUEST	0x63ce18
CRYPT_E_ASN1_PDU_TYPE	0x63ce18
CRYPT_E_ASN1_EOD	0x63ce18
CRYPT_E_ASN1_INTERNAL	0x63ce18
CRYPT_E_ASN1_ERROR	0x63ce18
CRYPT_E_OSS_ERROR	0x63ce18
CRYPT_E_BAD_LEN	0x63ce18
CRYPT_E_MSG_ERROR	0x63ce18
SEC_E_INSUFFICIENT_MEMORY	0x63ce18
NTE_BAD_UID	0x63ce18
CO_E_CLASS_CREATE_FAILED	0x63ce18
WSA_QOS_ADMISSION_FAILURE	0x63ce18
WSATRY_AGAIN	0x63ce18
WSA_E_NO_MORE	0x63ce18
DNS_ERROR_NO_DNS_SERVERS	0x63ce18
DNS_ERROR_OPERATION_BASE	0x63ce18
DNS_WARNING_DOMAIN_UNDELETED	0x63ce18
FRS_ERR_INTERNAL	0x63ce18
ERROR_CTX_INVALID_MODEMNAME	0x63ce18
ERROR_CTX_WD_NOT_FOUND	0x63ce18
ERROR_OBJECT_ALREADY_EXISTS	0x63ce18
ERROR_DEPENDENCY_NOT_FOUND	0x63ce18
ERROR_WMI_INSTANCE_NOT_FOUND	0x63ce18
ERROR_PRINT_PROCESSOR_ALREADY_INSTALLED	0x63ce18
ERROR_UNKNOWN_PRINT_MONITOR	0x63ce18
ERROR_EA_ACCESS_DENIED	0x63ce18
ERROR_MR_MID_NOT_FOUND	0x63ce18
ERROR_PARTIAL_COPY	0x63ce18
ERROR_EA_TABLE_FULL	0x63ce18
CO_E_NOSYNCHRONIZATION	0x63ce18
CONTEXT_E_LAST	0x63ce18
ERROR_INVALID_FUNCTION	0x63ce18
ERROR_FILE_NOT_FOUND	0x63ce18
CO_E_NOTCONSTRUCTED	0x63ce18
CO_E_NOIISINTRINSICS	0x63ce18
CO_E_NOCOOKIES	0x63ce18
CO_E_DBERROR	0x63ce18
CO_E_NOTPOOLED	0x63ce18
CO_E_THREADINGMODEL_CHANGED	0x63ce18
CO_E_ACTIVATIONFAILED_TIMEOUT	0x63ce18
CO_E_INITIALIZATIONFAILED	0x63ce18
CONTEXT_E_NOJIT	0x63ce18
CONTEXT_E_NOTRANSACTION	0x63ce18
CO_E_ACTIVATIONFAILED_CATALOGERROR	0x63ce18
CONTEXT_E_ROLENOTFOUND	0x63ce18
CONTEXT_E_TMNOTAVAILABLE	0x63ce18
CO_E_ACTIVATIONFAILED	0x63ce18
CO_E_ACTIVATIONFAILED_EVENTLOGGED	0x63ce18
CONTEXT_E_OLDREF	0x63ce18
CONTEXT_E_ABORTED	0x63ce18
CONTEXT_E_ABORTING	0x63ce18
CONTEXT_E_NOCONTEXT	0x63ce18
CONTEXT_E_SYNCH_TIMEOUT	0x63ce18
CONTEXT_E_FIRST	0x63ce18
XACT_E_CLERKEXISTS	0x63ce18
XACT_E_RECOVERYINPROGRESS	0x63ce18
XACT_E_TRANSACTIONCLOSED	0x63ce18
XACT_E_INVALIDLSN	0x63ce18
XACT_E_REPLAYREQUEST	0x63ce18
XACT_E_CLERKNOTFOUND	0x63ce18
XACT_E_NOASYNC	0x63ce18
XACT_E_FIRST	0x63ce18
WBEMMOF_E_OUT_OF_RANGE	0x63ce18
WBEMMOF_E_UNEXPECTED_ALIAS	0x63ce18
WBEMMOF_E_EXPECTED_TYPE_IDENTIFIER	0x63ce18
WBEMMOF_E_EXPECTED_OPEN_PAREN	0x63ce18
WBEMMOF_E_UNRECOGNIZED_TOKEN	0x63ce18
WBEMMOF_E_UNRECOGNIZED_TYPE	0x63ce18
WBEMMOF_E_EXPECTED_PROPERTY_NAME	0x63ce18
WBEMMOF_E_TYPEDEF_NOT_SUPPORTED	0x63ce18
WBEMMOF_E_ILLEGAL_CONSTANT_VALUE	0x63ce18
WBEMESS_E_REGISTRATION_TOO_PRECISE	0x63ce18
WBEMMOF_E_EXPECTED_QUALIFIER_NAME	0x63ce18
WBEMMOF_E_EXPECTED_SEMI	0x63ce18
WBEMMOF_E_EXPECTED_OPEN_BRACE	0x63ce18
WBEMMOF_E_EXPECTED_CLOSE_BRACE	0x63ce18
WBEMMOF_E_EXPECTED_CLOSE_BRACKET	0x63ce18
WBEMMOF_E_EXPECTED_CLOSE_PAREN	0x63ce18
WBEMESS_E_REGISTRATION_TOO_BROAD	0x63ce18
SCHED_E_TRIGGER_NOT_FOUND	0x63ce18
WBEM_E_FAILED	0x63ce18
VFW_E_BAD_KEY	0x63ce18
CO_E_ERRORINDLL	0x63ce18
DRAGDROP_E_INVALIDHWND	0x63ce18
DV_E_NOIVIEWOBJECT	0x63ce18
OLE_E_LAST	0x63ce18
DRAGDROP_E_FIRST	0x63ce18
DRAGDROP_E_ALREADYREGISTERED	0x63ce18
DV_E_DVTARGETDEVICE_SIZE	0x63ce18
DV_E_LINDEX	0x63ce18
DV_E_TYMED	0x63ce18
DV_E_CLIPFORMAT	0x63ce18
DV_E_DVASPECT	0x63ce18
DV_E_STATDATA	0x63ce18
OLE_E_NOSTORAGE	0x63ce18
DV_E_FORMATETC	0x63ce18
DV_E_DVTARGETDEVICE	0x63ce18
DV_E_STGMEDIUM	0x63ce18
OLE_E_CANTCONVERT	0x63ce18
OLE_E_PROMPTSAVECANCELLED	0x63ce18
OLE_E_INVALIDRECT	0x63ce18
OLE_E_WRONGCOMPOBJ	0x63ce18
OLE_E_INVALIDHWND	0x63ce18
OLE_E_NOT_INPLACEACTIVE	0x63ce18
OLE_E_STATIC	0x63ce18
OLE_E_ADVF	0x63ce18
STG_E_CSS_SCRAMBLED_SECTOR	0x63ce18
STG_E_CSS_REGION_MISMATCH	0x63ce18
STG_E_RESETS_EXHAUSTED	0x63ce18
OLE_E_FIRST	0x63ce18
STG_E_CSS_KEY_NOT_ESTABLISHED	0x63ce18
STG_E_INCOMPLETE	0x63ce18
STG_E_TERMINATED	0x63ce18
STG_E_STATUS_COPY_PROTECTION_FAILURE	0x63ce18
STG_E_CSS_AUTHENTICATION_FAILURE	0x63ce18
STG_E_CSS_KEY_NOT_PRESENT	0x63ce18
STG_E_NOTSIMPLEFORMAT	0x63ce18
STG_E_REVERTED	0x63ce18
STG_E_UNIMPLEMENTEDFUNCTION	0x63ce18
STG_E_INVALIDFLAG	0x63ce18
STG_E_INUSE	0x63ce18
STG_E_NOTCURRENT	0x63ce18
STG_E_UNKNOWN	0x63ce18
STG_E_MEDIUMFULL	0x63ce18
STG_E_PROPSETMISMATCHED	0x63ce18
STG_E_ABNORMALAPIEXIT	0x63ce18
STG_E_INVALIDHEADER	0x63ce18
STG_E_INVALIDNAME	0x63ce18
STG_E_INVALIDPARAMETER	0x63ce18
STG_E_READFAULT	0x63ce18
STG_E_SHAREVIOLATION	0x63ce18
STG_E_LOCKVIOLATION	0x63ce18
STG_E_FILEALREADYEXISTS	0x63ce18
STG_E_WRITEFAULT	0x63ce18
STG_E_INSUFFICIENTMEMORY	0x63ce18
STG_E_INVALIDPOINTER	0x63ce18
STG_E_NOMOREFILES	0x63ce18
STG_E_DISKISWRITEPROTECTED	0x63ce18
STG_E_SEEKERROR	0x63ce18
STG_E_INVALIDHANDLE	0x63ce18
STG_E_FILENOTFOUND	0x63ce18
STG_E_PATHNOTFOUND	0x63ce18
STG_E_TOOMANYOPENFILES	0x63ce18
STG_E_ACCESSDENIED	0x63ce18
STG_E_INVALIDFUNCTION	0x63ce18
TYPE_E_IOERROR	0x63ce18
TYPE_E_CANTCREATETMPFILE	0x63ce18
TYPE_E_CANTLOADLIBRARY	0x63ce18
TYPE_E_INCONSISTENTPROPFUNCS	0x63ce18
TYPE_E_CIRCULARTYPE	0x63ce18
TYPE_E_OUTOFBOUNDS	0x63ce18
TYPE_E_SIZETOOBIG	0x63ce18
TYPE_E_DUPLICATEID	0x63ce18
TYPE_E_INVALIDID	0x63ce18
TYPE_E_TYPEMISMATCH	0x63ce18
TYPE_E_BADMODULEKIND	0x63ce18
TYPE_E_AMBIGUOUSNAME	0x63ce18
TYPE_E_NAMECONFLICT	0x63ce18
TYPE_E_UNKNOWNLCID	0x63ce18
TYPE_E_DLLFUNCTIONNOTFOUND	0x63ce18
TYPE_E_ELEMENTNOTFOUND	0x63ce18
TYPE_E_BUFFERTOOSMALL	0x63ce18
RPC_E_UNEXPECTED	0x63ce18
RPC_E_INVALID_EXTENSION	0x63ce18
RPC_E_DISCONNECTED	0x63ce18
RPC_E_FAULT	0x63ce18
RPC_E_SERVERFAULT	0x63ce18
RPC_E_CHANGED_MODE	0x63ce18
RPC_E_INVALIDMETHOD	0x63ce18
RPC_E_NOT_REGISTERED	0x63ce18
RPC_E_CANTCALLOUT_AGAIN	0x63ce18
RPC_E_SERVER_DIED_DNE	0x63ce18
RPC_E_SYS_CALL_FAILED	0x63ce18
RPC_E_OUT_OF_RESOURCES	0x63ce18
RPC_E_ATTEMPTED_MULTITHREAD	0x63ce18
RPC_E_INVALID_PARAMETER	0x63ce18
RPC_E_CANTCALLOUT_INEXTERNALCALL	0x63ce18
RPC_E_CALL_REJECTED	0x63ce18
RPC_E_CALL_CANCELED	0x63ce18
RPC_E_CANTPOST_INSENDCALL	0x63ce18
RPC_E_CANTCALLOUT_INASYNCCALL	0x63ce18
E_UNEXPECTED	0x63ce18
CO_E_NO_SECCTX_IN_ACTIVATE	0x63ce18
CO_E_TRACKER_CONFIG	0x63ce18
CO_E_THREADPOOL_CONFIG	0x63ce18
CO_E_SXS_CONFIG	0x63ce18
CO_E_MALFORMED_SPN	0x63ce18
CO_E_SERVER_INIT_TIMEOUT	0x63ce18
CO_E_WRONG_SERVER_IDENTITY	0x63ce18
CO_E_INIT_RPC_CHANNEL	0x63ce18
CO_E_INIT_TLS	0x63ce18
CO_E_INIT_SHARED_ALLOCATOR	0x63ce18
CO_E_INIT_MEMORY_ALLOCATOR	0x63ce18
CO_E_INIT_CLASS_CACHE	0x63ce18
E_FAIL	0x63ce18
E_PENDING	0x63ce18
E_NOTIMPL	0x63ce18
E_NOINTERFACE	0x63ce18
E_POINTER	0x63ce18
E_ABORT	0x63ce18
Timed out	0x6ab940
Unexpected error encountered	0x6543be
File: %S Line: %s Error Code: %s %sDo you want to debug the application?	0x6543be
Calling: %s 	0x6543be
hr=%s	0x6543be
%s (0x%0.8x)	0x6543be
%S(%s): 	0x6543be
Unexpected error encountered	0x65459c
File: %S Line: %s Error Code: %s %sDo you want to debug the application?	0x65459c
Calling: %s 	0x65459c
hr=%s	0x65459c
%s (0x%0.8x)	0x65459c
%s(%s): 	0x65459c
..\..\source\include\fesl/internal/util.h	0x657dd0,0x655700
%hu.%hu.%hu.%hu	0x655820
\views\feslbuild_main\jabba\fesl\source\address.cpp	0x655820
0000000000000000111111111111111122222222222222223333333333333333444444444444444455555555555555556666666666666666777777777777777788888888888888889999999999999999aaaaaaaaaaaaaaaabbbbbbbbbbbbbbbbccccccccccccccccddddddddddddddddeeeeeeeeeeeeeeeeffffffffffffffff	0x655dc0
0123456789abcdef0123456789abcdef0123456789abcdef0123456789abcdef0123456789abcdef0123456789abcdef0123456789abcdef0123456789abcdef0123456789abcdef0123456789abcdef0123456789abcdef0123456789abcdef0123456789abcdef0123456789abcdef0123456789abcdef0123456789abcdef	0x655dc0
%I64d	0x6559c0,0x655f00,0x668a50,0x66c4f0
countryList.%d.registrationAgeLimit	0x655f90
countryList.%d.parentalControlAgeLimit	0x655f90
countryList.%d.ISOCode	0x655f90
countryList.%d.description	0x655f90
names.%d	0x656120
errorContainer.%d.fieldError	0x656190
errorContainer.%d.fieldName	0x656190
subAccounts.%d	0x656230
password	0x656800,0x6563b0,0x656750
encryptedInfo	0x656750
thirdPartyMailFlag	0x6568f0,0x6569e0,0x6563b0
eaMailFlag	0x6568f0,0x6569e0,0x6563b0
parentalEmail	0x6568f0,0x6563b0
countryCode	0x6568f0,0x6563b0
DOBYear	0x6563b0
DOBMonth	0x6563b0
DOBDay	0x6563b0
email	0x7308a0,0x6568f0,0x6563b0,0x656510
keywords.[]	0x6565f0,0x6566a0
keywords.%d	0x6565f0,0x6566a0
maxSuggestions	0x6565f0,0x6566a0
platform	0x656750
newPassword	0x656800
\views\feslbuild_main\jabba\fesl\source\servicehub.cpp	0x657500,0x657540,0x657690
mFeslNaming == 0	0x657690
mFeslConn == 0	0x657690
mMessengerConn == 0	0x657690
mTheaterConn == 0	0x657690
mSharedConn == 0	0x657690
mTheaterConnTransactor == 0	0x657690
mMessengerConnTransactor == 0	0x657690
mFeslConnTransactor == 0	0x657690
mConnectService == 0	0x657690
mAccountService == 0	0x657690
mRankingService == 0	0x657690
mRecordService == 0	0x657690
mClubService == 0	0x657690
mMessengerService == 0	0x657690
mTheaterService == 0	0x657690
mDemangler == 0	0x657690
mGameBrowser == 0	0x657690
0000000000000000111111111111111122222222222222223333333333333333444444444444444455555555555555556666666666666666777777777777777788888888888888889999999999999999aaaaaaaaaaaaaaaabbbbbbbbbbbbbbbbccccccccccccccccddddddddddddddddeeeeeeeeeeeeeeeeffffffffffffffff0123456789abcdef0123456789abcdef0123456789abcdef0123456789abcdef0123456789abcdef0123456789abcdef0123456789abcdef0123456789abcdef0123456789abcdef0123456789abcdef0123456789abcdef0123456789abcdef0123456789abcdef0123456789abcdef0123456789abcdef0123456789abcdef	0x65a010,0x65a3a0,0x65a780,0x659d90
@ABCDEFGHIJKLMNOPQRSTUVWXYZ0123	0x659a20
no FESL allocator defined 	0x65cea0,0x65cee0,0x65cf10
attributes.%d.value	0x65e030,0x65dda0,0x65d1e0,0x660340,0x660450,0x660620,0x660720
attributes.%d.key	0x65d1e0,0x660340,0x660450,0x660620,0x660720
blobId	0x65e030,0x65d8d0,0x65db90,0x65dbe0,0x65dc90,0x65dc40
content	0x65df80,0x65d2d0
\views\feslbuild_main\jabba\fesl\source\blobservice.cpp	0x65df80,0x65d2d0
--- out of memory 	0x65df80,0x65d2d0
updateDate	0x65d8d0
ownerType	0x65fa80,0x65fc50,0x65f540,0x65f700,0x65e380,0x65d8d0,0x65dda0,0x65fbd0,0x65f660
locale	0x65e030,0x65d8d0,0x65dda0,0x660d00
longDescription	0x65e030,0x65d8d0,0x65dda0
shortDescription	0x65e030,0x65d8d0,0x65dda0
version	0x65e030,0x65d8d0,0x65dda0
reviewCount	0x65d8d0
rating	0x65d8d0,0x65dbe0
downloadCount	0x65e030,0x65d8d0
creator	0x65e030,0x65d8d0,0x65dda0
createDate	0x65d8d0
iconId	0x65e030,0x65d8d0,0x65dda0
formatType	0x65e030,0x65d8d0,0x65dda0
ownerId	0x65e380,0x65d8d0,0x65dda0
attributes.%d.type	0x65e030,0x65dda0
attributes.%d.name	0x65e030,0x65dda0
attributes.[]	0x65e030,0x65dda0,0x660340,0x660450,0x660620,0x660720
removeAttributes.%d	0x65e030
removeAttributes.[]	0x65e030
searchAttributes.%d.type	0x65e380
searchAttributes.%d.value	0x65e380
searchAttributes.%d.name	0x65e380
searchAttributes.[]	0x65e380
maxRecords	0x65e380
sizeMax	0x65e380
sizeMin	0x65e380
nameWildcardMatch	0x65e380
nameCaseSensitive	0x65e380
updateDateEnd	0x65e380
updateDateStart	0x65e380
createDateEnd	0x65e380
createDateStart	0x65e380
%02d/%02d/%4d	0x65e380
reputations.%d.Score	0x65e7e0
reputations.%d.UserId	0x65e7e0
users.[]	0x65e930
users.%d	0x65e930
message	0x6e9580
targetIds.[]	0x65eb30
targetIds.%d	0x65eb30
chatLog.[]	0x65eba0
chatLog.%d.chat	0x65eba0
chatLog.%d.userId	0x65eba0
sessionId	0x65ed00,0x65f1d0,0x65f210,0x65f250
endDate	0x65f090
startDate	0x65f090
numberOfReporters	0x65f190
value	0x65f250
u.%d.s.[]	0x65f2b0
u.%d.s.%d.t	0x65f2b0
u.%d.s.%d.v	0x65f2b0
u.%d.s.%d.k	0x65f2b0
u.%d.s.%d.ut	0x65f2b0
u.%d.ot	0x65f2b0
u.%d.o	0x65f2b0
keys.[]	0x65f540,0x65f700
keys.%d	0x65f540,0x65f700
periodPast	0x65f540,0x65f700,0x65f660
periodId	0x65f540,0x65f700,0x65f800,0x65f660
owner	0x65fa80,0x65fc50,0x65f540,0x660720,0x65fbd0
maxRank	0x65f700,0x65f660
minRank	0x65f700,0x65f660
Values.%d.Value	0x65f980
Values.%d.Key	0x65f980
values.%d.value	0x65fa80,0x65fc50
values.%d.key	0x65fa80,0x65fc50
values.[]	0x65fa80,0x65fc50
recordName	0x65fa80,0x65fc50,0x65fbd0
remove.%d	0x65fc50
remove.[]	0x65fc50
Clubs.%d.UserState	0x65ff10
Clubs.%d.State	0x65ff10
Clubs.%d.Access	0x65ff10
Clubs.%d.Description	0x65ff10
Clubs.%d.Name	0x65ff10
Clubs.%d.ClubId	0x65ff10
Attributes.%d.Value	0x6600a0
Attributes.%d.Key	0x6600a0
Members.%d.MemberAttributes.%d.Value	0x660140
Members.%d.MemberAttributes.%d.Key	0x660140
Members.%d.State	0x6601e0
Members.%d.UserId	0x6601e0
Members.%d.Name	0x6601e0
state	0x660340,0x660720,0x660970,0x660a60,0x660550
access	0x660340,0x660720
userId	0x660450,0x660620,0x660970,0x6605c0,0x660550
clubId	0x660450,0x660620,0x660720,0x660920,0x660a10,0x660a60,0x6605c0,0x660550
removeKeys.%d	0x660720
removeKeys.[]	0x660720
lookupString	0x660970
memberOnly	0x660970
addressRemapping	0x660bf0
messengerIp	0x660bf0
theaterIp	0x660bf0
messengerPort	0x660bf0
theaterPort	0x660bf0
reason	0x660c70
clientType	0x660d00
fragmentSize	0x660d00
protocolVersion	0x660d00
SDKVersion	0x660d00
clientVersion	0x660d00
clientPlatform	0x660d00
clientString	0x660d00
%s %s %s,	0x661090
10.40.0.0 255.255.0.0 45410000,159.153.224.0 255.255.240.0 45410000	0x661090
\views\feslbuild_main\jabba\fesl\source\ariesudp.cpp	0x661490,0x661650
Error: no shared socket registered.	0x661490
pos < MAX_UDP_PACKET_LEN	0x661490
length >= (int)fap.mSize	0x661650
NUM-REGIONS	0x66fba0,0x661870,0x664000
NUM-PLAYERS	0x661890
NUM-GAMES	0x675420,0x6619c0,0x661890,0x661920
LOCALE	0x661890,0x661920,0x668670
NUM-LOBBIES	0x66fc30,0x6640e0
MAX-GAMES	0x661920
FAVORITE-PLAYERS	0x661920
FAVORITE-GAMES	0x661920
PASSING	0x661920
LOBBY-NUM-GAMES	0x6619c0
LOBBY-MAX-GAMES	0x6619c0
SECRET	0x6700c0,0x668a50,0x6693a0,0x66d140,0x661a80
MAX-PLAYERS	0x6700c0,0x668a50,0x66f660,0x661a80
REASON	0x675b60,0x669010,0x668520,0x66f770,0x661b10,0x6642f0,0x6691c0,0x675d40
TICKET	0x675b60,0x668520,0x661bb0,0x675d40
mState == GameBrowserStateLoggingIn	0x661ed0
\views\feslbuild_main\jabba\fesl\source\gamebrowser\gamebrowser.cpp	0x6639c0,0x6629f0,0x662cb0,0x6623d0,0x6626a0,0x661ed0,0x663d30,0x662b80,0x664420,0x6624b0,0x6620c0
!mHostedGame	0x6620c0
hp->GetState() == HostedPlayerStateRequestingApproval	0x6623d0
hp->GetState() == HostedPlayerStatePendingActive	0x6624b0
mState == GameBrowserStateConnectingProtocol	0x6629f0
mPlayer	0x662b80
demangler.ea.com	0x664e10
mState == DEMANGLER_READY	0x664e10
\views\feslbuild_main\jabba\fesl\source\demangler.cpp	0x664e10
0123456789abcdefdecodedSize	0x665070
conn made 	0x6656e0
conn broken 	0x665710
conn err %d 	0x665740
%s%.120s	0x665770
0x%08x 	0x665770
0x%02x%02x%02x%02x 	0x665770
%c%c%c%c 	0x665770
<-[bad]	0x666250
\views\feslbuild_main\jabba\fesl\source\transactor.cpp	0x665c30,0x665d20,0x665a70
Received serviceless TXN: %s 	0x665c30
result	0x665d20
(len & 0x3) == 0	0x665d20
tid %d state is wacky 	0x666250
tid %d not found 	0x666250
--- ignored timeout 	0x6666c0
--- timeout of Nonblock request 	0x6666c0
--- timeout of Block request 	0x6666c0
fesl.ea.com	0x666bf0
GROUP	0x6678a0,0x667a60,0x6679c0,0x667b30,0x667be0
FAV-GAME-UID	0x676840,0x6758a0,0x6688b0,0x668790,0x676180
FAV-PLAYER-UID	0x6688b0,0x668790
FAV-GAME	0x6688b0,0x668790
FAV-PLAYER	0x6688b0,0x668790
FILTER-ATTR-%s	0x6688b0,0x668790
FILTER-MIN-SIZE	0x6688b0,0x668790
FILTER-NOT-PRIVATE	0x6688b0,0x668790
FILTER-NOT-FULL	0x6688b0,0x668790
FILTER-FAV-ONLY	0x6688b0,0x668790
COUNT	0x6688b0
RESERVE-TIMEOUT	0x668a50
RESERVE-IDS	0x668a50
PASSWORD	0x668a50
RESERVE-HOST	0x668a50
START	0x668f40
ALLOWED	0x669010,0x66f770
General	0x6691c0
Illegal	0x6691c0
Cheating	0x6691c0
Harassment	0x6691c0
ABCDEFGHIJKLMNOPQRSTUVWXYZabcdefghijklmnopqrstuvwxyz0123456789+/	0x66b5d0
%3s-%d-%d	0x66ba00
\views\feslbuild_main\jabba\fesl\source\util.cpp	0x66c8b0,0x66c850,0x66c480,0x66c4f0,0x66c620,0x66c760
mBuffer	0x66c760
mGameBrowser->IsInternetConnected()	0x66cad0
\views\feslbuild_main\jabba\fesl\source\gamebrowser\gamebrowserdemangler.cpp	0x66d0b0,0x66cad0,0x66ce20
addr->GetType() == AddressInternet	0x66ce20
mNumProbes >= 0	0x66d0b0
hpstate: %d -> %d 	0x66e530
mNumPendingRequests == 0	0x66efc0
mPendingQueue == 0	0x66efc0
mProtoPingRef == 0	0x66efc0
\views\feslbuild_main\jabba\fesl\source\gamebrowser\gamebrowserpinger.cpp	0x66f170,0x66f2c0,0x66f380,0x66efc0
index >= 0 && index < mNumPendingRequests	0x66f2c0
%032x	0x6748b0
!mLanGames[0]	0x674c00
\views\feslbuild_main\jabba\fesl\source\gamebrowser\lantheateremulator.cpp	0x676a50,0x6758a0,0x675b60,0x6756d0,0x674c00,0x674df0,0x675d40
mGdatBuffer	0x674df0
B-%.60s	0x6750c0
D-%.60s	0x675230
P-%.60s	0x675300
IP-LAN	0x675b60
lanPlayer	0x675b60
!players[pindex]	0x675d40
mHostedLanGame	0x675d40
lan game closed 	0x675d40
lan game full 	0x675d40
Could not locate SubTitleManager for %s	0x688b10,0x6883f0
LineTable values must be in the range (0.0 - 1.0) must increase in value. %s line %d	0x6883f0
Could not get SubTitleMgr * for %s on line %d	0x6885b0
Expected subtitle EndFrame value for EndFrame: not found in %s on line %d	0x688b10
Subtitle EndFrame must be greater than 0 in %s on line %d	0x688b10
Expected subtitle StartFrame value for StartFrame: not found in %s on line %d	0x688b10
Expected subtitle line value for Line: not found in %s on line %d	0x688b10
Expected subtitle alignment type not found in %s on line %d	0x688b10
Expected subtitle style type not found in %s on line %d	0x688b10
color value %s=%i out of range (0..255) in %s on line %d	0x688b10
Subtitle StartFrame must be greater than 0 in %s on line %d	0x688b10
Subtitle Line value %d out of range (%d..%d) in %s on line %d	0x688b10
Align	0x688b10
Invalid text label while parsing %s on line %d	0x688b10
Label	0x688b10
Data/%s/Movies/	0x689580
Data\INI\Video.ini	0x6898d0
Data\INI\Default\Video.ini	0x6898d0
1.1.4	0x6904a0,0x68aab0,0x68da00
need dictionary	0x690880
incorrect data check	0x690880
incorrect header check	0x690880
invalid window size	0x690880
unknown compression method	0x690880
buffer error	0x68ef30
insufficient memory	0x6904a0
stream error	0x68ef30
invalid bit length repeat	0x694840
too many length or distance symbols	0x694840
invalid stored block lengths	0x694840
invalid block type	0x694840
invalid distance code	0x6964c0,0x6954f0
invalid literal/length code	0x6964c0,0x6954f0
incomplete dynamic bit lengths tree	0x696120
oversubscribed dynamic bit lengths tree	0x696120
incomplete literal/length tree	0x6961d0
oversubscribed literal/length tree	0x6961d0
empty distance tree with lengths	0x6961d0
incomplete distance tree	0x6961d0
oversubscribed distance tree	0x6961d0
55.255.255.255	0x697850,0x697b80
%08X%04X	0x696d60
final\\queryid\1.1	0x697400
%s.master.gamespy.com	0x697850
publicport	0x697ec0
publicip	0x697ec0
statechanged	0x697ec0
localport	0x697ec0
localip%d	0x697ec0
No challenge value was received from the master server.	0x698520
Error starting CD Key check	0x699bb0
@@@GML %s/OLD	0x69a780
final	0x69b4e0
queryid	0x69b4e0
maxplayers	0x6a5780
numplayers	0x6a5780
%s.available.gamespy.com	0x69d650
(No Name)	0x69f320
Disconnected	0x6a10f0
USER %s %s %s :%s	0x6a2d90
LOGIN %d * %s :%s@%s	0x6a11b0
LOGIN %d %s %s	0x6a11b0
LOGINPREAUTH %s %s	0x6a11b0
QUIT :Later!	0x6a12f0
NICK :%s	0x6a13c0
ABCDEFGHIJKLMNOPQRSTUVWXYZabcdefghijklmnopqrstuvwxyz0123456789[]\`_^{|}-	0x6a2c40
MODE %s -q	0x6a1630
MODE %s +q	0x6a1630
CDKEY %s	0x6a16a0
LIST %s	0x6a17a0
JOIN %s %s	0x6a1820
PART %s :%s	0x6a18b0
ATM %s :%s	0x6a2110,0x6a18f0
UTM %s :%s	0x6a2110,0x6a18f0
NOTICE %s :%s	0x6a2110,0x6a18f0
PRIVMSG %s :%s	0x6a2110,0x6a18f0
TOPIC %s :%s	0x6a19e0
TOPIC %s	0x6a1a20
MODE %s %s	0x6a1af0
MODE %s	0x6a1c10
MODE %s -k %s	0x6a1d30
MODE %s +k %s	0x6a1d30
MODE %s -l	0x6a1e30
MODE %s +l %d	0x6a1e30
NAMES %s	0x6a2030
WHO %s	0x6a2270
GETKEY %s %s 0 :	0x6a2760
SETCHANKEY %s :	0x6a28f0
SETCKEY %s %s :	0x6a28f0
GETCHANKEY %s %s 0 :	0x6a29e0
GETCKEY %s %s %s 0 :	0x6a29e0
NICK %s	0x6a2d20
USRIP	0x6a2dd0,0x6af040,0x6aeee0
CRYPT des %d %s	0x6a2dd0
preauth	0x6a2dd0
\hostname\gamemode	0x6a5eb0
(%s) AND (	0x6a5eb0
groupid is null	0x6a5eb0
groupid=%d	0x6a5eb0
\hostname\numwaiting\maxwaiting\numservers\numplayers	0x6a6150
0123456789abcdef	0x6a7890,0x6a7950
aFl4uOD9sfWq1vGp	0x6a7950,0x6a7890
qJ1h4N9cP3lzD0Ka	0x6a7890,0x6a7950
#GPG!%d	0x6a7a60
#GSP!%s!%c%s%c	0x6a7a80
X%sX|%d	0x6a7af0
Query Error: 	0x6a9540
%s.ms%d.gamespy.com	0x6a8270
\echo\test	0x6a97d0
\status\	0x6aa200,0x72c9e0
\basic\\info\	0x6aa200
\final\	0x738f00,0x7383c0,0x733710,0x732a50,0x7308a0,0x7355e0,0x7342b0,0x6aa600,0x72fdf0,0x72f2b0,0x72f5d0,0x72e510,0x735560,0x72c580,0x72c9e0,0x735830,0x72d070
\$flags$\	0x6aab70
@@@NFO	0x6aabe0
NOTICE	0x6a1010
PRIVMSG	0x6a1010
MODE %s +b *!*@%s	0x6aea90
Internal error: calc_confidence called with an illegal number of scores 	0x6b32e0
                    :	0x6b3640
** WARNING: The variation among the individual results is too large. 	0x6b3640
 ** WARNING: The current test result is NOT 95 % statistically certain. 	0x6b3640
0  1  0  0  1  1  1  1   1  1  1  1  0   1  0  0  0  1   1  0  0  0  1   1  1  1  1  0   1  0  0  0  0   1  0  0  0  0   1  0  0  0  0   0  1  0  1  0  0  0  0   0  1  1  1  0   1  0  0  0  1   1  0  0  0  1   1  0  0  0  1   1  0  1  0  1   1  0  0  1  1   0  1  1  1  1   0  1  0  1  0  0  0  1   1  1  1  1  0    1  0  0  0  1   1  0  0  0  1   1  1  1  1  0   1  0  1  0  0   1  0  0  1  0   1  0  0  0  1   0  1  0  1  0  0  1  0   0  1  1  1  1   1  0  0  0  0   1  0  0  0  0   0  1  1  1  0   0  0  0  0  1   0  0  0  0  1   1  1  1  1  0   0  1  0  1  0  0  1  1   1  1  1  1  1   0  0  1  0  0   0  0  1  0  0   0  0  1  0  0   0  0  1  0  0   0  0  1  0  0   0  0  1  0  0   0  1  0  1  0  1  0  0   1  0  0  0  1   1  0  0  0  1   1  0  0  0  1   1  0  0  0  1   1  0  0  0  1   1  0  0  0  1   0  1  1  1  0   0  1  0  1  0  1  0  1   1  0  0  0  1   1  0  0  0  1   0  1  0  1  0   0  1  0  1  0   0  1  0  1  0   0  1  0  1  0   0  0  1  0  0   0  1  0  1  0  1  1  0   1  0  0  0  1   1  0  0  0  1   1  0  0  0  1   1  0  1  0  1   1  0  1  0  1   1  0  1  0  1   0  1  0  1  0   0  1  0  1  0  1  1  1   1  0  0  0  1   0  1  0  1  0   0  1  0  1  0   0  0  1  0  0   0  1  0  1  0   0  1  0  1  0   1  0  0  0  1   0  1  0  1  1  0  0  0   1  0  0  0  1   0  1  0  1  0   0  1  0  1  0   0  0  1  0  0   0  0  1  0  0   0  0  1  0  0   0  0  1  0  0   0  1  0  1  1  0  0  1   1  1  1  1  1   0  0  0  1  0   0  0  0  1  0   0  0  1  0  0   0  1  0  0  0   0  1  0  0  0   1  1  1  1  1   0  1  0  1  1  0  1  0	0x6b5940
5  7  8   26   0  0  1  0  0   0  1  0  1  0   1  0  0  0  1   1  0  0  0  1   1  1  1  1  1   1  0  0  0  1   1  0  0  0  1   0  1  0  0  0  0  0  1   1  1  1  1  0   1  0  0  0  1   1  0  0  0  1   1  1  1  1  0   1  0  0  0  1   1  0  0  0  1   1  1  1  1  0   0  1  0  0  0  0  1  0   0  1  1  1  0   1  0  0  0  1   1  0  0  0  0   1  0  0  0  0   1  0  0  0  0   1  0  0  0  1   0  1  1  1  0   0  1  0  0  0  0  1  1   1  1  1  1  0   1  0  0  0  1   1  0  0  0  1   1  0  0  0  1   1  0  0  0  1   1  0  0  0  1   1  1  1  1  0   0  1  0  0  0  1  0  0   1  1  1  1  1   1  0  0  0  0   1  0  0  0  0   1  1  1  0  0   1  0  0  0  0   1  0  0  0  0   1  1  1  1  1   0  1  0  0  0  1  0  1   1  1  1  1  1   1  0  0  0  0   1  0  0  0  0   1  1  1  0  0   1  0  0  0  0   1  0  0  0  0   1  0  0  0  0   0  1  0  0  0  1  1  0   0  1  1  1  0   1  0  0  0  1   1  0  0  0  0   1  0  0  0  0   1  0  0  1  1   1  0  0  0  1   0  1  1  1  0   0  1  0  0  0  1  1  1   1  0  0  0  1   1  0  0  0  1   1  0  0  0  1   1  1  1  1  1   1  0  0  0  1   1  0  0  0  1   1  0  0  0  1   0  1  0  0  1  0  0  0   0  1  1  1  0   0  0  1  0  0   0  0  1  0  0   0  0  1  0  0   0  0  1  0  0   0  0  1  0  0   0  1  1  1  0   0  1  0  0  1  0  0  1   0  0  0  0  1   0  0  0  0  1   0  0  0  0  1   0  0  0  0  1   1  0  0  0  1   1  0  0  0  1   0  1  1  1  0   0  1  0  0  1  0  1  0   1  0  0  0  1   1  0  0  1  0   1  0  1  0  0   1  1  0  0  0   1  0  1  0  0   1  0  0  1  0   1  0  0  0  1   0  1  0  0  1  0  1  1   1  0  0  0  0   1  0  0  0  0   1  0  0  0  0   1  0  0  0  0   1  0  0  0  0   1  0  0  0  0   1  1  1  1  1   0  1  0  0  1  1  0  0   1  0  0  0  1   1  1  0  1  1   1  0  1  0  1   1  0  1  0  1   1  0  0  0  1   1  0  0  0  1   1  0  0  0  1   0  1  0  0  1  1  0  1   1  0  0  0  1   1  1  0  0  1   1  0  1  0  1   1  0  1  0  1   1  0  1  0  1   1  0  0  1  1   1  0  0  0  1   0  1  0  0  1  1  1  0   0  1  1  1  0   1  0  0  0  1   1  0  0  0  1   1  0  0  0  1   1  0  0  0  1   1  0  0  0  1   0  1  1  1  0  	0x6b5940
return	0x74d8d0
CPU:Stringsort	0x6b39a0
%d  %d  %d  %d  %d	0x6b5940
%d  %d  %d	0x6b5940
http://	0x6baf30
Content-Type	0x6bb240
close	0x6bb240
User-Agent	0x6bb240
GameSpyHTTP/1.0	0x6bb240
Host: 	0x6bb240
 HTTP/1.1  	0x6bb240
HEAD 	0x6bb240
POST 	0x6bb240
HTTP/%d.%d %d%n	0x6bb4b0
Transfer-Encoding: chunked	0x6bb9c0
Content-Length:	0x6bb9c0
http://%s:%d%s	0x6bb9c0
Location:	0x6bb9c0
abcdefghijklmnopqrstuvwxyzABCDEFGHIJKLMNOPQRSTUVWXYZ0123456789_@-.*	0x6bcb30
application/x-www-form-urlencoded	0x6bc600
multipart/form-data; boundary=Qr4G823s23d---<<><><<<>--7d118e0536	0x6bc600
0123456789ABCDEF	0x6bcb30
%sContent-Disposition: form-data; name="%s"; filename="%s"  Content-Type: %s    	0x6bcd30
%sContent-Disposition: form-data; name="%s"    	0x6bcd30
  --Qr4G823s23d---<<><><<<>--7d118e0536  	0x6bcd30
--Qr4G823s23d---<<><><<<>--7d118e0536  	0x6bcd30
  --Qr4G823s23d---<<><><<<>--7d118e0536--  	0x6bce90
        GeometryInfo::getBestContactPoint, callerPos=%g,%g,%g, label=%s, pref=%d, seed=%d, skipCollideTest=%d, m_innermostContactPoint=%g,%g,%g	0x6bef80
MinorRadius	0x6c01b0
MajorRadius	0x6c01b0
IsSmall	0x6c01b0
GeomType	0x6c01b0
stack: 	0x6c2d20
loc: %s, %d%c	0x6c2d20
name: %s%c	0x6c2d20
 end-fit	0x6c2d20
flags:	0x6c2d20
GeneralAllocatorDebug::VerifyGuardFill failure.	0x6c3020,0x6c3180,0x6c3220
GeneralAllocatorDebug::VerifyDelayedFreeFill failure.	0x6c30c0
DbgHelp.dll	0x6c4cd0
0x%08x	0x6c50d0
 "%hs", line %d	0x6c50d0
%hs() + %d	0x6c50d0
file_gtt_dot	0x6c5570
[ file [ frame_name [ percent_threshold, 10000=100%, def=1% ] ] ]	0x6c5570
file_dot	0x6c5570
[ file [ frame_name [ fold_threshold ] ] ]	0x6c5570
file_csv	0x6c5570
%s:%i	0x6c57b0
frame	0x6c5940,0x6c57b0
%%%i.lf	0x6c60a0
profile.result file_csv	0x6c6e30
profile.dot	0x6c6ed0
f%08x -> f%08x [headlabel="%i    "]; 	0x6c6f70
f%08x [label="%s"] 	0x6c6f70
"%s"; 	0x6c6f70
edge [arrowhead=%s, labelfontname=Arial, labelfontsize=10, labelangle=0, labelfontcolor=blue] 	0x6c6f70
closed	0x6c6f70
node [shape=box, fontname=Arial] 	0x6c8120,0x6c6f70
digraph G { rankdir="LR"; 	0x6c6f70
profile_gtt.dot	0x6c74d0
 misc(%i)	0x6c7600
 %s[%08x](%i)	0x6c7600
,%I64i	0x6c7600
,,,,,,	0x6c7600
%s[%08x],%s#%i	0x6c7600
,Call (%s),PTT (%s),GTT (%s),PT/C (%s),GT/C (%s),Caller (%s)	0x6c7600
Function,File,Call count,PTT (all),GTT (all),PT/C (all),GT/C (all),Caller (all)	0x6c7600
prof%08x-all.csv	0x6c7600
[headlabel="\n%I64iM\n%i.%02i%%"]; 	0x6c7dd0
-> f%08x	0x6c7dd0
f%08x 	0x6c7dd0
f%08x [label="%s\n%I64iM, %I64i calls"]; 	0x6c7dd0
edge [arrowhead=open, labelfontname=Arial, labelfontsize=10, labelangle=0, labelfontcolor=red] 	0x6c8120
digraph G { 	0x6c8120
Invalid mode 	0x6c83b0
StopProfile	0x6c83b0
StartProfile	0x6c83b0
Could not load profiler API dll 	0x6c83b0
VSPerf80.dll	0x6c83b0
Timed out waiting for profiler process to end. 	0x6c83b0
Launching profiler proccess failed. Make sure 'profile.cmd' exists in the current working directory. 	0x6c83b0
Executing profile command: 	0x6c83b0
 /start %s %lu	0x6c83b0
profileOut	0x6c83b0
\profile.cmd	0x6c83b0
Please specify mode 	0x6c83b0
%sMOTD-%s.txt	0x6c9300
%sconfig.txt	0x6c9300
%smaps-%d.txt	0x6c9300
%s%s-%d.txt	0x6c9300
BaseURL	0x6c9300
ENGLISH	0x6c9300
download	0x6c9760
UseNonBlockingFTP	0x6c9e00
SOFTWARE\Westwood\Earth And Beyond Beta 2	0x6c9e00
PORT %d,%d,%d,%d,%d,%d  	0x6ca250
download\%s_%d.tmp	0x6ca4e0
PASS %s  	0x6ca8a0
USER %s  	0x6ca8a0
QUIT  	0x6caa70
%d %ld 	0x6cab30
SIZE %s  	0x6cab30
LIST %s  	0x6cab30
CWD %s  	0x6cab30
File closed, waiting for response. 	0x6cb030
BOGUSCOMMAND  	0x6cb030
RETR %s  	0x6cb030
REST %d  	0x6cb030
TYPE I  	0x6cb030
szValue != NULL	0x6cb9d0
C:\projects\bfme2patch103\bfme2\Code\Libraries\Source\Apt\AptValueFactory.cpp	0x6cb9d0
m_nStackCount < m_nStackCapacity	0x6dfea0,0x6cbd10,0x6cc880,0x6f73a0
..\..\include\apt\AptStd/AptMath.h	0x6dfdf0,0x6dfea0,0x6cbd10,0x6cc880,0x6f73a0
c:\projects\bfme2patch103\bfme2\code\libraries\source\apt\AptCIH.h	0x6fb120,0x6fa020,0x6fa100,0x6fa420,0x6f99d0,0x6f9410,0x6f97b0,0x6f8b70,0x6f85e0,0x6ff980,0x6ffd80,0x6dcc60,0x6f38b0,0x6d1f80,0x6d17f0,0x6f79b0,0x6f7a30,0x6f7e00,0x6f7720,0x6f6d60,0x6cbee0,0x709870,0x709a10,0x7092f0,0x6ef951,0x6cfcd0,0x6cff40,0x70f040,0x6ef6d0,0x6ee3b0,0x6ee540,0x6ee6c0,0x6ed845,0x6cd650,0x6cd7a0,0x6e3c80,0x6e3640,0x6e2c10,0x6e2d60,0x6e2ee0,0x6e2010,0x6e24e0,0x6e1c40,0x6e1f90,0x6e1090,0x6e1020,0x6e11b0,0x6e1100,0x6e1170,0x6e1540,0x6e0cb0,0x6e0fb0,0x6e0f40,0x6e01a0,0x6e02b0,0x6e0200,0x6e0260,0x6e03a0,0x6e0300,0x6e0350,0x6e04a0,0x6e6540,0x6e4b80,0x6e4c70,0x704e10,0x6e4390,0x6e44f0,0x6f73a0,0x6e15c0,0x6efbc0,0x6ed490,0x6ee1b0,0x6ee210,0x6e2560
iPos >= 0 && iPos < mCurrentNum	0x6ce1c0,0x6cc0a0
c:\projects\bfme2patch103\bfme2\code\libraries\source\apt\AptValue/AptValueVector.h	0x6ce1c0,0x6cc0a0
bInitialized == 0 && "Apt Allocator must be initialized before Apt Core!"	0x6cc380
C:\projects\bfme2patch103\bfme2\Code\Libraries\Source\Apt\Apt.cpp	0x6cfab0,0x6cf040,0x6cec90,0x6cdf60,0x6cd3f0,0x6cd6f0,0x6cd7a0,0x6cc880,0x6cc380,0x6cc600
sTarget != AptNativeString("#import") && "Please use AptPreloadFile instead of a target of '#import' now."	0x6cc600
#import	0x6cc600
bInitialized	0x6cfab0,0x6cf040,0x6cd6f0,0x6cc880,0x6cc600
AptMath::ClipStackIsEmpty()	0x6cc880
WARNING: trying to set mouse position when Apt not initalized 	0x6cc950
WARNING: trying to add input when Apt not initalized 	0x6cc9a0
pMCInfo	0x6e2560
eType < AptVFT_NumVFTs	0x6cd3f0
isAnimationInst()	0x6cd650
gAptActionInterpreter.stack.GetSize() == 0	0x6cf040,0x6cd7a0,0x6e6540
j < nMaxSize	0x6cde50
c:\projects\bfme2patch103\bfme2\code\libraries\source\apt\_AptLoad.h	0x6cde50,0x6e32e0
--+-Apt Garbage Collected Items Pool Shutdown 	0x6cdf60
  +- Total Bytes Used   :0x%X 	0x6cdf60
  +- Items Allocated    :0x%X   <-- !Warning! Shutting down with items allocated!!! 	0x6cdf60
  +- Items In Free Lists:0x%X 	0x6cdf60
--+-Apt NonGC Items Pool Shutdown 	0x6cdf60
bInitialized == 0 && "Apt Allocator must be shutdown after Apt Core!"	0x6cdf60
           REFER TO BUG253 ON COREFORGE FOR MORE INFORMATION [http://coreforge.eac.ad.ea.com/tracker/index.php?func=detail&aid=253&group_id=41&atid=247].  EVALUATION OF YOUR SWF FILES IS HIGHLY RECOMMENDED 	0x6ce1c0,0x6e2690
WARNING :: ANIMATION[name = %s  file = %s.swf  size = %d bytes] NO LONGER HAS EXTERNAL FUNCTION REFERENCES, REMOVING FILE FROM MEMORY NOW 	0x6ce1c0
WARNING :: ZOMBIE SPRITE[name = %s  file = %s.swf  size = %d bytes] NO LONGER HAS EXTERNAL FUNCTION REFERENCES, REMOVING SPRITE FROM MEMORY NOW 	0x6ce1c0
  Turning off saved inputs too. 	0x6cec90
Playback of inputs completed. 	0x6cec90
(gSIPlayback.pCurSavedInput - gSIPlayback.pSavedInputs) <= gSIPlayback.nInputFileSize	0x6cec90
false && "Unknown Saved Input Type Reached!!!"	0x6cec90
INPUT_IS_CHECKPOINT(&*gSIPlayback.pCurSavedInput)	0x6cec90
nTick == gSIPlayback.nCurTick	0x6cec90
gSIPlayback.nCurTick <= nTargetTime	0x6cec90
gAptFuncs.pfnMemAlloc	0x6fe1d0,0x6fddb0,0x6e6060
gpPool	0x6cfab0
isSpriteInstBase()	0x6f9410,0x6f8b70,0x6f85e0,0x6f38b0,0x6d1f80,0x6d17f0,0x6f7e00,0x7092f0,0x6cff40,0x70f040,0x6ed845,0x6e2c10,0x6e2d60,0x6e2ee0,0x6e2010,0x6e24e0,0x6e1c40,0x6e1f90,0x6e11b0,0x6e1540,0x6e6540,0x6e4b80,0x6e4c70,0x6e15c0,0x6ee1b0,0x6ee210,0x6e2560
TODO: should have cancelled load of '%s' 	0x6d0280
target ('%s') for '%s' is undefined; not loading 	0x6d1f80
(*i)->GetTarget() != (*j)->GetTarget()	0x6d1f80
C:\projects\bfme2patch103\bfme2\Code\Libraries\Source\Apt\AptLoad.cpp	0x6d25c0,0x6d1f80
(unsigned)pConstFile->pMainCharacter < 0xfffff	0x6d25c0
f->GetState() == AptFile::WaitingForData	0x6d25c0
..\..\include\apt\AptValueGCAllocator.h	0x6d28d0,0x6d2930,0x6d2a60,0x6d2b70,0x6d2cb0
!IsAllocated(nSizeOffset)	0x6d2930
pValue->mValueBitfield.mbIsAllocated == true	0x6d29e0
pValue->mValueBitfield.mbIsAllocated == false	0x6d29e0
C:\projects\bfme2patch103\bfme2\Code\Libraries\Source\Apt\AptValueGCAllocator.cpp	0x6d29e0,0x6d2a60,0x6d2d40
nItemSize == nAllocatedSize	0x6d2a60
pItem->IsAllocated(snOffsetToStoreSize) && "MemFree Was called on a value that was already deallocted!"	0x6d2a60
AptGetSizeOfAptValue(pNowFree) == nAllocatedSize && "MemFree was passed the wrong size for this object!"	0x6d2a60
nItemsFound == mnItemsAllocated	0x6d2d40
.\string\EAString.inl	0x6d3bc0,0x6d3ca0,0x6d3c20,0x6d3c60,0x6d3db0,0x6d3d10,0x6d3e40,0x6d3030,0x6d3490,0x6d3510,0x6d3760,0x6d2eb0,0x6d2e70,0x6d2fc0,0x6d2f40,0x6d59f0,0x6d5b50,0x6d4ca0,0x6d4dc0,0x6d4280,0x6d47f0
m_pData->m_uRefCount <= 0xfffe	0x6d3ca0,0x6d3030,0x6d2e70,0x6d2fc0,0x6d59f0,0x6d5b50,0x6d47f0
(char *)pData != s_EmptyInternalData	0x6d2eb0
pData->m_uRefCount >= 1	0x6d2eb0
m_pData->m_uHash != 0	0x6d3d10,0x6d2f40
pStrText != NULL	0x6d3870,0x6d3490,0x6d3510,0x6d59f0,0x6d5b50,0x6d5da0,0x6d4bf0
uAllocateSize < 0xffff	0x6d3760
uSize > 0	0x6d3760
C:\projects\bfme2patch103\bfme2\Code\Libraries\Source\Apt\string\EAString.cpp	0x6d3870,0x6d6070,0x6d62c0,0x6d59f0,0x6d5b50,0x6d5da0,0x6d53f0,0x6d4aa0,0x6d4bf0,0x6d47f0
uSize <= GetInternalMaxSize()	0x6d3bc0,0x6d47f0
IsValid()	0x6d3c20
IsValid() == false	0x6d3ca0,0x6d3c60
m_pData->m_uHash == uOldHash	0x6d3d10
iCharacter < 00200000	0x6d3db0
UTF8_IsValid(iCharacter)	0x6d3db0,0x6d4dc0
UTF8_IsValid(unicode)	0x6d3e40,0x6d4280
unicode <= 0x10FFFF	0x6d3e40,0x6d4280
unicode >= 0x10000	0x6d3e40,0x6d4280
(cChar3 & 0xC0) == 0x80	0x6d3e40,0x6d4280
(cChar0 & 0xf8) == 0xf0	0x6d3e40,0x6d4280
unicode < 0x10000	0x6d3e40,0x6d4280
unicode >= 0x800	0x6d3e40,0x6d4280
(cChar2 & 0xC0) == 0x80	0x6d3e40,0x6d4280
unicode < 0x0800	0x6d3e40,0x6d4280
unicode >= 0x80	0x6d3e40,0x6d4280
(cChar1 & 0xC0) == 0x80	0x6d3e40,0x6d4280
(cChar0 & 0xC0) == 0xC0	0x6d3e40,0x6d4ca0,0x6d4280
(cChar0 != 0xFE) && (cChar0 != 0xFF)	0x6d3e40,0x6d4ca0,0x6d4280
pStrOccurence != NULL	0x6d47f0
pStrNew != NULL	0x6d47f0
pStrOld != NULL	0x6d47f0
uSizeCopy <= uSizeToReserve	0x6d4aa0
uSizeCopy + uOffsetCopy <= GetLength()	0x6d4aa0
UTF8_GetCharacterSize(pBuffer) == UTF8_GetCharacterSize(iCharacter)	0x6d4dc0
UTF8_GetCharacter(pBuffer) != 0	0x6d4dc0
iCharacter != 0	0x6d4dc0
pStrFormat != NULL	0x6d62c0,0x6d53f0
i == iFoundASCII	0x6d6070
slice	0x6da630
concat	0x6da630,0x74eb30
pStartOffset->isInteger() || pStartOffset->isFloat()	0x6d6ef0
C:\projects\bfme2patch103\bfme2\Code\Libraries\Source\Apt\AptString.cpp	0x6d7090,0x6d6ef0
pNewString->getRefCount() == 0	0x6d7090,0x6d7210
pNewString->getVtblIndex() == AptVFT_StringValue	0x6d7090,0x6d7210
..\..\include\apt\AptValue/AptString.inl	0x6d7210
pNewInt->getRefCount() == 0	0x6d8520
pNewInt->getVtblIndex() == AptVFT_Integer	0x6d8520
.\AptValue/AptInteger.inl	0x6d8520
pNewFloat->getRefCount() == 0	0x6d8700
pNewFloat->getVtblIndex() == AptVFT_Float	0x6d8700
.\AptValue/AptFloat.inl	0x6d8700
pNewBool->getRefCount() == 0	0x6d88c0
pNewBool->getVtblIndex() == AptVFT_Boolean	0x6d88c0
.\AptValue/AptBoolean.inl	0x6d88c0
nIndex < mnCapacity	0x6da1a0,0x6d95e0,0x6d8ad0,0x6d8a50
nIndex < mnLength	0x6d8a50
c:\projects\bfme2patch103\bfme2\code\libraries\source\apt\_Apt.h	0x6d8ad0,0x6d8a50,0x6e3230,0x6e6540,0x6e4a90,0x6e4d50,0x6e4ff0
pNewValue != NULL	0x6d8ad0
reverse	0x6da630
splice	0x6da630
toString	0x6da630
unshift	0x6da630
sortOn	0x6da630
shift	0x6da630
mnCapacity == 0 && "DestroyGCPointers Was not called on this object before deletion!"	0x6d9220
mnLength == 0 && "DestroyGCPointers Was not called on this object before deletion!"	0x6d9220
mpValues == NULL && "DestroyGCPointers Was not called on this object before deletion!"	0x6d9220
C:\projects\bfme2patch103\bfme2\Code\Libraries\Source\Apt\AptArray.cpp	0x6da1a0,0x6da630,0x6d9220,0x6d93d0,0x6d95e0,0x6d9500,0x6d9660,0x6d9780
mnLength <= mnCapacity	0x6d93d0
mpValues != NULL || mnLength == 0	0x6d93d0
_aArray != NULL	0x6d9500
szSeparator	0x6d9660
pContext->isArray()	0x6d9780
NOT_REACHED	0x6fb120,0x6fb5b0,0x6f98c0,0x6f85e0,0x6df9a0,0x6ebdd0,0x70f040,0x70f370,0x6ee6c0,0x6e32e0,0x6e3410,0x7065e0,0x6e5050,0x6e4d50,0x704e10,0x6ebd30,0x6e15c0
AptArray: Incorrect case for '%s'. 	0x6da630
C:\projects\bfme2patch103\bfme2\Code\Libraries\Source\Apt\DogmaAllocator.cpp	0x6db090,0x6db160,0x6db270,0x6dafe0
pReturn[mnOffsetToStoreSize] == (nSize)	0x6dafe0
pNextBuffer[mnOffsetToStorePrev] == (uint32_t)pReturn	0x6dafe0
pNowFree != NULL && "Attempting to Deallocate a NULL Pointer!"	0x6db090
pPool->CanFitBytes( nSize )	0x6db160
bFound && "Error! Deallocate recieved pointer to object that was not allocated here!"	0x6db270
pNowFree != NULL && "Attempting to Deallocate NULL pointer!"	0x6db270
String	0x706a40
c:\projects\bfme2patch103\bfme2\code\libraries\source\apt\AptValue/AptValue.inl	0x6dbbc0,0x6dbcc0,0x6dbc70,0x6dbde0,0x6dbd30,0x6dbec0,0x6dbe50,0x6dbfa0,0x6dbf30,0x6de820,0x6de350,0x6dd0a0,0x6dd0e0,0x6dd020,0x6dd060,0x6dd1a0,0x6dd1e0,0x6dd120,0x6dd160,0x6dd2a0,0x6dd2e0,0x6dd220,0x6dd260,0x6dd320,0x6dcac0,0x6dcb20,0x6dcd90,0x6dcdd0,0x6dcd50,0x6dcea0,0x6dcee0,0x6dce10,0x6dce50,0x6dcfa0,0x6dcfe0,0x6dcf20,0x6dcf60,0x6dc080,0x6dc0d0,0x6dc010,0x6dc1c0,0x6dc120,0x6dc170,0x6dc2b0,0x6dc210,0x6dc260,0x6dc3a0,0x6dc3f0,0x6dc300,0x6dc350,0x6dc490,0x6dc4e0,0x6dc440,0x6dc580,0x6dc5e0,0x6dc530,0x6dc680,0x6dc6d0,0x6dc630,0x6dc720,0x6dc770
n < AptVFT_NumVFTs	0x6dbbc0
n > AptVFT_xxx	0x6dbbc0
(nRoot >= 0) && (nRoot <= MAX_GCROOT)	0x6dbc70
mValueBitfield.mnGCRootCount < MAX_GCROOT	0x6dbcc0
mValueBitfield.mnGCRootCount > 0	0x6dbd30
getVtblIndex() < AptVFT_NumVFTs	0x6dbde0,0x6dbec0,0x6dbe50,0x6dbfa0,0x6dbf30,0x6dc010
nRefCount > 0	0x6dcb20,0x6e05b0
C:\projects\bfme2patch103\bfme2\Code\Libraries\Source\Apt\AptValue.cpp	0x6df9a0,0x6dcb20
m_nElements - nPos > 0	0x6de160,0x6fe580,0x6dcc10,0x703ce0,0x7029a0,0x7019b0,0x701c10,0x701d80,0x7010d0,0x701300,0x7015b0,0x700880,0x7009e0,0x700b40,0x700c80,0x700df0,0x700f50,0x700720,0x707ed0,0x707570,0x7062f0,0x705d90,0x704e10,0x7041c0,0x704100,0x6e4150,0x704280,0x704340,0x704400,0x6e47c0,0x6ff850,0x6ff5d0
c:\projects\bfme2patch103\bfme2\code\libraries\source\apt\_AptValuePtrStack.h	0x6fe9c0,0x6fe0b0,0x6de160,0x6dcc10,0x6e3ba0,0x6e3cf0,0x6e3d50,0x6e0da0,0x6e0d60,0x7002c0,0x6e6540,0x706660,0x6e4f60,0x6e4150,0x6e47c0
IsDestroyedGC() == true	0x6de820,0x6de350
isLookup()	0x6dcd50
isInteger()	0x6dcd90
isRegister()	0x6dcdd0
isFloat()	0x6dce10
isString()	0x6dce50
isBoolean()	0x6dcea0
isScriptFunction()	0x6dcee0
isNativeFunction()	0x6dcf20
isCIH(bUndefOK)	0x6dcf60
isArray()	0x6dcfa0
isSound()	0x6dcfe0
isKey()	0x6dd020
isMath()	0x6dd060
isScriptColour()	0x6dd0a0
isObject()	0x6dd0e0
isPrototype()	0x6dd120
isDate()	0x6dd160
isTextFormat()	0x6dd1a0
isMovieClip()	0x6dd1e0
isXmlNode()	0x6dd220
isXml()	0x6dd260
isXmlAttributes()	0x6dd2a0
isLoadVars()	0x6dd2e0
isStage()	0x6dd320
[Type=0x%X]	0x6dd6c0
[GlobalExtension]	0x6dd6c0
[Extension]	0x6dd6c0
[FrameStack]	0x6dd6c0
[Extern]	0x6dd6c0
[Lookup]	0x6dd6c0
[Register]	0x6dd6c0
[MovieClip]	0x6dd6c0
[object (prototype)]	0x6dd6c0
[object]	0x6dd6c0
[object Object]	0x6dd6c0
[function]	0x6dd6c0
[native function 0x%08x]	0x6dd6c0
[sound]	0x6dd6c0
_proto__	0x6ddf60
__constructor__	0x6de210,0x6de240
pWithStkTop->ContainsNativeHashVirtual()	0x6df9a0
pWithStkTop != NULL	0x6df9a0
(m_nStackCount+1) < m_nStackCapacity	0x6dfdf0
C:\projects\bfme2patch103\bfme2\Code\Libraries\Source\Apt\AptCIH.cpp	0x6e2a70,0x6e2b40,0x6e2010,0x6e1dd0,0x6e1e30,0x6e11b0,0x6e1260,0x6e0b80,0x6e0bf0,0x6e0c50,0x6e05b0,0x6e15c0,0x6e2560
nLvl >= 0	0x6e0b80
!this->isUndefined()	0x6e0bf0,0x6e0c50
m_nElements < m_nSize	0x6e0d60,0x7002c0,0x6e6540
size() > 0	0x6e3d50,0x6e0da0,0x7002c0,0x6e6540,0x706660
maElements[i] != element	0x6e9a40
mnElements < mnMaxElements	0x6e9a40,0x6e0de0
c:\projects\bfme2patch103\bfme2\code\libraries\source\apt\_AptSet.h	0x6e9a40,0x6e0de0
isTextInst()	0x6e0f40
isStaticTextInst()	0x6e0fb0
isMorphInst()	0x6e1020
isButtonInst()	0x6e1090
isShapeInst()	0x6e1100
pDisp	0x6e11b0
pParentAnim	0x6e1260
pGlyphEntry->nIndex < pFont->font.nGlyphs	0x6e15c0
pFont->font.apGlyphs	0x6e15c0
pFont->eType == AptCharacterType_Font	0x6e15c0
pRectObject->isShapeInst()	0x6e15c0
pRectObject	0x6e15c0
 [APT] Attempting to get the bounding box or shape morphed object  [APT] bounding box calculation on morphs is not supported... 	0x6e1c40
pRect	0x6e1dd0,0x6e1e30
pFuncValue->getRefCount() == 1	0x6e2010
AptClipEvents	0x6e2010
WARNING :: ANIMATION[name = %s  file = %s.swf  size = %d bytes] HAS %d EXTERNAL FUNCTION REFERENCES.  THERE IS NO SPACE IS LEFT TO KEEP TRACK THEREFOR IT WILL BE REMOVED FROM MEMORY 	0x6e2690
WARNING :: ANIMATION[name = %s  file = %s.swf  size = %d bytes] HAS %d EXTERNAL FUNCTION REFERENCES, THEREFORE IT WILL NOT BE REMOVED FROM MEMORY UNTIL THEY ARE REMOVED 	0x6e2690
pNext == NULL && pPrev == NULL && "This should already be done!"	0x6e2a70,0x6e2b40
pCur < &m_aActionPool[ m_iActionPoolSize ]	0x6e3230,0x6e6540,0x6e4a90,0x6e4d50
pCur >= &m_aActionPool[0]	0x6e3230,0x6e6540,0x6e4a90,0x6e4d50
mCharacter->animation.aExports[i].nID >= 0 && mCharacter->animation.aExports[i].nID < mCharacter->animation.nCharacters	0x6e32e0
Couldn't find export named '%s' in '%s' 	0x6e32e0
C:\projects\bfme2patch103\bfme2\Code\Libraries\Source\Apt\AptAnimation.cpp	0x6e3810,0x6e39a0,0x6e3920,0x6e3e20,0x6e3ff0,0x6e3410,0x6e3640,0x6e3740,0x6e6060,0x6e6540,0x6e58d0,0x6e5940,0x6e5050,0x6e4a90,0x6e4b80,0x6e4c70,0x6e4d50,0x6e4150
pBI->isButtonInst(UNDEF_OK)	0x6e3640
!!!!!!!!!!!!! AptAnimationPoolData:  Dequeue is full !!!!!!!!	0x6e3810,0x6e3740,0x6e4b80,0x6e4c70
pContext->getIsDefined()	0x6e3810,0x6e3740
iDelta > 0	0x6e39a0
(iOffset >= 0) && (iOffset < m_iActionPoolSize)	0x6e3920
NOT_REACHED && "Encountered invalid pActionPool->eActionType"	0x6e39a0
false && "[APT] Error, Popping from Stack with 0 elements. Please contact the Apt Team for Support."	0x6fe920,0x7029a0,0x701c10,0x707ed0,0x6e6540,0x704e10
c:\projects\bfme2patch103\bfme2\code\libraries\source\apt\_AptBasePtrStack.h	0x6fe920,0x6fe050,0x6fe580,0x6fe5d0,0x6fe6e0,0x6fddb0,0x6fdd40,0x6fdee0,0x6fde50,0x6fdfa0,0x6fdf30,0x6e3aa0,0x703ce0,0x7029a0,0x7019b0,0x701c10,0x701d80,0x7010d0,0x701300,0x7015b0,0x700880,0x7009e0,0x700b40,0x700c80,0x700df0,0x700f50,0x700720,0x707ed0,0x707570,0x7062f0,0x6e6540,0x706660,0x705d90,0x704e10,0x7041c0,0x704100,0x704280,0x704340,0x704400,0x6ff850,0x6ff5d0
false && "[APT] Error, Popping more elements than the stack contains. Please contact the Apt Team for Support."	0x6fe050,0x6fdfa0,0x6e3aa0,0x703ce0,0x7019b0,0x7010d0,0x701300,0x7015b0,0x700880,0x7009e0,0x700b40,0x700c80,0x700df0,0x700f50,0x700720,0x707570
nItems >= 0	0x6fdfa0,0x6e3aa0
m_aElements != NULL	0x6fe0b0,0x6fe1d0,0x6fddb0,0x6e3cf0
gAptFuncs.pfnMemFreeSize	0x6fe9c0,0x6fe160,0x6fe270,0x6fdd40,0x6fde50,0x6e3ba0,0x6e4f60
isSpriteInst()	0x6e3c80
apCharacters[aImports[i].nID] == NULL	0x6e3e20
nIntervalTimers == 0	0x6e3ff0
gAptActionInterpreter.stack.GetSize() == 1	0x6e4150
AptTimerFunc	0x6e4150
AptImported_Init_Actions	0x6e6a30,0x6e46a0
__Packages.	0x6e46a0
pCIH->getIsDefined()	0x6e4b80,0x6e4c70
nSize != 0	0x6e4ff0
(unsigned)aImports[i].szName < 0xfffff	0x6e5050
(unsigned)aImports[i].szFile < 0xfffff	0x6e5050
(unsigned)aImports < 0xfffff	0x6e5050
(unsigned)apCharacters[i]->statictext.aRecords[j].aGlyphs < 0xfffff	0x6e5050
(unsigned)apCharacters[i]->statictext.aRecords < 0xfffff	0x6e5050
i == 0	0x6e5940,0x6e5050
(int)apCharacters[i]->bitmap.zID == i	0x6e5050
(int)apCharacters[i]->sound.zID == i	0x6e5050
(unsigned)apCharacters[i]->button.pButtonSound < 0xfffff	0x6e5050
(unsigned)apCharacters[i]->button.aActionConditions[j].actions.aActionStream < 0xfffff	0x6e5050
(unsigned)apCharacters[i]->button.aActionConditions < 0xfffff	0x6e5050
(unsigned)apCharacters[i]->button.aButtonRecords < 0xfffff	0x6e5050
(unsigned)apCharacters[i]->button.mHitTestIndexTable < 0xfffff	0x6e5050
(unsigned)apCharacters[i]->button.mHitTestVertexTable < 0xfffff	0x6e5050
(unsigned)apCharacters[i]->font.apGlyphs < 0xfffff	0x6e5050
(unsigned)apCharacters[i]->font.szName < 0xfffff	0x6e5050
(unsigned)apCharacters[i]->text.szVariable < 0xfffff	0x6e5050
(unsigned)apCharacters[i]->text.szInitialText < 0xfffff	0x6e5050
(int)apCharacters[i]->shape.zID == i	0x6e5050
(unsigned int)apCharacters[i]->pParentAnim == 0x09876543	0x6e5050
(unsigned)apCharacters[i] < 0xfffff	0x6e5050
(unsigned)aExports[i].szName < 0xfffff	0x6e5050
(unsigned)aExports < 0xfffff	0x6e5050
(unsigned)apCharacters < 0xfffff	0x6e5050
(unsigned)pConstFile->aConstants < 0xfffff	0x6e58d0
aQueuedInputs != NULL	0x6e6060
m_iMaxQueuedInputs != 0	0x6e6060
aIntervalTimers != 0	0x6e6060
apNewInsts != NULL	0x6e6060
m_iMaxNewMovieClips != 0	0x6e6060
validateBIL()	0x6e6540
gAptActionInterpreter.debugCallStack.GetSize() == 0	0x6e6540
AptRun-Functions	0x6e6540
_AptValidate()	0x6e6540
AptRun-Actions	0x6e6540
pValue != NULL	0x6ebff0,0x70ac90,0x70a680,0x70a610,0x6e6c00
pValue->IsReleaseAtEnd()	0x6e6c00
.\AptValue/AptValueVector.inl	0x6e6c90,0x6e6c00,0x6e6d90
mCurrentNum > 0	0x6e6c90,0x6e6d90
C:\projects\bfme2patch103\bfme2\Code\Libraries\Source\Apt\AptValue\AptValueVector.cpp	0x6e6d90,0x6e6d50
GetNumValues() == 0	0x6e6d50
mCurrentNum == 0	0x6e6d90
Apt-GC---------------------- Sweeping of %d objects 	0x6e6e20
pObject->getRefCount() > 0	0x6e6e20
C:\projects\bfme2patch103\bfme2\Code\Libraries\Source\Apt\AptGC.cpp	0x6e6e20
Apt-GC-CleanAll------------- Cleaned %d objects 	0x6e6f80
C:\projects\bfme2patch103\bfme2\Code\Libraries\Source\Apt\AptMiscObjects.cpp	0x6e9580
gAptFuncs.pfnGetBytesTotal	0x6ee3b0
gAptFuncs.pfnGetBytesLoaded	0x6ee540
AptError: Incorrect case for '%s'. 	0x6e9580
width	0x6ee6c0
height	0x6ee6c0
right	0x6eb4b0
center	0x6eb4b0
scroll	0x6fb5b0
shape.zID	0x6ebd30
C:\projects\bfme2patch103\bfme2\Code\Libraries\Source\Apt\AptCharacter.cpp	0x6ebdd0,0x6ebff0,0x6ee3b0,0x6ee540,0x6ee6c0,0x6ed845,0x6eca70,0x6ebd30
gAptFuncs.pfnPointHitTest	0x6eca70
pCharacter	0x6f8ec0,0x6ed845
AptCharacterInst (MovieClip): Incorrect case for '%s'. 	0x6ee6c0
visible	0x6ee6c0
yscale	0x6ee6c0
xscale	0x6ee6c0
alpha	0x6ee6c0
rotation	0x6ee6c0
dynamic	0x6efbc0
gpAptXmlImpl	0x6f1e70
C:\projects\bfme2patch103\bfme2\Code\Libraries\Source\Apt\AptObject\AptXml.cpp	0x6f1e70
pMovie != NULL	0x6f24e0
C:\projects\bfme2patch103\bfme2\Code\Libraries\Source\Apt\AptObject\AptScriptColour.cpp	0x6f24e0
C:\projects\bfme2patch103\bfme2\Code\Libraries\Source\Apt\AptDate.cpp	0x6f4120
nDepth >= 0	0x6f6ac0,0x6f6bb0
ppItem	0x6f6ac0,0x6f6bb0
ppPrev	0x6f6ac0,0x6f6bb0
C:\projects\bfme2patch103\bfme2\Code\Libraries\Source\Apt\AptDisplayList.cpp	0x6f9350,0x6f9410,0x6f8b70,0x6f8ec0,0x6f8060,0x6f8190,0x6f84f0,0x6f85e0,0x6f7bc0,0x6f7c70,0x6f7090,0x6f7030,0x6f7570,0x6f7540,0x6f7600,0x6f7720,0x6f6ac0,0x6f6bb0,0x6f6d60,0x6f6ed0,0x6f6e00,0x6f6fb0
pNewItem->pData != NULL	0x6f6d60
pItemAtDepth == NULL || pItemAtDepth->isUndefined()	0x6f7030,0x6f6e00
pItem == NULL || pItem->isUndefined()	0x6f6ed0
pOldItem == NULL || pOldItem->isUndefined()	0x6f6fb0
pItem->pNext->pPrev == pItem	0x6f7c70,0x6f7090
pItem->pPrev->pNext == pItem	0x6f7c70,0x6f7090
pItem != NULL	0x6f7c70,0x6f7090
nElements == 0	0x6f7540,0x6f7720
i < APT_ARRAYSIZE(aMasks)	0x6f7570
i >= 0 && i < nElements	0x6f7600,0x6f7720
pHead->isUndefined()	0x6f8060,0x6f8190,0x6f84f0,0x6f7bc0
pState	0x6f8190,0x6f85e0
pCurCIH	0x6f85e0
gpPool->nNewInsts < gpPool->GetMaxNewMovieClips()	0x6f85e0
pParent	0x6f85e0
pItem->isSpriteInstBase()	0x6f8b70
pCharacter || pItem	0x6f8b70
pPlaceObject2->nCharacterID >= 0 && pPlaceObject2->nCharacterID < pParent->pData->pCharacter->pParentAnim->animation.nCharacters	0x6f8ec0
pNewItem->nDepth == pOriginalItem->nDepth	0x6f9350
pNewControl == NULL	0x6f9410
nZombieCounter < 65536	0x6f97b0,0x709870,0x709a10
C:\projects\bfme2patch103\bfme2\Code\Libraries\Source\Apt\AptInput.cpp	0x6fb120,0x6fb5b0,0x6fab40,0x6faca0,0x6fa020,0x6fa100,0x6fa420,0x6f98c0,0x6f99d0
nFocusX != nX || nFocusY != nY	0x6f99d0
pCIH->isSpriteInstBase()	0x6f99d0
gpPool->aButtonInstanceList[i].pCIH->isButtonInst()	0x6fa020,0x6fa420
gpPool->aButtonInstanceList[i].pCIH != NULL	0x6fa020,0x6fa420
pInst->pParent	0x6fa100
pInst->isButtonInst()	0x6fb120,0x6fa100
pInst	0x6fa100
gpPool->aButtonInstanceList[i].pCIH->getCharacterInst()->pCharacter->eType == AptCharacterType_Button	0x6fa420
pValue->ContainsNativeHashVirtual()	0x6fab40
ppNewButton	0x6faca0
(eType==AptInputType_LeftAnalogStick) || (eType==AptInputType_RightAnalogStick)	0x6fb120
eType == AptInputType_MouseButton0	0x6fb120,0x6fb5b0
inputSet.maElements[i]->isCIH()	0x6fb120
eState == AptInputState_Pressed || eState == AptInputState_Released || eState == AptInputState_WheelUp || eState == AptInputState_WheelDown || eState == AptInputState_MouseMove	0x6fb5b0
Error	0x6fc2d0,0x6fc240,0x706a40
(unsigned)pData->szCaughtVarName < 0xfffff	0x6fc670
(unsigned)pData->aszParams[i].szParamName < 0xfffff	0x6fc670
(unsigned)pData->aszParams[i] < 0xfffff	0x6fc670
(unsigned)pData->aszParams < 0xfffff	0x6fc670
(unsigned)pData->szName < 0xfffff	0x6fc670
(unsigned)pData->szLabel < 0xfffff	0x6fc670
(unsigned)pData->szTarget < 0xfffff	0x6fc670
(unsigned)pData->szWin < 0xfffff	0x6fc670
(unsigned)pData->szUrl < 0xfffff	0x6fc670
pAtom	0x6fc670
(unsigned)aConstantFile->aConstants[nConstTableIndex].szString < 0xfffff	0x6fc670
nConstTableIndex == *pnCurrentConstantIndex	0x6fc670
(unsigned)pData->items.apItems < 0xfffff	0x6fc670
(unsigned)pData->szStringToBePushed < 0xfffff	0x6fc670
sGlobalTable[eAction].mCheckAlignment == eAction	0x6fc670,0x7002c0
C:\projects\bfme2patch103\bfme2\Code\Libraries\Source\Apt\AptActionInterpreter.cpp	0x6ff980,0x6ffce0,0x6ffd80,0x6feb50,0x6fed00,0x6fd060,0x6fd5b0,0x6fc670,0x701d80,0x700090,0x7002c0,0x706a40,0x706070,0x706370,0x7065e0,0x706660,0x705d90,0x704e10,0x6ff850,0x6ff5d0
aConstantFile	0x6fd060
pBase	0x6fd060
aActionStream	0x6fd060
!hasThrownValue()	0x700090
<WARNING> Actionscript error message: "%s" 	0x6fd340,0x706950
<WARNING> Actionscript un-caught exception encountered during "%s" 	0x6fd340,0x706950
isxdigit(b)	0x6fd5b0
m_nElements == 0	0x6fe160,0x6fe270,0x6fdd40,0x6fde50
m_nCapacity == 0	0x6fe1d0,0x6fddb0
m_nElements < m_nCapacity	0x6fe2f0,0x6fe6e0,0x6fdee0,0x6fdf30,0x700090,0x706660
GetSize() >= 1	0x6fe5d0
m_nSize == 0	0x6fe0b0
c:\projects\bfme2patch103\bfme2\code\libraries\source\apt\_AptDebugStack.h	0x6fe1d0,0x6fe160,0x6fe2f0,0x6fe270,0x700090
pValue	0x6fe880,0x6fe6e0
c:\projects\bfme2patch103\bfme2\code\libraries\source\apt\AptActionInterpreter.inl	0x6fe880,0x6fe6e0
pValue->isRegister() == false	0x6fe880,0x6fe6e0
pValue->isLookup() == false	0x6fe880,0x6fe6e0
mnStackFrameBase == 0	0x6feb50
false && "SHOULD NOT GET HERE ANYMORE"	0x6fed00
nParams <= 1	0x6ff850,0x6ff5d0
instance%ld	0x6ff980
pContext->isSpriteInstBase() || pContext->isButtonInst() || pContext->isLevelInst() || pContext->isTextInst()	0x6ff980
sBuf.Size() != 0	0x6ffce0
!pCurrentContext || !pCurrentContext->isCIH() || pCurrentContext->c_cih()->isButtonInst() || pCurrentContext->c_cih()->isSpriteInstBase() || pCurrentContext->c_cih()->isLevelInst() || pCurrentContext->c_cih()->isTextInst()	0x6ffd80
nStackSizeCurrent >= nStackSizePre	0x7002c0
pCurrentContext == NULL || pCurrentContext->getRefCount() > 0	0x7002c0
!context.pRemoveWithAt || context.pInstruction <= context.pRemoveWithAt	0x7002c0
AptTrace: 	0x701c10
pTarget->isCIH()	0x701d80
__INTERFACES__	0x70e060,0x705d90
pTemp->ContainsNativeHashVirtual()	0x705d90
nInterfaces > 0	0x705d90
Implements Opcode attempting to mess with invalid object.	0x705d90
pObject->isScriptFunction() || pObject->isNativeFunction()	0x705d90
pInterpreter->stack.GetSize() > 2	0x705d90
(uint32_t)pInterpreter->stack.GetSize() == nPreStackSize	0x706070
loadVariable for '%s' returned empty variable name 	0x706370
gAptFuncs.pfnLoadVariablesNULL	0x706370
nStackElementsPost == nStackElementsPre || nStackElementsPost == (nStackElementsPre+1)	0x706660
LoadVars	0x706a40
MovieClip	0x706a40
TextFormat	0x706a40
nElements >= 0	0x706a40
Array	0x706a40
spRegBlockBase[i] == gpUndefinedValue	0x709670
snRegBlockCurrentFrameCount == 0	0x709670
spRegBlockCurrentFrameBase == spRegBlockBase	0x709670
C:\projects\bfme2patch103\bfme2\Code\Libraries\Source\Apt\AptObject\AptScriptFunction.cpp	0x709870,0x709a10,0x709f70,0x709670,0x7097b0,0x709730
spRegBlockCurrentFrameBase	0x709730
spRegBlockBase	0x709870,0x709a10,0x7097b0,0x709730
pSaveBase >= spRegBlockBase && pSaveBase <= spRegBlockCurrentFrameBase	0x7097b0
pOrigFunc	0x709a10
nIndex < ( snRegisterBlockSize - (spRegBlockCurrentFrameBase-spRegBlockBase))	0x709f70
nIndex < MAX_REGISTERS_IN_FUNCTION	0x709f70
pNewValue	0x709f70
c:\projects\bfme2patch103\bfme2\code\libraries\source\apt\AptNativeHash.h	0x70ac90,0x70a680,0x70a6d0,0x70a610
pHashItem->mValue != NULL	0x70a6d0
pHashItem != NULL	0x70a6d0
StringPool::GetString(SC_prototype)->UpdateHashValue() == HASH_VALUE_PROTOTYPE	0x70a740
StringPool::GetString(SC___proto__)->UpdateHashValue() == HASH_VALUE_PROTO	0x70a740
StringPool::GetString(SC_prototype)->GetLength() == LENGTH_PROTO	0x70a740
StringPool::GetString(SC___proto__)->GetLength() == LENGTH_PROTOTYPE	0x70a740
C:\projects\bfme2patch103\bfme2\Code\Libraries\Source\Apt\AptNativeHash.cpp	0x70b180,0x70aaa0,0x70ab30,0x70ac90,0x70af90,0x70a740
(pItem >= &mpData[0]) && (pItem < &mpData[mnTotalSize])	0x70aaa0
mpData != NULL	0x70ab30
IsEmpty()	0x70ab30
nBoundMin < nBoundMax	0x70ac90,0x70af90
nBoundMax < mnTotalSize	0x70ac90,0x70af90
pKey != NULL	0x70af90
nTableIndex >= 0 && nTableIndex < APT_ARRAYSIZE(aSpriteGperfToActionFlag)	0x70b180
saConstant[eSC].IsEmpty() == false	0x70b4f0
.\string\StringPool.inl	0x70b4f0
C:\projects\bfme2patch103\bfme2\Code\Libraries\Source\Apt\string\StringPool.cpp	0x70d9f0,0x70dbb0,0x70ddc0
saConstant[i].GetInternalRefCount() == 1	0x70d9f0
sCurrentMemorySaved == 0	0x70d9f0
pString->getRefCount() == 1	0x70d9f0
pString->getGCRoot() == AptValue::MAX_GCROOT	0x70d9f0
pString->getGCRoot() == 0	0x70dbb0
uHash == pString->str.GetHashValue()	0x70dbb0
pLocalString != NULL	0x70ddc0
bFound	0x70ddc0
registerClass	0x70dfb0
__INTERFACEs__	0x70dff0
nCXFormStack < APT_ARRAYSIZE(aCXFormStack)	0x70e330
C:\projects\bfme2patch103\bfme2\Code\Libraries\Source\Apt\AptRenderingContext.cpp	0x70e390,0x70e4e0,0x70e550,0x70e330,0x70e440
nCXFormStack > 0	0x70e390
pMatrix	0x70e440
nVertexMatrixStack < APT_ARRAYSIZE(aVertexMatrixStack)	0x70e4e0
nVertexMatrixStack > 0	0x70e550
(unsigned)aFrames[i].apControls[j]->frameLabel.szLabel < 0xfffff	0x70e900
(unsigned)pActions->aEventActions[k].actions.aActionStream < 0xfffff	0x70e900
(unsigned)pActions->aEventActions < 0xfffff	0x70e900
(unsigned)aFrames[i].apControls[j]->placeObject2.pActions < 0xfffff	0x70e900
(unsigned)aFrames[i].apControls[j]->placeObject2.szName < 0xfffff	0x70e900
(unsigned)aFrames[i].apControls[j]->initAction.actions.aActionStream < 0xfffff	0x70e900
(unsigned)aFrames[i].apControls[j]->action.actions.aActionStream < 0xfffff	0x70e900
(unsigned)aFrames[i].apControls[j] < 0xfffff	0x70e900
(unsigned)aFrames[i].apControls < 0xfffff	0x70e900
(unsigned)aFrames < 0xfffff	0x70e900
!phLabels	0x70e900
C:\projects\bfme2patch103\bfme2\Code\Libraries\Source\Apt\AptMovie.cpp	0x70f040,0x70f370,0x70e900
pItem->pControl->eType == AptControlType_PlaceObject2	0x70f040
pItem->pControlInfo != NULL	0x70f040
nFrame == pSprInst->getSpriteInstBase()->nFrame	0x70f040
nFrame >= 0 && nFrame < (int)nFrames	0x70f040,0x70f370
warning: soundstream level is always 0 	0x70f370
nStackSizePre == nStackSizePost	0x70f370
AptDoFrameControls	0x70f370
AptFrameActions	0x70f5c0
status	0x7308a0
No callback.	0x72b880,0x72b960,0x72ba60,0x72bb20,0x72bc40,0x72d550,0x72ccb0,0x72c390
Password too long.	0x72bc40
Email too long.	0x72bc40,0x72ccb0
Nick too long.	0x72bc40
The connection has already been disconnected.	0x72d550,0x72c390,0x72c200,0x72c580,0x72c6a0,0x72c9e0,0x72cc40,0x72c530,0x72c6f0,0x72c990,0x72d070
Invalid profile.	0x735760,0x735830
\reason\	0x7372c0,0x72c580
\newprofileid\	0x72c580
\sesskey\	0x732a50,0x7308a0,0x7355e0,0x72f7c0,0x735560,0x72c580,0x72c9e0,0x735830,0x72d070
\addbuddy\	0x72c580
Invalid reason.	0x72c580
Invalid index.	0x72c7e0
Invalid status.	0x72c7e0
\locstring\	0x72c9e0
\statstring\	0x72c9e0
Invalid locationString.	0x72c9e0
Invalid statusString.	0x72c9e0
Invalid message.	0x72cc40
\location\	0x72d070
\productid\	0x7308a0,0x72f2b0,0x72f5d0,0x72d070
\profileid\	0x732400,0x7308a0,0x7342b0,0x7345f0,0x72f2b0,0x72f7c0,0x72d070
\pinvite\	0x72d070
Out of memory.	0x7392b0,0x739440,0x738080,0x738640,0x732400,0x731cb0,0x731eb0,0x7308a0,0x730180,0x7302a0,0x7361c0,0x735980,0x7351d0,0x734d90,0x734d20,0x734330,0x7345f0,0x72ffa0,0x72f7c0,0x72e510,0x72d2f0,0x72d550
Empty directory in filename.	0x72d2f0
Directory level in filename.	0x72d2f0
Filename can't start with a slash.	0x72d2f0
Invalid character in filename.	0x72d2f0
:*?"<>| 	0x736800,0x72d2f0
Can't get info on file.	0x737a50,0x72d2f0
Can't find file.	0x72d2f0
Empty name.	0x72d2f0
Empty path.	0x72d2f0
File missing path and name.	0x72d2f0
No files to send.	0x72d550
Cannot send files in simulation mode.	0x72d550
\rate\	0x737450
Error saving profiles to disk.	0x72e300
The server has closed the connection.	0x72e510
There was an error reading from the server.	0x7308a0,0x72e510
Received an unrecognized, unsolicited message. 	0x72e510
No matching operation found for id %d 	0x72e510
CMD: %s 	0x72e510
\fatal\	0x72f7c0,0x72ee50
\errmsg\	0x72ee50
\err\	0x72ee50
\error\	0x72ee50
There was an error checking for a completed connection.	0x72ef10
Parse Error.	0x72efd0
ABCDEFGHIJKLMNOPQRSTUVWXYZabcdefghijklmnopqrstuvwxyz0123456789	0x72f2b0
There was an error connecting a socket.	0x738bd0,0x730180,0x72f0d0
Could not resolve connection mananger host name.	0x72f0d0
There was an error getting a socket's addres.	0x72f0d0
There was an error listening on a socket.	0x72f0d0
There was an error binding a socket.	0x72f0d0
There was an error making a socket non-blocking.	0x738bd0,0x730180,0x72f0d0
There was an error creating a socket.	0x738bd0,0x730180,0x72f0d0
\id\1	0x72f2b0,0x72f5d0
\namespaceid\	0x7308a0,0x72f2b0,0x72f5d0
\gamename\	0x7308a0,0x72f2b0,0x72f5d0
\port\	0x72f2b0
\firewall\1	0x72f2b0
\response\	0x72f2b0
\userid\	0x72f2b0,0x72f7c0
\user\	0x72f2b0
\uniquenick\	0x7308a0,0x7345f0,0x72f2b0,0x72f5d0,0x72f7c0
\authtoken\	0x72f2b0
\challenge\	0x72f2b0,0x72f7c0
\login\	0x72f2b0
%s%s%s%s%s%s	0x72f2b0,0x72f7c0
                                                	0x72f2b0,0x72f7c0
%s@%s	0x72f2b0,0x72f7c0
\cdkeyenc\	0x72f5d0
\passwordenc\	0x72f5d0
\nick\	0x738f00,0x7383c0,0x7308a0,0x7345f0,0x72f5d0
\email\	0x7308a0,0x7345f0,0x72f5d0
\newuser\	0x7308a0,0x72f5d0
Unexpected data was received from the server.	0x732400,0x731eb0,0x735980,0x7345f0,0x72f7c0
\lc\1	0x72f7c0
Could not authenticate server.	0x72f7c0
\proof\	0x72f7c0
\lc\2	0x72f7c0
Unexepected data was received from the server.	0x72f7c0
\nur\	0x72f7c0
\pid\	0x738f00,0x7383c0,0x7308a0,0x72f7c0
The server has refused the connection.	0x72fce0
\logout\\sesskey\	0x72fdf0
Invalid firewall.	0x72ffa0
Invalid connection.	0x72ffa0
Could not resolve search mananger host name.	0x730180
No search criteria.	0x7303b0
Invalid e-mail.	0x730510
Error reading from the search server.	0x7308a0
Could not connect to the search manager.	0x7308a0
usdone	0x7308a0
first	0x7308a0
odone	0x7308a0
others	0x7308a0
statuscode	0x7308a0
psrdone	0x7308a0
lastname	0x7308a0
firstname	0x7308a0
uniquenick	0x7308a0
bsrdone	0x7308a0
\preferrednick\	0x7308a0
\uniquesearch\	0x7308a0
\others\	0x7308a0
\cdkey\	0x7308a0
\productID\	0x7308a0
\check\	0x7308a0
\pmatch\	0x7308a0
\pass\	0x7308a0
\nicks\	0x7308a0
\valid\	0x7308a0
\skip\	0x7308a0
\icquin\	0x7308a0,0x7345f0
\lastname\	0x7308a0,0x7345f0
\firstname\	0x7308a0,0x7345f0
\search\	0x7308a0
\npr\	0x732400
Failed to open the disk cache file. 	0x7328f0
\delprofile\	0x732a50
Invalid date.	0x733460
\updateui\\sesskey\	0x733710
\updatepro\\sesskey\	0x733710
\chc\	0x7345f0
\mar\	0x7345f0
\inc\	0x7345f0
\ind\	0x7345f0
\occ\	0x7345f0
\pic\	0x7345f0
\sex\	0x7345f0
\zipcode\	0x7345f0
\aim\	0x7345f0
\countrycode\	0x7345f0
\homepage\	0x7345f0
\birthday\	0x7345f0
\publicmask\	0x734250
\getprofile\\sesskey\	0x7342b0
\sig\	0x738f00,0x7383c0,0x7345f0,0x735560
\conn\	0x7345f0
\pmask\	0x7345f0
\loc\	0x7345f0
\lat\	0x7345f0
\lon\	0x7345f0
SENDXXXX(%s): Connection closed 	0x734f10
There was an error sending on a socket.	0x734f10
RECVTOTL(%s): %d 	0x7351d0
RECVXXXX(%s): Connection closed 	0x7351d0
There was an error reading from a socket.	0x7351d0
\len\	0x738d00,0x735410
\msg\	0x735980,0x735410,0x7355e0
\fromprofileid\	0x735560
\authadd\	0x735560
\delprofileid\	0x735830
\delbuddy\	0x735830
Profile not a buddy.	0x735830
|signed|	0x735980
\date\	0x735980
\mtime%d\	0x736800,0x736500
\size%d\	0x736800,0x736500
\name%d\	0x736800,0x736500
\version\%d\num\%d	0x736500
\file\%d\reason\%d	0x736760
\num\	0x736800
\version\	0x736800,0x736b60
\result\	0x736b60
%sgpt_%d_%d_%d.gpt	0x736c70
\mtime\	0x736c70
\size\	0x736c70
\file\	0x737110,0x7372c0,0x7375a0,0x737650,0x736c70,0x736ea0
\md5\	0x7375a0,0x736ea0
HNDLDATA(PT): %d 	0x737110
\version\%d\result\%d	0x737850
%d %u %u	0x7378d0
\xfer\	0x7378d0
\file\%d\size\%d\mtime\%u	0x737a50
SENTTOTL(PT): %d 	0x737b00
\aack\	0x738f00,0x7383c0
\anack\	0x738f00,0x7383c0
%s%d%d	0x7383c0
\auth\	0x738f00,0x7383c0
Tried to remove peer not in list.	0x738980
Error connecting to a peer.	0x738bd0,0x738f00
\msg\ 	0x738d00
\m\%d\xfer\%d %u %u	0x738e20
\len\%d\msg\ 	0x738e60
Error parsing buddy message.	0x738f00
Error getting buddy authorization.	0x738f00
gpiProcessOperation was passed an operation with an invalid type (%d) 	0x739640
; truncating.  In order to fix this problem either set the geometry of the given object to non-small or reduce the geometry major radius. 	0x73aae0
 but maximum radius for small geometry is 	0x73aae0
 is too large for 'small' geometry. Radius given is 	0x73aae0
Object 	0x73aae0
*unknown*	0x73aae0
 is too large for a small object. Reduce major radius to a value less than 	0x73d090
 or make the geometry non-small. The diagonal is calculated as SquareRoot( MajorRad*MajorRad + MinorRad*MinorRad ). 	0x73d090
 is too large for a small object. Reduce the length of the diagonal of the box to a value less than 	0x73d090
 is too large - INI error? 	0x73d090
Geometry for 	0x73d090
%f %f	0x740eee
no value	0x7470d0
invalid tag for a userdata (%d)	0x747650
reference table overflow	0x747a70
cannot change the tag of a %.20s	0x747b90
namewhat	0x747e00
currentline	0x747e00
linedefined	0x747e00
short_src	0x747e00
source	0x747e00
invalid option	0x747e00,0x74b0f0
function or level expected	0x747e00
>%.10s	0x747e00
flnSu	0x747e00
level out of range	0x7480b0,0x748140
function expected	0x748280
wrong number of arguments	0x748900
out of range	0x748d60
invalid capture index	0x748ea0,0x749970,0x7493f0
invalid pattern capture	0x749390
malformed pattern (ends with `%')	0x748f10
malformed pattern (missing `]')	0x748f10
unbalanced pattern	0x7491a0
too many captures	0x749340,0x749720
unfinished capture	0x749720
appendto	0x74b490
_ERRORMESSAGE	0x74be50,0x74ddc0
_OUTPUT	0x74b490
_INPUT	0x74b490
generic I/O error	0x74aba0,0x74a260,0x74af10,0x74af70,0x74a490
cannot access a closed file	0x74a9b0,0x74aba0,0x74a1c0
global variable `%.10s' is not a file handle	0x74a1c0
not enough memory to read a file	0x74a870,0x74a910
invalid format	0x74a9b0
read patterns are deprecated	0x74a9b0
too many arguments	0x74be50,0x74a9b0
%.16g	0x74aba0,0x74e360
_STDERR	0x74b490
_STDOUT	0x74b490
_STDIN	0x74b490
nextvar	0x74c900
foreachvar	0x74c900
syntax error	0x7559c0,0x755e90
deprecated option `p' in `call'	0x74be50
value expected	0x751970,0x74bfa0
userdata(%d): %p	0x74bfa0
function: %p	0x74bfa0
table: %p	0x74bfa0
assertion failed!  %.90s	0x74c200
invalid order function for sorting	0x74c480
function `%.20s' is deprecated	0x74c8e0
_VERSION	0x74c940
Lua 4.0.1	0x74c940
value for `lua_getinfo' is not a function	0x74cd00
tag-method	0x74ce40
global	0x74d0b0,0x74ce40
field	0x74d0b0
local	0x74d0b0
attempt to %.30s a %.10s value	0x74d250
attempt to %.30s %.20s `%.40s' (a %.10s value)	0x74d250
attempt to compare %.10s with %.10s	0x74d2e0
attempt to compare two %.10s values	0x74d2e0
stack overflow	0x74d8d0,0x74d650
(stdin)	0x74db40
unable to recover; exiting 	0x74de30
string "%.99s"	0x74e210
string "	0x74e210
file `%.99s'	0x74e210
file `...%.99s'	0x74e210
perform arithmetic on	0x74e9a0
string size overflow	0x74eb30
`for' table must be a table	0x74ede0
`for' index must be a number	0x74ede0
`for' initial value must be a number	0x74ede0
`for' limit must be a number	0x74ede0
`for' step must be a number	0x74ede0
undefined operation	0x74ede0
settable	0x74fa20,0x74cd90
gettable	0x74fa20
`%.50s' is not a valid event name	0x74fa90
event `gc' for tables is deprecated	0x74fa90
event `%.50s' is deprecated	0x74fa90
tag table overflow	0x74fbc0
%d is not a valid tag	0x74fc90,0x74fe80,0x74fdf0
tag %d was not created by `newtag'	0x74fc60
tag method must be a function (or nil)	0x74fe80
cannot change `%.20s' tag method for type `%.20s'%.20s	0x74fe80
 with default tag	0x74fe80
table index is nil	0x7508f0,0x750460
invalid key for `next'	0x7505a0
table overflow	0x7506e0
memory allocation error: block too big	0x750a70
bad argument #%d to `%.50s' (%.100s)	0x751820
%.8s expected, got %.8s	0x751880,0x7519a0,0x751900
stack overflow (%.30s)	0x7518d0
control structure too long	0x751d60,0x751ff0
function or expression too complex	0x753160,0x7534e0,0x752810,0x752970,0x752a10,0x752bd0,0x752e10,0x752240,0x752690,0x752780,0x751de0,0x751ef0
constant table overflow	0x753a20,0x753a70,0x753b40,0x753ff0,0x751e30
line info overflow	0x7521d0
code size overflow	0x753160,0x7534e0,0x752810,0x752970,0x752a10,0x752bd0,0x752e10,0x752240,0x752690,0x752780
`%.20s' expected	0x753890,0x753850
`%.20s' expected (to close `%.20s' at line %d)	0x753960
<name> expected	0x753ad0,0x754860
local variables	0x753bf0
cannot access a variable in outer scope	0x7555c0,0x754980
upvalues	0x753dc0
upvalue must be global or local to immediately outer scope	0x753e40
cannot access upvalue in main	0x753e40
parameters	0x753f20
(step)	0x754590
(limit)	0x754590
(table)	0x754690
`in' expected	0x754690
`=' or `,' expected	0x754780
no loop to break	0x754ad0
<name> or `...' expected	0x754b70
<name> or `[' expected	0x754d30
`item groups' in a list initializer	0x754ea0
elements in a table constructor	0x755110
invalid constructor syntax	0x755110
function arguments expected	0x755250
<expression> expected	0x755650
variables in a multiple assignment	0x7559c0
<statement> expected	0x755f00
<eof> expected	0x7561c0
unexpected end of file in `%.99s'	0x7568d0,0x756a90,0x756a00,0x756b10,0x7563d0,0x756340,0x7564f0,0x7565f0,0x756770
bad code in `%.99s'	0x756560
bad signature in `%.99s'	0x756a00
virtual machine mismatch in `%.99s':   %.20s is %d but read %d	0x756a90
unknown number format in `%.99s':   read %.16g; expected %.16g	0x756b10
SIZE_B	0x756b10
SIZE_OP	0x756b10
SIZE_INSTRUCTION	0x756b10
sizeof(Instruction)	0x756b10
sizeof(size_t)	0x756b10
sizeof(int)	0x756b10
`%.99s' too old:   read version %d.%d; expected at least %d.%d	0x756b10
`%.99s' too new:   read version %d.%d; expected at most %d.%d	0x756b10
`%.99s' apparently contains more than one chunk	0x756d10
break	0x756f10
%.99s;   last token read: `%.30s' at line %d in %.80s	0x757150,0x756fd0,0x756f50
invalid control char	0x756fd0
0x%02X	0x756fd0
malformed number	0x757200
ambiguous syntax (decimal point x string concatenation)	0x757200
too many %.50s (limit=%d)	0x7574a0,0x7574e0
lines in a chunk	0x7574e0
unfinished long string	0x757550
unfinished string	0x7577e0
escape sequence too large	0x7577e0
unexpected `$' (pragmas are no longer supported)	0x757c90
Kernel32.dll	0x75a75f
Run-Time Check Failure #%d - %s	0x75a7f7
  Module: 	0x75a942
  Line: 	0x75a942
Invalid pointer was assigned at  File: 	0x75a942
' was corrupted.	0x75aad6
Stack around the variable '	0x75aad6
A variable is being used without being defined.	0x75ab62
' is being used without being defined.	0x75ab62
The variable '	0x75ab62
MSPDB71.DLL	0x75b03f
Module32Next	0x75acee
Module32First	0x75acee
GetModuleInformation	0x75acee
EnumProcessModules	0x75acee
PSAPI.DLL	0x75acee
CreateToolhelp32Snapshot	0x75acee
ImageNtHeader	0x75acee
IMAGEHLP.DLL	0x75acee
KERNEL32.DLL	0x75acee
EnvironmentDirectory	0x75b03f
SOFTWARE\Microsoft\VisualStudio\7.1\Setup\VS	0x75b03f
RegCloseKey	0x75b03f
RegQueryValueExA	0x75b03f
RegOpenKeyExA	0x75b03f
ADVAPI32.DLL	0x75b03f
PDBClose	0x75b177
DBIClose	0x75b177
ModClose	0x75b177
ModQueryLines	0x75b177
DBIQueryModFromAddr	0x75b177
PDBOpenDBI	0x75b177
PDBOpenValidate3	0x75b177
World	0x190f8e
Sas.Skeleton.MeshToJointToWorld[0]	0x190f8e
Sas.Camera.WorldToView	0x190f8e
Ambient	0x190f8e
Sas.Time.Now	0x190f8e
SFXVolume	0x2e4b2d
English	0x600e3a,0x603944,0x600c34,0x600d7d
meSpy3D	0x607e40,0x6071c0,0x607d50
rojectAphex	0x608ac0,0x607f00,0x607610,0x6088e0,0x609020,0x609420,0x608040,0x608df0
final\	0x607e40
gamestats.gamespy.com	0x608670
NetConnMAC: The NCBRESET return code is: 0x%x  	0x6584c0
*               	0x6584c0
NetConnMAC: Could not find any valid network addapters! 	0x6584c0
netconn: warning - calling NetConnStatus() while module is not initialized 	0x6583b0
%d.%d.%d %d:%02d:%02d	0x65a920
netconn: ignoring add of an idle handler that is already registered 	0x6651e0
netconn: unable to add new idle handler as table is full 	0x6651e0
netconn: ignoring delete of an idle handler that is not registered 	0x665280
netconn: removing idle handler at shutdown 	0x6653b0
dirtynetwin: addr remap %s	0x669b30
 to %s 	0x669b30
dirtynetwin: warning, trying to close socket 0x%08x that is not in the socket list 	0x6698c0
Warning: NetCritT is too small! 	0x66a9f0
%s: %s 	0x66ad50
%s: %s 	0x66ad50
ProtoMangle: Sockresolve failed! 	0x670960
ProtoMangle: Addr countdown failed! 	0x670960
ProtoMangle: Attempting to connect (addr=%08x, port=%d) 	0x670960
ProtoMangle: ST_HTTP_FAIL (err=%d) 	0x670960
ProtoMangle: Received HTTP header: %s 	0x670960
ProtoMangle: Bogus HTTP result! 	0x670960
 Content-Length:	0x670960
 Connection: close	0x670960
ProtoMangle: Trying to close 	0x670960
ProtoMangle: ST_FAIL (err=%d) 	0x670960
Http: got body bytes (%d) 	0x670960
HTTP request: %s 	0x670720
GET %s HTTP/1.1  Cookie: sessionID=%s  Accept: */*  Content-Length: 0  User-Agent: Custom/1.0  Host: %s    	0x670670
POST %s HTTP/1.1  Cookie: sessionID=%s  Content-Type: application/x-www-form-urlencoded  Content-Length: %d  Host: %s    %s  	0x672240
/getPeerAddress?myIP=%s&myPort=%d&version=1.0	0x670590
ProtoMangleCreate: buffer=%d bytes 	0x6702f0
status	0x671660
peerIP	0x6718b0
peerPort	0x6718b0
targetIP	0x671ab0
targetPort	0x671ab0
sendCount	0x671ab0
sourcePort	0x671ab0
protomangle: tearing down probe socket 0x%08x 	0x671cb0
protomangle: using shared socket ref 0x%08x to probe port %d 	0x671cb0
ProtoMangle: Error creating probe socket 	0x671cb0
protomangle: created probe socket 0x%08x 	0x671cb0
sourceIP=%s  sourcePort=%d  tag=%s  sendCount=%d  	0x671e90
ProtoMangle: Success 	0x671e90
ProtoMangle: Error %d 	0x671e90
sending probe %d/%d (%d) from port %d 	0x671e90
ProtoMangle: Warning, probe sequence mismatch 	0x6719a0
ProtoMangleCreate: Server:%s Port:%d GameID:%s LKey:%s 	0x670190
ProtoMangleDestroy: Shutting down 	0x670370
protomangle: connecting with sockref 0x%08x 	0x671400
HTTP Data: %s 	0x6714e0
HTTP Data: %s 	0x6714e0
myIP=%s&myPort=%d&version=1.0&status=%s&gameFeatureID=%s 	0x6720f0
&latency=%d	0x6720f0
/connectionStatus	0x6720f0
dirtyaddr: output buffer too small 	0x673a30
$%08x	0x673ae0
_ProtoPingCallback: ICMP_TIMEEXCEEDED from=%08x 	0x673f10
false	0x673fe0
_ProtoPingCallback: ICMP_ECHOREPLY from=%08x, time=%dms, data=%s, server=%s 	0x673fe0
_ProtoPingCallback: Unhandled ICMP type %d 	0x673d20
California	0x678860
Redwood City	0x678860
Electronic Arts, Inc.	0x678860
OTG3 Certificate Authority	0x678860
ProtoSSL: unsupported signature algorithm 	0x678860
ProtoSSL: subject mismatch %s != %s 	0x678860
ProtoSSL: modulus size mismatch 	0x678860
ProtoSSL: unknown signature algorithm, should never get here 	0x678860
ProtoSSL: signature hash mismatch 	0x678860
not server hello message 	0x6773b0
not x509 certificate 	0x6773b0
wrong server version 	0x6773b0
certificate buffer overrun 	0x6773b0
returned bogus cipher information 	0x6773b0
invalid connection sequence size 	0x6773b0
x509 certificate is invalid (error=%d) 	0x6773b0
server verify failed 	0x6773b0
challenge data mismatch 	0x6773b0
did not get finish message 	0x6773b0
send-%s-send	0x679c80
recv-%s-recv	0x679c80
iv-%s-iv	0x679c80
00-e0-98-8f-f8-e4:Greg's PC 00-e0-98-84-ce-cc:PS2 Dev Box 	0x67ae50
NetGameUtilControl: setting 'mwid' to %d 	0x67a4e0
NetGameUtilControl: 'mwid' value of %d is too large 	0x67a4e0
NetGameUtilControl: setting 'minp' to %d 	0x67a4e0
NetGameUtilControl: setting 'mout' to %d 	0x67a4e0
NetGameUtilControl: setting 'advf' to %d 	0x67a4e0
NetGameUtil: invalid conn param 	0x67a5c0
NetGameUtil: connect %d %s 	0x67a5c0
TCP:~1:1024 UDP:~1:1024	0x67a5c0
GmUtil	0x67a5c0
GmUtil	0x67a930
NetGameUtil: located peer=%08x, host=%08x 	0x67a930
%d.%d.%d.%d%s	0x67a930
NetGameUtil: connection complete 	0x67a930
Default Name	0x67ae50
TCP:~1:1024 UDP:~1:1024	0x67ae50
0123456789abcdef	0x67cef0
protoadvt: error, invalid kind 	0x67d8a0
protoadvt: error, invalid name 	0x67d8a0
protoadvt: error, invalid note 	0x67d8a0
protoadvt: error, invalid addr 	0x67d8a0
comm/datamodem	0x67f6c0
TAPI%d:	0x67f000
TAPI%d:	0x67f000
localhost	0x67f950
commtcp: peer=0x%08x:%d, host=0x%08x:%d 	0x680c60
CommTCPResolve: Resolve functionality not supported by CommTCP 	0x6802d0
TCP: output buffer full 	0x680440
CommTCP: Oversized packet send (%d bytes) 	0x680440
commsrp: peer=0x%08x:%d, host=0x%08x:%d 	0x682060
_CommSRPSendImmediate: SocketSendto returned %d 	0x681580
_CommSRPProcessSetup: Unrecognized control packet type %d 	0x681f20
_CommSRPProcessData: Reliable packet discarded due to input buffer overrun 	0x682180
_CommSRPProcessRecvQueue: Error %d - closing connection 	0x681ca0
CommSRPResolve: Resolve functionality not supported by CommSRP 	0x681660
CommSRPSend: input queue full 	0x6817b0
CommSRP: Oversized packet send (%d bytes) 	0x6817b0
CommSRPListen: Error %d binding socket 	0x682560
CommSRPConnect: Error %d binding socket 	0x682870
commudp: peer=0x%08x:%d, host=0x%08x:%d 	0x684400
CommUDPWrite: SocketSendto returned %d 	0x682f30
commudp: warning - connident mismatch 	0x684300
CommUdpSetup: sending CONN in response to INIT 	0x684300
CommUdpPoke: sending poke packet 	0x684920
CommUdpProcess: got RAW_PACKET_INIT 	0x683a30
CommUdpProcess: got RAW_PACKET_CONN 	0x683a30
CommUDP: closing connection due to timeout 	0x683a30
CommUDP: tick=%d, rtick=%d, stick=%d 	0x683a30
CommUDP: received poke packet (from=%08x) 	0x683a30
CommUdp: poke source = %08x -- forcing match 	0x683a30
CommUDP: changing peer to %08x:%d due to poke (was expecting %08x:%d) 	0x683a30
CommUDPResolve: Resolve functionality not supported by CommUDP 	0x683110
CommUDP: Oversized packet send (%d bytes) 	0x6832c0
CommUdpListen: err=%d, bind=%d, connident=0x%08x 	0x684c90
CommUdpListen: poke=%08x:%d 	0x684c90
CommUdpConnect: addr=%08x, bind=%d, peer=%d connident=0x%08x 	0x685200
CommUDPConnect: bind to %d failed with %d 	0x685200
CommUDPConnect: bind to 0 with result %d 	0x685200
bogus packet 	0x685e50
bogus packet 	0x685e50
SERIAL	0x685530
localhost	0x686d20
gpcm.gamespy.com	0x72f0d0
gpsp.gamespy.com	0x730180
gp.info	0x7328f0
