name,address,notes
?getInstance@?$ConcreteModuleClass@V?$DefaultModuleTag@$05@FXParticleSystem@@@FXParticleSystem@@SAABV12@XZ,0x003AA350,exported BFME2 helper called by ConcreteModuleTemplate<DefaultModuleTag<5> >::getClass
?getInstance@?$ConcreteModuleClass@UOrthoEmissionVelocityModuleTag@FXParticleSystem@@@FXParticleSystem@@SAABV12@XZ,0x003AB053,exported BFME2 helper called by ConcreteModuleTemplate<OrthoEmissionVelocityModuleTag>::getClass
?getInstance@?$ConcreteModuleClass@UPointEmissionVolumeModuleTag@FXParticleSystem@@@FXParticleSystem@@SAABV12@XZ,0x003AB3AA,exported BFME2 helper called by ConcreteModuleTemplate<PointEmissionVolumeModuleTag>::getClass
?getInstance@?$ConcreteModuleClass@V?$DefaultModuleTag@$00@FXParticleSystem@@@FXParticleSystem@@SAABV12@XZ,0x003AAA7D,exported BFME2 helper called by ConcreteModuleTemplate<DefaultModuleTag<1> >::getClass
?getInstance@?$ConcreteModuleClass@V?$DefaultModuleTag@$01@FXParticleSystem@@@FXParticleSystem@@SAABV12@XZ,0x003AADF8,exported BFME2 helper called by ConcreteModuleTemplate<DefaultModuleTag<2> >::getClass
?getInstance@?$ConcreteModuleClass@V?$DefaultModuleTag@$02@FXParticleSystem@@@FXParticleSystem@@SAABV12@XZ,0x003AACCF,exported BFME2 helper called by ConcreteModuleTemplate<DefaultModuleTag<3> >::getClass
?getInstance@?$ConcreteModuleClass@V?$DefaultModuleTag@$06@FXParticleSystem@@@FXParticleSystem@@SAABV12@XZ,0x003AAF21,exported BFME2 helper called by ConcreteModuleTemplate<DefaultModuleTag<7> >::getClass
?getInstance@?$ConcreteModuleClass@V?$DefaultModuleTag@$0A@@FXParticleSystem@@@FXParticleSystem@@SAABV12@XZ,0x003AABA6,exported BFME2 helper called by ConcreteModuleTemplate<DefaultModuleTag<0> >::getClass
??0EmissionVolumeInfo@FXParticleSystem@@QAE@ABV01@@Z,0x001F3550,exported BFME2 base copy constructor called by SphereEmissionVolumeInfo
??$_Construct@U?$pair@$$CBHH@_STL@@U12@@_STL@@YAXPAU?$pair@$$CBHH@0@ABU10@@Z,0x006204B0,address read from the retail REL32 in hashtable::_M_insert at 0x00620F60
??$_Construct@UBfmeE8@@U1@@_STL@@YAXPAUBfmeE8@@ABU1@@Z,0x0060C9D9,address read from the REL32 displacement at a placed body; folded onto the body held there under another instantiation's name; stlport 4.5.3
??$_M_allocate_and_copy@PAPAX@?$vector@PAXV?$allocator@PAX@_STL@@@_STL@@IAEPAPAXIPAPAX0@Z,0x00027F60,ICF alias of the const_pointer instantiation already landed at this address. reserve passes _M_start and _M_finish which are void** rather than void* const*, so it names the non-const member template; both instantiations compile to the identical body and the linker folds them, the same way the narrow and wide allocators share 0x000307F0
??$_M_allocate_and_copy@PAUBfmeE8@@@?$vector@UBfmeE8@@V?$allocator@UBfmeE8@@@_STL@@@_STL@@IAEPAUBfmeE8@@IPAU2@0@Z,0x001D9AD9,address read from the REL32 displacement at a placed body; stlport 4.5.3
??$_M_allocate_and_copy@PBU?$pair@HH@_STL@@@?$vector@U?$pair@HH@_STL@@V?$allocator@U?$pair@HH@_STL@@@2@@_STL@@IAEPAU?$pair@HH@1@IPBU21@0@Z,0x00627960,STLport 4.5.3 vector<pair<int,int>> allocate-and-copy; address read by locate.py from the REL32 in the copy assignment at 0x00627CC0
??$_M_assign_dispatch@PAD@?$basic_string@DV?$char_traits@D@_STL@@V?$allocator@D@2@@_STL@@AAEAAV01@PAD0ABU__false_type@1@@Z,0x000130A0,STLport 4.5.3 narrow string assign dispatch; address read from retail basic_string::operator= REL32 displacement
??$_M_do_get_integer@V?$istreambuf_iterator@GV?$char_traits@G@_STL@@@_STL@@GG@_STL@@YA?AV?$istreambuf_iterator@GV?$char_traits@G@_STL@@@0@AAV10@0AAVios_base@0@AAHAAGPAG@Z,0x0000ABE0,STLport 4.5.3 wide num_get integer worker; the wide-tagged ICF alias of the narrow-tagged name already on this address, read by decode_calls.py from the REL32 in the do_get forwarder that calls it
??$_M_do_get_integer@V?$istreambuf_iterator@GV?$char_traits@G@_STL@@@_STL@@JG@_STL@@YA?AV?$istreambuf_iterator@GV?$char_traits@G@_STL@@@0@AAV10@0AAVios_base@0@AAHAAJPAG@Z,0x0000AEA0,STLport 4.5.3 wide num_get integer worker; the wide-tagged ICF alias of the narrow-tagged name already on this address, read by decode_calls.py from the REL32 in the do_get forwarder that calls it
??$_M_do_get_integer@V?$istreambuf_iterator@GV?$char_traits@G@_STL@@@_STL@@KG@_STL@@YA?AV?$istreambuf_iterator@GV?$char_traits@G@_STL@@@0@AAV10@0AAVios_base@0@AAHAAKPAG@Z,0x0000AAB0,STLport 4.5.3 wide num_get integer worker; the wide-tagged ICF alias of the narrow-tagged name already on this address, read by decode_calls.py from the REL32 in the do_get forwarder that calls it
??$_M_do_get_integer@V?$istreambuf_iterator@GV?$char_traits@G@_STL@@@_STL@@_JG@_STL@@YA?AV?$istreambuf_iterator@GV?$char_traits@G@_STL@@@0@AAV10@0AAVios_base@0@AAHAA_JPAG@Z,0x0000A560,STLport 4.5.3 wide num_get integer worker; the wide-tagged ICF alias of the narrow-tagged name already on this address, read by decode_calls.py from the REL32 in the do_get forwarder that calls it
??$_M_do_get_integer@V?$istreambuf_iterator@GV?$char_traits@G@_STL@@@_STL@@_KG@_STL@@YA?AV?$istreambuf_iterator@GV?$char_traits@G@_STL@@@0@AAV10@0AAVios_base@0@AAHAA_KPAG@Z,0x00009F90,harvested from retail REL32 displacement at 0x00009F60
??$_M_get_base_or_zero@V?$istreambuf_iterator@DV?$char_traits@D@_STL@@@_STL@@D@_STL@@YAHAAV?$istreambuf_iterator@DV?$char_traits@D@_STL@@@0@0AAVios_base@0@PAD@Z,0x00007C90,STLport 4.5.3 narrow integer base scanner; address read from retail signed 64-bit integer scanner REL32 displacement
??$_M_get_base_or_zero@V?$istreambuf_iterator@GV?$char_traits@G@_STL@@@_STL@@D@_STL@@YAHAAV?$istreambuf_iterator@GV?$char_traits@G@_STL@@@0@0AAVios_base@0@PAD@Z,0x0000A0F0,STLport 4.5.3 base reader over a wide iterator writing a NARROW buffer - the instantiation the five wide _M_do_get_integer bodies call. Address read from their REL32 at 0x0000AEC3. Shares the address with the PAG-buffer name already claimed there
??$_M_get_base_or_zero@V?$istreambuf_iterator@GV?$char_traits@G@_STL@@@_STL@@G@_STL@@YAHAAV?$istreambuf_iterator@GV?$char_traits@G@_STL@@@0@0AAVios_base@0@PAG@Z,0x0000A0F0,STLport 4.5.3 wide integer base scanner; address read from retail wide _M_do_get_integer REL32 displacement
??$_M_range_initialize@PAD@?$basic_string@DV?$char_traits@D@_STL@@V?$allocator@D@2@@_STL@@AAEXPAD0ABUforward_iterator_tag@1@@Z,0x0000BF90,STLport 4.5.3 narrow string three-argument range initialiser; identical code to the wide instantiation matched at this address - both keep _M_allocate_block and __copy_trivial out of line so the element size never appears in the body - and the linker folded them. Address read from the REL32 in the char* range constructor at 0x00017830
??$_M_range_initialize@PBD@?$basic_string@DV?$char_traits@D@_STL@@V?$allocator@D@2@@_STL@@QAEXPBD0@Z,0x00008D00,STLport 4.5.3 narrow string range initialiser over const char*; identical code to the char* instantiation already matched at this address so the linker folded the two - address read from the REL32 in the const char* constructor at 0x00009100
??$__copy@PAGV?$ostreambuf_iterator@GV?$char_traits@G@_STL@@@_STL@@H@_STL@@YA?AV?$ostreambuf_iterator@GV?$char_traits@G@_STL@@@0@PAG0V10@ABUrandom_access_iterator_tag@0@PAH@Z,0x0000E9C0,harvested from retail REL32 displacement at 0x0000F6D0
??$__copy@PBDV?$back_insert_iterator@Vstring@_STL@@@_STL@@H@_STL@@YA?AV?$back_insert_iterator@Vstring@_STL@@@0@PBD0V10@ABUrandom_access_iterator_tag@0@PAH@Z,0x00019180,STLport 4.5.3 copy of a name-table literal into a back_insert_iterator over string; address read by decode_calls.py from the seven REL32s in _Init_timeinfo at 0x00019260 which all reach the same body
??$__copy_aux@PADPAD@_STL@@YAPADPAD00ABU__true_type@0@@Z,0x000179B0,harvested from retail REL32 displacement at 0x00015F50
??$__copy_integer_and_fill@DV?$ostreambuf_iterator@DV?$char_traits@D@_STL@@@_STL@@@_STL@@YA?AV?$ostreambuf_iterator@DV?$char_traits@D@_STL@@@0@PBDHV10@HHDDD@Z,0x000095E0,STLport 4.5.3 narrow copy-integer-and-fill; address read from the __put_integer REL32 displacement at 0x0000D114
??$__copy_ptrs@PBU?$pair@HH@_STL@@PAU12@@_STL@@YAPAU?$pair@HH@0@PBU10@0PAU10@ABU__false_type@0@@Z,0x0001C160,STLport 4.5.3 trivial pointer copy for pair<int,int>; address read by locate.py from the REL32 in the vector copy assignment at 0x00627CC0
??$__find@PBGG@_STL@@YAPBGPBG0ABGABUrandom_access_iterator_tag@0@@Z,0x00010F60,STLport 4.5.3 wide random-access find over a const range; identical code to the non-const instantiation already matched at this address and folded onto it by /OPT:ICF. Address read from retail __get_fdigit REL32 displacement
??$__find_if@PBDU?$_Eq_int_bound@V?$char_traits@D@_STL@@@_STL@@@_STL@@YAPBDPBD0U?$_Eq_int_bound@V?$char_traits@D@_STL@@@0@ABUrandom_access_iterator_tag@0@@Z,0x006BE8C0,harvested from retail REL32 displacement at 0x006BE980
??$__get_decimal_integer@V?$istreambuf_iterator@DV?$char_traits@D@_STL@@@_STL@@H@_STL@@YA_NAAV?$istreambuf_iterator@DV?$char_traits@D@_STL@@@0@0AAH@Z,0x00009CD0,STLport 4.5.3 narrow decimal reader for int - the instantiation __get_formatted_time reaches because tm's fields are int. Its REL32 lands on 0x00009CD0 which the ledger already carries as the long instantiation; int and long are the same four bytes on this target so the two are one address. Additive pin rather than a rename of that row
??$__get_decimal_integer@V?$istreambuf_iterator@GV?$char_traits@G@_STL@@@_STL@@H@_STL@@YA_NAAV?$istreambuf_iterator@GV?$char_traits@G@_STL@@@0@0AAH@Z,0x0000B4C0,STLport 4.5.3 wide decimal reader for int - the wide twin of the pin at 0x00009CD0 and the same situation: tm's fields are int so this is the instantiation the wide __get_formatted_time calls, and its REL32 lands on the address the ledger already carries as the long one
??$__lexicographical_compare_3way@PBDPBD@_STL@@YAHPBD000@Z,0x00017650,collate<char>::do_compare's call target; the body there is held for the char* instantiation and the const char* one folded onto it - the comparison never writes through either pointer so the two are the same code
??$__lower_bound@PBIIU?$less@I@_STL@@H@_STL@@YAPBIPBI0ABIU?$less@I@0@PAH@Z,0x00568D2F,harvested from retail REL32 displacement at 0x0016DB60
??$__match@V?$istreambuf_iterator@DV?$char_traits@D@_STL@@@_STL@@PAV?$basic_string@DV?$char_traits@D@_STL@@V?$allocator@D@2@@2@J@_STL@@YAPAV?$basic_string@DV?$char_traits@D@_STL@@V?$allocator@D@2@@0@AAV?$istreambuf_iterator@DV?$char_traits@D@_STL@@@0@0PAV10@1PAJ@Z,0x000099D0,ICF alias of the const instantiation now claimed at this address; the narrow twin of the pin above
??$__match@V?$istreambuf_iterator@GV?$char_traits@G@_STL@@@_STL@@PAV?$basic_string@DV?$char_traits@D@_STL@@V?$allocator@D@2@@2@J@_STL@@YAPAV?$basic_string@DV?$char_traits@D@_STL@@V?$allocator@D@2@@0@AAV?$istreambuf_iterator@GV?$char_traits@G@_STL@@@0@0PAV10@1PAJ@Z,0x0000F2F0,ICF alias of the const instantiation now claimed at this address; the non-const one compiles to identical code and do_get_monthname reaches __match through it
??$__put_integer@V?$ostreambuf_iterator@DV?$char_traits@D@_STL@@@_STL@@@_STL@@YA?AV?$ostreambuf_iterator@DV?$char_traits@D@_STL@@@0@PAD0V10@AAVios_base@0@HD@Z,0x0000D050,harvested from retail REL32 displacement at 0x0000D2D0
??$__write_decimal_backward@J@_STL@@YAPADPADJHABU__true_type@0@@Z,0x0000D540,STLport 4.5.3 signed decimal writer; the retail body is the upstream __write_decimal_backward __true_type overload instruction for instruction (see reverse/attempts/0x0000d540.cpp) and 0x0000D460 is its only caller
??$__write_integer_backward@K@_STL@@YAPADPADHK@Z,0x0000D320,harvested from retail REL32 displacement at 0x00010C10
??$__write_integer_backward@_J@_STL@@YAPADPADH_J@Z,0x0000D180,STLport 4.5.3 signed 64-bit integer writer; address read by locate.py from the REL32 in the num_put __int64 do_put overloads at 0x0000D130 and 0x00010BC0
??$append@PAD@?$basic_string@DV?$char_traits@D@_STL@@V?$allocator@D@2@@_STL@@AAEAAV01@PAD0ABUforward_iterator_tag@1@@Z,0x0001B3E0,STLport 4.5.3 basic_string<char> three-argument append over a char* range; address read from the retail _M_assign_dispatch REL32 displacement at 0x00012140
??$append@PAG@?$basic_string@GV?$char_traits@G@_STL@@V?$allocator@G@2@@_STL@@AAEAAV01@PAG0ABUforward_iterator_tag@1@@Z,0x00013160,STLport 4.5.3 wide string forward-iterator append over wchar_t* rather than const wchar_t*; identical code to the const instantiation matched at this address so the linker folded the two - address read from the REL32 in _M_assign_dispatch at 0x000130A0
??$append@PBD@?$basic_string@DV?$char_traits@D@_STL@@V?$allocator@D@2@@_STL@@AAEAAV01@PBD0ABUforward_iterator_tag@1@@Z,0x0001B3E0,STLport 4.5.3 narrow string forward-iterator append; address read from retail basic_string::assign REL32 displacement
??$insert@U?$_Deque_iterator@UBfmeE12@@U?$_Const_traits@UBfmeE12@@@_STL@@@_STL@@@?$deque@UBfmeE12@@V?$allocator@UBfmeE12@@@_STL@@@_STL@@IAEXU?$_Deque_iterator@UBfmeE12@@U?$_Nonconst_traits@UBfmeE12@@@_STL@@@1@U?$_Deque_iterator@UBfmeE12@@U?$_Const_traits@UBfmeE12@@@_STL@@@1@1ABUforward_iterator_tag@1@@Z,0x00586305,address read from the REL32 displacement at a placed deque<12-byte element> body; stlport 4.5.3
??$mismatch@V?$istreambuf_iterator@DV?$char_traits@D@_STL@@@_STL@@PAD@_STL@@YA?AU?$pair@V?$istreambuf_iterator@DV?$char_traits@D@_STL@@@_STL@@PAD@0@V?$istreambuf_iterator@DV?$char_traits@D@_STL@@@0@0PAD@Z,0x00012CA0,harvested from retail REL32 displacement at 0x00019C20
??0?$CategoryModuleTemplateBase@$00@FXParticleSystem@@QAE@ABV01@@Z,0x001F421B,BFME2 export; ICF-folded module base copy constructor - all nine categories share this address
??0?$CategoryModuleTemplateBase@$01@FXParticleSystem@@QAE@ABV01@@Z,0x001F421B,BFME2 export; ICF-folded module base copy constructor - all nine categories share this address
??0?$CategoryModuleTemplateBase@$02@FXParticleSystem@@QAE@ABV01@@Z,0x001F421B,BFME2 export; ICF-folded module base copy constructor - all nine categories share this address
??0?$CategoryModuleTemplateBase@$03@FXParticleSystem@@QAE@ABV01@@Z,0x001F421B,BFME2 export; ICF-folded module base copy constructor - all nine categories share this address
??0?$CategoryModuleTemplateBase@$04@FXParticleSystem@@QAE@ABV01@@Z,0x001F421B,BFME2 export; ICF-folded module base copy constructor - all nine categories share this address
??0?$CategoryModuleTemplateBase@$05@FXParticleSystem@@QAE@ABV01@@Z,0x001F421B,BFME2 export; ICF-folded module base copy constructor - all nine categories share this address
??0?$CategoryModuleTemplateBase@$06@FXParticleSystem@@QAE@ABV01@@Z,0x001F421B,BFME2 export ordinal 82; same ICF-folded module base copy constructor as the $07 pin - category 7 is wind
??0?$CategoryModuleTemplateBase@$07@FXParticleSystem@@QAE@ABV01@@Z,0x001F421B,BFME2 export; the two-vtable module base copy constructor CategoryModuleTemplate calls - ICF folds all nine categories onto this address
??0?$CategoryModuleTemplateBase@$0A@@FXParticleSystem@@QAE@ABV01@@Z,0x001F421B,BFME2 export; ICF-folded module base copy constructor - all nine categories share this address
??0?$ConcreteModuleTemplate@V?$ModuleTag@$01$E?RENDEROBJECT_UPDATE_MODULE_KEY@FXParticleSystem@@3QBDB$E?RENDEROBJECT_UPDATE_MODULE_NAME@2@3QBDBVRenderObjectUpdateModule@2@VRenderObjectUpdateModuleTemplate@2@V?$DefaultParticleModule@$01@2@@FXParticleSystem@@@FXParticleSystem@@QAE@ABV01@@Z,0x003AEA15,address read from the REL32 displacement at a placed body; stlport 4.5.3
??0?$DefaultModuleTemplate@$00@FXParticleSystem@@QAE@ABV01@@Z,0x003A622A,BFME2 export; the module template constructor the ConcreteModuleTemplate wrapper calls
??0?$DefaultModuleTemplate@$00@FXParticleSystem@@QAE@XZ,0x003A9732,BFME2 export; the module template constructor the ConcreteModuleTemplate wrapper calls
??0?$DefaultModuleTemplate@$01@FXParticleSystem@@QAE@ABV01@@Z,0x003A79A5,BFME2 export; the module template constructor the ConcreteModuleTemplate wrapper calls
??0?$DefaultModuleTemplate@$01@FXParticleSystem@@QAE@XZ,0x003A98A9,BFME2 export; the module template constructor the ConcreteModuleTemplate wrapper calls
??0?$DefaultModuleTemplate@$02@FXParticleSystem@@QAE@ABV01@@Z,0x003A77F2,BFME2 export; the module template constructor the ConcreteModuleTemplate wrapper calls
??0?$DefaultModuleTemplate@$02@FXParticleSystem@@QAE@XZ,0x003A9852,BFME2 export; the module template constructor the ConcreteModuleTemplate wrapper calls
??0?$DefaultModuleTemplate@$05@FXParticleSystem@@QAE@ABV01@@Z,0x003A6447,BFME2 export; the module template constructor the ConcreteModuleTemplate wrapper calls
??0?$DefaultModuleTemplate@$05@FXParticleSystem@@QAE@XZ,0x003A97E5,BFME2 export; the module template constructor the ConcreteModuleTemplate wrapper calls
??0?$DefaultModuleTemplate@$06@FXParticleSystem@@QAE@ABV01@@Z,0x003A8CA5,BFME2 export; the module template constructor the ConcreteModuleTemplate wrapper calls
??0?$DefaultModuleTemplate@$06@FXParticleSystem@@QAE@XZ,0x003AA1CA,BFME2 export; the module template constructor the ConcreteModuleTemplate wrapper calls
??0?$DefaultModuleTemplate@$0A@@FXParticleSystem@@QAE@ABV01@@Z,0x003A638D,BFME2 export; the module template constructor the ConcreteModuleTemplate wrapper calls
??0?$DefaultModuleTemplate@$0A@@FXParticleSystem@@QAE@XZ,0x003A9789,BFME2 export; the module template constructor the ConcreteModuleTemplate wrapper calls
??0?$ShareBufferClass@VShaderClass@@@@QAE@HPBDH@Z,0x0015CF30,ICF alias: ShareBufferClass<ShaderClass>'s counted constructor is the same code as the Vector2 one landed at this address - both hold four-byte elements - and decode_calls reads this address out of Get_Shader_Array's REL32
??0?$StringBase@D@@AAE@ABV0@@Z,0x000365F0,BFME2 export and retail call target for the StringBase<char> copy constructor
??0?$StringBase@D@@AAE@ABV0@HH@Z,0x000380C0,BFME2 export and retail call target for AsciiString substring constructor
??0?$StringBase@D@@AAE@D@Z,0x00037B60,BFME2 export and retail call target for AsciiString char constructor
??0?$StringBase@D@@AAE@PBD@Z,0x00037BA0,BFME2 export and retail call target for AsciiString const char constructor
??0?$StringBase@D@@AAE@PBDH@Z,0x00037B80,BFME2 export and retail call target for AsciiString const char length constructor
??0?$StringBase@D@@AAE@PBDHH@Z,0x00038090,BFME2 export and retail call target for AsciiString const char substring constructor
??0?$StringBase@G@@AAE@ABV0@@Z,0x00037050,BFME2 export and retail call target for StringBase<wchar_t> copy constructor
??0?$StringBase@G@@AAE@ABV0@HH@Z,0x00038120,BFME2 retail call target for StringBase<wchar_t>::StringBase(const StringBase &, int, int); ghidra names the same symbol at this address
??0?$StringBase@G@@AAE@G@Z,0x00037DF0,BFME2 retail call target for StringBase<wchar_t>::StringBase(wchar_t); ghidra names the same symbol at this address
??0?$StringBase@G@@AAE@PBG@Z,0x00037E30,BFME2 retail call target for StringBase<wchar_t>::StringBase(const wchar_t *)
??0?$StringBase@G@@AAE@PBGH@Z,0x00037E10,BFME2 retail call target for StringBase<wchar_t>::StringBase(const wchar_t *, int)
??0?$VectorClass@VProxyRecordClass@@@@QAE@HPBVProxyRecordClass@@@Z,0x0019BAE0,address read from the REL32 displacement at a placed body; stlport 4.5.3
??0?$_STLP_alloc_proxy@PADDV?$allocator@D@_STL@@@_STL@@QAE@ABV?$allocator@D@1@PAD@Z,0x00007410,STLport 4.5.3 narrow string allocator proxy constructor; address read from retail _String_base constructor REL32 displacement
??0?$_STLP_alloc_proxy@PAIIV?$allocator@I@_STL@@@_STL@@QAE@ABV?$allocator@I@1@PAI@Z,0x0014F3C4,harvested from retail REL32 displacement at 0x0006BE8F
??0?$_STLP_alloc_proxy@PAU?$_List_node@F@_STL@@U12@V?$allocator@U?$_List_node@F@_STL@@@2@@_STL@@QAE@ABV?$allocator@U?$_List_node@F@_STL@@@1@PAU?$_List_node@F@1@@Z,0x0014F3C4,identical-code twin of the alloc proxy constructor already claimed at this address; read from the retail REL32 in _List_base at 0x004EC36C
??0?$_STLP_alloc_proxy@PAU?$_List_node@H@_STL@@U12@V?$allocator@U?$_List_node@H@_STL@@@2@@_STL@@QAE@ABV?$allocator@U?$_List_node@H@_STL@@@1@PAU?$_List_node@H@1@@Z,0x0014F3C4,identical-code twin of the alloc proxy constructor already claimed at this address; read from the retail REL32 in _List_base at 0x004EC36C
??0?$_STLP_alloc_proxy@PAU?$_Rb_tree_node@U?$pair@$$CBHH@_STL@@@_STL@@U12@V?$allocator@U?$_Rb_tree_node@U?$pair@$$CBHH@_STL@@@_STL@@@2@@_STL@@QAE@ABV01@@Z,0x0027EA56,address read from the retail REL32 at 0x00574B2D inside a body that byte-verifies against it
??0?$_STLP_alloc_proxy@PAU?$_Rb_tree_node@U?$pair@$$CBHPAX@_STL@@@_STL@@U12@V?$allocator@U?$_Rb_tree_node@U?$pair@$$CBHPAX@_STL@@@_STL@@@2@@_STL@@QAE@ABV?$allocator@U?$_Rb_tree_node@U?$pair@$$CBHPAX@_STL@@@_STL@@@1@PAU?$_Rb_tree_node@U?$pair@$$CBHPAX@_STL@@@1@@Z,0x0014F3C4,address read from the REL32 displacement at a placed body; folded onto the body held there under another instantiation's name; stlport 4.5.3
??0?$_STLP_alloc_proxy@PAUBfmeE16@@U1@V?$allocator@UBfmeE16@@@_STL@@@_STL@@QAE@ABV?$allocator@UBfmeE16@@@1@PAUBfmeE16@@@Z,0x0014F3C4,address read from the REL32 displacement at a placed body; folded onto the body held there under another instantiation's name; stlport 4.5.3
??0?$_STLP_alloc_proxy@PAUBfmeE8@@U1@V?$allocator@UBfmeE8@@@_STL@@@_STL@@QAE@ABV?$allocator@UBfmeE8@@@1@PAUBfmeE8@@@Z,0x0014F3C4,address read from the REL32 displacement at a placed body; folded onto the body held there under another instantiation's name; stlport 4.5.3
??0?$basic_string@DV?$char_traits@D@_STL@@V?$allocator@D@2@@_STL@@QAE@ABV01@@Z,0x00009170,STLport 4.6 narrow string copy constructor; address read from retail __put_float REL32 displacement
??0?$basic_string@DV?$char_traits@D@_STL@@V?$allocator@D@2@@_STL@@QAE@XZ,0x00007850,STLport 4.5.3 narrow string default constructor; address read from retail num_get<double>::do_get REL32 displacement
??0BoxEmissionVolumeModuleTemplate@FXParticleSystem@@QAE@ABV01@@Z,0x003A6738,BFME2 export; the module template copy constructor the ConcreteModuleTemplate wrapper calls
??0Buffer@@QAE@J@Z,0x00615710,address read from the REL32 displacement at a placed body; stlport 4.5.3
??0Buffer@@QAE@PAXJ@Z,0x006156D0,address read from the retail REL32 in both BufferPipe and BufferStraw constructors at 0x006159F0 and 0x0013C880
??0BufferPipe@@QAE@PAXH@Z,0x006159F0,address read from the REL32 displacement at a placed body; stlport 4.5.3
??0BufferStraw@@QAE@PBXH@Z,0x0013C880,address read from the REL32 displacement at a placed body; stlport 4.5.3
??0BufferedFileClass@@QAE@XZ,0x0061ADE0,address read from the REL32 displacement at a placed body; stlport 4.5.3
??0ButterflyDrawModuleTemplate@FXParticleSystem@@QAE@ABV01@@Z,0x003A7CEE,BFME2 export; the module template copy constructor the ConcreteModuleTemplate wrapper calls
??0ButterflyDrawModuleTemplate@FXParticleSystem@@QAE@XZ,0x003A7C97,BFME2 export; the module template default constructor the ConcreteModuleTemplate wrapper calls
??0CriticalSectionClass@@QAE@XZ,0x00613AE0,address read from the REL32 displacement at a placed body; stlport 4.5.3
??0CullSystemClass@@QAE@XZ,0x00724550,address read from the retail REL32 in ??0GridCullSystemClass at 0x0071CBE0
??0CylinderEmissionVolumeModuleTemplate@FXParticleSystem@@QAE@ABV01@@Z,0x003A6A49,BFME2 export; the module template copy constructor the ConcreteModuleTemplate wrapper calls
??0CylindricalEmissionVelocityModuleTemplate@FXParticleSystem@@QAE@ABV01@@Z,0x003A75D4,BFME2 export; the module template constructor the ConcreteModuleTemplate wrapper calls
??0CylindricalEmissionVelocityModuleTemplate@FXParticleSystem@@QAE@XZ,0x003A757D,BFME2 export; the module template constructor the ConcreteModuleTemplate wrapper calls
??0GpuDrawModuleTemplate@FXParticleSystem@@QAE@ABV01@@Z,0x003A9EC7,BFME2 export; the module template constructor the ConcreteModuleTemplate wrapper calls
??0GpuDrawModuleTemplate@FXParticleSystem@@QAE@XZ,0x003A9E29,BFME2 export; the module template constructor the ConcreteModuleTemplate wrapper calls
??0HemisphericalEmissionVelocityModuleTemplate@FXParticleSystem@@QAE@ABV01@@Z,0x003A7418,BFME2 export; the module template constructor the ConcreteModuleTemplate wrapper calls
??0HemisphericalEmissionVelocityModuleTemplate@FXParticleSystem@@QAE@XZ,0x003A73F8,BFME2 export; the module template constructor the ConcreteModuleTemplate wrapper calls
??0LifeEventModuleTemplate@FXParticleSystem@@QAE@ABV01@@Z,0x003A99E4,BFME2 export; the module template constructor the ConcreteModuleTemplate wrapper calls
??0LifeEventModuleTemplate@FXParticleSystem@@QAE@XZ,0x003A999C,BFME2 export; the module template constructor the ConcreteModuleTemplate wrapper calls
??0LightningDrawModuleTemplate@FXParticleSystem@@QAE@ABV01@@Z,0x003A7E8F,BFME2 export; the module template constructor the ConcreteModuleTemplate wrapper calls
??0LightningDrawModuleTemplate@FXParticleSystem@@QAE@XZ,0x003A7E38,BFME2 export; the module template constructor the ConcreteModuleTemplate wrapper calls
??0LightningEmissionModuleTemplate@FXParticleSystem@@QAE@ABV01@@Z,0x003A6CB0,BFME2 export; the module template constructor the ConcreteModuleTemplate wrapper calls
??0LightningEmissionModuleTemplate@FXParticleSystem@@QAE@XZ,0x003A6C59,BFME2 export; the module template constructor the ConcreteModuleTemplate wrapper calls
??0LineEmissionVolumeModuleTemplate@FXParticleSystem@@QAE@ABV01@@Z,0x003A65E9,BFME2 export; the module template copy constructor the ConcreteModuleTemplate wrapper calls
??0MatBufferClass@@QAE@HPBD@Z,0x0015B1A0,address read from the REL32 displacement at a placed body; stlport 4.5.3
??0OrthoEmissionVelocityModuleTemplate@FXParticleSystem@@QAE@ABV01@@Z,0x003A7173,BFME2 export; the module template constructor the ConcreteModuleTemplate wrapper calls
??0OrthoEmissionVelocityModuleTemplate@FXParticleSystem@@QAE@XZ,0x003A711C,BFME2 export; the module template constructor the ConcreteModuleTemplate wrapper calls
??0OutputStream@DebugIOFlat@@AAE@PBDI@Z,0x0003F840,address read from the REL32 displacement at a placed body; stlport 4.5.3
??0OutwardEmissionVelocityModuleTemplate@FXParticleSystem@@QAE@ABV01@@Z,0x003A76D5,BFME2 export; the module template constructor the ConcreteModuleTemplate wrapper calls
??0OutwardEmissionVelocityModuleTemplate@FXParticleSystem@@QAE@XZ,0x003A767E,BFME2 export; the module template constructor the ConcreteModuleTemplate wrapper calls
??0PointEmissionVolumeModuleTemplate@FXParticleSystem@@QAE@ABV01@@Z,0x003A64B0,BFME2 export; the module template copy constructor the ConcreteModuleTemplate wrapper calls
??0QuadDrawModuleTemplate@FXParticleSystem@@QAE@ABV01@@Z,0x003A7C4C,BFME2 export; the module template copy constructor the ConcreteModuleTemplate wrapper calls
??0QuadDrawModuleTemplate@FXParticleSystem@@QAE@XZ,0x003A7BF5,BFME2 export; the module template default constructor the ConcreteModuleTemplate wrapper calls
??0Random3Class@@QAE@II@Z,0x006200B0,identical-code fold with the STLport _Hashtable_iterator constructor already matched here - both store two dwords at +0 and +4; address read from the retail REL32 in StreakRendererClass::subdivision_util at 0x00743280
??0RandomTextureMapperClass@@QAE@ABV0@@Z,0x00186880,address read from the REL32 displacement at a placed body; stlport 4.5.3
??0RenderObjectDrawModuleTemplate@FXParticleSystem@@QAE@ABV01@@Z,0x003A9C80,BFME2 export; the module template constructor the ConcreteModuleTemplate wrapper calls
??0RenderObjectDrawModuleTemplate@FXParticleSystem@@QAE@XZ,0x003A9BE2,BFME2 export; the module template constructor the ConcreteModuleTemplate wrapper calls
??0RenderObjectUpdateModuleTemplate@FXParticleSystem@@QAE@ABV01@@Z,0x003A80FF,BFME2 export; the module template constructor the ConcreteModuleTemplate wrapper calls
??0RenderObjectUpdateModuleTemplate@FXParticleSystem@@QAE@XZ,0x003A80A8,BFME2 export; the module template constructor the ConcreteModuleTemplate wrapper calls
??0RotateTextureMapperClass@@QAE@ABV0@@Z,0x00182780,address read from the REL32 displacement at a placed body; stlport 4.5.3
??0SortingIndexBufferClass@@QAE@G@Z,0x00138B20,self-verifying: retail DynamicIBAccessClass::Allocate_Sorting_Dynamic_Buffer at 0x00138F50 encodes 0x00138B20 in its constructor call REL32 displacement
??0SphereEmissionVolumeModuleTemplate@FXParticleSystem@@QAE@ABV01@@Z,0x003A68AF,BFME2 export; the module template copy constructor the ConcreteModuleTemplate wrapper calls
??0SphericalEmissionVelocityModuleTemplate@FXParticleSystem@@QAE@ABV01@@Z,0x003A734E,BFME2 export; the module template constructor the ConcreteModuleTemplate wrapper calls
??0SphericalEmissionVelocityModuleTemplate@FXParticleSystem@@QAE@XZ,0x003A72F7,BFME2 export; the module template constructor the ConcreteModuleTemplate wrapper calls
??0StreakDrawModuleTemplate@FXParticleSystem@@QAE@ABV01@@Z,0x003A7B5F,BFME2 export; the module template copy constructor the ConcreteModuleTemplate wrapper calls
??0StreakDrawModuleTemplate@FXParticleSystem@@QAE@XZ,0x003A7B08,BFME2 export; the module template default constructor the ConcreteModuleTemplate wrapper calls
??0TerrainCollisionModuleTemplate@FXParticleSystem@@QAE@ABV01@@Z,0x003AA107,BFME2 export; the module template constructor the ConcreteModuleTemplate wrapper calls
??0TerrainCollisionModuleTemplate@FXParticleSystem@@QAE@XZ,0x003AA078,BFME2 export; the module template constructor the ConcreteModuleTemplate wrapper calls
??0TerrainFireEmissionModuleTemplate@FXParticleSystem@@QAE@ABV01@@Z,0x003A6F24,BFME2 export; the module template constructor the ConcreteModuleTemplate wrapper calls
??0TerrainFireEmissionModuleTemplate@FXParticleSystem@@QAE@XZ,0x003A6ECD,BFME2 export; the module template constructor the ConcreteModuleTemplate wrapper calls
??0TexBufferClass@@QAE@HPBD@Z,0x0015D080,address read from the REL32 displacement at a placed body; stlport 4.5.3
??0Vector3HollowSphereRandomizer@@QAE@M@Z,0x00723350,address read from the retail REL32 in ParticleEmitterDefClass::Create_Randomizer at 0x001AFF60
??0Vector3SolidSphereRandomizer@@QAE@M@Z,0x00723230,address read from the retail REL32 in ParticleEmitterDefClass::Create_Randomizer at 0x001AFF60
??0ZigZagLinearOffsetTextureMapperClass@@QAE@ABV0@@Z,0x001831C0,address read from the REL32 displacement at a placed body; stlport 4.5.3
??0_Filebuf_base@_STL@@QAE@XZ,0x0001D300,harvested from retail REL32 displacement at 0x00014670
??0_Time_Info@_STL@@QAE@XZ,0x00007920,STLport 4.5.3 _Time_Info constructor; target body constructs the exact 14 day 24 month 2 AM-PM and 5 format strings declared by the vendored header
??0gslice@_STL@@QAE@ABV01@@Z,0x000B43E5,harvested from retail REL32 displacement at 0x000B68F0
??0ios_base@_STL@@IAE@XZ,0x0001C1A0,harvested from retail REL32 displacement at 0x0001C5C0
??1?$allocator@PAX@_STL@@QAE@XZ,0x00023A40,ICF alias of the _STLP_alloc_proxy destructor landed at this address. The proxy derives from the allocator and both destructors are empty, so they compile to the same body and the linker folds them
??1?$basic_ostringstream@DV?$char_traits@D@_STL@@V?$allocator@D@2@@_STL@@UAE@XZ,0x001F66C6,address read from the REL32 displacement at a placed body; stlport 4.5.3
??1?$basic_streambuf@DV?$char_traits@D@_STL@@@_STL@@UAE@XZ,0x0001C6E0,harvested from retail REL32 displacement at 0x00015030
??1?$num_put@DV?$ostreambuf_iterator@DV?$char_traits@D@_STL@@@_STL@@@_STL@@MAE@XZ,0x000072E0,STLport 4.5.3 narrow num_put destructor; trivial so the linker folded it onto ??1facet at this address - slot 0 of its vftable at 0x007BBA2C reaches the folded scalar deleting destructor at 0x000072C0
??1AdaptiveDeltaMotionChannelClass@@QAE@XZ,0x001960E0,identical-code fold with TimeCodedMotionChannelClass::Free already matched here; address read from four retail REL32 sites in ~NodeCompressedMotionStruct at 0x0018F6A0
??1Bitmap@Gdiplus@@UAE@XZ,0x000012A3,ICF alias of Gdiplus::Image::~Image. MSVC 7.1 drops the dead derived vptr store from the implicit ~Bitmap and inlines the base body so the two COMDATs come out byte-identical; retail CImage::Load destroys its local Bitmap through this address
??1Buffer@@QAE@XZ,0x006157A0,address read from the REL32 displacement at a placed body; stlport 4.5.3
??1BufferPipe@@UAE@XZ,0x00615A50,address read from the REL32 displacement at a placed body; stlport 4.5.3
??1BufferStraw@@UAE@XZ,0x0013C8E0,address read from the REL32 displacement at a placed body; stlport 4.5.3
??1CriticalSectionClass@@QAE@XZ,0x00613B10,address read from the REL32 displacement at a placed body; stlport 4.5.3
??1CylindricalEmissionVelocityModuleTemplate@FXParticleSystem@@UAE@XZ,0x003A6201,BFME2 export; the module template destructor every category folds onto - three vtable stores walked back through the bases
??1GridLinkClass@@UAE@XZ,0x00719CC0,address read from the retail REL32 in the GridLinkClass vector deleting destructor at 0x0071B470
??1INIClass@@UAE@XZ,0x00617AC0,address read from the REL32 displacement at a placed body; stlport 4.5.3
??1LZHLDecompressor@@QAE@XZ,0x00692300,LZH-Light decompressor destructor; address read from the LZHLDestroyDecompressor REL32 at 0x0068ED8B
??1LightningDrawModuleTemplate@FXParticleSystem@@UAE@XZ,0x003A6201,BFME2 export; the module template destructor every category folds onto - three vtable stores walked back through the bases
??1LightningEmissionModuleTemplate@FXParticleSystem@@UAE@XZ,0x003A6201,BFME2 export; the module template destructor every category folds onto - three vtable stores walked back through the bases
??1LockClass@CriticalSectionClass@@QAE@XZ,0x00613B80,address read from the REL32 displacement at a placed body; stlport 4.5.3
??1ModelArrayClass@HLodClass@@UAE@XZ,0x0019E580,address read from the REL32 displacement at a placed body; stlport 4.5.3
??1OrthoEmissionVelocityModuleTemplate@FXParticleSystem@@UAE@XZ,0x003A6201,BFME2 export; the module template destructor every category folds onto - three vtable stores walked back through the bases
??1OutwardEmissionVelocityModuleTemplate@FXParticleSystem@@UAE@XZ,0x003A6201,BFME2 export; the module template destructor every category folds onto - three vtable stores walked back through the bases
??1RenderObjectUpdateModuleTemplate@FXParticleSystem@@UAE@XZ,0x003A6201,BFME2 export; the module template destructor every category folds onto - three vtable stores walked back through the bases
??1RoadType@@QAE@XZ,0x0018E750,address read from the REL32 displacement at a placed body; stlport 4.5.3
??1SortingNodeStruct@@QAE@XZ,0x0012FCA0,address read from the REL32 displacement at a placed body; stlport 4.5.3
??1TerrainFireEmissionModuleTemplate@FXParticleSystem@@UAE@XZ,0x003A6201,BFME2 export; the module template destructor every category folds onto - three vtable stores walked back through the bases
??1TextureStatisticsStruct@@QAE@XZ,0x00118800,address read from the REL32 displacement at a placed body; stlport 4.5.3
??1TimeCodedBitChannelClass@@QAE@XZ,0x001960C0,address read from the retail REL32 in ~NodeCompressedMotionStruct at 0x0018F6A0
??1TimeCodedMotionChannelClass@@QAE@XZ,0x001960E0,address read from the retail REL32 in ~NodeCompressedMotionStruct at 0x0018F6A0
??1__Named_exception@_STL@@UAE@XZ,0x00023850,address read from the REL32 displacement in logic_error and runtime_error's destructors; the body there is held as bad_alloc's destructor and the two folded
??1ios_base@_STL@@UAE@XZ,0x0001C220,STLport 4.5.3 ios_base destructor; address read from the basic_ios<char> and basic_ios<wchar_t> destructor tail jumps
??2@YAPAXI@Z,0x0002FDA0
??3@YAXPAX@Z,0x0002FD60,BFME2 scalar operator delete; guarded game-allocator release used by transport replacement
??4?$DefaultModuleTemplate@$00@FXParticleSystem@@QAEAAV01@ABV01@@Z,0x003A626A,BFME2 export; the module template assignment the ConcreteModuleTemplate wrapper forwards to
??4?$DefaultModuleTemplate@$01@FXParticleSystem@@QAEAAV01@ABV01@@Z,0x003A79E5,BFME2 export; the module template assignment the ConcreteModuleTemplate wrapper forwards to
??4?$DefaultModuleTemplate@$02@FXParticleSystem@@QAEAAV01@ABV01@@Z,0x003A7832,BFME2 export; the module template assignment the ConcreteModuleTemplate wrapper forwards to
??4?$DefaultModuleTemplate@$0A@@FXParticleSystem@@QAEAAV01@ABV01@@Z,0x003A63CD,BFME2 export; the module template assignment the ConcreteModuleTemplate wrapper forwards to
??4?$VectorClass@VModelNodeClass@HLodClass@@@@QAEAAV0@ABV0@@Z,0x0019E5B0,address read from the REL32 displacement at a placed body; stlport 4.5.3
??4?$vector@UPrereqUnitRec@ProductionPrerequisite@@V?$allocator@UPrereqUnitRec@ProductionPrerequisite@@@_STL@@@_STL@@QAEAAV01@ABV01@@Z,0x000120C0,address read from the REL32 displacement at a placed body; folded onto the body held there under another instantiation's name; stlport 4.5.3
??4?$vector@W4ScienceType@@V?$allocator@W4ScienceType@@@_STL@@@_STL@@QAEAAV01@ABV01@@Z,0x000120C0,address read from the REL32 displacement at a placed body; folded onto the body held there under another instantiation's name; stlport 4.5.3
??4AudioEventRTS@@QAEAAV0@ABV0@@Z,0x000366F0,address read from the REL32 displacement at a placed body; stlport 4.5.3
??4GpuDrawModuleInfo@FXParticleSystem@@QAEAAV01@ABV01@@Z,0x003A7EF0,BFME2 export; the module info assignment the module template forwards to
??4GpuDrawModuleTemplate@FXParticleSystem@@QAEAAV01@ABV01@@Z,0x003A7F1D,BFME2 export; the module template assignment the ConcreteModuleTemplate wrapper forwards to
??4LifeEventModuleInfo@FXParticleSystem@@QAEAAV01@ABV01@@Z,0x003A7A51,BFME2 export; the module info assignment the module template forwards to
??4LifeEventModuleTemplate@FXParticleSystem@@QAEAAV01@ABV01@@Z,0x003A7A7F,BFME2 export; the module template assignment the ConcreteModuleTemplate wrapper forwards to
??4LightningDrawModuleTemplate@FXParticleSystem@@QAEAAV01@ABV01@@Z,0x003A7ECF,BFME2 export; the module template assignment the ConcreteModuleTemplate wrapper forwards to
??4LightningEmissionModuleTemplate@FXParticleSystem@@QAEAAV01@ABV01@@Z,0x003A6CF0,BFME2 export; the module template assignment the ConcreteModuleTemplate wrapper forwards to
??4Matrix3@@QAEAAV0@ABVMatrix3D@@@Z,0x00716890,address read from the retail REL32 in ??0OBBoxIntersectionTestClass at 0x0014A3F0
??4OrthoEmissionVelocityModuleTemplate@FXParticleSystem@@QAEAAV01@ABV01@@Z,0x003A71B3,BFME2 export; the module template assignment the ConcreteModuleTemplate wrapper forwards to
??4RenderObjectDrawModuleInfo@FXParticleSystem@@QAEAAV01@ABV01@@Z,0x003A7D2E,BFME2 export; the module info assignment the module template forwards to
??4RenderObjectDrawModuleTemplate@FXParticleSystem@@QAEAAV01@ABV01@@Z,0x003A7DA9,BFME2 export; the module template assignment the ConcreteModuleTemplate wrapper forwards to
??4RenderObjectUpdateModuleTemplate@FXParticleSystem@@QAEAAV01@ABV01@@Z,0x003A813F,BFME2 export; the module template assignment the ConcreteModuleTemplate wrapper forwards to
??4SplitChoiceStruct@AABTreeBuilderClass@@QAEAAU01@ABU01@@Z,0x00198BF0,Builder SplitChoice assignment109B exact; retail Build_Tree REL32 at199BAE; address already claimed by Node SplitChoice assignment so alias adds no coverage
??4StringClass@@QAEABV0@PBD@Z,0x000F0E8D,address read from the REL32 displacement at a placed body; stlport 4.5.3
??4TRoadSegInfo@@QAEAAU0@ABU0@@Z,0x000D69D3,address read from the REL32 displacement at a placed body; stlport 4.5.3
??4TerrainCollisionModuleInfo@FXParticleSystem@@QAEAAV01@ABV01@@Z,0x003A81AE,BFME2 export; the module info assignment the module template forwards to
??4TerrainCollisionModuleTemplate@FXParticleSystem@@QAEAAV01@ABV01@@Z,0x003A81E2,BFME2 export; the module template assignment the ConcreteModuleTemplate wrapper forwards to
??4TerrainFireEmissionModuleTemplate@FXParticleSystem@@QAEAAV01@ABV01@@Z,0x003A6F64,BFME2 export; the module template assignment the ConcreteModuleTemplate wrapper forwards to
??4locale@_STL@@QAEABV01@ABV01@@Z,0x00007160,STLport 4.5.3 locale assignment; address read from the retail wide basic_streambuf pubimbue REL32 displacement
??8@YA_NABVAsciiString@@0@Z,0x006EFBC0,address read from the REL32 displacement at a placed body; stlport 4.5.3
??8locale@_STL@@QBE_NABV01@@Z,0x0000BB10,STLport 4.5.3 locale equality; the body compares the two impl pointers then falls back on three name() calls at 0x0000BAE0 and a not-equal against the nameless string object at 0x00DDEB2C. Address read from the REL32 in the operator!= wrapper at 0x0000BC40
??A?$IndexClass@HPAUINISection@@@@QBEABQAUINISection@@ABH@Z,0x00616A60,address read from the REL32 displacement at a placed body; stlport 4.5.3
??G?$_Deque_iterator@UBfmeE12@@U?$_Nonconst_traits@UBfmeE12@@@_STL@@@_STL@@QBE?AU01@H@Z,0x004221E6,address read from the REL32 displacement at a placed deque<12-byte element> body; stlport 4.5.3
??H?$_Deque_iterator@UBfmeE12@@U?$_Nonconst_traits@UBfmeE12@@@_STL@@@_STL@@QBE?AU01@H@Z,0x00584E57,address read from the REL32 displacement at a placed deque<12-byte element> body; stlport 4.5.3
??_H@YGXPAXIHP6EPAX0@Z@Z,0x00001423,address read from the REL32 displacement at a placed body; folded onto the body held there under another instantiation's name; stlport 4.5.3
??_L@YGXPAXIHP6EX0@Z1@Z,0x00629512,MSVC 7.1 eh vector constructor iterator; Ghidra names this address and the _Time_Info constructor at 0x00007920 calls it three times for the 14, 24 and 2 element string arrays
??_M@YGXPAXIHP6EX0@Z@Z,0x00629110,MSVC 7.1 eh vector destructor iterator; Ghidra names this address and the _Time_Info destructor at 0x00007A00 calls it three times for the 14, 24 and 2 element string arrays
??_U@YAPAXI@Z,0x0002FDE0,harvested from retail REL32 displacement at 0x0001D9F0
??_V@YAXPAX@Z,0x0002FD80,harvested from retail REL32 displacement at 0x00014010
?Add@?$DynamicVectorClass@PAVVertexMaterialClass@@@@QAE_NABQAVVertexMaterialClass@@@Z,0x001A3A60,address read from the REL32 displacement at a placed body; folded onto the body held there under another instantiation's name; stlport 4.5.3
?Add@?$DynamicVectorClass@UWeightInfoStruct@NamedPivotMapClass@@@@QAE_NABUWeightInfoStruct@NamedPivotMapClass@@@Z,0x00196880,address read from the retail REL32 in ?Add at 0x00196AA0
?Add@?$DynamicVectorClass@VShaderClass@@@@QAE_NABVShaderClass@@@Z,0x001A3A60,address read from the REL32 displacement at a placed body; folded onto the body held there under another instantiation's name; stlport 4.5.3
?Add@?$SimpleDynVecClass@VVector3@@@@QAE_NABVVector3@@H@Z,0x001002C5,address read from the REL32 displacement at a placed body; stlport 4.5.3
?Allocate_DX8_Dynamic_Buffer@DynamicIBAccessClass@@QAEXXZ,0x00138E00,address read from the REL32 displacement at a placed body; stlport 4.5.3
?Allocate_Object_Memory@?$ObjectPoolClass@VHAnimComboDataClass@@$0BAA@@@QAEPAVHAnimComboDataClass@@XZ,0x001963A0,address read from the verified REL32 in HAnimComboClass(int) at 0x00196B80
?Allocate_Object_Memory@?$ObjectPoolClass@VGridLinkClass@@$0BAA@@@QAEPAVGridLinkClass@@XZ,0x0071AED0,address read from the REL32 displacement at a placed body; stlport 4.5.3
?Allocate_Object_Memory@?$ObjectPoolClass@VMultiListNodeClass@@$0BAA@@@QAEPAVMultiListNodeClass@@XZ,0x00610680,address read from the REL32 displacement at a placed body; stlport 4.5.3
?Allocate_Sorting_Dynamic_Buffer@DynamicIBAccessClass@@QAEXXZ,0x00138F50,address read from the REL32 displacement at a placed body; stlport 4.5.3
?AtlThrow@ATL@@YGXJ@Z,0x00001125,ATL 7.1 ATL_NOINLINE thrower; target body raises a CAtlException through _CxxThrowException. Address read from retail CA2WEX<128>::Init REL32 displacement at 0x00001DEC
?BFME_DX8_Thread_Assert@@YAXXZ,0x00120F50,releases BFMEs DX8 device mutex - decrements the recursion count at 0x00DEDA8C and signals the handle at 0x00DEC598; address read from retail REL32 at 0x00138840
?BFME_DX8_Thread_Lock@@YAXXZ,0x0011F520,takes BFMEs DX8 device mutex with a 20-second WaitForSingleObject on 0x00DEC598; address read from retail REL32 at 0x00138790
?Build_Sentence_Not_Centered@Render2DSentenceClass@@AAE?AVVector2@@PBGPAH1_N@Z,0x00159700,address read from the REL32 displacement at a placed body; stlport 4.5.3
?CPUID@CPUDetectClass@@SA_NAAI000I@Z,0x006118C0,CPUDetectClass::CPUID. Address is the REL32 in Init_Processor_Manufacturer at 0x00611B00; Ghidra sizes it 103 which is exactly what the ported cpudetect.cpp emits for this symbol. Not landed as a row yet - the body reproduces from its second instruction on and differs only in the entry test, where retail compares the HasCPUIDInstruction byte in place and every spelling here loads it into al first
?CRC_Memory@@YAKPBEKK@Z,0x006157D0,address read from the REL32 displacement at a placed body; stlport 4.5.3
?Clear@?$VectorClass@H@@UAEXXZ,0x000F0CD4,VectorClass<int>::Clear; vftable 0x007BB5AC slot 3 and scalar dtor call at 0x0000232B identify the retail body
?Clear@INIClass@@QAE_NPBD0@Z,0x00616C60,address read from the REL32 displacement at a placed body; stlport 4.5.3
?Collide@CollisionMath@@SA_NABVAABoxClass@@ABVVector3@@ABVTriClass@@PAUCastResultStruct@@@Z,0x00726790,address read from the retail REL32 in CollisionMath::Overlap_Test(AABoxClass,TriClass) at 0x00723EA0
?Convert_Shader@W3dUtilityClass@@SAXABVShaderClass@@PAUW3dShaderStruct@@@Z,0x001A45E3,address read from the REL32 displacement at a placed body; stlport 4.5.3
?CreateEx@CImage@ATL@@QAEHHHHKPBKK@Z,0x00002690,ATL 7.1 CImage::CreateEx; retail call target of CImage::Create at 0x00002942 and identified in reverse/attempts/0x00002690.cpp
?CreateFromGdiplusBitmap@CImage@ATL@@QAEJAAVBitmap@Gdiplus@@@Z,0x0000295E,ATL 7.1 CImage::CreateFromGdiplusBitmap; retail call target of CImage::Load at 0x00002BB5
?Cur_Chunk_ID@ChunkLoadClass@@QAEKXZ,0x00615020,address read from the REL32 displacement at a placed body; stlport 4.5.3
?Cur_Micro_Chunk_ID@ChunkLoadClass@@QAEKXZ,0x006150A0,address read from the REL32 displacement at a placed body; stlport 4.5.3
?DX8_Assert@@YAXXZ,0x0069E440,called from the DX8 arm of every index-buffer lock body; address read from retail REL32 at 0x00138840
?DebugAllocMemory@@YAPAXI@Z,0x0003E450,address read from the REL32 displacement at a placed body; stlport 4.5.3
?DebugFreeMemory@@YAXPAX@Z,0x0003E3C0,address read from the REL32 displacement at a placed body; stlport 4.5.3
?Device_To_View_Space@CameraClass@@QAEXABVVector2@@PAVVector3@@@Z,0x00134650,address read from the retail REL32 in ?Device_To_World_Space at 0x00134730
?Enable_Fog@ShaderClass@@QAEXPBD@Z,0x00138200,address read from the REL32 displacement at a placed body; stlport 4.5.3
?ExpandMagic@DebugIOFlat@@CAXPBD0PAD@Z,0x0003FA20,address read from the REL32 displacement at a placed body; stlport 4.5.3
?Flush@OutputStream@DebugIOFlat@@QAEXXZ,0x0003F960,address read from the REL32 displacement at a placed body; stlport 4.5.3
?Format@StringClass@@QAAHPBDZZ,0x00610DD0,address read from the retail REL32 in SimpleFileFactoryClass::Get_File at 0x00613750 - two call sites both encode it
?Free@HLodDefClass@@AAEXXZ,0x0019F5B0,address read from the REL32 displacement at a placed body; stlport 4.5.3
?FreeHeap@?$CTempBuffer@D$0IA@VCCRTAllocator@ATL@@@ATL@@AAEXXZ,0x000056C7,CTempBuffer FreeHeap emitted bytes equal CW2AEX deallocate ICF body; retail GetStringTypeExWFake calls this address; alias pin avoids duplicate progress claim
?Free_Object_Memory@?$ObjectPoolClass@VGridLinkClass@@$0BAA@@@QAEXPAVGridLinkClass@@@Z,0x00196470,identical-code fold with the MultiListNodeClass pool free already matched here; address read from the retail REL32 in the GridLinkClass vector deleting destructor at 0x0071B470
?Free_Object_Memory@?$ObjectPoolClass@VMultiListNodeClass@@$0BAA@@@QAEXPAVMultiListNodeClass@@@Z,0x00196470,address read from the REL32 displacement at a placed body; stlport 4.5.3
?Free_String@StringClass@@AAEXXZ,0x00610A40,address read from the REL32 displacement at a placed body
?GdiplusShutdown@Gdiplus@@YGXK@Z,0x00628F6E,GDI+ import thunk identified by official ATL 7.1 call and retail target
?GdiplusStartup@Gdiplus@@YG?AW4Status@1@PAKPBUGdiplusStartupInput@1@PAUGdiplusStartupOutput@1@@Z,0x00628F68,GDI+ import thunk; retail target of ATL CImage::CInitGDIPlus::Init
?Get@Base64Straw@@UAEHPAXH@Z,0x0061B350,address read from the REL32 displacement at a placed body; stlport 4.5.3
?Get_Channel_Memory_Usage@AdaptiveDeltaMotionChannelClass@@QAEHXZ,0x001960B0,address read from the retail REL32 in ?Get_Channel_Memory_Usage at 0x0018F7B0
?Get_Channel_Memory_Usage@TimeCodedBitChannelClass@@QAEHXZ,0x00195EE0,address read from the retail REL32 in ?Get_Channel_Memory_Usage at 0x0018F7B0
?Get_Char_Data@FontCharsClass@@AAEPBVFontCharsClassCharDataStruct@@G@Z,0x00158520,address read from the REL32 displacement at a placed body; stlport 4.5.3
?Get_First_Collected_Object_Internal@CullSystemClass@@IAEPAVCullableClass@@XZ,0x007244B0,address read from the retail REL32 in ?Re_Partition at 0x0071C7D0
?Get_Float@INIClass@@QBEMPBD0M@Z,0x00616E90,address read from the REL32 displacement at a placed body; stlport 4.5.3
?Get_Next_Collected_Object_Internal@CullSystemClass@@IAEPAVCullableClass@@PAV2@@Z,0x00724570,address read from the retail REL32 in ?Re_Partition at 0x0071C7D0
?Get_SS_Category@ShaderClass@@QBE?AW4StaticSortCategoryType@1@XZ,0x00138130,address read from the REL32 displacement at a placed body; stlport 4.5.3
?Get_Shader@LineGroupClass@@QAE?AVShaderClass@@XZ,0x0013EDB0,identical-code twins folded at this address; read from the retail REL32 in ParticleBufferClass::Get_Shader at 0x001A7B10
?Get_Shader@ParticleBufferClass@@QBE?AVShaderClass@@XZ,0x001A7B10,address read from the REL32 displacement at a placed body; stlport 4.5.3
?Get_Shader@PointGroupClass@@QAE?AVShaderClass@@XZ,0x0013EDB0,identical-code twins folded at this address; read from the retail REL32 in ParticleBufferClass::Get_Shader at 0x001A7B10
?Get_String@StringClass@@AAEXH_N@Z,0x00610B00,address read from the REL32 displacement at a placed body; stlport 4.5.3
?Get_Texture@BFMELineGroupTexture@@QBE?AVTextureHandleClass@ParticleBufferClass@@XZ,0x001790E0,BFMEs group classes return the texture handle by value; the point and line group overloads are folded at this address; read from the retail REL32 in ParticleBufferClass::Get_Texture at 0x001A7A60
?Get_Texture@BFMELineRendererTexture@@QBE?AVTextureHandleClass@ParticleBufferClass@@XZ,0x00191210,BFMEs group classes return the texture handle by value; the point and line group overloads are folded at this address; read from the retail REL32 in ParticleBufferClass::Get_Texture at 0x001A7A60
?Get_Texture@BFMEPointGroupTexture@@QBE?AVTextureHandleClass@ParticleBufferClass@@XZ,0x001790E0,BFMEs group classes return the texture handle by value; the point and line group overloads are folded at this address; read from the retail REL32 in ParticleBufferClass::Get_Texture at 0x001A7A60
?Get_Texture@ParticleBufferClass@@QBE?AVTextureHandleClass@1@XZ,0x001A7A60,address read from the REL32 displacement at a placed body; stlport 4.5.3
?Init@?$CW2AEX@$0IA@@ATL@@AAEXPBGI@Z,0x000056D1,ATL 7.1 CW2AEX<> conversion initializer; retail target is the exact adjacent ATL Init body
?Init@CComCriticalSection@ATL@@QAEJXZ,0x0000323B,ATL 7.1 CComCriticalSection::Init; retail call target of AtlWinModuleInit with ecx = the module critical section at +4
?Init_Compact_Log@CPUDetectClass@@CAXXZ,0x00612ED0,address read from the REL32 displacement at a placed body; stlport 4.5.3
?Init_Memory@CPUDetectClass@@CAXXZ,0x00611810,address read from the REL32 displacement at a placed body; stlport 4.5.3
?Init_Processor_Log@CPUDetectClass@@CAXXZ,0x00612770,address read from the REL32 displacement at a placed body; stlport 4.5.3
?Init_Processor_Speed@CPUDetectClass@@CAXXZ,0x00611180,address read from the REL32 displacement at a placed body; stlport 4.5.3
?Initialize@HLodDefClass@@QAEXAAVHLodClass@@@Z,0x0019F620,address read from the retail REL32 in HLodDefClass::HLodDefClass(HLodClass&) at 0x001A0350
?LZHLDestroyDecompressor@@YAXPAX@Z,0x0068ED80
?Load@INIClass@@QAEHAAVFileClass@@@Z,0x00619120,address read from the REL32 displacement at a placed body; stlport 4.5.3
?Load@INIClass@@QAEHAAVStraw@@@Z,0x00617B10,address read from the retail REL32 in INIClass::Load(FileClass&) at 0x00619120
?Load_W3D@TimeCodedBitChannelClass@@QAE_NAAVChunkLoadClass@@@Z,0x00195E20,address read from the REL32 displacement at a placed body; stlport 4.5.3
?Lock@BFMEPoolCriticalSection@@QAEXXZ,0x0006577F,BFMEs pool spin lock - lock bts dword [ebx] 0 with a thread yield on contention; the ADDRESS is read from the retail REL32 in ObjectPoolClass<MultiListNodeClass>::Free_Object_Memory at 0x00196470 and is self-verifying but the NAME is ours not a recovered symbol
?Log_DX8_ErrorCode@@YAXI@Z,0x0011F450,the out-of-line half of DX8_ErrorCode; pushes the DXER tag and reaches Debug::SkipNext; address read from retail REL32 at 0x00138840
?Notify_Added@RenderObjClass@@UAEXPAVSceneClass@@@Z,0x0013BCD0,address read from the REL32 displacement at a placed body; stlport 4.5.3
?Notify_Removed@RenderObjClass@@UAEXPAVSceneClass@@@Z,0x0013BCE0,address read from the REL32 displacement at a placed body; stlport 4.5.3
?Overlap_Test@CollisionMath@@SA?AW4OverlapType@1@ABVFrustumClass@@ABVAABoxClass@@@Z,0x00719A70,address read from the retail REL32 in ?Collect_Objects at 0x0071BFB0
?Overlap_Test@CollisionMath@@SA?AW4OverlapType@1@ABVOBBoxClass@@ABVAABoxClass@@@Z,0x00724800,address read from the retail REL32 in ?Collect_Objects at 0x0071BBC0
?Poly_Count@AABTreeBuilderClass@@QAEHXZ,0x00144010,address read from the REL32 displacement at a placed body; stlport 4.5.3
?Put@Base64Pipe@@UAEHPBXH@Z,0x0061B170,address read from the REL32 displacement at a placed body; stlport 4.5.3
?Put_String@INIClass@@QAE_NPBD00@Z,0x00616FB0,address read from the REL32 displacement at a placed body; stlport 4.5.3
?Read_Nodes@AABTreeClass@@AAEXAAVChunkLoadClass@@@Z,0x00197D20,address read from the REL32 displacement at a placed body; stlport 4.5.3
?Release_Ref@TextureBaseClass@@QAEXXZ,0x0061ED10,address read from the REL32 displacement at a placed body; stlport 4.5.3
?Reset@SubObjectArrayClass@HLodDefClass@@QAEXXZ,0x0019B210,address read from the REL32 displacement at a placed body; stlport 4.5.3
?Reset_Collection@CullSystemClass@@QAEXXZ,0x0065D1C0,address read from the REL32 displacement at a placed body; stlport 4.5.3
?Resize@?$VectorClass@UTextureStatisticsStruct@@@@UAE_NHPBUTextureStatisticsStruct@@@Z,0x00129990,address read from the REL32 displacement at a placed body; stlport 4.5.3
?Resize@StringClass@@AAEXH@Z,0x00610C70,address read from the REL32 displacement at a placed body; stlport 4.5.3
?Return_File@RawFileFactoryClass@@QAEXPAVFileClass@@@Z,0x006132A0,address read from the retail REL32 in INIClass::Save(const char*) at 0x00616650
?Save@INIClass@@QBEHAAVFileClass@@@Z,0x006165B0,address read from the REL32 displacement at a placed body; stlport 4.5.3
?Save_W3D@SubObjectArrayClass@HLodDefClass@@QAE_NAAVChunkSaveClass@@@Z,0x0019B370,address read from the REL32 displacement at a placed body; stlport 4.5.3
?Search_For_Node@?$IndexClass@HPAUINISection@@@@ABEPBUNodeElement@1@ABH@Z,0x00616730,address read from the REL32 displacement at a placed body; folded onto the body held there under another instantiation's name; stlport 4.5.3
?Seek@ChunkLoadClass@@QAEKK@Z,0x006150C0,address read from the retail REL32 in ?Load_W3D at 0x00195AE0
?Set_Animation@Animatable3DObjClass@@UAEXPAVHAnimClass@@M0MM@Z,0x001A4D10,address read from the REL32 displacement at a placed body; stlport 4.5.3
?Set_Animation@Animatable3DObjClass@@UAEXPAVHAnimClass@@MH@Z,0x001A4BF0,address read from the REL32 displacement at a placed body; stlport 4.5.3
?Set_Animation@Animatable3DObjClass@@UAEXXZ,0x001A4BD0,address read from the REL32 displacement at a placed body; stlport 4.5.3
?Set_DX8_Render_State@DX8Wrapper@@SAXKI@Z,0x0006615F,address read from the REL32 displacement at a placed body; stlport 4.5.3
?Set_DX8_Texture_Stage_State@DX8Wrapper@@SAXIKI@Z,0x000661DD,address read from the REL32 displacement at a placed body; stlport 4.5.3
?SimpleMatch@Debug@@SA_NPBD0@Z,0x00039480,address read from the REL32 displacement at a placed body; stlport 4.5.3
?SkipNext@Debug@@SA_N_N@Z,0x00038790,Debug::SkipNext; address read by locate.py from the REL32 in ProfileAllocMemory. The body captures _ReturnAddress() and forwards it with its argument to Debug slot 0x5C - recording the call site, which is what the reference header says SkipNext does. This engine's takes a bool where the reference declares it void
?Uninitialised_Grow@StringClass@@AAEXH@Z,0x00610CF0,address read from the REL32 displacement at a placed body; stlport 4.5.3
?Uninitialised_Grow@WideStringClass@@AAEXH@Z,0x00619E30,address read from the REL32 displacement at a placed body; stlport 4.5.3
?Which_Side@AABTreeBuilderClass@@AAE?AW4OverlapType@1@ABVAAPlaneClass@@H@Z,0x00198C60,address read from the REL32 displacement at a placed body; stlport 4.5.3
?_AtlVerifyStackAvailable@_ATL_SAFE_ALLOCA_IMPL@ATL@@YA_NI@Z,0x00001020,ATL 7.1 _ATL_SAFE_ALLOCA stack probe; retail call target of the palette allocation in CImage::CreateFromGdiplusBitmap at 0x0000295E
?_Init_timeinfo@_STL@@YAXAAV_Time_Info@1@@Z,0x00019260,STLport 4.5.3 default time-info initializer; target body fills the _Time_Info string table declared by the vendored header
?_Initialize_get_float@_STL@@YAXABV?$ctype@G@1@AAG111PAG@Z,0x0001A640,STLport 4.5.3 wide floating-point character-table initializer; address read from retail wide scanner REL32 displacement
?_Invalidate_Mesh_Cache@WW3D@@SAXXZ,0x001170A0,address read from the retail REL32 in DX8IndexBufferClass::DX8IndexBufferClass at 0x00138980
?_M_advance@?$_Deque_iterator_base@UBfmeE12@@@_STL@@QAEXH@Z,0x00584CB2,address read from the retail REL32 in both _Deque_iterator<BfmeE12> offset operators at 0x00584E57 and 0x004221E6
?_M_allocate_buffers@?$basic_filebuf@DV?$char_traits@D@_STL@@@_STL@@AAE_NPADH@Z,0x00013F10,harvested from retail REL32 displacement at 0x00015C00
?_M_allocate_buffers@?$basic_filebuf@GV?$char_traits@G@_STL@@@_STL@@AAE_NPAGH@Z,0x000148F0,harvested from retail REL32 displacement at 0x00014890
?_M_close@_Filebuf_base@_STL@@QAE_NXZ,0x0001D570,harvested from retail REL32 displacement at 0x000150B0
?_M_decrement@?$_Rb_global@_N@_STL@@SAPAU_Rb_tree_node_base@2@PAU32@@Z,0x000242C0,STLport 4.5.3 red-black tree decrement; address read by locate.py from the REL32 in the map erase bodies at 0x0061F7B0 and 0x00620280
?_M_doit@?$_Underflow@DV?$char_traits@D@_STL@@@_STL@@SAHPAV?$basic_filebuf@DV?$char_traits@D@_STL@@@2@@Z,0x0001E560,STLport 4.5.3 narrow _Underflow::_M_doit; address read by decode_calls.py from the REL32 in the narrow filebuf underflow forwarder at 0x00013D90 - the wide equivalent is already claimed at 0x00015EA0
?_M_erase@?$_Rb_tree@HU?$pair@$$CBHH@_STL@@U?$_Select1st@U?$pair@$$CBHH@_STL@@@2@U?$less@H@2@V?$allocator@U?$pair@$$CBHH@_STL@@@2@@_STL@@AAEXPAU?$_Rb_tree_node@U?$pair@$$CBHH@_STL@@@2@@Z,0x000692F5,STLport 4.5.3 red-black subtree erase for map<int,int>; address read by locate.py from the REL32 in the range erase at 0x0061F7B0
?_M_file_size@_Filebuf_base@_STL@@QAEJXZ,0x0001D360,harvested from retail REL32 displacement at 0x00013D20
?_M_fill_assign@?$vector@PAXV?$allocator@PAX@_STL@@@_STL@@QAEXIABQAX@Z,0x00027D40,address read from the retail REL32 in vector<void*>::assign at 0x00029120 - self-verifying because that 29-byte body is the displacement
?_M_fill_insert@?$vector@PAXV?$allocator@PAX@_STL@@@_STL@@QAEXPAPAXIABQAX@Z,0x00029CA0,harvested from retail REL32 displacement at 0x00622410
?_M_increment@?$_Rb_global@_N@_STL@@SAPAU_Rb_tree_node_base@2@PAU32@@Z,0x00024250,harvested from retail REL32 displacement at 0x0061F640
?_M_insert@?$hashtable@U?$pair@$$CBHH@_STL@@HU?$hash@H@2@U?$_Select1st@U?$pair@$$CBHH@_STL@@@2@U?$equal_to@H@2@V?$allocator@U?$pair@$$CBHH@_STL@@@2@@_STL@@QAEAAU?$pair@$$CBHH@2@ABU32@@Z,0x00620F60,harvested from retail REL32 displacement at 0x006215B0
?_M_insert_aux@?$basic_string@DV?$char_traits@D@_STL@@V?$allocator@D@2@@_STL@@AAEPADPADD@Z,0x00011D20,STLport 4.5.3 narrow string single-character insert helper; address read from retail basic_string<char>::insert REL32 displacement at 0x00011D08
?_M_insert_aux@?$basic_string@GV?$char_traits@G@_STL@@V?$allocator@G@2@@_STL@@AAEPAGPAGG@Z,0x00012D10,STLport 4.5.3 wide string single-character insert helper; address read from retail basic_string<wchar_t>::insert REL32 displacement
?_M_insert_overflow@?$vector@FV?$allocator@F@_STL@@@_STL@@IAEXPAFABFABU__true_type@2@I_N@Z,0x0007EAA7,address read from the REL32 displacement at a placed body; stlport 4.5.3
?_M_insert_overflow@?$vector@HV?$allocator@H@_STL@@@_STL@@IAEXPAHABHABU__true_type@2@I_N@Z,0x006887F0,harvested from retail REL32 displacement at 0x00688940
?_M_new_elements_at_back@?$deque@UBfmeE12@@V?$allocator@UBfmeE12@@@_STL@@@_STL@@IAEXI@Z,0x00585A9A,address read from the REL32 displacement at a placed deque<12-byte element> body; stlport 4.5.3
?_M_new_elements_at_front@?$deque@UBfmeE12@@V?$allocator@UBfmeE12@@@_STL@@@_STL@@IAEXI@Z,0x00585A57,address read from the REL32 displacement at a placed deque<12-byte element> body; stlport 4.5.3
?_M_open@_Filebuf_base@_STL@@QAE_NPBDHJ@Z,0x0001D390,harvested from retail REL32 displacement at 0x0001D7E0
?_M_push_back_aux_v@?$deque@UBfmeE12@@V?$allocator@UBfmeE12@@@_STL@@@_STL@@IAEXABUBfmeE12@@@Z,0x00423558,address read from the REL32 displacement at a placed deque<12-byte element> body; stlport 4.5.3
?_M_push_back_aux_v@?$deque@UBfmeE8@@V?$allocator@UBfmeE8@@@_STL@@@_STL@@IAEXABUBfmeE8@@@Z,0x0054B456,address read from the REL32 displacement at a placed body; stlport 4.5.3
?_M_push_front_aux_v@?$deque@HV?$allocator@H@_STL@@@_STL@@IAEXABH@Z,0x00621690,harvested from retail REL32 displacement at 0x006223F0
?_M_read@_Filebuf_base@_STL@@QAEHPADH@Z,0x0001D5D0,harvested from retail REL32 displacement at 0x00015F50
?_M_reallocate_map@?$deque@HV?$allocator@H@_STL@@@_STL@@IAEXI_N@Z,0x0073D5E0,harvested from retail REL32 displacement at 0x00620FD0
?_M_reallocate_map@?$deque@PAXV?$allocator@PAX@_STL@@@_STL@@IAEXI_N@Z,0x003B57E5,identical-code twin of the BfmeE8 body already matched at this address; read from the retail REL32 in deque<void*>::_M_reserve_map_at_back at 0x002F1F19
?_M_reserve_map_at_back@?$deque@PAXV?$allocator@PAX@_STL@@@_STL@@IAEXI@Z,0x002F1F19,address read from the REL32 displacement at a placed body; stlport 4.5.3
?_M_reserve_map_at_back@?$deque@UBfmeE12@@V?$allocator@UBfmeE12@@@_STL@@@_STL@@IAEXI@Z,0x0042305C,address read from the REL32 displacement at a placed body; stlport 4.5.3
?_M_seek@_Filebuf_base@_STL@@QAEJJH@Z,0x0001D6D0,harvested from retail REL32 displacement at 0x00013D20
?_M_seek_return@?$basic_filebuf@DV?$char_traits@D@_STL@@@_STL@@AAE?AV?$fpos@H@2@JH@Z,0x000143D0,harvested from retail REL32 displacement at 0x00014010
?_M_seek_return@?$basic_filebuf@GV?$char_traits@G@_STL@@@_STL@@AAE?AV?$fpos@H@2@JH@Z,0x00014DA0,harvested from retail REL32 displacement at 0x00014F30
?_M_subtract@?$_Deque_iterator_base@UBfmeE12@@@_STL@@QBEHABU12@@Z,0x004218A5,address read from the REL32 displacement at a placed deque<12-byte element> body; stlport 4.5.3
?_M_throw_failure@ios_base@_STL@@IAEXXZ,0x0001BC50,harvested from retail REL32 displacement at 0x000137E0
?_M_unmap@_Filebuf_base@_STL@@QAEXPAXJ@Z,0x0001D780,harvested from retail REL32 displacement at 0x00014430
?_M_write@_Filebuf_base@_STL@@QAE_NPADH@Z,0x0001DB00,harvested from retail REL32 displacement at 0x00014500
?_Rebalance_for_erase@?$_Rb_global@_N@_STL@@SAPAU_Rb_tree_node_base@2@PAU32@AAPAU32@11@Z,0x00025620,STLport 4.5.3 red-black rebalance after erase; address read by locate.py from the REL32 in the map erase bodies
?_Stl_loc_init_facets@_STL@@YAXXZ,0x00006F80,STLport 4.5.3 classic-locale initialisation helper - called first by ios_base::_Loc_init at 0x0000F740 before the classic locale impl is built. ADDRESS is evidenced by the REL32; the NAME is inferred from the role because these live in STLport src/ which the vendored tree does not carry
?_Stl_make_classic_locale@_STL@@YAPAV_Locale_impl@1@XZ,0x0000B730,STLport 4.5.3 classic-locale initialisation helper - called second by ios_base::_Loc_init and its result stored into _Stl_classic_locale_impl at 0x00DDEB18. ADDRESS is evidenced by the REL32; the NAME is inferred from the role because these live in STLport src/ which the vendored tree does not carry
?_Stl_string_to_double@_STL@@YANPBD@Z,0x0001ACE0,STLport 4.5.3 string-to-double conversion; address read from the __string_to_float wrappers REL32 at 0x0001AFB7
?_Stl_string_to_long_double@_STL@@YAOPBD@Z,0x0001AE40,STLport 4.5.3 string-to-long-double conversion; address read from the long double __string_to_float REL32 at 0x0001AFF7
?_Transfer@?$_List_global@_N@_STL@@SAXPAU_List_node_base@2@00@Z,0x00024470,address read from the retail REL32 in ?splice at 0x004CEA94
?__adjust_float_buffer@_STL@@YAXPAD0D@Z,0x0001B3B0,STLport 4.6 narrow decimal-point buffer adjustment; address read from retail __put_float REL32 displacement
?__convert_float_buffer@_STL@@YAPAGPBD0PAGABV?$ctype@G@1@G@Z,0x0001B350,STLport wide floating-point character conversion helper; address read from retail wide floating-point output REL32 displacement
?__get_fdigit@_STL@@YA_NAAGPBG@Z,0x00018200,STLport 4.5.3 wide floating-point digit classifier; address read from retail wide digit scanner REL32 displacement
?__get_fdigit_or_sep@_STL@@YA_NAAGGPBG@Z,0x00018240,STLport 4.5.3 wide floating-point digit-or-separator classifier; address read from retail wide grouped-digit scanner REL32 displacement
?__insert_grouping@_STL@@YAHPAD0ABV?$basic_string@DV?$char_traits@D@_STL@@V?$allocator@D@2@@1@DDDH@Z,0x0001A600,STLport 4.6 narrow grouping insertion helper; address read from retail __put_float REL32 displacement
?__insert_grouping@_STL@@YAHPAG0ABV?$basic_string@DV?$char_traits@D@_STL@@V?$allocator@D@2@@1@GGGH@Z,0x0001A610,STLport 4.5.3 wide numeric grouping insertion helper; address read from retail wide integer formatter REL32 displacement
?__string_to_float@_STL@@YAXABV?$basic_string@DV?$char_traits@D@_STL@@V?$allocator@D@2@@1@AAM@Z,0x0001AFB0,STLport 4.5.3 narrow string-to-float conversion; address read from retail num_get<float>::do_get REL32 displacement
?__string_to_float@_STL@@YAXABV?$basic_string@DV?$char_traits@D@_STL@@V?$allocator@D@2@@1@AAN@Z,0x0001AFD0,STLport 4.5.3 narrow string-to-double conversion; address read from retail num_get<double>::do_get REL32 displacement
?__string_to_float@_STL@@YAXABV?$basic_string@DV?$char_traits@D@_STL@@V?$allocator@D@2@@1@AAO@Z,0x0001AFF0,STLport 4.5.3 narrow string-to-long-double conversion; address read from retail wide num_get<long double>::do_get REL32 displacement
?__valid_grouping@_STL@@YA_NPBD000@Z,0x00017C80,STLport 4.5.3 numeric grouping validator; address read from retail wide grouped-digit scanner REL32 displacement
?__write_float@_STL@@YAXAAV?$basic_string@DV?$char_traits@D@_STL@@V?$allocator@D@2@@1@HHN@Z,0x0001BA00,STLport 4.6 narrow double formatter wrapper; address read from retail _M_do_put_float<double> REL32 displacement
?__write_float@_STL@@YAXAAV?$basic_string@DV?$char_traits@D@_STL@@V?$allocator@D@2@@1@HHO@Z,0x0001BAF0,STLport 4.6 narrow long-double formatter wrapper; address read from retail _M_do_put_float<long double> REL32 displacement
?__write_formatted_time@_STL@@YAPADPADDDABV_Time_Info@1@PBUtm@@@Z,0x00018780,harvested from retail REL32 displacement at 0x0000F680
?allocate@?$allocator@D@_STL@@SAPADIPBX@Z,0x000307F0,STLport 4.5.3 narrow allocator byte allocation; address read from retail basic_string _M_range_initialize REL32 displacement. Body forwards (size, memory class 3, hint) to the game allocator pointer at 0x00DE0404 - the same table _free at 0x00030830 uses - so it is __cdecl here, not the upstream const member
?allocate@?$allocator@F@_STL@@QBEPAFIPBX@Z,0x00017710,address read from the retail REL32 in vector<short>::_M_insert_overflow at 0x0007EAA7
?allocate@?$allocator@G@_STL@@SAPAGIPBX@Z,0x000307F0,ICF alias of the narrow allocator allocate at the same address. BFME replaced STLport allocator with a raw byte allocator so every instantiation compiles to the same forwarding body and the linker folds them
?allocate@?$allocator@PAUBfmeE12@@@_STL@@QBEPAPAUBfmeE12@@IPBX@Z,0x00068E15,address read from the REL32 displacement at a placed deque<12-byte element> body; stlport 4.5.3
?allocate@?$allocator@PAUBfmeE8@@@_STL@@QBEPAPAUBfmeE8@@IPBX@Z,0x00068E15,identical-code twin of the BfmeE12 allocator already pinned at this address; read from the retail REL32 in deque<BfmeE8>::_M_reallocate_map at 0x003B57E5
?allocate@?$allocator@UBfmeE16@@@_STL@@QBEPAUBfmeE16@@IPBX@Z,0x002226BE,address read from the REL32 displacement at a placed body; stlport 4.5.3
?allocate@?$allocator@UBfmeE8@@@_STL@@QBEPAUBfmeE8@@IPBX@Z,0x00523D6C,address read from the REL32 displacement at a placed body; stlport 4.5.3
?begin@?$vector@PAXV?$allocator@PAX@_STL@@@_STL@@QBEPBQAXXZ,0x00023B90,ICF alias of the non-const begin landed at this address. Const and non-const differ only in return type, which does not reach the code
?collect_objects_in_leaf@GridCullSystemClass@@IAEXABVFrustumClass@@PAVCullableClass@@@Z,0x0071B400,address read from the retail REL32 in ?Collect_Objects at 0x0071BFB0
?collect_objects_in_leaf@GridCullSystemClass@@IAEXABVOBBoxClass@@PAVCullableClass@@@Z,0x0071B3C0,address read from the retail REL32 in ?Collect_Objects at 0x0071BBC0
?compare@?$StringBase@D@@QBEHPBDH@Z,0x00006733,BFME2 export and retail call target for StringBase<char>::compare(const char *, int)
?compare@?$StringBase@G@@QBEHPBGH@Z,0x000067B1,BFME2 export and retail call target for StringBase<wchar_t>::compare(const wchar_t *, int)
?compare@WideCharCompare@@QBEHPBG0H@Z,0x000052F8,WWLib wide string comparison trait member - the wide comparison the trait object performs. ADDRESS is evidenced by the REL32 in the wide compareRange pair at 0x0000586D and 0x00005898 where ecx holds the address of the trait at the call; the trait TYPE NAME is this project's and the member names are inferred from the role
?compareNoCase@?$StringBase@D@@QBEHPBD@Z,0x00037980,BFME2 export and retail call target for StringBase<char> compareNoCase against a C string; isNone and isNotNone both go through it
?compareNoCase@?$StringBase@D@@QBEHPBDH@Z,0x00006772,BFME2 export and retail call target for StringBase<char>::compareNoCase(const char *, int)
?compareNoCase@?$StringBase@G@@QBEHPBG@Z,0x00037A90,BFME2 export and retail call target for the StringBase<wchar_t> twin
?compareNoCase@?$StringBase@G@@QBEHPBGH@Z,0x000067F0,BFME2 export and retail call target for StringBase<wchar_t>::compareNoCase(const wchar_t *, int)
?compareNoCase@WideCharCompare@@QBEHPBG0H@Z,0x00005344,WWLib wide string comparison trait member - the case-folded wide comparison the trait object performs. ADDRESS is evidenced by the REL32 in the wide compareRange pair at 0x0000586D and 0x00005898 where ecx holds the address of the trait at the call; the trait TYPE NAME is this project's and the member names are inferred from the role
?compareRange@@YAHPBDH0HUCharCompare@@@Z,0x00005816,BFME2 retail worker the StringBase<char> compare(const char *, int) overload calls; unmatched by one cmov, banked at reverse/attempts/0x00005816.cpp
?compareRange@@YAHPBGH0HUCharCompare@@@Z,0x0000586D,BFME2 retail worker the StringBase<wchar_t> compare(const wchar_t *, int) overload calls; it reads the trait object rather than ignoring it
?compareRangeNoCase@@YAHPBDH0HUCharCompare@@@Z,0x00005841,BFME2 retail worker the StringBase<char> compareNoCase(const char *, int) overload calls; same body as 0x00005816 against the _memicmp import
?compareRangeNoCase@@YAHPBGH0HUCharCompare@@@Z,0x00005898,BFME2 retail worker the StringBase<wchar_t> compareNoCase(const wchar_t *, int) overload calls
?concat@?$StringBase@D@@QAEXPBDH@Z,0x000369A0,BFME2 export and retail call target for StringBase<char>::concat(const char *, int)
?concat@?$StringBase@G@@QAEXPBGH@Z,0x00037410,BFME2 export and retail call target for StringBase<wchar_t>::concat(const wchar_t *, int)
?deallocate@?$CW2AEX@$0IA@@ATL@@QAEXXZ,0x000056C7,ATL 7.1 CW2AEX<> out-of-line deallocator; exact target of the destructor tail jump
?decompress@LZHLDecompressor@@QAEHPAEPAIPBE1@Z,0x00692440
?do_always_noconv@?$codecvt@GDH@_STL@@MBE_NXZ,0x001826C0,slot 5 of 0x007BBB2C; folded
?do_close@?$messages@G@_STL@@MBEXH@Z,0x00019F70,slot 3 of 0x007BC8EC; do_close forwards a catalog handle and never touches the character type so the two instantiations folded
?do_decimal_point@?$moneypunct@D$0A@@_STL@@MBEDXZ,0x00019730,moneypunct vftable slot; the default facet reports no locale data so this body serves every instantiation that names it
?do_decimal_point@?$moneypunct@G$0A@@_STL@@MBEGXZ,0x000197F0,moneypunct vftable slot; the default facet reports no locale data so this body serves every instantiation that names it
?do_encoding@?$codecvt@GDH@_STL@@MBEHXZ,0x00756B00,slot 4 of 0x007BBB2C; folded
?do_frac_digits@?$moneypunct@D$00@_STL@@MBEHXZ,0x0065CE90,moneypunct vftable slot; the default facet reports no locale data so this body serves every instantiation that names it; folded onto basic_streambuf<wchar_t>::sync - both are xor eax,eax
?do_frac_digits@?$moneypunct@D$0A@@_STL@@MBEHXZ,0x0065CE90,moneypunct vftable slot; the default facet reports no locale data so this body serves every instantiation that names it; folded onto basic_streambuf<wchar_t>::sync - both are xor eax,eax
?do_frac_digits@?$moneypunct@G$00@_STL@@MBEHXZ,0x0065CE90,moneypunct vftable slot; the default facet reports no locale data so this body serves every instantiation that names it; folded onto basic_streambuf<wchar_t>::sync - both are xor eax,eax
?do_frac_digits@?$moneypunct@G$0A@@_STL@@MBEHXZ,0x0065CE90,moneypunct vftable slot; the default facet reports no locale data so this body serves every instantiation that names it; folded onto basic_streambuf<wchar_t>::sync - both are xor eax,eax
?do_get@?$num_get@GV?$istreambuf_iterator@GV?$char_traits@G@_STL@@@_STL@@@_STL@@MBE?AV?$istreambuf_iterator@GV?$char_traits@G@_STL@@@2@V32@0AAVios_base@2@AAHAAI@Z,0x0000A8F0,STLport 4.5.3 wide num_get do_get for unsigned int; folded onto the unsigned long body by identical COMDAT folding - the num_get vtable holds 0x0000A8F0 in two consecutive slots, which is what identifies the pair
?do_grouping@?$numpunct@G@_STL@@MBE?AV?$basic_string@DV?$char_traits@D@_STL@@V?$allocator@D@2@@2@XZ,0x00017A00,slot 3 of both numpunct vftables; grouping() returns a narrow string whatever the character type so the wide instantiation folded onto the narrow body held there
?do_in@?$codecvt@DDH@_STL@@MBE?AW4result@codecvt_base@2@AAHPBD1AAPBDPAD3AAPAD@Z,0x00017390,slot 2 of 0x007BBB08; do_in and do_out are the same two stores and the same noconv return so the linker kept one body
?do_length@?$codecvt@GDH@_STL@@MBEHABHPBD1I@Z,0x00017460,slot 6 of 0x007BBB2C; folded
?do_max_length@?$codecvt@DDH@_STL@@MBEHXZ,0x00756B00,slot 7 of 0x007BBB08; folded with do_encoding - both return 1
?do_max_length@?$codecvt@GDH@_STL@@MBEHXZ,0x00756B00,slot 7 of 0x007BBB2C; folded
?do_neg_format@?$moneypunct@D$0A@@_STL@@MBE?AUpattern@money_base@2@XZ,0x00019740,moneypunct vftable slot; the default facet reports no locale data so this body serves every instantiation that names it
?do_neg_format@?$moneypunct@G$00@_STL@@MBE?AUpattern@money_base@2@XZ,0x00019740,moneypunct vftable slot; the default facet reports no locale data so this body serves every instantiation that names it
?do_neg_format@?$moneypunct@G$0A@@_STL@@MBE?AUpattern@money_base@2@XZ,0x00019740,moneypunct vftable slot; the default facet reports no locale data so this body serves every instantiation that names it
?do_open@?$messages@G@_STL@@MBEHABV?$basic_string@DV?$char_traits@D@_STL@@V?$allocator@D@2@@2@ABVlocale@2@@Z,0x00019EA0,slot 1 of the wide messages vftable 0x007BC8EC; do_open takes a narrow filename whatever the facet's character type so the two instantiations folded
?do_pos_format@?$moneypunct@D$0A@@_STL@@MBE?AUpattern@money_base@2@XZ,0x0066D820,moneypunct vftable slot; the default facet reports no locale data so this body serves every instantiation that names it
?do_pos_format@?$moneypunct@G$00@_STL@@MBE?AUpattern@money_base@2@XZ,0x0066D820,moneypunct vftable slot; the default facet reports no locale data so this body serves every instantiation that names it
?do_pos_format@?$moneypunct@G$0A@@_STL@@MBE?AUpattern@money_base@2@XZ,0x0066D820,moneypunct vftable slot; the default facet reports no locale data so this body serves every instantiation that names it
?do_thousands_sep@?$moneypunct@D$00@_STL@@MBEDXZ,0x00019730,moneypunct vftable slot; the default facet reports no locale data so this body serves every instantiation that names it
?do_thousands_sep@?$moneypunct@D$0A@@_STL@@MBEDXZ,0x00019730,moneypunct vftable slot; the default facet reports no locale data so this body serves every instantiation that names it
?do_thousands_sep@?$moneypunct@G$00@_STL@@MBEGXZ,0x000197F0,moneypunct vftable slot; the default facet reports no locale data so this body serves every instantiation that names it
?do_thousands_sep@?$moneypunct@G$0A@@_STL@@MBEGXZ,0x000197F0,moneypunct vftable slot; the default facet reports no locale data so this body serves every instantiation that names it
?do_unshift@?$codecvt@GDH@_STL@@MBE?AW4result@codecvt_base@2@AAHPAD1AAPAD@Z,0x00017370,slot 3 of the wide codecvt vftable 0x007BBB2C; unshift never touches the internal type so it folded onto the narrow body
?end@?$vector@PAXV?$allocator@PAX@_STL@@@_STL@@QBEPBQAXXZ,0x00023BA0,ICF alias of the non-const end landed at this address, for the same reason as begin
?equal_range@?$_Rb_tree@HU?$pair@$$CBHH@_STL@@U?$_Select1st@U?$pair@$$CBHH@_STL@@@2@U?$less@H@2@V?$allocator@U?$pair@$$CBHH@_STL@@@2@@_STL@@QAE?AU?$pair@U?$_Rb_tree_iterator@U?$pair@$$CBHH@_STL@@U?$_Nonconst_traits@U?$pair@$$CBHH@_STL@@@2@@_STL@@U12@@2@ABH@Z,0x0061F840,address read from the REL32 displacement at a placed body; stlport 4.5.3
?erase@?$list@FV?$allocator@F@_STL@@@_STL@@QAE?AU?$_List_iterator@FU?$_Nonconst_traits@F@_STL@@@2@U32@@Z,0x00438539,address read from the REL32 displacement at a placed body; folded onto the body held there under another instantiation's name; stlport 4.5.3
?erase@?$vector@IV?$allocator@I@_STL@@@_STL@@QAEPAIPAI0@Z,0x00027400,address read from the retail REL32 in vector<unsigned>::clear at 0x00027450 - self-verifying because that call is the only unresolved byte in the body
?falsename@?$numpunct@G@_STL@@QBE?AV?$basic_string@GV?$char_traits@G@_STL@@V?$allocator@G@2@@2@XZ,0x0000EA50,Wide numpunct falsename; direct call at 0x0000EBFB in bool num_put; independently compiled 27-byte wrapper equals the claimed narrow ICF body
?format_va@?$StringBase@D@@QAEXPBDPAD@Z,0x00036D40,BFME2 export and retail call target for the StringBase<char> varargs formatter
?format_va@?$StringBase@G@@QAEXPBGPAD@Z,0x000377E0,BFME2 export and retail call target for the StringBase<wchar_t> varargs formatter
?free@@YAXPAX@Z,0x00030830,CRT free reached through the C++-linkage declaration STLport 4.5.3 compiles against; same body as _free at this address, and the C++ decoration is what makes the caller emit the unwind state store retail carries
?free@_STL@@YAXPAX@Z,0x00030830,the _STL-namespace spelling of the same C++-linkage free already pinned at this address as ?free@@YAXPAX@Z; STLport headers declare free inside _STL so an inlined ~basic_string emits this decoration while a .cpp body calling the extern "C" import emits __imp__free - ios_base::~ios_base at 0x0001C220 carries both forms and the byte check discriminates because retail encodes 0x00030830 in that call displacement
?get_allocator@?$basic_string@GV?$char_traits@G@_STL@@V?$allocator@G@2@@_STL@@QBE?AV?$allocator@G@2@XZ,0x001627F0,STLport 4.5.3 wide string get_allocator; address read from the REL32 in the wide copy constructor at 0x0000EA90 - the call takes ecx as the source string and a hidden return pointer for the allocator returned by value
?get_far_extent@@YAXABVVector3@@0PAV1@@Z,0x0007B5C8,address read from the retail REL32 in CollisionMath::Overlap_Test(PlaneClass,AABoxClass) at 0x00719830
?imbue@?$basic_ios@GV?$char_traits@G@_STL@@@_STL@@QAE?AVlocale@2@ABV32@@Z,0x00016200,harvested from retail REL32 displacement at 0x00016440
?imbue@?$basic_streambuf@DV?$char_traits@D@_STL@@@_STL@@MAEXABVlocale@2@@Z,0x00180FD0,STLport 4.5.3 narrow streambuf base default - slot 13 - folded onto the wide imbue; ret 4. Read from the narrow streambuf vtable where the slot holds an address already claimed for the wide facet
?init@?$basic_ios@DV?$char_traits@D@_STL@@@_STL@@IAEXPAV?$basic_streambuf@DV?$char_traits@D@_STL@@@2@@Z,0x000162F0,harvested from retail REL32 displacement at 0x0001C5C0
?initializeBuildMetadata@Version@@QAEXXZ,0x0023870E,Reconstruction name not original spelling; Version constructor REL32 at 0x238881; body reads ID MACHINE USER GUID TIME DATE CONFIG into proven Version fields
?insert@?$list@HV?$allocator@H@_STL@@@_STL@@QAE?AU?$_List_iterator@HU?$_Nonconst_traits@H@_STL@@@2@U32@@Z,0x00079CB6,address read from the retail REL32 in ?push_back at 0x00079E8D
?insert@?$map@HHU?$less@H@_STL@@V?$allocator@U?$pair@$$CBHH@_STL@@@2@@_STL@@QAE?AU?$_Rb_tree_iterator@U?$pair@$$CBHH@_STL@@U?$_Nonconst_traits@U?$pair@$$CBHH@_STL@@@2@@2@U32@ABU?$pair@$$CBHH@2@@Z,0x00289147,address read from the retail REL32 at 0x0028932C inside a body that byte-verifies against it
?link_object@GridCullSystemClass@@IAEXPAVCullableClass@@@Z,0x0071C680,address read from the REL32 displacement at a placed body; stlport 4.5.3
?nstrdup@@YAPADPBD@Z,0x00619880,address read from the REL32 displacement at a placed body; stlport 4.5.3
?overflow@?$basic_streambuf@DV?$char_traits@D@_STL@@@_STL@@MAEHH@Z,0x0001CA70,STLport 4.5.3 narrow streambuf base overflow - folded onto pbackfail; both return eof with or eax -1 / ret 4 and the narrow streambuf vtable holds this address in slots 9 and 12
?overflow@?$basic_streambuf@GV?$char_traits@G@_STL@@@_STL@@MAEGG@Z,0x00013960,STLport 4.5.3 wide streambuf base default - folded onto pbackfail - both return eof with or ax 0xFFFF / ret 4 and the wide streambuf vtable holds this address in slots 9 and 12
?parse@?$DefaultModuleTemplate@$00@FXParticleSystem@@QAEXPAVINI@@@Z,0x0055B2FD,BFME2 export; the module template INI parser createTemplate calls after allocating
?parse@?$DefaultModuleTemplate@$01@FXParticleSystem@@QAEXPAVINI@@@Z,0x0055F4BC,BFME2 export; the module template INI parser createTemplate calls after allocating
?parse@?$DefaultModuleTemplate@$02@FXParticleSystem@@QAEXPAVINI@@@Z,0x0055EE4C,BFME2 export; the module template INI parser createTemplate calls after allocating
?parse@?$DefaultModuleTemplate@$05@FXParticleSystem@@QAEXPAVINI@@@Z,0x0055C434,BFME2 export; the module template INI parser createTemplate calls after allocating
?parse@?$DefaultModuleTemplate@$0A@@FXParticleSystem@@QAEXPAVINI@@@Z,0x0055B93F,BFME2 export; the module template INI parser createTemplate calls after allocating
?parse@BoxEmissionVolumeModuleTemplate@FXParticleSystem@@QAEXPAVINI@@@Z,0x0055CFB1,BFME2 export; the module template INI parser createTemplate calls after allocating
?parse@ButterflyDrawModuleTemplate@FXParticleSystem@@QAEXPAVINI@@@Z,0x00560A9F,BFME2 export; the module template INI parser createTemplate calls after allocating
?parse@CylinderEmissionVolumeModuleTemplate@FXParticleSystem@@QAEXPAVINI@@@Z,0x0055D604,BFME2 export; the module template INI parser createTemplate calls after allocating
?parse@CylindricalEmissionVelocityModuleTemplate@FXParticleSystem@@QAEXPAVINI@@@Z,0x0055EB72,BFME2 export; the module template INI parser createTemplate calls after allocating
?parse@GpuDrawModuleTemplate@FXParticleSystem@@QAEXPAVINI@@@Z,0x005638F8,BFME2 export; the module template INI parser createTemplate calls after allocating
?parse@LifeEventModuleTemplate@FXParticleSystem@@QAEXPAVINI@@@Z,0x00563EBF,BFME2 export; the module template INI parser createTemplate calls after allocating
?parse@LightningDrawModuleTemplate@FXParticleSystem@@QAEXPAVINI@@@Z,0x0056141C,BFME2 export; the module template INI parser createTemplate calls after allocating
?parse@LightningEmissionModuleTemplate@FXParticleSystem@@QAEXPAVINI@@@Z,0x0055D976,BFME2 export; the module template INI parser createTemplate calls after allocating
?parse@LineEmissionVolumeModuleTemplate@FXParticleSystem@@QAEXPAVINI@@@Z,0x0055CD26,BFME2 export; the module template INI parser createTemplate calls after allocating
?parse@OrthoEmissionVelocityModuleTemplate@FXParticleSystem@@QAEXPAVINI@@@Z,0x0055E80D,BFME2 export; the module template INI parser createTemplate calls after allocating
?parse@OutwardEmissionVelocityModuleTemplate@FXParticleSystem@@QAEXPAVINI@@@Z,0x0055ECE7,BFME2 export; the module template INI parser createTemplate calls after allocating
?parse@PointEmissionVolumeModuleTemplate@FXParticleSystem@@QAEXPAVINI@@@Z,0x0055CA78,BFME2 export; the module template INI parser createTemplate calls after allocating
?parse@QuadDrawModuleTemplate@FXParticleSystem@@QAEXPAVINI@@@Z,0x0056017F,BFME2 export; the module template INI parser createTemplate calls after allocating
?parse@RenderObjectDrawModuleTemplate@FXParticleSystem@@QAEXPAVINI@@@Z,0x00562933,BFME2 export; the module template INI parser createTemplate calls after allocating
?parse@RenderObjectUpdateModuleTemplate@FXParticleSystem@@QAEXPAVINI@@@Z,0x00561F0E,BFME2 export; the module template INI parser createTemplate calls after allocating
?parse@SphereEmissionVolumeModuleTemplate@FXParticleSystem@@QAEXPAVINI@@@Z,0x0055D3C7,BFME2 export; the module template INI parser createTemplate calls after allocating
?parse@SphericalEmissionVelocityModuleTemplate@FXParticleSystem@@QAEXPAVINI@@@Z,0x0055EA7C,BFME2 export; the module template INI parser createTemplate calls after allocating
?parse@StreakDrawModuleTemplate@FXParticleSystem@@QAEXPAVINI@@@Z,0x0055FD2F,BFME2 export; the module template INI parser createTemplate calls after allocating
?parse@TerrainCollisionModuleTemplate@FXParticleSystem@@QAEXPAVINI@@@Z,0x00564497,BFME2 export; the module template INI parser createTemplate calls after allocating
?parse@TerrainFireEmissionModuleTemplate@FXParticleSystem@@QAEXPAVINI@@@Z,0x0055E5E4,BFME2 export; the module template INI parser createTemplate calls after allocating
?push_back@?$vector@PAXV?$allocator@PAX@_STL@@@_STL@@QAEXABQAX@Z,0x00029140,address read from the REL32 displacement at a placed body; stlport 4.5.3
?recalculate@LineSegClass@@IAEXXZ,0x0006A1E4,address read from the REL32 displacement at a placed body; stlport 4.5.3
?releaseBuffer@?$StringBase@D@@AAEXXZ,0x00036410,BFME2 export and retail releaseBuffer target for ParticleSystemInfo StringBase<char> members at +0x10/+0x68/+0x78
?releaseBuffer@?$StringBase@G@@AAEXXZ,0x00036E70,BFME2 export and retail releaseBuffer target for Version UnicodeString temporaries
?reserve@?$basic_string@DV?$char_traits@D@_STL@@V?$allocator@D@2@@_STL@@QAEXI@Z,0x0000C390,STLport 4.5.3 narrow string reserve; address read from the retail basic_string<char>::push_back REL32 displacement
?reserve@?$basic_string@GV?$char_traits@G@_STL@@V?$allocator@G@2@@_STL@@QAEXI@Z,0x0000DEA0,STLport 4.5.3 wide string reserve; address read from retail basic_string<wchar_t>::push_back REL32 displacement
?reserve@?$vector@PAXV?$allocator@PAX@_STL@@@_STL@@QAEXI@Z,0x00029BE0,harvested from retail REL32 displacement at 0x00622410
?resize@?$basic_string@DV?$char_traits@D@_STL@@V?$allocator@D@2@@_STL@@QAEXID@Z,0x000824F9,STLport 4.5.3 narrow string two-argument resize; address read by locate.py from the REL32 in the one-argument resize at 0x00157E50
?resize@?$hashtable@U?$pair@$$CBHH@_STL@@HU?$hash@H@2@U?$_Select1st@U?$pair@$$CBHH@_STL@@@2@U?$equal_to@H@2@V?$allocator@U?$pair@$$CBHH@_STL@@@2@@_STL@@QAEXI@Z,0x00620B70,address read from the retail REL32 in hashtable::_M_insert at 0x00620F60
?seekoff@?$basic_streambuf@DV?$char_traits@D@_STL@@@_STL@@MAE?AV?$fpos@H@2@JHH@Z,0x0001C970,STLport 4.5.3 narrow streambuf base default - slot 2 - folded onto the wide seekoff; the fpos return does not depend on the character type. Read from the narrow streambuf vtable where the slot holds an address already claimed for the wide facet
?seekpos@?$basic_streambuf@DV?$char_traits@D@_STL@@@_STL@@MAE?AV?$fpos@H@2@V32@H@Z,0x0001C970,STLport 4.5.3 narrow streambuf base default - slot 3 - folded onto the same body as slot 2. Read from the narrow streambuf vtable where the slot holds an address already claimed for the wide facet
?seekpos@?$basic_streambuf@GV?$char_traits@G@_STL@@@_STL@@MAE?AV?$fpos@H@2@V32@H@Z,0x0001C970,STLport 4.5.3 wide streambuf base default - folded onto seekoff which is already claimed at this address - the wide streambuf vtable holds it in slots 2 and 3
?set@?$StringBase@D@@QAEXABV1@@Z,0x000366F0,BFME2 export and retail call target for AsciiString copy assignment
?set@?$StringBase@D@@QAEXABV1@HH@Z,0x00037C70,BFME2 export and retail call target for the StringBase substring setter
?set@?$StringBase@D@@QAEXABV?$CharSource@D@@@Z,0x000368C0,BFME2 export and retail call target for the StringBase<char> CharSource setter
?set@?$StringBase@D@@QAEXPBDH@Z,0x00036780,BFME2 export and retail call target for StringBase<char>::set(const char *, int)
?set@?$StringBase@D@@QAEXPBDHH@Z,0x00037C10,BFME2 export and retail call target for the StringBase substring setter
?set@?$StringBase@G@@QAEXABV1@@Z,0x00037150,BFME2 retail call target for StringBase<wchar_t>::set(const StringBase &)
?set@?$StringBase@G@@QAEXABV1@HH@Z,0x00037EF0,BFME2 export and retail call target for the StringBase substring setter
?set@?$StringBase@G@@QAEXABV?$CharSource@G@@@Z,0x00037330,BFME2 export and retail call target for the StringBase<wchar_t> CharSource setter
?set@?$StringBase@G@@QAEXPBGH@Z,0x000371E0,BFME2 export and retail call target for StringBase<wchar_t>::set(const wchar_t *, int)
?set@?$StringBase@G@@QAEXPBGHH@Z,0x00037E90,BFME2 export and retail call target for the StringBase substring setter
?setRange@GameClientRandomVariable@@QAEXMMW4DistributionType@1@@Z,0x002341E7,BFME2 export and retail call target for RandomAlphaKeyframe construction
?setString@PooledString@@AAEXPBD@Z,0x006CB7C0,BFME2 export; the private setter both the const char * constructor and assignment forward to
?setbuf@?$basic_streambuf@DV?$char_traits@D@_STL@@@_STL@@MAEPAV12@PADH@Z,0x00013570,STLport 4.5.3 narrow streambuf base default - slot 1 - folded onto the wide setbuf; both are mov eax ecx / ret 8. Read from the narrow streambuf vtable where the slot holds an address already claimed for the wide facet
?showmanyc@?$basic_streambuf@DV?$char_traits@D@_STL@@@_STL@@MAEHXZ,0x0065CE90,STLport 4.5.3 narrow streambuf base default - slot 5 - folded onto the same body as slot 4. Read from the narrow streambuf vtable where the slot holds an address already claimed for the wide facet
?showmanyc@?$basic_streambuf@GV?$char_traits@G@_STL@@@_STL@@MAEHXZ,0x0065CE90,STLport 4.5.3 wide streambuf base default - folded onto sync by identical COMDAT folding - both are the three-byte xor eax eax / ret and the wide streambuf vtable holds this address in slots 4 and 5
?spin@LockClass@FastCriticalSectionClass@@CIXPAI@Z,0x0006577F,ObjectPoolClass Allocate_Object_Memory spinlock acquire; address read from the REL32 displacement at 0x00610680+0x24 in a masked-recompile probe of ObjectPoolAllocateObjectMemory.cpp
?startsWithNoCase@?$StringBase@D@@QBE_NPBDH@Z,0x000359B0,BFME2 export and retail call target; the body is banked as a near miss on one register choice
?sync@?$basic_streambuf@DV?$char_traits@D@_STL@@@_STL@@MAEHXZ,0x0065CE90,STLport 4.5.3 narrow streambuf base default - slot 4 - folded onto the wide sync; xor eax eax / ret. Read from the narrow streambuf vtable where the slot holds an address already claimed for the wide facet
?translate@AsciiString@@QAEXPBG@Z,0x00038170,BFME2 export; the wide-string translate the UnicodeString overload tail-jumps into
?translate@UnicodeString@@QAEXPBD@Z,0x006CB5F0,BFME2 export; the narrow-string translate the AsciiString overload tail-jumps into
?truename@?$numpunct@G@_STL@@QBE?AV?$basic_string@GV?$char_traits@G@_STL@@V?$allocator@G@2@@2@XZ,0x0000EA30,Wide numpunct truename; direct call at 0x0000EBE5 in bool num_put; independently compiled 27-byte wrapper equals the claimed narrow ICF body
?uninitialized_copy@_STL@@YAPAGPAG00@Z,0x0000DF10,STLport 4.5.3 wide copy helper; address read from the basic_string<wchar_t>::reserve REL32 displacement at 0x0000DEF6 -- retail reaches it through the five-byte jump Ghidra reads as thunk_FUN_004179b0
_GdipAlloc@4,0x00628F86,GDI+ flat-API import thunk; retail target of the operator new in Gdiplus::GdiplusBase
_GdipBitmapLockBits@20,0x00628F5C,GDI+ flat-API import thunk; retail target of Gdiplus::Bitmap::LockBits
_GdipBitmapUnlockBits@8,0x00628F62,GDI+ flat-API import thunk; retail target of Gdiplus::Bitmap::UnlockBits
_GdipCloneImage@8,0x00628F8C,GDI+ flat-API import thunk; retail target of Gdiplus::Image::Clone
_GdipCreateBitmapFromFile@8,0x00628F4A,GDI+ flat-API import thunk; retail target of the Gdiplus::Bitmap filename constructor
_GdipCreateBitmapFromFileICM@8,0x00628F50,GDI+ flat-API import thunk; ICM branch of the Gdiplus::Bitmap filename constructor
_GdipCreateBitmapFromScan0@24,0x00628F56,GDI+ flat-API import thunk; retail target of the Gdiplus::Bitmap scan0 constructor
_GdipDeleteGraphics@4,0x00628F20,GDI+ flat-API import thunk; retail target of the Gdiplus::Graphics destructor
_GdipDisposeImage@4,0x00628F26,GDI+ flat-API import thunk; retail target of Gdiplus::Image::~Image
_GdipDrawImageI@16,0x00628F80,GDI+ flat-API import thunk; retail target of Gdiplus::Graphics::DrawImage
_GdipFree@4,0x00628F74,GDI+ flat-API import thunk; retail target of the operator delete in Gdiplus::GdiplusBase
_GdipGetImageGraphicsContext@8,0x00628F7A,GDI+ flat-API import thunk; retail target of the Gdiplus::Graphics image constructor
_GdipGetImageHeight@8,0x00628F32,GDI+ flat-API import thunk; retail target of Gdiplus::Image::GetHeight
_GdipGetImagePalette@12,0x00628F44,GDI+ flat-API import thunk; retail target of Gdiplus::Image::GetPalette
_GdipGetImagePaletteSize@8,0x00628F3E,GDI+ flat-API import thunk; retail target of Gdiplus::Image::GetPaletteSize
_GdipGetImagePixelFormat@8,0x00628F38,GDI+ flat-API import thunk; retail target of Gdiplus::Image::GetPixelFormat
_GdipGetImageWidth@8,0x00628F2C,GDI+ flat-API import thunk; retail target of Gdiplus::Image::GetWidth
_XMP_Fetch_Prime_Size,0x0061B7C0,address read from the REL32 displacement at a placed body; stlport 4.5.3
_XMP_Fetch_Prime_Table,0x0061B7B0,address read from the REL32 displacement at a placed body; stlport 4.5.3
_XMP_Init,0x0061BD70,address read from the REL32 displacement at a placed body; stlport 4.5.3
_XMP_Randomize_Bounded,0x0061C420,address read from the REL32 displacement at a placed body; stlport 4.5.3
_XMP_Shift_Left_Bits,0x0061BBD0,address read from the REL32 displacement at a placed body; stlport 4.5.3
__CIacos,0x006298B0,MSVCR71 import thunk (jmp [0x00BBA5D0]); the ACos wrapper at 0x0002FB90 loads its float argument with fld and calls straight into it
__CIasin,0x006298B6,MSVCR71 import thunk (jmp [0x00BBA5CC]); same shape from the ASin wrapper at 0x00711AC0
__CIpow,0x006299A0,address read from the REL32 displacement at a placed body; stlport 4.5.3
__CxxThrowException@8,0x00629094,MSVC 7.1 C++ throw helper; retail target of the ATL AtlThrow body at 0x00001125
__EH_prolog,0x00629188,MSVC 7.1 EH frame prologue helper - push -1 / push eax / link fs:[0] / set up the unwind frame; every /EHsc body with a local static calls it first
__SEH_prolog,0x00628FA4,CRT SEH frame setup, emitted by cl for every __try; Ghidra names it and sizes it 59. Address is the REL32 in CComCriticalSection::Init
__alldiv,0x00629630,MSVCR71 signed 64-bit division helper; address confirmed by retail helper call and Ghidra symbol
__allmul,0x00629580,MSVCR71 64-bit multiplication helper; address confirmed by retail helper call and Ghidra symbol
__alloca_probe,0x00629000,MSVC 7.1 stack probe behind _alloca; retail target of the _ATL_SAFE_ALLOCA stack arm in CImage::CreateFromGdiplusBitmap
__aulldiv,0x006295C0,MSVCR71 unsigned 64-bit division helper; address confirmed by retail accumulator call and Ghidra symbol
__aulldvrm,0x006296E0,MSVC 7.1 unsigned 64-bit divide-and-remainder helper; Ghidra names this address and the decimal writers call it for the tens loop
__chkstk,0x00629000
__ftol2,0x00629228,MSVC float-to-int helper byte-identical to pinned BFME1 CRT body
_abs,0x0062909A,MSVCR71 import thunk identified by official ATL 7.1 call and retail target
_atexit,0x006291F8,CRT atexit - forwards to _onexit at 0x006291D2 and folds its return to 0 or -1; the local-static destructor thunks register through it
_cos,0x0062920A,CRT import thunk; retail target of the cos call in Coord2D::Rotate(float)
_fabs,0x00629210,MSVCRT import thunk identified by four retail call targets and Ghidra
_memcmp,0x0062929E,CRT memcmp import thunk (jmp [0x00BBA694]); ghidra labels this address memcmp and the StringBase<char> comparison helper calls it directly
_memcpy,0x006291A8,CRT memcpy import thunk; retail target of the BI_BITFIELDS copy in ATL CImage::CreateEx
_memset,0x006291AE,CRT memset import thunk; Ghidra labels the retail call target at 0x6291AE
_sin,0x00629216,CRT import thunk; retail target of the sin call in Coord2D::Rotate(float)
_sqrt,0x0062921C,MSVCRT import thunk identified by retail call target and Ghidra
_strlen,0x00629170,BFME2 retail strlen thunk and call target for StringBase<char>::compare(const char *)
??1?$basic_string@GV?$char_traits@G@_STL@@V?$allocator@G@2@@_STL@@QAE@XZ,0x00142D70,wide basic_string destructor; direct REL32 at RVA 0x0000BEE9 in money_put<wchar_t>::do_put reaches the existing narrow destructor through ICF
??1GameEngine@@UAE@XZ,0x00225B9B,GameEngine vtable slot 0x00226333 calls this complete-destructor body; vtable 0x007E7188 and frame-loop method 0x00225DA9 establish ownership
??0BFMEDesyncCheck@@QAE@XZ,0x002CEA22,BFME2 client frame desync record constructor called by GameEngine slot 39; enable flag and GameLogic CRC path match the BFME1 BFMEDesyncCheck analogue
?writeReportIfMismatched@BFMEDesyncCheck@@QAEXXZ,0x002CEA55,BFME2 client frame desync record report call from the inline destructor in GameEngine slot 39; retail EH body closes the per-frame report scope
?deleteLoadScreen@GameLogic@@QAEXXZ,0x002423E3,GameEngine slot 39 call target; BFME1 GameLogic deleteLoadScreen is the first client-subsystem operation and this BFME2 body owns the same GameLogic state
?_bfme_updateTimedOps@@YAIXZ,0x003FE74B,GameEngine slot 39 call target; returns timed-operation flags consumed for input-lock and mouse visibility handling
?propagateMessages@MessageStream@@QAEXXZ,0x00310FF5,GameEngine slot 39 call target; message-stream propagation immediately precedes timed-operation flag sampling
?setEngineInputEnabled@InGameUI@@QAEX_N@Z,0x0029AB22,GameEngine slot 39 input-lock transition call target; wrapper forwards the enabled flag to the in-game UI state
?baseConstruct@BFME2NativeNetwork@@QAEXXZ,0x001B4E63,BFME2 native network base constructor called by the +0x25DB6D object constructor
?isPacketRouter@BFMEConnectionManager@@QAE_NXZ,0x004CF9CD,BFME2 connection-manager router predicate called by NetworkInterface vtable slot +0xAC
?areFrameCommandsComplete@BFMEConnectionManager@@QAE_NI_N@Z,0x004CF799,BFME2 frame command readiness sum used by NetworkInterface slot +0x54
?hasPacketRouterFrameStall@BFMEConnectionManager@@QAE_NXZ,0x004CFBF9,BFME2 packet-router frame stall scan used by NetworkInterface slot +0x54
?getIsQuitting@FrameDataManager@@QAE_NXZ,0x0058B826,BFME2 frame-ring quitting flag accessor used by connection-manager readiness
?getCommandCount@FrameDataManager@@QAEII@Z,0x0058B74B,BFME2 frame-ring command-count accessor for the requested logic frame
?getFrameCommandCount@FrameDataManager@@QAEII@Z,0x0058B78F,BFME2 local frame-ring expected-command accessor for the requested logic frame
?reset@FrameDataManager@@QAEXXZ,0x0058B666,BFME2 frame-ring reset called while reinitializing the connection manager
?init@FrameData@@QAEXXZ,0x005DA4F9,BFME2 frame-ring entry initialization called by FrameDataManager::reset
?setFrameCommandCount@FrameData@@QAEXI@Z,0x0009070B,BFME2 local frame-ring expected-count initializer
?zeroFrame@FrameData@@QAEXXZ,0x005DA5E3,BFME2 frame-ring entry zeroing helper used by bulk frame clearing
?getFrameCommandCount@FrameData@@QAEIXZ,0x00421795,BFME2 frame-ring expected-command accessor used by readiness checks
?reset@NetCommandList@@QAEXXZ,0x0058B283,BFME2 frame-command-list reset called by FrameData cleanup
?setQuitFrame@FrameDataManager@@QAEXI@Z,0x0058B818,BFME2 frame-ring quit-frame setter paired with the quitting-state accessor
?isPlayerConnected@BFMEConnectionManager@@QAE_NH@Z,0x004CF083,BFME2 local-or-open-connection predicate used by active-player state checks
?isPlayerSlotActive@BFMEConnectionManager@@QAEHH@Z,0x004CF0CD,BFME2 active-player-state predicate used by the packet-router stall scan; BFME1 structural analogue
?getNextPacketRouterSlot@BFMEConnectionManager@@QAEII@Z,0x004CFAC0,BFME2 fallback packet-router traversal; follows the supplied slot in the +0x12030 router order
??1Transport@@QAE@XZ,0x004494BA,BFME2 transport destructor used before replacing the connection-manager transport pointer
?_bfme_setEngineVisibility@Mouse@@QAEX_N@Z,0x001EE5BE,GameEngine slot 39 input-lock transition call target; BFME1 Mouse visibility analogue with the same bool argument
?GadgetListBoxReset@@YAXPAVGameWindow@@@Z,0x003247E5,retail 34B body sends GLM_DEL_ALL 0x4013; matches GadgetListBoxReset reference
?bfme_getDescriptionFirstLine@MapMetaData@@QAE?AVUnicodeString@@XZ,0x00301534,recovered metadata getter reads cached map.str text via 0x003009CD and returns its prefix before LF
?GadgetListBoxAddEntryText@@YAHPAVGameWindow@@VUnicodeString@@HHH_N@Z,0x00326BEC,retail cdecl body sends GLM_ADD_ENTRY 0x4011 with LISTBOX_TEXT and destroys its by-value UnicodeString
?bfme_getDisplayName@MapMetaData@@QAE?AVUnicodeString@@_N@Z,0x00300C7E,recovered display-name accessor; bool enables player-count suffix using metadata+0x20 and wide format (%d); ret8
?bfmeSetText@BfmeAptWindowManager@@QAEXABVAsciiString@@ABVUnicodeString@@_N@Z,0x00225301,recovered APT binding text setter; key lookup at manager+0x48 and UnicodeString update at binding+0xC; thiscall ret12
?removeLastChar@?$StringBase@D@@QAEXXZ,0x00036C50,explicit BFME2 PE export; copy-on-write character removal
?doesFileExist@FileSystem@@QBE_NPBD@Z,0x00600D7D,retail const nonvirtual file-existence query; checks local and archive paths; singleton identified through GameFileClass::Open
??0Image@@QAE@XZ,0x002D8FE4,retail Image constructor initializes vptr and 0x34-byte layout; strings+4/+8 UV+0x14 holder+0x2C status+0x30
??0BfmeMapPictureTexture@@QAE@PBD@Z,0x002DB93E,recovered one-pointer picture texture owner; allocates 0x3C-byte texture from filename then adopts it via 0x000EF87B
?bfmeSetTexture@Image@@QAEXABVBfmeMapPictureTexture@@@Z,0x002D905E,recovered texture setter allocates a separate 4-byte holder at Image+0x2C and retains/replaces its pointer via 0x000424D0
?setStatus@Image@@QAEII@Z,0x002D8E63,Image status setter ORs bits into +0x30 and returns previous unsigned status; matches reference Image::setStatus
?rva007537e0@@YAXXZ,0x007537E0,address read from the REL32 displacement at the uniquely placed BFME2 helper
_strdup,0x006C4C70,address read from the retail REL32 in INIClass::Put_String at 0x00616FB0; the CRT body this unit calls directly where it imports the rest of the CRT
?Add_Index@?$IndexClass@HPAUINISection@@@@QAE_NABHABQAUINISection@@@Z,0x006166D0,address read from the retail REL32 in INIClass::Put_String at 0x00616FB0; both IndexClass pointer instantiations fold onto this one body
?Add_Index@?$IndexClass@HPAUINIEntry@@@@QAE_NABHABQAUINIEntry@@@Z,0x006166D0,address read from the retail REL32 in INIClass::Put_String at 0x00616FB0; both IndexClass pointer instantiations fold onto this one body
?Delete@?$List@PAUINISection@@@@QAEXXZ,0x00615CB0,address read from the retail REL32 in INIClass::Clear at 0x00616C60
?Remove_Index@?$IndexClass@HPAUINISection@@@@QAE_NABH@Z,0x00616100,address read from the retail REL32 in INIClass::Clear at 0x00616C60
?Read_Line@@YAHAAVStraw@@PADHAA_N@Z,0x0061DAA0,address read from the retail REL32 in INIClass::Load(Straw&) at 0x00617B10
??1CacheStraw@@UAE@XZ,0x006159A0,address read from the retail REL32 in INIClass::Load(Straw&) at 0x00617B10
?Increase_Table_Size@?$IndexClass@HPAUINISection@@@@AAE_NH@Z,0x00616190,address read from the retail REL32 in INIClass::Load(Straw&) at 0x00617B10
?Free_String@WideStringClass@@AAEXXZ,0x00619B80,address read from the retail REL32 in WideStringClass::Uninitialised_Grow at 0x00619E30
?Get_Render_Target_Resolution@WW3D@@SAXAAH00AA_N@Z,0x00116FF0,address read from the retail REL32 in CameraClass::Device_To_View_Space at 0x00134650
?Update_Frustum@CameraClass@@IBEXXZ,0x001340B0,address read from the REL32 displacement at a placed body
?insert_unique@?$_Rb_tree@HU?$pair@$$CBHH@_STL@@U?$_Select1st@U?$pair@$$CBHH@_STL@@@2@U?$less@H@2@V?$allocator@U?$pair@$$CBHH@_STL@@@2@@_STL@@QAE?AU?$_Rb_tree_iterator@U?$pair@$$CBHH@_STL@@U?$_Nonconst_traits@U?$pair@$$CBHH@_STL@@@2@@2@U32@ABU?$pair@$$CBHH@2@@Z,0x00422EC0,address read from the retail REL32 in map<int int>::insert at 0x00289147
??0?$ShareBufferClass@E@@QAE@HPBDH@Z,0x001698A0,address read from the REL32 displacement at a placed body
??0LineGroupClass@@QAE@XZ,0x001B3490,address read from the REL32 displacement at a placed body
??0ParticleBufferClass@@QAE@ABV0@@Z,0x001AD1B0,address read from the REL32 displacement at a placed body
??0RenderObjClass@@QAE@XZ,0x0013BF00,address read from the REL32 displacement at a placed body
?Add_To_Static_Sort_List@WW3D@@SAXPAVRenderObjClass@@I@Z,0x00117C40,address read from the REL32 displacement at a placed body
?Render@LineGroupClass@@QAEXAAVRenderInfoClass@@@Z,0x001B38A0,address read from the REL32 displacement at a placed body
?Render@PointGroupClass@@QAEXAAVRenderInfoClass@@H@Z,0x0017F400,address read from the REL32 displacement at a placed body
?Render_Line@ParticleBufferClass@@IAEXAAVRenderInfoClass@@@Z,0x001AE4D0,address read from the REL32 displacement at a placed body
?Set_Arrays@LineGroupClass@@QAEXPAV?$ShareBufferClass@VVector3@@@@0PAV?$ShareBufferClass@VVector4@@@@1PAV?$ShareBufferClass@I@@PAV?$ShareBufferClass@M@@3H@Z,0x001B3790,address read from the REL32 displacement at a placed body
?Set_Flag@LineGroupClass@@QAEXW4FlagsType@1@_N@Z,0x001B36C0,address read from the REL32 displacement at a placed body
?Set_Force_Visible@RenderObjClass@@UAEXH@Z,0x0013B720,address read from the REL32 displacement at a placed body
?Set_Line_Alpha@LineGroupClass@@QAEXM@Z,0x001B3690,address read from the REL32 displacement at a placed body
?Set_Line_Color@LineGroupClass@@QAEXABVVector3@@@Z,0x001B3610,address read from the REL32 displacement at a placed body
?Set_Line_Mode@LineGroupClass@@QAEXW4LineModeType@1@@Z,0x001B3710,address read from the REL32 displacement at a placed body
?Set_Line_Size@LineGroupClass@@QAEXM@Z,0x001B35F0,address read from the REL32 displacement at a placed body
?Set_Line_UCoord@LineGroupClass@@QAEXM@Z,0x00179010,address read from the REL32 displacement at a placed body
?Set_Point_Alpha@PointGroupClass@@QAEXM@Z,0x00179010,address read from the REL32 displacement at a placed body
?Set_Point_Frame@PointGroupClass@@QAEXE@Z,0x00179040,address read from the REL32 displacement at a placed body
?Set_Point_Mode@PointGroupClass@@QAEXW4PointModeEnum@1@@Z,0x0066D7A0,address read from the REL32 displacement at a placed body
?Set_Point_Orientation@PointGroupClass@@QAEXE@Z,0x00179020,address read from the REL32 displacement at a placed body
?Set_Point_Size@PointGroupClass@@QAEXM@Z,0x00178FA0,address read from the REL32 displacement at a placed body
?Set_Shader@LineGroupClass@@QAEXABVShaderClass@@@Z,0x001B3700,address read from the REL32 displacement at a placed body
?Set_Shader@PointGroupClass@@QAEXVShaderClass@@@Z,0x00665650,address read from the REL32 displacement at a placed body
?Set_Tail_Diffuse@LineGroupClass@@QAEXABVVector4@@@Z,0x001B3650,address read from the REL32 displacement at a placed body
?Set_Texture@LineGroupClass@@QAEXPAVTextureClass@@@Z,0x001790A0,address read from the REL32 displacement at a placed body; the body there is held under another instantiation name and the two folded
?Set_Texture@SegLineRendererClass@@QAEXPAVTextureClass@@@Z,0x001911E0,address read from the REL32 displacement at a placed body
??0Animatable3DObjClass@@QAE@ABV0@@Z,0x001A5C50,address read from the REL32 displacement at a placed body
??0Animatable3DObjClass@@QAE@PBD@Z,0x001A4900,address read from the REL32 displacement at a placed body
??4HLodClass@@QAEAAV0@ABV0@@Z,0x0019FF50,address read from the REL32 displacement at a placed body
?Get_Position@RenderObjClass@@QBE?AVVector3@@XZ,0x0013B8A0,address read from the REL32 displacement at a placed body
?Set_Transform@RenderObjClass@@UAEXABVMatrix3D@@@Z,0x0013B790,address read from the REL32 displacement at a placed body
?_M_insert@?$_Rb_tree@HU?$pair@$$CBHH@_STL@@U?$_Select1st@U?$pair@$$CBHH@_STL@@@2@U?$less@H@2@V?$allocator@U?$pair@$$CBHH@_STL@@@2@@_STL@@AAE?AU?$_Rb_tree_iterator@U?$pair@$$CBHH@_STL@@U?$_Nonconst_traits@U?$pair@$$CBHH@_STL@@@2@@2@PAU_Rb_tree_node_base@2@0ABU?$pair@$$CBHH@2@0@Z,0x0038341E,address read from the retail REL32 in Rb_tree insert_unique at 0x00422EC0
?insert_unique@?$_Rb_tree@HU?$pair@$$CBHH@_STL@@U?$_Select1st@U?$pair@$$CBHH@_STL@@@2@U?$less@H@2@V?$allocator@U?$pair@$$CBHH@_STL@@@2@@_STL@@QAE?AU?$pair@U?$_Rb_tree_iterator@U?$pair@$$CBHH@_STL@@U?$_Nonconst_traits@U?$pair@$$CBHH@_STL@@@2@@_STL@@_N@2@ABU?$pair@$$CBHH@2@@Z,0x001E6F5F,address read from the retail REL32 in Rb_tree insert_unique at 0x00422EC0
??0GridTextureMapperClass@@QAE@ABV0@@Z,0x00184420,address read from the REL32 displacement at a placed body
?initialize@GridTextureMapperClass@@IAEXMI@Z,0x00182480,address read from the REL32 displacement at a placed body
??0SegLineRendererClass@@QAE@ABV0@@Z,0x00191B50,address read from the REL32 displacement at a placed body
??4RenderObjClass@@QAEAAV0@ABV0@@Z,0x0013B5F0,address read from the REL32 displacement at a placed body
??4SegLineRendererClass@@QAEAAV0@ABV0@@Z,0x001912F0,address read from the REL32 displacement at a placed body
??0ParticleEmitterClass@@QAE@ABV0@@Z,0x001A1530,address read from the REL32 displacement at a placed body
?Build_Quaternion@@YA?AVQuaternion@@ABVMatrix3D@@@Z,0x00717B40,address read from the REL32 displacement at a placed body
?Get_Bounding_Box@MeshGeometryClass@@QAEXPAVAABoxClass@@@Z,0x001692F0,address read from the REL32 displacement at a placed body
?Get_Bounding_Sphere@MeshGeometryClass@@QAEXPAVSphereClass@@@Z,0x00169370,address read from the REL32 displacement at a placed body
?Allocate_Object_Memory@MatPassTaskPoolClass@@QAEPAUMatPassTaskClass@@XZ,0x001440C0,address read from the retail REL32 in DX8RigidFVFCategoryContainer Add_Delayed_Visible_Material_Pass at 0x00144CB0
?Init@BTCollisionStruct@@QAEXABVAABoxClass@@ABVVector3@@ABVTriClass@@1@Z,0x00724D40,address read from the retail REL32 in CollisionMath Collide AABox-Tri at 0x00726790
?aabtri_check_axis@@YA_NXZ,0x00725E10,address read from the retail REL32 in CollisionMath Collide AABox-Tri at 0x00726790
?aabtri_check_basis_axis@@YA_NMMM@Z,0x00726100,address read from the retail REL32 in CollisionMath Collide AABox-Tri at 0x00726790
?aabtri_check_cross_axis@@YA_NMHM@Z,0x00725FE0,address read from the retail REL32 in CollisionMath Collide AABox-Tri at 0x00726790
?aabtri_check_normal_axis@@YA_NXZ,0x00726240,address read from the retail REL32 in CollisionMath Collide AABox-Tri at 0x00726790
?aabtri_compute_contact_normal@@YAXAAVVector3@@@Z,0x007263A0,address read from the retail REL32 in CollisionMath Collide AABox-Tri at 0x00726790
??0ObbCollisionStruct@@QAE@ABVOBBoxClass@@ABVVector3@@01@Z,0x00728810,address read from the REL32 displacement at a placed body
?collide_obb_obb@@YA_NAAUObbCollisionStruct@@PAUCastResultStruct@@@Z,0x0072A5C0,address read from the REL32 displacement at a placed body
?intersect_obb_obb@@YA_NAAUObbIntersectionStruct@@@Z,0x007277C0,address read from the REL32 displacement at a placed body
??0BoxRenderObjClass@@QAE@ABUW3dBoxStruct@@@Z,0x00175A40,address read from the REL32 displacement at a placed body
??0BoxRenderObjClass@@QAE@XZ,0x00174C80,address read from the REL32 displacement at a placed body
??4OBBoxClass@@QAEAAV0@ABV0@@Z,0x00133990,address read from the REL32 displacement at a placed body
?update_cached_box@OBBoxRenderObjClass@@MAEXXZ,0x001758C0,address read from the REL32 displacement at a placed body
??0Null3DObjClass@@QAE@ABV0@@Z,0x00180EF0,address read from the REL32 displacement at a placed body
?Remove_Polygon_Renderer@DX8TextureCategoryClass@@QAEXPAVDX8PolygonRendererClass@@@Z,0x001460E0,address read from the REL32 displacement at a placed body
?Add_Engine_Ref@VertexBufferClass@@QBEXXZ,0x00139480,address read from the REL32 displacement at a placed body
?Find_Color_Mode@DX8Wrapper@@KA_NW4_D3DFORMAT@@HHPAI@Z,0x0011CF80,address read from the REL32 displacement at a placed body
?Release_Engine_Ref@VertexBufferClass@@QBEXXZ,0x00139490,address read from the REL32 displacement at a placed body
?Reset_Device@DX8Wrapper@@SA_N_N@Z,0x00122600,address read from the REL32 displacement at a placed body
?Set_Render_Device@DX8Wrapper@@KA_NHHHHH_N00@Z,0x00124FF0,address read from the REL32 displacement at a placed body
?Allocate_Object_Memory@?$ObjectPoolClass@VPolyRenderTaskClass@@$0BAA@@@QAEPAVPolyRenderTaskClass@@XZ,0x001440C0,address read from the REL32 displacement at a placed body
?Free_Object_Memory@?$ObjectPoolClass@VMatPassTaskClass@@$0BAA@@@QAEXPAVMatPassTaskClass@@@Z,0x00196470,address read from the REL32 displacement at a placed body; the body there is held under another instantiation name and the two folded
?Free_Object_Memory@?$ObjectPoolClass@VPolyRenderTaskClass@@$0BAA@@@QAEXPAVPolyRenderTaskClass@@@Z,0x00196470,address read from the REL32 displacement at a placed body; the body there is held under another instantiation name and the two folded
?Render@DX8TextureCategoryClass@@QAEXXZ,0x00146F50,address read from the REL32 displacement at a placed body
?Render_Material_Pass@MeshClass@@QAEXPAVMaterialPassClass@@PAVIndexBufferClass@@@Z,0x0014C000,address read from the REL32 displacement at a placed body
?Render_Procedural_Material_Passes@DX8FVFCategoryContainer@@IAEXXZ,0x00146130,address read from the REL32 displacement at a placed body
??0MaterialCollectorClass@@QAE@XZ,0x00170240,address read from the REL32 displacement at a placed body
?get_sort_flags@MeshModelClass@@IBEIH@Z,0x00189270,address read from the REL32 displacement at a placed body
?get_sort_flags@MeshModelClass@@IBEIXZ,0x001892F0,address read from the REL32 displacement at a placed body
?Set_Gamma@DX8Wrapper@@SAXMMM_N0@Z,0x00120980,address read from the REL32 displacement at a placed body
?_Init_Filters@TextureFilterClass@@SAXW4TextureFilterMode@1@@Z,0x0013EB60,address read from the REL32 displacement at a placed body
?Base_Update@HTreeClass@@QAEXABVMatrix3D@@@Z,0x001628A0,address read from the REL32 displacement at a placed body
?Blend_Update@HTreeClass@@QAEXABVMatrix3D@@PAVHAnimClass@@M1MM@Z,0x001645B0,address read from the REL32 displacement at a placed body
?Combo_Update@HTreeClass@@QAEXABVMatrix3D@@PAVHAnimComboClass@@@Z,0x00165820,address read from the REL32 displacement at a placed body
?Control_Bone@HTreeClass@@QAEXHABVMatrix3D@@_N@Z,0x00162060,address read from the REL32 displacement at a placed body
?Get_Bone_Index@HTreeClass@@QBEHPBD@Z,0x00160B60,address read from the REL32 displacement at a placed body
?Get_Bone_Name@HTreeClass@@QBEPBDH@Z,0x00160BB0,address read from the REL32 displacement at a placed body
?Is_Bone_Captured@HTreeClass@@QBE_NH@Z,0x00162030,address read from the REL32 displacement at a placed body
?YFlip@Targa@@QAEXXZ,0x00613EF0,address read from the REL32 displacement at a placed body
?Get@Straw@@UAEHPAXH@Z,0x00615560,address read from the REL32 displacement at a placed body
?Delete@?$DynamicVectorClass@PAX@@QAE_NH@Z,0x00196520,address read from the REL32 displacement at a placed body; the body there is held under another instantiation name and the two folded
?Random_Float@WWMath@@SAMXZ,0x00711B90,address read from the REL32 displacement at a placed body
?Collide@CollisionMath@@SA_NABVLineSegClass@@ABVOBBoxClass@@PAUCastResultStruct@@@Z,0x00714860,address read from the REL32 displacement at a placed body
?Transform_Center_Extent_AABox@Matrix3D@@QBEXABVVector3@@0PAV2@1@Z,0x00712CA0,address read from the REL32 displacement at a placed body
?_M_create_node@?$_Rb_tree@HU?$pair@$$CBHH@_STL@@U?$_Select1st@U?$pair@$$CBHH@_STL@@@2@U?$less@H@2@V?$allocator@U?$pair@$$CBHH@_STL@@@2@@_STL@@IAEPAU?$_Rb_tree_node@U?$pair@$$CBHH@_STL@@@2@ABU?$pair@$$CBHH@2@@Z,0x00382B7F,address read from the retail REL32 in the body at 0x0038341E
?_Rebalance@?$_Rb_global@_N@_STL@@SAXPAU_Rb_tree_node_base@2@AAPAU32@@Z,0x00025490,address read from the retail REL32 in the body at 0x0038341E
?Get_Render_Target_Resolution@DX8Wrapper@@KAXAAH00AA_N@Z,0x00121860,address read from the retail REL32 in the body at 0x00116FF0
?Release@Animatable3DObjClass@@IAEXXZ,0x001A4AA0,address read from the retail REL32 in Animatable3DObjClass Set_Animation at 0x001A4BD0
?Simple_Evaluate_Pivot@HTreeClass@@QBE_NHABVMatrix3D@@PAV2@@Z,0x001606E0,address read from the REL32 displacement at a placed body
?Simple_Evaluate_Pivot@HTreeClass@@QBE_NPAVHAnimClass@@HMABVMatrix3D@@PAV3@@Z,0x00161700,address read from the REL32 displacement at a placed body
??_U@YAPAXII@Z,0x006C4C30,address read from the retail REL32 in StringClass Resize at 0x00610C70
??1?$_String_base@GV?$allocator@G@_STL@@@_STL@@QAE@XZ,0x0000B3C0,Wide _String_base destructor; calls at 0x0000EC2F and 0x0000EC46 in bool num_put; independently compiled 63-byte wide destructor equals the claimed narrow ICF body
??$_Construct@VAsciiString@@V1@@_STL@@YAXPAVAsciiString@@ABV1@@Z,0x00142CC0,address read from the REL32 displacement at a placed body
?_M_insert_overflow@?$vector@VAsciiString@@V?$allocator@VAsciiString@@@_STL@@@_STL@@IAEXPAVAsciiString@@ABV3@ABU__false_type@2@I_N@Z,0x00143070,address read from the REL32 displacement at a placed body
??0?$pair@$$CBVAsciiString@@V?$list@PAVSuperweaponInfo@@V?$allocator@PAVSuperweaponInfo@@@_STL@@@_STL@@@_STL@@QAE@ABU01@@Z,0x00689650,address read from the REL32 displacement at a placed body
?drawFloatingText@InGameUI@@IAEXXZ,0x0029D200,address read from the REL32 displacement at a placed body
?handleBuildPlacements@InGameUI@@IAEXXZ,0x002A21E1,address read from the REL32 displacement at a placed body
?handleRadiusCursor@InGameUI@@IAEXXZ,0x0029A661,address read from the REL32 displacement at a placed body
?updateAndDrawWorldAnimations@InGameUI@@IAEXXZ,0x0029D44E,address read from the REL32 displacement at a placed body
??$_Construct@U?$pair@$$CBVAsciiString@@UCoord3D@@@_STL@@U12@@_STL@@YAXPAU?$pair@$$CBVAsciiString@@UCoord3D@@@0@ABU10@@Z,0x0016CC80,address read from the REL32 displacement at a placed body; the body there is held under another instantiation name and the two folded
??0?$_STLP_alloc_proxy@PAU?$_Rb_tree_node@U?$pair@$$CBVAsciiString@@UCoord3D@@@_STL@@@_STL@@U12@V?$allocator@U?$_Rb_tree_node@U?$pair@$$CBVAsciiString@@UCoord3D@@@_STL@@@_STL@@@2@@_STL@@QAE@ABV?$allocator@U?$_Rb_tree_node@U?$pair@$$CBVAsciiString@@UCoord3D@@@_STL@@@_STL@@@1@PAU?$_Rb_tree_node@U?$pair@$$CBVAsciiString@@UCoord3D@@@_STL@@@1@@Z,0x00007410,address read from the REL32 displacement at a placed body; the body there is held under another instantiation name and the two folded
??0?$_STLP_alloc_proxy@PAU?$_Rb_tree_node@U?$pair@$$CBVUnicodeString@@VAsciiString@@@_STL@@@_STL@@U12@V?$allocator@U?$_Rb_tree_node@U?$pair@$$CBVUnicodeString@@VAsciiString@@@_STL@@@_STL@@@2@@_STL@@QAE@ABV?$allocator@U?$_Rb_tree_node@U?$pair@$$CBVUnicodeString@@VAsciiString@@@_STL@@@_STL@@@1@PAU?$_Rb_tree_node@U?$pair@$$CBVUnicodeString@@VAsciiString@@@_STL@@@1@@Z,0x00007410,address read from the REL32 displacement at a placed body; the body there is held under another instantiation name and the two folded
??$_Construct@U?$pair@$$CBW4NameKeyType@@VFXList@@@_STL@@U12@@_STL@@YAXPAU?$pair@$$CBW4NameKeyType@@VFXList@@@0@ABU10@@Z,0x0016CC30,address read from the REL32 displacement at a placed body
??0?$list@PAVFXNugget@@V?$allocator@PAVFXNugget@@@_STL@@@_STL@@QAE@ABV01@@Z,0x000365F0,address read from the REL32 displacement at a placed body
?doFxAtBones@FXListAtBonePosFXNugget@@IBEXPBVObject@@H@Z,0x001E2DD6,address read from the REL32 displacement at a placed body
_ArrayLength,0x006989D0,GameSpy dynamic-array length; exact seven-byte source body folded with SBServerGetPublicInetAddress; target corroborated by TableCount and 49 other SDK call sites
??$find@W4LocomotorSetType@@@?$_Rb_tree@W4LocomotorSetType@@U?$pair@$$CBW4LocomotorSetType@@V?$vector@PBVLocomotorTemplate@@V?$allocator@PBVLocomotorTemplate@@@_STL@@@_STL@@@_STL@@U?$_Select1st@U?$pair@$$CBW4LocomotorSetType@@V?$vector@PBVLocomotorTemplate@@V?$allocator@PBVLocomotorTemplate@@@_STL@@@_STL@@@_STL@@@3@U?$less@W4LocomotorSetType@@@3@V?$allocator@U?$pair@$$CBW4LocomotorSetType@@V?$vector@PBVLocomotorTemplate@@V?$allocator@PBVLocomotorTemplate@@@_STL@@@_STL@@@_STL@@@3@@_STL@@QBE?AU?$_Rb_tree_iterator@U?$pair@$$CBW4LocomotorSetType@@V?$vector@PBVLocomotorTemplate@@V?$allocator@PBVLocomotorTemplate@@@_STL@@@_STL@@@_STL@@U?$_Const_traits@U?$pair@$$CBW4LocomotorSetType@@V?$vector@PBVLocomotorTemplate@@V?$allocator@PBVLocomotorTemplate@@@_STL@@@_STL@@@_STL@@@2@@1@ABW4LocomotorSetType@@@Z,0x00759410,address read from the REL32 displacement at a placed body
?normalizeAngle@@YAMM@Z,0x00238954,address read from the REL32 displacement at a placed body
??0DrawableModule@@QAE@PAVThing@@PBVModuleData@@@Z,0x006DCD20,address read from the REL32 displacement at a placed body
?allocArg@GameMessage@@AAEPAVGameMessageArgument@@XZ,0x0030F8FF,address read from the REL32 displacement at a placed body
??0?$_STLP_alloc_proxy@PAU?$pair@W4ObjectID@@I@_STL@@U12@V?$allocator@U?$pair@W4ObjectID@@I@_STL@@@2@@_STL@@QAE@ABV?$allocator@U?$pair@W4ObjectID@@I@_STL@@@1@PAU?$pair@W4ObjectID@@I@1@@Z,0x00007410,address read from the REL32 displacement at a placed body; the body there is held under another instantiation name and the two folded
?getMaxHeightAbovePosition@GeometryInfo@@QBEMXZ,0x006BD7C0,address read from the REL32 displacement at a placed body
?initFromINI@INI@@QAEXPAXPBUFieldParse@@@Z,0x0002DE78,address read from the REL32 displacement at a placed body
?_M_insert_overflow@?$vector@UFlightDeckInfo@FlightDeckBehavior@@V?$allocator@UFlightDeckInfo@FlightDeckBehavior@@@_STL@@@_STL@@IAEXPAUFlightDeckInfo@FlightDeckBehavior@@ABU34@ABU__false_type@2@I_N@Z,0x00627BC0,address read from the REL32 displacement at a placed body
??1ObjectModule@@MAE@XZ,0x0049B47C,address read from the REL32 displacement at a placed body; the body there is held under another instantiation name and the two folded
___WSAFDIsSet@8,0x006556EE,PE-verified FF25 import thunk to wsock32.dll!__WSAFDIsSet via IAT 0x00BBA944; independently read from retail import directory
_select@20,0x0065566A,PE-verified FF25 import thunk to wsock32.dll!select via IAT 0x00BBA99C; independently read from retail import directory
_WSAStartup@8,0x006556B2,PE-verified FF25 import thunk to wsock32.dll!WSAStartup via IAT 0x00BBA96C; independently read from retail import directory
_ioctlsocket@12,0x006556CA,PE-verified FF25 import thunk to wsock32.dll!ioctlsocket via IAT 0x00BBA95C; independently read from retail import directory
_setsockopt@20,0x006556D0,PE-verified FF25 import thunk to wsock32.dll!setsockopt via IAT 0x00BBA958; independently read from retail import directory
_getsockopt@20,0x006556D6,PE-verified FF25 import thunk to wsock32.dll!getsockopt via IAT 0x00BBA954; independently read from retail import directory
_gethostname@8,0x006556BE,PE-verified FF25 import thunk to wsock32.dll!gethostname via IAT 0x00BBA964; independently read from retail import directory
_gethostbyname@4,0x006556A0,PE-verified FF25 import thunk to wsock32.dll!gethostbyname via IAT 0x00BBA978; independently read from retail import directory
_WSACleanup@0,0x006556AC,PE-verified FF25 import thunk to wsock32.dll!WSACleanup via IAT 0x00BBA970; independently read from retail import directory
_send@16,0x0065568E,PE thunk ff2584a9bb00 jumps through IAT 0x00BBA984 to wsock32.dll!send; Ghidra independently names same thunk
_WSAGetLastError@0,0x00655694,PE thunk ff2580a9bb00 jumps through IAT 0x00BBA980 to wsock32.dll!WSAGetLastError; Ghidra independently names same thunk
_current_time,0x00656BB0,GameSpy nonport.c Win32 current_time returns GetTickCount; folded six-byte FF25 IAT 0x00BBA294 to kernel32.dll!GetTickCount confirmed from PE
_recv@16,0x006556E8,PE thunk ff2548a9bb00 jumps through IAT 0x00BBA948 to wsock32.dll!recv; Ghidra independently names same thunk
_ghiSocketSelect,0x0060A9F0,nonport.c explicitly identifies GSISocketSelect as formerly ghiSocketSelect; its release body matches 330 bytes here; corroborated by ghttp send/process calls
?winGetUserData@GameWindow@@QAEPAXXZ,0x005C4ACD,address read from the REL32 displacement at a placed body
_gpiDebug,0x0069E440,GameSpy release gpiDebug compiles to one ret; ICF-folded with held DX8_Assert; direct target corroborated by full gpiSendData and gpiRecvToBuffer bodies
_MD5Update,0x00606C40,RSA MD5 C-linkage alias of existing byte-verified WWLib C++ body; independently compiled entire GameSpy source body and all direct calls agree
_MD5Final,0x00606D00,RSA MD5 C-linkage alias of existing byte-verified WWLib C++ body; independently compiled entire GameSpy source body and all direct calls agree
?getCurrentWeapon@Object@@QBEPBVWeapon@@PAW4WeaponSlotType@@@Z,0x0028AEBD,address read from the REL32 displacement at a placed body
?getStatus@Weapon@@QBE?AW4WeaponStatus@@XZ,0x002CCFC7,address read from the REL32 displacement at a placed body
?isAbleToAttack@Object@@QBE_NXZ,0x00290B73,address read from the REL32 displacement at a placed body
_htons@4,0x00655682,PE-verified FF25 import thunk to wsock32.dll!htons via IAT 0x00BBA98C; independently read from retail import directory
_inet_addr@4,0x006556A6,PE-verified FF25 import thunk to wsock32.dll!inet_addr via IAT 0x00BBA974; independently read from retail import directory
_shutdown@8,0x006556C4,PE-verified FF25 import thunk to wsock32.dll!shutdown via IAT 0x00BBA960; independently read from retail import directory
_closesocket@4,0x00655676,PE-verified FF25 import thunk to wsock32.dll!closesocket via IAT 0x00BBA994; independently read from retail import directory
?grouping@?$moneypunct@D$00@_STL@@QBE?AV?$basic_string@DV?$char_traits@D@_STL@@V?$allocator@D@2@@2@XZ,0x00015E50,STLport moneypunct getter; emitted full 27-byte body has no relocations and equals retail byte for byte; linker-folded with the same virtual-slot string getter
?curr_symbol@?$moneypunct@D$00@_STL@@QBE?AV?$basic_string@DV?$char_traits@D@_STL@@V?$allocator@D@2@@2@XZ,0x0000EA30,STLport moneypunct getter; emitted full 27-byte body has no relocations and equals retail byte for byte; linker-folded with the same virtual-slot string getter
?positive_sign@?$moneypunct@D$00@_STL@@QBE?AV?$basic_string@DV?$char_traits@D@_STL@@V?$allocator@D@2@@2@XZ,0x0000EA50,STLport moneypunct getter; emitted full 27-byte body has no relocations and equals retail byte for byte; linker-folded with the same virtual-slot string getter
?grouping@?$moneypunct@D$0A@@_STL@@QBE?AV?$basic_string@DV?$char_traits@D@_STL@@V?$allocator@D@2@@2@XZ,0x00015E50,STLport moneypunct getter; emitted full 27-byte body has no relocations and equals retail byte for byte; linker-folded with the same virtual-slot string getter
?curr_symbol@?$moneypunct@D$0A@@_STL@@QBE?AV?$basic_string@DV?$char_traits@D@_STL@@V?$allocator@D@2@@2@XZ,0x0000EA30,STLport moneypunct getter; emitted full 27-byte body has no relocations and equals retail byte for byte; linker-folded with the same virtual-slot string getter
?positive_sign@?$moneypunct@D$0A@@_STL@@QBE?AV?$basic_string@DV?$char_traits@D@_STL@@V?$allocator@D@2@@2@XZ,0x0000EA50,STLport moneypunct getter; emitted full 27-byte body has no relocations and equals retail byte for byte; linker-folded with the same virtual-slot string getter
?negative_sign@?$moneypunct@D$0A@@_STL@@QBE?AV?$basic_string@DV?$char_traits@D@_STL@@V?$allocator@D@2@@2@XZ,0x0000EA70,STLport moneypunct getter; emitted full 27-byte body has no relocations and equals retail byte for byte; linker-folded with the same virtual-slot string getter
?Check_Depth_Stencil_Support@DX8Caps@@AAEXW4WW3DFormat@@ABU_D3DCAPS8@@@Z,0x0012B3A0,Retail depth-stencil probe at Ghidra 122-byte boundary; zeroes table at +0x22F and queries D3D formats 70..80; exact Compute_Caps call corroborates identity
?Check_Driver_Version_Status@DX8Caps@@AAEXXZ,0x0012B5B0,Retail 709-byte driver-status routine compares nv4.dll/nv4_disp.dll and known build numbers then logs driver status; exact Compute_Caps call corroborates identity
?Check_Texture_Compression_Support@DX8Caps@@AAEXABU_D3DCAPS8@@@Z,0x0012B4E0,Retail 98-byte compression probe ORs five DXT flags at +0x1B4..0x1B8 and logs Texture compression support; exact Compute_Caps call corroborates identity
?Vendor_Specific_Hacks@DX8Caps@@AAEXABU_D3DADAPTER_IDENTIFIER8@@@Z,0x0012B9B0,Retail 1065-byte vendor workaround routine with independent NVIDIA/ATI/Matrox driver-warning strings and mapped-device branches; exact Compute_Caps call corroborates identity
??0CollectionClass@@QAE@ABV0@@Z,0x00130C00,address read from the REL32 displacement at a placed body
??0MaterialPassClass@@QAE@XZ,0x0013EDD0,address read from the REL32 displacement at a placed body
?getPercentage@NetProgressCommandMsg@@QAEEXZ,0x004C54EC,address read from the REL32 displacement at a placed body
?insert_unique@?$_Rb_tree@GU?$pair@$$CBGH@_STL@@U?$_Select1st@U?$pair@$$CBGH@_STL@@@2@U?$less@G@2@V?$allocator@U?$pair@$$CBGH@_STL@@@2@@_STL@@QAE?AU?$_Rb_tree_iterator@U?$pair@$$CBGH@_STL@@U?$_Nonconst_traits@U?$pair@$$CBGH@_STL@@@2@@2@U32@ABU?$pair@$$CBGH@2@@Z,0x00157520,address read from the REL32 displacement at a placed body
?processProgress@GameLogic@@QAEXHH@Z,0x0023D740,address read from the REL32 displacement at a placed body
??0Cftp@@QAE@XZ,0x006CA5E0,address read from the REL32 displacement at a placed body
__ReadUCS2CharFromUTF8String,0x0069D8F0,GameSpy UTF8 decoder; independently compiled 174-byte stringutil.c body at this address; direct call in GP UTF8ToUCS2StringLen corroborates identity
_bind@12,0x0065567C,PE-verified FF25 import thunk to wsock32.dll!bind via IAT 0x00BBA990; independently read from retail import directory
_connect@12,0x0065569A,PE-verified FF25 import thunk to wsock32.dll!connect via IAT 0x00BBA97C; independently read from retail import directory
_htonl@4,0x00655670,PE-verified FF25 import thunk to wsock32.dll!htonl via IAT 0x00BBA998; independently read from retail import directory
_socket@12,0x00655688,PE-verified FF25 import thunk to wsock32.dll!socket via IAT 0x00BBA988; independently read from retail import directory
?Create_Device@DX8Wrapper@@KA_NXZ,0x001246C0,BFME2 D3D9 device creation; complete 460-byte reconstruction and unique NVPerfHUD literal; called by verified Set_Render_Device
?Get_Format_Name@DX8Wrapper@@SAXIPAVStringClass@@@Z,0x0011FE20,D3D format-name switch; initial Unknown string and FourCC cases independently inspected; two calls in verified Set_Render_Device
?Do_Onetime_Device_Dependent_Inits@DX8Wrapper@@SAXXZ,0x001245A0,Device subsystem initialization reached after successful verified Create_Device; caps and renderer initialization sequence independently inspected
?Resize@?$SimpleVecClass@VVector4@@@@UAE_NH@Z,0x001A7C80,SimpleVec<Vector4> table VA BD71C8 slot1; slot2 is independently matched Vector4 Grow RVA1A7D60; both allocate16-byte elements through the same array constructor; direct callee of exact39-byte Vector4 ctor RVA1A8070
?_Deinit@DynamicVBAccessClass@@SAXXZ,0x0013A840,BFME2 dynamic vertex-buffer shutdown; 150-byte body releases fifteen format buffers and the sorting buffer then resets allocation counters
?bfmeBeginResourceEnumeration@@YAXI@Z,0x0061F110,Recovered resource registry role; nullable manager wrapper forwards tag to mutex-protected iterator initialization at RVA 0x621480
?bfmeNextResource@@YA?AUBfmeResetAnyRef@@XZ,0x0061F310,Recovered resource registry role; iterator at RVA 0x6214D0 filters virtual type tags and returns an owning four-byte reference with WORD refcount
??4BfmeResetTextureRef@@QAEAAU0@ABUBfmeResetAnyRef@@@Z,0x00131D99,Recovered typed owning-reference assignment; 50-byte body checks TEX tag then calls established RefCountPtr assignment or clears the holder
?Release_Ref@BfmeResetResource@@QAEXXZ,0x0061ED10,Recovered resource view of established TextureBaseClass Release_Ref; same 36-byte WORD-at-plus-4 decrement and conditional virtual disposal
?Release_Device_Resources@BfmeResetTextureRef@@QAEXXZ,0x00132CAD,Recovered texture-holder role; 44-byte body releases and clears backend COM texture only in D3DPOOL_DEFAULT
??4BfmeResetShaderRef@@QAEAAU0@ABUBfmeResetAnyRef@@@Z,0x0015142A,Recovered typed owning-reference assignment; 50-byte body checks FXSH tag then calls established RefCountPtr assignment or clears the holder
?Release_Device_Resources@BfmeResetShaderRef@@QAEXXZ,0x00151553,Recovered effect-holder role; 34-byte body null-checks resource and backend then invokes ID3DXEffect OnLostDevice slot 0x114
?Device_Reset_Hook@BfmeResetMeshRenderer@@QAEXXZ,0x0069E440,Recovered renderer reset-phase call contract; both phases reach this empty ICF body; no exclusive original identity or separate body claim
?Begin_Statistics@Debug_Statistics@@YAXXZ,0x0012A400,BFME2 statistics reset; 67-byte body clears eleven counters then calls established Record_Texture_Begin and DX8Wrapper Begin_Statistics
?bfmeReleaseQueuedDeviceInterfaces@@YAXXZ,0x00133283,Recovered queued-device-interface release role; 151-byte body locks device and queue then releases every COM pointer and erases the vector range
_bfmeDirectXErrorName@4,0x0062B16A,Recovered HRESULT-to-symbolic-name role; stdcall switch includes XACT_E_NOISORETAIN and RPC_S_OUT_OF_RESOURCES; original SDK symbol spelling unasserted
?SkipNext@BfmeResetDebug@@SA_N_N@Z,0x00038790,Recovered Debug view of established Debug SkipNext bool overload; 33-byte body captures return address and forwards it to virtual slot 0x5C
?Recreate_Device_Resources@BfmeResetTextureRef@@QAEXXZ,0x00132CD9,Recovered texture-holder role; 54-byte body recreates a missing default-pool texture using seven saved backend creation arguments
?Recreate_Device_Resources@BfmeResetShaderRef@@QAEXXZ,0x00151575,Recovered effect-holder role; 34-byte body null-checks resource and backend then invokes ID3DXEffect OnResetDevice slot 0x118
?Invalidate_Cached_Render_States@DX8Wrapper@@SAXXZ,0x0011FD10,BFME2 cache invalidation; 226-byte body fills render states with 0x12345678 and releases cached buffers material and sixteen resource handles
?Set_Default_Global_Render_States@DX8Wrapper@@KAXXZ,0x00122510,BFME2 default-state setup; 232-byte body uses caps FOGRANGE then installs fog material color and bump-matrix states as in the reference
_TableMapSafe2,0x0060B720,GameSpy callee already byte-verified in Code/GameEngine/Source/GameNetwork/GameSpy/hashtable.c at commit 841946636dd5; direct call from _gpiFindProfileByUser
_gpiFreeInfoCache,0x00734490,GameSpy GP callee; independent unique 144-byte source candidate in gpiInfo.c; direct call from _gpiProfilesTableFree corroborates identity
_TableNew,0x0060B7A0,GameSpy callee already byte-verified in Code/GameEngine/Source/GameNetwork/GameSpy/hashtable.c at commit 841946636dd5; direct call from _gpiInitProfiles
_TableLookup,0x0060B5F0,GameSpy callee already byte-verified in Code/GameEngine/Source/GameNetwork/GameSpy/hashtable.c at commit 841946636dd5; direct call from _gpiGetProfile
_TableRemove,0x0060B590,GameSpy callee already byte-verified in Code/GameEngine/Source/GameNetwork/GameSpy/hashtable.c at commit 841946636dd5; direct call from _gpiRemoveProfileByID
_gpiReadDiskProfile,0x00732B50,GameSpy GP callee; independent unique 1844-byte source candidate in gpiProfile.c; direct call from _gpiLoadDiskProfiles corroborates identity
_TableEnter,0x0060B530,GameSpy callee already byte-verified in Code/GameEngine/Source/GameNetwork/GameSpy/hashtable.c at commit 841946636dd5; direct call from _gpiProfileListAdd
_gpiRemoveOperation,0x00739560,GameSpy GP callee; independent unique 85-byte source candidate in gpiOperation.c; direct call from _gpiProcessNewProfile corroborates identity
_gpiDisconnect,0x0072FDF0,GameSpy GP callee; independent unique 424-byte source candidate in gpiConnect.c; direct call from _gpiDeleteProfile corroborates identity
_gpiSetInfoCache,0x00734520,GameSpy GP callee; independent unique 204-byte source candidate in gpiInfo.c; direct call from _gpiReadDiskProfile corroborates identity
_gpiAddOperation,0x00739440,GameSpy GP callee; independent unique 163-byte source candidate in gpiOperation.c; direct call from _gpiNewProfile corroborates identity
_gpiProcess,0x0072E810,GameSpy GP callee; independent unique 289-byte source candidate in gpi.c; direct call from _gpiNewProfile corroborates identity
??0RenderObjClass@@QAE@ABV0@@Z,0x0013B430,RenderObj copy ctor427 independently identified by primary BD2F68 and secondary BD2F60 tables shared with default ctor13BF00; fresh refcount1 and copied transform/factors90/94; scene ownership cleared; base implementation remains unclaimed
??0OBBoxClass@@QAE@ABV0@@Z,0x00133990,OBBox copy ctor97 independently matches all emitted ordinary C++ bytes with zero relocations; Matrix3 basis and center/extent copied; exact Camera copy calls this body
??4PlaneClass@@QAEAAV0@ABV0@@Z,0x0004254E,Independently byte-exact31-byte Plane memberwise assignment emitted by size-optimized Frustum copy; identical folded aggregate copy already held as Region2D ctor; no second row or byte credit
_gpiProcessConnect,0x0072F7C0,GameSpy GP callee; independent unique 1311-byte source candidate in gpiConnect.c; direct call from _gpiProcessOperation corroborates identity
_gpiProcessGetInfo,0x007345F0,GameSpy GP callee; independent unique 1834-byte source candidate in gpiInfo.c; direct call from _gpiProcessOperation corroborates identity
_gpiProcessRegisterUniqueNick,0x00731EB0,GameSpy GP callee; independent unique 186-byte source candidate in gpiUnique.c; direct call from _gpiProcessOperation corroborates identity
_D3DXMatrixInverse@12,0x0062AF38,PE FF25 thunk at62AF38 references IAT BBA9C0 independently named d3dx9_27.dll!D3DXMatrixInverse; three pointer arguments and stdcall12 agree with SDK declaration
??0BfmeEnumerationDesc@@QAE@XZ,0x001221B0,Recovered BFME2 descriptor view; complete 417-byte constructor and EH graph verified with nine strings and the 0x5A0 resolution vector
??1BfmeEnumerationDesc@@QAE@XZ,0x00122360,Recovered BFME2 descriptor view; complete 225-byte destructor and EH graph verified with actual D3D9 field layout
??0BfmeEnumerationCaps@@QAE@PAUIDirect3D8@@ABUBFME_DeviceCaps9@@W4WW3DFormat@@ABUBFME_AdapterIdentifier9@@@Z,0x0012C780,Recovered view of verified 265-byte DX8Caps caps-copy constructor; identical argument ABI and proven 0x2E4 object layout
?Is_Valid_Display_Format@BfmeEnumerationCaps@@QAE_NHHW4_D3DFORMAT@@@Z,0x0012B330,Recovered view of verified 36-byte DX8Caps dimension filter; format argument is unused and retail enumeration passes the D3D format directly
?add_resolution@BfmeEnumerationDesc@@QAEXHHH@Z,0x00121550,Recovered BFME2 descriptor view; complete 158-byte insertion compares width height and depth before adding a new resolution
??4BfmeEnumerationDesc@@QAEAAV0@ABV0@@Z,0x00122450,Recovered BFME2 descriptor view; complete 188-byte assignment copies nine strings 304-byte caps 1100-byte adapter and resolution vector
??0?$VectorClass@VResolutionDescClass@@@@QAE@HPBVResolutionDescClass@@@Z,0x0011F730,Resolution vector constructor; complete 173-byte source body and EH/vtable graph independently verified while reconstructing BFME2 adapter enumeration
??4?$VectorClass@VResolutionDescClass@@@@QAEAAV0@ABV0@@Z,0x00120FE0,Resolution vector assignment; independently decoded complete 215-byte self-assignment guard clear sixteen-byte element allocation construction and four-field copy; called by verified descriptor assignment
?Init@FrustumClass@@QAEXABVMatrix3D@@ABVVector2@@1MM_N@Z,0x0071E050,"Six-argument Frustum initialization identified by retail RET18 and byte sixth-argument test; true mode writes all8 corner Z coordinates, false mode scales XYZ; independently exact Camera Update passes the orthographic flag"
_goastrdup,0x0060A870,GameSpy callee already byte-verified in Code/GameEngine/Source/GameNetwork/GameSpy/nonport.c at commit b6d107f81459; direct call from _gpiProcessGetInfo
_gpiStartSearch,0x00730350,GameSpy GP callee; independent unique 96-byte source candidate in gpiSearch.c; direct call from _gpiFindPlayers corroborates identity
_htonl@4,0x0065565E,PE-verified FF25 import thunk to wsock32.dll!htonl via IAT 0x00BBA9A4; independently read from retail import directory
_sendto@24,0x006556E2,PE-verified FF25 import thunk to wsock32.dll!sendto via IAT 0x00BBA94C; independently read from retail import directory
_gpiProcessSearch,0x007308A0,GameSpy GP callee; independent unique 5136-byte source candidate in gpiSearch.c; direct call from _gpiProcessSearches corroborates identity
_gpiStartProfileSearch,0x00730180,GameSpy GP callee; independent unique 279-byte source candidate in gpiSearch.c; direct call from _gpiStartSearch corroborates identity
_SetSockBlocking,0x0060A8B0,GameSpy callee already byte-verified in Code/GameEngine/Source/GameNetwork/GameSpy/nonport.c at commit 982a47813b69; direct call from _gpiStartProfileSearch
_GSISocketSelect,0x0060A9F0,GameSpy callee already byte-verified in Code/GameEngine/Source/GameNetwork/GameSpy/nonport.c at commit 982a47813b69; direct call from _gpiCheckSocketConnect
_msleep,0x0060A830,GameSpy callee already byte-verified in Code/GameEngine/Source/GameNetwork/GameSpy/nonport.c at commit 982a47813b69; direct call from _gpiProcessSearch
_getsockname@12,0x006556DC,PE-verified FF25 import thunk to wsock32.dll!getsockname via IAT 0x00BBA950; independently read from retail import directory
_htons@4,0x006556B8,PE-verified FF25 import thunk to wsock32.dll!htons via IAT 0x00BBA968; independently read from retail import directory
_recvfrom@24,0x00655664,PE-verified FF25 import thunk to wsock32.dll!recvfrom via IAT 0x00BBA940; independently read from retail import directory
_inet_ntoa@4,0x0075B4CC,PE-verified FF25 import thunk to wsock32.dll!inet_ntoa via IAT 0x00BBA9A0; independently read from retail import directory
_gpiSendBuddyMessage,0x007356A0,GameSpy GP callee; independent unique 185-byte source candidate in gpiBuddy.c; direct call from _gpiProcessRecvBuddyMessage corroborates identity
_gpiTransfersHandlePong,0x00737780,GameSpy GP callee; independent unique 195-byte source candidate in gpiTransfer.c; direct call from _gpiProcessRecvBuddyMessage corroborates identity
_gpiAddPeer,0x00738B00,GameSpy GP callee; independent unique 120-byte source candidate in gpiPeer.c; direct call from _gpiSendBuddyMessage corroborates identity
_gpiGetConnectedPeer,0x00738AB0,GameSpy GP callee; independent unique 40-byte source candidate in gpiPeer.c; direct call from _gpiSendBuddyMessage corroborates identity
_gpiPeerAddMessage,0x00738D00,GameSpy GP callee; independent unique 278-byte source candidate in gpiPeer.c; direct call from _gpiSendBuddyMessage corroborates identity
_gpiPeerGetSig,0x00738B80,GameSpy GP callee; independent unique 74-byte source candidate in gpiPeer.c; direct call from _gpiSendBuddyMessage corroborates identity
_gpiPeerStartConnect,0x00738BD0,GameSpy GP callee; independent unique 290-byte source candidate in gpiPeer.c; direct call from _gpiSendBuddyMessage corroborates identity
_gpiDestroyPeer,0x00738910,GameSpy GP callee; independent unique 107-byte source candidate in gpiPeer.c; direct call from _gpiDisconnect corroborates identity
_gpiReset,0x0072E3A0,GameSpy GP callee; independent unique 354-byte source candidate in gpi.c; direct call from _gpiConnect corroborates identity
_gpiStartConnect,0x0072F0D0,GameSpy GP callee; independent unique 474-byte source candidate in gpiConnect.c; direct call from _gpiConnect corroborates identity
_listen@8,0x00687CDE,PE-verified FF25 import thunk to ws2_32.dll!listen via IAT 0x00BBA92C; independently read from retail import directory
_MD5Digest,0x00606DB0,GameSpy callee already byte-verified in Code/GameEngine/Source/GameNetwork/GameSpy/md5c.c at commit 119aa253f075; direct call from _gpiProcessConnect
_gpiSendLogin,0x0072F2B0,GameSpy GP callee; independent unique 788-byte source candidate in gpiConnect.c; direct call from _gpiProcessConnect corroborates identity
_gpiSendNewuser,0x0072F5D0,GameSpy GP callee; independent unique 496-byte source candidate in gpiConnect.c; direct call from _gpiProcessConnect corroborates identity
_B64Encode,0x0060B170,GameSpy callee already byte-verified in Code/GameEngine/Source/GameNetwork/GameSpy/nonport.c at commit 982a47813b69; direct call from _gpiSendNewuser
_Util_RandInt,0x0060AF10,GameSpy callee already byte-verified in Code/GameEngine/Source/GameNetwork/GameSpy/nonport.c at commit 982a47813b69; direct call from _gpiSendNewuser
_Util_RandSeed,0x0060AEF0,GameSpy callee already byte-verified in Code/GameEngine/Source/GameNetwork/GameSpy/nonport.c at commit 982a47813b69; direct call from _gpiSendNewuser
_TableFree,0x0060B4B0,GameSpy callee already byte-verified in Code/GameEngine/Source/GameNetwork/GameSpy/hashtable.c at commit edcf90f6c5e1; direct call from _gpiDestroy
_gpiCleanupTransfers,0x00736190,GameSpy GP callee; independent unique 38-byte source candidate in gpiTransfer.c; direct call from _gpiDestroy corroborates identity
_gpiProcessPeers,0x007391D0,GameSpy GP callee; independent unique 224-byte source candidate in gpiPeer.c; direct call from _gpiProcess corroborates identity
_gpiProcessTransfers,0x00738030,GameSpy GP callee; independent unique 69-byte source candidate in gpiTransfer.c; direct call from _gpiProcess corroborates identity
_SocketStartUp,0x0060A840,GameSpy callee already byte-verified in Code/GameEngine/Source/GameNetwork/GameSpy/nonport.c at commit edcf90f6c5e1; direct call from _gpiInitialize
_gpiInitTransfers,0x00736150,GameSpy GP callee; independent unique 62-byte source candidate in gpiTransfer.c; direct call from _gpiInitialize corroborates identity
_ArrayNew,0x0060A190,GameSpy callee already byte-verified in Code/GameEngine/Source/GameNetwork/GameSpy/darray.c at commit edcf90f6c5e1; direct call from _gpiAddPeer
_gpiProcessPeerConnected,0x00738640,GameSpy GP callee; independent unique 720-byte source candidate in gpiPeer.c; direct call from _gpiProcessPeer corroborates identity
_ArrayAppend,0x0060A790,GameSpy callee already byte-verified in Code/GameEngine/Source/GameNetwork/GameSpy/darray.c at commit edcf90f6c5e1; direct call from _gpiPeerAddMessage
_gpiSetPeerSocketSizes,0x00738A40,GameSpy GP callee; independent unique 107-byte source candidate in gpiPeer.c; direct call from _gpiPeerStartConnect corroborates identity
_ArrayFree,0x0060A460,GameSpy callee already byte-verified in Code/GameEngine/Source/GameNetwork/GameSpy/darray.c at commit edcf90f6c5e1; direct call from _gpiDestroyPeer
_gpiTransferPeerDestroyed,0x007376F0,GameSpy GP callee; independent unique 144-byte source candidate in gpiTransfer.c; direct call from _gpiDestroyPeer corroborates identity
_ArrayDeleteAt,0x0060A5E0,GameSpy callee already byte-verified in Code/GameEngine/Source/GameNetwork/GameSpy/darray.c at commit edcf90f6c5e1; direct call from _gpiPeerSendMessages
_ArrayNth,0x0060A200,GameSpy callee already byte-verified in Code/GameEngine/Source/GameNetwork/GameSpy/darray.c at commit edcf90f6c5e1; direct call from _gpiPeerSendMessages
_gpiHandleTransferMessage,0x007378D0,GameSpy GP callee; independent unique 376-byte source candidate in gpiTransfer.c; direct call from _gpiProcessPeerConnected corroborates identity
_CanReceiveOnSocket,0x0060AB40,GameSpy callee already byte-verified in Code/GameEngine/Source/GameNetwork/GameSpy/nonport.c at commit 5f718df7f853; direct call from _gpiProcessPeers
_accept@12,0x00687CE4,PE-verified FF25 import thunk to ws2_32.dll!accept via IAT 0x00BBA938; independently read from retail import directory
_GetReceiveBufferSize,0x0060A970,GameSpy callee already byte-verified in Code/GameEngine/Source/GameNetwork/GameSpy/nonport.c at commit edcf90f6c5e1; direct call from _gpiSetPeerSocketSizes
_GetSendBufferSize,0x0060A9B0,GameSpy callee already byte-verified in Code/GameEngine/Source/GameNetwork/GameSpy/nonport.c at commit edcf90f6c5e1; direct call from _gpiSetPeerSocketSizes
_SetReceiveBufferSize,0x0060A910,GameSpy callee already byte-verified in Code/GameEngine/Source/GameNetwork/GameSpy/nonport.c at commit edcf90f6c5e1; direct call from _gpiSetPeerSocketSizes
_SetSendBufferSize,0x0060A940,GameSpy callee already byte-verified in Code/GameEngine/Source/GameNetwork/GameSpy/nonport.c at commit edcf90f6c5e1; direct call from _gpiSetPeerSocketSizes
_ArraySearch,0x0060A690,GameSpy callee already byte-verified in Code/GameEngine/Source/GameNetwork/GameSpy/darray.c at commit 13cfa3373708; direct call from _gpiFreeTransfer
_gpiProcessTransfer,0x00737EA0,GameSpy GP callee; independent unique 388-byte source candidate in gpiTransfer.c; direct call from _gpiProcessTransfers corroborates identity
_gpiProcessCurrentFile,0x00737B00,GameSpy GP callee; independent unique 914-byte source candidate in gpiTransfer.c; direct call from _gpiProcessTransfer corroborates identity
_MD5Init,0x00606220,GameSpy C-linkage alias; all 40 compiled MD5Init bytes exactly equal the held WWLib C++ body at this address including every RFC1321 initialization word; no relocations
?Apply@ShaderClass@@AAEXXZ,0x00137590,ShaderClass Apply; independently decoded 2838-byte state-bitfield body corroborated by its unique direct Apply_Render_State_Changes caller
?Apply@BfmeApplyTextureRef@@QAEXI@Z,0x00132AF8,Recovered nullable texture-holder apply role; complete 139-byte body binds null via Device9 SetTexture or prepares and dispatches the held texture backend
?Apply@VertexMaterialClass@@ABEXXZ,0x0013D570,VertexMaterialClass Apply; complete 1084-byte material and eight mapper body plus ATI texture-transform fixup independently decoded
?bfmeDrawSortingPrimitive@@YAXIIIII@Z,0x0011D710,Recovered five-unsigned sorting-draw role; complete 539-byte dynamic-buffer conversion and draw body independently decoded with two 65535 count guards and RAII cleanup
?Record_DX8_Polys_And_Vertices@Debug_Statistics@@YAXHHABVShaderClass@@@Z,0x00129540,Debug Statistics polygon and vertex accounting; complete 68-byte body checks shader NPatch bit and proven caps support then updates the three counters
_gpiHandleEnd,0x00736EA0,GameSpy GP callee; independent unique 615-byte source candidate in gpiTransfer.c; direct call from _gpiHandleTransferMessage corroborates identity
_MD5Print,0x00606320,GameSpy callee already byte-verified in Code/GameEngine/Source/GameNetwork/GameSpy/md5c.c at commit 5ba3d5ea032c; direct call from _gpiHandleEnd
_SBServerGetPublicInetAddress,0x006989D0,GameSpy public IPv4 getter; exact seven-byte source body folded with ArrayLength; server layout and independently matched SDK callers corroborate alias
_SBServerSetICMPIP,0x006BC320,GameSpy ICMP-address setter; exact twelve-byte source body folded with ghiPostSetAutoFree; server field layout and independently matched SDK callers corroborate alias
_UCS2ToUTF8StringAlloc,0x0069DC40,GameSpy callee already byte-verified in Code/GameEngine/Source/GameNetwork/GameSpy/stringutil.c at commit 5ba3d5ea032c; direct call from _gpSetTransferDirectoryW
??0BfmeSortingVBAccess@@QAE@IIGI@Z,0x0013B040,Recovered 24-byte dynamic vertex-access view; complete 83-byte constructor selects a 96-byte format record and stores the four arguments at proven offsets
??0WriteLock@BfmeSortingVBAccess@@QAE@PAU1@@Z,0x0013AA00,Recovered dynamic vertex write-lock view; 247-byte constructor and EH member cleanup prove owner+0 data+4 device guard+8
??1WriteLock@BfmeSortingVBAccess@@QAE@XZ,0x0013AB00,Recovered dynamic vertex write-lock view; 108-byte destructor unlocks native buffer and releases the device guard independently proven by EH cleanup
??0BfmeSortingIBAccess@@QAE@GG@Z,0x00139240,Recovered 12-byte dynamic index-access view; identical argument ABI and field layout of the already verified 55-byte DynamicIBAccessClass constructor
??0WriteLock@BfmeSortingIBAccess@@QAE@PAU1@@Z,0x00138CA0,Recovered dynamic index write-lock view; 218-byte constructor and EH member cleanup prove owner+0 data+4 device guard+8
??1WriteLock@BfmeSortingIBAccess@@QAE@XZ,0x00138D80,Recovered dynamic index write-lock view; 120-byte destructor unlocks and releases the reference-counted index buffer then its device guard
??1BfmeSortingIBAccess@@QAE@XZ,0x00138BE0,Recovered dynamic index-access view; same 12-byte layout and already verified 72-byte DynamicIBAccessClass destructor
??1BfmeSortingVBAccess@@QAE@XZ,0x0013A780,Recovered dynamic vertex-access view; same 24-byte layout and already verified 80-byte BoxDynamicVBAccessClass destructor
_D3DXGetFVFVertexSize@4,0x0062AFBC,Named PE import thunk: d3dx9_27.dll!D3DXGetFVFVertexSize; complete FF25 thunk resolves IAT VA 0x00BBA9E4
??0LineSegClass@@QAE@ABV0@@Z,0x000B2CE5,Exact85-byte implicit LineSeg copy from RayCollisionConstructor object; real Ray ctor55 at6F1A6 calls this copy into Ray member0C; pure13-DWORD ICF body already credited to VehicleCurve ArcInfo assignment and not claimed twice
??0BfmeDynamicNativeVB@@QAE@IGII@Z,0x0013AC00,Recovered native vertex-buffer constructor; complete 106-byte body calls verified-layout base then Device9 buffer creation; four arguments and 32-byte allocation independently decoded
??0BfmeDynamicSortingVB@@QAE@G@Z,0x00139660,Recovered sorting vertex-buffer constructor; complete 112-byte body selects base type 1 and FVF 0x252 then allocates 44-byte vertices; 32-byte object layout independently decoded
??0HTreeClass@@QAE@ABV0@@Z,0x001662A0,Independently decoded285-byte hierarchy copy:16-byte name; count10; pivot14; scale18; owned sequence1C; fields28/2C/30;88-byte pivot copies and parent rebasing through index4C
??1HTreeClass@@QAE@XZ,0x001667E0,Independently decoded26-byte hierarchy destructor callsFree166510 then frees owned sequence1C; paired with proven52-byte copy constructor and actual allocation
?_M_open@_Filebuf_base@_STL@@QAE_NPBDH@Z,0x0001D4E0,Original STLport named-file wrapper; all23 bytes reproduce direct permission0x80 forwarding to verified1D390; prior1D500 identity refuted by named CRT descriptor import
?_M_open@_Filebuf_base@_STL@@QAE_NHH@Z,0x0001D500,Original STLport descriptor overload; all104 bytes exact with named msvcr71 _get_osfhandle IAT and independently proved _SgI helpers; called by narrow1DDD0 and wide1DE00 descriptor wrappers
?Add@?$RefMultiListClass@VRenderObjClass@@@@QAE_NPAVRenderObjClass@@_N@Z,0x0006EF29,Independently exact37-byte RefMultiList Add compiled with O1; actual GenericMultiList Internal_Add117 at6107A0 and reference-count increment; concrete Scene Register calls this owning wrapper
?Remove@?$RefMultiListClass@VRenderObjClass@@@@QAE_NPAVRenderObjClass@@@Z,0x0006EF4E,Independently exact47-byte RefMultiList Remove compiled with O1; actual GenericMultiList Internal_Remove103 at610930 then owning-reference release; concrete Scene Unregister calls this wrapper
?nameToKey@NameKeyGenerator@@QAE?AW4NameKeyType@@PBD@Z,0x00148E1A,Full retail body independently decoded from 0x00548E1A through its ret 0x00548EFF (232 bytes); this-pointer accesses the NameKeyGenerator socket table and next-id state exactly as the proven NameKeyGenerator::nameToKey(const char*) source body, and HCompressed constructor/loader call this target
??0AABTreeBuilderClass@@QAE@XZ,0x00195E00,AABTreeBuilderClass constructor identity; reference source compiles exact 22-byte body at this RVA; target body is ICF-shared with matched TimeCodedBitChannelClass constructor
??1AABTreeBuilderClass@@QAE@XZ,0x00199270,AABTreeBuilderClass destructor call target; exact 5-byte ILT thunk at this RVA jumps to matched AABTreeBuilderClass::Reset body at 0x00198B70
?Set_Mesh@AABTreeClass@@QAEXPAVMeshGeometryClass@@@Z,0x00665640,AABTreeClass setter identity; exact 10-byte body stores Mesh at +0x18; target call site in Generate_Culling_Tree reaches this body and current matched alias occupies the same RVA
??0BFME2StreamMotionChannel@@QAE@XZ,0x001B2138,Descriptive stream-channel constructor; calls base1A465B to initialize type and pivot then zeros payload pointer28 and installs BD7624; factory encoding1 and2 allocate44 bytes and invoke it before installing derived tables
??0BFME2Encoding0MotionChannel@@QAE@XZ,0x001B2E2C,Descriptive encoding0 channel constructor; calls base1A465B then zeros14 and18 and installs BD7648; factory encoding0 allocates28 bytes and invokes this complete26-byte constructor
??$__format_float@O@_STL@@YAXAAV?$basic_string@DV?$char_traits@D@_STL@@V?$allocator@D@2@@0@PBDHHOHH_N@Z,0x0001B7C0,STLport4.6.2 long double formatter aliases held double instance on VC7.1; all561 bytes independently exact; long double writer call41BBC5 resolves same body; no duplicate byte credit
?insert@KeyToBucketMap@NameKeyGenerator@@QAE?AUinsert_result@12@ABUvalue_type@12@@Z,0x004DA240,BFME2 retail map insertion helper; independent ret8 body requests resize for size at this+0x10 plus one, then dispatches insert_unique_noresize for the key/value pair
_strcmp,0x006291C6,PE CRT thunk; independent FF25 import thunk at RVA 0x006291C6 resolves the retail strcmp IAT slot
??1Bucket@@UAE@XZ,0x00148B19,BFME2 scalar Bucket destructor entry; retail deleting-destructor call independently resolves to this body, which restores the Bucket vtable and tail-jumps to AsciiString storage release
?Release_Ref@BFME2TextureResource@@QAEXXZ,0x0061ED10,Descriptive resource view; Set_Texture call51F4D9 reaches established WORD-at4 decrement and conditional virtual disposal
?Set_Light_Environment@DX8Wrapper@@SAXPAVLightEnvironmentClass@@@Z,0x00122EA0,Material-pass caller54C036; full719-byte light environment setup has cached state and up to4 ambient/directional/point lights; held Set_Light11DD20 corroborates role
?Render@DX8PolygonRendererClass@@QAEXH@Z,0x00143630,Material-pass caller54C411; renderer model/index/strip/pass layout and Rendering mesh profiling literal corroborate native strip and triangle dispatch
?Get_Name@MeshGeometryClass@@QBEPBDXZ,0x0016A6B0,"MeshName shared-buffer lookup: ECX+10 nullable, buffer data+C; donor MeshGeometry Get_Name role; full14-byte body"
??0BFME2ScopedRenderEvent@@QAE@PBD0I@Z,0x00117CF0,"Descriptive scope ctor: label256 group64; bounded copy and BeginEvent wrapper11F340(label,color); RET12 full167"
??1BFME2ScopedRenderEvent@@QAE@XZ,0x00117DA0,Descriptive scope dtor:5-byte tail to EndEvent11F3C0 optional callbackDEDBE0; same EH action at766200
?Draw_Strip@DX8Wrapper@@SAXIIII@Z,0x001206D0,"33-byte32-bit draw wrapper: type5 triangle-strip, four uint32 ranges, indexed1, calls1203C0"
?Draw_Triangles@DX8Wrapper@@SAXIIII@Z,0x00120620,"33-byte32-bit draw wrapper: type4 triangle-list, four uint32 ranges, indexed1, calls1203C0"
?Get_Texture@BFMEPointGroupViewHonestCopy@@QBE?AVBFMETextureHandleHonestCopy@@XZ,0x001790E0,"TU-local descriptive ABI view only; independent target callee proof: folded point/line getter reads hidden sret, writes holder Ptr and addrefs at 0x001790E0"
?Get_Texture@BFMELineGroupViewHonestCopy@@QBE?AVBFMETextureHandleHonestCopy@@XZ,0x001790E0,"TU-local descriptive ABI view only; independent target callee proof: folded point/line getter reads hidden sret, writes holder Ptr and addrefs at 0x001790E0"
?Set_Texture@BFMEPointGroupViewHonestCopy@@QAEXABVBFMETextureHandleHonestCopy@@@Z,0x001790A0,"TU-local descriptive ABI view only; independent target callee proof: point setter takes holder reference, addrefs incoming and releases old at 0x001790A0"
?Set_Texture@BFMELineGroupViewHonestCopy@@QAEXABVBFMETextureHandleHonestCopy@@@Z,0x001790A0,"TU-local descriptive ABI view only; independent target callee proof: line setter takes holder reference, addrefs incoming and releases old at 0x001790A0"
?Get_Frame_Row_Column_Count_Log2@PointGroupClass@@QAEEXZ,0x00179130,"Independent target callee proof: mov al,[ecx+0x20]; ret at 0x00179130, matching PointGroupClass::Get_Frame_Row_Column_Count_Log2 source and this copy-constructor callsite"
?Is_Stopped@ParticleEmitterClass@@QAE_NXZ,0x001A1BE0,Donor Active == false independently compiles to all12 bytes; byte flag at emitter+110; RET at5A1BEB
?Render@SegLineRendererClass@@QAEXAAVRenderInfoClass@@ABVMatrix3D@@IPAVVector3@@ABVSphereClass@@PAVVector4@@@Z,0x00191C10,Independent donor identity: six arguments; saves view then identity WORLD/VIEW; SyncTime minus this+30; UV offsets+34/+38 and rates+3C/+40 modulo floor; subdivision128 >> this+20; caller passes transform points sphere colors
??0ParticleBufferClass@@QAE@PAVParticleEmitterClass@@IAAU?$ParticlePropertyStruct@VVector3@@@@AAU?$ParticlePropertyStruct@M@@22M22VVector3@@MMABVBFME2ParticleTextureHandle@@VShaderClass@@_NHHPBUW3dEmitterLinePropertiesStruct@@@Z,0x001AC860,Typed interface correction for existing2344-byte buffer constructor; factory5A2454 passes address of owning texture handle; emitter1A1070 forwards that reference unchanged to buffer; no additional body credit
?Insert_Triangles@SortingRendererClass@@SAXABVSphereClass@@IIII@Z,0x0012FE00,BFME2 sorted-render callee: target VA 0x0052FE00 reads all four range arguments as DWORDs; each is checked against 0xFFFF before narrowing; disabled-sorting path forwards the DWORDs to VA 0x00520620
?BFME2LoadParticleTexture@@YA?AVBFME2ParticleTextureHandle@@PBDHH@Z,0x00132D89,Descriptive cached texture loader; independently verified hidden holder result and filename lookup then allocation; WORD refcount plus two DWORD options
?Slerp_Setup@@YAXABVQuaternion@@0PAUSlerpInfoStruct@@@Z,0x00717850,Create_New_Particles retail call at RVA 0x001A2753 resolves directly to 0x00717850; Ghidra inventory FUN_00b17850 size179 and target prologue/body independently decoded
?Initialize_Particle@ParticleEmitterClass@@AAEXPAUNewParticleStruct@@IABVQuaternion@@ABVVector3@@@Z,0x001A1DE0,Create_New_Particles retail call at RVA 0x001A2939 resolves directly to Initialize body 0x001A1DE0; Ghidra inventory size1076 and ABI ret16 independently decoded
??0ParticleEmitterDefClass@@QAE@XZ,0x001B1350,Independent constructor inspection; vtable BD74E8 and exact definition fields with 10441B shader default and zero keyframes
?Get_Texture@ParticleEmitterClass@@QBE?AVBFME2ParticleTextureHandle@@XZ,0x001A0D10,Independent hidden holder forwarder; loads Buffer+12C and calls selected ParticleBuffer Get_Texture1A7A60; full RET4
?Get_Texture_Name@BFME2ParticleTextureHandle@@QBE?AVStringClass@@XZ,0x00129D30,Descriptive holder filename accessor; null guard then underlying virtual name; StringClass by-value return and selected copy constructor129BF0
?Get_Inherited_Render_Data@BFME2RenderObjInheritedDataView@@QAEPAXXZ,0x0013BEC0,Neutral descriptive ABI-view symbol only; exact inherited render-data walk; original retail method identity unclaimed; proof build/bfme2-renderobj-inherited-data-proof.json
?_PresetAdditiveSpriteShader@ShaderClass@@2V1@A,0x009B624C,Independent SC_ADD_SPRITE initializer with BFME2 shader layout exactly114033; conversion use corroborates
?_PresetAlphaSpriteShader@ShaderClass@@2V1@A,0x009B6254,Independent SC_ALPHA_SPRITE initializer with BFME2 shader layout exactly1180B3; conversion use corroborates
?Use_Alpha_Shader@BFME2ParticleTextureHandle@@QBE_NXZ,0x0047A699,Descriptive conversion predicate selecting alpha preset; body independentlyverified32C0C3 alwaysfalse; original method name unasserted
?insert_unique@?$_Rb_tree@PBVThingTemplate@@U?$pair@QBVThingTemplate@@H@_STL@@U?$_Select1st@U?$pair@QBVThingTemplate@@H@_STL@@@3@U?$less@PBVThingTemplate@@@3@V?$allocator@U?$pair@QBVThingTemplate@@H@_STL@@@3@@_STL@@QAE?AU?$_Rb_tree_iterator@U?$pair@QBVThingTemplate@@H@_STL@@U?$_Nonconst_traits@U?$pair@QBVThingTemplate@@H@_STL@@@2@@2@U32@ABU?$pair@QBVThingTemplate@@H@2@@Z,0x00759DB0,address read from the REL32 displacement at a placed body
?clear@TeamFactory@@QAEXXZ,0x003A2F4C,address read from the REL32 displacement at a placed body
?isClearLineOfSight@BaseHeightMapRenderObjClass@@QBE_NABUCoord3D@@0@Z,0x00066AD1,address read from the REL32 displacement at a placed body
??$fill_n@PAPBVModuleData@@IPBV1@@_STL@@YAPAPBVModuleData@@PAPBV1@IABQBV1@@Z,0x0007E48F,address read from the REL32 displacement at a placed body; the body there is held under another instantiation name and the two folded
??0?$_STLP_alloc_proxy@PAU?$_List_node@UupgradePair@@@_STL@@U12@V?$allocator@U?$_List_node@UupgradePair@@@_STL@@@2@@_STL@@QAE@ABV?$allocator@U?$_List_node@UupgradePair@@@_STL@@@1@PAU?$_List_node@UupgradePair@@@1@@Z,0x0014F3C4,address read from the REL32 displacement at a placed body; the body there is held under another instantiation name and the two folded
??0?$_STLP_alloc_proxy@PAU?$_Rb_tree_node@U?$pair@$$CBW4NameKeyType@@VModuleTemplate@ModuleFactory@@@_STL@@@_STL@@U12@V?$allocator@U?$_Rb_tree_node@U?$pair@$$CBW4NameKeyType@@VModuleTemplate@ModuleFactory@@@_STL@@@_STL@@@2@@_STL@@QAE@ABV?$allocator@U?$_Rb_tree_node@U?$pair@$$CBW4NameKeyType@@VModuleTemplate@ModuleFactory@@@_STL@@@_STL@@@1@PAU?$_Rb_tree_node@U?$pair@$$CBW4NameKeyType@@VModuleTemplate@ModuleFactory@@@_STL@@@1@@Z,0x0014F3C4,address read from the REL32 displacement at a placed body; the body there is held under another instantiation name and the two folded
??0ChinookAIUpdateModuleData@@QAE@XZ,0x0049C4D2,address read from the REL32 displacement at a placed body
??0JetSlowDeathBehavior@@QAE@PAVThing@@PBVModuleData@@@Z,0x00403BEF,address read from the REL32 displacement at a placed body
??0MinefieldBehavior@@QAE@PAVThing@@PBVModuleData@@@Z,0x004A8E7B,address read from the REL32 displacement at a placed body
??0MobNexusContainModuleData@@QAE@XZ,0x004C244D,address read from the REL32 displacement at a placed body
??0RailroadBehavior@@QAE@PAVThing@@PBVModuleData@@@Z,0x0048B067,address read from the REL32 displacement at a placed body
??0StructureCollapseUpdateModuleData@@QAE@XZ,0x00257A5E,address read from the REL32 displacement at a placed body
??1AIUpdateModuleData@@UAE@XZ,0x00036410,address read from the REL32 displacement at a placed body
??1AudioEventRTS@@UAE@XZ,0x004EC395,address read from the REL32 displacement at a placed body
?allocate@?$allocator@PBVModuleData@@@_STL@@QBEPAPBVModuleData@@IPBX@Z,0x00068E15,address read from the REL32 displacement at a placed body; the body there is held under another instantiation name and the two folded
?findModuleTemplate@ModuleFactory@@IAEPBVModuleTemplate@1@ABVAsciiString@@W4ModuleType@@@Z,0x0025674F,address read from the REL32 displacement at a placed body
?initFromINIMultiProc@INI@@QAEXPAXP6AXAAVMultiIniFieldParse@@@Z@Z,0x0002DEB5,address read from the REL32 displacement at a placed body
?isEmpty@AsciiString@@QBE_NXZ,0x00001E2F,address read from the REL32 displacement at a placed body; the body there is held under another instantiation name and the two folded
??$_Construct@VWeaponTemplateSet@@V1@@_STL@@YAXPAVWeaponTemplateSet@@ABV1@@Z,0x004AE915,address read from the REL32 displacement at a placed body
??$__uninitialized_copy@PAVWeaponTemplateSet@@PAV1@@_STL@@YAPAVWeaponTemplateSet@@PAV1@00ABU__false_type@0@@Z,0x004AE927,address read from the REL32 displacement at a placed body
??$__uninitialized_copy@PAW4ScienceType@@PAW41@@_STL@@YAPAW4ScienceType@@PAW41@00ABU__false_type@0@@Z,0x001DD10D,address read from the REL32 displacement at a placed body; the body there is held under another instantiation name and the two folded
??$__uninitialized_fill_n@PAVWeaponTemplateSet@@IV1@@_STL@@YAPAVWeaponTemplateSet@@PAV1@IABV1@ABU__false_type@0@@Z,0x004AE94D,address read from the REL32 displacement at a placed body
??$__uninitialized_fill_n@PAW4ScienceType@@IW41@@_STL@@YAPAW4ScienceType@@PAW41@IABW41@ABU__false_type@0@@Z,0x0020E400,address read from the REL32 displacement at a placed body; the body there is held under another instantiation name and the two folded
??0?$_STLP_alloc_proxy@PAW4ScienceType@@W41@V?$allocator@W4ScienceType@@@_STL@@@_STL@@QAE@ABV?$allocator@W4ScienceType@@@1@PAW4ScienceType@@@Z,0x0014F3C4,address read from the REL32 displacement at a placed body; the body there is held under another instantiation name and the two folded
?allocate@?$allocator@W4ScienceType@@@_STL@@QBEPAW4ScienceType@@IPBX@Z,0x00068E15,address read from the REL32 displacement at a placed body; the body there is held under another instantiation name and the two folded
?countIntersection@?$BitFlags@$0L@@@QBEHABV1@@Z,0x0033ADC0,address read from the REL32 displacement at a placed body
?countInverseIntersection@?$BitFlags@$0L@@@QBEHABV1@@Z,0x0028F55C,address read from the REL32 displacement at a placed body
?deleteInstance@MemoryPoolObject@@QAEXXZ,0x0061ED10,address read from the REL32 displacement at a placed body
?erase@?$vector@UNugget@ModuleInfo@@V?$allocator@UNugget@ModuleInfo@@@_STL@@@_STL@@QAEPAUNugget@ModuleInfo@@PAU34@@Z,0x0033C3BC,address read from the REL32 displacement at a placed body
??1AnimSet@GenericObjectCreationNugget@@QAE@XZ,0x001F0495,address read from the REL32 displacement at a placed body
?addObjectCreationNugget@ObjectCreationListStore@@QAEXPAVObjectCreationNugget@@@Z,0x001F0AC4,address read from the REL32 displacement at a placed body
?getNextAsciiString@INI@@QAE?AVAsciiString@@XZ,0x0002EA4F,address read from the REL32 displacement at a placed body
?push_back@?$vector@PAVObjectCreationNugget@@V?$allocator@PAVObjectCreationNugget@@@_STL@@@_STL@@QAEXABQAVObjectCreationNugget@@@Z,0x004DFCB0,address read from the REL32 displacement at a placed body
?push_back@?$vector@UAnimSet@GenericObjectCreationNugget@@V?$allocator@UAnimSet@GenericObjectCreationNugget@@@_STL@@@_STL@@QAEXABUAnimSet@GenericObjectCreationNugget@@@Z,0x001F3326,address read from the REL32 displacement at a placed body
?releaseBuffer@AsciiString@@IAEXXZ,0x00036410,address read from the REL32 displacement at a placed body
?set@AsciiString@@QAEXABV1@@Z,0x000366F0,address read from the REL32 displacement at a placed body
??$__uninitialized_copy@PBVAsciiString@@PAV1@@_STL@@YAPAVAsciiString@@PBV1@0PAV1@ABU__false_type@0@@Z,0x0002C4B2,address read from the REL32 displacement at a placed body
??0?$_Vector_base@VAsciiString@@V?$allocator@VAsciiString@@@_STL@@@_STL@@QAE@IABV?$allocator@VAsciiString@@@1@@Z,0x004F62A4,address read from the REL32 displacement at a placed body; the body there is held under another instantiation name and the two folded
??1?$vector@VAsciiString@@V?$allocator@VAsciiString@@@_STL@@@_STL@@QAE@XZ,0x00036410,address read from the REL32 displacement at a placed body
??1TransportContainModuleData@@UAE@XZ,0x001DFA48,address read from the REL32 displacement at a placed body
?get_allocator@?$vector@VAsciiString@@V?$allocator@VAsciiString@@@_STL@@@_STL@@QBE?AV?$allocator@VAsciiString@@@2@XZ,0x0021983A,address read from the REL32 displacement at a placed body
??0DieModuleData@@QAE@XZ,0x006054E7,address read from the REL32 displacement at a placed body
??1DieModule@@MAE@XZ,0x0045CE54,address read from the REL32 displacement at a placed body
?isDieApplicable@DieMuxData@@QBE_NPBVObject@@PBVDamageInfo@@@Z,0x004CE588,address read from the REL32 displacement at a placed body
?friend_getFinalOverride@Overridable@@QAEPAV1@XZ,0x001E35DF,address read from the REL32 displacement at a placed body
??0BehaviorModule@@QAE@PAVThing@@PBVModuleData@@@Z,0x00253330,address read from the REL32 displacement at a placed body
?Cast_AABox_Recursive@AABTreeClass@@AAE_NPAUCullNodeStruct@1@AAVAABoxCollisionTestClass@@@Z,0x00198730
?cast_aabox_brute_force@MeshGeometryClass@@IAE_NAAVAABoxCollisionTestClass@@@Z,0x0016CD30
?cast_ray_brute_force@MeshGeometryClass@@IAE_NAAVRayCollisionTestClass@@@Z,0x0016CE00
?considerDying@ProjectileStreamUpdate@@IAE_NXZ,0x0033F06B,address read from the REL32 displacement at a placed body
?cullFrontOfList@ProjectileStreamUpdate@@IAEXXZ,0x0033F033,address read from the REL32 displacement at a placed body
?destroyObject@GameLogic@@QAEXPAVObject@@@Z,0x00242C09,address read from the REL32 displacement at a placed body
?findModule@Object@@IBEPAVModule@@W4NameKeyType@@@Z,0x0028B6D6,address read from the REL32 displacement at a placed body
?nextWithNumeric@SimpleObjectIterator@@QAEPAVObject@@PAM@Z,0x0028D412,address read from the REL32 displacement at a placed body
?reset@SimpleObjectIterator@@AAEXXZ,0x00291C20,address read from the REL32 displacement at a placed body
?stopAllBoneFX@BoneFXUpdate@@QAEXXZ,0x00487A95,address read from the REL32 displacement at a placed body
?wouldIgnite@FlammableUpdate@@QAE_NXZ,0x0048C57A,address read from the REL32 displacement at a placed body
?Set_Single_Shader@MeshMatDescClass@@QAEXVShaderClass@@H@Z,0x0015A7E0,address read from the REL32 displacement at a placed body
?findObjectByID@GameLogic@@QAEPAVObject@@W4ObjectID@@@Z,0x00049DC5,address read from the REL32 call site in cullFrontOfList after the dockupdate UpdateModule layout fix
??0ObjectModule@@QAE@PAVThing@@PBVModuleData@@@Z,0x00306AA7,address read from the retail REL32 displacement at the sole call site inside the BehaviorModule constructor at 0x00253330 - that body byte-verifies against this address so retail itself encodes it
??$_Construct@UAnimSet@GenericObjectCreationNugget@@U12@@_STL@@YAXPAUAnimSet@GenericObjectCreationNugget@@ABU12@@Z,0x001F06B9,address read from the REL32 call site in push_back<AnimSet>
?_M_insert_overflow@?$vector@UAnimSet@GenericObjectCreationNugget@@V?$allocator@UAnimSet@GenericObjectCreationNugget@@@_STL@@@_STL@@IAEXPAUAnimSet@GenericObjectCreationNugget@@ABU34@ABU__false_type@2@I_N@Z,0x001F326F,address read from the REL32 call site in push_back<AnimSet>
??0UpdateModule@@QAE@PAVThing@@PBVModuleData@@@Z,0x00253390,address read from the REL32 call site in FloatUpdate ctor; body sets two adjacent -1 dwords at this+0x18/this+0x1c after the BehaviorModule base call -- corroborates the dockupdate shim reserved-dword theory
?calcSleepDelay@DeletionUpdate@@IAEIII@Z,0x00488357,address read from the REL32 call site in the DeletionUpdate ctor; body matches source exactly (GameLogicRandomValue clamp then m_dieFrame = TheGameLogic->getFrame() + delay)
?setWakeFrame@UpdateModule@@IAEXPAVObject@@W4UpdateSleepTime@@@Z,0x0044DF71,address read from the REL32 call site in the DeletionUpdate ctor
??0DockUpdate@@QAE@PAVThing@@PBVModuleData@@@Z,0x0058A290,address read from the REL32 displacement at a placed body
??0DockUpdateModuleData@@QAE@XZ,0x005896B0,address read from the REL32 displacement at a placed body
?clear@RadiusDecal@@QAEXXZ,0x00330DBA,address read from the REL32 displacement at a placed body
?createRadiusDecal@RadiusDecalTemplate@@QBEXABUCoord3D@@MPBVPlayer@@AAVRadiusDecal@@@Z,0x00331459,address read from the REL32 displacement at a placed body
?destroyParticleSystemByID@ParticleSystemManager@@QAEXW4ParticleSystemID@@@Z,0x001F5B79,address read from the REL32 displacement at a placed body
?erase@?$vector@W4ParticleSystemID@@V?$allocator@W4ParticleSystemID@@@_STL@@@_STL@@QAEPAW4ParticleSystemID@@PAW43@0@Z,0x00532803,address read from the REL32 displacement at a placed body
?getControllingPlayer@Object@@QBEPAVPlayer@@XZ,0x0028AFA9,address read from the REL32 displacement at a placed body
?initTimes@BoneFXUpdate@@IAEXXZ,0x0048750B,address read from the REL32 displacement at a placed body
?initializeBonePositions@SpawnPointProductionExitUpdate@@AAEXXZ,0x004A3CEA,address read from the REL32 displacement at a placed body
?isFreeToExit@QueueProductionExitUpdate@@IBE_NXZ,0x004A002A,address read from the REL32 displacement at a placed body
?loadPostProcess@UpdateModule@@MAEXXZ,0x0058B03E,address read from the REL32 displacement at a placed body
?revalidateOccupiers@SpawnPointProductionExitUpdate@@AAEXXZ,0x004A3F04,address read from the REL32 displacement at a placed body
?setWakeFrame@UpdateModule@@IAEXPAVObject@@I@Z,0x0044DF71,address read from the REL32 displacement at a placed body
?getGoalObject@StateMachine@@QAEPAVObject@@XZ,0x005E68C0,address read from the REL32 displacement at a placed body
_d_0088d240,0x0003C550
?bfmeOneBZB@@YAXPAX@Z,0x001B65F0
?bfmeTwoBZB@@YAXPAX@Z,0x001B6410
?bfmeMakeBZA@@YAPAVBfmeCacheBZA@@PAVBfmeThingBZA@@@Z,0x006612C0
?bfmeCopyBZD@@YAXPADPBDI@Z,0x0062983E
?bfmeCopyCEB@@YAXPADPBDI@Z,0x0062983E
?bfmeGlobalCGD@@YAXXZ,0x00759600
?bfmeOneCGD@BfmeThingCGD@@QAEXXZ,0x00758D10
?bfmeTwoCGD@BfmeThingCGD@@QAEXXZ,0x00758DE0
?bfmeSetBZC@BfmeSubBZC@@QAEXH@Z,0x0066ED50
?bfmeStepBVA@BfmeThingBVA@@QAEXPAV1@@Z,0x002CF742
?bfmeConv998@BfmeC998@@QAEHH@Z,0x0016AAE0
?bfmeDoOV@@YAXPAX000PAE@Z,0x00027FE0
?bfmeAssignPL@BfmeThingPL@@QAEXPAD0@Z,0x0001B4E0
?bfmeMakeOX@@YAHPAX@Z,0x00006F30
?bfmeFindQH@@YAPAHPAHH@Z,0x000245A0
?bfmeAllocQG@@YAPAXHI@Z,0x00006EE0
?bfmeAllocPV@@YAPAXHI@Z,0x00006EE0
?bfmeDoPW@@YAXPAD000@Z,0x00024FC0
?bfmeFlushQO@BfmeThingQO@@QAEXH@Z,0x00039300
?bfmeDoPA@@YAXPAX000PAE1E@Z,0x00026FF0
?bfmeAllocQL@@YAPAXHPAX@Z,0x00006EE0
?bfmeAllocDGF@@YAPAXI@Z,0x0065D010
?bfmeInitDGF@BfmeThingDGF@@QAEPAV1@PAX@Z,0x00664DB0
?bfmeAllocDGG@@YAPAXI@Z,0x0065D010
?bfmeInitDGG@BfmeThingDGG@@QAEPAV1@PAX@Z,0x00666EC0
?bfmeAllocDGD@@YAPAXI@Z,0x0065D010
?bfmeInitDGD@BfmeThingDGD@@QAEPAV1@PAX@Z,0x00664620
_Rva0081B830,0x00687730
__RTC_CheckEsp,0x0075A5A2
?rva0082ADB0Fill@@YAXPAD0ABD@Z,0x000237C0
?Make_Unique@MeshClass@@QAEX_N@Z,0x00149C10,BFME2 target-side callee pin for MeshClass::Scale drift quick win
?Make_Geometry_Unique@MeshModelClass@@QAEXXZ,0x00172070,BFME2 target-side callee pin for MeshClass::Scale drift quick win
?Scale@MeshGeometryClass@@QAEXABVVector3@@@Z,0x0016B3F0,BFME2 target-side callee pin for MeshClass::Scale drift quick win
?Resize@?$SimpleVecClass@K@@UAE_NH@Z,0x001A7C80
??0?$ShareBufferClass@VVector2@@@@QAE@ABV0@@Z,0x0015CD00
?Set@Matrix3D@@QAEXABVMatrix3@@ABVVector3@@@Z,0x00711E70
?Transform_Min_Max_AABox@Matrix3D@@QBEXABVVector3@@0PAV2@1@Z,0x00712B60
?Render_Seg_Line@SegmentedLineClass@@IAEXAAVRenderInfoClass@@@Z,0x0015EED0
?RenderStreak@StreakRendererClass@@QAEXAAVRenderInfoClass@@ABVMatrix3D@@IPAVVector3@@PAVVector4@@PAMABVSphereClass@@PAI@Z,0x00743700
?Set_Texture@StreakRendererClass@@QAEXPAVTextureClass@@@Z,0x001911E0
?Set_Animation@Animatable3DObjClass@@UAEXPAVHAnimComboClass@@@Z,0x001A4D90
?Resize@?$VectorClass@VTCBClass@TCBSpline3DClass@@@@UAE_NHPBVTCBClass@TCBSpline3DClass@@@Z,0x000F0BF1
??0?$VectorClass@VKeyClass@Curve3DClass@@@@QAE@HPBVKeyClass@Curve3DClass@@@Z,0x000F0D2F
??$insert@U?$_List_iterator@HU?$_Const_traits@H@_STL@@@_STL@@@?$list@HV?$allocator@H@_STL@@@_STL@@QAEXU?$_List_iterator@HU?$_Nonconst_traits@H@_STL@@@1@U?$_List_iterator@HU?$_Const_traits@H@_STL@@@1@1@Z,0x000BB975
?_M_copy@?$_Rb_tree@HU?$pair@$$CBHH@_STL@@U?$_Select1st@U?$pair@$$CBHH@_STL@@@2@U?$less@H@2@V?$allocator@U?$pair@$$CBHH@_STL@@@2@@_STL@@AAEPAU?$_Rb_tree_node@U?$pair@$$CBHH@_STL@@@2@PAU32@0@Z,0x002CF6CF
??$swap@V?$_STLP_alloc_proxy@PAUBfmeE12@@U1@V?$allocator@UBfmeE12@@@_STL@@@_STL@@@_STL@@YAXAAV?$_STLP_alloc_proxy@PAUBfmeE12@@U1@V?$allocator@UBfmeE12@@@_STL@@@0@0@Z,0x00574B2D
??0?$_STLP_alloc_proxy@PAUBfmeE12@@U1@V?$allocator@UBfmeE12@@@_STL@@@_STL@@QAE@ABV?$allocator@UBfmeE12@@@1@PAUBfmeE12@@@Z,0x00007410
?_M_insert_overflow@?$vector@UBfmeE16@@V?$allocator@UBfmeE16@@@_STL@@@_STL@@IAEXPAUBfmeE16@@ABU3@ABU__false_type@2@I_N@Z,0x005B3970
??$_M_find@H@?$_Rb_tree@HU?$pair@$$CBHPAX@_STL@@U?$_Select1st@U?$pair@$$CBHPAX@_STL@@@2@U?$less@H@2@V?$allocator@U?$pair@$$CBHPAX@_STL@@@2@@_STL@@ABEPAU?$_Rb_tree_node@U?$pair@$$CBHPAX@_STL@@@1@ABH@Z,0x00357180
?_M_lower_bound@?$_Rb_tree@HU?$pair@$$CBHPAX@_STL@@U?$_Select1st@U?$pair@$$CBHPAX@_STL@@@2@U?$less@H@2@V?$allocator@U?$pair@$$CBHPAX@_STL@@@2@@_STL@@ABEPAU?$_Rb_tree_node@U?$pair@$$CBHPAX@_STL@@@2@ABH@Z,0x004FF3B6
?_M_upper_bound@?$_Rb_tree@HU?$pair@$$CBHPAX@_STL@@U?$_Select1st@U?$pair@$$CBHPAX@_STL@@@2@U?$less@H@2@V?$allocator@U?$pair@$$CBHPAX@_STL@@@2@@_STL@@ABEPAU?$_Rb_tree_node@U?$pair@$$CBHPAX@_STL@@@2@ABH@Z,0x004FF539
?_M_destroy_nodes@?$_Deque_base@UBfmeE8@@V?$allocator@UBfmeE8@@@_STL@@@_STL@@IAEXPAPAUBfmeE8@@0@Z,0x00620200
??$copy@U?$_Deque_iterator@UBfmeE12@@U?$_Const_traits@UBfmeE12@@@_STL@@@_STL@@U?$_Deque_iterator@UBfmeE12@@U?$_Nonconst_traits@UBfmeE12@@@_STL@@@2@@_STL@@YA?AU?$_Deque_iterator@UBfmeE12@@U?$_Nonconst_traits@UBfmeE12@@@_STL@@@0@U?$_Deque_iterator@UBfmeE12@@U?$_Const_traits@UBfmeE12@@@_STL@@@0@0U10@@Z,0x00585283
??$copy@U?$_Deque_iterator@UBfmeE12@@U?$_Nonconst_traits@UBfmeE12@@@_STL@@@_STL@@U12@@_STL@@YA?AU?$_Deque_iterator@UBfmeE12@@U?$_Nonconst_traits@UBfmeE12@@@_STL@@@0@U10@00@Z,0x00585283
??$copy_backward@U?$_Deque_iterator@UBfmeE12@@U?$_Nonconst_traits@UBfmeE12@@@_STL@@@_STL@@U12@@_STL@@YA?AU?$_Deque_iterator@UBfmeE12@@U?$_Nonconst_traits@UBfmeE12@@@_STL@@@0@U10@00@Z,0x00585A18
??1?$_Deque_base@UBfmeE12@@V?$allocator@UBfmeE12@@@_STL@@@_STL@@QAE@XZ,0x0054FAAC
??H?$_Deque_iterator@UBfmeE12@@U?$_Const_traits@UBfmeE12@@@_STL@@@_STL@@QBE?AU01@H@Z,0x00584E57
?_M_destroy_nodes@?$_Deque_base@UBfmeE12@@V?$allocator@UBfmeE12@@@_STL@@@_STL@@IAEXPAPAUBfmeE12@@0@Z,0x004218F7
?clear@?$deque@UBfmeE12@@V?$allocator@UBfmeE12@@@_STL@@@_STL@@QAEXXZ,0x0058592D
?_M_advance@?$_Deque_iterator_base@UBfmeE16@@@_STL@@QAEXH@Z,0x004217DD
?_M_subtract@?$_Deque_iterator_base@UBfmeE16@@@_STL@@QBEHABU12@@Z,0x002615C0
?_M_push_back_aux_v@?$deque@HV?$allocator@H@_STL@@@_STL@@IAEXABH@Z,0x00621620
?getFinalOverride@Overridable@@QBEPBV1@XZ,0x001E35DF
??1Snapshot@@QAE@XZ,0x001B4E74
?erase@?$vector@V?$vector@UICoord2D@@V?$allocator@UICoord2D@@@_STL@@@_STL@@V?$allocator@V?$vector@UICoord2D@@V?$allocator@UICoord2D@@@_STL@@@_STL@@@2@@_STL@@QAEPAV?$vector@UICoord2D@@V?$allocator@UICoord2D@@@_STL@@@2@PAV32@0@Z,0x00119C70
??0?$_Vector_base@PAVObjectCreationNugget@@V?$allocator@PAVObjectCreationNugget@@@_STL@@@_STL@@QAE@ABV?$allocator@PAVObjectCreationNugget@@@1@@Z,0x00211E58
?parseDurationReal@INI@@SAXPAV1@PAX1PBX@Z,0x00338B0A
?_M_insert_overflow@?$vector@UAngleFXInfo@@V?$allocator@UAngleFXInfo@@@_STL@@@_STL@@IAEXPAUAngleFXInfo@@ABU3@ABU__false_type@2@I_N@Z,0x00626150
??$_M_range_initialize@PAG@?$basic_string@GV?$char_traits@G@_STL@@V?$allocator@G@2@@_STL@@AAEXPAG0ABUforward_iterator_tag@1@@Z,0x000120F0
??4?$VectorClass@VProxyClass@@@@QAEAAV0@ABV0@@Z,0x0016F610
??$_M_find@VAsciiString@@@?$hashtable@U?$pair@$$CBVAsciiString@@PAVThingTemplate@@@_STL@@VAsciiString@@U?$hash@VAsciiString@@@rts@@U?$_Select1st@U?$pair@$$CBVAsciiString@@PAVThingTemplate@@@_STL@@@2@U?$equal_to@VAsciiString@@@5@V?$allocator@U?$pair@$$CBVAsciiString@@PAVThingTemplate@@@_STL@@@2@@_STL@@ABEPAU?$_Hashtable_node@U?$pair@$$CBVAsciiString@@PAVThingTemplate@@@_STL@@@1@ABVAsciiString@@@Z,0x0016D710
??0Nugget@ModuleInfo@@QAE@ABU01@@Z,0x00119A80
??0ActiveShroudUpgrade@@QAE@PAVThing@@PBVModuleData@@@Z,0x004BAE1D
??0AnimatedParticleSysBoneClientUpdate@@QAE@PAVThing@@PBVModuleData@@@Z,0x000D181D
??0AnimationSteeringUpdateModuleData@@QAE@XZ,0x004BD651
??0AutoHealBehaviorModuleData@@QAE@XZ,0x004C32BC
??0BaikonurLaunchPowerModuleData@@QAE@XZ,0x0039A027
??0BridgeScaffoldBehavior@@QAE@PAVThing@@PBVModuleData@@@Z,0x000C9D38
??0DozerAIUpdateModuleData@@QAE@XZ,0x00494D26
??0DumbProjectileBehavior@@QAE@PAVThing@@PBVModuleData@@@Z,0x003907A6
??0FireWeaponWhenDamagedBehavior@@QAE@PAVThing@@PBVModuleData@@@Z,0x004A4CC7
??0GrantStealthBehavior@@QAE@PAVThing@@PBVModuleData@@@Z,0x004883D0
??0HealContainModuleData@@QAE@XZ,0x004B57AA
??0LaserUpdate@@QAE@PAVThing@@PBVModuleData@@@Z,0x000CA752
??0MissileLauncherBuildingUpdate@@QAE@PAVThing@@PBVModuleData@@@Z,0x004CD933
??0NeutronMissileUpdate@@QAE@PAVThing@@PBVModuleData@@@Z,0x00497ED0
??0PoisonedBehavior@@QAE@PAVThing@@PBVModuleData@@@Z,0x004912A9
??0PropagandaTowerBehaviorModuleData@@QAE@XZ,0x004AEAB7
??0RailedTransportDockUpdate@@QAE@PAVThing@@PBVModuleData@@@Z,0x004909D7
??0SalvageCrateCollideModuleData@@QAE@XZ,0x0048D541
??1UpgradeModuleData@@UAE@XZ,0x00255A42
??$_M_find@V?$BitFlags@$0BB@@@@?$_Rb_tree@$$CBV?$BitFlags@$0BB@@@U?$pair@$$CBV?$BitFlags@$0BB@@@PBVWeaponTemplateSet@@@_STL@@U?$_Select1st@U?$pair@$$CBV?$BitFlags@$0BB@@@PBVWeaponTemplateSet@@@_STL@@@3@UMapHelper@?$SparseMatchFinder@VWeaponTemplateSet@@V?$BitFlags@$0BB@@@@@V?$allocator@U?$pair@$$CBV?$BitFlags@$0BB@@@PBVWeaponTemplateSet@@@_STL@@@3@@_STL@@ABEPAU?$_Rb_tree_node@U?$pair@$$CBV?$BitFlags@$0BB@@@PBVWeaponTemplateSet@@@_STL@@@1@ABV?$BitFlags@$0BB@@@@Z,0x0033AF5F
??A?$map@$$CBV?$BitFlags@$0BB@@@PBVWeaponTemplateSet@@UMapHelper@?$SparseMatchFinder@VWeaponTemplateSet@@V?$BitFlags@$0BB@@@@@V?$allocator@U?$pair@$$CBV?$BitFlags@$0BB@@@PBVWeaponTemplateSet@@@_STL@@@_STL@@@_STL@@QAEAAPBVWeaponTemplateSet@@ABV?$BitFlags@$0BB@@@@Z,0x0033D19B
??M@YA_NABVAsciiString@@0@Z,0x00206BCF
?allocate@?$allocator@VAsciiString@@@_STL@@QBEPAVAsciiString@@IPBX@Z,0x00068E15
?findBestInfoSlow@?$SparseMatchFinder@VWeaponTemplateSet@@V?$BitFlags@$0BB@@@@@ABEPBVWeaponTemplateSet@@ABV?$vector@VWeaponTemplateSet@@V?$allocator@VWeaponTemplateSet@@@_STL@@@_STL@@ABV?$BitFlags@$0BB@@@@Z,0x0033BE70
??$_Construct@U?$pair@$$CBGVAsciiString@@@_STL@@U12@@_STL@@YAXPAU?$pair@$$CBGVAsciiString@@@0@ABU10@@Z,0x006204B0
?insert_unique@?$_Rb_tree@GU?$pair@$$CBGVAsciiString@@@_STL@@U?$_Select1st@U?$pair@$$CBGVAsciiString@@@_STL@@@2@U?$less@G@2@V?$allocator@U?$pair@$$CBGVAsciiString@@@_STL@@@2@@_STL@@QAE?AU?$_Rb_tree_iterator@U?$pair@$$CBGVAsciiString@@@_STL@@U?$_Nonconst_traits@U?$pair@$$CBGVAsciiString@@@_STL@@@2@@2@U32@ABU?$pair@$$CBGVAsciiString@@@2@@Z,0x0016DF60
?Collide@CollisionMath@@SA_NABVLineSegClass@@ABVAABoxClass@@PAUCastResultStruct@@@Z,0x007146E0
?init@SmudgeManager@@UAEXXZ,0x000B3FD0
?removeAllTerrainBibs@BaseHeightMapRenderObjClass@@QAEXXZ,0x001EC3B5
?setGridTransform@WaterRenderObjClass@@QAEXPBVMatrix3D@@@Z,0x003F7E74
?makeDecoratedNameKey@ModuleFactory@@KA?AW4NameKeyType@@ABVAsciiString@@W4ModuleType@@@Z,0x00255C5E,address read from the REL32 displacement at offset 12 of findModuleTemplate 0x0025674F; self-verifying - that body byte-matches only with this displacement
??$_M_find@W4NameKeyType@@@?$_Rb_tree@W4NameKeyType@@U?$pair@$$CBW4NameKeyType@@VModuleTemplate@ModuleFactory@@@_STL@@U?$_Select1st@U?$pair@$$CBW4NameKeyType@@VModuleTemplate@ModuleFactory@@@_STL@@@3@U?$less@W4NameKeyType@@@3@V?$allocator@U?$pair@$$CBW4NameKeyType@@VModuleTemplate@ModuleFactory@@@_STL@@@3@@_STL@@ABEPAU?$_Rb_tree_node@U?$pair@$$CBW4NameKeyType@@VModuleTemplate@ModuleFactory@@@_STL@@@1@ABW4NameKeyType@@@Z,0x00388F63,ICF fold - our 56-byte reloc-free COMDAT is byte-identical to retail there; functions.csv already claims the int instantiation at this address so this stays a pin
?nameToKey@NameKeyGenerator@@QAE?AW4NameKeyType@@ABVAsciiString@@@Z,0x0009FA65,29-byte __thiscall wrapper: inlines AsciiString::str() (m_data ? m_data+8 : the "" literal at 0x00BBAC1C) then tail-calls the proven const char* overload at 0x00148E1A - that inner REL32 is the identity evidence
??0AnimSet@GenericObjectCreationNugget@@QAE@ABU01@@Z,0x001F0558,address read from the retail REL32 at offset 0x1c of _Construct<AnimSet> 0x001F06B9 - self-verifying because that body byte-matches only with this displacement; one thiscall-arity stack push before the call matches the copy-ctor signature
??$_M_insert_dispatch@U?$_List_iterator@HU?$_Const_traits@H@_STL@@@_STL@@@?$list@HV?$allocator@H@_STL@@@_STL@@QAEXU?$_List_iterator@HU?$_Nonconst_traits@H@_STL@@@1@U?$_List_iterator@HU?$_Const_traits@H@_STL@@@1@1ABU__false_type@1@@Z,0x002C526D,address read from the retail REL32 at offset 0x15 of list<int>::insert 0x000BB975 - self-verifying because that body byte-matches only with this displacement; four stack pushes at the call site match the (pos, first, last, const __false_type&) arity
?insert@?$list@HV?$allocator@H@_STL@@@_STL@@QAE?AU?$_List_iterator@HU?$_Nonconst_traits@H@_STL@@@2@U32@ABH@Z,0x005925E2,address read from the retail REL32 at offset 0x1e of _M_insert_dispatch<list_iterator> 0x002C526D - self-verifying because that body byte-matches only with this displacement; ecx=this plus three stack dwords (hidden return ptr, pos, &val) matches the (iterator pos, const int&) thiscall signature
??0BfmeDynamicVBBase@@QAE@IIGI@Z,0x00139350,shared vertex-buffer base ctor; address read from the REL32 in both derived ctors (0x00139660 and 0x0013AC00) - argument order taken from those two call sites (1/0x252/count/0 and 0/fvf/count/fvf_size) rather than assumed
?_Create_DX8_Surface@DX8Wrapper@@SAPAVIDirect3DSurface9@@IIW4WW3DFormat@@W4_D3DPOOL@@@Z,0x0011DC60,address read from the REL32 displacement at a placed body
??1AsciiString@@QAE@XZ,0x006CEAD0
??1ModuleTagString@@QAE@XZ,0x006CE7F0
?checkForMessage@CopyProtect@@SAXIJ@Z,0x00232CE7,address read from the REL32 in WndProc at 0x000017E8; body is the reference's checkForMessage - compares message against 0xBEEF then MapViewOfFileEx(lParam, FILE_MAP_ALL_ACCESS)
?resetKeys@Keyboard@@QAEXXZ,0x00232BDD,address read from the REL32 in WndProc's WM_SETFOCUS/WM_KILLFOCUS arms at 0x00001862
?regainFocus@AudioManager@@QAEXXZ,0x001DBC0B,address read from the REL32 in WndProc's WM_ACTIVATE arm at 0x000018D7; the call site encodes this jump thunk, not the body
?Reset_D3D_Device@@YAX_N@Z,0x0004312A,address read from the REL32 in WndProc's WM_ACTIVATEAPP arm at 0x000019DA; same position and single bool argument as the reference's Reset_D3D_Device
?_M_rva00625699@BfmeDfe6e4@@QAEXXZ,0x00225699,address read from the REL32 in WndProc's WM_ACTIVATEAPP activate arm at 0x00001A1B; identity not recovered, so the placeholder is named for the address
?_M_rva00625476@BfmeDfe6e4@@QAEXXZ,0x00225476,address read from the REL32 in WndProc's WM_ACTIVATEAPP deactivate arm at 0x00001A42; identity not recovered, so the placeholder is named for the address
_bfmeRva0042CF86,0x0002CF86,address read from the REL32 in WndProc's message 0x2707 arm at 0x00001B99; identity not recovered, so the placeholder is named for the address
?addWin32Event@Win32Mouse@@QAEXIIJK@Z,0x00041A10,address read from the REL32 shared by WndProc's three mouse arms at 0x00001C20
?call@Rva007F6740Receiver@@QAEXPAXHHHHHHHHPB_JIPAPBDIHH@Z,0x00662ED0
?cacheStatus@Weapon@@QBEXW4WeaponStatus@@@Z,0x002C94F5,Reconstructed helper name; getStatus REL32 target compares and writes Weapon+0x10; complete 15-byte body independently decoded
?computeStatus@Weapon@@QBE?AW4WeaponStatus@@PA_N@Z,0x002CC422,Reconstructed helper name; unique getStatus body calls this with a bool output and returns its status result
?bfmeGetMainWindowTitle@@YA?AVUnicodeString@@XZ,0x0023484D,window title UnicodeString helper called by initializeAppWindows
?Begin@BfmeResourceEnumerator@@QAEXI@Z,0x00621480,thiscall registry iterator start called by bfmeBeginResourceEnumeration; ghidra FUN_00a21480 69 bytes; mutex at this+0x34 stores type tag at this+0x1F0
?getControllingPlayer@Team@@QBEPAVPlayer@@XZ,0x0039D7CF,ghidra FUN_0079d7cf 12 bytes; Object::getControllingPlayer tail target reads Team+0x30 then +8
?getCommandCount@FrameData@@QAEIXZ,0x005801F2,ICF 4-byte mov eax [ecx+4] ret; FrameData commandCount at plus 4 called by FrameDataManager::getCommandCount
?find@ObjectIdMap@@QAEPAUObjectIdNode@@ABW4ObjectID@@@Z,0x002888D4,ICF with hashtable _M_find; GameLogic::findObjectByID passes ObjectID address into map at this+0xB4
??1GameEngineDeletingBase@@UAE@XZ,0x001B4E74,GameEngine complete dtor tail target; sets vtable 0x00BD77A0 then add ecx 8
??0WeaponTemplateSet@@QAE@ABV0@@Z,0x004AE811,WeaponTemplateSet copy ctor; _Construct at 0x4AE915 thiscall target
?getNextToken@INI@@QAEPBDPBD@Z,0x0002DF97,INI thiscall next-token helper; parseDurationReal first REL32; ghidra 75 bytes
?scanReal@INI@@QAEMPBD@Z,0x0002EDA5,INI thiscall Real scanner; parseDurationReal second REL32; ghidra 107 bytes
?ZeroStuff@Cftp@@QAEXXZ,0x006C9ED0,Cftp member called from Cftp ctor after vtable install; ghidra 109 bytes
?lastHeardFrom@GameLogic@@QAEXH@Z,0x0023CF1C,GameLogic::processProgress tail call; ghidra FUN_0063cf1c 35 bytes
??0WeaponTemplateSetHead@@QAE@ABV0@@Z,0x00045455,0x4C-byte memcpy wrapper; WeaponTemplateSet copy ctor first call; ghidra 24 bytes
??0BFME2MotionChannel@@QAE@XZ,0x001A465B,base motion-channel ctor; Type and Pivot or-minus-1 then vtable; ghidra 17 bytes
??4BfmeMapPictureTexture@@QAEAAV0@ABV0@@Z,0x000424D0,ICF with RefCountPtr TextureClass assign; Image::bfmeSetTexture holder copy
?Get_Texture@ParticleBufferClass@@QBE?AVBFME2ParticleTextureHandle@@XZ,0x001A7A60,ICF with landed TextureHandleClass Get_Texture; ParticleEmitter dest-forward
??$_Construct@U?$pair@$$CBHH@_STL@@U12@@_STL@@YAXPAU?$pair@$$CBHH@0@ABU10@@Z,0x0060C9D9,ICF twin of 0x6204B0; map int-int _M_create_node REL32
?Free@HTreeClass@@QAEXXZ,0x00166510,HTreeClass::Free; hierarchy dtor first call then owned pointer at +0x1C
?clear@BfmeResetTextureRef@@QAEXXZ,0x0004D75B,holder clear Release_Ref then and-zero; BfmeResetTextureRef assign non-TEX arm
?resize@KeyToBucketMap@NameKeyGenerator@@AAEXI@Z,0x0053F1EC,ICF with hashtable NameKey ArmorTemplate resize; KeyToBucketMap insert first call
?do_insert@KeyToBucketMap@NameKeyGenerator@@AAE?AUinsert_result@12@ABUvalue_type@12@@Z,0x0005574B,hashtable insert after resize; KeyToBucketMap insert second call
?initFromINIMulti@INI@@QAEXPAXABVMultiIniFieldParse@@@Z,0x0002D7A8,callee of initFromINIMultiProc at 0x2DEB5
?add@MultiIniFieldParse@@QAEXPBUFieldParse@@I@Z,0x0002BC6E,callee of INI initFromINI at 0x2DE78
?GetGameClientRandomValueReal@@YAMMMPADH@Z,0x00234111,BFME2 getValue call target; BFME1 decorated identity and RandomValue.cpp line 394
?Record_Texture_End@@YAXXZ,0x00129E50,callee of Debug_Statistics End_Statistics at 0x12A450
?Store_GDI_Char@FontCharsClass@@AAEPBVFontCharsClassCharDataStruct@@G@Z,0x00157FF0,retail REL32 from Get_Char_Data at 0x00158520
?find@FontCharMap@@QAEPAUFontCharNode@@ABG@Z,0x001559C0,ICF with ushort map _M_find; REL32 from Get_Char_Data
_strcpy,0x00629176,IAT jmp after _strlen; REL32 from makeDecoratedNameKey
?detach@NetCommandNode@@QAEXXZ,0x0058B8AE,12-byte node cleanup; REL32 from NetCommandList::reset
?Remove_Texture_Category@DX8FVFCategoryContainer@@QAEXPAVDX8TextureCategoryClass@@@Z,0x00144C30,Retail REL32 from Remove_Polygon_Renderer empty path
?DebugLogTyped@@YAXIPAXI@Z,0x00039660,Retail REL32 from Log_DX8_ErrorCode; fourcc table lookup of DXER plus HRESULT
?Test_Aligned_Box@@YA_NPAUBoxTestStruct@@@Z,0x00714300,retail REL32 from CollisionMath LineSeg-AABox Collide at 0x007146E0
?_Stl_atod@_STL@@YANPADHH@Z,0x0001AA40,STLport 4.5.3 decimal buffer to double; address read from retail _Stl_string_to_double REL32 at 0x0001AE21
?imbue@?$basic_ios@DV?$char_traits@D@_STL@@@_STL@@QAE?AVlocale@2@ABV32@@Z,0x00016110,STLport 4.5.3 basic_ios char imbue; address read from retail basic_ios char init REL32 at 0x00016341
?_Stl_tenscale@_STL@@YAXAA_KHAAH@Z,0x0001A8A0,STLport 4.5.3 tenscale helper; address read from retail _Stl_atod REL32 at 0x0001AB4A
__allshl,0x00629780,MSVCR71 64-bit shift-left helper; address read from retail _Stl_atod REL32
__aullshr,0x006297A0,MSVCR71 unsigned 64-bit shift-right helper; address read from retail _Stl_atod REL32
?_Stl_mult64@_STL@@YAX_K0AA_K1@Z,0x0001A6D0,STLport 4.5.3 64-bit multiply helper; address read from retail _Stl_tenscale REL32
?_Stl_norm_and_round@_STL@@YAXAA_KAAH_K2@Z,0x0001A7B0,STLport 4.5.3 normalize-and-round helper; address read from retail _Stl_tenscale REL32
??0ModuleData@@QAE@XZ,0x006024FD,address read from the REL32 displacement at DieModuleData ctor 0x6054E7
??1AsciiStringMember@@QAE@XZ,0x00036410,AsciiString member dtor ICF-folded at 0x36410; REL32 from Bucket scalar dtor
?negative_sign@?$moneypunct@G$00@_STL@@QBE?AV?$basic_string@GV?$char_traits@G@_STL@@V?$allocator@G@2@@2@XZ,0x0000EA70,STLport wide moneypunct getter; retail money_get<wchar_t>::do_get(string_type) calls this address; ICF-folded with the narrow getter
?positive_sign@?$moneypunct@G$00@_STL@@QBE?AV?$basic_string@GV?$char_traits@G@_STL@@V?$allocator@G@2@@2@XZ,0x0000EA50,STLport wide moneypunct getter; retail money_get<wchar_t>::do_get(string_type) calls this address; ICF-folded with the narrow getter
?curr_symbol@?$moneypunct@G$00@_STL@@QBE?AV?$basic_string@GV?$char_traits@G@_STL@@V?$allocator@G@2@@2@XZ,0x0000EA30,STLport wide moneypunct getter; retail money_get<wchar_t>::do_get(string_type) calls this address; ICF-folded with the narrow getter
?grouping@?$moneypunct@G$00@_STL@@QBE?AV?$basic_string@DV?$char_traits@D@_STL@@V?$allocator@D@2@@2@XZ,0x00015E50,STLport wide moneypunct getter; retail money_get<wchar_t>::do_get(string_type) calls this address; ICF-folded with the narrow getter
?negative_sign@?$moneypunct@G$0A@@_STL@@QBE?AV?$basic_string@GV?$char_traits@G@_STL@@V?$allocator@G@2@@2@XZ,0x0000EA70,STLport wide moneypunct getter; retail money_get<wchar_t>::do_get(string_type) calls this address; ICF-folded with the narrow getter
?positive_sign@?$moneypunct@G$0A@@_STL@@QBE?AV?$basic_string@GV?$char_traits@G@_STL@@V?$allocator@G@2@@2@XZ,0x0000EA50,STLport wide moneypunct getter; retail money_get<wchar_t>::do_get(string_type) calls this address; ICF-folded with the narrow getter
?curr_symbol@?$moneypunct@G$0A@@_STL@@QBE?AV?$basic_string@GV?$char_traits@G@_STL@@V?$allocator@G@2@@2@XZ,0x0000EA30,STLport wide moneypunct getter; retail money_get<wchar_t>::do_get(string_type) calls this address; ICF-folded with the narrow getter
?grouping@?$moneypunct@G$0A@@_STL@@QBE?AV?$basic_string@DV?$char_traits@D@_STL@@V?$allocator@D@2@@2@XZ,0x00015E50,STLport wide moneypunct getter; retail money_get<wchar_t>::do_get(string_type) calls this address; ICF-folded with the narrow getter
??$_M_assign_dispatch@PAG@?$basic_string@GV?$char_traits@G@_STL@@V?$allocator@G@2@@_STL@@AAEAAV01@PAG0ABU__false_type@1@@Z,0x000130A0,private-access spelling of the matched wide _M_assign_dispatch<PAG> at this address; retail money_get<wchar_t>::do_get calls it from its inlined assign
_GetCurrentThreadId@0,0x006105D0,kernel32 GetCurrentThreadId IAT thunk; REL32 from BFME_DX8_Thread_Assert
?Grow@?$SimpleDynVecClass@VVector3@@@@QAE_NH@Z,0x001001D5,REL32 from SimpleDynVecClass Vector3 Add at 0x1002C5
?Grow@?$SimpleDynVecClass@I@@QAE_NH@Z,0x001001D5,REL32 from SimpleDynVecClass unsigned Add at 0x9014A; same address as the Vector3 Grow pin
??0MeshModelClass@@QAE@ABV0@@Z,0x00172940,MeshModelClass copy constructor: retail MeshClass::Make_Unique at 0x00149C10 calls it with the fresh allocation as this and the shared model as the argument right after operator new (Zero Hour NEW_REF(MeshModelClass;(*Model)))
?bfmeRva0066EB40@BfmeSubBZC@@QAEXXZ,0x0066EB40,placeholder name: the reset BfmeSubBZC::bfmeSetBZC (0x0066ED50) calls on this before reallocating; identity not recovered
?bfmeRva0065CEA0@@YAPAVBfmeRva0065CEA0Allocator@@XZ,0x0065CEA0,placeholder name: argument-less getter whose result BfmeSubBZC::bfmeSetBZC (0x0066ED50) allocates through at vtable slot 2; identity not recovered
??0BfmeRva0066E270@@QAE@XZ,0x0066E270,placeholder name: constructor BfmeSubBZC::bfmeSetBZC (0x0066ED50) runs on each 128-byte element it places; identity not recovered
?Shutdown@INIClass@@AAEXXZ,0x00616AC0,INIClass::Shutdown: retail ~INIClass (0x00617AC0) inlines Clear() and then tail-jumps here with this in ecx; BFME body differs from the Zero Hour three-delete shape so the row is not claimed
?Get_HTree@@YAPAVHTreeClass@@PBD@Z,0x0017FC7C,BFME free helper that returns a named hierarchy tree: Animatable3DObjClass(const char *) at 0x001A4900 calls it with the tree name where Zero Hour asked the asset manager; the 10-byte Ghidra entry here is only its EH-prolog head
?Init_Default@HTreeClass@@QAEXXZ,0x001666D0,HTreeClass::Init_Default: Animatable3DObjClass(const char *) at 0x001A4900 calls it on each freshly built default HTreeClass (Zero Hour HTree = W3DNEW HTreeClass; HTree->Init_Default())
??0BfmeRva00166110@@QAE@ABV0@@Z,0x00166110,placeholder name: copy constructor of the 12-byte member at HTreeClass+0x1C; HTreeClass(const HTreeClass &) at 0x001662A0 calls it with the source member; identity not recovered
??4PivotClass@@QAEAAU0@ABU0@@Z,0x00197950,PivotClass::operator=: HTreeClass(const HTreeClass &) at 0x001662A0 calls it once per pivot in its copy loop (Zero Hour Pivot[pi] = src.Pivot[pi])
?bfmeRva00161350@@YAPAUBfmeRva00161350Elem@@PAU1@00ABUBfmeRva00161350Tag@@PAH@Z,0x00161350,placeholder name: STLport-style random-access copy helper (first; last; result; tag; distance*) that HTreeClass::Free at 0x00166510 calls to erase its +0x1C member; element type and identity not recovered
?bfmeRva000387C0@@YA_NXZ,0x000387C0,placeholder name: 12-byte accessor returning the byte at theDebug+0x9F57; BFME_DX8_Thread_Lock at 0x0011F520 calls it before its timeout crash report; identity not recovered
?_M_clear@?$vector@VAsciiString@@V?$allocator@VAsciiString@@@_STL@@@_STL@@IAEXXZ,0x00142EA0,STLport vector<AsciiString>::_M_clear: _M_insert_overflow at 0x00143070 calls it once with this in ecx after the copies; body destroys [start;finish) and frees start through _free at 0x00030830
??$_Destroy@PAUAnimSet@GenericObjectCreationNugget@@@_STL@@YAXPAUAnimSet@GenericObjectCreationNugget@@0@Z,0x001F0801,STLport range _Destroy<AnimSet*>: vector<AnimSet>::_M_clear at 0x001F0D43 calls it; the span is linker-folded with two other instantiations (ledger row dup_001f0801)
?allocate@?$allocator@UAnimSet@GenericObjectCreationNugget@@@_STL@@QBEPAUAnimSet@GenericObjectCreationNugget@@IPBX@Z,0x00395928,allocator<AnimSet>::allocate(n hint): vector<AnimSet>::_M_insert_overflow at 0x001F326F calls it on its end-of-storage allocator; linker-folded body shared by 12-byte element allocators
?Copy@BfmeDynamicNativeVB@@QAEXPBVVector3@@0PBVVector2@@II@Z,0x001398C0,DX8VertexBufferClass::Copy(loc norm uv first count): the position/normal/uv array constructor at 0x0013AC90 (FVF 0x112) calls it with (vertices normals tex_coords 0 count)
?Copy@BfmeDynamicNativeVB@@QAEXPBVVector3@@0PBVVector2@@PBVVector4@@II@Z,0x0013A260,DX8VertexBufferClass::Copy(loc norm uv diffuse first count): the constructor at 0x0013AD20 (FVF 0x152) calls it with (vertices normals tex_coords diffuse 0 count)
?Copy@BfmeDynamicNativeVB@@QAEXPBVVector3@@PBVVector2@@PBVVector4@@II@Z,0x0013A510,DX8VertexBufferClass::Copy(loc uv diffuse first count): the constructor at 0x0013ADB0 (FVF 0x142) calls it with (vertices tex_coords diffuse 0 count)
?Copy@BfmeDynamicNativeVB@@QAEXPBVVector3@@PBVVector2@@II@Z,0x00139DA0,DX8VertexBufferClass::Copy(loc uv first count): the constructor at 0x0013AE40 (FVF 0x102) calls it with (vertices tex_coords 0 count)
??1?$DynamicVectorClass@VStringClass@@@@UAE@XZ,0x00121E20,DynamicVectorClass<StringClass>::~DynamicVectorClass: its scalar deleting dtor at 0x001243E0 calls 0x00121E20; the body is byte-identical to VectorClass<StringClass>::~VectorClass (the row at that address) because the derived vtable store is dead, and the linker folded the two
??1?$DefaultModuleTemplate@$00@FXParticleSystem@@UAE@XZ,0x003A6201,BFME2 export; address read from the retail REL32 in ConcreteModuleTemplate<DefaultModuleTag<1>> scalar dtor at 0x003A9397; body folds with the StreakDrawModuleTemplate dtor row at this address
??1?$DefaultModuleTemplate@$01@FXParticleSystem@@UAE@XZ,0x003A6201,BFME2 export; address read from the retail REL32 in ConcreteModuleTemplate<DefaultModuleTag<2>> scalar dtor at 0x003A9397; body folds with the StreakDrawModuleTemplate dtor row at this address
??1?$DefaultModuleTemplate@$02@FXParticleSystem@@UAE@XZ,0x003A6201,BFME2 export; address read from the retail REL32 in ConcreteModuleTemplate<DefaultModuleTag<3>> scalar dtor at 0x003A9397; body folds with the StreakDrawModuleTemplate dtor row at this address
??1?$DefaultModuleTemplate@$05@FXParticleSystem@@UAE@XZ,0x003A6201,BFME2 export; address read from the retail REL32 in ConcreteModuleTemplate<DefaultModuleTag<6>> scalar dtor at 0x003A9397; body folds with the StreakDrawModuleTemplate dtor row at this address
